filename	text
16-16013-20.wav	ช่วงเช้าวันนี้ฮะทางศาลที่จังหวัดนนทบุรีนะครับ
16-16013-36.wav	คุณแม่ก็เดินทางมานี่มาแล้วคุณแม่นักข่าวเรียกเลยคุณแม่คุณแม่
16-16013-37.wav	คุณแม่นะฮะเดินทางมาที่ศาลพร้อมกับทนายความนะครับมาร่วมตรวจพยานด้วย
16-16013-428.wav	เพราะว่าผมจะพาคุณผู้ชมไปสะบัดกันที่วัดแห่งหนึ่งที่จังหวัดพิจิตรนี่
16-16013-535.wav	ก็เราให้สอดคล้องเมืองจังหวัดพิจิตรเรา
16-16013-539.wav	ถือเป็นการนำอัตลักษณ์ของจังหวัดมาออกแบบได้อย่างลงตัว
16-16013-541.wav	ถือเป็นอีกหนึ่งวัดที่ควรค่าแก่การเดินทางมาเที่ยว
16-16015-18.wav	นายเจริญครับก็คือนายลูกเอียดโพดำ
16-16015-9.wav	นายสราวุฒิโคกเขาหรือว่าโกลาว
16-16016-82.wav	ระวังไว้ด้วยใครที่จะออกไปท่องเที่ยวเดินทางนะครับในช่วงกลางสัปดาห์นี้
16-16020-16.wav	จากการสอบถามสอบปากคำนายปรีชาอายุ17ปี
16-16020-17.wav	ซึ่งเป็นน้องชายของนางสาวสิริรัตน์คนเจ็บ
16-16021-12.wav	คนมีไข้เอาเมื่อวานนี้นะคะมีการเดินทางกลับ
16-16021-18.wav	ซึ่งทีมข่าวของเราค่ะก็ไปตรวจสอบบรรยากาศการเดินทางกลับมานะคะ
16-16021-23.wav	ไปพูดคุยค่ะทีมข่าวได้มีโอกาสพูดคุยกับแรงงานที่เดินทางไปทำงานที่เกาหลีใต้
16-16021-2.wav	เป็นการพูดถึงคนที่เดินทางชาวไทยนะ
16-16021-36.wav	โดยยืนยันว่าตัวเขาเองเนี่ยเดินทางกลับมาแล้ว
16-16021-49.wav	ทยอยเดินทางกลับประเทศไทยและจากข้อมูลไม่ได้เพิ่งกลับมาด้วยนะคะ
16-16021-50.wav	คือก่อนหน้านี้มีรายงานว่าพอเริ่มมีการแพร่ระบาดเขาเดินทางกลับมาตั้งแต่เดือนมกราคมแล้ว
16-16021-62.wav	รัฐบาลเองตอนนี้ก็บอกว่าเดี๋ยวมีมาตรการแล้วแหละเดี๋ยวจะจัดการให้โดยเฉพาะใครที่เดินทางกลับภูมิลำเนา
16-16023-10.wav	มุมที่มวลมหาประชาชนเดินทางไป
16-16024-11.wav	อย่างใจจดใจจ่ออยู่ที่บ้านพักในตำบลบางไผ่อำเภอเมืองจังหวัดฉะเชิงเทรานะคะ
16-16024-8.wav	นายจิรยุทธ์เจียรสถิตอายุ92ปีนะคะ
16-16026-0.wav	ไปดูเหตุการณ์ที่เกิดขึ้นในร้านหมูกระทะแห่งหนึ่งที่จังหวัดเชียงใหม่ก่อนนะครับ
16-16026-126.wav	นางสาวถวยพยายามจะพูดคำว่าขอโทษขอโทษขอโทษ
16-16026-127.wav	พูดคำนี้อยู่ตลอดแต่นายจธีก็ไม่ยอมหยุดค่ะ
16-16026-130.wav	นายจธีลุกขึ้นมาจะทำร้ายเจ้าหน้าที่กู้ภัยด้วยนะคะ
16-16026-134.wav	แต่นางสาวถวยไม่ยอมคืนดีด้วยก็เลยไม่อยากให้ใครได้ครอบครองนางสาวถวย
16-16026-137.wav	แล้วก็บอกว่าถ้าพ้นโทษออกมาได้จะบวชให้นางสาวถวย
16-16026-14.wav	เหตุการณ์เกิดขึ้นในร้านหมูกระทะแห่งหนึ่งในตำบลช้างเผือกอำเภอเมืองจังหวัดเชียงใหม่นะครับ
16-16026-170.wav	ก่อนเกิดเหตุนายจธีไปหาเธอที่บ้านนะคะ
16-16026-175.wav	แล้วที่นายจธีอ้างว่ารักน้องสาวเธอมาก
16-16026-180.wav	หลังจากนี้จะนำร่างของน้องสาวไปประกอบพิธีทางศาสนาที่จังหวัดลำพูน
16-16026-195.wav	ไทยรัฐทีวีประจำจังหวัดเชียงใหม่
16-16026-198.wav	พนักงานในร้านพยายามจะช่วยนางสาวถวย
16-16026-200.wav	จังหวะนั้นนายจธีหยุดชะงัก
16-16026-202.wav	ก็นำตัวนางสาวถวยออกมาด้านนอก
16-16026-38.wav	หญิงสาวคนนี้ชื่อนางสาวถวยอายุ17ปีนะครับ
16-16026-75.wav	ก็เลยรีบเข้าไปดูเห็นนายจธีเอามีดแทงนางสาวถวยแล้วอะค่ะ
16-16026-77.wav	ให้วางมีดแล้วให้ปล่อยตัวนางสาวถวย
16-16026-79.wav	ดึงตัวนางสาวถวยไปที่หลังร้านหยิบมีดขึ้นมาอีกครั้ง
16-16026-82.wav	ตอนนั้นนายจธีอยู่ในอาการสติแตกถือมีดข่มขู่ทุกคน
16-16026-88.wav	จนนายจธีปล่อยตัวนางสาวถวย
16-16026-92.wav	ช่วงที่นายจธีก่อเหตุเจ้าของร้านบอกว่าได้ยินเสียงนายจธีพูดตลอดว่า
16-16026-95.wav	ที่ผ่านมานายจธีทำหน้าที่ล้างกระทะค่ะ
16-16026-97.wav	ส่วนนางเสาถวยเพิ่งมาทำงานได้5เดือน
16-16027-2.wav	หลายแสนลิตรในพื้นที่อำเภอสามพรานจังหวัดนครปฐมนะครับ
16-16028-12.wav	เหตุการณ์นี้นางนิรมนต์เอียดแก้วอายุ44ปีค่ะ
16-16029-137.wav	ก็เพื่อต้อนรับนางสุชาดาแล้วก็นางแก้วมณีพร้อมกัน
16-16029-41.wav	ตนเห็นสภาพความเป็นอยู่ในเรือนจำจังหวัดกระบี่เขาบอกว่าแออัดฮะ
16-16029-67.wav	ประชาสัมพันธ์จังหวัดเชียงรายก็เปิดเผยอย่างนี้ค่ะ
16-16029-68.wav	คณะทำงานบูรณะปรับปรุงฟื้นฟูอุทยานถ้ำหลวงขุนน้ำนางนอน
16-16030-0.wav	ตำรวจมีข้อมูลเพิ่มเติมกรณีคนร้ายบุกชิงทองที่จังหวัดลพบุรีนะคะ
16-16030-28.wav	แล้วคิดว่าน่าจะเป็นคนในพื้นที่จังหวัดลพบุรีเองนะครับ
16-16030-36.wav	เดินทางเข้ามาในพื้นที่เพื่อต้องการเข้าไปตรวจสอบความเสียหายที่เกิดขึ้น
16-16030-6.wav	แล้วคาดว่าน่าจะเป็นคนในพื้นที่จังหวัดลพบุรีครับ
16-16032-23.wav	อำเภอสันกำแพงจังหวัดเชียงใหม่
16-16033-14.wav	นางสาววรรณภาอายุ31ปีก็ไปเที่ยวสถานบันเทิงในอำเภอบ้านโป่งพร้อมแฟนนุ่มกับกลุ่มเพื่อนรวมแล้วกว่า10คน
16-16033-17.wav	ทำร้ายร่างกายกันทำให้ตัวนางสาววรรณภาเนี่ยถูกลุกหลงบาดเจ็บ
16-16033-20.wav	นางสาววรรณภากับกลุ่มเพื่อนเดินทางมาที่สภ.บ้านโป่ง
16-16033-34.wav	กลุ่มเพื่อนนางสาววรรณภาที่เข้ามาสมทบทีหลังเข้าใจผิด
16-16034-3.wav	นายอภิชัยอุดมผลหรือว่าเสี่ยโก้อายุ40ปีนะครับ
16-16035-30.wav	แล้วก็ตรวจสอบว่าแต่ละท่านมีการเดินทางไปประเทศกลุ่มเสี่ยงบ้างหรือเปล่า
16-16038-13.wav	ก่อนเข้าพื้นที่3จังหวัดชายแดนภาคใต้
16-16038-1.wav	พื้นที่จังหวัดชายแดนภาคใต้และล่าสุดนี้ครับกับเหตุการณ์ปฏิบัติการ
16-16038-2.wav	ที่เกิดขึ้นในพื้นที่ฐานปฏิบัติการหม้อแกงในจังหวัดปัตตานี
16-16038-31.wav	เหตุรุนแรงที่เกิดขึ้นจึงทำให้ผู้คนในสังคมกลับมาสนใจปัญหา3จังหวัดชายแดนภาคใต้อีกครั้ง
16-16000-156.wav	ท่านไม่ควรร่วมเดินทาง
16-16003-85.wav	นางสุมนรัตน์เจ้าของบอกรู้สึกผูกพันกับเจ้าหมูแดงมากเลย
16-16003-40.wav	ที่บ้านเลขที่133หมู่ที่13ตำบลเมืองอำเภอเมืองเลยจังหวัดเลย
16-16005-29.wav	ว่านายวรวุฒิสุขุนานั้นเคยมีประวัติถูกดำเนินคดีข้อหา
16-16005-26.wav	พร้อมกับนายเฉลิมพงษ์เกิดแก้วกองหลังด้วยความเป็นห่วง
16-16005-2.wav	เอฟซีบอกว่าหลังจากนายวรวุฒิสุขุนาผู้รักษาประตูทีมชลบุรีเอฟซี
16-16005-34.wav	ขณะที่อีกด้านหนึ่งพิธีศพของนางสาวกัญญาพงศ์หัดบัน
16-16007-75.wav	ในการเดินทางข้ามเขตพื้นที่จังหวัดภายหลังมาตรการผ่อนคลาย
16-16007-79.wav	แล้วก็มีการเปลี่ยนแปลงสถานที่กักตัวของจังหวัดบึงกาฬจากเดิม
16-16008-138.wav	จากคลิปที่คุณผู้ชมเห็นจะได้ยินเสียงนายแดงตะโกนออกมานะ
16-16008-154.wav	ก่อนหน้านี้ดูแลนายแดงเป็นอย่างดีค่ะอยากได้อะไรซื้อให้
16-16008-159.wav	แต่ภาพนั้นปรากฏว่าเป็นภาพของนายแดงนั่งอยู่บนเตียงกับผู้หญิง
16-16008-163.wav	เหมือนกับว่านายแดงเองไม่ใช่คนตอบเอง
16-16009-0.wav	ที่จังหวัดนนทบุรีตอนนี้เนี่ยแม่หมูป่าแล้วก็ลูกหมูป่า5ตัวเนี่ยเดินเพ่นพ่านอยู่ในซอยค่ะ
16-16009-13.wav	ปกติทุกวันพระจะเดินทางไปทำบุญที่วัด
16-16008-156.wav	31ตุลาคมที่ผ่านมานายแดงบอกว่าจะกลับไปนอนบ้านแม่ที่อำเภอศรีบรรพตอยู่ที่พัทลุง
16-16008-158.wav	แต่หลังจากนั้นจู่ๆค่ะนายแดงส่งรูปภาพมาให้
16-16009-10.wav	จากการที่สอบถามนายสร้อยคุ้มหรั่งอายุ73ปี
16-16009-21.wav	ก็คือนางสาวสาธิกาโกศรีอำนวยอายุ36ปี
16-16009-2.wav	หมูป่าทั้งแม่ทั้งลูก5ตัวเนี่ยมันออกมาหากินอยู่ในซอยร่วมใจตำบลไทรน้อยอำเภอไทรน้อยจังหวัดนนทบุรี
16-16009-31.wav	ที่จังหวัดนนทบุรีที่ซอยร่วมใจตำบลไทรน้อยนะคะ
16-16011-18.wav	อยู่ที่อำเภอเมืองจังหวัดระยองนะคะ
16-16013-144.wav	ให้ไปรับแรงงาน14คนเที่ยวริมถนนพื้นที่อำเภอวังเจ้าจังหวัดตากครับ
16-16013-444.wav	ร้องเพลงแบบนี้เนี่ยเพราะว่าผมอยู่ที่จังหวัดพิจิตรนั่นเองครับ
16-16026-120.wav	นายจธีจะเข้าไปพูดคุยเคลียร์ปัญหากับนางสาวถวยที่หลังร้าน
16-16028-59.wav	เพื่อแจ้งให้ทราบว่าผู้ชายคนนี้มีหมายจับของจังหวัดภูเก็ตนะคะ
16-16029-5.wav	ที่เรือนจำจังหวัดกระบี่
16-16039-17.wav	ซึ่งก่อนหน้านี้เองนะคะนายชัยวุฒิธนาคมานุสรณ์
16-16046-13.wav	เพื่อไทยจะเสนอชื่อผมแทนชื่อพิธาในการโหวตนายกรอบ2
16-16046-36.wav	ส่วนนายภูมิธรรมเวชยชัยรองหัวหน้าพักแล้วก็หนึ่งในทีมเจรจาของเพื่อไทยเอง
16-16053-0.wav	มาดูเรื่องราวที่ชาวบ้านจังหวัดอ่างทองเขาฮือฮากันหน่อย
16-16053-12.wav	สำหรับการตีกลองยาวแล้วก็ยังมีคณะนางรำด้วย
16-16053-27.wav	อยากให้มีการตีกลองยาวพร้อมกับนางรำ
16-16053-29.wav	ทางด้านนายทรงยศมะกรูดทองอายุ62ปี
16-16053-32.wav	ที่จะให้มีการตีกลองยาวพร้อมกับนางรำในงานศพ
16-16054-43.wav	และบอกด้วยว่าฆาตกรคือนายเกลี้ยงไม่ใช่ซีอุย
16-16055-14.wav	ในขณะที่ภาคตะวันออกนะคะทุกจังหวัดค่ะคุณผู้ชม
16-16055-18.wav	เพราะฉะนั้นต้องกะระยะเวลาเดินทางกันดีค่ะ
16-16055-5.wav	มี49จังหวัดค่ะคุณผู้ชมที่ต้องคอยเฝ้าระวังภาคอีสานหลายจังหวัดเลยนะคะ
16-16055-8.wav	ขณะที่ภาคอีสานหลายจังหวัดเช่นเดียวกันค่ะ
16-16056-0.wav	ไปที่จังหวัดนครนายกคุณผู้ชมครับ
16-16057-49.wav	ทางด้านของนายสุริยาอุตสาวงษ์นะฮะซึ่งเป็นพนักงานพิทักษ์ป่า
16-16057-2.wav	อยู่ในพื้นที่อำเภอศรีชมพูที่จังหวัดขอนแก่นครับ
16-16056-15.wav	ไปพบนายทันทวัฒน์พงศ์พิสุทธิโกศลนะครับ
16-16058-36.wav	หรือไม่ก็ที่เป็นเป็นที่สำนักงานสลากจังหวัดนนทบุรี
16-16056-14.wav	ตำรวจสภ.เมืองนครนายกนำกำลังไปที่เกิดเหตุ
16-16060-38.wav	ส่วนจังหวัดที่มีชายแดนติดกับประเทศเพื่อนบ้าน
16-16061-7.wav	เป็นบ้านพักหลังหนึ่งในจังหวัดนครศรีธรรมราชนะครับ
16-16063-18.wav	ปฏิบัติหน้าที่อยู่วัดสวนแก้วอำเภอยะหาจังหวัดยะลา
16-16063-1.wav	เรื่องของความหึงห่วงค่ะจังหวัดสงขลาค่ะทหารพรานนะคะ
16-16063-46.wav	อาจจะหนีกลับภูมิลำเนาที่จังหวัดตรัง
16-16063-6.wav	พื้นที่ไปแล้วไปเจอเนี่ยค่ะศพของนางเรียมศรีบาง
16-16066-14.wav	ตำบลท่าช้างอำเภอบางกล่ำจังหวัดสงขลานะครับ
16-16066-16.wav	เป็นชาวอำเภอยะหาจังหวัดยะลานะครับ
16-16066-20.wav	ต่อมาเจ้าของรถตัวจริงก็คือนายอักรอมเลิศอริยพงษ์กุลนะครับ
16-16066-53.wav	แล้วก็ตอนที่ไปขโมยรถของนายอักรอมมาแล้ว
16-16070-10.wav	ได้เดินทางมาเข้าร่วมในพิธี
16-16070-14.wav	มีคณะกรรมการอิสลามประจำจังหวัดสงขลา
16-16070-23.wav	เป็นผู้แทนนายเศรษฐาทวีสินนายกรัฐมนตรี
16-16070-3.wav	ที่มัสยิดกลางจังหวัดสงขลานะคะ
16-16070-6.wav	นายอาซิสพิทักษ์ชุมพลจุฬาราชมนตรีคนที่18
16-16070-9.wav	ก็มีผู้นำศาสนาอิสลามชาวไทยมุสลิมจากจังหวัดต่างทั่วประเทศ
16-16074-23.wav	สาวน้อยมหัศจรรย์วัย16ปีจากจังหวัดศรีสะเกษค่ะ
16-16074-31.wav	จังหวัดศรีสะเกษค่ะซึ่งจะมีวันนี้ไม่ได้นะคะ
16-16074-48.wav	จังหวัดขอนแก่นบ้านเกิดของซ้อแอน
16-16076-0.wav	ท่านไหนที่อยู่ในพื้นที่จังหวัดน่านจังหวัดแพร่
16-16076-81.wav	ทีนี้ที่จังหวัดแพร่ค่ะก็รับรู้ได้เหมือนกันนะคะ
16-16077-17.wav	ทหารเรือเข้าไป2นายคนหนึ่งก็ถ่ายคลิป
16-16077-31.wav	ก็เลยไปตามหาทหารเรือทั้ง2นายนะครับ
16-16079-133.wav	ส่งข้อความไปถึงกำลังพลทุกนายเลยครับ
16-16081-14.wav	และพบร่างของนายธีระนอนฟุบโดยมีรถจักรยานยนต์ล้มทับ
16-16081-31.wav	ว่าเวลาประมาณ4ทุ่มพี่ชายขี่รถไปหาเพื่อนสนิทชื่อนายโพรง
16-16081-9.wav	ที่พบศพนายธีระชูคงอายุ35ปี
16-16084-0.wav	ทุ่งกระบือจังหวัดตรัง
16-16085-24.wav	นำกำลังเข้าจับกลุ่มนายมาโนชอุบลประเสริฐ
16-16085-26.wav	ในพื้นที่ตำบลแกลงอำเภอเมืองจังหวัดระยองนะครับ
16-16085-28.wav	นายมาโนชอยู่ในอาการคล้ายคนเมาคุณ
16-16085-37.wav	ตัวนายมาโนชทำทีทำท่ามาขอซื้อกาแฟนะครับ
16-16085-33.wav	คือนายมาโนชทำทีทำท่าเป็นลูกค้าร้านกาแฟ
16-16085-74.wav	ใช่ฮะตำรวจสภ.บ้านค่ายจังหวัดระยอง
16-16086-15.wav	แล้วก็ขับมุ่งหน้าไปทางจังหวัดนครนายกนะฮะ
16-16087-12.wav	เกิดเรื่องประหลาดขึ้นนะคะอ่ะเดี๋ยวไปฟังพี่นางเล่ากันหน่อยค่ะ
16-16087-18.wav	พี่นางเขาก็มีแต่สิ่งดีแบบนี้แหละค่ะ
16-16087-3.wav	ไปร่วมงานบุญใหญ่ของพี่นางศิริพรที่วัดด้านประตูทางเข้าที่สร้างใหม่
16-16088-7.wav	ห้องขังใต้ถุนศาลที่จังหวัดน่าน
16-16089-27.wav	อำเภอขลุงจังหวัดจันทบุรีค่ะ
16-16090-8.wav	อยู่ที่จังหวัดบุรีรัมย์นะครับท่านผู้ชมครับ
16-16094-121.wav	ตำรวจภูธรจังหวัดกาญจนบุรี
16-16094-188.wav	ขี่ไปอ่ะนะแล้วก็นายเอิร์ทบอกว่ามีร่องรอยถูกยิงด้วยใช่ไหม
16-16094-198.wav	แล้วแม่ของนายเอิร์ทเนี่ย
16-16094-1.wav	เขาเดินทางมากรุงเทพมาร้องทุกข์กับตำรวจกองปราบปราม
16-16094-201.wav	แต่ว่าตำรวจนายนี้เขายืนยันว่าเขาไปปฏิบัติหน้าที่
16-16094-233.wav	ไม่มีใครกล้ายุ่งเรื่องของนายเอิร์ท
16-16094-248.wav	ชาวบ้านแถวนั้นบอกว่าจริงแล้วดาบตำรวจนายนี้
16-16094-45.wav	บนถนนลิ้นช้างเขาปูนอำเภอเมืองจังหวัดกาญจนบุรีนะ
16-16096-27.wav	ส่วนนายวิทยาเคนมาอายุ49ปีคนขับรถกระบะ
16-16098-0.wav	ร้านนี้ถ้าคุณอยู่ที่จังหวัดนี้ที่ผมจะพาไปตะลอน
16-16098-4.wav	เดินทางมาที่จังหวัดฉะเชิงเทราครับ
16-16100-0.wav	เหตุการณ์ที่เกิดขึ้นเมื่อคืนกันหน่อยนะคะเป็นอุบัติเหตุที่เกิดขึ้นในงานฤดูหนาวที่จังหวัดลพบุรีอะค่ะ
16-16100-11.wav	เป็นงานประจำจังหวัดจัดขึ้นที่สนามโรงเรียนพิบูลวิทยาลัย
16-16100-19.wav	คนที่2นางสาวรุจิราอายุ15ปีปวดข้อศอกซ้าย
16-16101-10.wav	ก็จะเดินทางเข้ามาพบมาพูดเรื่องของคดี
16-16101-4.wav	เหตุการณ์นี้เกิดขึ้นตั้งแต่25เมษายนที่ผ่านมาที่จังหวัดขอนแก่น
16-16103-21.wav	ก็ส่งตัวแทนพร้อมด้วยทนายความเดินทางไปลงบันทึกประจำวัน
16-16106-0.wav	ดูเหตุการณ์ที่จังหวัดนครราชสีมาบ้างนะคะ
16-16108-30.wav	นายมีชัยไม่มาก็ดีแล้วแต่ส่วนตัวยังสนิทสนมและเข้าใจกันดีอยู่
16-16109-2.wav	7จังหวัดบนผืนแผ่นดินกว่า5แสนตารางกิโลเมตรที่รวมกันเป็นประเทศไทย
16-16110-12.wav	ส่วนแม่ค้าที่จังหวัดขอนแก่นนะครับ
16-16114-13.wav	ที่เชื่อมต่อทุกรูปแบบการเดินทาง
16-16116-20.wav	เพราะที่ผ่านมาพี่เป็นผู้ให้นางสุชาดานี่คืออะไร
16-16116-29.wav	ตรงนี้ไม่ใช่มีพยานไม่ใช่เกี่ยวกับเด็กนะคะเรามีพยานอีกเยอะเพราะไม่ใช่ว่าจะมีเด็กเท่านี้นะคะพยานที่อยู่อาศัยหรือพยานที่เกี่ยวข้องเวลาเราเดินทางไปไหนไปพักที่ไหนมันจะมีนะคะ
16-16120-18.wav	ก็ทำพิธีเชิญดวงวิญญาณตรงจุดเกิดเหตุแล้วก็รับศพไปบำเพ็ญกุศลที่จังหวัดสุพรรณบุรี
16-16120-27.wav	ตอนนี้ก็กำลังรอลูกสาวของเจ้าอาวาสเดินทางมาจากต่างจังหวัด
16-16120-3.wav	เจ้าอาวาสวัดดังที่จังหวัดกำแพงเพชรคุณผู้ชมซิ่งเก๋งข้ามเลนแล้วไปชนรถเก๋ง
16-16132-20.wav	ก็เลยต้องขอคำแนะนำจากสาธารณสุขจังหวัดเชียงใหม่
16-16132-27.wav	แต่ก็ยังสามารถเดินทางเข้าถึงได้อยู่ก็เลยไม่แน่ใจว่าเป็นคนนอกพื้นที่
16-16134-33.wav	เป็นอดีตแฟนของนายแสวงอินประเสริฐอายุ39ปี
16-16134-34.wav	เคาะให้นายแสวงเปิดประตูแต่เคาะไปน้ำตาไหลไป
16-16134-35.wav	เพราะรู้อยู่ในใจว่านายแสวงน่าจะเสียชีวิตอยู่ในห้อง
16-16135-174.wav	แล้วก็มีการโทรศัพท์แจ้งภรรยาของผู้ตายชื่อว่านางฮาตารินะคะ
16-16135-175.wav	เป็นคนลาวนะคะโทรไปแจ้งนางฮาตาริว่าสามีถูกยิงตายรีบกลับมานะ
16-16135-60.wav	แต่สนิทกับนายอีผู้ตายมาเป็น10ปีแล้ว
16-16135-8.wav	หน้าร้านปีนังเฟอร์นิเจอร์ในตำบลมหาชัยอำเภอเมืองจังหวัดสมุทรสาครนะครับ
16-16135-9.wav	ผู้ที่ถูกยิงเสียชีวิตชื่อว่านายอีนามสกุลธรรมวัฒน์นะฮะ
16-16138-25.wav	หมอบอกต้องผ่าตัดสมองตอนนั้นพี่นางทุกข์ใจมาก
16-16138-40.wav	คำแรกที่น้องคอร์สพูดกับป้านาง
16-16139-114.wav	ส่วนอาวุธปืนที่ตกอยู่ข้างตัวนายเอกชัยนั้น
16-16139-118.wav	พ่อของนายเอกชัยได้ฝากไปถึงตำรวจเสื้อสีแดง
16-16139-39.wav	เชื่อว่าเป็นคนยิงนายเอกชัยจนเสียชีวิต
16-16139-69.wav	ส่วนชายเสื้อแดงที่ถูกกล่าวหาว่าเป็นคนยิงนายเอกชัยนั้น
16-16139-75.wav	เป็นคนยิงนักศึกษานายเอกชัย
16-16139-90.wav	นายเอกชัยเข้ามาเหมือนจะหาเรื่องผู้ต้องหาที่อยู่หลังรถกระบะ
16-16139-95.wav	แล้วก็ตอนที่เจ้าหน้าที่ตรวจศพของนายเอกชัย
16-16139-97.wav	เป็นอาวุธปืนที่นายเอกชัยพกมา
16-16142-28.wav	ป่วยไม่สบายก็เลยไม่สามารถเดินทางมารับได้นะครับ
16-16144-263.wav	เราจะคุยกับหัวหน้ากลุ่มงานท่องเที่ยวสำนักงานการท่องเที่ยวและกีฬา
16-16145-2.wav	ไปที่จังหวัดพระนครศรีอยุธยา
16-16147-13.wav	นายสุรศักดิ์ออกจากบ้านที่อยู่ห่างจากบริเวณน้ำตกสายรุ้ง
16-16147-1.wav	ในเขตของน้ำตกสายรุ้งที่จังหวัดตรังกันหน่อย
16-16147-12.wav	ผู้สูญหายคนนี้เป็นชายวัย25ปีคือนายสุรศักดิ์แก้วเกลี้ยง
16-16147-23.wav	แต่ทีนี้น้ำเสียงที่นายสุรศักดิ์ตอบกลับมา
16-16147-27.wav	ท่าทางของนายสุรศักดิ์เหมือนไม่ใช่นายสุรศักดิ์
16-16147-29.wav	แล้วพอบอกรองนายกอบต.แบบนี้
16-16147-32.wav	เอาฟังเสียงรองนายกอบต.หน่อยนะคะ
16-16147-35.wav	ทางด้านคุณลุงของนายสุรศักดิ์เนี่ยนะ
16-16148-16.wav	ต่อมาตำรวจสภ.เมืองนครราชสีมาก็ได้รับแจ้งว่าคณะของพลเอกประวิทย์ที่เดินทางมาด้วยเครื่องบิน
16-16148-38.wav	จังหวะนี้จะมีเจ้าหน้าที่รปภ.อยู่นายหนึ่งนะครับ
16-16148-49.wav	บอกว่าท่านนายกกำลังลงเรือที่ท่าน้ำนนทบุรี
16-16148-67.wav	ขอยืนยันว่านายกไม่เคยสั่งห้ามประชาชนเดินทางข้ามถนน
16-16150-6.wav	ตกกบจริงๆที่จังหวัดพะเยาไปดูว่ามันตกกบกันยังไงครับ
16-16154-160.wav	ดอกไม้ประจำจังหวัดขอนแก่นดอกไม้นะ
16-16154-88.wav	ถ้าผิดต้องออกจากจังหวัดขอนแก่น
16-16155-13.wav	นายประเสริฐแก้วซ่อง
16-16155-49.wav	นายประเสริฐก็บอกว่าสามารถสร้างรายได้
16-16155-4.wav	ไปที่จังหวัดตรังช่วงนี้นะครับ
16-16157-14.wav	ที่จังหวัดพะเยาบุกไปเลยว่าไปเจอกันที่ไหนยังไงบ้าง
16-16159-0.wav	คุณผู้ชมไปต่อที่จังหวัดภูเก็ตนะคะ
16-16161-57.wav	ทางการของเบลเยี่ยมเองมีการตั้งจุดประชาสัมพันธ์ที่จะให้ผู้ที่เป็นญาติของคนที่กำลังเดินทางอยู่เนี่ยติดต่อประสานงาน
16-16161-75.wav	แล้วก็ห้ามเดินทางขอให้งดเว้นการเดินทางไปที่สนามบินนะครับ
16-16165-37.wav	ทำให้หลายอำเภอในพื้นที่ของจังหวัดนครศรีธรรมราชก็ได้รับผลกระทบน้ำท่วมนะคะ
16-16167-34.wav	ซึ่งหากเดินทางด้วยรถยนต์ก็จะใช้เวลามากแล้วก็อันตรายด้วย
16-16168-8.wav	โบราณในจังหวัดเลยเขาจัดประเพณีต่อเนื่องมาอย่างช้านานแล้วนะ
16-16175-23.wav	นายสาธิตบอกว่าได้รับแจ้งว่ามีคืนหมาหอนเนี่ย
16-16175-7.wav	ก็เดินทางไปใช้สิทธิ์พร้อมกันที่หน่วยนี้
16-16181-1.wav	เมื่อวานนี้ตำรวจสภ.พระพุทธบาทจังหวัดสระบุรีได้รับแจ้งเหตุนะคะ
16-16181-57.wav	ครับวันนี้ทีมข่าวไทยรัฐทีวีเดินทางไปที่สภ.พระพุทธบาท
16-16183-0.wav	พาไปดูที่จังหวัดกระบี่มีมนุษย์ลุงคนหนึ่งค่ะ
16-16184-405.wav	ว่ามีคุณยายวัย95ปีชื่อว่านางผ่องนะครับ
16-16184-412.wav	อำเภอเมืองจังหวัดนครศรีธรรมราชนั่นเอง
16-16184-606.wav	แล้วก็ส่วนใหญ่ที่ผ่านมาที่นางถามเมื่อวานถามนางว่าทำไม
16-16184-608.wav	ไม่ได้อยู่บ้านนางอยู่คนเดียวแต่ว่าก็จะมีมาแล้วก็กลับ
16-16185-0.wav	มาดูเหตุเคราะห์ซ้ำกรรมซัดจริงนะคะของแม่ค้าขายอาหารตามสั่งที่จังหวัดพระนครศรีอยุธยาก็คือกำลังจุดเตาแก๊สทำกับข้าว
16-16185-15.wav	ลูกชายของนางบุญเงินบอกว่าตัวเขาออกไปทำธุระข้างนอกบ้าน
16-16185-27.wav	เขาก็เล่าว่าหลังเกิดเหตุนางบุญเงินรีบวิ่งออกมาขอความช่วยเหลืออยู่นะคะ
16-16185-30.wav	ล่าสุดมีรายงานว่าอาการของนางบุญเงินพ้นขีดอันตรายแล้วนะคะ
16-16185-7.wav	อำเภอนครหลวงจังหวัดพระนครศรีอยุธยาค่ะตามลำตัวเธอเนี่ย
16-16187-24.wav	ทีนี้ทีมข่าวของเราพูดคุยกับน้องผู้หญิงคนนี้นางสาวเออายุ15ปี
16-16187-30.wav	ด้านนางลีอายุ63ปียายของเด็กหญิงบอกว่าหลังเกิดเหตุ
16-16188-24.wav	ขณะเดียวกันก็ระดมกำลังทหาร10000นาย
16-16188-25.wav	ตำรวจอีก4500นายลงพื้นที่เพื่อเร่งกู้ภัยนะครับ
16-16189-16.wav	เดินออกจากห้องผู้ตายก็คือนายวัชลพลอันสงครามคนนี้ชื่อกิ๊ก
16-16189-70.wav	ออกหมายจับนายกิ๊กในข้อหาทำร้ายร่างกายผู้อื่น
16-16190-17.wav	โดยมีคณะสื่อมวลชนจากไทยเดินทางไปต้อนรับและร่วมฉลองความสำเร็จกันอย่างอบอุ่น
16-16190-5.wav	ก็เดินทางถึงกรุงเวนิสอิตาลี
16-16191-18.wav	มีธรรมชาติโอบล้อมที่อำเภอเมืองจังหวัดพะเยานะคะ
16-16191-21.wav	แล้วที่นี่นะคุณใหญ่ที่สุดยาวที่สุดในจังหวัดพะเยา
16-16192-1.wav	เราเริ่มต้นกันด้วยเหตุการณ์สะเทือนขวัญที่เกิดขึ้นในพื้นที่จังหวัดภูเก็ตของไทย
16-16192-6.wav	ตรงนี้ครับท่านผู้ชมครับนี่เป็นน้ำตกโตนอ่าวยนในพื้นที่จังหวัดภูเก็ต
16-16193-19.wav	ทีมข่าวไปพบกับนายอนุชาเจ้าของรถนะคะ
16-16194-6.wav	เป็นกลุ่มที่เพิ่งเดินทางกลับมาจากปากีสถานเมื่อวันที่7พฤษภาคม
16-16196-11.wav	ผู้หญิงคนนี้ก็คือนางสาวราตรีมีศรีอายุ48ปีนะคะ
16-16198-0.wav	ไปท่องเที่ยวที่ทะเลกันแล้วเดี๋ยวพาไปเดินเที่ยวกันบ้าง
16-16197-2.wav	แล้วก็ความเห็นจากประชาชนในจังหวัดต่างๆที่ออกมาอย่างต่อเนื่อง
16-16198-5.wav	ที่นี่นะคะเขามีการจัดงานส่งเสริมการท่องเที่ยวของจังหวัด
16-16199-12.wav	ผู้ชายคนนี้เขาโพสต์ไว้ทีมข่าวก็เดินทางไปคุยกับเขา
16-16199-65.wav	ก็ยังไม่สามารถติดต่อได้นะฮะแล้วก็มีการสอบถามไปยังสาธารณสุขจังหวัดสกลนคร
16-16201-0.wav	คือบ้านของนายกวินที่อยู่กับพ่อกับแม่อยู่แถวปทุมธานี
16-16201-116.wav	เป็นสามกะนะคะครับเช้าเย็นดึกเมื่อคืนนี้นางอ้อยบอกว่าเธอไม่ได้อยู่ในเหตุการณ์นะ
16-16201-117.wav	ตอนที่นายกวินผู้ต้องหามาเปิดห้องแต่พนักงานเขาก็คุยกันว่านายกวินผู้ก่อเหตุ
16-16201-125.wav	ไม่ได้สังเกตด้วยซ้ำว่านายกวินหรือเพื่อนนายกวินมีอาวุธติดตัวอะไรมาด้วยไหม
16-16201-126.wav	ก็เหมือนกับว่าพนักงานเขาให้ความเป็นส่วนตัวกับลูกค้านายกวินก็สั่งอาหาร
16-16201-129.wav	พอไม่มีขายนายกวินผู้ก่อเหตุเลยต้องไปซื้อร้านสะดวกซื้อไงคะ
16-16201-158.wav	เพื่อตามหานายกวินเนี่ยนี่เรียกตัวมาให้ข้อมูลอีกรอบนะครับ
16-16201-166.wav	นี่ฮะนายอุรานะครับ
16-16201-168.wav	หลังจากที่นายกวินที่อยู่ด้วยกันเนี่ย
16-16201-171.wav	นายอุรานบอกว่าเขาเข้าไปดื่มเบียกับนายกวินในห้องที่โรงแรมม่านรูดแห่งนั้นจริงนะ
16-16201-181.wav	ค่ะทีนี้ค่ะขอสรุปเส้นทางที่นายกวินผู้ต้องหาใช้หลบหนีกันหน่อยนะคะ
16-16201-204.wav	ตำบลปากน้ำอำเภอเมืองจังหวัดระนองก็คือบ้านของคุณย่า
16-16201-21.wav	นายกวินเนี่ยเข้าประจำการเป็นพลอาสาหรือว่าทหารเกณฑ์ก่อน
16-16201-241.wav	เครื่องบินมารับนายไปแล้วขอบคุณที่ไม่ทำอะไรเจ๊
16-16201-272.wav	บ้านหลังนี้เนี่ยเป็นบ้านของย่าของนายกวินผู้ต้องหานะครับ
16-16201-274.wav	เป็นย่าที่เลี้ยงนายกวินตั้งแต่ยังเล็กด้วยครับแล้วก็มีลูกพี่ลูกน้องคอยดูแลคุณย่าอยู่คนนึง
16-16201-282.wav	ว่านายกวินมาแล้วมาพูดมาปรับทุกข์มาอะไรยังไงเนี่ยฮะเหมือนกับหนีอะไรมานะครับ
16-16201-284.wav	เราย้อนกลับไปคุยกับลูกพี่ลูกน้องของนายกวินอีกครั้งนึงเนี่ย
16-16201-286.wav	ก่อนที่นายกวินจะมาที่บ้านเนี่ยก็ผ่านร้านค้า
16-16201-28.wav	นายกวินเนี่ยนิสัยส่วนตัวเป็นคนเชื่อมั่นตัวเองสูง
16-16201-31.wav	เรื่องนี้นะครับพอนายกวินเนี่ยพาดพิงว่ามีความเครียดเกี่ยวกับเรื่องของรุ่นพี่
16-16201-5.wav	นายกวินก็พูดถึงชื่อของบุคคล2คนอยู่
16-16201-65.wav	คุณผู้ชมค่ะคุณผู้ชมสังเกตไหมคะว่าแล้วทำไมนายกวินผู้ต้องหาคนเนี่ยต้องเปลี่ยนชุด
16-16201-78.wav	พอรู้ว่านายกวินก่อเหตุเนี่ย
16-16201-94.wav	คุณผู้ชมเชื่อไหมคะว่านายกวินผู้ต้องหาคนนี้
16-16202-305.wav	ไม่ว่าคุณจะอยู่ที่ไหนจังหวัดไหนอำเภอไหนตำบลไหน
16-16203-37.wav	ขณะเดียวกันตำรวจอีกหนึ่งโรงพักสภ.บ้านค่ายจังหวัดชัยภูมิ
16-16203-47.wav	การจับกลุ่มลูกเลี้ยงของนายวิชาครับชื่อว่าสุรศักดิ์เล่าให้ฟัง
16-16203-51.wav	พอเปิดประตูเสร็จแล้วตัวของลูกเลี้ยงนายวิชาก็เดินออกไปจากบ้าน
16-16208-23.wav	ตำรวจพลิกประวัตินายเจมส์พบไม่ธรรมดา
16-16208-39.wav	ขณะที่อีกมุมก็โล่งใจกับการที่นายเจมส์ต้องเข้าคุกเข้าตาราง
16-16213-0.wav	ในช่วงนี้เราเดินทางไปกันที่ซอยรามคำแหง24หรือซอยหัวหมาก31กันนะคะ
16-16214-21.wav	อยู่ที่ตำบลม่วงเตี้ยอำเภอวิเศษชัยชาญจังหวัดอ่างทองจ้ะ
16-16214-47.wav	คือสายเสี่ยงโชคเสี่ยงดวงทั้งหลายที่เขาเดินทางมาที่วัด
16-16216-11.wav	แล้วก็เดินทางเข้าไปให้เขาตัดผมแบบนี้นะครับยิ่งในช่วงเทศกาลวันฮาโลวีน
16-16218-23.wav	ในตอนนี้ผู้นำหลายชาติเดินทางถึงกรุงอูลานบาตอร์
16-16218-31.wav	และยังมีอีกหลายคนที่กำลังอยู่ระหว่างการเดินทางไปมองโกเลีย
16-16218-5.wav	นายกรัฐมนตรีของไทยก็ได้เดินทาง
16-16223-2.wav	หนึ่งในนั้นนะครับงานที่ดังระดับประเทศและเป็นงานของคนกีฬาคือที่จังหวัดบุรีรัมย์ครับ
16-16227-14.wav	เกิดขึ้นที่หมู่บ้านแห่งหนึ่งในอำเภอประโคนชัยที่จังหวัดบุรีรัมย์ค่ะ
16-16227-22.wav	แล้วก็มีนายแดงค่ะนางแดงค่ะนางแดงอายุ51ปีเป็นแม่ค่ะ
16-16227-48.wav	ภาพนี้คือเดินทางมาหาพ่อแล้วทันทีที่รู้เรื่องเนี่ยค่ะ
16-16227-60.wav	เพราะว่าทุกวันนี้ชาวบ้านเองก็หวาดกลัวกับนายเอ็มเหมือนกันเพราะอะไรถึงหวาดกลัว
16-16227-70.wav	พอเจ้าหน้าที่ตำรวจรู้ข่าวเนี่ยก็จับตัวนายคนนี้ลูกคนนี้
16-16230-15.wav	นี้เกิดไฟไหม้ป่าหลายพื้นที่ในจังหวัดเชียงราย
16-16232-34.wav	น้องคนนี้บอกว่านายเนสไม่ได้เบลอหน้าให้ตามคำร้องขอ
16-16238-33.wav	แล้วก็สอบสวนนายอรุณจันทร์ปากสวนลูกเรือที่ได้รับบาดเจ็บที่จุดเกิดเหตุมาให้ปากคำเพิ่มเติม
16-16240-12.wav	คิดว่าปีนี้อยากจะลงไปทำในโรงพยาบาลในระดับจังหวัดหรือระดับอำเภอที่ต้องการความช่วยเหลือ
16-16243-20.wav	ยายเนี่ยนางบัวบาดเจ็บที่ศีรษะแล้วก็ข้อมือด้านขวา
16-16245-71.wav	ทราบชื่อคือนายปรีดามงคลช่วงหรือว่าเขียวคนนี้
16-16245-77.wav	โดยมีในบุญธรรมมงคลช่วงอายุ70ปีเป็นพ่อเดินทางมาที่สถานีตำรวจด้วย
16-16245-84.wav	แล้วก็ขับรถจากไปตอนนั้นแหละเขาบอกว่าได้สติเดินทางกลับบ้าน
16-16245-94.wav	คุณพ่อก็บอกว่าทะเลาะกันจริงสรุปว่าเป็นเรื่องเดียวกันที่ทำให้นายเขียวมานอนที่กลางถนนนะคะ
16-16246-2.wav	วันนี้พาคุณผู้ชมมาทัศนศึกษาที่อุทยานประวัติศาสตร์ศรีเทพจังหวัดเพชรชบูรณ์
16-16246-4.wav	แต่การเดินทางไปทัศนศึกษาที่ไหนอย่าลืมตรวจสอบสภาพอากาศกันด้วยนะคะ
16-16247-0.wav	ทีนี้ผมจะพาไปที่จังหวัดราชบุรี
16-16247-16.wav	เป็นโค้ชบาสเก็ตบอลทีมหญิงของจังหวัดราชบุรี
16-16247-27.wav	เพราะเขาเองก็เป็นโค้ชบาสเก็ตบอลทีมหญิงไงที่จังหวัดราชบุรี
16-16258-17.wav	คุณแม่น้องการ์ตูนเดินทางมายื่นหนังสือที่กระทรวงยุติธรรม
16-16260-84.wav	ตอนนี้ไปถึงจังหวัดชุมพรแล้วนะคะ
16-16264-36.wav	ลูกค้าเดินทางไปซื้อเพียบ
16-16267-2.wav	พาไปที่จังหวัดสตูลค่ะเมนูเนื้อกระต่าย
16-16269-0.wav	ไปดูที่จังหวัดนครศรีธรรมราชบ้างดีกว่าอันนี้คนร้ายเนี่ย
16-16269-19.wav	ถือว่าเป็นโชคดีของคุณต่อมาทางผู้สื่อข่าวก็เลยเดินทางไปพบตัวกับผู้โพสต์
16-16270-8.wav	นายวราวุฒิโลหิตดีหลานชายของพระธรรมวิสุทธิมงคลหรือหลวงตามหาบัว
16-16271-26.wav	เจ้าของบ้านชื่อนางสาวสาวจวงพันธ์อายุ30ปี
16-16275-14.wav	ก็เจอนางสุดนามสกุลแซงชัยภูมิอายุ64ปีนั่งร้องไห้อยู่
16-16275-34.wav	คือนางสุดบอกไม่รู้จะช่วยลูกยังไงนะครับ
16-16275-90.wav	นางสุดก็มาชวนเพื่อนบ้านเนี่ยคนนี้ฮะ
16-16275-93.wav	ตอนนั้นก็กำชับนางสุดนะบอกว่าเออไปแล้วก็ยังไง
16-16276-37.wav	เป็นผู้ใหญ่บ้านหมู่4ตำบลท่าจีนอำเภอเมืองจังหวัดสมุทรสาคร
16-16277-0.wav	วันนี้นะครับประชาชนเดินทางไปร่วมงาน
16-16277-39.wav	ที่ตั้งใจเดินทางมาร่วมในวินาทีแห่งประวัติศาสตร์
16-16277-58.wav	มีประชาชนเดินทางมาร่วมกันตั้งแต่เช้ามืด
16-16277-63.wav	ที่ตั้งใจเดินทางมาแสดงความจงรักภักดี
16-16277-92.wav	ซึ่งเดินทางมายังศาลาศิริราชร้อยปีในวันนี้
16-16278-11.wav	นางสาวมณีจันทร์อายุ48คือแม่ของเด็กสาววัย14คนนี้นะคะ
16-16279-21.wav	อย่างที่โรงเรียนดอนย่านางตำบลดอนย่านางอำเภอพรเจริญจังหวัดบึงกาฬ
16-16280-10.wav	จังหวัดหนองคายนักเรียนแอบถ่ายขณะที่ครูหัวหน้าฝ่ายกิจการ
16-16281-13.wav	ตำรวจสภ.ทุ่งใหญ่จังหวัดนครศรีธรรมราช
16-16281-29.wav	ซึ่งนางสุจินบุญทองภรรยาของผู้ตายก็ให้การนะคะว่า
16-16281-32.wav	แต่ช่างเนี่ยดันเจาะล้ำเข้าไปในที่ดินของนายสมศักดิ์คงหวัง
16-16281-34.wav	นายสมศักดิ์ก็เลยบอกให้นายประโยคผู้ตายบอกไปขุดที่อื่น
16-16281-38.wav	ลูกชายนายสมศักดิ์พอรู้เรื่องเนี่ยนะคะ
16-16281-44.wav	นายประโยคเองก็คืนตั้งแต่คราวก่อนแล้วนะคะ
16-16281-57.wav	อยู่ในเขตอำเภอลำทับจังหวัดกระบี่นะคะ
16-16281-61.wav	และที่เขาทำไปเนี่ยเพราะว่าปกป้องนายสมศักดิ์พ่อแท้ๆของเขา
16-16281-62.wav	โดยนายสมศักดิ์ก็มีศักดิ์เป็นน้องชายของภรรยาผู้ก่อเหตุนั่นแหละค่ะ
16-16282-17.wav	ห่วงนั้นนายบุญฤทธิ์พี่ชายเพิ่งกลับมาจากกินเหล้านอกบ้าน
16-16282-30.wav	เขตเทศบาลนครหาดใหญ่จังหวัดสงขลาที่นั่นพบเพียงกองเลือด
16-16282-31.wav	ส่วนนางสาวกิตติยานั่งอยู่กับที่ไม่ได้หนีไปไหน
16-16282-23.wav	เขาใช้มือกระชากผมนางสาวกิตติยาแล้วลากมาตบตี
16-16282-45.wav	ให้ข้อมูลว่าทั้งคู่ทะเลาะกันบ่อยเรื่องนางสาวกิตติยาชอบสูบบุหรี่
16-16283-19.wav	ตอนนี้มีตำบลที่ทางจังหวัดประกาศเป็นพื้นที่ภัยพิบัติ
16-16283-8.wav	ซึ่งทางจังหวัดเองก็ได้ประกาศเป็นพื้นที่ภัยพิบัติแล้วค่ะ
16-16285-10.wav	เป็นชาวอำเภอโกสุมพิสัยจังหวัดมหาสารคามค่ะ
16-16285-2.wav	ตำรวจก็ต้องเร่งไล่ล่าตัวคนร้ายจากกล้องวงจรปิดนายสุรสิทธิ์ทองศรีทองชัยเจ้าของร้านลง
16-16286-32.wav	ซึ่งเป็นเรื่องที่พระองค์ทรงกล่าวหลายครั้งตลอดการเดินทางเยือนประเทศไทย
16-16286-33.wav	ส่วนในช่วงเช้าพระองค์ได้เสด็จไปยังบทนักบุญเปรโตจังหวัดนครปฐม
16-16287-6.wav	เรื่องนี้นางสาวปิติการสิทธิเดชอธิบดีกรมคุ้มครองสิทธิและเสรีภาพ
16-16288-8.wav	อำเภอท้ายเหมืองจังหวัดพังงานะคะครับมีกล้องวงจรปิดล่ะ
16-16290-18.wav	ที่จังหวัดนี้เลยไปดูกัน
16-16290-21.wav	แต่ว่าจังหวัดตากเขามีตลาดจักรยานมือสอง
16-16290-26.wav	วันนี้เราพาบุกมากันที่อำเภอแม่สอดจังหวัดตาก
16-16292-26.wav	นาทีที่นายวัญชัยเข็มมงคล
16-16292-27.wav	นายวัญชัยเป็นคนที่สวมเสื้อสีแดง
16-16292-79.wav	ก็คือนายวัญชัยเข็มมงคลมือยิง
16-16294-3.wav	จากจังหวัดประจวบคีรีขันธ์
16-16294-76.wav	ครอบครัวพ่อตุ๋ยจากจังหวัดประจวบคีรีขันธ์
16-16296-91.wav	รับส่งผู้โดยสารที่ต้องการเดินทางไปขึ้นเครื่อง
16-16297-2.wav	แต่สัตว์อย่างโคกระบือเองก็มีปัญหาเหมือนกันตอนนี้ที่ภาคอีสานหลายจังหวัดเลยนะคะ
16-16300-4.wav	ชาวไทยมุสลิมจำนวนมากในพื้นที่อำเภอเมืองจังหวัดยะลาเนี่ยนะคะ
16-16301-3.wav	ติดตามหลักคิดเปลี่ยนภาพลักษณ์ท่องเที่ยวไทย
16-16302-19.wav	เหตุการณ์ที่เกิดขึ้นในพื้นที่จังหวัดพัทลุงนะคะ
16-16306-13.wav	ซึ่งก็จะมีผลกระทบต่อ3จังหวัดชายแดนภาคใต้กันด้วย
16-16306-14.wav	ดูให้ชัดเจนขึ้นอีกหนึ่งภาพนะคะก็เป็นภาพที่ทำให้เราเห็นถึงจังหวัด
16-16306-15.wav	แต่ละจังหวัดว่ามีอยู่จุดไหนบ้างและพื้นที่ใดที่มีเมฆปกคลุม
16-16306-6.wav	โดยเฉพาะจังหวัดสุราษฎร์ธานีลงไปจนถึงยะลาปัตตานีนราธิวาส
16-16308-12.wav	ซึ่งผู้ที่เป็นปู่ของผู้ตายก็คือนายปวนทองคำดีอายุ63ปี
16-16308-27.wav	ที่กำลังตั้งท้อง7เดือนกลับมาบ้านที่จังหวัดตรัง
16-16308-40.wav	แล้วบอกว่าจะมาที่บ้านของนายปวนก็คือบ้านของคุณปู่ปวนเนี่ยนะครับ
16-16316-0.wav	สวัสดีครับกีฬาในช่วงเช้าวันนี้นะครับการเดินทางไปติดตามฟอร์ม3นักเตะไทยทีมชาติชุดใหญ่ที่ไปค้าแข้งในเจลีกของญี่ปุ่น
16-16316-21.wav	ความสามัคคีที่จังหวัดกาญจนบุรีเป็นวันที่2ครับ
16-16320-316.wav	ตามบัตรประชาชนอยู่ในพื้นที่3จังหวัดชายแดนภาคใต้
16-16320-389.wav	พื้นที่3จังหวัดภาคใต้ก็มีกฎหมายพิเศษ
16-16320-40.wav	ก็เป็นคนในพื้นที่3จังหวัดชายแดนภาคใต้
16-16320-67.wav	อีกหนึ่งท่านกำลังเดินทางมาวิภาวดีรังสิตรถติดจริงๆค่ะ
16-16320-98.wav	หรือที่อื่นแม้กระทั่งที่จังหวัดตรังก็ตามนะคะ
16-16321-6.wav	เขาก็จะเดินทางไปแล้วก็ไปถ่ายรูปไปให้อาหารลิงกันนะ
16-16322-30.wav	ที่จังหวัดนครพนมมุกดาหารแล้วก็สกลนคร
16-16325-11.wav	ส่งผลให้ถนนบริเวณด้านหน้าสถานีขนส่งผู้โดยสารจังหวัด
16-16325-2.wav	จังหวัดอำนาจเจริญตกไม่ถึงชั่วโมงถนนหลายสาย
16-16326-12.wav	2563ตอนนี้เรามาอยู่กันที่จังหวัดอุดีธานอนเอ้ยอุดรธานี
16-16326-18.wav	ต่อยอดความสุขให้กับพ่อแม่พี่น้องชาวจังหวัดอุดรธานี
16-16326-26.wav	กิจกรรมตลอดข่าวสัญจรต้องขอขอบคุณพ่อแม่พี่น้องทุกๆจังหวัด
16-16326-29.wav	ส่วนจะเป็นจังหวัดไหนนั้นติดตามกันให้ดีแล้วเราจะตะลอนไปหาคุณ
16-16331-20.wav	นายสมศักดิ์พาสมบูรณ์อายุ35ปีก็เป็นคนขับรถคันนี้แหละค่ะ
16-16331-39.wav	บอกว่ารถคันนี้ซื้อมาจากจังหวัดราชบุรีเขาดัดแปลงสภาพรถมาเป็นรถคีบอ้อยแล้ว
16-16331-54.wav	ของสำนักงานขนส่งจังหวัดกำแพงเพชร
16-16332-11.wav	คนภายในถ้ำหลวงขุนน้ำนางนอน
16-16332-1.wav	มาจากหลายหน่วยงานล่าสุดมาจากจังหวัดขอนแก่น
16-16332-26.wav	ไปมีส่วนร่วมในการที่จะช่วยดูแลลูกหลานของพวกเราที่จังหวัดเชียงรายนะครับ
16-16332-35.wav	แต่เชื่อว่าชาวจังหวัดขอนแก่นและทุกคนยังรอฟังข่าวดีอย่างต่อเนื่อง
16-16332-3.wav	เป็นรถสูบน้ำระยะไกลรวมทั้งกำลังพลเดินทางมาสมทบ
16-16332-9.wav	เดินทางทั้งหมดได้ไปสมทบช่วยเหลือ
16-16334-1.wav	ล่าสุดที่จังหวัดเพชรบุรีพบกวางในฟาร์ม
16-16334-8.wav	โดยจุดแรกก็คือบริเวณฟาร์มเลี้ยงกวางของนายคำพันธ์ปกครอง
16-16337-38.wav	มีทั้งจังหวัดดำเนินการและ
16-16339-7.wav	โอ้โหหอมแก้มด้วยกลับถึงบ้านแล้วนะคะในพื้นที่ตำบลนาดินดำอำเภอเมืองจังหวัดเลย
16-16341-20.wav	เพราะว่าการที่จังหวัดพะเยาได้เป็นสถานที่ในการออกสลากินแบ่งรัฐบาลในครั้งนี้เนี่ย
16-16341-24.wav	เขาเอาวันเดือนปีที่จังหวัดพะเยาได้ยกฐานะขึ้นเป็นจังหวัด
16-16341-5.wav	จวนผู้ว่าที่จังหวัดพะเยา
16-16341-7.wav	ไปเลยศาลาประชาคมจังหวัดพะเยานะคะ
16-16342-12.wav	สามีชื่อนายเอกรัฐแสงอาทิตย์อุทัยหรือว่าในตุ้ยอายุ36ปี
16-16342-13.wav	ทั้งคู่เป็นชาวอำเภอบางสะพานจังหวัดประจวบคีรีขันธ์
16-16342-4.wav	ในพื้นที่อำเภอเมืองจังหวัดประจวบคีรีขันธ์
16-16343-14.wav	เจอแล้วหลายคนก็กลัวเหมือนกันเพราะว่าเหมือนกับทุกคนก็ต้องเดินทางกันไปมาบริเวณนั้นน่ะนะคะ
16-16345-25.wav	แต่ขณะที่กำลังจะช่วยเหลือตัวนายองครักษ์เองไม่รู้ยังไงค่ะ
16-16345-35.wav	ผู้สื่อข่าวลงพื้นที่ไปที่บ้านพักของผู้บาดเจ็บนายองครักษ์คนนี้นะคะ
16-16345-48.wav	กำลังเดินทางกลับมาเพื่อเยี่ยมผู้บาดเจ็บก็คือนายองครักษ์คนนี้
16-16346-9.wav	ทีเด็ดขึ้นชื่อของเมืองเหนือต้องยกให้อำเภอจอมทองจังหวัดเชียงใหม่ครับ
16-16349-17.wav	ซึ่งนายวิชิตมีชื่อตรงกับที่ระบุหน้ากล่องพัสดุ
16-16350-0.wav	พาคุณผู้ชมไปที่จังหวัดสุโขทัยค่ะมีเหตุดินถล่มนะคะ
16-16350-20.wav	ตำบลเมืองสวรรคโลกอำเภอสวรรคโลกจังหวัดสุโขทัย
16-16350-25.wav	นายสุรชัยเหมือนกับนอนคว่ำหน้าอยู่ไง
16-16350-35.wav	ช่วงเช้าวันนี้นายสุรชัยคนงานก็ลงไป
16-16351-25.wav	ตำรวจสภ.พบพระจังหวัดตากได้รับแจ้ง
16-16351-74.wav	อำเภอแม่สอดจังหวัดตากนะครับนายกิติศักดิ์บุญจันทร์นะครับ
16-16341-9.wav	บอกเลยว่าไม่ได้สำคัญแค่คนในจังหวัดพะเยาเท่านั้น
16-16350-41.wav	ทับร่างนายสุรชัยจนมิดทั้งตัวนะคุณผู้ชม
16-16350-52.wav	แล้วก็เดี๋ยวต้องคุยกับนายสุรชัยผู้บาดเจ็บ
16-16351-239.wav	ก็จะใช้เวลาในการเดินทางประมาณ1ชั่วโมง
16-16354-8.wav	ครอบครัวของนางสาวสุพัชชาศรีสุวรรณ
16-16356-18.wav	ตอนนี้มี2คนที่รอผลยืนยันซ้ำนะคะคือคนที่เดินทางกลับจากอินเดียแล้วก็อียิปต์ค่ะ
16-16357-296.wav	แต่บางจังหวัดฉันก็เห็นเขาเปิดปกติแล้วนะแองจี้
16-16357-302.wav	จำหน่ายเครื่องดื่มแอลกอฮอล์โดยเฉพาะจังหวัดในภาคใต้
16-16357-304.wav	ต่อไปคือคนที่เดินทางไปนอกประเทศ
16-16357-306.wav	ทางสำนักงานตรวจคนเข้าเมืองและตำรวจท่องเที่ยว
16-16357-348.wav	ได้เดินทางเข้ามอบตัวกับตำรวจจังหวัดเชียงใหม่เป็นที่เรียบร้อยแล้วนะครับ
16-16357-373.wav	หลบหนีไปซ่อนตัวที่จังหวัดลำปางครับ
16-16357-43.wav	เป็นทั้งหมด30จังหวัดใช่ไหม
16-16357-46.wav	แผลงฤทธิ์ไป30จังหวัด
16-16357-73.wav	ซึ่งก็จะมีจังหวัดเชียงใหม่จังหวัดลำพูน
16-16357-75.wav	ส่วนอีก23จังหวัดตอนนี้อยู่ระหว่างการเร่งระบายน้ำค่ะ
16-16357-95.wav	ก็ทำให้น้ำป่าจากพื้นที่ทางตอนบนของจังหวัด
16-16358-37.wav	จะสามารถเสนอชื่อนายกคนอื่นที่ไม่ใช่นายพิธาแล้วพิจารณาต่อเลยได้ไหม
16-16358-51.wav	เป็นยังไงฮะอ่ะสมมุตินะคะว่าพรุ่งนี้การโหวตนายกรอบสองเนี่ย
16-16358-62.wav	แปลว่าจะเสนอชื่อคุณพิธาไม่ได้ไม่สามารถที่จะถูกเสนอชื่อในฐานะแคนดิเดตนายกรอบสองได้
16-16358-63.wav	แต่ถ้าโหวตออกมาบอกว่าอันนี้ไม่ถือว่าซ้ำแปลว่ายังสามารถเสนอชื่อคุณพิธาในการโหวตนายกรอบที่2ได้โดยไม่ต้องอภิปรายอีก
16-16358-79.wav	ก็อาจจะเข้าสู่การโหวตนายกรอบที่3และเป็นชื่อของคุณพิธาซ้ำอีกครั้งหนึ่ง
16-16358-93.wav	ทีนี้ถ้าเกิดสมมุติไปต่อถึงการโหวตนายกรอบที่3
16-16359-21.wav	ก็เลยเดินทางไปดูน้องสุนัขเป็นจำนวนมาก
16-16362-334.wav	กระจายอยู่ใน68จังหวัดประเทศเรา
16-16362-358.wav	มีประวัติการเดินทางไปร่วมพิธีกรรมทางศาสนาที่อินโดนีเซีย
16-16362-360.wav	เดินทางกลับมาวันที่2มีอาการไข้ปวดเมื่อย
16-16362-367.wav	ผู้ป่วยที่เดินทางมาจากต่างประเทศคือกลับมาจากสหรัฐแล้วต่อเครื่องที่ญี่ปุ่น1ราย
16-16362-714.wav	เนี่ยนะฮะคือคุณป้าเนี่ยก็เดินทางไปที่กระทรวงการคลังนะครับ
16-16362-743.wav	วันนี้ก็ลำบากในการนอนไม่หลับอยู่แล้วคนยกมือไหว้นางไหม
16-16365-70.wav	เรื่องนี้นายจงรักเล่าว่าวันนี้นะคะสภาพของร่างกายของหญิงสาวรายนี้เปลี่ยนไปจากเมื่อวานและวันก่อน
16-16365-72.wav	งานนี้นะคะหมอปลามือปราบสัมภเวษีก็ได้เดินทางมาดูศพด้วย
16-16367-2.wav	เดินทางไปงานสวดพระอภิธรรมศพ
16-16367-6.wav	เดินทางไปที่วัดเทพมงคลพิชัยอำเภอนากลางจังหวัดหนองบัวลําภู
16-16368-36.wav	แต่นางสาวศรีนวลได้แสดงความจำนงกับนายอนุทินชาญวีรกูล
16-16370-122.wav	ทีนี้ค่ะนายอานนท์คนนี้ก็บอกว่า
16-16370-21.wav	ตำรวจนำตัวนายมานพ
16-16370-24.wav	คือจุดนี้เป็นจุดที่นายมานพ
16-16371-45.wav	เธอบอกว่าวัยรุ่นกลุ่มนี้เดินทางมายังคิวบาได้เกือบ2สัปดาห์แล้ว
16-16372-15.wav	นายนิพนธ์แผลงฤทธิ์หรือว่าในเลิศอายุ54ปีนะครับ
16-16372-23.wav	เพราะว่าทางนายสราวุฒิผู้ตายเนี่ยถูกในเลิศผู้ต้องหาเนี่ยจ้วงแทงไม่ยั้งเลยนะครับตรงจุดนี้นะครับ
16-16372-25.wav	นายนิพนธ์หรือว่าในเลิศนะครับผู้ต้องหาสารภาพอ้างว่า
16-16372-60.wav	ก็บันทึกภาพนายนิพนธ์เดินไปทางกลุ่มคนพวกนั้นด้วยมือเปล่า
16-16372-87.wav	ผู้ก่อเหตุก็คนเดียวนี่แหละคือนายนิพนธ์
16-16375-1.wav	มีอุบัติเหตุเกิดขึ้นที่จังหวัดสมุทรปราการ
16-16375-26.wav	สามารถติดต่อได้ที่สภ.หางดงจังหวัดเชียงใหม่ได้ทันที
16-16375-35.wav	เดินทางมาถึงที่เกิดเหตุระบุว่าเป็นคนขับรถคันนี้
16-16375-8.wav	ครอบครัวเดินทางมาพบศพก็ร้องไห้ปานจะขาดใจ
16-16376-34.wav	สำหรับหนุ่มหมากเองก็ได้เข้าไปให้ปากคำที่จังหวัดเชียงใหม่แล้วนะคะ
16-16382-3.wav	โดยกรมป้องกันและบรรเทาสาธารณภัยหรือปภ.รับแจ้ง10จังหวัดรุ่มน้ำเจ้าพระยาทั้งอุทัยธานีชัยนาทสิงห์บุรีอ่างทองสุพรรณบุรีพระนครศรีอยุธยาลพบุรีปทุมธานีนนทบุรีสมุทรปราการและกรุงเทพ
16-16383-11.wav	วันที่3กันยายนนายนำชัยอายุ33ปีปีนกำแพงรั้วหลบหนีออกทางประตูหลัง
16-16383-22.wav	ก็เลยต้องเดินทางกลับมากักตัวต่อจนครบกำหนดนี่แหละค่ะ
16-16383-23.wav	เจ้าหน้าที่ก็ลงโทษทั้ง2คนโดยให้นายนำชัยวิดพื้น20ครั้ง
16-16383-29.wav	ช่วงเที่ยงผู้สื่อข่าวเราก็เดินทางไปที่ศูนย์นี้
16-16383-8.wav	ภายในสนามกีฬาอเนกประสงค์เทศบาลเมืองใหม่บางบัวทองจังหวัดนนทบุรีนะคะ
16-16384-17.wav	ชุดคอมมานโดเนี่ยพร้อมรถหุ้มเกราะค่อยๆเคลื่อนกำลังเข้าใกล้บ้านของนายปิง
16-16384-297.wav	คือเขาบอกว่าตัวนายอนุวัฒน์ง่ะค่อนข้างเป็นคนเงียบๆ
16-16384-31.wav	แล้วตลอดการปฏิบัติการครั้งนี้คุณผู้ชมฮ่ะแม่ของนายปิงผู้ก่อเหตุก็อยู่ด้วยนะ
16-16386-18.wav	ทีนี้ฮ่ะมีการติดต่อไปยังนายกอบต.
16-16386-6.wav	และประพฤติมิชอบเข้าจับกลุ่มนายพยนเจริญสุขนะครับ
16-16390-105.wav	ได้เดินทางไปรับศพของนายอำนาจ
16-16390-108.wav	ที่วัดในสองวิหารอำเภอเมืองจังหวัดสมุทรปราการ
16-16390-124.wav	แจ้งข้อหานางวาสนาไปหนึ่งข้อหาคือฆ่าผู้อื่นโดยเจตนาค่ะ
16-16390-125.wav	คือพนักงานสอบสวนบอกว่ายังไม่ได้เชื่อคำให้การของนางวาสนาเดี๋ยวจะต้องรวบรวมพยานหลักฐาน
16-16390-26.wav	ก็เดินทางไปตรวจสอบเหตุการณ์นี้
16-16390-37.wav	ช่วงสายวันนี้เนี่ยญาติของนางวาสนาฝ่ายภรรยาที่เป็นคนก่อเหตุเนี่ย
16-16390-38.wav	ก็มาเยี่ยมเอาน้ำเอาอาหารมาให้ซึ่งนางวาสนายังคงอยู่ในอาการเครียด
16-16390-70.wav	ไปสอบถามนางจำเนียนแม่ของนางวาสนานะคะ
16-16390-90.wav	บอกว่าปกติแล้วนางวาสนาก็เป็นคนร่าเริงสนุกสนานนะครับ
16-16390-93.wav	ไม่ชอบให้นางวาสนาออกไปไหนข้างนอก
16-16390-96.wav	จนนางวาสนาต้องหนีออกจากบ้านมา
16-16391-2.wav	ใช่ค่ะนี่ให้ดูภาพจากกล้องวงจรปิดตั้งแต่แรกเลยนะคะคุณผู้ชมเหตุการณ์นี้เกิดขึ้นที่บริเวณร้านขายของชำที่อำเภอปลวกแดงจังหวัดระยองผู้ชายเมื่อกี้ที่ขี่มอเตอร์ไซค์เข้ามานี่คือเขาเป็นลูกค้านะมาซื้อของ
16-16392-13.wav	ที่หน้าศาลกรมหลวงชุมพรเขตอุดมศักดิ์ที่อำเภอสัตหีบจังหวัดชลบุรี
16-16393-26.wav	ตำบลคลองม่วงอำเภอปากช่องจังหวัดนครราชสีมาเนี่ย
16-16393-31.wav	จากนั้นทนทุกข์ทรมานจากการถูกผีนางตะเคียนเข้าสิง
16-16393-78.wav	มันอยู่ในร่างกายนะทีนี้ก็ขอบคุณหมอปลาที่เดินทางมาช่วยเหลือกันถึงบ้านเนี่ย
16-16394-22.wav	ก็ไปตรวจสอบความเชื่อมโยงการถือครองที่ดินของนายสมปองและเครือญาติ
16-16394-23.wav	ชั้นต้นเนี่ยไม่มีรายชื่อของนายสมปองถือครองที่ดินนะคะ
16-16394-30.wav	ก็ปรากฏว่ามีนางกิตติยาซึ่งเป็นพี่สาวของนายสมปอง
16-16394-7.wav	ที่ครอบครัวของนายสมปองนะคะ
16-16395-63.wav	และนางสาวอุมาพรนวลเอี่ยมหรือเจนเมียเก่า
16-16395-69.wav	ก่อนที่นางสาวอุมาพรซึ่งเป็นเมียเก่า
16-16396-368.wav	ให้กับครอบครัวของแม่ดาจากจังหวัดพิจิตร
16-16396-468.wav	จังหวัดเรามีของฝากอะไรที่ดังๆบ้าง
16-16396-525.wav	ตอนนี้ครอบครัวแม่ดาจากจังหวัดพิจิตรนะครับ
16-16397-103.wav	เพราะสุพรรณคือจังหวัดที่ปลูกแห้วมากที่สุด
16-16397-136.wav	ตื่นเต้นจากการหานางรำตัวตึงประจำสุพรรณ
16-16397-17.wav	เราก็จะต้องพูดถึงเรื่องของวงดนตรีที่มีชื่อเสียงในจังหวัดสุพรรณบุรี
16-16397-4.wav	วันนี้เรา3คนจะอยู่กันที่จังหวัดสุพรรณบุรี
16-16397-67.wav	อร่อยเด็ดแค่ไหนเดี๋ยวเราจะมาประกวดหานางรำตัวตึง
16-16398-1.wav	ไปเจอกับอีกหนึ่งที่ที่จังหวัดอ่างทอง
16-16398-30.wav	เป็นเจ้าหน้าที่อาสาพิทักษ์งูจังหวัดอ่างทอง
16-16399-61.wav	ค่ายสรรพสิทธิประสงค์จังหวัดอุบลราชธานีค่ะ
16-16399-69.wav	นายพิสิทธิ์ไปจับได้ที่บ้านพักแล้วก็ตรวจยึดมีดที่ใช้ก่อเหตุด้วย
16-16400-0.wav	ไปอีกหนึ่งที่เลยจังหวัดตราด
16-16401-17.wav	การเคหะนนทบุรี5แยกปากเกร็ดที่จังหวัดนนทบุรีค่ะ
16-16402-3.wav	รุมข่มขืนในห้องน้ำสาธารณะที่จังหวัดประจวบคีรีขันธ์
16-16403-19.wav	ไม่มีอคติกับนางสาวยิ่งลักษณ์ข้อมูลที่เปิดเผยทั้งหมดก็เป็นข้อเท็จจริง
16-16403-29.wav	ข้อมูลที่ได้เป็นคนละส่วนกับข้อมูลที่ใช้ปิดบัญชีในสมัยรัฐบาลนางสาวยิ่งลักษณ์
16-16404-12.wav	ถ้าสมมุติจะบอกว่านางเป็นนางงาม
16-16404-452.wav	เคยมีสตรีนางหนึ่ง
16-16404-501.wav	อำเภอบ้านบึงจังหวัดชลบุรีกันเลยครับ
16-16404-700.wav	เพื่อที่จะอุทิศให้กับเจ้ากรรมและนายเวรอาจารย์เชื่อเรื่องนี้หรือไม่เชื่อ
16-16404-821.wav	เราอยากจะเกิดมาเสวยสุขเสวยทุกข์จนเบื่อหนายต่อโลกจริง
16-16408-34.wav	ในขณะที่นายชัยวุฒิครับรัฐมนตรี
16-16412-111.wav	ลูกชายของคุณป้านะคะนายสุริยาอบเชยอายุ35
16-16412-112.wav	ก็บอกว่าที่นายสมคิดเสียชีวิตก็น่าจะเป็นเรื่องของอาถรรพ์นี่แหละค่ะ
16-16412-114.wav	เขาก็เล่าให้ฟังว่านายสมคิดไปยืนอยู่ขอบบ่อแล้วก็ยืนทำท่าแปลก
16-16412-117.wav	แล้วอย่างที่บอกว่าถ้าศพของนายสมคิดนะมันแปลกด้วย
16-16412-12.wav	อำเภอหนองบัวระเหวจังหวัดชัยภูมิได้รับแจ้งว่ามีคนจมน้ำแบบนี้ค่ะ
16-16412-13.wav	ชื่อว่านายสมคิดพนมกุลอายุ49เป็นชาวจังหวัดนครนายก
16-16412-15.wav	ชาวบ้านลือกันค่ะว่าสาเหตุที่นายสมคิดจมน้ำ
16-16412-18.wav	ชื่อว่าย่านางน้อยหรือเจ้านางน้อยเป็นลูกสาวคนเล็กของปู่ศรีสัตตนาคราช
16-16412-32.wav	ที่เขาเชื่อว่าเป็นย่านางน้อยตามหามาหลายจังหวัดจนมาเจออยู่ที่นี่
16-16412-33.wav	ช่วงเข้าพรรษาที่ผ่านมาได้พานายสมคิดซึ่งเป็นร่างทรง
16-16412-37.wav	ช่วงเที่ยง21ธันวาคมนายสมคิดผู้ตายง่ะ
16-16412-39.wav	จะเดินทางไปเมืองบาดาลซึ่งก็คือบ่อน้ำตรงนี้
16-16412-40.wav	เขาเชื่อว่าเป็นเมืองบาดาลแล้วก็เดินทางมาถึงบ้านของป้าตุ๊กช่วงเย็น
16-16412-41.wav	นายสมคิดก็นั่งพูดคุยต่อที่บ้านบอกว่าพรุ่งนี้เช้า22ธันวาคม06.00น.
16-16412-44.wav	ซึ่งเป็นนางสนมของย่านนางน้อยใต้เมืองบาดาลแล้วก็ลูกอีก5คน
16-16412-49.wav	ก็ใกล้ๆกับบ่อน้ำนั่นแหละเห็นนายสมคิด
16-16412-71.wav	มันแปลกก็คือศพนายสมคิดที่ลอยขึ้นมาค่ะ
16-16412-70.wav	ก็นี่แหละนายสมคิดจมน้ำอยู่ตรงนี้
16-16412-55.wav	เพราะเห็นนายสมคิดไปยืนมองใส่ชุดขาวแบบเนี่ย
16-16415-46.wav	โดยที่จังหวัดยะลากำหนดให้วัดในพื้นที่เสี่ยง
16-16415-49.wav	ที่จะร่วมเดินทางไปทำกิจกรรมที่วัดมากที่สุดค่ะ
16-16415-50.wav	อันนี้ก็เป็นภาพบรรยากาศตามจังหวัดต่าง
16-16415-7.wav	ที่บริเวณกลางสะพานมิตรภาพไทยพม่าบ้านริมเมยอำเภอแม่สอดจังหวัดตาก
16-16416-17.wav	ที่วัดบ้านท่าเยี่ยมจังหวัดขอนแก่นนะครับ
16-16416-29.wav	พ่อของนายจตุรงค์บอกว่าเสียใจมาก
16-16416-62.wav	จังหวัดสระบุรีบอกว่าเดี๋ยวต้องตรวจสอบภาพจากกล้องวงจรปิด
16-16417-13.wav	มาจากจังหวัดราชบุรีเพื่อไปส่งที่จังหวัดสงขลา
16-16417-24.wav	เพื่อนเด็กนักเรียนที่เดินทางมาเห็นเหตุการณ์ต่างร้องไห้ด้วยความเสียใจ
16-16417-31.wav	ที่จังหวัดสงขลาเกิดอุบัติเหตุรถจักรยานยนต์เสียหลักตกลงนาข้าวข้างทาง
16-16417-46.wav	ที่จังหวัดสตูลเกิดอุบัติเหตุรถกระบะพุ่งชนรถทัวร์โดยสารบริเวณวงเวียนหน้าเรือนจำ
16-16417-48.wav	ทำให้นายประวิทย์มักคงคาอายุ43ปีคนขับรถกระบะเสียชีวิตขาดที่
16-16417-49.wav	ส่วนผู้โดยสาร30คนที่เดินทางมากับรถทัวร์ไม่มีผู้ได้รับบาดเจ็บ
16-16417-50.wav	ก่อนเกิดเหตุรถทัวร์คันนี้รับผู้โดยสารมาจากจังหวัดประจวบคีรีขันธ์
16-16417-51.wav	เพื่อไปส่งที่จังหวัดสตูลและส่งผู้โดยสารลงตามรายทาง
16-16417-9.wav	ในพื้นที่บ้านกองหินหมู่7ตำบลปริกอำเภอทุ่งใหญ่จังหวัดนครศรีธรรมราช
16-16418-17.wav	ก็มีชาวบ้านรู้จักที่นี่แล้วก็เดินทางมาขอโชคที่นี่กันมากมายมากขึ้น
16-16418-3.wav	อยู่ตำบลท้ายเกาะอำเภอสามโคกจังหวัดปทุมธานี
16-16418-7.wav	แต่ก็ยังคงมีคนเริ่มสายศรัทธาอยู่นะฮะเดินทางมากราบไหว้ขอพรท่านกันมากมาย
16-16419-6.wav	ห่างจากที่ว่าการอำเภอแม่ริมจังหวัดเชียงใหม่2-3กิโลเมตรเท่านั้น
16-16420-13.wav	ในพื้นที่อำเภอท่าตะโกจังหวัดนครสวรรค์
16-16420-71.wav	ศาลจังหวัดนครสวรรค์ภายในวันเสาร์ที่จะถึงนี้
16-16421-48.wav	ที่เราได้มาเรียนรู้กันวันนี้ที่จังหวัดราชบุรีค่ะ
16-16423-9.wav	ในพื้นที่ตำบลบางกระบืออำเภอสามโคกจังหวัดปทุมธานี
16-16424-11.wav	ก็เดินทางมาถวายสักการะแล้วก็ถวายบังคมพระบรมศพ
16-16424-17.wav	ที่เดินทางมาสักการะพระบรมศพพระบาทสมเด็จพระปรมินทร
16-16424-9.wav	ถือว่าเป็นพระมหากษัตริย์พระองค์แรกๆที่เดินทางมายังประเทศไทย
16-16425-28.wav	ทำให้พ่อเลี้ยงคนนี้จำนนด้วยหลักฐานแล้วก็ยอมรับสารภาพบอกว่าเขาเนี่ยทำร้ายร่างกายลูกเลี้ยงวัย2ขวบจริงนะฮะอืมโดยก่อนเกิดเหตุพยายามที่จะป้อนข้าวให้กับเด็กแต่ว่าเด็กงอแงไม่ยอมกินข้าวตอนนั้นแม่เด็กไปทำงานเนี่ยนายคนนี้ฮะก็เลยใช้ฝ่ามือทุบไปที่หน้าอกของลูกเลี้ยงหลายครั้งจนลูกเลี้ยงยอมกินข้าวจนอิ่ม
16-16428-63.wav	ทางสาธารณสุขจังหวัดแล้วก็คุณหมอที่อยู่ที่โรงพยาบาลป่าตองนะคะ
16-16429-9.wav	ชื่อว่านายปิยะพงศ์หรือนายแก้ม
16-16432-1.wav	ที่จังหวัดแพร่ครับเจอแล้วตัวหนึ่งฮะ
16-16434-11.wav	แล้วก็พนักงานสอบสวนก็ปล่อยตัวเจ้าของหอพักไปเนื่องจากได้เดินทางมามอบตัวตามหมายเรียกนะคะ
16-16434-3.wav	นี่เป็นกรณีที่นางสาวขวัญฤทัยอายุ26ปีไปแจ้งความกับพนักงานสอบสวนสภ.เมืองภูเก็ต
16-16435-14.wav	ประมาณแล้วทำไมไม่อยู่กับที่ยังจะเดินทางไปถ่ายนงถ่ายหนังไปนู่นนี่
16-16436-20.wav	ซึ่งโรงแก้วนี้อยู่ในมณฑปข้างโบสถ์วัดนาสร้างที่อำเภอท่าแซะจังหวัดชุมพรนะครับ
16-16436-25.wav	ปรากฏว่าพบว่าคนร้ายเป็นผู้ชายไม่สวมเสื้อมีลายสักเต็มตัวเดินถือมีดพระแล้วก็ถังน้ำมันเนี่ยบุกเข้ามาในมณฑปข้างโบสถ์วัดนาสร้างใช้มีดพระทุบโลงแก้วจนแตกจากนั้นราดน้ำมันจุดไฟเผาสรีระสังขารหลวงปู่เปียกเกจิอาจารย์ชื่อดังของจังหวัดชุมพรที่เก็บสรีระสังขารไว้ตั้งแต่
16-16436-57.wav	เมื่อวานนี้ทางภูมิในการสำนักงานพระพุทธศาสนาจังหวัดชุมพรนะฮ่ะ
16-16436-58.wav	เดินทางเข้าไปพบกับท่านเจ้าอาวาสวัดนาสร้าง
16-16436-65.wav	ทยอยเดินทางกันมาดูอย่างต่อเนื่องเลยนะ
16-16437-0.wav	มาดูหนึ่งในสมาชิกหน้าหล่อของไนน์บายนายจากเลือดข้นคนจางด้วยนะครับ
16-16438-18.wav	อายุ36ปีเจอนายคนนี้แล้วก็ไปมีของกลาง
16-16438-62.wav	ส่วนอดีตเจ้าอาวาสรูปที่2เดี๋ยวเตรียมส่งศาลจังหวัดชัยภูมิในวันจันทร์
16-16439-19.wav	พอชาวบ้านทราบข่าวก็เดินทางมาดูแล้วก็นำดอกไม้ข้าวตอกมาโปรยที่ลำต้น
16-16439-8.wav	ถูกพบในร่องน้ำซำแคนท้ายหมู่บ้านปากโป้งตำบลปากหมันอำเภอด่านซ้ายจังหวัดเลย
16-16441-46.wav	เมื่อเดินทางไปถึงที่สภ.เมืองนนทบุรี
16-16443-38.wav	เรื่องนี้ค่ะนายกรัฐมนตรีของอิสราเอลนายเบนจามินเนทันยาฮู
16-16443-51.wav	ส่วนคนที่3ที่อยู่หน้าจอค่ะคุณผู้ชมคือเป็นแรงงานจากเออจังหวัดอุดรธานีนะคะครับ
16-16444-33.wav	มีหลายจังหวัดนะคะที่ให้บริการตัดผมฟรี
16-16444-7.wav	จะอยู่ที่จังหวัดฉะเชิงเทรานะคะบรรยากาศที่ร้านต้องบอกเลยว่าคึกคักกันตั้งแต่เช้าเลย
16-16446-0.wav	ว่าแม่ค้าขายหมูที่จังหวัดสุรินทร์เขาฝากมาบอกว่าแหมทำกันได้
16-16447-18.wav	เขตอุทยานแห่งชาติหาดเจ้าไหมจังหวัดตรัง
16-16447-9.wav	ที่บริเวณท่าเทียบเรือที่จังหวัดตรัง
16-16450-16.wav	จังหวัดนครราชสีมาคุณยายโดนทุบตีทุกวันสองปีแล้ว
16-16450-19.wav	ไปเจอกับผู้ใหญ่บ้านสายออครับนายเพิ่มศักดิ์ตะสันเทียะ
16-16452-13.wav	นี่คือผู้เสียชีวิตนะคะนายสุชาติขวัญเกลื่อนอายุ30ปี
16-16452-16.wav	คนร้ายคงเอาปืนจ่อยิงเลยที่ขมับซ้ายนัดหนึ่งแล้วนายสุชาติก็เลยเสียชีวิตทันที
16-16452-6.wav	ถนนสายบ้านโคกมะม่วงที่อำเภอพระแสงผู้เสียชีวิตชื่อว่านายสุชาติขวัญเกลื่อนอายุ30
16-16453-15.wav	โรงเรียนแห่งหนึ่งตำบลหนองลานอำเภอท่ามะกาที่จังหวัดกาญจนบุรีนะครับ
16-16453-31.wav	แล้วพอตรวจเสร็จปุ๊บทุกคนเดินทางกลับไปเหมือนไม่มีอะไรเกิดขึ้น
16-16456-10.wav	บริเวณหน้าวินรถตู้ในจังหวัดปราจีนบุรีค่ะโดยหลังจากคลิปนี้เผยแพร่ออกไป
16-16457-14.wav	ที่เป็นเส้นทางมุ่งหน้าไปยังจังหวัดนนทบุรี
16-16459-17.wav	ได้เดินทางมาสักการะบูชาพญาศรีสัตตนาคราชเพื่อขอโชคลาภ
16-16459-2.wav	คือเมื่อวานนี้เนี่ยเราได้รายงานไปแล้วแหละว่าคู่กรณีได้เดินทางไปให้ปากคำตำรวจเพิ่มเติม
16-16460-20.wav	ไปดูเรื่องของนายฮุสเซนอัลมุสซาลามครับ
16-16461-26.wav	และที่เดินทางมาต่อแถวเข้าถวายสักการะเบื้องหน้าพระบรมฉายาลักษณ์
16-16461-29.wav	ถึงประชาชนที่เดินทางมาพร้อมกับบุตรหลานและผู้สูงอายุ
16-16462-311.wav	นี่นายเอนามสมมุติหนึ่งในลูกศิษย์ของอาจารย์โจ้เผยว่า
16-16462-33.wav	แล้วทีมกู้ภัยเขาก็เดินทางกลับ
16-16462-35.wav	ตอนเดินทางกลับเนี่ยทุกคนในทีมกู้ภัยเจอเรื่องลี้ลับ
16-16462-41.wav	จนกระทั่งกลับไปถึงบ้านนายวรบดินทร์
16-16463-14.wav	ที่ถนนเรียบคลอง9อำเภอลำลูกกาจังหวัดปทุมธานีนะคะ
16-16463-15.wav	ผู้ต้องหาก็คือนายอาทิตย์สุขเหมือนหรือว่าโชค
16-16463-17.wav	แทงนายวรวุฒิสุขเหมือนอายุ24ปีจนเสียชีวิต
16-16463-21.wav	ที่อำเภอลำลูกกาจังหวัดปทุมธานีค่ะ
16-16463-23.wav	จับกลุ่มตัวนายอาทิตย์ได้ขณะขี่รถจักรยานยนต์
16-16463-24.wav	หลบหนีไปที่อำเภอคลองหลวงจังหวัดปทุมธานี
16-16463-25.wav	ต่อมาตำรวจนำตัวนายอาทิตย์ไปจำลองเหตุการณ์ที่สภ.ลำลูกกา
16-16463-26.wav	นายอาทิตย์รับสารภาพว่าก่อเหตุจริงๆ
16-16463-31.wav	ไปสอบถามนายสมบุญสุขเหมือนพ่อของผู้ก่อเหตุนะคะ
16-16463-33.wav	นายสมบุญที่เป็นพ่อเนี่ยเล่าบอกว่าที่บ้านนะไม่เคยเลยจริงๆ
16-16463-34.wav	ไม่เคยมีใครดุด่าหรือว่ารังเกียจนายอาทิตย์เลย
16-16463-35.wav	ทุกคนก็รักนายอาทิตย์เหมือนคนในครอบครัวคนนึงนั่นแหละ
16-16463-36.wav	ที่ผ่านมานายอาทิตย์อยากจะได้อะไรก็ให้หมด
16-16463-39.wav	แต่สาเหตุที่นายอาทิตย์ลงมือก่อเหตุเนี่ยพ่อบอกว่าน่าจะมาจากการที่นายอาทิตย์อ่ะ
16-16463-45.wav	เตือนแล้วเหมือนกันว่าให้ระมัดระวังตัวด้วยเดี๋ยวจะถูกนายอาทิตย์ทำร้ายเอา
16-16463-46.wav	เพราะว่านายอาทิตย์มีอารมณ์รุนแรงเจ้าอารมณ์
16-16463-48.wav	แต่ครอบครัวก็รักนายอาทิตย์เสมือนลูกแท้ๆคนหนึ่ง
16-16469-19.wav	ที่นั่นพบร่างนายประสานพิกุลแย้มวัย64ปี
16-16469-24.wav	ส่วนนายฟลุ๊คหนุ่มลูกครึ่งผิวสี
16-16469-2.wav	เหตุการณ์นี้ค่อนข้างจะสะเทือนใจกับทาสยาบ้าที่ไปเกิดขึ้นที่จังหวัดแห่งหนึ่ง
16-16469-31.wav	รับนายฟลุ๊คมาเลี้ยงดูตั้งแต่เล็กพอโตขึ้น
16-16469-53.wav	ตำรวจควบคุมตัวนายฟลุ๊คไปดำเนินคดีตามกฎหมาย
16-16475-11.wav	บอกเลยว่าต้อนรับการกลับมาทวงบัลลังก์ นางร้ายของเธอกันใหญ่เลย
16-16478-21.wav	เขาบอกว่าเพลงนี้ดังมากในจังหวัดขอนแก่น
16-16479-11.wav	นี่คือภาพแรกของนายเดวิดแคเมรอนพร้อมด้วยนางซาแมนธาภรรยา
16-16479-17.wav	ตอนที่นายแคเมรอนเรียกร้องให้ทำประชามติ
16-16479-27.wav	สิ่งเดียวที่นายแคเมรอนจะทำได้ก็คือการลาออก
16-16480-11.wav	แล้วก็นายธีรพัฒน์มีกำปังอายุ32ปีเป็นชาวร้อยเอ็ด
16-16480-13.wav	ส่วนคนเจ็บอีก2รายชื่อว่านายอดิเทพอายุ19ปีเป็นชาวกำแพงเพชร
16-16480-14.wav	แล้วก็นายนิวัฒน์อายุ26ปีคนนี้นั่งมากับรถนะฮะเป็นชาวร้อยเอ็ด
16-16480-18.wav	เวลาประมาณ21.00น.เดินทางออกมาพร้อมกับเพื่อน3คน
16-16480-19.wav	มีในเปลืองผู้ตายเป็นคนขับธีรพัฒน์นั่งมาข้างหน้าคู่กับนายเปลือง
16-16481-0.wav	จังหวัดขอนแก่นไปเช็คราคามะนาวกันหน่อยค่ะ
16-16482-0.wav	ที่จังหวัดภูเก็ตแตกตื่นกันเกือบทั้งจังหวัดเลยนะคะชาวประมงพื้นบ้านไปเจอลักษณะลูกเหล็กกลมๆ
16-16482-4.wav	เหตุการณ์นี้มันสืบเนื่องมาจากเจ้าหน้าที่ได้รับแจ้งจากเครือข่ายประมงพื้นบ้านจังหวัดภูเก็ตว่าไปพบวัตถุประหลาด
16-16487-25.wav	ดูจากพยานหลักฐานทั้งหมดนายจายลงมือก่อเหตุคนเดียว
16-16487-78.wav	เพราะว่าเมื่อวานที่นายจายสารภาพเนี่ย
16-16489-445.wav	หมายล่าสุดวันนี้ผู้สื่อข่าวก็เดินทางไปยังบ้านหลังเนี้ย
16-16489-459.wav	ที่อำเภอพานทองจังหวัดชลบุรีที่ทราบเรื่องก็เดินทาง
16-16489-463.wav	ก็บอกเบอร์บัญชีของนางสาวขวัญฤทัยนี่มาเลยก็คือ019นะฮะ
16-16489-610.wav	เมื่อชาวไทยภูเขาเผ่าม้งจังหวัดตากครับ
16-16489-747.wav	โชว์สลากกินแบ่งที่นางถูกเนี่ยแล้วก็โดยงวดก่อนที่ก็ถูก
16-16489-749.wav	นางไลฟ์ทันทีหลังจากสลากกินแบ่งรัฐบาลออกว่า
16-16489-813.wav	นี่ก็คือนางก็เป็นเด็กกรีดยาง
16-16490-65.wav	พบมากที่ตำบลลํานารายณ์จังหวัดลพบุรีครับ
16-16493-19.wav	คือนายอนุวัฒน์อายุ24ใกล้เบญจเพสพอดีเลย
16-16493-41.wav	นางสาวนันข่ายวินสุยอายุ26ปี
16-16494-49.wav	ดังนั้นใครที่จะไปในบริเวณดังกล่าวนะครับแถวบริเวณจังหวัดสุราษฎร์ธานีนครศรีธรรมราช
16-16494-55.wav	หลายจุดหลายจังหวัดหลายภาคมีการเปลี่ยนแปลงอย่างต่อเนื่อง
16-16494-56.wav	ใครจะเดินทางใช้ชีวิตก็ต้องตรวจสอบสภาพอากาศอย่างสม่ำเสมอด้วยนะครับ
16-16497-11.wav	หน้าร้านขายจานดาวเทียมของจังหวัดลำปาง
16-16497-15.wav	เขลางค์นครตำบลหัวเวียงอำเภอเมืองจังหวัดลำปางนะครับ
16-16498-107.wav	น่าจะเป็นงานของบังคับการจังหวัดกาญ
16-16498-663.wav	หรือมีนายตำรวจระดับพันตำรวจโทเข้ามาช่วยคิดแผนอะไรด้วย
16-16498-709.wav	ทนายตั้มเก็บแล้วจริงๆตำรวจจะเก็บเองอยู่แล้วหรือเปล่า
16-16498-718.wav	ทนายตั้มเก็บไว้แล้วเนี่ย
16-16498-849.wav	หรือว่าเออระดับจังหวัดก็แล้วแต่
16-16499-4.wav	หมอปลามือปราบสัมภเวสีไปที่บ้านนะครับบ้านของนางสาวฟ้า
16-16499-5.wav	อายุ32ปีอยู่ที่บางละมุงจังหวัดชลบุรีคือครอบครัวบอกว่า
16-16499-70.wav	จากนี้ไปเนี่ยก็ตั้งใจแหละว่าเดี๋ยวจะพาลูกสาวไปรักษาที่บ้านหมอปลาที่จังหวัดเพชรบุรี
16-16499-74.wav	เขาจะบังคับแบบจะนอนนางก็ไม่ชอบนางว่าอย่างงี้
16-16499-79.wav	นางเล่าให้ฟังรับเหมือนพวกพ่อแก่อะไรนี่แหละ
16-16500-35.wav	ชื่อภูมินทร์ทั้งคู่เป็นแฟนกันนะครับแล้วก็เป็นพนักงานของสถานบันเทิงแห่งหนึ่งที่จังหวัดเชียงราย
16-16501-10.wav	ก็แห่ไปที่หน้าสภ.หนองตองที่อำเภอหางดงจังหวัดเชียงใหม่ค่ะ
16-16501-12.wav	เกิดเหตุการณ์ที่นางสมบูรณ์อินทสันถูกแทง4แผล
16-16501-13.wav	แล้วก็เสียชีวิตที่บ้านบวกครกที่ตำบลหนองตองอำเภอหางดงจังหวัดเชียงใหม่
16-16501-16.wav	แล้วก็เมื่อวานนี้จริงๆเป็นวันฌาปนกิจศพของนางสมบูรณ์
16-16503-25.wav	ชื่อนายสกลอายุ45ปีนะครับ
16-16503-6.wav	นี่เป็นกล้องวงจรปิดของเทศบาลตำบลผักบังอำเภอภูเขียวจังหวัดชัยภูมิแถวสี่แยกกุหลาบแดง
16-16505-104.wav	บางคนบอกว่าการเลือกตั้งควรจะเลือกในจังหวัด
16-16505-50.wav	แต่ว่ามีการเลือกตั้งนายกอบจ.
16-16505-52.wav	ผู้ว่าเป็นทั้งผู้ว่าและรักษาการนายกอบจ.2ตำแหน่ง
16-16505-53.wav	ตอนหลังก็เลือกนายกอบจ.
16-16505-54.wav	แล้วผู้ว่าก็ถ่ายโอนอำนาจไปให้นายกอบจ.
16-16505-88.wav	ซื้อเสียงกันแหลกลาญเลือกนายกอบต.บางแห่ง
16-16505-92.wav	แล้วถ้าเงินซื้อได้เราก็ได้ผู้ว่าที่เคยเป็นนายบ่อน
16-16505-93.wav	เราก็ได้ผู้ว่าที่เป็นผู้มีอิทธิพลในจังหวัดซื้อเสียง
16-16508-114.wav	คืออาจจะเอาปืนมานั่งเล่นกันแล้วปืนมันลั่นกระสุนก็โดนนายสิทธิชัยเขาเสียชีวิต
16-16508-120.wav	แล้วไม่เกี่ยวข้องกับเรื่องที่เกิดขึ้นทั้งสิ้นเราก็ไปคุยกับเพื่อนผู้ตายก็คือนายสุรเชษฐ์ย้อนไปอีกครั้งหนึ่งนะฮะ
16-16508-121.wav	นายสุรเชษฐ์เนี่ยที่เขาอยู่ด้วยเมื่อคืนนี้ที่เขาบอกผมก็ไปหาเขาวัวมาให้แล้วเขานัดกับรุ่นน้องมาดูเขาวัวกัน
16-16508-124.wav	เขาก็บอกไปว่ามีแล้วก็กลับไปเอาเขาวัวที่บ้านเอามาให้นายสิทธิชัยผู้ตายนะครับ
16-16508-125.wav	จากนั้นนายสิทธิชัยก็โทรศัพท์ไปหาคนที่จะซื้อเขาวัวผ่านไป15นาที
16-16508-21.wav	ผู้ที่เสียชีวิตนะครับชื่อนายสิทธิชัยแป้นจันทร์อายุ36ปีนะครับท่านผู้ชมครับ
16-16508-22.wav	นี่ฮะตรงจุดนี้นะครับบ้านอยู่ที่หมู่5ตำบลกำแพงเซาอำเภอเมืองจังหวัดนครศรีธรรมราช
16-16508-23.wav	สภาพศพของนายสิทธิชัยถูกยิงด้วยปืนลูกซองหนึ่งนัดที่เหนือข้อศอกแขนซ้าย
16-16508-26.wav	เพื่อนผู้ตายที่อยู่ด้วยกันชื่อนายสุรเชษฐ์คล้ายรังศรีอายุ37ปี
16-16508-35.wav	เขานั่งคุยอยู่กับสิทธิชัยผู้ตายอยู่บนบ้านนายสุรเชษฐ์เนี่ยบอกว่าพอมาถึงเขาก็เลยส่งเขาวัวให้กับทั้งสองคน
16-16508-47.wav	วันนี้น้องชมพู่ศรัณย์ภัทรผู้สื่อข่าวของเราก็เลยเดินทางไปที่บ้านหลังเกิดเหตุนะครับ
16-16508-54.wav	เราไปคุยกับแม่ของผู้ตายนะฮะชื่อว่านางลำไยอายุ80ปี
16-16508-80.wav	เพราะว่าตัวของนายสิทธิชัยผู้ตายเองเนี่ยมันมีอีกประเด็นนึงที่พี่เขยบอก
16-16508-95.wav	ตำรวจได้คุยกับเพื่อนผู้ตายคนหนึ่งเขาชื่อนายเกียรติชัยนะก็คุยอยู่สัก30นาทีนะครับ
16-16509-119.wav	เหตุเกิดที่อำเภอพระสมุทรเจดีย์อำเภอพระสมุทรเจดีจังหวัดสมุทรปราการผ)จังหวัดสมุทรปราการนะครับ
16-16509-149.wav	หรือว่าเดินทางไปเลยค่ะไปที่ธนาคารเลยนะคะ
16-16509-38.wav	ไปถามผู้เสียหายครับนายธนพลอายุ57ปี
16-16509-43.wav	ทีนี้เขาก็เปลี่ยนสถานะแล้วนะพี่คนนี้นายธนพลเป็นเจ้าหนี้นะ
16-16509-48.wav	ทั้งๆที่ตัวนายธนพลบอกว่าผมให้ยืมไปเนี่ยไม่คิดดอกด้วยนะ
16-16509-54.wav	ตัวเขาเองนะฮะผู้เสียหายนายธนพลตัดสินใจย้ายไปอยู่หอพัก
16-16509-66.wav	นายเอกภพผู้ก่อตั้งเพจสายใหม่ต้องรอดเนี่ย
16-16509-82.wav	โรงเรียนแห่งหนึ่งนะคะในจังหวัดฉะเชิงเทราไล่ตีกันมาแล้วก็ใช้มีดไล่ฟันกัน
16-16509-85.wav	เหตุการณ์นี้ค่ะเกิดขึ้นบริเวณลานวัดดอนทองนะคะตำบลบางตีนเป็ดอำเภอเมืองจังหวัดฉะเชิงเทรานะครับ
16-16509-87.wav	ก็คือว่ากระจกรถนะคะดันไปกระเด็นโดนบาดบริเวณใบหูนะคะส่วนด้านนายเออายุ17ปีนักเรียนชายชั้นม.5ที่โดนกลุ่มผู้ก่อเหตุฟัน
16-16511-7.wav	เราไปคุยกับนางสาวสุภาวดีนะคะซึ่งเลี้ยงหมูมานานกว่า30ปีบอกว่า
16-16514-1.wav	พี่เล็กฝันเด่นนะคะก็ได้เดินทางค่ะ
16-16514-6.wav	พี่เล็กเนี่ยเดินทางไปสอบถามนะคะเพื่อนๆของน้องนะคะ
16-16519-3.wav	นายขอมาเล่นที่โต๊ะเราเราให้เล่น
16-16520-10.wav	อีกหนึ่งคนคือนายพงศธรอายุ29ปีญาตินำไปส่งที่โรงพยาบาลบ้านบึงทีมแพทย์ของทั้ง3โรงพยาบาลก็เร่งให้การช่วยเหลือทั้ง3คนซึ่งเจ็บหนักมาก
16-16520-16.wav	ตำรวจก็เดินทางไปบันทึกภาพเหตุการณ์ไว้เป็นหลักฐาน
16-16520-4.wav	เหตุการณ์นี้เกิดขึ้นในสุสานเจ๊งเล้งนะฮะซึ่งอยู่ที่วัดป่าเขาภูวนารามตำบลบางพระอำเภอศรีราชาจังหวัดชลบุรีครับ
16-16520-8.wav	ส่วนคนเจ็บ3รายทราบชื่อภายหลังคือนายสรศักดิ์ชัยนิชยกุลอายุ39ปีคนนี้ถูกนำตัวส่งโรงพยาบาลพญาไทศรีราชา
16-16520-9.wav	นายพิสิทธิ์พรพัชรามเรืองกุลอายุ30ปีถูกฟ้าผ่าอันนี้คนนี้หนักคือหมดสติไปเลยอาการสาหัสมากแล้วก็ไปอยู่ที่โรงพยาบาลสมิติเวชศรีราชา
16-16523-16.wav	อำเภอเมืองจังหวัดภูเก็ตเมื่อช่วงเย็นวันนี้
16-16523-26.wav	จากการตรวจสอบตั้งแต่ปีที่ผ่านมาครับโดยตรวจสอบกับสถานเลี้ยงต่างในจังหวัด
16-16523-32.wav	เจ้าหน้าที่ชุดไกลทองรุ่มน้ำตาปีนี่แหละร่วมกับประมงจังหวัดภูเก็ต
16-16526-2.wav	แล้วเธอขี่มอเตอร์ไซค์ข้ามจังหวัดหลายจังหวัดคนเดียวครั้งแรกนะค่ะ
16-16531-0.wav	คดีของนายเปรมชัยกรรณสูตรประธานอิตาเลียนไทยกับพวกรวม4คน
16-16531-14.wav	ที่ตรวจยึดได้จากบ้านพักของนายเปรมชัยที่กรุงเทพ
16-16531-47.wav	เบื้องต้นนะคะก็ตรวจสอบพบว่านายเปรมชัยเคยทำเรื่องขอครอบครอง
16-16531-52.wav	บอกว่าตอนนี้เนี่ยทางเจ้าหน้าที่ได้มีการประสานกับทางสภ.ทองผาภูมิจังหวัดกาญจนบุรี
16-16531-63.wav	นางสาวกาญจนานิตยะผู้อำนวยการสำนักอนุรักษ์สัตว์ป่าและพันธุ์
16-16531-64.wav	และนายนพดลพฤกษะวันอดีตราชการกรมอุทยาน
16-16531-66.wav	แต่ยังไม่ได้ระบุว่าเมื่อไหร่นะฮะเรื่องการทำเรื่องการขออนุญาตให้นายเปรมชัย
16-16531-67.wav	เข้าพื้นที่ป่าทุ่งใหญ่นเรศวรนะครับพร้อมกันนี้ก็มีรายงานว่านายวิเชียรชิณวงษ์
16-16531-8.wav	การตรวจเรื่องของการบุกรุกที่ดินที่จังหวัดเลย
16-16532-11.wav	ผู้บาดเจ็บยอมรับว่าเคยคบหากับนายทองบ่อนตอนอยู่กรุงเทพพ่อแม่ฝ่ายชายก็รู้
16-16532-12.wav	แต่ว่านายทองบ่อนอารมณ์ร้อนมักทำร้ายร่างกายเธอมาตลอดแต่ที่ทนไม่ได้เพราะจับได้ว่าไปคบหากับผู้หญิงอีกคนฮะ
16-16532-13.wav	เธอก็เลยหนีกลับมาอยู่บ้านนายทองบ่อนเนี่ยโทรมาง้อตลอดเธอก็ไม่ยอมคืนดีนะครับ
16-16532-22.wav	หลังจากนั้นนายทองบ่อนก็วิ่งหลบหนีไปที่ทุ่งนาข้างบ้านตำรวจครับ
16-16532-23.wav	เพราะว่าช่วงเช้าก่อนเกิดเหตุนั้นนายทองบ่อนที่ก่อเหตุเนี่ยมาดื่มกาแฟสูบบุหรี่ด้วยนะฮะ
16-16532-25.wav	หลังเจ้าหน้าที่ปิดล้อมป่าหญ้าที่บริเวณแถวนั้นตลอดทั้งคืนก็พบว่านายทองบ่อนนั้นมาหลบซ่อนตัว
16-16532-26.wav	กระทั่งช่วงเช้าที่ผ่านมาคุณผู้ชมครับนายทองบ่อนออกมามอบตัวสารภาพว่าอยู่กินกับแฟนสาวมาก่อน
16-16532-6.wav	เมื่อขี่มอเตอร์ไซค์มาถึงหน้าบ้านนะครับนายทองบ่อนจันทชาลีอายุ29ปีครับ
16-16533-12.wav	ไปเลยค่ะที่โรงเรียนตาคงวิทยารัชมังคลาภิเษกอำเภอสังขะจังหวัดสุรินทร์
16-16533-3.wav	จังหวัดสุรินทร์คุณผู้ชมน่าจะจำกันได้นะ
16-16533-5.wav	โรงเรียนกระเทียมวิทยาที่จังหวัดสุรินทร์เขาให้เด็กนักเรียนนุ่งผ้าไทยไปโรงเรียนทุกวันศุกร์
16-16533-9.wav	ซึ่งผ้าไหมสุรินทร์เป็นของขึ้นชื่อของจังหวัดสุรินทร์เขาอยู่แล้ว
16-16534-23.wav	นางสมคิดเป็นผู้ป่วยที่นอนรักษาตัวอยู่นะฮะในห้องแยกโรคชั้น2บอกว่า
16-16534-62.wav	พื้นที่ทั้ง26อำเภอของจังหวัดนี่นะคะ
16-16536-14.wav	หมู่บ้านธัญธานีจังหวัดปทุมธานี
16-16537-56.wav	ก็รีบเดินทางกลับมาที่สุรินทร์เลย
16-16542-5.wav	พิธีปิดมีขึ้นที่มหาวิทยาลัยแห่งชาติสิงคโปร์มีนางซิมอาร์นรัฐมนตรีอาวุโสแห่งรัฐ
16-16543-49.wav	ช่วงปลายปีใครอยากท่องเที่ยวยุโรป
16-16544-11.wav	ในพื้นที่อำเภอแกลงจังหวัดระยองนะครับ
16-16544-67.wav	ช่วงนี้คนเดินทางกันเช็ครถเช็คเส้นทาง
16-16545-61.wav	แต่ก็มานายเดียวผมก็เลยเข้าไปช่วยช่วยเหลือ
16-16547-113.wav	เดินทางมาแจ้งความร้องทุกข์เลยนะคะ
16-16547-130.wav	โดยวันนี้ได้เดินทางมาแจ้งความกับตำรวจกองปราบปราม
16-16547-161.wav	ที่จังหวัดพระนครศรีอยุธยา
16-16547-273.wav	จากการสอบถามนางนิ่มบุญพิมายเจ้าของบ้านเนี่ยก็เล่าให้ฟัง
16-16547-655.wav	จะเดินทางไปกราบแล้วก็ปฏิบัติธรรม
16-16547-694.wav	แล้วปรากฏว่าเขาเนี่ยนางแค้นฝังหุ่นแล้วนางมีพ่อซึ่งมีเป็นยศ
16-16550-33.wav	อำเภอปากช่องจังหวัดนครราชสีมา
16-16556-0.wav	คุณผู้ชมครับไปติดตามกันอีกหนึ่งที่นะจะพาไปที่จังหวัดนครราชสีมา
16-16556-22.wav	ในเขตเทศบาลเมืองบัวใหญ่จังหวัดนครราชสีมา
16-16556-66.wav	บัวใหญ่ในเขตเทศบาลเมืองบัวใหญ่จังหวัดนครราชสีมายายแกจะขายประมาณสัก9โมงเช้าจนถึง4โมงเย็น
16-16558-32.wav	ลูกค้าก็เลยเดินทางมาเพียบเลยค่ะ
16-16559-120.wav	เขาบอกว่านายวรัฐหรือว่านายก๊อตที่ถูกจับพร้อมกับยาเสพติดเนี่ย
16-16559-123.wav	นายวรัฐเนี่ยถูกตำรวจจับที่หน้าบ้านเขาถูกจับที่หน้าบ้านไม่ใช่ในตัวบ้าน
16-16559-124.wav	เหมือนกับตำรวจบังเอิญไปเจอเจอนายวรัฐแล้วขอตรวจค้นตัวแล้วก็เจอยาเสพติด
16-16559-125.wav	ก็เลยเอามานั่งรวมอะไรประมาณตรงเนี้ยค่ะส่วนนายวรัฐเนี่ย
16-16559-126.wav	ครอบครัวเขาเขาไม่รู้เรื่องด้วยไม่เกี่ยวข้องอะไรกับนายวรัฐด้วย
16-16559-127.wav	นายวรัฐถ้าถามว่าจะเกี่ยวข้องอะไรกับครอบครัวเขาก็คือมีหน้าที่คอยส่งข้าวส่งน้ำ
16-16559-43.wav	มีคนนึงที่ถูกควบคุมตัวได้นะครับชื่อว่านายวรัฐวงเพชรเขียวหรือว่าในก๊อตอายุ21ปีที่นั่งอยู่นี่นะฮะ
16-16559-8.wav	นายเสี่ยโป้โป้อานนท์อายุ28ปีนี่ชื่อกับนามสกุลใหม่เขานะ
16-16560-24.wav	บางส่วนเดินทางมาตั้งแต่เมื่อวานนี้
16-16560-28.wav	เดินทางมาจากจังหวัดนครปฐม
16-16560-60.wav	และเนื่องจากวันนี้มีประชาชนเดินทางมาเป็นจำนวนมากนะคะ
16-16561-3.wav	แล้วหนีข้ามจังหวัดคุณรู้ไหมว่าหลานระหว่างทาง
16-16562-8.wav	ล่าสุดของวัดแห่งนี้ในจังหวัดเชียงใหม่
16-16564-66.wav	ปี2560จังหวัดอุบลราชธานีหน่อยค่ะ
16-16564-67.wav	ไม่ว่าจะเป็นชาวจังหวัดอุบลราชธานี
16-16566-16.wav	อ่ะเหลืออีก300กิโลเมตรนะคะเราก็จะถึงจังหวัดเลยกันแล้วค่ะ
16-16566-5.wav	ซึ่งครั้งนี้ได้ใช้เส้นทางหลวงหมายเลข1ผ่านจังหวัดสระบุรีมุ่งหน้าเส้นทางหลวงหมายเลข2นครราชสีมา
16-16566-6.wav	และเข้าทางหลวงหมายเลข201ผ่านจังหวัดชัยภูมิเข้าสู่จังหวัดเลย
16-16566-7.wav	ในระหว่างการเดินทางเราก็ได้สัมผัสกับเบาะนั่งกระชับลำตัวแบบไม่อึดอัดปรับไฟฟ้าได้6ทิศทาง
16-16567-4.wav	ต้องระวังนะคะคราวนี้เนี่ยเขาไปเจอที่จังหวัดสงขลา
16-16569-18.wav	อำเภอวัดสิงห์จังหวัดชัยนาท
16-16574-22.wav	ส่วนที่สถานีเกษตรหลวงอ่างขางอำเภอฝางจังหวัดเชียงใหม่
16-16575-3.wav	ก็เดินทางมาเยือนกรุงเทพหานครค่ะเพื่อฉลองการคว้าดับเบิ้ลแชมป์นะคะ
16-16578-10.wav	ก็ได้เดินทางมาที่สถานีตำรวจนครบาลแสมดำ
16-16578-12.wav	นางสาวทุเรียนรอดคำถุยชาวจังหวัดอุบลราชธานีนะคะ
16-16578-44.wav	โดยบอกว่าขณะนี้ชุดสืบสวนอยู่ระหว่างการติดตามตัวนายเนมีน
16-16578-47.wav	เห็นว่าผู้ตายนั่งซ้อนท้ายรถจักรยานยนต์ของนายเนมีน
16-16578-60.wav	ในวันที่เกิดเหตุแล้วก็นายมิ้นเอง
16-16578-66.wav	ว่าที่ผ่านมานางสาวทุเรียน
16-16578-68.wav	นอกจากนี้นายมีนที่เคยทำงานที่โรงงานแห่งนี้
16-16580-10.wav	นายสำเริงหรือหนุ่มอายุ44ปีเนี่ยค่ะทั้งหมดนี้เขาร่วมกัน
16-16580-15.wav	คลอง3อำเภอลำลูกกาจังหวัดปทุมธานีเมื่อ24สิงหาคม
16-16580-18.wav	จนได้ข้อมูลมาว่ากลุ่มผู้ต้องหาไปเช่าห้องพักในจังหวัดชัยนาทเป็นจุดพักยา
16-16580-26.wav	แต่เราจับผู้ที่รับยาเสพติดจากพระได้นะครับมีผู้ต้องหา3คนที่แถลงข่าวไปแล้วคือนายเฉลิมในคิงในแหม่ม24สิงหาที่เราจับกลุ่มยาบ้าได้3ล้าน6แสนเมตรเนี่ยท่านเป็นผู้นำมาส่ง
16-16580-30.wav	ก่อนการแถลงข่าวของตำรวจนครบานตำรวจและเจ้าหน้าที่ฝ่ายความมั่นคงจังหวัดเชียงราย
16-16580-32.wav	อยู่ในพื้นที่ตำบลแม่ข้าวต้มอำเภอเมืองจังหวัดเชียงราย
16-16580-42.wav	ท่านบอกว่าเดี๋ยวจะไปงานศพนะที่จังหวัดพะเยา
16-16580-6.wav	เจ้าอาวาสวัดทรายมูลเป็นเจ้าคณะตำบลแม่ข้าวต้มอำเภอเมืองจังหวัดเชียงราย
16-16585-31.wav	ก็แวะเวียนไปดูไปสั่งซื้อได้ที่บ้านเครื่องเงินประดาพรจังหวัดนครพนมนะคะ
16-16585-3.wav	นั่นก็คือบ้านเครื่องเงินประดาพรค่ะตั้งอยู่ที่เลขที่309หมู่11ถนนพนมพนารักษ์อำเภอธาตุพนมจังหวัดนครพนม
16-16586-132.wav	ติก็เลยคุยกับนางเพ็ญพิสุทธิ์นะคะ
16-16586-61.wav	พูดประมาณนี้ค่ะครับกู้ภัยก็ครับครับเดี๋ยวจะเดินทางไป
16-16587-112.wav	อืมปกติจำวัดที่วัดแห่งหนึ่งในจังหวัดบุรีรัมย์ครับ
16-16588-21.wav	นะค่ะในตัวอำเภอจังหวัดกำแพงเพชรนั่นแหละค่ะ
16-16589-0.wav	คนร้ายนะคะบุกเดี่ยวเข้าไปเลยสวมหมวกโม่งถือมีดเข้าไปในร้านทองแห่งหนึ่งที่อำเภอสัตหีบจังหวัดชลบุรีตั้งใจว่าจะไปชิงทองพอเข้าไปถึงเนี่ยเปิดประตูเข้าไปได้แล้วก็ที่ร้านทองเขาก็จะมีเหมือนกรงเหล็กกั้นใช่ไหมระหว่างคนขายกับคนที่มาซื้อตอนเปิดประตูเข้าไปอ่ะเปิดได้ไม่มีปัญหาแล้วก็ถือมีดเข้าไปด้วยนะ
16-16589-11.wav	ชื่อว่านางสาวรุ่งนภาพานอ่อนอายุ25เขาก็บอกว่าคนร้ายสวมไอ้โม่งถือมีดพุ่งตรงมาเลย
16-16589-3.wav	มีดนี้นะคะคนร้ายก็คือนายธนาอินสำราญอายุ23เป็นชาว
16-16589-4.wav	จังหวัดสุรินทร์เจ้าหน้าที่ก็ปิดล้อมร้านทองแล้วก็พูดคุยกับ
16-16591-58.wav	เพราะว่าน้องจะมีโชว์เต็มวงที่อำเภอนาด้วงจังหวัดเลย
16-16592-2.wav	แล้วก็แชร์กันอยู่ในโลกโซเชียลตำรวจสภ.ขุกขันธ์ที่จังหวัดศรีสะเกษนะคะ
16-16592-44.wav	ตำรวจอีกนายเขาก็เลยเอ๊ะเอายังไงดีเอายังไงดี
16-16595-23.wav	ที่ใช้ข้าวเป็นวัตถุดิบเดินทางเข้ามาเจรจาซื้อข้าวในประเทศไทย
16-16595-24.wav	รวมทั้งส่งคณะเดินทางไปเจรจาขายข้าว
16-16596-17.wav	เป็นตำรวจโรงพักเมืองนครนายยกนะครับก็เล่าให้ฟัง
16-16600-19.wav	จากบ้านของนายแชมป์
16-16601-147.wav	จะไม่เดินทางมาร่วมแถลงข่าวที่กองบัญชาการตำรวจภูธรภาค1ด้วย
16-16601-149.wav	จะเดินทางมาที่ตำรวจภูธรภาค1ซึ่งเป็นจุดที่แถลงข่าว
16-16601-155.wav	รวมไปถึงคุณแม่แล้วนะครับว่าตอนนี้ทางทนายเดชานั้นเดินทางไปรับคุณแม่ที่คอนโดอยู่ครับ
16-16601-156.wav	แล้วก็จะเดินทางมาร่วมในการแถลงข่าวในวันนี้อย่างแน่นอนครับคุณสืบสกุลครับ
16-16601-165.wav	รวมไปถึงอีกหนึ่งกุญสือของคุณเอ็มที่จะเดินทางมาที่กองบังคับการสืบสวนสอบสวนด้วยครับ
16-16601-197.wav	เดินทางมาถึงแล้วเรียบร้อยครับ
16-16601-50.wav	พร้อมกับวันนี้เดินทางมาพร้อมกับทนายเดชา
16-16601-51.wav	ซึ่งตอนนี้ยังไม่มีการเดินทางมาถึงบริเวณจุดแถลงข่าวนะครับ
16-16601-88.wav	ผู้บังคับการตำรวจภูธรจังหวัดนนทบุรี
16-16602-16.wav	เป็นแม่ของนายเจิดนี่แหละก็มีเสียงร้องขอความช่วยเหลือ
16-16602-17.wav	ออกมาจากนางลำจวนนะคะตลอดเลยนะคะพี่สาวเนี่ย
16-16602-19.wav	กระทั่งภรรยาของผู้ใหญ่บ้านที่นายบัญเจิดให้ความเคารพเข้ามาเกลี้ยกล่อม
16-16602-22.wav	ซุกซ่อนอยู่ในกระเป๋ากางเกงของนายเจิดนะคะทีนี้นางลำดวนเขาเล่าค่ะ
16-16602-23.wav	เขาบอกว่านายบัญเจิดเนี่ยเพิ่งจะออกจากคุกในคดียาเสพติดได้ประมาณ3เดือน
16-16602-28.wav	อืมโอ้โหจังหวะเนี้ยนายบัญเจิดเห็นไม่พอใจค่ะค่ะ
16-16602-29.wav	หลังจากนั้นนายบัญเจิดคุ้มคลั่งแล้วก็มีอาการอย่างที่เห็น
16-16602-35.wav	ตำรวจสภบ้านหมี่เขาก็ไปคุมตัวนายบัญเจิดเนี่ยพาไปที่โรงพัก
16-16602-37.wav	เอาทำไมอ่ะเพราะอะไรรู้ไหมคะเพราะว่านายเจิดเนี่ยนะไม่พูดไม่จา
16-16604-78.wav	แล้วก็ยกตัวอย่างอย่างเช่นนายนายสุธิเกียจิราธิวัฒน์เจ้าของห้างเซ็นทรัลอายุ80ปี
16-16605-16.wav	ต่อเนื่องอีกหนึ่งจังหวัดก็คือที่พะเยา
16-16605-43.wav	ระหว่างอำเภอป่าแดดจังหวัดเชียงรายกับอำเภอจุนจังหวัดพะเยา
16-16605-48.wav	ร่วมกันกับภาคส่วนที่เกี่ยวข้องนะเดินทางไปต้องแจกน้ำแล้วอะครับ
16-16605-59.wav	ปิดท้ายกันค่ะที่สุรินทร์นายเฉลิมชัยศรีอ่อน
16-16606-15.wav	ในอำเภอแก้งคร้อจังหวัดชัยภูมิค่ะ
16-16607-14.wav	มามอบตัวกับตำรวจค่ะครับนายหัสดีบอกว่าผู้ตายเป็นลูกชายคนโต
16-16607-43.wav	ผู้บังคับการตำรวจภูธรจังหวัดอุดรธานีได้ควบคุมตัวนายหัสดี
16-16607-51.wav	นี่ฮะก็ทำแผนแบบเนี้ยนะฮะนายหัสดียอมรับว่าเมื่อวานนี้ตอนกลับมาแล้วเห็นลูกชาย
16-16607-58.wav	ระหว่างนั้นนายหัสดีบอกว่ารู้สึกกลัวหันไปเห็นเหล็กแฉลงที่อยู่ข้างบ้านก็เลยหยิบขึ้นมา
16-16607-7.wav	เหตุการณ์เกิดขึ้นเมื่อคืนนี้นะคะที่บ้านเลขที่47หมู่2อำเภอหนองวัวซอจังหวัดอุดรธานีค่ะ
16-16607-83.wav	เสียชีวิตอืมก็เลยเหลือแค่นายวิทูลที่เป็นผู้ตายกับเมีย
16-16607-8.wav	นี่นะคะที่ข้างครัวหลังบ้านพบศพนายวิทูลภูตรีปิดอายุ36ปีถูกทุบที่กระโหลกแบบแตกเลยนะคะ
16-16607-92.wav	ก็คงต้องให้นายหัสดีก็ต้องยอมรับในการที่อยู่ในเรือนจำไปก่อนระหว่างต่อสู้คดี
16-16609-10.wav	อยู่ดีผลเอกประยุทธ์ไปพูดกับประชาชนที่จังหวัดเพชรชบูรณ์
16-16609-183.wav	เรายังเป็นนายของคำพูดอยู่
16-16610-10.wav	หายจากบ้านที่บ้านดอยล้านหมู่4ตำบลวาวีอำเภอแม่สวยจังหวัดเชียงราย
16-16611-13.wav	ช่วยไม่ทันค่ะตำรวจสภ.กระสังที่จังหวัดบุรีรัมย์
16-16611-41.wav	เนื่องจากตรงจุดนี้เป็นรอยต่อ2จังหวัด
16-16611-44.wav	เพราะว่าอาจจะมีการหนีข้ามจังหวัดนะคะ
16-16613-27.wav	อยู่ที่จังหวัดสระแก้วตอนนั้นเนี่ยคุณตาบอกว่า
16-16614-0.wav	ไปที่อำเภออ่าวลึกจังหวัดกระบี่นะคะคือที่นั่นเนี่ย
16-16614-18.wav	กลุ่มอนุรักษ์และสำรวจถ้ำในจังหวัดกระบี่พาใครเข้าไปรู้ไหมคะ
16-16614-28.wav	ด้านโบราณคดีของจังหวัดกระบี่บอกว่า
16-16615-8.wav	เช่นเดียวกับนายจาตุรงค์จันทรังษ์ผู้ช่วยผู้ว่าการสายกำกับสถาบันการเงินธนาคารแห่งประเทศไทย
16-16618-15.wav	นายศุภชัยทองคำมาดูศพแล้วก็ยืนยันว่านี่คือภรรยาของเขา
16-16618-37.wav	หมอดูเนี่ยทำนายว่าภรรยาเขายังมีชีวิตอยู่
16-16618-9.wav	เป็นริมคลองชลประทานนะครับที่พื้นที่อำเภอตาคลีจังหวัดนครสวรรค์
16-16620-7.wav	ไปที่องค์พระปฐมเจดีย์จังหวัดนครปฐม
16-16622-219.wav	ซึ่งบอกเป็นล็อตใหญ่คาโกดังเลยที่จังหวัดฉะเชิงเทราเนี่ย
16-16622-246.wav	หลังจากไปยึดเคตามีนที่โกดังย่านบางประกงจังหวัดฉะเชิงเทราตากลับเพราะว่ามันไม่ใช่ยาเคนะ
16-16622-391.wav	ขณะที่กำลังเดินขึ้นไปยังอุทยานแห่งชาติภูกระดึงจังหวัดเลยค่ะ
16-16622-403.wav	และคณะรวม3คนก็มีการเดินทางมาท่องเที่ยวที่ภูกระดึง
16-16622-406.wav	นักท่องเที่ยวเนี่ยเป็นลมหมดสติโดยมีแพทย์ซึ่งเป็นนักท่องเที่ยวได้ติดตามเจ้าหน้าที่มาช่วยเหลือ
16-16622-413.wav	ดังนั้นเนี่ยก็เลยมีการบอกว่าจากการสอบถามผู้ติดตามที่ร่วมเดินทาง
16-16622-416.wav	ซึ่งค่าใช้จ่ายในการเดินทางนำร่างผู้เสียชีวิตกลับบ้านเกิด
16-16622-425.wav	ดังนั้นเนี่ยการเดินทางเข้าไปท่องเที่ยวโดยเฉพาะขึ้นเขาขึ้นภูอะไรแบบอย่างนี้เนี่ยนะคะ
16-16622-573.wav	ตอนนี้กำลังจะเอากลับบ้านบ้านเขาอยู่ที่จังหวัดอะไรนะ
16-16622-612.wav	บางทีเนี่ยนางก็บ่าบอลุกมาเป็นนางเอกลิเกว่ะ
16-16622-618.wav	เล่นตลกยังพอว่าแต่นางยังควักกระเป๋าทำเพลงอีก
16-16625-17.wav	หมู่17ตำบลบ้านหลวงอำเภอจอมทองจังหวัดเชียงใหม่
16-16625-22.wav	ระหว่างเดินทางก็รณรงค์ประชาสัมพันธ์
16-16625-24.wav	ระหว่างเส้นทางยานพานะท่องเที่ยวต่างๆ
16-16625-31.wav	แล้วก็เดินทางต่อจนถึงยอดดอยอินทนนท์ครับ
16-16625-47.wav	เสร็จสิ้นภารกิจก็เดินทางกลับนะครับ
16-16625-49.wav	ก็ถือว่าสมหวังที่ได้เดินทางมาที่นี่แล้ว
16-16625-4.wav	นี่แหละครับบรรยากาศการเดินจากจังหวัดตรัง
16-16625-56.wav	แล้วก็จะเดินทางต่อไปยังจังหวัดแพร่
16-16627-24.wav	จากนั้นเขากับนายสุดใจก็ซ้อนท้ายรถของรุ่นน้อง
16-16627-59.wav	ยังบอกอีกว่าแม้นายทศพรจะปฏิเสธนะครับ
16-16627-6.wav	ไผ่สุดดาวงอายุ37ปีนายทศพรหรือทศพวงสุวรรณอายุ30ปี
16-16629-30.wav	ที่จังหวัดปราจีนบุรีแล้วก็หายตัวไป
16-16629-32.wav	มีคนไปพบรถจักรยานยนต์ของนางสาวหลิว
16-16629-36.wav	หลังจากนั้นมีเพื่อนชายคนสนิทของนางสาวหลิว
16-16629-41.wav	แต่ศพที่ไปพบอยู่กลางไร่อ้อยในพื้นที่จังหวัดสระแก้วค่ะ
16-16629-47.wav	บอกว่าแม่ของนางสาวหลิวมาแจ้งความไว้
16-16629-45.wav	โดยศพถูกเอาไปฝังไว้ที่สุสานในจังหวัดชลบุรีค่ะ
16-16629-50.wav	แนวทางการสืบสวนพบว่านางสาวหลิวอยู่ที่บ้านเกิดในจังหวัดสระแก้ว
16-16629-51.wav	ในช่วงเวลานั้นคบหากับผู้อำนวยการของโรงเรียนแห่งหนึ่งในจังหวัดสระแก้ว
16-16629-53.wav	นางสาวหลิวก็เลยย้ายไปทำงานที่อื่นก็คือที่ศรีมหาโพธิ
16-16629-57.wav	แต่หายขาดการติดต่อกับครอบครัวนางสาวหลิวไป
16-16629-61.wav	รองผู้บังคับการตำรวจภูธรจังหวัดสระบุรีมาเป็นหัวหน้าคณะทำงาน
16-16629-6.wav	จุดที่ครอบครัวไปทำพิธีเชิญดวงวิญญาณก็คือจุดที่พบศพนางสาวหลิวนะคะ
16-16629-76.wav	หรือติดตามกระดูกของนางสาวหลิว
16-16629-7.wav	ก็คือในไร่อ้อยจังหวัดสระแก้วค่ะ
16-16630-0.wav	ที่โรงแรมแห่งหนึ่งที่จังหวัดเชียงใหม่
16-16630-28.wav	ที่ถนนป่าแดดตำบลป่าแดดอำเภอเมืองจังหวัดเชียงใหม่
16-16631-0.wav	พูดถึงจังหวัดจันทบุรีแน่นอนต้องพูดถึงผลไม้อย่างทุเรียนครับ
16-16631-38.wav	หัวหน้ากลุ่มงานอารักขาพืชสำนักงานเกษตรจังหวัดจันทบุรี
16-16631-8.wav	เจ้าของสวนทุเรียนในตำบลทุ่งเบญจาที่จังหวัดจันทบุรี
16-16635-10.wav	วินจักรยานยนต์รับจ้างที่เห็นเหตุการณ์ชื่อนายสัญชัยแสนบุญเขาเล่าให้เราฟังแบบนี้ครับ
16-16643-6.wav	ครูศูนย์พัฒนาเด็กเล็กที่อำเภอท่าตูมจังหวัดสุรินทร์ค่ะ
16-16645-0.wav	ครับไปที่สาธารณสุขจังหวัดสระแก้วนะที่โปรยเอาไว้
16-16645-4.wav	คุณหมอประภาสผูกดวงสาธารณสุขจังหวัดสระแก้วนะครับ
16-16646-11.wav	ในหลายจังหวัดเลยไม่ว่าจะเป็นลำปางแพร่อุบล
16-16646-34.wav	รวมถึงถ้าเกิดใครจะเดินทางไปสายเหนือเดินทางด้วยรถไฟเนี่ยะ
16-16646-47.wav	พื้นที่นี้วิกฤตครับมีมวลน้ำมหาศาลจากอำเภอวังชิ้นจังหวัดแพร่เนี่ย
16-16646-4.wav	นายกรัฐมนตรีนายเศรษฐาทวีสินเนี่ย
16-16647-171.wav	ทนายตั้มบอกว่าก็ไม่ได้อะไรหรอกก็เป็นห่วงสส.เต้
16-16647-192.wav	ทนายกฤษณะก็อยู่กับสส.เต้มงคลกิจตลอดอะเนาะ
16-16648-21.wav	ขณะที่เดินทางกลับมาจากพีพีจะไปส่งที่โรงแรมตัวเมือง
16-16648-52.wav	นายอัดชาบัวจันทร์ขนส่งภูเก็ตไม่รอช้าครับเดี๋ยวเรียกทั้งสองฝ่ายมาสอบข้อที่จริงนะฮะ
16-16651-11.wav	คือนายนาคามุลาลิน
16-16652-17.wav	พระเจ้าเมตตามากเพราะว่านางสวยจนต้องร้องขอชีวิตค่ะคุณผู้ชมขา
16-16655-0.wav	ไปต่อที่จังหวัดตรังต้องบอกว่าสามีคนนึงไม่ทำมาหากิน
16-16655-10.wav	ที่เกิดเหตุก็คืออยู่ที่บ้านหลังหนึ่งในพื้นที่หมู่4ตำบลห้วยยอดอำเภอห้วยยอดที่จังหวัดตรัง
16-16655-14.wav	คนก่อเหตุคือนายสัมพันธ์อายุ40ปีซึ่งเป็นสามีครับ
16-16655-32.wav	ทีมข่าวไปคุยกับแม่ของผู้ตายครับบอกว่านายสัมพันธ์เนี่ยลูกเขยเนี่ยนะกับลูกสาวนะอยู่กินกันมาหลายปีแต่ว่าไอ้ลูกเขยคนนี้เขาว่างั้นนะติดเหล้าติดยาพอติดยาเสร็จปุ๊บก็จะหลอนหลอนว่ามีคนมาทำร้ายบ้างอะไรบ้างเวลาออกไปกรีดยางได้เงินมาถามว่าให้ลูกไหมให้เมียไหมไม่ไปซื้อยามาเสพจนหมดหมดเลยครับพอเงินไม่พอก็ขอลูกสาวพอลูกสาวไม่ให้
16-16656-101.wav	เขามีประวัติเพิ่งเดินทางกลับจากอังกฤษถึงไทย14มีนาคมนะคะ
16-16656-108.wav	แต่ว่าไม่ได้เดินทางกลับมาพร้อมกับคณะ
16-16656-146.wav	สำหรับผู้เสียชีวิตตรวจสอบว่าเดินทางมาจากปากีสถาน
16-16656-148.wav	ก็เลยสามารถเดินทางมาได้ด้วยรถไฟในวันที่30มีนาคมที่ผ่านมานั่นเองค่ะ
16-16656-150.wav	ผู้บัญชาการเรือนจำจังหวัดนครนายกติดโควิด19
16-16656-157.wav	นายแพทย์บุญมีวิบูลย์จักร์ผู้บัญชาการเรือนจำจังหวัดนครนายกล้มป่วยด้วยโรคปอดอักเสบ
16-16656-162.wav	ที่เดินทางมานั่งรอหน้าเรือนจำเพื่อติดต่อเข้าเยี่ยม
16-16656-170.wav	นำชุดปฏิบัติการพิเศษ10นาย
16-16656-183.wav	ของผู้บัญชาการเรือนจำจังหวัดนครนายก
16-16656-214.wav	แล้วก็เป็นรายที่4ของจังหวัดชายแดนภาคใต้
16-16656-234.wav	ห้ามประชาชนเดินทางเข้าออกเขตพื้นที่จังหวัดแม่ฮ่องสอนตั้งแต่4ทุ่มจนถึงตี4
16-16656-239.wav	ห้ามผู้ที่ไม่มีสัญชาติไทยเดินทางเข้าไปจังหวัดแม่ฮ่องสอนในทุกกรณี
16-16656-240.wav	ผู้ที่มีสัญชาติไทยที่เดินทางมาจากกรุงเทพหรือต่างจังหวัด
16-16656-241.wav	ทั่งปริมณฑลและจังหวัดในพื้นที่เสี่ยง
16-16656-243.wav	เพื่อกักตัว14วันก่อนจะให้เข้าไปยังพื้นที่ของจังหวัดแม่ฮ่องสอนต่อไป
16-16656-244.wav	อันนี้ก็เป็นมาตรการเข้มข้นที่แต่ละจังหวัดนั้นเขาสามารถดำเนินการได้
16-16656-54.wav	ที่เพิ่มมา2ศพเนี่ยรายแรกเป็นชายอายุ79ปีอยู่ใน3จังหวัดชายแดนภาคใต้
16-16656-56.wav	รายที่2อายุ58ปีเป็นนักธุรกิจที่เดินทางกลับมาจากอังกฤษ
16-16656-82.wav	เป็นชายชาวจังหวัดยะลาอายุ79ปี
16-16656-85.wav	เขาเดินทางไปร่วมงานแต่งงานที่มาเลเซียในวันที่7มีนาคมค่ะ
16-16656-94.wav	ก็มีการส่งตัวต่อไปที่โรงพยาบาลประจำจังหวัด
16-16659-5.wav	พวกเธอเนี่ยไม่ลืมนะคะที่จะเดินทางมาขอบคุณบันเทิงไทยรัฐค่ะ
16-16659-8.wav	ตอบคำถามปั๊วทุกนางค่ะบอกเลย
16-16660-13.wav	ในพื้นที่ตำบลห้วยใหญ่อำเภอบางละมุงจังหวัดชลบุรีครับ
16-16661-78.wav	และเดินทางมาง่ายๆห่างจากหอนาฬิกาหัวหินราว11กิโลเมตร
16-16663-14.wav	จากศาลากลางไปที่สนามกีฬากลางจังหวัดขอนแก่นนั่นเอง
16-16663-4.wav	โอ้โหเดินทางมาต้อนรับค่ะมาขอถ่ายรูป
16-16664-0.wav	คุณผู้ชมดูเรื่องราวที่อำเภอบางละมุงจังหวัดชลบุรีกันหน่อยนะคะ
16-16664-10.wav	ซึ่งบริเวณบ้านพักของนายนิรันดร์เนี่ยตำรวจไปตรวจพบเนี่ยคราบเลือดยังแห้งกรังอยู่เลยค่ะครับ
16-16664-16.wav	ทีนี้เบื้องต้นตำรวจไปสอบถามสอบปากคำนายนิรันดร์
16-16664-19.wav	ซื้อมาจากฟาร์มในเขตอำเภอบางละมุงจังหวัดชลบุรีนั่นแหละค่ะ
16-16664-26.wav	เนื่องจากว่าตัวเขาเองนายนิรันดร์บอกตำรวจบอกว่า
16-16664-33.wav	มีข้อมูลว่าม้าที่อยู่ในการครอบครองของนายนิรันดร์เนี่ย
16-16664-8.wav	อายุ33ปีเจ้าหน้าที่จับกุมได้ที่บ้านพักตำบลตะเคียนเตี้ยอำเภอบางละมุงจังหวัดชลบุรี
16-16667-0.wav	วันนี้นะคะหลวงปู่พุทธอิสระก็เดินทางไปยื่นหนังสือ
16-16667-13.wav	รวมถึงนายจตุพรพรมพันธ์ุกลุ่มคนเสื้อแดง
16-16667-4.wav	หลวงปู่พุทธอิสระวัดอ้อน้อยจังหวัดนครปฐมค่ะ
16-16670-35.wav	บอกว่าตอนนี้ได้เตรียมแผนในการรับตัวนายทักษิณเอาไว้แล้วนะฮะ
16-16670-43.wav	วันนี้ก็ได้แจกแจงขั้นตอนนะครับบอกว่าเมื่อคุณทักษิณเดินทางมาถึงสนามบินนะฮะ
16-16670-70.wav	ทักษิณบอกจะกลับ10สิงหาคมเนี่ยนายทักษิณบอกแบบนั้นนายกว่ายังไง
16-16670-76.wav	นายกว่ายังไงนายกถามเลยค่ะกลับจริงหรือเปล่าล่ะ
16-16672-106.wav	ใช่ค่ะคุณผู้ชมครับนอกจากนี้เมื่อวานมีหมอธรรมมาจากจังหวัดบุรีรัมย์ชื่อว่านายถนอมสุดหอมมาให้กำลังใจครอบครัวของน้องชมพู่
16-16672-14.wav	อันนั้นผู้ต้องสงสัยคนหนึ่งชื่อนายชัด
16-16672-37.wav	คือสั่งมาให้เขาเดินทางข้ามจังหวัดมาค่ะ
16-16672-38.wav	เสียงใครไม่รู้สั่งมาให้เขาเดินทางมาเรื่อยข้ามจังหวัดนู้นจังหวัดนี้
16-16672-47.wav	ก็ทราบชื่อว่าคือนายสงบอายุ56ปี
16-16672-49.wav	แล้วก็มีคนมาพบที่บริเวณเถียงนาของนายสมคิด
16-16672-50.wav	ซึ่งนายสมคิดก็เป็นคนในชุมชนซึ่งก็ถือว่าเป็นหนึ่งผู้ต้องสงสัย
16-16672-54.wav	แต่ว่าการพบตัวนายสงบ
16-16672-55.wav	เพราะนายสงบมาอยู่บริเวณเถียงนาของนายสมคิด
16-16672-59.wav	นายสงบก็บอกว่าเดินมาจากบ้านกกตูม
16-16672-64.wav	และกระสอบปุ๋ยที่นายสงบถือติดตัวมาด้วย
16-16672-91.wav	ใช่ค่ะทีนี้พอบางอย่างถามนายสงบนายสงบก็ตอบได้บ้าง
16-16673-154.wav	ที่จะเดินทางไปจังหวัดนู้นจังหวัดนี้
16-16673-360.wav	จังหวัดบุรีรัมย์ต้องไม่พลาดแล้วล่ะครับและตอนนี้ก็ถึงเวลาที่ซินแสไชย
16-16674-11.wav	โดนไฟคลอกได้รับบาดเจ็บ5นาย
16-16674-12.wav	ในจำนวน5นายมีเจ้าหน้าที่ได้รับบาดเจ็บสาหัส2นาย
16-16674-14.wav	ว่ามีเจ้าหน้าที่ดับเพลิงเสียชีวิต1นายค่ะคุณผู้ชม
16-16675-8.wav	โดยนายชาติชายพยุหนาวีชัยผู้อำนวยการธนาคารออมสิน
16-16677-104.wav	ที่ทำการธนาคารในอำเภอหาดใหญ่จังหวัดสงขลาค่ะ
16-16677-140.wav	นายอุตตมสาวนายนรัฐมนตรีว่าการกระทรวงการคลังบอกว่าลงทะเบียนผ่านเว็บไซต์เท่านั้นนะคะ
16-16677-142.wav	ไม่ต้องเดินทางไปที่สาขาของธนาคารค่ะ
16-16677-8.wav	โดยรัฐมนตรีว่าการกระทรวงการคลังนายอุตตมสาวนายน
16-16678-10.wav	ตอนนี้ก็เริ่มมีสื่อมวลชนบางสำนักนะคะที่เดินทางมาปักหลักรอติดตามข่าวนะคะของคุณโอวรุฒวรธรรม
16-16678-14.wav	ตั้งใจเดินทางมาร่วมรับร่างของคุณโอในช่วงสายวันนี้ด้วย
16-16678-16.wav	ครอบครัวจะเดินทางมาติดต่อทำเรื่องเพื่อนำร่างของคุณโอไปประกอบพิธีทางศาสนา
16-16678-22.wav	นอกจากที่จะมีเพื่อนศิลปินดาราแล้วเมื่อวานทีมข่าวเราก็ได้พบกับแฟนคลับนะคะที่ตั้งใจเดินทางมาให้กำลังใจ
16-16678-20.wav	แต่ว่าเมื่อวานนี้ก็พบว่ามีเพื่อนดาราที่ตั้งใจมาเยี่ยมแล้วก็มาให้กำลังใจครอบครัววรธรรมทั้งคุณปิงปองสะแกวัลย์นะคะคุณตั้มสมประสงค์รวมถึงเพื่อนสนิทอย่างคุณนีโน่ที่เดินทางมาในช่วงบ่ายแต่ว่าก็ไม่ได้ให้สัมภาษณ์ใดๆนะคะแล้วก็ใช้เวลาอยู่ในห้องไอซียู2ชั่วโมงแล้วก็เดินทางกลับมีขึ้นอินสตาแกรมส่วนตัวเพื่ออัปเดตอาการของพี่โอวรุฒ
16-16678-25.wav	คุณผู้ชมค่ะนี่เป็นภาพบรรยากาศสดๆขณะนี้นะคะที่คุณผู้ชมได้เห็นดิฉันยืนอยู่ที่โรงพยาบาลนครพิงค์จังหวัดเชียงใหม่นะคะ
16-16678-1.wav	ทีนี้เดี๋ยวจะพาไปดูบรรยากาศที่โรงพยาบาลนครพิงค์จังหวัดเชียงใหม่ค่ะ
16-16678-3.wav	ส่วนทางด้านครอบครัวของคุณโอวรุฒเนียล่าสุดก็คือเดินทางออกจากโรงพยาบาลแล้วนะคะ
16-16678-29.wav	ดิฉันรัชนีคำนึงควรข่าวไทยรัฐทีวีรายงานสดจากโรงพยาบาลนครพิงค์จังหวัดเชียงใหม่ค่ะ
16-16678-5.wav	รายงานจากโรงพยาบาลนครพิงค์จังหวัดเชียงใหม่ค่ะ
16-16678-7.wav	คุณผู้ชมค่ะที่ฉันเดินทางมาถึงที่โรงพยาบาลนครพิงค์จังหวัดเชียงใหม่นะคะ
16-16679-6.wav	พิจารณาเรื่องของนายพิธาลิ้มเจริญรัตน์
16-16681-0.wav	อีกเหตุการณ์หนึ่งนะคะจากเหตุการณ์ที่เสียบ่อกุ้งถูกเพื่อนรักยิงในพื้นที่จังหวัดนครปฐม
16-16681-26.wav	กระทั่งเพื่อนบ้านมาบอกว่านายแบงค์ถูกยิงเสียชีวิต
16-16681-27.wav	รีบมาดูพร้อมกับนางโปรงมณีรุ่งสุวรรณ
16-16682-12.wav	ในตำบลบ้านพร้าวอำเภอบ้านนาจังหวัดนครนายก
16-16682-15.wav	เขาได้ขนปูนมาจากอำเภอแก่งคอยจังหวัดสระบุรี
16-16682-34.wav	คือนางวันวิสาเข็มทองอายุ34ปีก็เล่าว่า
16-16682-35.wav	นายประเสริฐมาแวะเติมน้ำมันที่ร้าน
16-16682-8.wav	ประเสริฐลานอกอายุ54ปีเป็นชาวจังหวัดชัยภูมิ
16-16683-22.wav	ที่ตั้งร้านแผงลอยบนทางเท้าช่วงตลาดหนามแดงตำบลเทพารักษ์อำเภอเมืองจังหวัดสมุทรปราการค่ะ
16-16684-0.wav	คุณผู้ชมครับโรงพยาบาลเอกชนที่จังหวัดจันทบุรี
16-16685-18.wav	วัดประชาสังคมอยู่ที่อำเภอชุมพลบุรีจังหวัดสุรินทร์นะครับ
16-16685-57.wav	อยู่ที่อำเภอชุมพลบุรีจังหวัดสุรินทร์นะครับ
16-16685-79.wav	ปกติน้องสะใภ้อยู่ที่อำเภอพลจังหวัดขอนแก่น
16-16685-80.wav	ก็เลยพามาที่จังหวัดสุรินทร์ระหว่างทางก็พยายามหาวัด
16-16686-15.wav	ล่าสุดจากการตรวจสอบตอนนี้มีจังหวัดชุมพรสุราษฎร์ธานีนครศรีธรรมราช
16-16686-19.wav	ใครที่จะเดินทางออกจากบ้านหรือว่าไปทำกิจกรรมกลางแจ้ง
16-16686-4.wav	ร่วมเดินทางท่องเที่ยวตามจุดต่างทั่วไทยสภาพอากาศจะเป็นอย่างไร
16-16686-77.wav	ยังไงใครที่จะเดินทางทำกิจกรรมต่างๆทั่วไทยก็ดูแลรักษาสุขภาพกันด้วยนะครับ
16-16687-26.wav	คนร้ายคือนายบุญฤทธิ์ค่ะอนุรักษ์อายุ39ปี
16-16690-118.wav	นั่นก็คือเรื่องจังหวัดกาญจนบุรี
16-16690-120.wav	เอาจังหวัดกาญจนบุรี
16-16690-137.wav	ไม่ใช่คนจังหวัดกาญจนบุรี
16-16690-13.wav	เรื่องที่2จังหวัดกาญจนบุรี
16-16690-150.wav	อําเภอเลาขวัญจังหวัดกาญจนบุรีตั้งแต่เกิด
16-16690-92.wav	ก็คือเรื่องจังหวัดกาญจนบุรีเรื่องวอลเลย์บอลเรื่องภาษาไทยระดับชั้นป.4
16-16691-27.wav	หลังจากนั้นคุณจะได้เดินทางไปไหนก็ได้ในประเทศไทย
16-16691-83.wav	ลิซ่าอาจจะถูกรับเชิญไปที่จังหวัดภูเก็ต
16-16692-15.wav	อำเภอพานทองจังหวัดชลบุรีค่ะคุณผู้ชม
16-16694-7.wav	ที่อําเภอจตุรพักตรพิมานจังหวัดร้อยเอ็ดก็เขาไปจับภาพ
16-16696-19.wav	นางคือความภาพภูมิใจของคนไทยนะคะไม่ว่าเขาจะไปรับเรื่องไหนของค่ายไหน
16-16697-41.wav	ระดับผู้ว่าจังหวัดผู้ว่าราชการจังหวัดพะเยา
16-16698-23.wav	ชื่อนางสาวจุฑาวรรณสุพรรณหรือน้องน้ำฝนนี่แหละ
16-16698-4.wav	ทางครอบครัวก็เดินทางไปดูศพก็ปรากฏว่าจำได้ว่านี่น้องน้ำฝนล่ะ
16-16698-67.wav	ตำรวจนครบาลบึงกุ่มก็ได้นำตัวนายมานพ
16-16701-13.wav	อยู่หมู่2ตำบลกุแหระอำเภอทุ่งใหญ่จังหวัดนครศรีธรรมราชฮ่ะ
16-16705-37.wav	จะขยายไปรับบริการจังหวัดใกล้เคียงต่อไปด้วย
16-16709-18.wav	แล้วก็เย็นทั่วจังหวัดนะคะเอออากาศเย็นอุณหภูมิลดแบบนี้นักท่องเที่ยว
16-16709-23.wav	ท่องเที่ยวลมแรง
16-16709-7.wav	บนยอดดอยอุทยานแห่งชาติดอยอินทนนท์อำเภอจอมทองจังหวัดเชียงใหม่
16-16710-30.wav	ไม่ว่าจะอยู่ที่บ้านระหว่างการเดินทางหรือท่องเที่ยวพักผ่อน
16-16711-19.wav	กลุ่มผู้ต้องหาโทรศัพท์ไปหานางวิลัยพันธ์ภูวพัฒน์
16-16712-1.wav	ที่จังหวัดหนองบัวนะครับเกมระหว่างหนองหนองบัวพิชญเอฟซีนั้น
16-16713-0.wav	ทีนี้จะพาไปดูเรื่องของการสร้างอาชีพสร้างรายได้ที่จังหวัดปราจีนบุรี
16-16713-6.wav	อยู่ในพื้นที่ของวัดนางเลงนะคะตำบลกบินทร์อำเภอกบินทร์บุรีจังหวัดปราจีนบุรี
16-16714-6.wav	ที่บ้านม่วงน้ำตำบลปาฝาอำเภอจังหารจังหวัดร้อยเอ็ด
16-16716-9.wav	อยู่ที่อำเภอปลวกแดงจังหวัดระยองค่ะ
16-16717-229.wav	โอเคแหมดิฉันเมื่อก่อนเนี่ยเอาเจ้าสาวส่งไปให้นางตัดตั้งหลายคนนะ
16-16717-245.wav	สายใหญ่จังหวัดนครศรีธรรมราชครับดูครับได้มีรถจักรยานยนต์นะฮะ
16-16717-508.wav	เพราะต้องการให้นายเห็นใช่ไหมว่าไม่สบายจริง
16-16717-522.wav	เพื่อเดินทางไปกับดาวอังคารกับยานสำรวจในปี2020นะฮะ
16-16717-58.wav	ก็ยิ่งสร้างความเดือดร้อนช้ำใจให้กับนางสาวดา
16-16717-60.wav	ล่าสุดนะฮะน้าสาวของนางสาวดาอดีตเจ้าสาวเสี่ยหมื่นล้าน
16-16717-664.wav	ในจังหวัดที่เป็นแหล่งท่องเที่ยวในภาคตะวันออก
16-16717-79.wav	นะฮ่ะนายท็อปมาสู่ขอลูกสาวเพียงคนเดียว
16-16717-181.wav	คือพอเราขึ้นเครื่องอย่างนี้แล้วนางไปทำยังไง
16-16717-808.wav	ขอร้องนางไปทำฝ่ายน้ำด้วยจ้ะ
16-16717-851.wav	เห็นนางท้องป่องๆเบาๆเหมือนคนท้อง
16-16719-61.wav	มาเป็นสมาชิกอบต.มาเป็นนายกอบต.มาเป็นสมาชิกอบจ.
16-16719-62.wav	มาเป็นนายกอบจ.หรือมาเป็นนายกเทศมนตรี
16-16719-69.wav	เวลามีการเลือกนายกอบต.กันที่นึงเนี่ย
16-16719-85.wav	เลือกนายกอบต.กันทีนึงซื้อเสียงกันพันหนึ่ง
16-16720-0.wav	คุณผู้ชมพาไปที่จังหวัดสุรินทร์กันหน่อยนะคะ
16-16720-14.wav	อำเภอรัตนบุรีจังหวัดสุรินทร์ตรงนี้เป็นจุดเกิดเหตุอยู่ข้างสวนอาหารเรือนชมพูนะคะ
16-16720-18.wav	ก่อนเกิดเหตุเนี่ยขนปี๊บบรรจุปลาร้ามาจากจังหวัดกาฬสินธุ์
16-16720-19.wav	กำลังจะไปส่งที่อำเภอสำโรงทาบจังหวัดสุรินทร์ขับมาก็ไม่เร็วมากนัก
16-16724-19.wav	ก่อนถึงด่านทางหลวงแก่งคอยจังหวัดนครราชสีมา
16-16725-30.wav	เข้าใจว่าคนนี้คือนายเพชรก็เลยพา30คนไปรุมทำร้ายแต่ผิดตัวครับเพราะตอนนั้นเนี่ยผู้เสียหายสวมหมวกกันน็อกอยู่
16-16729-14.wav	ว่าที่ส.ส.ของเขานายอิทธิพรบุญประคองประธานกกต.
16-16729-20.wav	คือ1จังหวัดสมุทรสงครามมีการขโมยบัตรเลือกตั้งทั้งเล่ม
16-16729-22.wav	จังหวัดอุทัยธานีมีการนำบัตรประชาชนของบุคคลอื่น
16-16729-24.wav	จังหวัดกาฬสินธุ์พบมีการทำเอกสารปลอม
16-16729-56.wav	และหัวหน้าคสช.ที่ก่อนหน้านี้ลงพื้นที่ไปที่จังหวัดนครศรีธรรมราช
16-16729-67.wav	โค้งสุดท้ายของการเลือกตั้งไปในฐานะนายกรัฐมนตรีของประเทศ
16-16730-0.wav	ส่วนเมื่อวานนี้นายกรัฐมนตรีลงพื้นที่ที่อำเภอวิเศษชัยชาญที่อ่างทองแล้วก็ที่อำเภอป่าโมกนะครับก็นำของยังชีพไปช่วยเหลือประชาชนแล้วก็ไปให้กำลังใจประชาชนรวมถึงได้เปิดเผยนะครับว่าในหลวงรัชกาลที่10ทรงห่วงใยประชาชนก่อให้มีการจัดทำทั้งแผนหลักแผนรองแผนเผชิญเหตุ
16-16730-18.wav	ก็เดินทางไปที่เทศบาลบางจักเพื่อเยี่ยมเยี่ยมประชาชน
16-16730-2.wav	นี่ก็เป็นบรรยากาศในการที่เดินทางไปตรวจเยี่ยมพื้นที่ที่จังหวัดอ่างทองนะฮะ
16-16730-39.wav	หลังประชุมครม.ก็จะเดินทางไปที่ขอนแก่นนะครับ
16-16350-39.wav	นายสุรชัยกำลังผูกเหล็กเพื่อทำบ่อพักระบายน้ำอยู่ด้านล่าง
16-16730-5.wav	ดังนั้นนายยกลงไปก็ให้กำลังใจประชาชนแล้วก็แจกของยังชีพโดยบอกว่า
16-16731-13.wav	โดยโค้ชโต่ยมีแผนเดินทางไปศึกษาดูงานโปรลายเส้นที่ประเทศญี่ปุ่น
16-16733-13.wav	ไปสอบถามนางสาวบังอรทวีกุลประธานกลุ่มแม่บ้านชุมชนวัดลีค่ะ
16-16733-6.wav	ตั้งอยู่ที่ตำบลเวียงอำเภอเมืองจังหวัดพะเยาค่ะ
16-16735-0.wav	เหตุการณ์นี้เกิดขึ้นในพื้นที่จังหวัดสมุทรปราการนะครับ
16-16735-17.wav	และระดมฝ่ายสืบสวนทั้งของโรงพักจังหวัดและของภาค1
16-16735-3.wav	ในพื้นที่จังหวัดฉะเชิงเทราด้วยนะครับ
16-16737-11.wav	ตอนนี้ค่ะมีทั้งชาวไทยชาวต่างชาติเดินทางมาเป็นจำนวนมาก
16-16737-19.wav	เหล่าเซียนพระชาวไทยก็เดินทางมาเช่าวัตถุมงคลของหลวงพ่อคูณ
16-16737-48.wav	ก็จะมีบรรยากาศแบบนี้แหละคึกคักหลายๆจังหวัดเลย
16-16737-9.wav	ว่ากันว่ามากที่สุดในจังหวัดก็ว่าได้คุณ
16-16741-25.wav	นี่ครับพระบิดาครับเรียกตัวเองว่าพระบิดาชื่อไทยชื่อนายนธี
16-16741-67.wav	เขียนชื่อว่านางกัน
16-16741-8.wav	ผมไม่โทษท่านผู้ว่าชัยภูมินะค่าคือท่านจะรู้ทุกเรื่องมันก็คงเป็นไปไม่ได้หรอกในจังหวัด
16-16742-15.wav	คนนั้นน่ะคือนายสุรสิทธิ์นะคะ
16-16742-23.wav	แล้วอยู่นายสุรสิทธิ์ก็มาหาบอกนั่งกินเหล้ากัน
16-16742-29.wav	เอาปืนนายสุรสิทธิ์ไปถอดกระสุนออก
16-16742-40.wav	นายสุรสิทธิ์นอนหงายเลือดอาบหน้าแล้วอะค่ะ
16-16743-42.wav	ทนายรณรงค์แก้วเพชรนะครับนี่โพสต์ข้อความในเฟซบุ๊คส่วนตัวนะครับ
16-16744-113.wav	แล้วก็โน่นปาดหน้าไปที่จังหวัดราชบุรี
16-16744-124.wav	การปราศรัยของบริวารลูกน้องแรกๆก็จะเชียร์นายของตัวเอง
16-16744-127.wav	การปราศรัยว่านายของตัวเองเหมาะสมกว่าเนี่ยฟังไม่สนุก
16-16744-129.wav	นายของเราเนี่ยสู้นายของเราไม่ได้ตรงไหนมีปัญหาตรงไหน
16-16744-136.wav	กับพรรคพลังประชารัฐที่ต่างฝ่ายต่างชูนายของตัวเอง
16-16744-94.wav	วันหนึ่งต้องไปลงพื้นที่สมัครเลือกตั้งในจังหวัดร้อยเอ็ด
16-16745-0.wav	ครับไปดูเรื่องนี้ค่ะที่จังหวัดชัยนาทเดี๋ยวให้ไปดูภาพคนเจ็บก่อนเลยแล้วเดี๋ยวจะเล่าที่มาที่ไปให้ฟังคนเจ็บนะคะนายแผนอายุก็เยอะแล้วอายุ65ปีถูกคนร้ายอ่ะค่ะเอามีดฟันเข้าที่หลังเข้าที่ตัวบาดแผลนี่เวอะวะนอนร้องขอความช่วยเหลือดูสิคะ
16-16745-19.wav	ทั้งมีดเหน็บมีดเหรียญเนี่ยมาฟันตาแผนนางเอื้อมพรมคล้ายอายุ73เป็นเพื่อนบ้านนะคะ
16-16745-3.wav	แล้วที่ดินก็เป็นที่ตาบอดต้องเดินผ่านบ้านของลุงแผนทุกวันครับเขาอ้างว่าลุงแผนคนนี้ไม่ยอมให้เขาใช้ทางผ่านเข้าบ้านตัวเองที่อยู่ด้านในแล้วยังไงแล้วทะเลาะกันลุงแผนน่ะผลักพ่อเขาล้ม2รอบครับเขาก็เลยโมโหเข้าไปหยิบมีดแล้วก็มาฟันลุงเลยเขาบอกแบบนี้นะคะนี่ค่ะลุงแผนนะคะนายสละพรมคล้ายอายุ65นะคะถูกมีด
16-16745-67.wav	การเข้าออกที่ดินของในรมในเวลานี้ที่ต้องเดินผ่านที่ดินของนางสมจิตแล้วก็ในแผนเนี่ยนะ
16-16745-84.wav	ทีนี้ค่ะนายสัมฤทธิ์พ่อของนายรมคนก่อเหตุก็ขอให้ข้อมูลบ้างเขาก็บอกว่าเมื่อวานเนี่ยนะเขากับลูกเนี่ยไปถ่างหญ้า
16-16745-86.wav	นายสัมฤทธิ์บอกว่านี่ไงที่ข้อศอกด้านซ้ายอ่ะยังมีแผลอยู่เลยนายรมลูกชายก็เลยโมโหไม่พอใจก็เลยไปเอาคืนแต่พอเห็นว่าลูกชายทำร้ายนายแผนนายสัมฤทธิ์บอกว่าผมก็เข้าไปห้ามลูกนะแล้วก็พากลับบ้านนะไอ้ที่พากันออกไปเนี่ยไม่ได้หลบหนีเลยมาเก็บของบอกญาติๆให้หารถ
16-16746-0.wav	กันก่อนเลยนะคะที่หาดใหญ่จังหวัดสงขลา
16-16746-4.wav	ที่อำเภอหาดใหญ่จังหวัดสงขลานะคะแต่ไปไม่ถึงฝันค่ะ
16-16746-53.wav	จังหวัดสงขลาแล้วก็รวมถึงพื้นที่ใกล้เคียงแล้วนะคะ
16-16747-102.wav	ให้แก่องค์การบริหารส่วนจังหวัด49จังหวัด
16-16747-1.wav	กับผมนายอาคมเติมพิทยาไพสิฐ
16-16747-50.wav	การเดินทางไปราชการต่างประเทศเป็นต้น
16-16747-74.wav	ที่ถ่ายโอนให้องค์การบริหารส่วนจังหวัด49จังหวัด
16-16747-79.wav	ศูนย์อำนวยการบริหารจังหวัดชายแดนภาคใต้
16-16747-81.wav	เจ้าหน้าที่รัฐและบุคลากรในพื้นที่จังหวัดชายแดนภาคใต้
16-16748-16.wav	และถ้าใครสนใจอยากจะลองมาสัมผัสกับตลาดวัฒนธรรมแบบใกล้ชิดก็สามารถเดินทางมาอุดหนุนได้ค่ะ
16-16748-8.wav	อย่างบูธของชาวชุมชนไทยทรงดำเขาหัวจีนที่ยกร้านค้ามาจากจังหวัดราชบุรี
16-16751-14.wav	หลังจากรับแจ้งเหตุว่ามีคนถูกยิงตายนี่คือรถคันที่นายแม็กซ์ขับมา
16-16752-10.wav	ส่วนผู้ต้องหาที่ถูกออกหมายจับอีกคนนึงที่มาด้วยกันเนี่ยคือนายุทธนาคนนี้แหละคือคนที่ขี่รถจักรยานยนต์และใช้ปืนยิงพนักงานรักษาความปลอดภัยที่เข้ามาช่วยนายอุดมจนเสียชีวิต
16-16752-11.wav	ตอนนี้นายยุทธนาคนนี้กำลังหลบหนีอยู่นะคะโดยการทำแผนประกอบคำรับสารภาพจุดแรกเนี่ยคือที่บริเวณร้านค้าหน้าสนามมวยลุมพินีที่นายจิรพันธ์ใช้ไม้ตีนายอุดม
16-16752-12.wav	ส่วนจุดที่สองก็คือบริเวณคูน้ำย่านรามอินทราที่ผู้ต้องหาเอาไม้มาทิ้งไว้ค่ะนายจิรพันธ์รับสารภาพนะคะบอกว่าเอาไม้ไปตีนายอุดมจริงๆ
16-16752-13.wav	เพราะว่าไม่พอใจที่นายอุดมเนี่ยเป็นกรรมการตัดสินให้นักมวยที่เชียร์เป็นฝ่ายแพ้ทำให้เสียพนันเป็นเงินถึง20000บาทด้วยกัน
16-16752-4.wav	จับได้คาด่านเลยด้วยเพราะว่ากำลังจะหนีออกนอกประเทศค่ะนายจิรพันธ์โกยทรัพย์
16-16752-7.wav	หลังจากที่ถูกชุดสืบสวนจับได้บริเวณด่านผ่านแดนถาวรช่องจอมจังหวัดสุรินทร์ระหว่างกำลังพยายามหลบหนีออกนอกประเทศ
16-16752-8.wav	ซึ่งนายจิรพันธ์คนนี้ก็คือคนที่เอาไม้ไปดักตีศีรษะนายอุดมดีกระจ่าง
16-16754-31.wav	ต้องเที่ยวอย่างไม่รบกวนธรรมชาตินะคะ
16-16755-342.wav	จากจังหวัดระยองให้สามารถพิธีโจทย์ได้ทั้ง4ข้อ
16-16763-1.wav	ดูวัดวาอารามแล้วก็ไปสักการะพระกันหน่อยที่พระธาตุดอยตุงจังหวัดเชียงรายนะคะ
16-16763-9.wav	ให้ความเคารพสักการะจะเดินทางมาสักการะทุกปี
16-16764-20.wav	นักศึกษาที่เสียชีวิตก็คือนายทศวรรษบรรณาทองอายุ21ปี
16-16764-23.wav	บริเวณสะพานหน้าวัดพระธรรมกายในพื้นที่จังหวัดปทุมธานี
16-16765-22.wav	ทีมข่าวเดินทางไปพูดคุยกันกับฝั่งของคนที่เขาร้องเรียนก่อน
16-16769-78.wav	แล้วก็ในขณะเดียวกันค่ะจะนำตำรวจพิสูจน์หลักฐานจากจังหวัดสระแก้วนะคะ
16-16771-41.wav	จากนั้นก็มีการประสานไปยังสาธารณสุขจังหวัดกระบี่
16-16771-8.wav	เหตุการณ์นี้เกิดขึ้นที่ศูนย์ดำรงธรรมจังหวัดกระบี่
16-16772-20.wav	มีการไปตั้งวงเสวนาในต่างจังหวัดหลายจังหวัด
16-16773-13.wav	แล้วก็ก้มกราบเท้านายพิพัฒน์สุวรรณรัฐ
16-16773-17.wav	ที่อำเภอควนขนุนจังหวัดพัทลุง
16-16773-38.wav	พอเจ้าหน้าที่นำร่างของนายพิพัฒน์
16-16774-31.wav	ก็คือที่อำเภอชะอวดจังหวัดนครศรีธรรมราชนี่แหละครับ
16-16774-71.wav	ไปดูกันที่อำเภอเกาะสมุยจังหวัดสุราษฎร์ธานีค่ะ
16-16777-0.wav	ศาลรจังหวัดพัทยาได้อนุมัติออกหมายจับคนที่อ้างตัวว่าเป็นตำรวจ
16-16774-79.wav	อำเภอกาญจนดิษฐ์จังหวัดสุราษฎร์ธานี
16-16777-13.wav	ส่วนแฟนสาวของนายโจตำรวจสอบสวนแล้ว
16-16777-8.wav	คือตอนนี้ศาลจังหวัดพัทยาอนุมัติออกหมายจับ
16-16779-1.wav	เดินทางไปที่ศาลาสหทัยสมาคมในพระบรมมหาราชวัง
16-16782-5.wav	ล่าสุดปีใหม่นางก็เปิดตัวแฟนค่ะ
16-16784-18.wav	เหล่านี้ครับเป็นภาพหลักฐานสจ.คนดังในจังหวัดเพชรบูรณ์ครับ
16-16784-1.wav	ในพื้นที่จังหวัดเพชรบูรณ์ยิงปืนขึ้นฟ้า
16-16784-27.wav	อาสาสมัครตำรวจ2นายที่อยู่ในเหตุการณ์และเขานั่งกินข้าวอยู่หลังป้อมตำรวจ
16-16784-40.wav	วันนี้ครับผู้การจังหวัดเพชรบูรณ์ไปตรวจสอบจุดเกิดเหตุ
16-16784-49.wav	สจ.เบิร์ดหรือว่านายสมภพ
16-16784-51.wav	เดินทางไปมอบตัวพร้อมกับปืน.38
16-16785-251.wav	ซึ่งล่าสุดเป็นชาวจังหวัดบุรีรัมย์โดยจากการสอบสวนโรค
16-16785-448.wav	เพราะฉะนั้นวันนี้คำตอบว่านางไม่ใช่เป็นเลขแน่นอนแล้วล่ะ
16-16785-61.wav	วันนี้ค่ะนายเปรมชัยกรรณสูตประธานบริหารบริษัทอิตาเลียนไทย
16-16785-78.wav	คนที่นายเปรมชัยกล่าวอ้างว่าจะมาเคลียร์ให้ขณะที่ถูกจับกลุ่ม
16-16785-89.wav	ไม่เคยรู้จักกันมาก่อนเนื่องจากทำงานกับนายเปรมชัย
16-16785-91.wav	เมื่อนายเปรมชัยเดินทางเข้าไปตรวจงานตามที่ต่างเท่านั้น
16-16785-93.wav	ส่วนอีกด้านหนึ่งคือภรรยาของนายเปรมชัยนะคะ
16-16785-94.wav	คือคณิตากรรณสูตนั้นก็เข้าพบกับเจ้าพนักงาน
16-16785-99.wav	ผู้ต้องหาทั้งสองปฏิเสธโดยนางคณิตาอ้างว่า
16-16788-37.wav	ตอนที่เดินทางไปก็มัดกล่องทอง
16-16789-14.wav	คือมันไปที่โรงเรียนแห่งหนึ่งในจังหวัดเลย
16-16790-41.wav	ตำรวจนครบาลโชคชัยเจ้าของพื้นที่เดินทางมาถึง
16-16790-48.wav	ก็พบเห็นนายสมเกียรติยืนอยู่จึงได้ตะโกนแซวเรื่องขาพิการ
16-16790-49.wav	แต่กลับถูกนายสมเกียรติด่าทอกลับมา
16-16790-52.wav	จนนายสมเกียรติเสียชีวิต
16-16797-11.wav	กล่าวว่าการควบคุมตัวนายสัมฤทธิ์มาสอบปากคำวันนี้
16-16797-15.wav	ได้นำเอกสารเกี่ยวกับการตรวจสอบเส้นทางการเงินของนายสัมฤทธิ์
16-16797-18.wav	เลขาธิการปปง.ได้เดินทางมาสอบปากคำด้วยตัวเองค่ะ
16-16797-20.wav	เข้าตรวจสอบบ้านพักของนายสัมฤทธิ์ซึ่งอยู่ในย่านสุขุมวิท
16-16797-21.wav	โดยไม่อนุญาตให้สื่อมวลชนติดตามนะคะพร้อมยืนยันจะควบคุมตัวนายสัมฤทธิ์
16-16797-23.wav	ด้านนายธราเทพยติกุลเกษมทนายความเปิดเผยว่า
16-16797-25.wav	นายสัมฤทธิ์มีอาการอ่อนเพลียและเครียดเล็กน้อย
16-16798-40.wav	ซึ่งเจ้าหน้าที่ตำรวจบอกว่าตอนนี้ส่งฟ้องฝากขังผู้ต้องหาต่อศาลจังหวัดแล้ว
16-16797-5.wav	ตำรวจนครบาลดุสิตควบคุมตัวนายนายสัมฤทธิ์บัณฑิตกฤษดาหรือเสียบิ๊ก
16-16797-27.wav	ซึ่งนายสัมฤทธิ์ยังคงยืนยันให้การปฏิเสธทุกข้อกล่าวหาค่ะ
16-16801-5.wav	เหตุการณ์นี้เกิดขึ้นที่อำเภอบางพลีจังหวัดสมุทรปราการ
16-16803-105.wav	คาดว่ากลุ่มคนร้ายเนี่ยแล้วก็นายเจริญกิจที่ถูกอุ้มไปต้องรู้จักกัน
16-16803-108.wav	ทั้งนายเจริญกิจที่ถูกยิงแล้วก็อุ้มไปกับทางกลุ่มคนร้ายทั้ง4คน
16-16803-111.wav	สอบปากคำเมียของนายเจริญกิจทำให้รู้ว่าเป็นปัญหาขัดแย้งผลประโยชน์กับกลุ่มผู้ก่อเหตุเกี่ยวกับเรื่องยาเสพติดนะฮะ
16-16803-116.wav	อนุมัติหมายจับ1ใน4คนร้ายที่ยิงแล้วก็อุ้มตัวนายเจริญกิจไปแล้วนะครับ
16-16803-117.wav	ในข้อหาร่วมกันก่อเหตุยิงแล้วก็ลักพาตัวนายเจริญกิจเนี่ยนะฮะ
16-16803-12.wav	มากัน5คนนะฮะคือตัวนายเจริญกิจที่เป็นคนขับ
16-16803-13.wav	มีภรรยาชื่อนางสาววาสนานั่งข้างคนขับวาสนาแซ่ย่านะครับ
16-16803-15.wav	มีหมอผีที่เข้าไปรับมาจะไปทำพิธีที่บ้านน้องสาวชื่อนางใหม่เซี่ย
16-16803-17.wav	นั่งอยู่กระบะท้ายค่ะ5คนแบบนี้นะครับนายเจริญกิจคนที่บาดเจ็บ
16-16803-22.wav	ชักปืนขึ้นมายิงใส่ขาซ้ายนายเจริญกิจ1นัดจนบาดเจ็บ
16-16803-23.wav	แล้วก็ช่วยกันจับตัวนายเจริญกิจขึ้นรถกระบะคันสีดำคันนี้ไป
16-16803-26.wav	หนีไปเลยนะฮะเส้นทางเนี่ยมุ่งหน้าไปทางฝั่งจังหวัด
16-16803-27.wav	นายเจริญกิจนะครับยังจอดอยู่ริมถนนส่วนกระบะคันนี้
16-16803-36.wav	อำเภอเขาค้อจังหวัดเพชรชบูรณ์นี่น้องจ๋าไปเดินสำรวจเส้นทางนะฮะ
16-16803-43.wav	จะเห็นรถกระบะของนายเจริญกิจขับมาบนถนนในตำบลเข็กน้อย
16-16803-46.wav	ขับตามหลังรถกระบะของนายเจริญกิจตามมันตามกันมาอย่างแบบกระชั้นชิดนะครับ
16-16803-48.wav	กล้องวงจรปิดใกล้กับบ้านพี่ชายของเมียคนเจ็บที่ถูกจับตัวไปก็คือนายเจริญกิจ
16-16803-52.wav	คาดว่ากระบะสีดำนี้น่าจะเป็นกระบะคันเดียวกับรถคันที่อุ้มนายเจริญกิจไป
16-16803-53.wav	เราได้คุยกับเมียของนายเจริญกิจนะครับนางสาววาสนาแซ่ย่า
16-16803-58.wav	รถของนายเจริญกิจก็มีร่องรอยที่หน้าขวาไงค่ะส่วนคนร้ายก็หลังซ้ายที่มีร่องรอยนะครับ
16-16803-71.wav	ส่วนฝั่งคนที่เป็นน้องสาวนะฮะชื่อนางสาวพนิดานะครับที่นั่งหลังกระบะฮะ
16-16803-78.wav	แล้วก็ไม่เคยเห็นนายเจริญกิจพี่ชายมีเรื่องกับใครที่ไหนยังไงด้วย
16-16803-84.wav	ได้รับแจ้งจากชาวบ้านที่อำเภอนครไทยจังหวัดพิษณุโลกนะครับ
16-16803-96.wav	แต่นายเจริญกิจก็ไม่รู้ว่าคนร้ายเอาไปด้วย
16-16804-336.wav	ช่วงหน้านะครับเรามาเป็นกำลังใจให้กับครอบครัวของน้องเพชรจากจังหวัดเพชรชบุรี
16-16804-359.wav	เรื่องที่2จังหวัดเพชรบุรี
16-16804-400.wav	มะพร้าวน้ำหอมจังหวัดเพชรบุรีบ้านของเราวันพีช
16-16804-405.wav	ทราบประวัติของจังหวัดเพชรบุรีบ้างไหมฮะ
16-16804-420.wav	เดิมจังหวัดเพชรบุรีมีชื่อเมืองว่าอะไร
16-16804-543.wav	ผมจะเลือกเฉลยข้อแรกจากเรื่องจังหวัดเพชรบุรีครับ
16-16804-547.wav	เดิมจังหวัดเพชรบุรีมีชื่อเมืองว่าอะไร
16-16804-555.wav	ครอบครัวของน้องเพชรนะครับจากจังหวัดเพชรบุรีนะครับ
16-16804-625.wav	ครอบครัวของน้องเพชรจากจังหวัดเพชรบุรีนะครับได้รับทุนไปต่อชีวิตในวันนี้นะครับ
16-16809-52.wav	ไปกินลาบยโสหน่อยไปอยู่บ้านญาติที่จังหวัดยโสธร
16-16810-1.wav	แล้วก็สูงที่สุดด้วยอยู่ที่ไหนจังหวัดพะเยา
16-16810-28.wav	ใกล้กับโรงเรียนเทศบาล3ตำบลเวียงอำเภอเมืองจังหวัดพะเยา
16-16810-31.wav	ได้ไปท่องเที่ยวด้วยนะคะไปจังหวัดพะเยานี่
16-16810-3.wav	ที่อยู่นี้นะครับก็คือปูชนียสถานสำคัญของจังหวัดพะเยานะครับ
16-16811-168.wav	ครับคนที่เจอเสื้อส้มคนแรกนะคะคือนางพรศรีเงินนามค่ะ
16-16811-174.wav	เพื่อที่จะต้อนรับนายศิระและคณะกรรมธิการนี่แหละ
16-16811-180.wav	นางพรศรีบอกว่าตกใจแล้วก็แปลกใจว่าเอ๊ะทำไมอยู่ดีๆมีเสื้อมาอยู่ใต้ขอนไม้ตรงนี้
16-16811-191.wav	นางพรศรีบอกว่าจากการสังเกตดูเสื้อนะคะน่าจะเป็นเสื้อที่แถมมากับปุ๋ยหรือรถไถ
16-16811-195.wav	นางพรศรีบอกว่ากลัวไม่ปลอดภัยค่ะอืมทีมข่าวก็เลยถามว่าแล้วจุดที่เจอเสื้อส้มเนี่ยมันเข้าออกเส้นทางไหนได้บ้าง
16-16811-196.wav	นางพรศรีบอกว่ามันก็เข้าออกได้หลายทางนะคะทั้งเข้ามาทางสวนยางเข้าทางบ้านลุงพลก็ได้มันได้หลายทางอะค่ะ
16-16811-252.wav	ซึ่งอยู่บริเวณหลังสวนยางพาราของนางทัศนีเงินนามหรือว่าเจ๊พัด
16-16811-414.wav	เราถามลุงพลลุงพลลุงเขยน้องชมพู่นายชัยพลวิพาบอกว่าไม่เคยเห็นและไม่เคยมีเสื้อสีส้มลักษณะที่เจอในวันนี้ด้วย
16-16811-496.wav	คิดว่าจะเป็นนางยอม
16-16811-534.wav	คือบ้านนายนุ้ยทั้งพ่อของน้องชมพู่กับนายนุ้ย
16-16811-548.wav	บอกว่าซื้อรถไถมาจากศูนย์ที่ตัวจังหวัดมุกดาหาร
16-16811-664.wav	แต่คุณผู้ชมจำได้ไหมคะคือเมื่อวานเนี้ยพ่อกับแม่ของน้องชมพู่ไปที่วัดพระธาตุภูเพชรจังหวัดสกลนคร
16-16811-723.wav	กำลังทำงานกันอยู่ที่บ้านนายแอ๋ม
16-16811-783.wav	เคยทำนายไว้บอกใบ้บอกว่าเสื้อน้องชมพู่หลักฐานในคดี
16-16811-826.wav	คือนายศิระบอกแบบนี้นะคะวัตถุประสงค์สำคัญก็คืออยากจะให้ความเป็นธรรมกับทุกฝ่าย
16-16811-855.wav	ก็ชวนพ่อกับแม่ของน้องชมพู่เดินทางขึ้นไปด้วยกัน
16-16811-859.wav	นี่ค่ะนายศิระกับคณะกรรมธิการก็เลยขึ้นไปนะคะ
16-16811-894.wav	รองผู้บังคับการตำรวจภูธรจังหวัดมุกดาหารก็เลยอธิบายลักษณะพื้นที่ให้กับคณะฟังนะคะ
16-16811-919.wav	แต่ไม่ได้ผ่านจุดนี้ครับก็เลยเจอรองเท้านายศิระได้ขึ้นไปเอง
16-16814-47.wav	อันนี้เกิดขึ้นที่จังหวัดลำปางนะคะคุณผู้ชม
16-16815-0.wav	มาดูเหตุการณ์เกิดขึ้นที่มีคนร้ายเนี่ยพยายามเข้าไปก่อเหตุชิงทองที่ร้านทองแห่งหนึ่งในจังหวัดปทุมธานีนะคะ
16-16815-54.wav	ผู้บังคับการตำรวจภูธรจังหวัดปทุมธานีก็เลยสั่งการให้เร่งติดตามจับกลุ่มคนร้ายโดยเร็วนะค่ะ
16-16819-7.wav	เป็นร้านห้างทองเยาวราชกรุงเทพสาขาโลตัสคลอง7จังหวัดปทุมธานี
16-16822-0.wav	อย่างนางมินเต็งเอก็เป็นผลมาจากการสืบสวนคดียาเสพติดสำคัญหลายคดี
16-16822-35.wav	ในพื้นที่ใจแดนจังหวัดเชียงรายเนื่องจากเป็นพื้นที่ดินชนดินค่ะ
16-16823-17.wav	เดี๋ยวคุณผู้ชมมาดูการเดินทางของคุณหมอนะ
16-16823-5.wav	ได้โพสต์ภาพการทำงานของบุคลากรทางการแพทย์นะคะนี่คือที่จังหวัดน่าน
16-16823-6.wav	ทำงานอยู่ที่โรงพยาบาลส่งเสริมสุขภาพตำบลแห่งหนึ่งที่จังหวัดน่านนะคะ
16-16824-100.wav	ทนายเดชานะครับบอกว่าหญิงสาวที่ปรากฏในภาพ
16-16824-56.wav	แล้วนายต้นคนนี้ค่ะบอกว่าเขาเอามาโพสต์แล้วก็พิมพ์ข้อความเนี่ย
16-16824-99.wav	นายเดชากิติวิทยานันต์นะฮะเจ้าของเพจทนายคลายทุกข์นะครับ
16-16826-12.wav	อันนี้เป็นเส้นทางเส้นแรกที่เขาเดินทางกันนะครับ
16-16826-15.wav	เข้าทางแม่สายจังหวัดเชียงราย
16-16826-19.wav	แล้วก็มาเข้าประเทศไทยที่จังหวัดหนองคาย
16-16826-1.wav	คนจีนนั้นไม่ได้เดินทางเข้ามาทางเชียงของ
16-16826-24.wav	เดินทางจาก12ปันนาแล้วก็เรื่อยลงมา
16-16826-27.wav	ซึ่งเขาสามารถที่จะเดินทางเข้ามาได้ถึง
16-16826-4.wav	ที่เขาสามารถที่จะขับรถเดินทางเข้ามาได้นะครับ
16-16827-114.wav	ขอต้อนรับครอบครัวของแม่ลอยจากจังหวัดนครราชสีมาครับ
16-16827-138.wav	จังหวัดตรวจบอกว่าน้องเป็นหัวใจเส้นเลือดหัวใจเกินส่งมารามารามาก็ผ่าตัดมาได้สองอาทิตย์
16-16827-13.wav	อายุ52ปีค่ะอยู่จังหวัดนครราชสีมาค่ะ
16-16827-208.wav	ช่วยลุ้นช่วยเชียร์ครอบครัวของแม่ลอยจากจังหวัดนครราชสีมา
16-16828-99.wav	แล้วหลังนั้นอีกไม่กี่วันได้รับแต่งตั้งเป็นที่ปรึกษานายกรัฐมนตรี
16-16829-6.wav	ขออนุญาตใช้นามสมมุติแล้วกันนางสาวแอนอายุ18ปีเดินทางไปแจ้งความกับพนักงานสอบสวนสภ.เมืองขอนแก่นในข้อหาเป็นธุระจัดหาล่อลวง
16-16830-5.wav	ช่วงนี้หากเดินทางที่เปลี่ยวระวังจะได้รับอันตรายจากสัตว์ประเภทที่มีเขี้ยวมีเล็บสุนัขหรือแมว
16-16835-14.wav	เพราะว่าคนเจ็บคือนางสาวพรพันธ์อายุ30
16-16835-20.wav	ในอําเภอพนัสนิคมจังหวัดชลบุรีครับ
16-16835-30.wav	นายสุรเชษอายุ30ปีสุดท้ายโดนล็อกตัวแบบนี้นะครับ
16-16836-0.wav	แล้วที่สำคัญไม่ได้มีที่เดียวโอ้โหเขาบอกเลยว่าที่จังหวัดบุรีรัมย์
16-16836-12.wav	แล้วที่สำคัญเขามีการส่งสารมาด้วยเดี๋ยวผมจะให้ดูว่าเกิดอะไรขึ้นกันแน่ที่จังหวัดบุรีรัมย์ครับ
16-16836-15.wav	ช้างอารีน่าจังหวัดบุรีรัมย์จัดให้มีกิจกรรมสำหรับเด็กๆได้แสดงออก
16-16836-18.wav	เพื่อเป็นการคืนความสุขให้กับเด็กๆในพื้นที่จังหวัดบุรีรัมย์
16-16837-32.wav	นี่แหละฮะนายโต้งเขาออกลาดตระเวนนะ
16-16839-29.wav	ก็ตั้งใจว่าจะส่งตัวพี่โรงพยาบาลศรีนครินจังหวัดขอนแก่นคือมหาวิทยาลัยขอนแก่นครับ
16-16839-2.wav	อยู่ที่จังหวัดหนองคายค่ะคือคุณพ่อคุณแม่ก็ร้องขอความช่วยเหลือผ่านสื่อมวลชนมา
16-16839-32.wav	เดี๋ยวจะส่งไปยังโรงพยาบาลศรีนครินทร์จังหวัดขอนแก่นนะครับ
16-16839-41.wav	นี่เคยแนะนำให้เด็กไปรักษาตัวที่โรงพยาบาลศรีนครินทร์จังหวัดขอนแก่นมาก่อนแล้ว
16-16839-42.wav	ในการเดินทางต่างๆค่ะนะครับก็เลยพาน้องไปรักษาที่หมอพื้นบ้าน
16-16843-16.wav	แล้วก็หนีข้ามจังหวัดมามาถูกจับกลุ่มตัวได้นะคะ
16-16843-27.wav	แล้วก็ขับหนีมาเลยค่ะแหมข้ามจังหวัดน่ะ
16-16844-89.wav	เช่นนายพฤษวัชรสินธุ์
16-16844-8.wav	ก็คือนายสงกรานต์เตชะณรงค์
16-16845-13.wav	นางสาววนิดาทองตุ้มชื่อเล่นชื่อเฟียร์เนี่ยนะ
16-16844-81.wav	รวมไปถึงนายนพงศ์นพเกตุผู้อำนวยการนิดาโพล
16-16844-80.wav	นายสงกานต์อัจฉริยะทรัพย์ทนายความชื่อดัง
16-16844-79.wav	เช่นนายเชษฐวุฒิวัชรคุณหรือว่าบ๊วยดารานักแสดง
16-16845-20.wav	กระทั่งพฤษภาคมที่ผ่านมาอ้านางสาวนิดาทักแชทมานะฮ่ะ
16-16845-24.wav	แต่อยู่ดีๆนางสาววนิดาก็ติดต่อพูดคุยมาเรื่อย
16-16845-26.wav	นางสาววนิดาบอกว่าเลิกกันแล้ว
16-16845-41.wav	มิถุนายนนางสาววนิดาบอกให้เขาโอนเงินค่าเสื้อผ้าออนไลน์ให้หน่อย445บาทโอ้โหเงินน้อยมาก
16-16845-58.wav	แต่นางสาววริดาไม่ยอมไม่ยอมให้เห็นหน้าเลย
16-16846-40.wav	ที่บริเวณแม่น้ำฮวยอำเภอเชียงคานจังหวัดเลย
16-16847-13.wav	นายอภิชามหาชนทำหน้าที่นำเครื่องยนต์ไปพักไว้
16-16847-16.wav	แล้วก็มีอีกคนนึงคือนายตะวันปิ่นแก้วคนนี้อายุ24ปี
16-16847-23.wav	ตระเวนออกไปโจรกรรมรถจักรยานยนต์ตามแหล่งชุมชนต่างๆทั่วจังหวัดสมุทรปราการเลย
16-16847-7.wav	ตำรวจภูธรบางพลีจังหวัดสมุทรปราการเข้าตรวจค้น
16-16849-15.wav	ทุ่งกว๋าวอำเภอเมืองปานจังหวัดลำปาง
16-16849-28.wav	แต่ล่าสุดเมื่อวานนี้ค่ะนายอนุวัฒน์กูลใจอายุ39ปี
16-16849-34.wav	โดยนายอนุวัฒน์ก็ยอมรับสารภาพนะคะ
16-16849-35.wav	ว่าเป็นคนก่อเหตุยิงนายเสน่ห์จริงๆ
16-16849-36.wav	โดยที่ไม่เคยรู้จักกับนายเสน่ห์มาก่อนเลย
16-16849-38.wav	ซึ่งเอ้อนายนายอนุวัฒน์เนี่ยกำลังซุ่มดักยิงหมูป่า
16-16849-41.wav	แล้วเห็นนายเสน่ห์เป็นหมูป่า
16-16849-51.wav	แล้วก็เลยตัดสินใจเดินทางไปทำงาน
16-16849-53.wav	จนมาได้ดูข่าวก็รู้ว่ามีคนไปพบศพนายเสน่ห์
16-16849-56.wav	รวมถึงได้ไปขอขมากับญาติของนายเสน่ห์แล้วด้วยนะคะ
16-16850-286.wav	ปกติผีไม่มีหน้าเขาจะเรียกว่านปเปะระโบวอ๋ออ่าแต่อย่างจังหวัดอิวาเตะเนี่ย
16-16851-20.wav	หรือว่านายแบงค์อายุ28ปีนายคนนี้ที่เป็นผู้ก่อเหตุ
16-16851-27.wav	แก่นายแบงค์คนนี้ที่เรือนจำกลางฉะเชิงเทรา
16-16851-28.wav	เพราะตอนนี้นายแบงค์ถูกควบคุมตัวอยู่ที่เรือนจำกลางฉะเชิงเทรานะคะ
16-16851-32.wav	ทีนี้ผู้สื่อข่าวของเราเดินทางไปบ้านของคุณตาผู้เสียชีวิต
16-16851-34.wav	เดินทางมาติดต่อที่วัดถวิลศิลามงคลตำบลท่าไข่ที่อำเภอเมืองฉะเชิงเทรา
16-16851-36.wav	เนื่องจากว่าอยู่ที่วัดเนี่ยสะดวกในการเดินทางมากกว่า
16-16853-0.wav	คุณผู้ชมพาคุณผู้ชมลงใต้ไปที่จังหวัดนครศรีธรรมราชกันหน่อยนะครับ
16-16853-20.wav	จังหวัดสงขลามารับเพื่อทำการช่วยเหลือต่อไปแล้ว
16-16853-21.wav	สำหรับพื้นที่ริมหาดจังหวัดนครศรีธรรมราชนะคะ
16-16853-8.wav	อำเภอสิชลจังหวัดนครศรีธรรมราช
16-16855-25.wav	เกิดขึ้นในหลายจังหวัดอย่างที่นครราชสีมาก็มีหนุ่มนักวิชาการศึกษามหาวิทยาลัยแห่งหนึ่ง
16-16855-29.wav	นี่แหละรายแรกจังหวัดนครราชสีมาก็คือ
16-16855-48.wav	อีกคนนึงอยู่จังหวัดเดียวกันเลยนะคะอีกหนึ่งผู้โชคดีจากนครราชสีมาค่ะ
16-16855-49.wav	เป็นผู้หญิงชื่อว่านางสาววิไลวรรณรัตนะนะคะ
16-16855-52.wav	ไปลงบันทึกประจำวันที่สภ.มนครราชสีมาค่ะนางสาววิไลวรรณบอกว่า
16-16855-61.wav	ดีใจมากซึ่งเขาบอกว่าเดี๋ยวเดินทางไปขึ้นเงินที่สำนักงานสลากกินแบ่งรัฐบาล
16-16855-63.wav	จังหวัดนี้เนี่ยเศรษฐีเกิดใหม่พร้อมกัน4คนเลยค่ะ
16-16855-66.wav	สาวประเภท2ชาวตำบลสิอำเภอขุนหาญจังหวัดศรีสะเกษ
16-16855-80.wav	ส่วนที่หมู่บ้านตาเบาะตำบลปรือใหญ่อำเภอขุขันธ์จังหวัดศรีสะเกษ
16-16855-88.wav	เป็นชาวบ้านที่ตําบลดูนอําเภอกันทรารมย์จังหวัดศรีสะเกษ
16-16856-16.wav	008ลพบุรีค่ะขับไปชนนางมลจิราบุญมากอายุ51
16-16856-55.wav	อุ้ยช่วงนี้โควิด19ระบาดหนักอย่าเดินทางไปไหนเลย
16-16860-11.wav	เหตุการณ์เกิดขึ้นบริเวณปากทางเข้าตลาดบางวัวถนนจรัญยานนท์ในจังหวัดฉะเชิงเทรา
16-16860-13.wav	ทีมอาสากู้ภัยช่วยประถมพยาบาลให้กับนายพิเทพธนากุลวัฒน์วัย71ปีคนนี้หล่ะค่ะ
16-16860-20.wav	และเขาก็ไม่รู้ตัวเลยว่าเบ็ดของเขามันไปเกี่ยวตานายพิเทพตั้งแต่เมื่อไหร่
16-16860-22.wav	แล้วก็มีนายพิเทพซ้อนท้ายเลือดไหลอาบหน้าเลยค่ะ
16-16860-23.wav	มาเรียกให้เขาจอดแล้วบอกว่าเบ็ดของเขาไปเกี่ยวตานายพิเทพ
16-16860-24.wav	นายพิเทพเองก็เล่าให้ฟังว่าจังหวะที่แฟนเขาขี่สวนกับมอเตอร์ไซค์ของนายสุภาพเนี่ย
16-16860-25.wav	เห็นว่านายสุภาพถือคันเบ็ดมาในแนวนอน
16-16861-18.wav	ของที่ตำบลบ้านสวนอำเภอเมืองจังหวัดชลบุรีนะครับ
16-16861-24.wav	นางประนอมหาชิดอายุ60ปีซึ่งเป็นชาวบ้านที่อยู่แถวเนี่ย
16-16861-58.wav	ก็เลยให้นายบอยเนี่ยทำงานอยู่ให้ช่วยปอกผลไม้
16-16861-62.wav	หลังจากนั้นตัวของนางสาววราลักษณ์
16-16861-51.wav	คนนี้นะฮะก็คือนางสาววราลักษณ์แว่นมณีอายุ28ปีนะครับ
16-16861-63.wav	พยายามโทรศัพท์ติดต่อไปหานายบอยแต่ติดต่อไม่ได้เลยนะ
16-16861-67.wav	ส่วนนายบอยชาวลาวที่หายตัวไปนั้นนะฮะตัวนางสาววราลักษณ์บอกว่ายังไม่รู้สาเหตุเลย
16-16861-71.wav	อันนี้คือนางสาววราลักษณ์ให้ข้อมูลกับผู้สื่อข่าวของเรานะครับ
16-16864-12.wav	แม่มาเกลี้ยกล่อมแต่นายทรงศักดิ์ด่าแม่
16-16869-40.wav	ระหว่างเป็นประธานในพิธีเปิดการอบรมสัมมนาอบต.ที่จังหวัดเชียงใหม่บอกว่าหมดไฟแล้ว
16-16870-14.wav	ให้กับนางสาวอารยาเลิศสันสิริเป็นแม่ค้าขายก๋วยเตี๋ยว
16-16870-16.wav	ตอนนั้นนายเทิดศักดิ์ไม่ทราบว่าเป็นแบงค์ปลอมก็เลยทอนไปให้
16-16871-1.wav	จังหวัดนครนายกชาวบ้านเนี่ยเขาไปขอโชคขอลาภกับกล้วยแปลกๆจ้า
16-16872-104.wav	นายสมยศบัวแก้วอายุ42ปี
16-16872-10.wav	ทราบชื่อภายหลังว่านายมาวินช่วยเกลี้ยงค่ะเป็นอดีตทหารเกณฑ์
16-16872-148.wav	ในทางคดีตำรวจสอบสวนว่าอย่างไรบ้างครับพลตำรวจตรีเสริมพันธุ์ศิริคงท่านผู้บังคับการตำรวจภูธรจังหวัดภูเก็ตบอกว่า
16-16872-149.wav	จากการสอบส่วนญาติของนายนาวินคนก่อเหตุทราบว่านาวินเคยเป็นทหารเกณฑ์2ปีและสมัครต่อเป็นอีก1ปี
16-16872-154.wav	ก็ได้ปลอบใจแล้วก็ไปพูดคุยกันกับญาติของนายนาวินผู้ก่อเหตุ
16-16872-156.wav	จากนั้นก็เดินทางต่อไปยังโรงพยาบาลมิชชั่นภูเก็ตไปเยี่ยมคนเจ็บทั้งสองราย
16-16872-171.wav	เนี่ยค่ะที่บ้านของนายนาวินที่อ่าวลึกกระบี่เนี่ย
16-16872-174.wav	ลุงของนายนาวินพาผู้สื่อข่าวไปดูในห้องนอนเป็นห้องโล่งๆไม่มีเฟอร์นิเจอร์นะคะ
16-16872-178.wav	นายสมรักษ์บอกว่าปกติแล้วเนี่ยนะคะ
16-16872-214.wav	บอกว่านายนาวินเพิ่งจะไปรับยารักษาอาการซึมเศร้า
16-16872-58.wav	นำญาติของนายนาวินมาจากกะบี่เลย
16-16872-81.wav	ในรถคันนี้พบร่างของนายนาวิน
16-16872-96.wav	นายนาวินใช้ปลิดชีวิต
16-16874-10.wav	เขามีการจัดทำพิธีแห่นางแมวกันรูปแบบไหนค่ะ
16-16874-12.wav	หมู่บ้านหนองโมงตำบลห้วยบงอำเภอเมืองจังหวัดชัยภูมิครับ
16-16874-14.wav	เพื่อที่จะจัดพิธีแห่นางแมวขอฝน
16-16874-41.wav	ก็เป็นพิธีกรรมเป็นประเพณีที่เขาปฏิบัติสืบทอดกันมาก็หวังว่าจังหวัดชัยภูมินั้นจะฝนตกต้องตามฤดูกาลนะคะ
16-16874-42.wav	ทุกจังหวัดเลยเช่นเดียวกันหน้าฝนก็ขอให้มีฝนตกแล้วกันเนาะฝากฟ้าฝนเทวดาแต่ที่ฝากแล้วฝากเทวดา
16-16874-7.wav	ก็เลยต้องมีการทำพิธีแห่นางแมวขอฝน
16-16874-9.wav	ไปดูกันว่าที่จังหวัดชัยภูมินั้น
16-16875-71.wav	จากจังหวัดอุดรธานี
16-16878-11.wav	เมื่อแฟนคลับแอบไปเห็นเฟซบุ๊กลับๆที่หนุ่มก้านยาวคุยกับสาวนางหนึ่ง
16-16879-13.wav	ชื่อว่านายนานค่ะ
16-16879-14.wav	นายนานเนี่ยมีศักดิ์เป็นหลานของผู้ตาย
16-16879-36.wav	คุยกับนายนานคนก่อเหตุตำรวจก็สอบสวนเขาก็ยอมรับว่าเขาฆ่าจริงๆ
16-16879-37.wav	โดยเขากับนายก๊อตผู้ตายเนี่ยเป็นญาติกันคนตายมีศักดิ์เป็นลุง
16-16879-68.wav	นี่ค่ะพอได้คุยกับลุงอีกคนนึงนะคะนายสุรินทร์เนี่ยเป็นลุงของคนตาย
16-16879-77.wav	ส่วนบรรยากาศที่บ้านของนายนานคนก่อเหตุนะคะผู้สื่อข่าวเราก็ลงพื้นที่ไปเหมือนกัน
16-16879-78.wav	ก็เจอแม่ของนายนานค่ะแม่พูดคำเดียวเลยครับ
16-16879-7.wav	ชื่อว่านายก๊อตหรือว่านายน้อยสีแดงอายุ56ปี
16-16881-0.wav	กลับมาในช่วงนี้นะครับค่าเดี๋ยวจะพาเข้าวัดเข้าวากันหน่อยใช่สายบุญไปกันที่จังหวัดนครศรีธรรมราชนะครับที่นั่น
16-16881-119.wav	ที่จังหวัดพระนครศรีอยุธยานะครับ
16-16881-131.wav	ทั้งตุ๊กตารูปนางรำช้างม้าที่มีอยู่ภายในศาลเจ้าที่หรือว่าศาลตายาย
16-16881-137.wav	จึงต้องตั้งกล้องวงจรปิดเอาไว้จนกระทั่งล่าสุดคนร้ายอาศัยช่วงจังหวะ
16-16881-164.wav	ชาวบ้านในพื้นที่อำเภอยะรังจังหวัดปัตตานีนะคะ
16-16881-50.wav	ทำติดต่อกันมาหลายปีแล้วค่ะที่จังหวัดระยองนะคะ
16-16881-58.wav	จัดขึ้นที่บริเวณลานวัดตะพุนทองอำเภอเมืองจังหวัดระยองค่ะ
16-16881-5.wav	อยู่ที่จังหวัดนครศรีธรรมราช
16-16881-69.wav	เกจิที่ได้รับการนับถืออย่างกว้างขวางในจังหวัดระยอง
16-16881-74.wav	ขณะที่ชาวบ้านรายหนึ่งในจังหวัดระยองเขาเล่ากันว่า
16-16883-12.wav	เพื่อเดินทางไปที่ศาลจังหวัดยะลานะครับ
16-16883-1.wav	อดีตอาสาสมัครทหารพรานกราดยิงอยู่หน้าผับที่จังหวัดยะลานะครับ
16-16883-57.wav	สังกัดกรมทหารพรานที่49จังหวัดนราธิวาส
16-16884-15.wav	ทีนี้เมื่อตอนช่วงเช้าที่ผ่านมาเนี่ยแฟนสาวของนายซิคโก้เนี่ย
16-16884-19.wav	ใดๆก็ตามแฟนสาวของนายซิคโก้ก็ยังคงเชื่อมั่นในตัวของนายซิคโก้นะครับ
16-16885-0.wav	ไปเที่ยวกันต่อดีกว่านะอืมเดี๋ยวจะพาไปอีกหนึ่งสถานที่ๆน่าสนใจอยู่ที่จังหวัดนครราชสีมานะครับ
16-16885-13.wav	ให้มาเป็นอีกหนึ่งแหล่งท่องเที่ยวค่ะเชิงเกษตรของจังหวัดนครราชสีมาครับ
16-16885-37.wav	เดินทางมาเที่ยวชมความสวยงามของต้นไผ่กิมซุง
16-16885-3.wav	นี่แหละครับประชาชนแล้วก็นักท่องเที่ยวต่างพาครอบครัวเดินทางไปเที่ยวชมความสวยงามไปรับลมหนาวกันที่
16-16885-4.wav	สวนไผ่กิมซุงที่บ้านโนนไม้แดงเหนือตำบลท่าช้างอำเภอเฉลิมพระเกียรติจังหวัดนครราชสีมานะครับ
16-16892-37.wav	เป็นชาวบ้านตำบลเมืองนะอำเภอเชียงดาวจังหวัดเชียงใหม่นี่แหละ
16-16893-0.wav	สำหรับประชาชนที่ชื่นชอบการเดินทางด้วยรถไฟนะครับ
16-16893-23.wav	และมีระบบรักษาความปลอดภัยสำหรับคนที่ชอบการเดินทางด้วยรถไฟ
16-16895-17.wav	เหตุการณ์นี้เกิดขึ้นบนถนนเนินพยอมอำเภอเมืองจังหวัดระยองนะครับ6โมงเย็นเมื่อวานนี้
16-16895-19.wav	นี่พื้นที่จริงเป็นตรงนี้นะฮะวันนี้ทีมข่าวของเราลงพื้นที่ไปที่จังหวัดระยองนะครับ
16-16897-24.wav	ผู้อำนวยการโครงการชลประธานของจังหวัดพระนครศรีอยุธยาคุณธนากรตันติกุล
16-16897-27.wav	ก็เลยคาดการณ์ว่าคาดการณ์ว่าจะมีปริมาณน้ำไหลผ่านจังหวัดนครสวรรค์ถูกไหม
16-16897-9.wav	ในพื้นที่จังหวัดพระนครศรีอยุธยานะคะ
16-16898-56.wav	จริงค่ะแล้วสุดท้ายก็มีตำรวจสายตรวจ5นายไล่ตามมาทันนะคะ
16-16898-68.wav	คนร้ายชื่อว่านายสุรศักดิ์โพทองอายุ35เป็นชาวจังหวัดกาญจนบุรีนะคะ
16-16900-116.wav	ครับตอนนี้นะคือรองประธานสภากรุงเทพมนครนายนิรันดร์ประดิษฐกุล
16-16900-134.wav	และนายวินัยลิ่มสกุลอดีตภูมิในการสำนักการโยธา
16-16900-92.wav	ส่วนนางสาวบุญศรีซึ่งเป็นเพียงผู้บีบแตรอยู่ในรถ
16-16904-5.wav	นี่ฮะที่จังหวัดระยองนะครับนี่ในตะกร้าก็เอารื้อหาใหญ่เลย
16-16905-7.wav	วัย26ปีชาวจังหวัดพิษณุโลกส่วนห่างออกไปประมาณสัก40เมตร
16-16909-24.wav	ทนายรณรงค์แก้วเพชรได้พาภรรยาและครอบครัวของผู้เสียชีวิต
16-16909-40.wav	ไปที่วัดเสนานะคะที่ตั้งสวดพระอภิษฐรรมผู้เสียชีวิตก็คือนายสุพรรณเนี่ยค่ะ
16-16910-13.wav	ที่จังหวัดหนองบัวลําภูอืมคนร้ายซึ่งเป็นอดีตตำรวจค่ะ
16-16913-83.wav	คือมีวิรกรรมมาตั้งแต่2560นู่นนะที่จังหวัดนนทบุรี
16-16913-45.wav	นายพยอมนะเป็นสามีของฝั่งไอ้ครอบครัวหัวร้อนค่ะเนี่ยถือเหล็กมาเลย
16-16915-11.wav	อยู่ในตำบลบ้านสวนอำเภอเมืองจังหวัดชลบุรี
16-16915-13.wav	ไปพบศพนายนิพนธ์ศรีอุ่นดีอายุ60เป็นชาวชลบุรีนะคะ
16-16916-13.wav	เป็นเยาวชนชายอายุ17ปีนามสมมุตินายแดง
16-16916-14.wav	นายแดงเนี่ยถูกฟันด้วยอาวุธมีดเข้าที่นิ้วก้อย
16-16916-17.wav	นายดำถูกยิงนายแดงถูกฟันไปก่อนหน้านั้น
16-16916-25.wav	นายแดงอายุ17ปีนั่งอยู่กับกลุ่มเพื่อน4-5คน
16-16916-33.wav	ฟันเข้าที่นายแดงชายวัย17ปี
16-16916-36.wav	ส่วนเพื่อนๆของนายแดงเนี่ยฮ่ะก็พานายแดงส่งโรงพยาบาล
16-16916-44.wav	กระสุนปืนไปถูกชายวัย16หรือว่านายดำ
16-16916-8.wav	206หมู่1ตำบลพญาขันอำเภอเมืองจังหวัดพัทลุงนะครับ
16-16919-25.wav	ผู้เสียหายก็คือนายตอง
16-16919-26.wav	นายตองเป็นสามีของนางสาวกันนางสาวกันหน้าตาสะสวยเลยนะ
16-16919-29.wav	ทีนี้ฮ่ะนายตองและนางสาวกันเล่าให้ฟังแบบนี้
16-16919-31.wav	จังหวะนั้นนะนางสาวกันไปเข้าห้องน้ำนะครับ
16-16919-32.wav	ถูกชายแปลกหน้าอ่ะชื่อว่านายเป้
16-16919-33.wav	นายเป้มาดักหน้าห้องน้ำมาขอไลน์แต่นางสาวกันปฏิเสธไป
16-16919-35.wav	ระหว่างทางกลับบ้านเนี่ยปรากฏว่านายตองนางสาวกันแล้วก็เพื่อนนะครับ
16-16919-36.wav	ขับรถมากลางทางถูกรถของกลุ่มนายเป้พร้อมพวก3คน
16-16919-38.wav	มาดักรถของนายตองแล้วก็นางสาวกันเอาไว้
16-16919-39.wav	ทีนี้นายตองถูกชกถูกต่อยคุณอืมก็งงว่าถูกต่อยเพราะอะไรนะฮะ
16-16919-41.wav	ปรากฏพอมาจอดรถปุ๊บเนี่ยนายเป้พร้อมพวกเนี่ยโอ้โห
16-16919-42.wav	ลงมาต่อยนายตองตุ๊บตับตุ๊บตับกระทืบแบบนี้นะครับ
16-16919-43.wav	ทีนี้นางสาวกันเนี่ยก็เป็นห่วงสามีใช่ไหมก็พยายามไปห้าม
16-16919-44.wav	ปรากฏว่าถูกกลุ่มของนายเป้เนี่ยคุณเตะเตะจนเธอเลือดอาบ
16-16919-49.wav	และนายตองกับนางสาวกันก็ตามไปที่โรงพักอ่ะนะครับ
16-16919-56.wav	ส่วนเพื่อนของนายตองก็ขวดถูกขวดตีจนหน้าผากบวม
16-16919-58.wav	ส่วนนางสาวกันช้ำใจที่สุดเลยนะคุณนะค่ะ
16-16919-67.wav	ทีนี้ครับก็ต้องแจ้งความดำเนินคดีของกับกลุ่มนายเป้แล้วฮะ
16-16919-69.wav	นัดทั้งฝั่งของนายตองกับนางสาวกันพร้อมเพื่อน
16-16919-71.wav	ก่อนที่จะเรียกออกหมายเรียกฝั่งนายเป้คู่กรณีมาสอบปากคำ
16-16919-78.wav	แต่ฝั่งเนี่ยนายตองกับนางสาวกัน
16-16922-39.wav	โดยให้กับนางสาวพิมพ์ประภา
16-16922-45.wav	ไปกันที่จังหวัดกระบี่กันหน่อยค่ะ
16-16922-47.wav	เป็นรองผู้บังคับการตำรวจภูธรจังหวัดกระบี่
16-16922-4.wav	มาดูอีกที่จังหวัดบุรีรัมย์ค่ะ
16-16922-50.wav	และนายบุญฤทธิ์ทองล้วนอายุ22ปี
16-16922-57.wav	ซึ่งบ้านเนี่ยอยู่บนภูเขาตำบลนาเหนือรอยต่อกับอำเภอทับปุดจังหวัดพังงา
16-16922-63.wav	ส่วนนายบุญฤทธิ์ก็ได้ขับรถกระบะมาที่เกิดเหตุ
16-16922-7.wav	ตำรวจภูธรจังหวัดบุรีรัมย์ค่ะ
16-16923-0.wav	คุณผู้ชมครับมีดาบตำรวจนายนึงเป็นอดีตตำรวจแล้วนะ
16-16923-10.wav	ดาบบเณรนี่เป็นอดีตตำรวจของสภ.เพนียดที่อำเภอโคกสำโรงจังหวัดลพบุรีนะครับ
16-16926-17.wav	กำแพงเพชรหนองปริงตำบลหนองปริงอำเภอเมืองจังหวัดกำแพงเพชรนะค่ะ
16-16927-60.wav	ซึ่งวันนี้นะคะทางสำนักงานคุ้มครองผู้บริโภคหรือสคบ.สาธารณสุขจังหวัดลพบุรีศูนย์ดำรงธรรมและเจ้าของบริษัทเครื่องนวด
16-16928-10.wav	ชื่อจริงคือนายเกษมสงวนศักดิ์แล้วคนร้ายใจเย็นมากเห็นไหมฮะ
16-16928-21.wav	อยู่ในพื้นที่หมู่8ตำบลหนองสาหร่ายอำเภอพนมทวนจังหวัดกาญจนบุรีนะครับ
16-16929-13.wav	ค่ะนางสาวทัศนีพรเล่าแบบนี้เลย
16-16929-6.wav	เธอก็ไปแจ้งความแล้วค่ะนางสาวทัศนีพรเป็นชาวจังหวัดสุรินทร์นะคะ
16-16932-4.wav	ก็เร่งสหรัฐให้ส่งตัวนายเฟสตุลากูเลน
16-16932-24.wav	ที่สนับสนุนนายกูเลนออกจากมหาวิทยาลัยต่างในประเทศ
16-16932-8.wav	เร่งส่งตัวนายเฟสตุลากุเลนักการศาสนา
16-16934-56.wav	ส่วนเป็ดก็จะส่งขายในพื้นที่อำเภอหาดใหญ่จังหวัดสงขลา
16-16934-66.wav	ที่สวนสมรมอำเภอควนเนียงจังหวัดสงขลาไม่ต้องโค่นยางพาราทิ้ง
16-16935-31.wav	ตัวนายเอ็มกับนายภูเบสเนี่ยนะ
16-16935-56.wav	ตัวนายภูเบสเขาก็ไม่หยุดหรอกเนอะเขาก็
16-16935-68.wav	จนทำให้นายภูเบสที่เป็นคนขี่มอเตอร์ไซค์อยู่เนี่ย
16-16935-74.wav	ทีนี้ส่วนทางด้านแม่ของนายภูเบสเนี่ยนะคะ
16-16935-85.wav	เพราะว่ารถจักรยานยนต์ทางด้านของนายเอ็ม
16-16935-92.wav	อยู่ที่ตำบลอ้อมเกร็ดอำเภอปากเกร็ดจังหวัดนนทบุรีนี่แหละ
16-16936-27.wav	แล้วผลโหวตนายพิธาไม่ผ่านไม่เห็นชอบเหมือนที่ผ่านมา
16-16936-41.wav	นะครับทั้งนี้เมื่อทั้งหมดทราบผลโหวตเลือกนายกรัฐมนตรีนะครับ
16-16937-1.wav	17รายที่มาเจอเชื้อทั้งหมดเดินทางกลับจากต่างประเทศทั้งหมดด้วยนะคะ
16-16937-3.wav	ระบุว่าผู้ป่วยใหม่ใน17รายวันนี้เดินทางกลับจากต่างประเทศแล้วก็กักตัวอยู่ที่กักกันของรัฐ
16-16939-20.wav	นะคะแล้วก็มีเยอะเลยค่ะที่ฟังกันอยู่ในจังหวัดต่างๆ
16-16939-23.wav	ชื่อให้เรียบร้อยส่งต่อให้กับน้องๆไม่ว่าจะอยู่ในจังหวัด
16-16940-3.wav	หน้าห้างในอำเภอเมืองจังหวัดน่านแล้วก็รีบนำส่งโรงพยาบาล
16-16940-56.wav	ใกล้ๆกับโรงเรียนดังแถวจังหวัดน่าน
16-16941-16.wav	เธอนั้นไม่สามารถจะเดินทางกลับไปยังอเมริกา
16-16941-25.wav	จึงตัดสินใจเดินทางกลับประเทศไทยเมื่อเดือนมกราคมที่ผ่านมา
16-16942-17.wav	ส่วนตัวน้องสมายเองมีธุรกิจที่จังหวัดเชียงใหม่
16-16947-5.wav	เพราะว่าสาธารณสุขจังหวัดนครศรีธรรมราชบอกว่า
16-16950-80.wav	ลามขึ้นมาถึงจุด34จังหวัดอะไรแบบนี้
16-16951-10.wav	พันตำรวจเอกนิมิตรแสงอรุณรองผู้บังคับการตำรวจภูธรจังหวัดสุพรรณบุรีเปิดเผยว่า
16-16951-15.wav	นั่งจับกลุ่มพูดคุยกันเรื่องที่สลากรางวัลที่1ของนางประดับหายไป
16-16951-16.wav	ขณะไปเป็นแม่ครัวช่วยงานศพญาติที่วัดบางขวากอำเภอสามชุกจังหวัดสุพรรณบุรี
16-16951-19.wav	ทุกคนต่างต้องการเลขท้าย05เหมือนกันแต่ก็ยอมให้นางประดับเป็นคนซื้อ
16-16951-21.wav	วันนั้นนางประดับไปเป็นแม่ครัวช่วยงานศพญาติซึ่งเป็นวันเผาที่วัดบางขวาก
16-16951-23.wav	โดยมีภาพจากกล้องวงจรปิดของวัดแสดงให้เห็นว่านางประดับเดินไปเดินมา
16-16954-10.wav	เดินทางไปมอบความรักให้กับผู้ป่วยที่โรงพยาบาลอุดรฯและก็โรงพยาบาลมะเร็งที่จังหวัดอุดรฯด้วยค่ะ
16-16958-108.wav	หากไม่เจออุปสรรคต่างๆจะใช้เวลาเดินทางเพียงแค่5ชั่วโมง
16-16958-124.wav	ครับตอนนี้นะครับทีมงานรถปลดทุกข์แล้วก็ทางคณะก็เดินทางมาถึงโรงพักเสาหินแล้ว
16-16958-125.wav	ใช้เวลาเดินทางร่วมๆ1วันเลยนะครับ
16-16958-149.wav	แล้วการเดินทางแต่ก่อนเดินทางกันยังไงครับลำบากยังไง
16-16958-186.wav	และเดินทางยากลำบากอยู่ในเมืองไทย
16-16958-29.wav	ใช่แล้วค่ะแล้วทีนี้การเดินทางของเจ้าหน้าที่
16-16958-31.wav	จะต้องเดินทางไปปฏิบัติหน้าที่
16-16958-36.wav	ทีมงานรถปลดทุกข์เดินทางกว่า800กิโลเมตร
16-16958-37.wav	ไปยังอําเภอแม่สะเรียงจังหวัดแม่ฮ่องสอน
16-16958-13.wav	ที่อําเภอแม่สะเรียงจังหวัดแม่ฮ่องสอนนั่นเองค่ะ
16-16958-49.wav	จะต้องเดินทางอีกกว่า80กิโลเมตร
16-16958-55.wav	คืออุปสรรคในการเดินทางครั้งนี้
16-16958-58.wav	ใช้เวลาเดินทางเกือบ3ชั่วโมง
16-16958-67.wav	พรุ่งนี้เช้าเราถึงจะเดินทางกันต่อครับ
16-16958-72.wav	คืออย่างนี้ครับเวลาเราเดินทางเนี่ยนะครับ
16-16958-78.wav	จนกว่าน้ำมันจะลดแล้วก็เดินทางต่อประมาณนี้ครับ
16-16958-94.wav	ที่จะเดินทางต่อนั้นยากลำบากพอสมควร
16-16958-96.wav	ฉะนั้นผมและทีมงานขอนอนพักเอาแรงเดี๋ยวพรุ่งนี้เดินทางกันต่อครับ
16-16958-98.wav	แล้วก็กำลังจะเดินทางไปยังโรงพักเสาหินนะครับ
16-16958-99.wav	เราจะเดินทางไปอีก40กิโลเมตร
16-16959-39.wav	เกาะคำชะโนดอำเภอบ้านดุงจังหวัดอุดรธานีนะครับ
16-16959-60.wav	อยากจะมารอพบนายกรัฐมนตรี
16-16959-75.wav	แต่ถ้าไปจังหวัดอื่นนะมีอีกหนึ่งคนพูด
16-16960-8.wav	อำเภอเขื่องในจังหวัดอุบลราชธานีของนางสามารถผะดาศรีวัย64ปีนะคะ
16-16962-54.wav	ชาวจังหวัดร้อยเอ็ดมาสอบสวนแล้ว
16-16963-11.wav	ให้มาร่วมข่มขืนเด็กหญิงเอโดยนายโด้จะพาไปตามบ้านญาติหรือกระท่อมกลางทุ่งนาเพื่อให้ทุกคนผลัดกันมาลงมือก่อเหตุทุกคน
16-16963-22.wav	ว่าถูกนายโด้และญาติข่มขืนกระทำชำเรา
16-16963-24.wav	แพทย์จึงได้ช่วยประสานเจ้าหน้าที่ศูนย์คุ้มครองเด็กและสตรีจังหวัดสุพรรณบุรี
16-16963-9.wav	ในตัวเมืองสุพรรณบุรีเป็นเด็กหญิงกำพร้าแม่ทิ้งไปตั้งแต่ยังเล็กส่วนพ่อก็ไม่รู้ว่าเป็นใครอยู่ที่ไหนอาศัยอยู่กับกลุ่มญาติเลี้ยงดูส่งเสียให้เรียนหนังสือแต่เมื่อราวๆปี2561ตอนเรียนอยู่ชั้นป.4อายุเพียง10ขวบได้ถูกนายโด้มีศักดิ์เป็นน้าชายบุกเข้ามาข่มขืนขณะนอนหลับอยู่ในบ้านนายโด้ขมขู่เด็กหญิงเอ
16-16964-14.wav	ไปพบกับนายเอกในเอกนี่เป็นนามสมมุตินะ
16-16964-25.wav	จึงไปแจ้งความไว้แล้วคือตัวเขาเองนายเอกไปแจ้งความไว้แล้ว
16-16964-30.wav	นายเอกบอกด้วยว่าฝ่ายน้าสาวทำเกินไปจริงๆ
16-16964-56.wav	ก็คือบ้านของนายเอกเอามีดออกมาไล่เลย
16-16965-13.wav	วันนี้เดินทางมารับทองพร้อมเงินต้น
16-16965-20.wav	ส่วนนางคำป้อแก้วผ่องผู้เสียหายอีกคนนึง
16-16965-7.wav	เจ้าของร้านไม่ได้มาเองค่ะนางสาวพรสุดาเนี่ยจำนำสร้อยคอทองคำ2สลึง
16-16970-4.wav	ผู้โดยสารที่จองตัวเดินทางน้อยกว่าร้อยละ25ของระยะทางขบวนรถ
16-16971-10.wav	ที่ตั้งใจเดินทางมาวาดภาพภาพพระบรมสาทิสลักษณ์ของพระบาทสมเด็จพระปรมินมหาภูมิพลอดุลยเดช
16-16971-11.wav	มอบให้กับประชาชนที่เดินทางมายังบริเวณพระบรมมหาราชวัง
16-16972-23.wav	หรือว่านายสุชาติไปมีสัมพันธ์ลึกซึ้งกับ
16-16972-44.wav	ศาลจังหวัดขอนแก่นก็ส่งคำร้องนี้ให้กับศาลอุทธรณ์ภาค4
16-16972-69.wav	ภรรยาแล้วก็ลูกสาวของนายสุชาติผู้ตาย
16-16972-6.wav	ในตอนนั้นนายสุชาติโคตรทุมปลัดอบจขอนแก่น
16-16972-19.wav	เป็นผู้จ้างวานสั่งให้ฆ่านายสุชาติโคตรทุม
16-16972-72.wav	ทั้งคู่บอกว่าหลังทราบคำพิพากษาแล้วก็เดินทางไปหาคุณพ่อที่วัดด้วย
16-16972-7.wav	ถูกยิงเสียชีวิตหน้าบ้านพักของตัวเองที่จังหวัดขอนแก่น
16-16973-111.wav	รองผู้บัญชาการตำรวจท่องเที่ยวเนี่ยก็บอกนะ
16-16973-116.wav	รอแล้วก็มีการเรียกตัวคนขับเรือเรียกนายท้ายเรือเนี่ย
16-16973-125.wav	ทางจังหวัดภูเก็ตเองก็มีการออกประกาศเตือนนะคะ
16-16973-132.wav	รัฐมนตรีว่าการกระทรวงท่องเที่ยวและกีฬาก็มีการส่งเจ้าหน้าที่
16-16973-131.wav	ซึ่งทางด้านนายวีระศักดิ์โควสุรัตน์
16-16973-165.wav	ค่ะจากทางเจ้าหน้าที่ศูนย์ช่วยเหลือนักท่องเที่ยวจังหวัดภูเก็ต
16-16973-26.wav	เรือล่ม2ลำกลางทะเลอันดามันที่จังหวัดภูเก็ต
16-16973-4.wav	แล้วก็เป็นเครื่องบินทบ.โหม่งโลกที่จังหวัดแม่ฮ่องสอน
16-16973-58.wav	แต่ล่าสุดรายงานออกมานะฮ่ะว่าเจ้าหน้าที่จังหวัดภูเก็ต
16-16973-61.wav	ด้านของนายนรภัทรปลอดทองผู้ว่าราชการจังหวัดภูเก็ต
16-16973-77.wav	ค่ะเป็นการเดินทางกลับจากเกาะเฮมายังฝั่งอืมนะครับ
16-16973-83.wav	ขณะที่ท่องเที่ยวอยู่บริเวณเกาะราชา
16-16973-94.wav	ตอนที่เดินทางกลับมาถึงแหลมโม่งแล้วอยู่ห่างจากเกาะเฮประมาณ2ไมค์ทะเล
16-16976-16.wav	เป็นคนที่ทำนายดวงชะตาของหนุ่มโสดและก็สาวโสดทุกคนในรายการนี้
16-16977-113.wav	จะพานายยุทธนาไปตรวจสุขภาพจิตที่โรงพยาบาลด้วยซ้ำ
16-16977-115.wav	นะค่ะนายยุทธนาก็มาก่อเหตุซะก่อนพลตํารวจตรีธรรมศักดิ์ปิ่นทอง
16-16977-116.wav	ผู้บังคับการตำรวจภูธรจังหวัดพะเยาก็ไปติดตามความคืบหน้าคดีนี้นะคะ
16-16977-12.wav	อำเภอเชียงคำจังหวัดพะเยาญาติญาติทำพิธีเปลี่ยนชุดให้กับผู้เสียชีวิต
16-16977-22.wav	ทีมข่าวของเราลงพื้นที่ไปไปคุยกับนางเหม๋ย
16-16977-23.wav	50ปีเป็นภรรยาของนายยุทธนาผู้ก่อเหตุเป็นแม่ของนาย
16-16977-28.wav	จังหวัดพะเยานี่นะค่ะคือที่เกิดเหตุเนี่ย3ศพคะนอนอยู่
16-16977-29.wav	ในบ้านก็คือนายพงษ์เทพอายุ37นางสุภาพรภรรยาและลูก
16-16977-32.wav	ปืนลูกซองกระสุนเข้าแก้มซ้ายนางสุภาพรกับลูกสาวถูก
16-16977-33.wav	ยิงกระสุนเข้าที่หน้าอกนะคะส่วนนางเหม๋ยที่เป็นแม่ของ
16-16977-34.wav	นายพงษ์เทพเป็นภรรยาของคนก่อเหตุเนี่ยค่ะกับนายทรงพล
16-16977-39.wav	ไปเจอศพของนายยุทธนาคนก่อเหตุนะคะเสียชีวิตอยู่ใต้
16-16977-44.wav	นะครับซึ่งเป็นผู้ก่อเหตุแต่งงานอยู่กินกับนางเหม๋ยภรรยา
16-16977-45.wav	แล้วก็แม่ของนายพงษ์เทพเนี่ยแล้วก็มีลูกด้วยกัน2คน
16-16977-47.wav	จะแต่งงานใหม่กับนายุทธนามีลูกติดมา3คนนะครับคือนาย
16-16977-49.wav	ลูกสาวอีก2คนขณะที่นายพงษ์เทพลูกเลี้ยงก็ไปแต่งงานกับ
16-16977-50.wav	นางสุภาพรซึ่งมีลูกติดมา1คนเป็นเด็กชายอายุ12ปีแล้ว
16-16977-51.wav	นายพงษ์เทพกับนางสุภาพรก็มีลูกสาวด้วยกันหนึ่งคนคือเด็กหญิง
16-16977-53.wav	สามคนพ่อแม่ลูกก่อนเกิดเหตุเป็นแบบนี้ครับทุกผู้ชมครับนาง
16-16977-54.wav	เหม๋ยภรรยาของผู้ก่อเหตุนั่งกินข้าวขันโตกอยู่กับนายพงษ์เทพ
16-16977-56.wav	5ขวบหลานสาวแล้วก็นายทรงพลเพื่อนบ้านโดยเปิดประตูหน้าบ้าน
16-16977-57.wav	ทิ้งเอาไว้จากนั้นนายุทธนาผู้ก่อเหตุเดินมาตามนางเหม๋ยภรรยา
16-16977-58.wav	ให้กลับบ้านที่อยู่ติดกันแต่นางเหม๋ยไม่ยอมกลับอ้างว่าจะนอน
16-16977-60.wav	เดินมาตามนางเหม๋ยอีกรอบนึงแต่นางเหม๋ยก็ยังไม่ยอมกลับนาย
16-16977-64.wav	ก็ไปโดนแขนซ้ายของนายทรงพลที่เป็นเพื่อนบ้านบาดเจ็บด้วย
16-16977-66.wav	เนี่ยนะนางเหม๋ยกับนายทรงพลก็วิ่งหนีออกจากบ้าน
16-16977-67.wav	นายยุทธนาก็เลยหันไปยิงนางสุภาพรภรรยาของนายพงษ์เทพ
16-16977-68.wav	แล้วก็เด็กหญิงวัย5ขวบลูกสาวของนายพงษ์เทพจนเสียชีวิตไปด้วย
16-16977-74.wav	นางเหม๋ยภรรยาของนายยุทธนาแล้วก็แม่ของนายพงษ์เทพเนี่ย
16-16977-76.wav	นายยุทธนาสามีใหม่กับนายพงษ์เทพลูกชายก็มีปากเสียงทะเลาะกันบ่อยครั้ง
16-16977-7.wav	ครอบครัวได้นำศพนายพงษ์เทพเรียบสกุลชาติอายุ36ปี
16-16977-85.wav	พี่ชายของนางสุภาพรภรรยานายพงษ์เทพนะฮะบอกกับทีมข่าวไทยรัฐทีวีว่าก่อนหน้านี้น้องสาวกับสามีเคยไปอยู่กับพ่อแม่ที่จังหวัดน่านเพื่อทำสวนกาแฟนะครับ
16-16977-88.wav	แล้วพ่อเลี้ยงก็ขับรถกระบะของนายพงษ์เทพไปพลิกคว่ำด้วย
16-16977-90.wav	แล้วก็ยังมีปัญหาเรื่องไร่กาแฟที่พ่อเลี้ยงให้นายพงษ์เทพเอาไว้ด้วยนะฮะ
16-16978-25.wav	ปีที่ผ่านมาคอยช่วยเหลือยายกับเหลนมาโดยตลอดส่วนนางสาครราบ
16-16980-21.wav	เจ้าหน้าที่พัฒนาสังคมและความมั่นคงของมนุษย์จังหวัดเพชรชบูรณ์
16-16984-3.wav	ตําบลนาเกียนอําเภออมก๋อยจังหวัดเชียงใหม่ซึ่งอยู่ห่างจากอำเภอเมือง
16-16984-60.wav	แล้วก็มีนางวิไลลักษณ์สุขสายผู้อำนวยการกศน.อมก๋อยลงนามคำสั่งนะคะ
16-16986-3.wav	ที่ติดอยู่ในถ้ำหลวงขุนน้ำนางนอนที่อำเภอแม่สายจังหวัดเชียงราย
16-16986-40.wav	ขุนน้ำนางนอนจังหวัดเชียงรายแห่งนี้นะครับ
16-16986-48.wav	ขุนน้ำนางนอนนะครับทันทีที่ทราบข่าวจากการแถลงข่าว
16-16986-9.wav	ผู้ว่าจังหวัดเชียงรายที่เป็นผู้บัญชาการเหตุการณ์ณขณะนั้นจะแถลงข่าวเหตุการณ์สำคัญ
16-16988-28.wav	ซึ่งท้ายที่สุดเนี่ยฟิล์มก็ตัดสินใจลาบวชซะเลยและยุติงานในวงการค่ะก่อนจะเดินทางไปเรียนต่อที่อังกฤษ
16-16990-10.wav	ส่วนอีกหนึ่งที่ที่จังหวัดบึงกาฬครับที่นั่นเขากู้เรือโบราณขึ้นมาได้เลยนะ
16-16990-126.wav	สถานที่ของเราเป็นที่ท่องเที่ยวนะครับ
16-16990-13.wav	ไปเริ่มกันที่จังหวัดแรกนะครับชาวบ้านกว่า200คน
16-16990-16.wav	บ้านประดันรัฐตำบลท่าช้างอำเภอเฉลิมพระเกียรติจังหวัดนครราชสีมาครับ
16-16990-54.wav	ใช่แล้วค่ะด้านนายวีระแก้วเทพผู้ใหญ่บ้านท่าไคร้บอกว่า
16-16990-81.wav	หรือเมืองโบราณใต้พิภพจังหวัดเชียงใหม่ค่ะ
16-16990-9.wav	เพราะว่าที่จังหวัดนครราชสีมาครับก็ขุดพบซากเรือโบราณนะครับ
16-16991-14.wav	คมศักดิ์อายุ43ปีอยู่ที่บ้านลาดนะบ้านลาดจังหวัดเพชรชบุรี
16-16994-0.wav	พาคุณผู้ชมไปออสเตรเลียกันหน่อยค่ะไม่ได้พาไปท่องเที่ยวนะคะ
16-16995-10.wav	ตี27มิถุนายนที่สวนสาธารณะหนองประจักษ์ในอำเภอเมืองจังหวัดอุดรธานีค่ะ
16-16996-0.wav	พูดถึงการไปช่วยเหลือทีมหมูป่าที่ถ้ำหลวงขุนน้ำนางนอน
16-16996-11.wav	ทีมเก็บรังนกจากเกาะลิบงอำเภอกันตังจังหวัดตรัง12คน
16-16996-13.wav	เสร็จภารกิจก็กลับไปที่จังหวัดตรังแล้ว
16-16997-36.wav	อำเภอท่าศาลาจังหวัดนครศรีธรรมราช
16-16998-1.wav	ไปดูสถานการณ์ล่าสุดกันหน่อยเขาอยู่กันที่จังหวัดประจวบคีรีขันธ์ค่ะ
16-16998-23.wav	สำหรับการเดินทางโดยทางรถไฟนั้นนะคะคุณผู้ชมมาได้แค่อำเภอหัวหินจังหวัดประจวบคีรีขันธ์เพียงเท่านั้นค่ะ
16-16998-27.wav	นิ่มนวลสุพรรณยศข่าวไทยรัฐทีวีรายงานจากอำเภอทับสะแกจังหวัดประจวบคีรีขันธ์ค่ะ
16-16998-9.wav	ขณะที่การจราจรบนถนนเพชรเกษมช่วงจังหวัดประจวบคีรีขันธ์ค่ะ
15-15001-18.wav	พบรถจักรยานยนต์มีพิรุธค่ะตำรวจทั้ง2นายจึงขอเข้าตรวจค้น
15-15001-24.wav	กล่าวว่าจากการสอบปากคำนายปิติพลรับสารภาพว่าเคยต้องโทษคดียาเสพติด
15-15003-22.wav	จังหวัดอ่างทองสวยงามด้วยบรรยากาศของดอกไม้
15-15003-24.wav	ทางจังหวัดเนี่ยได้รับความร่วมมือจากชาวนา
15-15003-35.wav	บอกว่าทางจังหวัดได้ทดลองพลิกวิกฤตให้เป็นโอกาส
15-15004-38.wav	บอกว่าเมื่อวานนี้ได้รับแจ้งจากเจ้าหน้าที่สาธารณสุขจังหวัดปทุมธานี
15-15007-11.wav	และเดินทางกลับบ้านเกิดที่อำเภอโพนทอง
15-15007-22.wav	หลังจากนั้นค่ะพอเดินทางถึงโพนทอง
15-15007-25.wav	และมีการเดินทางไปซื้อของตามร้านค้าแห่งหนึ่งในตำบลแวง
15-15007-5.wav	ส่วนกรณีที่เขาบอกว่าใครที่เดินทางเคลื่อนย้ายผ่านจังหวัด
15-15007-6.wav	โดยเฉพาะเดินทางออกจากกรุงเทพมหานครกลับภูมิลำเนา
15-15008-8.wav	ชื่อว่านายเฉลิมพลอายุ42ปีนอนคว่ำหน้าเลือดนองพื้นเลย
15-15011-11.wav	วัดป่าเรไรที่อำเภอนางรองจังหวัดบุรีรัมย์
15-15014-0.wav	โรงพยาบาลสนามที่ตำบลแหลมทองจังหวัดชัยภูมิฮะ
15-15015-62.wav	ถ้าหากพร้อมที่จะเดินทางออกจากอนุสาวรีย์ประชาธิปไตย
15-15016-13.wav	วันนี้เป็นวันที่16แล้วนะคะของการเดินทาง
15-15016-65.wav	เนื่องจากว่ามีการชุมนุมในหลายจุดประชาสัมพันธ์เรื่องนี้สำคัญเพราะว่าเป็นวันที่หลายคนอาจจะออกเดินทางไปท่องเที่ยว
15-15017-2.wav	ตําบลกุดค้าวอําเภอกุฉินารายณ์จังหวัดกาฬสินธุ์ครับแล้วหลังจากนั้นก็มีเสียงคล้ายระเบิดดังขึ้น1ครั้ง
15-15018-43.wav	คุณต้องเดินทางจะเอากระดาษเอาเช็คเนี่ยไปเข้าธนาคารอีก
15-15018-44.wav	ผมเชื่อว่าคุณน่าจะรู้แล้วเวลาคุณเดินทางต้องมีต้นทุนทั้งนั้น
15-15019-15.wav	จะประสานเสนอเก้าอี้นายกรัฐมนตรีให้
15-15019-16.wav	นายอนุทินชาญวีรกูลหัวหน้าพรรคภูมิใจไทย
15-15019-18.wav	เพราะคนที่จะมาเป็นนายกรัฐมนตรี
15-15019-33.wav	และหากนายอนุทินและนายอภิสิทธิ์เวชชาชีวะ
15-15019-46.wav	เราก็ได้สัมภาษณ์นายสมเกียรติสรลัม
15-15019-4.wav	พร้อมที่จะยกมือสนับสนุนนายอนุทินชาญวีรกูล
15-15020-130.wav	ไปกับลูกศิษย์ที่สนิทนะผ่านแม่น้ำโขงทางจังหวัดหนึ่งในทางภาคอีสาน
15-15020-40.wav	นี่ฮะบ้านอยู่ที่บ้านนาชุมแสงตําบลกุดชุมแสงอําเภอหนองบัวแดงจังหวัดชัยภูมิ 
15-15023-27.wav	พานายประกอบกุลหรือว่าแบงค์อายุ47ปี
15-15024-0.wav	ในเทศกาลท่องเที่ยวเมืองไทย
15-15024-14.wav	แต่ให้ผู้เข้าร่วมชมงานเทศกาลท่องเที่ยว
15-15024-44.wav	เพื่อใช้ในการเดินทางไปท่องเที่ยวภาคใต้นั่นเองค่ะ
15-15025-107.wav	แล้วตอนนี้ที่ออกหมายจับไปแล้วตำรวจมี6นายด้วยกันที่ถูกออกหมายจับ
15-15025-122.wav	หลังจากที่มีคำสั่งในการส่องสอบสวนตำรวจที่อยู่ในเหตุการณ์ทุกนายค่ะ
15-15025-118.wav	ก็สั่งย้ายพลตำรวตรีจักรกฤษเครือสุนทรวานิชผู้บังคับการตำรวจภูธรจังหวัดนครปฐม
15-15025-124.wav	มีภาพปรากฏด้วยในงานเลี้ยงของกำนันนกมีตำรวจชั้นผู้ใหญ่ในจังหวัดนครปฐม
15-15025-43.wav	ที่อำเภอเมืองจังหวัดนครปฐมอะค่ะนายโบ๊ทนายโบ๊ทเป็นใคร
15-15026-12.wav	รายงานมาจากอำเภอฝางตำบลม่อนปิ่นจังหวัดเชียงใหม่
15-15026-26.wav	นี่เป็นภาพขณะที่ตำรวจควบคุมตัวนายสมศักดิ์สาครคีรี
15-15026-29.wav	175หมู่ที่15บ้านหนองไผ่ตำบลม่อนปิ่นอำเภอฝางจังหวัดเชียงใหม่
15-15026-30.wav	สามารถจับกลุ่มนายสมศักดิ์และนายจรูญโรจน์สาครคีรี
15-15026-33.wav	ขณะที่จับกลุ่มนั้นนายสมศักดิ์พยายามที่จะขัดขืนการจับกลุ่มไม่ให้ความร่วมมือโดยที่หัวหน้าชุดสยบไพรีจึงได้มีการนำเอากุญแจมาสวมไว้ที่ข้อมือ
15-15026-41.wav	นายสมศักดิ์ยังคงให้การปฏิเสธยืนยันว่าไม่มีความเกี่ยวข้องกับเครือข่ายยาเสพติด
15-15026-49.wav	แต่ว่านางสุดาหรือว่าเจ๊ดาไหวตัวทันหลบหนีไปได้ซึ่งแนวทางการสอบสวนนั้นพบว่าเจ๊ดามีพฤติกรรมที่เกี่ยวข้องกับยาเสพติด
15-15029-17.wav	ตำรวจภูธรจังหวัดสมุทรปราการคุมตัว
15-15029-18.wav	นายชาญวิทย์หรือว่าดอนอายุ35ปี
15-15029-21.wav	คือนางสาวอรนันหรือว่าพินนราธรอายุ30ปี
15-15030-10.wav	เหตุการณ์ที่เกิดขึ้นในจังหวัดชัยภูมินะคะ
15-15030-51.wav	พร้อมกับสอบสวนอย่างหนักจนสารภาพคนร้ายเนี่ยชื่อว่านายสงกรานต์บุญจันทร์
15-15030-53.wav	ว่าเป็นคนทำร้ายแม่ชีจริงๆตำรวจก็นำตัวนายสงกรานต์เนี่ย
15-15031-0.wav	คุณผู้ชมคะมาดูเหตุการณ์ที่เกิดขึ้นเมื่อช่วง03.30ที่ผ่านมาที่จังหวัดร้อยเอ็ด
15-15031-21.wav	ผู้ตายเนี่ยไปรับนางสาวบีนามสมมุติเหมือนกันเพราะยังเป็นเยาวชนนะคะ
15-15031-22.wav	นางสาวบีเนี่ยเขาคบกันอยู่คบหาดูใจกันรับไปเที่ยว
15-15031-24.wav	พานางสาวบีแล้วก็พาเพื่อนคนนี้นายคนนี้ให้ไปส่งนางสาวบีด้วยกัน
15-15031-39.wav	ตำรวจสภ.หัวโทนตำรวจภูธรจังหวัดร้อยเอ็ด
15-15031-48.wav	ก็เลยบอกกับเจ้าหน้าที่ว่าเนี่ยก็น่าจะเป็นนายคนนี้แหละที่ก่อเหตุ
15-15031-7.wav	บ้านหนองพังคีอำเภอสุวรรณภูมิจังหวัดร้อยเอ็ดค่ะ
15-15032-2.wav	โอ้โหพิซซ่าบ้านนาพิซซ่าไปกันให้ถูกนะครับอยู่ที่ตำบลหนองโสนอำเภอเมืองจังหวัดตราด
15-15033-11.wav	นายสะอาดช่วยเต็มวัย65ปีเขาเล่าให้ฟังค่ะว่า
15-15033-4.wav	ตำบลบางริ้นอำเภอเมืองจังหวัดระนองค่ะชาวบ้านที่เขาได้รับความเดือดร้อน
15-15033-53.wav	ผู้ว่าราชการจังหวัดระนองก็รับทราบเรื่องนี้แล้วแล้วก็สั่งการให้หน่วยงานที่เกี่ยวข้องเนี่ย
15-15034-3.wav	ที่นายกรัฐมนตรีได้ตั้งขึ้นมาให้ศึกษาหาข้อมูลนั้น
15-15035-11.wav	ของสำนักงานตรวจคนเข้าเมืองอำเภอสะเดาจังหวัดสงขลานะครับ
15-15035-33.wav	แล้วก็อย่างที่บอกไปขอบคุณพื้นที่จังหวัดสงขลา
15-15035-37.wav	ไม่ได้อยู่ในยอดรวมของจังหวัดนะนะครับ
15-15035-38.wav	ต้องแยกออกมาจากยอดของจังหวัด
15-15035-39.wav	ยอดของจังหวัดมี40กว่ารายเท่านั้นเองนะครับ
15-15035-40.wav	สำหรับกรณีการตรวจหาเชื้อที่จังหวัดยะลา
15-15035-5.wav	ที่อยู่ที่ศูนย์กักกันจังหวัดสงขลานะครับ
15-15036-31.wav	อะชื่อว่านางสาวสิริรัตน์หรือว่าคุณออยอายุ24ปี
15-15036-55.wav	และอาชญากรรมที่สำนักงานยุติธรรมจังหวัดอุดรธานีนะฮ่ะ
15-15038-15.wav	ผู้ปกครองคนนี้ปรีเข้าไปจะทุบใบหน้าของนายภูวนัยสิงหศิริ
15-15038-18.wav	ครับนะค่ะด้วยนายภูวนัยนี่ก็อายุแค่20เหมือนกันนะ
15-15038-21.wav	คือก่อนหน้านี้ตำรวจเข้าไปจับตัวนายภูวนัย
15-15039-5.wav	รายงานมาจากจังหวัดประจวบคีรีขันธ์อำเภอหัวหินครับ
15-15040-22.wav	และสำนักงานคณะกรรมการป้องกันและปราบปรามการทุจริตประจำจังหวัดสงขลา
15-15040-47.wav	คือเขาก็เปิดให้ประชาชนเข้าท่องเที่ยวตามปกติแหละนะครับ
15-15041-1.wav	ณวัดจันทึกตำบลหนองสาหร่ายอำเภอปากช่องจังหวัดนครราชสีมา
15-15043-10.wav	จึงเดินทางไปมอบเจลล้างมือ
15-15043-28.wav	เดินทางไปร่วมกิจกรรมทำความสะอาดให้กับคุณตำรวจที่โรงพักวังทองหลาง
15-15044-193.wav	เหตุนี้นะฮะเกิดประมาณตอน13:00น.นะฮะที่จังหวัดกำแพงเพชรครับ
15-15040-9.wav	กรณีที่นายสุริยาแสงพงค์
15-15038-86.wav	แล้วก็นายภูวนัยหรือนายสิงสริอายุ20ปีคนนี้
15-15044-229.wav	ก่อนอื่นใดขอปรบมือให้นางรำคนนี้ก่อนได้ไหม
15-15044-238.wav	นางรำเองยังงงๆว่าวิ่งมาทำอะไรนะแต่ว่าก็เอาหลานนะฮะเป็นการแสดงรำหน้าศพ
15-15044-255.wav	เหตุการณ์นี้เกิดขึ้นที่หน้าโรงเรียนสุรนารีวิทยาจังหวัดนครราชสีมา
15-15044-76.wav	ได้แล้วนะครับก็คือนายสมศักดิ์แจงสัตย์นะครับ
15-15044-80.wav	นายสมศักดิ์รับสารภาพก่อเหตุไป
15-15044-84.wav	แล้วเบื้องต้นทราบด้วยนะว่านายคนนี้จริงๆก็อยู่กับลูก
15-15045-11.wav	ร้านนี้นะครับที่ตั้งอยู่ในเซ็นเตอร์พอยท์พลาซ่านี้อำเภอเมืองจังหวัดมหาสารคามค่า
15-15046-0.wav	ออกมาเตือนภัยนะคะอำเภอศรีมหาโพธิจังหวัดปราจีนบุรี
15-15046-4.wav	เพราะได้รับการร้องเรียนมาไปเจอกับนายเกียรติศักดิ์ชูเชื้อวัย46ปี
15-15046-6.wav	นายเกียรติศักดิ์เล่าบอกว่าเช้าวันอาทิตย์ที่ผ่านมา
15-15048-5.wav	อำเภอโพธารามจังหวัดราชบุรี
15-15048-77.wav	อันนี้จะเป็นตัวนางที่แต่เราเรียกว่านางหน้าแขวะ
15-15048-91.wav	คุณผู้ชมค่ะการเดินทางมาที่วัดขนอนอำเภอโพธารามจังหวัดราชบุรี
15-15050-21.wav	ส่วนด้านการเกษตรทางหอการค้าในแต่ละจังหวัด
15-15050-25.wav	เพื่อลดช่องว่างในพื้นที่ของจังหวัดกรุงเทพมหานครและต่างจังหวัดค่ะ
15-15050-27.wav	จะพึ่งในกรุงเทพอย่างเดียวเนี่ยจังหวัดเดียว30
15-15050-30.wav	ในจัดแต่ละจังหวัดเนี่ยก็มีสัดส่วนไม่ถึง1เปอร์เซ็นต์ของGDPของประเทศ
15-15050-36.wav	โดยนายอิสระ ว่องกุศลกิจประธานกรรมการหอการค้า
15-15050-44.wav	เดินทางมารับฟังในวันอาทิตย์ค่ะเพื่อนำไปใช้ในการปฏิรูปประเทศร่วมกัน
15-15050-4.wav	ทยอยเดินทางเข้าร่วมประชุมหอการค้าทั่วประเทศครั้งที่34
15-15055-11.wav	แล้วก็เดี๋ยวจะพาไปที่จังหวัดพะเยาค่ะที่นั่นครับ
15-15055-18.wav	วัดพระธาตุสบแวนอำเภอเชียงคำจังหวัดพะเยาครับ
15-15055-24.wav	จากจังหวัดแพร่น่านลำพูนลำปางเชียงรายและเชียงใหม่
15-15056-12.wav	วัตถุประสงค์การจัดงานก็เพื่อส่งเสริมและประชาสัมพันธ์อาหารพื้นถิ่นขนมไทยและสินค้าที่มีคุณภาพของจังหวัดนะครับ
15-15056-13.wav	ภายในงานมีมาออกร้านมากมายอย่างที่บอกไปอืมแล้วก็เป็นของดีประจำจังหวัด
15-15056-6.wav	อำเภอเมืองจังหวัดฉะเชิงเทรานะครับค่ะ
15-15057-166.wav	ก็มีคนที่จังหวัดนะคะเขาตั้งกองทุนขึ้นมาค่ะเขาให้ความช่วยเหลือกองทุนอิ่มอุ่นค่ะของนครพนม
15-15057-274.wav	แล้วแต่แต่วันนี้เดินทางมาจนถึงตอนนี้เนี่ยเรายินดี
15-15058-25.wav	ล่าสุดเมื่อช่วงเช้าก็มีคนไปพบศพนายเจษฎายุทธเนี่ยจมน้ำอยู่ในแม่น้ำปิงแล้วก็ลอยมาแล้ว
15-15058-16.wav	คนที่หายตัวไปเนี่ยชื่อว่านายเจษฎายุทธภาคเพียรอายุ37ปี
15-15050-45.wav	สิวลีก้อนแก้วผู้สื่อข่าวไทยรัฐทีวีรายงานจากจังหวัดพระนครศรีอยุธยาค่ะ
15-15061-24.wav	หากวันที่10สิงหาคม2566นายทักษิณกลับมาเมืองไทย
15-15061-35.wav	แต่หากนายทักษิณกลับมาแล้วเข้าเรือนจำไปเลย
15-15061-48.wav	นายจตุพรยังฝากคำพูดไปถึงคุณทักษิณบอกว่า
15-15064-40.wav	มันจะมีถนนนั้นมันจะมีหลายจังหวัดที่มันจะต้องผ่านไงเข้าใจไหม
15-15069-38.wav	ปลอดภัยกลับมาเรียนได้นะครับนายพิชิตนะครับชูเพลงคนขับรถตู้เนี่ย
15-15069-25.wav	อำเภออู่ทองจังหวัดสุพรรณบุรีครับ18:30น.ของเมื่อวานนี้นะครับ
15-15068-9.wav	ก็เดินทางถึงสิงคโปร์เพื่อเตรียมทำศึกอาเซียนครับขาดเพียงแค่เจนภพโพธิ์ขีครับ
15-15068-13.wav	จะตามไปวันที่6ธันวาคมนะครับส่วนฟิลิปโรเลอร์เดินทางถึงสิงคโปร์วันที่11ธันวาคม
15-15064-42.wav	มันต้องผ่านไงป๋าว่าดีกว่าดีกว่าเราจะไปจังหวัดเดียวอย่างนี้
15-15064-44.wav	เราจะไปไหนเออเราจะดูที่ว่ามันหลายๆจังหวัดที่มันผ่านได้
15-15064-46.wav	มันจะได้ดีกว่านักท่องเที่ยวเยอะคนเดินทางเยอะถูกต้อง
15-15066-80.wav	เป็นเจ้าเป็นนายนั้นสุขสบายทั้งชาติ
15-15068-2.wav	ก็ได้รวมตัวกันที่บ้านเราก่อนที่จะเดินทางไปที่สิงคโปร์
15-15069-51.wav	บอกว่าก่อนเกิดเหตุบรรทุกข้าวโพดจากจังหวัดนครสวรรค์
15-15069-9.wav	การเดินทางของรถนักเรียนด้วย
15-15070-13.wav	เมื่อวานนี้เองค่ะพี่เอก็ตั้งใจเดินทางไปร่วมพิธีฌาปนกิจ
15-15070-38.wav	ก่อนที่คุณแตงโมจะเดินทางสู่อ้อมกอดของพระเจ้าอย่างเป็นนิรันดร์นะคะ
15-15075-35.wav	ร้านสะดวกซื้อจุดนี้นะคะก็คือที่จังหวัดร้อยเอ็ด
15-15075-41.wav	ไปเจอผู้ที่บาดเจ็บก็คือนายอรรณพสมัครสมานเป็นผู้ช่วยผู้จัดการร้าน
15-15076-14.wav	อําเภอวิเศษชัยชาญจังหวัดอ่างทอง
15-15076-26.wav	ส่วนที่จังหวัดนครราชสีมา
15-15076-28.wav	ได้ว่าจ้างนางรำให้มารำถวายแก้บน
15-15077-10.wav	หลังจากนั้นนะคะก็จะพาไปสัมผัสกับวิถีชีวิตของชาวเมืองเชียงคานจังหวัดเลย
15-15077-121.wav	ใกล้แยกข่วงสิงห์ตำบลช้างเผือกอำเภอเมืองจังหวัดเชียงใหม่นะจ๊ะ
15-15077-127.wav	เขาว่ากันอย่างนั้นร้านนี้ก็มีนายธนกรปิยะธรรมรงค์หรือว่าเต๋อตำระเบิด
15-15077-178.wav	โดยนายธนกรเขาก็ไม่บอกนะว่าเอ๋ได้รายได้ในเดือนเท่าไหร่
15-15077-207.wav	เดี๋ยวพาไปดูกันหน่อยที่จังหวัดนี้กาญจนบุรี
15-15077-215.wav	วันนี้ผมอยู่ที่อำเภอท่าม่วงที่จังหวัดกาญจนบุรีนะครับ
15-15077-53.wav	เมื่อเราท่องเที่ยวดื่มดำกับธรรมชาติ
15-15077-5.wav	ที่บ้านของคุณผู้ชมที่จังหวัดของคุณผู้ชมมีที่ไหนที่น่าสนใจกันบ้างเออ
15-15077-68.wav	ต่างหลั่งไหลเดินทางกันมาที่นี่
15-15077-71.wav	นักท่องเที่ยวที่เดินทางมาในช่วงนี้
15-15077-8.wav	ช่วงนี้เดี๋ยวพาไปเที่ยวกันหน่อยคุณผู้ชมไปเที่ยวจังหวัดเลย
15-15077-91.wav	ต้องแนะนำเลยค่ะเป็นอีกหนึ่งจังหวัดที่อยากเชิญชวนคุณผู้ชมไป
15-15078-13.wav	นายสมบูรณ์กิตติเจริญสุขอายุ54ปีเป็นหัวหน้าวินของผู้ตายหลังก่อเหตุเสร็จเนี่ย
15-15078-15.wav	แต่ตกเย็นปุ๊บค่ะคุณผู้ชมผู้ก่อเหตุเนี่ยเดินทางมามอบตัวกับตำรวจในท้องที่
15-15078-27.wav	หลบหนีไปแต่ตัดสินใจเดินทางมามอบตัวในที่สุดนะคะวันนี้ค่ะตำรวจบอกว่าเดี๋ยวจะนำตัว
15-15078-9.wav	นี่ค่ะศพผู้ตายก็คือนายวิเชียรเปลี่ยนสุขอายุ41ปีเป็นวินจักรยานยนต์รับจ้างบ้านครัวเหนือ
15-15079-30.wav	พอรุ่งขึ้นเนี่ยทางตัวนางสาวภัทรเนตร
15-15079-50.wav	นายนิมิตรเห็นหญิงสาวสวยงามมาก
15-15080-29.wav	ราษฎรหรือกลุ่มฝั่งตรงข้ามซึ่งตอนนี้นะครับเออบรรดากลุ่มผู้ชุมนุมนะครับก็ยังคงทยอยเดินทางเข้าไปยังบริเวณอาคารรัฐสภากันอย่างต่อเนื่องซึ่งถนนบริเวณทางฝั่งหน้าวัดใหม่ทองเสนที่จะมุ่งหน้าไปสะพานแดงนะครับเป็นกลุ่มที่ก่อนหน้าเป็นจุดที่ก่อนหน้านี้นะครับมีการปักหลักของกลุ่มชุมนุมอีกกลุ่มหนึ่งที่เห็นต่างกับกลุ่ม
15-15081-13.wav	มีประชาชนที่เดินทางมาจากหลากหลายสารทิศ
15-15081-36.wav	ที่วังน้ำเขียวจังหวัดนครราชสีมาหรือว่าโคราช
15-15083-135.wav	ได้เจอกับลูกสาวของนางออมสินนะ
15-15083-13.wav	เป็นชาวบ้านในพื้นที่ตำบลส่องดาวอำเภอส่องดาวจังหวัดสกลนคร
15-15083-88.wav	แล้วก็ต้องแจ้งความกันเนี่ยนะครับเราได้คุยกับนางระพินนะฮะ
15-15085-0.wav	ที่จังหวัดสุพรรณบุรีครับคุณผู้ชมไปตามคนดวงดีดวงเฮงเขาบอกว่าได้โชคได้ลาภ
15-15085-4.wav	ไปที่นี่วัดพังม่วงอำเภอศรีประจันต์จังหวัดสุพรรณบุรี
15-15086-0.wav	วันนี้หลายๆจังหวัดเขามีมาตรการที่เข้มข้นมากขึ้น
15-15086-1.wav	ที่จังหวัดระยองนะครับเขามีคำสั่งด่วนๆเลยฮะ
15-15086-27.wav	แต่เอาจริงๆนะผมว่าในหลายพื้นที่หลายจังหวัดเนี่ยค่ะ
15-15086-4.wav	ที่นี่เลยฮะหลังจากที่การประชุมของคณะกรรมการโรคติดต่อจังหวัดระยองเนี่ย
15-15089-11.wav	ว่านายสุภัฒสงวนดีกุลรองอธิบดีกรมทรัพย์สินทางปัญญา
15-15089-23.wav	ระเบียบราชการต่อไปค่ะนางอภิรดีบอกว่าในกระบวน
15-15089-28.wav	ก็มีคำสั่งให้นายสุพัฒน์ช่วยงานที่สำนักงานปลัด
15-15090-22.wav	อยู่ค่ายทหารพัฒนาเคลื่อนที่14ที่บ่อไร่จังหวัดตราด
15-15091-12.wav	ชาวประมงท่านหนึ่งนะคะก็คือนายถนอมมานะ
15-15092-17.wav	ของนางอุทัยทิพย์ทองใบธนนันท์หรือว่าคุณโอ๋
15-15092-27.wav	ทีนี้จากการที่ตำรวจภูธรจังหวัดปราจีนบุรีเขาไปดูภาพ
15-15092-36.wav	แล้วก็ไปจับกลุ่มนายอรุณ
15-15092-41.wav	ยังมีเพื่อนอีกคนนึงชื่อว่านายทศพลกลิ่นจันทร์อายุ23ปี
15-15092-45.wav	ปรากฏว่าไม่เจอนายทศพล
15-15092-43.wav	ซึ่งตำรวจแล้วก็ทหารเดินทางไปที่บ้านของนายทศพลครับ
15-15092-49.wav	หลังจากนั้นค่ะตำรวจก็เลยให้นายอรุณ
15-15092-51.wav	โทรศัพท์ติดต่อกับนายทศพลเลยให้ถามว่าอยู่ที่ไหน
15-15092-54.wav	ช่วงที่ตำรวจให้นายอรุณโทรหานายทศพลอ่ะไปฟังค่ะ
15-15092-58.wav	อยู่ร้านไหนเนี่ยใช่ค่ะทีนี้พอตำรวจรู้แล้วนายทศพลเนี่ยเอาจักรยานยนต์ไปซ่อมที่ร้านดีประเสริฐอะไรที่ตลาดวัฒนานครใช่ไหมครับ
15-15092-59.wav	เจ้าหน้าที่ก็ตามไปเลยค่ะไปจับได้ที่ร้านเลยอะแล้วก็เอาตัวมาขยายผลที่บ้านของนายทศพล
15-15092-62.wav	เสร็จแล้วปั๊บเนี่ยประสานกับนายปองเพื่อที่จะขอรับรถคืนเพราะว่ารถนี้มันไม่สามารถขายได้ในกัมพูชาครับแต่ว่าตอนนี้ยังตามรถคืนมาไม่ยังไม่สามารถตามรถคืนมาได้นะคะ
15-15093-21.wav	นะครับทางด้านของหัวหน้าชุดหน่วยพิทักษ์เขาใหญ่นายบรรจงบุญเพ็งเนี่ยนะครับ
15-15093-9.wav	ลงเรือกันนะครับที่เขื่อนขุนด่านปราการชลอําเภอเมืองจังหวัดนครนายก 
15-15094-206.wav	ฝ่ายนายจ้างผมได้เดินทางไปพบกับสภาหอการค้า
15-15094-22.wav	ในแต่ละพื้นที่ในแต่ละจังหวัดว่าความเหมาะสมของแต่ละจังหวัดเป็นอย่างไร
15-15095-19.wav	หากย้อนไปดูในช่วงที่แข้งเซราะกราวเดินทางมาถึงสนามบินในกรุงพนมเปญ
15-15099-10.wav	นายโอได้ยิงใส่เจ้าหน้าที่และชิงรถประชาชนมาตลอดเส้นทาง
15-15099-11.wav	กระทั่งรถมาติดไฟแดงบริเวณกลางแยกนายโอยังพยายามหลบหนีและยิงต่อสู้
15-15099-14.wav	ขณะที่สถานีตำรวจภูธรบางเสาธงจังหวัดสมุทรปราการ
15-15099-24.wav	แต่ถูกนายโอสวมรอยพูดคุยแทน
15-15099-25.wav	และลวงให้นายตั้มมาหาที่บ้านพัก
15-15099-30.wav	เพราะเกรงว่าอาจถูกนายโอทำร้ายร่างกาย
15-15099-40.wav	ส่วนที่นายโอถูกจับตายก็สมควรแล้ว
15-15099-46.wav	น้องสาวของนายโอที่ช่วยพาหลบหนี
15-15099-5.wav	ถนนแจ้งสนิทอำเภอคำเขื่อนแก้วจังหวัดยโสธรโดยขณะถูกชุดจับกลุ่มตามไล่ล่า
15-15099-6.wav	นายโอพยายามเข้าไปจี้รถยนต์ของชาวบ้านเจ้าหน้าที่จึงตามไปและปิดล้อมจนเกิดการยิงปะทะกัน
15-15099-7.wav	นายโอถูกยิงเสียชีวิตภายในรถเมื่อคืนนี้
15-15099-8.wav	ก่อนหน้านี้ชุดสืบสวนของตำรวจภูธรจังหวัดสมุทรปราการได้ร่วมกับชุดสืบสวนตำรวจภูธรจังหวัดอำนาจเจริญและชุดสืบสวนตำรวจภูธรจังหวัดอุบลราชธานี
15-15099-9.wav	ไล่ติดตามคนร้ายมาจากพื้นที่อําเภอลืออํานาจจังหวัดอํานาจเจริญตลอดเส้นทางที่หลบหนี
15-15100-12.wav	โดยเด็กนั้นไม่ยินยอมนายนิรันดร์ถูกตำรวจกองปราบปราม
15-15100-14.wav	เอำเภอมืองจังหวัดนครนายกคดีนี้นะครับย้อนไปเมื่อปี54
15-15100-15.wav	ที่ปราจีนบุรีนายนิรันดร์กับเพื่อนประมาณ5คน
15-15100-16.wav	วันนั้นนั่งดื่มเหล้ากันอยู่ที่ศาลาร้างในอำเภอบ้านสร้างจังหวัดปราจีนบุรี
15-15100-19.wav	ที่มานั่งดื่มเหล้าด้วยเด็กก็เมานะฮะนายนิรันดร์กับเพื่อนก็เลย
15-15100-23.wav	นายนิรันดร์เนี่ยหนีกลับมาอยู่ที่บ้านเกิดที่นครนายกปัจจุบันมาทำงานโรงน้ำแข็งนะครับ
15-15100-26.wav	นายนิรันดร์นั้นพอเจ้าหน้าที่ไปเห็นเนี่ยกำลังทำงานอยู่ที่หน้าโรงน้ำแข็งนะครับ
15-15100-28.wav	แต่นายนิรันดร์ยังปฏิเสธค่ะบอกว่าไม่ได้ทำนะฮะปฏิเสธข้อหาอย่างเดียวเลยนะครับ
15-15101-29.wav	เพราะก่อนเกิดเหตุเนี่ยผู้ตายเขาขับรถมาจากบ้านที่จังหวัดชุมพร
15-15101-33.wav	เพราะว่าต้องเดินทางไปมณฑลทหารบก44กองบัญชาการต้นสังกัด
15-15101-35.wav	แล้วก็เดินทางไปโดยรถของทางราชการนะคะ
15-15101-71.wav	ของ3จังหวัดชายแดนภาคใต้ก่อเหตุ
15-15103-14.wav	ในอำเภอเมืองจังหวัดอุบลราชธานีนี่แหละ
15-15108-5.wav	นะคะอำเภอคำคำเขื่อนแก้วจังหวัดยโสธรโดยมีผู้นำท้องถิ่นประชาชนในพื้นที่
15-15109-11.wav	หลังจากที่นางปวีณาหงสกุลประธานมูลนิธิปวีณาหงสกุลเพื่อเด็กและสตรี
15-15109-19.wav	เมื่อวานนางปวีณาพร้อมด้วยพันตำรวจโทประทวนแมลงทับ
15-15109-7.wav	แล้วก็เนี่ยฮ่ะไปแจ้งนางปวีณาหงษกุลนะฮ่ะเข้าไปช่วย
15-15111-0.wav	ปั๊มน้ำมันแห่งนึงที่จังหวัดขอนแก่นนะคะมีหนุ่มสาวคู่หนึ่งเป็นแฟนกัน
15-15111-41.wav	ที่อำเภอบ้านไผ่จังหวัดขอนแก่นก็คือที่ปั๊มน้ำมันนะคะ
15-15112-9.wav	จังหวัดราชบุรีสำหรับคันไถถือเป็นอุปกรณ์ที่ใช้ในการเตรียมดิน
15-15115-11.wav	ก่อนจะเดินทางไปวัดหนองใหญ่ย่านสายไหม
15-15116-10.wav	ขอโพสต์เตือนคนในกลุ่มจังหวัดภูเก็ตหน่อยก็แล้วกันนะ
15-15117-14.wav	ที่จังหวัดนครศรีธรรมราชตำรวจก็ไปตรวจสอบที่เกิดเหตุฮะ
15-15117-24.wav	ชื่อนายวันชัยอายุ46ปีเป็นเจ้าของบ้าน
15-15117-25.wav	ภรรยาชื่อนางรัตติยาอายุ42
15-15118-12.wav	ซึ่งอยู่ในพื้นที่ปาดังเบซาร์อำเภอสะเดาจังหวัดสงขลา
15-15118-15.wav	ตำรวจภูธรจังหวัดนครศรีธรรมราชจึงประสานผู้บังคับบัญชา
15-15118-8.wav	ในพื้นที่อําเภอหัวไทรจังหวัดนครศรีธรรมราช
15-15119-10.wav	เขตอุทยานแห่งชาติป่าดงใหญ่ที่อำเภอโนนดินแดงที่จังหวัดบุรีรัมย์
15-15119-12.wav	เป็นร้อยร้อยนายค่ะร่วมกันออกปฏิบัติการค้นหาพระสงฆ์
15-15120-0.wav	คุณผู้ชมครับไปที่จังหวัดจันทบุรีนะครับ
15-15122-11.wav	อยู่ในอำเภอสนามชัยเขตจังหวัดฉะเชิงเทราค่ะ
15-15122-4.wav	สวัสดีค่ะพิกัดเฮงวันนี้หมอไก่อยู่ที่จังหวัดฉะเชิงเทราค่ะ
15-15122-83.wav	วัดห้วยน้ำทรัพย์จังหวัดฉะเชิงเทราองค์นี้ไปเลย
15-15124-1.wav	ท่องเที่ยวบ่อยอะไรบ่อยแล้วก็เออไม่อยากวุ่นวาย
15-15125-111.wav	นายวิวัฒน์เชี่ยวชูกูลอายุ77ปี
15-15125-123.wav	ตำรวจก็เลยนำตัวนายสมคเนย์ไปโรงพักนะคะ
15-15125-112.wav	บอกว่าที่ผ่านมาเนี่ยนายสมคเนย์มีประวัติเสพยาเสพติดด้วยนะคะ
15-15125-12.wav	คือชาวบ้านเขาบอกว่านายสมคเนย์อายุ53ปีเป็นคนในพื้นที่นะคะอืม
15-15125-20.wav	นายสมคเนย์ไปที่บ้านหลังนึงในชุมชนหลังตลาดยิ่งเจริญ
15-15125-27.wav	แล้วมาเห็นภาพที่นายสมคเนย์ทำแบบนี้
15-15125-34.wav	ทางเข้าชุมชนที่นายสมคเนย์ไปทุบกระจกอะค่ะ
15-15125-53.wav	แล้วก็ไปถึงบ้านของนายสมคเนเย์ลย
15-15125-54.wav	นายสมคเนย์ยังเมาอยู่เลยนะคุณผู้ชมค่ะครับ
15-15125-56.wav	แต่นายสมคเนย์ว่าไงรู้ไหมเนี่ยฮ่ะก็ไม่ได้ไปฆ่าใครตายซะหน่อยเอ้า
15-15125-71.wav	ทีมข่าวของเราก็เลยบอกว่าถ้านายสมคเนย์คุยไม่รู้เรื่อง
15-15126-10.wav	ที่เขตเทศบาลเมืองบ้านฉางจังหวัดระยองนะครับ
15-15126-11.wav	คนขับก็คือนายสมคิดสวัสดีอายุ36ปี
15-15126-17.wav	ตัวนายสมคิตดื่มไป3ขวด
15-15126-25.wav	แล้วก็พบนายรัชตากรเนี่ยนะฮ่ะขับขี่จักรยานยนต์
15-15126-2.wav	คราวนี้ที่จังหวัดร้อยเอ็ดตำรวจเนี่ยไปรวบหนุ่มวัย20ปี
15-15126-32.wav	นายรัชตากรก็พูดจาวกวนสับสน
15-15126-5.wav	ส่วนที่จังหวัดระยองชายวัย36ปีไม่กลัวเคอร์ฟิวสดเบียร์
15-15128-14.wav	ล่าสุดทีมข่าวเราไปพบกับคนขับรถเก่งคันนั้นคือนายประหยักเทียนอ่อนครับ
15-15129-0.wav	ท่านผู้ชมครับที่จังหวัดตรังนะฮะมีนักเรียนชายวัย16ปี
15-15129-6.wav	หน้าโรงยิมเนเซียมนะครับที่สนามกีฬาทุ่งแจ้งที่จังหวัดตรัง
15-15130-0.wav	ประเด็นการครอบครองที่ดินป่าสงวนเพื่อทำกินของนางสาวปารีณา ไกรคุปต์
15-15130-14.wav	โดยได้ประสานนางสาวปารีณาไกรคุปต์เพื่อขอเข้าตรวจสอบที่ดินดังกล่าวในวันที่29พฤศจิกายนนี้
15-15130-26.wav	หรือสั่งให้นายชัยวัฒน์ลิ้มลิขิตอักษร
15-15130-29.wav	หลังถูกออกหมายจับคดีฆาตกรรมนายพอละจีรักจงเจริญ
15-15130-5.wav	นายดำรงค์พิเดชหัวหน้าพรรครักผืนป่าประเทศไทย
15-15130-6.wav	กรณีของนางสาวปารีณาไกรคุปต์สส.ราชบุรีพรรคพลังประชารัฐ
15-15131-14.wav	คือชาวบ้านท่านนี้คือนางบุญล้อมมั่นคงค่ะให้เบาะแสว่า
15-15131-22.wav	ตำรวจก็เลยพาเนี่ยนางบุญล้อมไปชี้จุดสิ
15-15131-35.wav	เนี่ยคันนี้ไม่มีตะกร้าหน้ารถเหมือนที่นางบุญล้อมบอกนะคะ
15-15132-18.wav	ในพื้นที่อําเภอศรีสัชนาลัยจังหวัดสุโขทัยนะคะ
15-15132-19.wav	นายวิโรจน์กาฟักอายุ59ปี
15-15134-13.wav	จากนั้นเจ้าอาวาสวัดท่านพระครูเนี่ยท่านก็ประพรมน้ำมนต์ ให้กับบรรดาลูกศิษย์ลูกหาที่เดินทางมา
15-15134-8.wav	เหตุการณ์นี้นะครับเกิดขึ้นที่วัดพระบาทปางแฟนจังหวัดเชียงใหม่นะครับทุกผู้ชมครับ
15-15138-12.wav	จังหวัดนครศรีธรรมราชที่บริเวณสนามหน้าเมือง
15-15138-21.wav	ตั้งแต่ปั่นเข้าเขตจังหวัดนครศรีธรรมราช
15-15139-10.wav	มีชาวบ้านเขาก็เชื่อเรื่องศักดิ์สิทธิ์เดินทางไปขอโชคขอลาภ
15-15139-129.wav	สถานที่ที่เรานำเสนอไปก็มีท่อนตะเคียนทองวัดศรีเมืองมูลจังหวัดพะเยาค่ะเหนือนะ
15-15139-130.wav	แล้วก็แม่ตะเคียนตาทองงิ้วรายวัดสว่างอารมณ์ที่จังหวัดนครปฐมภาคกลางหน่อยละกัน
15-15139-137.wav	ใครที่จะเดินทางกลับบ้านในช่วงเนี่ยวันสุดท้ายแล้วครับนะคะ
15-15139-138.wav	ก็ขอให้เดินทางใช้รถใช้ถนนด้วยความมีสติปลอดภัยนะคะ
15-15139-16.wav	ชาวบ้านในจังหวัดกาญจนบุรีขุดพบแล้วก็มาถวายไว้ที่วัด
15-15139-23.wav	เอาล่ะอีกที่หนึ่งครับผมพาไปที่จังหวัดพิษณุโลกก็มีแหล่งให้เลขเด็ดกับเขาเช่นกัน
15-15139-5.wav	นะครับคุณผู้ชมครับที่แรกขึ้นเหนือไปที่จังหวัดพะเยา
15-15139-63.wav	เจ้าเด็ดเจ้าดังประจำจังหวัดกระบี่
15-15139-6.wav	เดินทางไปยังวัดโบราณคู่บ้านคู่เมืองพะเยาก็คือวัดศรีเมืองมูล
15-15139-79.wav	ร้านที่3อยู่ที่อำเภอโพธารามจังหวัดราชบุรีนี่เอง
15-15139-98.wav	ที่นี่เขาเรื่องลือกันมากว่าศักดิ์สิทธิ์จริงสำหรับเจ้าแม่ตะเคียนดำในจังหวัดสุราษฎร์ธานีนะคะครับ
15-15141-13.wav	อะไม่ได้ถามแค่ตัวผู้หญิงที่นอนทุรนทุนายอย่างเดียวนะ
15-15143-10.wav	เรื่องนี้กลายเป็นดราม่าเกิดขึ้นเพราะพากันด่าจังหวัดน่าน
15-15143-1.wav	ไอ้ที่จังหวัดน่านดราม่ากาแฟน่านยังไม่จบ
15-15143-30.wav	หายไปจากจังหวัดน่านแล้วเลยไม่รู้ว่าหายไปจากจังหวัดน่าน
15-15143-31.wav	แล้วไปจังหวัดไหนอีกหรือเปล่า
15-15143-34.wav	เขาเป็นเจ้าของร้านกาแฟที่จังหวัดเชียงใหม่
15-15143-35.wav	อีกคนนึงนะฮะเจ้าของร้านกาแฟที่จังหวัดเชียงใหม่บอก
15-15143-53.wav	ที่จังหวัดน่านก็เลยไม่รู้จะทำยังไงนะครับ
15-15143-5.wav	จังหวัดน่านนะฮะคนขายเกาเก๊าสุดเก๊าตั้งราคาแก้วละ90-400บาท
15-15145-17.wav	เป็นแมวของคุณอัญมณีพงษ์ปิ่นอยู่ในพื้นที่อำเภอเมืองจังหวัดสุราษฎร์ธานีนะครับ
15-15148-15.wav	สท.โอ๊คหรือว่านายรณชัยใยศิลป์ 
15-15148-35.wav	กับโครงการที่มีมูลค่าราว3แสนบาทไปฟังสท.โอ๊คนายรณชัยใยศิลป์หน่อยครับ
15-15149-0.wav	ซึ่งการแข่งขันที่อุซเบกิสถานที่เดินทางไปแข่งขันในครั้งนี้
15-15150-16.wav	คนขับชื่อนายณัฐพัฒน์อายุ24ปีก็ไม่ได้ไปไหนยืนรอให้การกับตำรวจ
15-15150-23.wav	ส่วนคนขับรถตู้เนี่ยนายณัฐพัฒน์ก็ถูกนำตัวไปสอบสวนเพิ่มเติมที่โรงพักต่อไปครับ
15-15151-0.wav	พาไปไปที่จังหวัดพิจิตรนะที่นั่นก็มีสถานที่ท่องเที่ยวเยอะ
15-15151-9.wav	กองกำลังรักษาความสงบเรียบร้อยจังหวัดพิจิตรครับ
15-15152-11.wav	คนที่ขี่บิ๊กไบค์คือนายโยวานนีฟารัสต้าค่ะ
15-15152-14.wav	นายสมศักดิ์นกแก้วผู้เห็นเหตุการณ์เล่าเลยบอกว่ า
15-15152-23.wav	ชาวบ้านก็เข้าไปช่วยเหลือผู้บาดเจ็บแล้วก็ประสานกู้ภัยอบต.อ่าวนาง
15-15153-2.wav	แล้วก็บอกว่าโมยังสวยงามในใจพี่เสมอขอให้น้องเดินทางไปสู่พบภูมิที่ดี
15-15154-136.wav	มีโอกาสเดินทางไปต่างประเทศ
15-15158-34.wav	ท่านผู้ชมครับอดีตพระภาวนาพุทโธหรือว่านายจำลองคนซื่อ
15-15158-67.wav	อดีตพระภาวนาพุทโธหรือว่านายจำลองคนซื่อปัจจุบันอายุ72นะครับ
15-15158-86.wav	เราได้คุยกับนายชนันตชัยพฤกษุการไวยาวัจกรของวัดสามพรานนะครับ
15-15160-0.wav	อะข่าวนี้ต้องบอกว่าดวงดีเป็นเหตุนะคะสำหรับพี่นางศิริพร
15-15160-12.wav	คะอันนี้ทางพี่นางเขาโพสต์ชี้แจงเอาไว้นะคะค่ะ
15-15160-1.wav	คืองวดค่ะที่ผ่านมาหลายคนรู้กันดีถูกต้องแหละว่าพี่นางเนี่ยซื้อลอตเตอรี่
15-15160-26.wav	พี่นางขอให้หยุดการแอบอ้างชื่อของพี่นาง
15-15160-31.wav	หกหมื่นกว่านะคะเพราะฉะนั้นแล้วตรวจสอบก่อนของพี่นางเนี่ยเขาไม่มีการใบ้เลขอะไรทั้งนั้นค่ะ
15-15160-4.wav	ใช่แล้วแต่คุณพี่นางถูกพวกไม่หวังดีค่ะ
15-15160-6.wav	จนพี่นางต้องโพสต์อธิบายแฟนเพลงเอาไว้แบบนี้นะคะ
15-15160-7.wav	ขอชี้แจงเพจให้หวยนะคะพี่นางไม่เคยทำเพจใบ้หวย
15-15160-8.wav	เออไม่มีความคิดค่ะค่ะหยุดสร้างเพจปลอมหวยพี่นางเถอะค่ะ
15-15161-20.wav	แล้วจังหวะตรงนี้คือจะเฉี่ยวเขานะก็เลยต่อว่าไป
15-15161-33.wav	มันจะได้ถูกที่ถูกทางแล้วก็คนเดินทางถนนเนี่ย
15-15162-101.wav	นางสาวสุริยเทพยังบอกว่าเรื่องนี้เป็นเรื่องละเอียดอ่อน
15-15162-114.wav	นางสาวสุริยเทพบอกว่าเป็นกุศโลบายขององค์เทพ
15-15162-215.wav	แต่หากร่างทรงสามารถทำนายหรือว่ามีอิทธิฤทธิ์จริง
15-15162-216.wav	อยากจะให้ไปทำนายเรื่อง3จังหวัดชายแดนทางภาคใต้
15-15162-47.wav	ชื่อว่านางสาวสุริยเทพพระมหาสุริยะ
15-15162-68.wav	เนี่ยค่ะลองฟังเสียงดูนะคะนางสาวสุริยเทพค่ะ
15-15163-10.wav	จากการสอบสวนของตำรวจเนี่ยทำให้ทราบว่านายสุนทรผู้ตาย
15-15163-14.wav	ชาวบ้านบอกว่าล่าสุดเนี่ยเห็นนายสุนทรผู้ตายไปผัวพันกับนางเที่ยงที่เป็นภรรยาของนายวิเชียรนะ
15-15163-15.wav	แล้วก็ซ้อนท้ายรถจักรยานยนต์ไปด้วยกันบ่อยๆอาจจะเป็นสาเหตุให้นายวิเชียรเกิดความหึงหวงก็เลยวางแผนลวงมาฆ่า
15-15163-16.wav	ทิ้งไว้ที่ป่าสวนยางก็ได้โห้แต่ว่าคู่สามีภรรยาคู่นี้เนี่ยอ้านางเที่ยงเขาก็70แล้วนายวิเชียรก็72ค่ะอายุไม่น้อยนะครับ
15-15163-17.wav	ตำรวจสภ.ปทุมราชวงศาก็ไปควบคุมตัวนายวิเชียรกับนางเที่ยงมานะฮะ2สามีภรรยานายวิเชียรนางเที่ยงสารศรี
15-15163-18.wav	แจ้งข้อหาก็คือร่วมกันฆ่าผู้อื่นโดยเจตนานำตัวมาสอบสวนทั้ง2คนสารภาพว่าลงมือฆ่านายสุนทรจริงนะฮะ
15-15163-20.wav	วันนี้ผู้สื่อข่าวไทยรัฐทีวีไปที่บ้านของนายสุนทรแก้วแสนผู้ตายนะครับได้เจอกับภรรยา
15-15163-28.wav	ลูกสาวได้รับโทรศัพท์มาจากเจ้าหน้าที่บอกว่านายสุนทรรถจักรยานยนต์ล้มอยู่ข้างทาง
15-15163-31.wav	และไม่ใช่เส้นทางปกติที่นายสุนทรจะขี่รถกลับบ้าน
15-15163-34.wav	ทางภรรยาของผู้ตายบอกว่าไม่คิดเลยว่าจะเป็นนางเที่ยงกับนายวิเชียร
15-15163-39.wav	เหตุผลเพราะว่านายสุนทรไปเป็นกิ๊กกับนางเที่ยงขอยืนยันว่าไม่ใช่แน่นอน
15-15163-40.wav	สามีเธอไม่มีเรื่องชู้สาวกับนางเที่ยงแน่เพราะนางเที่ยงอายุ70สามีเธอก็อายุ62
15-15163-58.wav	บอกว่านางเที่ยงสารภาพว่าเป็นคนนัดนายสุนทรผู้ตายให้มาหา
15-15163-60.wav	ของเธอกับหลานอีก2คนชื่อนายตุ้มกับนายเบนส์
15-15163-64.wav	นายเบนส์เป็นคนลงมือฆ่านายสุนทร
15-15163-68.wav	ให้หลอกให้นายสุนทรเนี่ยมา
15-15163-74.wav	ที่นางเที่ยงอ้างว่าเป็นคนลงมือฆ่า
15-15163-7.wav	จากการตรวจสอบก็พบว่าชื่อนายสุนทรแก้วแสนอายุ62ปีนะครับ
15-15165-0.wav	ส่วนความคืบหน้านะค่ะอ้ากรณีที่ไปพบศพสาวลาว2คนอยู่ในกลางป่าละเมาะจังหวัดกาฬสินธุ์
15-15165-10.wav	พร้อมกับยาเสพติดหลังตกลงเรื่องของการรับงานกลุ่มผู้ต้องหาก็ได้พักที่โรงแรมในจังหวัดมุกดาหาร6คน
15-15165-12.wav	โดยมีผู้เสียหาย2คนขับรถเก่งไปรับที่ตลาดเทศบาล1ที่มุกดาหารแล้วก็ขับรถมุ่งหน้าไปทางจังหวัดอำนาจเจริญเมื่อขับรถไปจุดนัดพบ
15-15165-4.wav	ครับพลตำรวจตรีอภิชิตเทียนเพิ่มภูมินะครับผู้บังคับการตำรวจภูธรจังหวัดกาฬสินธุ์
15-15165-6.wav	ก่อนนำศพไปทิ้งเอาไว้ภายในป่าละเมาะที่อําเภอกุฉินารายณ์จังหวัดกาฬสินธุ์นะครับ
15-15166-77.wav	ก่อนออกจากบ้านเช้าวันที่28พฤศจิกายนมุ่งหน้าไปจังหวัดเชียงใหม่หวังข้ามไปกบดานประเทศเพื่อนบ้าน
15-15167-121.wav	เหยื่อน้องโจ๊กโผล่อีกเป็นครูโรงเรียนชื่อดังจังหวัดราชบุรี
15-15167-13.wav	เป็นนายนะคะครูวาคนนี้ค่ะ
15-15172-16.wav	เข้าตรวจค้นทาวน์ฮาวส์3ชั้นย่านบางกรวยจังหวัดนนทบุรี
15-15172-31.wav	พี่สาวของนายวัชรพลหรือนายไทคูณบอกว่าเป็นเจ้าของบ้าน
15-15172-18.wav	ที่บ้านของนายไทคูณเนี่ยพบเป็นเป็นซอง
15-15172-35.wav	นายวัชรพลมีพฤติกรรมขายกัญชาพรีเมียม
15-15172-37.wav	ก็เลยสอบสวนนายวัชรพลแต่กลับให้การรับสภาพแค่ว่า
15-15172-43.wav	ไม่ใช่บ้านของนายไทคูณบ้านของพี่สาวนายไทคูณอย่างเดียว
15-15173-10.wav	เมื่อเช้าอ่ะนี้ตำรวจเอาตัวนายวิศรุตไปทำแผน
15-15173-36.wav	แล้วก็ตามจับกลุ่มตัวนายวิศรุตได้ส่วนอีกคนนึงนายเก่งเนี่ย
15-15173-42.wav	เบื้องต้นก็แจ้งข้อหานายวิศรุตข้อหาร่วมกันวิ่งราวทรัพย์
15-15173-6.wav	ตำบลหนองข้างคอกที่อำเภอเมืองจังหวัดชลบุรี
15-15173-8.wav	คนที่ก่อเหตุคือนายวิศรุตชัยมงคลอายุ30ปี
15-15175-102.wav	ตกใจเหมือนกันเกือบทั้งจังหวัดเลยเพราะช่วงที่ผลยังไม่ออก
15-15175-135.wav	ไม่ได้ใกล้ชิดนายแมททิวแต่ยืนอยู่ใกล้ๆชูทางด่วนเซียนมวย
15-15175-141.wav	นายสนามมวยลุมพินีค่ะพลตรีราชิตอรุณวงศ์เจ้ากรมสวัสดิการทหารบก
15-15175-182.wav	ส่วนคนไทยที่เดินทางกลับจากประเทศอิตาลี80กว่าคนก่อนหน้านี้
15-15175-29.wav	และนอกจากนี้นายกรัฐมนตรีลงนามคำสั่งให้นายวิชัยโภชนกิจ
15-15175-34.wav	นายวิชัยโภชนกิจก็ได้ให้สัมภาษณ์ก่อนที่จะมีคำสั่งย้ายนะคะ
15-15175-59.wav	ที่ไปที่องค์พระธาตุพนมจังหวัดนครพนมแล้วปรากฏว่าไปติดโรคโควิดมานะคะ
15-15175-63.wav	เดินทางจากกรุงเทพไปที่จังหวัดนครพนมตั้งแต่ช่วงเช้าของวันที่8
15-15175-66.wav	จากนั้นช่วงบ่ายวันเดียวกันค่ะเดินทางไปมอบหนังสือ
15-15175-92.wav	นายกไก่เป็นนายกอบต.ฉะเชิงเทราค่ะไปดูมวยมา
15-15175-95.wav	เดินทางไปปฏิบัติหน้าที่ตามจุดต่างๆด้วยเนี่ยนะคะซึ่งนายกไก่
15-15175-96.wav	นายกิตติเป้าเปี่ยมทรัพย์นายกอบจ.ฉะเชิงเทราค่ะ
15-15182-14.wav	ร้านอยู่ริมถนนสายเขางูเขาช่องพรานอำเภอเมืองจังหวัดราชบุรี
15-15182-31.wav	แล้วก็เป็นเส้นทางที่คนร้ายเดินทางมาก่อเหตุเนี่ยนะค่ะ
15-15186-20.wav	จังหวัดกาฬสินธุ์แห่งนี้เป็นพุทรานมสดลูกโต
15-15186-29.wav	ส่งเสริมการท่องเที่ยวกระตุ้นเศรษฐกิจในจังหวัดกาฬสินธุ์
15-15187-0.wav	คุณผู้ชมคะมาดูความคืบหน้าเรื่องนี้กันหน่อยค่ะน้องโอโบเด็กชายวัย3ขวบ5เดือนนะคะที่เสียชีวิตนะคะที่อําเภอกุฉินารายณ์จังหวัดกาฬสินธุ์แล้วก็ตามตัวของน้องเนี่ยมีร่องรอยของการถูกทำร้ายอย่างหนักเลยนะคะครับล่าสุดเนี่ยได้มีการออกหมายจับพ่อเลี้ยงแล้วนะคะข้อหาทำร้ายร่างกายผู้อื่นเป็นเหตุให้ถึงแก่ความตาย
15-15192-21.wav	ทางด้านนายโฆสิตน้าของน้องผู้เสียชีวิตยังพาไปดูจุดที่น้องโดนทำร้าย
15-15192-36.wav	จู่ๆค่ะมีผู้ชายคนนึงนะคะชื่อว่านายเพศอายุประมาณ50ปีมาพร้อมภรรยา
15-15192-45.wav	ตัวปู่ของคนตายค่ะชื่อว่านายบุญส่งวงศ์วัตรนะคะเล่าว่า
15-15192-8.wav	ในตำบลห้วยใหญ่อำเภอบางละมุงจังหวัดชลบุรี
15-15193-17.wav	ผู้หญิงคนนี้คือนางสาวแต๋วศรีอิ่มอายุ47ปีนะคะ
15-15193-27.wav	แล้วก็ไปเจอคุณลุงคือนายประสิทธิ์ศิลากุลอายุ64ปี
15-15193-45.wav	ตัวลุงประสิทธิ์เนี่ยก็พยายามไล่ให้นางสาวแต๋วไปที่อื่น
15-15193-51.wav	ทีนี้ก็เอาอาวุธนี้ค่ะออกมาไล่นางสาวแต๋ว
15-15193-54.wav	ก็กระหน่ำตีนางสาวแต๋วตีที่หน้าตีที่หัว
15-15193-57.wav	จนมีดมันหักแล้วก็ปักคาหลังนางสาวแต๋ว
15-15193-64.wav	แล้วตัวนางสาวแต๋วจริงๆรู้จักกันมาก่อน
15-15193-80.wav	นำร่างของนางสาวแต๋วผู้ตายส่งชันสูตร
15-15193-81.wav	แล้วเดี๋ยวจะติดต่อญาติให้มารับศพนางสาวแต๋ว
15-15194-0.wav	มาดูกรณีการพบซากเสือในวัดป่าหลวงตาบัวที่จังหวัดกาญจนบุรีนะคะ
15-15194-15.wav	เดินทางเข้าพบพลตำรวจเอกเฉลิมเกียรติ
15-15194-3.wav	พลตำรวจเอกเฉลิมเกียรติศรีวรขานรองผู้บัญชาการตำรวจแห่งชาติลงพื้นที่จังหวัดกาญจนบุรี
15-15195-8.wav	โรงเรียนราชประชานุเคราะห์3จังหวัดชุมพรครับ
15-15196-113.wav	มันต้องลักษณะการเดินทางของน้ำ
15-15196-116.wav	อันนี้มันก็จะมาจากขอนแก่นเนี่ยแหละอืมมันก็จะเดินทางส่วนที่ต่ำ
15-15196-163.wav	จังหวัดเออในปี2521มันจะสูงที่สุดถูกต้องไหมครับ
15-15196-326.wav	เหตุการณ์ที่เกิดขึ้นบริเวณแยกท่าจักรจังหวัดลำพูนฮะนะฮะ
15-15196-38.wav	สำหรับสถานการณ์อุทกภัยในพื้นที่จังหวัดอุบลราชธานีเช้าวันนี้
15-15196-453.wav	ก็พบว่ามีดาบตำรวจนายนึงรับเด็กไป
15-15196-473.wav	ที่บ้านพักเด็กหรือว่าพัฒนาสังคมและความมั่นคงของมนุษย์แต่ละจังหวัดนะคะ
15-15196-488.wav	ผู้บังคับการตำรวจภูธรจังหวัดประจวบคีรีขันธ์เนี่ย
15-15196-48.wav	ขณะที่จังหวัดอุบลราชธานีก็ได้
15-15196-632.wav	จังหวัดไหนที่ลงท้ายด้วยเสียงสูงได้จะได้เปรียบ
15-15196-731.wav	แล้วพอบอกว่าผีตะโขนปุ๊บเป็นวัฒนธรรมหนึ่งของจังหวัดเลย
15-15196-732.wav	ซึ่งเป็นจังหวัดหนึ่งในประเทศไทยยิ่งเข้าไปใหญ่มันยิ่งมีที่มาที่ไป
15-15196-750.wav	มีการสืบสวนจนพบผู้กระทำความผิด1รายครับอาศัยอยู่ที่จังหวัดชลบุรีครับ
15-15196-900.wav	ใช้ช่วงเวลาวันหยุดเดินทางไปพักผ่อน
15-15196-959.wav	เขาไม่ได้คุยกับเรา2คนแล้วก็นางก็หัวเราะนะ
15-15196-99.wav	มวลน้ำมาจากจังหวัดขอนแก่นนะครับ
15-15198-31.wav	แต่ไม่รู้จักกับนายต่อที่หายตัวไปนะ
15-15200-16.wav	คือแบบเป็นการเดินทางที่ทุลักทุเล
15-15200-2.wav	คุณเคยเดินทางต่างจังหวัดด้วยรถทัวร์เคยกันไหมเคยอ่าถ้าเป็นช่วงเทศกาลเนี่ยโอ้โห
15-15205-12.wav	อำเภอเมืองจังหวัดเชียงรายเออเป็นอาสาใจกล้านะคะ
15-15208-40.wav	ย้ำอีกทีบ้านต๋อมอำเภอเมืองจังหวัดพะเยานะครับ
15-15208-7.wav	คุณผู้ชมครับโอ้โหใหญ่มากร้านนี้นะครับตั้งอยู่ข้างตลาดสดมณีรัฐตำบลบ้านต๋อมอำเภอเมืองจังหวัดพะเยาครับ
15-15210-20.wav	หลังจากโลกโซเชียลมีการแชร์นี่ภาพแต่งงานของนายบุญมีขันทองอายุ37ปี
15-15210-25.wav	อยู่ที่บ้านหนองเทพใหญ่ตำบลณรงค์อำเภอศรีณรงค์จังหวัดสุรินทร์
15-15210-27.wav	ล่าสุดสามีคือนายคนนี้ไปโพสต์ข้อความโจมตีความรักของทั้งคู่
15-15210-31.wav	อยู่ที่หาดใหญ่จังหวัดสงขลาพร้อมประกาศต้องการจะเอาลูกคืนด้วยครับค่ะ
15-15210-36.wav	แล้วก็มีลูกด้วยกัน1คนกับอดีตสามีก็คือนายธง
15-15210-37.wav	ระหว่างที่อยู่ด้วยกันเนี่ยนายธงก็คืออดีตสามีเนี่ยนะคะ
15-15210-42.wav	หอบลูกสาวออกมาที่สำคัญนายธงเนี่ยนะคะ
15-15210-44.wav	เพราะฉะนั้นเขายืนยันเลยเขาบอกว่าจะไม่คืนลูกให้กับนายธงเด็ดขาดค่ะ
15-15218-95.wav	ถ้าวันนี้มีคู่สมรสที่เป็นนายกับนาย
15-15219-21.wav	วันหนึ่งณวัดนางพระยาบ้านปากนครเทวดารักษาเมือง
15-15221-11.wav	ก็ไปหาร่างของนางสาวพรอารีตันกุลวัย23ปี
15-15221-21.wav	นางสาวพรอารีขี่มอเตอร์ไซค์มาหาเพื่อนที่บ้านวังพลับ
15-15221-25.wav	ทีนี้ตัวของนางสาวพรอารีนี่นะคะ
15-15223-13.wav	นายจักรพงศ์จองศักดิ์หรือว่าเคอายุ33ปี
15-15223-70.wav	แต่หลังจากที่ตัวของสามีเธอกับนายแมวเคยไล่ยิงกันเมื่อปีก่อน
15-15223-9.wav	จังหวัดนครศรีธรรมราชนะฮะ21:00น.เมื่อวานนี้
15-15225-24.wav	เป็นทหารสังกัดค่ายพญาเม็งรายจังหวัดเชียงราย
15-15225-42.wav	จังหวัดรองผู้บัญชาการตำรวจภูธรภาค6
15-15225-45.wav	รับจ้างขนยาบ้ามาจากจังหวัดเชียงราย
15-15225-53.wav	แล้วผู้การจังหวัดพิจิตรบอกว่านี่เป็นการจับยาบ้าในพื้นที่จังหวัดที่เป็นล็อตใหญ่ที่สุดเท่าที่เคยทำมา
15-15226-78.wav	จังหวัดพระนครศรีอยุธยานะครับบรรดานักเสียงโชคก็ไปแห่
15-15226-82.wav	เดินทางมาจากกรุงเทพมหานครนำประทัดน้ำแดงฟักทอง
15-15230-14.wav	รวมถึงนายวินัยชูเสียงแจ้วกำนันตำบลไม้ฝาด
15-15230-5.wav	ที่ชายหาดปากเมงหาดฉางหลางแล้วก็หาดเจ้าไหมในอำเภอสิเกาจังหวัดตรัง
15-15236-126.wav	กรมการขนส่งจังหวัดพิษณุโลกเดือนมีนาคมก็คือไปตรวจแล้ว
15-15236-85.wav	ไปตรวจมาเพิ่งไปจ่ายภาษีรถมาที่กรมการขนส่งจังหวัดพิษณุโลก
15-15236-88.wav	ที่จังหวัดพิษณุโลกนะคะไปตรวจอีกรอบค่ะเออไปตรวจอีกรอบปรากฏ
15-15236-90.wav	นำเอาเอกสารที่ได้มาจากกรมการขนส่งจังหวัดพิษณุโลก
15-15238-126.wav	มายูไปเรียกนางว่าเจ้าชายหมูป่ะเออ
15-15239-0.wav	ไปที่จังหวัดกระบี่กันหน่อยนะคะมีคนไปพบศพผู้ชายคนนึงค่ะ
15-15239-22.wav	คุณผู้ชมคะหลังจากตำรวจชุดสืบสวนเดินทางไปตรวจสอบในที่เกิดเหตุอีกรอบนึงอะค่ะ
15-15239-23.wav	ก็เดินทางไปพบกับญาติของผู้ตายที่สำนักสงฆ์มะขามแก้วหมู่3อะนะค่ะที่อำเภอคลองท่อม
15-15241-21.wav	ล่าสุดนะคะนายฟิลิปแฮมมอนด์รัฐมนตรีต่างประเทศอังกฤษบอกว่า
15-15241-3.wav	ว่าตอนที่เดินทางมาเยือนอังกฤษเมื่อปีก่อนเนี่ยกิริยาไม่เหมาะสมหยาบคาย
15-15241-6.wav	ทางจีนต้องออกมาแถลงนะคะนายหลู่คังโฆษกระทรวงการต่างประเทศจีน
15-15244-28.wav	ในตำบลในเมืองอำเภอเมืองจังหวัดพิษณุโลก
15-15245-19.wav	คนเจ็บคือนางมาลัยชุมประมาณอายุ50ปี
15-15245-45.wav	นางมาลัยนะถูกซ้อมถูกเผาวิ่งหนีตายออกมาจากขนำครับ
15-15245-63.wav	ได้มีการเดินทางไปดูคนเจ็บที่โรงพยาบาล
15-15245-75.wav	ทีนี้ส่วนสาเหตุที่นางมาลัยถูกซ้อมและถูกเผาเนี่ยนะ
15-15245-77.wav	เนื่องจากว่านางมาลัยไปรู้ว่ามีการเอาไอซ์ไปซุกซ่อนแถวๆบ้าน
15-15245-78.wav	เตรียมขายต่อค่ะนางมาลัยเป็นคนที่ไม่ชอบเรื่องนี้ก็เลยแอบ
15-15245-83.wav	ต้องการให้นางมาลัยชดใช้แต่ว่าด้วยความที่ก็ยากจนอยู่แล้ว
15-15245-85.wav	ก็เลยเอาน้ำมันราดไปจุดไฟเผานางมาลัยทั้งเป็นอย่างทรมาน
15-15245-86.wav	แต่นางมาลัยก็ไม่ตายวิ่งหนีตายออกมาแล้วก็จนมีคนไปช่วย
15-15245-89.wav	นี่นางมาลัยก็ฐานะยากจนคือจริงๆมีลูก4คน
15-15245-90.wav	แต่ลูกก็แยกย้ายไปมีครอบครัวใช่ครับแล้วก็ทิ้งให้หลานอยู่กับนางมาลัย
15-15245-91.wav	สามีนางมาลัยก็ติดเออโดนคดีเรื่องยาเสพติด
15-15247-33.wav	เพราะนางบอกนางจะไปหาหมอแล้วนางก็มียากินนะ
15-15248-65.wav	โห้สาธุจ้าอย่างนี้สาธุๆเลยครับกับหลวงพ่อแว่นดำวัดโกรกกรากจังหวัดสมุทรสาครนะครับค่ะ
15-15248-6.wav	หมอไก่พาทุกท่านมาที่วัดโกรกกรากจังหวัดสมุทรสาครค่ะ
15-15249-48.wav	ก็ให้การตอบรับว่าจะเดินทางมาครับ
15-15251-101.wav	ที่มีการทวิตข้อความว่าจะเดินทางกลับมาประเทศไทย
15-15253-18.wav	โรงเรียนวัดบำเพ็ญบุญตำบลห้วยกรดอำเภอสรรคบุรีจังหวัดชัยนาทค่ะ
15-15254-72.wav	จังหวัดสกลนครหรือการมีการบีบบังคับข่มขู่
15-15254-94.wav	คุณวีระเนี่ยเขาเดินทางไปที่จอมบึง
15-15257-5.wav	อำเภอเมืองจังหวัดนครนายกอ่ะคุณดูอืม
15-15261-0.wav	ส่วนที่จังหวัดชลบุรีนะคะเกิดเหตุความวุ่นวายขึ้นในห้างแห่งหนึ่งเนี่ยนะคะ
15-15261-7.wav	ช่วยกันแบบนี้ตำรวจ4-5นายหามผู้ชายคนนี้ที่เอะอะโวยวายคลุ้มคลั่ง
15-15265-24.wav	กรณีปัญหาการก่อสร้างบ้านพักตุลาการจังหวัดเชียงใหม่
15-15265-25.wav	เชิงดอยสุเทพปุยที่จังหวัดเชียงใหม่
15-15265-36.wav	เมื่อวานเดินเท้าจากจังหวัดเชียงใหม่นะ
15-15265-38.wav	เพื่อที่จะพยายามยื่นหนังสือถึงนายกรัฐมนตรี
15-15265-47.wav	จะมีการเผยแพร่ข้อความว่าศาลยุติธรรมจะดำเนินคดีผู้ที่วิจารณ์เรื่องการก่อสร้างบ้านพักตุลาการจังหวัดเชียงใหม่แห่งนี้
15-15266-33.wav	ให้นายท่ารถเมล์ได้รับทราบ
15-15268-5.wav	ที่พูดแบบนี้เพราะว่ามีผู้ชายคนหนึ่งค่ะเขาไม่เข้าใจนะคะอยู่ที่จังหวัดระยองนะคะ
15-15271-8.wav	ก็เลยเกิดการโต้เถียงกันจนโกลหนนะคะในนั้นเนี่ยมีนายอนันต์ชัย ไชยเดชทนายความ
15-15271-30.wav	ทนายอนันต์ชัยกับผู้แทนเจ้าคณะก็มาพบกับเจ้าอาวาสในกุฏิค่ะ
15-15273-17.wav	ไปต่อที่อาศรมฤาษีเณรธาตุพุทธคุณอำเภอบางไทรจังหวัดพระนครศรีอยุธยาครับ
15-15273-23.wav	ต่อเลยค่ะคุณผู้ชมจากอยุธยาไปนครปฐมจังหวัดใกล้กันพาไปเข้าวัดสว่างอารมณ์หน่อยนะคะ
15-15273-31.wav	ไปอยู่ที่อีกหนึ่งที่แล้วกันแต่อยู่จังหวัดเดิมนะฮะอยู่ที่นครปฐมนี่แหละนะฮะ
15-15274-45.wav	แต่ยังมีอีกหลังนึงเป็นหลังเล็กอยู่ที่จังหวัดสระบุรี
15-15275-129.wav	ขอต้อนรับครอบครัวพ่อนพจากจังหวัดตากครับ
15-15276-10.wav	ตรงนี้เป็นจุดที่วัดนาพร้าวที่อำเภอศรีราชาจังหวัดชลบุรี
15-15276-37.wav	ต้องได้รับอนุมัติจากนายตำรวจระดับผู้บังคับการเหมือนกัน
15-15277-15.wav	ตำรวจปราบปรามยาเสพติดคุมตัวนายหงเจิ้งอี้ชาวไต้หวัน
15-15277-16.wav	นายชลวิทย์คีตะตระกูล
15-15277-17.wav	นางสาวพริซิล่าปริศนาจิวเมลลี่หรือปุ๊กกี้อดีตนักร้องชื่อดัง
15-15277-23.wav	ตำรวจแจ้งข้อหานายหงเจิ้งอี้ผู้ต้องหาชาวไต้หวัน
15-15278-0.wav	ที่จังหวัดขอนแก่นหน่อยเขาบอกว่าไปพบโบราณสถานขนาดใหญ่
15-15278-10.wav	หนองโกหมู่3ตำบลก้านเหลืองอำเภอแวงน้อยจังหวัดขอนแก่น
15-15279-12.wav	เพื่อการตลาดดอยหล่อจังหวัดเชียงใหม่
15-15279-6.wav	ครับซึ่งเกษตรกรในจังหวัดเชียงใหม่
15-15280-16.wav	คนร้ายคือนายประวิทย์จันทร์เพ็ญเขามีฉายาด้วยอืมปอนดินแดง
15-15280-26.wav	นายปอนอ้างว่าไม่ได้เตรียมการไม่ได้คิดจะมาก่อเหตุเลย
15-15281-131.wav	ถือว่าเป็นพืชเศรษฐกิจที่สำคัญของจังหวัดอุตรดิตถ์นะครับ
15-15281-162.wav	เดินทางมาไม่ไกลในจังหวัดนครนายก
15-15281-36.wav	อําเภอเก้าเลี้ยวจังหวัดนครสวรรค์ค่ะ
15-15281-57.wav	โก่วฮ่งกี่อําเภอเก้าเลี้ยวจังหวัดนครสวรรค์ค่ะ
15-15283-14.wav	จังหวัดนครราชสีมามา
15-15284-22.wav	หลังจากมีร้านขนมไทยร้านหนึ่งที่อำเภอตาคลีจังหวัดนครสวรรค์
15-15285-30.wav	นายพาทิศศุภพงษ์รองเลขาธิการฝ่ายต่างประเทศ
15-15286-152.wav	ส่วนเรื่องที่ทางด้านของแม่ของนายนันเนี่ย
15-15286-154.wav	แต่ก็ยืนยันว่าครอบครัวเองไม่เคยได้รู้จักอะไรกับนายนันมาก่อน
15-15286-2.wav	ขโมยไปจากโรงพยาบาลบางเลนที่จังหวัดนครปฐมนะครับทีนี้เนี่ยแหม่มันก็
15-15286-52.wav	คือผู้สื่อข่าวก็เลยเนี่ยฮะจังหวะตรงนี้ก็เลยถามเช่นนั้นนะครับว่าเอ๊ะ
15-15287-11.wav	อยู่ในบริเวณสวนของนายบุญช่วย
15-15287-18.wav	นายบุญช่วยเจ้าของสวนเล่าว่าปลูกกล้วยน้ำว้ามานานแล้ว
15-15287-29.wav	จนมีคนเดินทางมาดูแล้วก็มาขอโชคขอลาภกันแบบนี้
15-15287-31.wav	สำหรับสวนของนายบุญช่วยเนี่ย
15-15287-32.wav	อยู่ติดกับสวนของนางสมพรสายทอง
15-15287-38.wav	นางสมพรเองก็มาดูต้นกล้วยต้นนี้เหมือนกัน
15-15288-13.wav	กลางเมืองสีหนุวิลล์จังหวัดกำปงโสม
15-15288-21.wav	ซึ่งคนนี้มีหมายจับสารจังหวัดเชียงใหม่ที่สตม.เขาขอสารออกไว้
15-15289-11.wav	โดยผู้พิการหรือญาติไม่ต้องเดินทางมายื่นยันมายื่นสิทธิ์หรือมายืนยันสิทธิ์ให้รอรับเงินที่บ้าน
15-15289-14.wav	อันนี้ที่พมจ.จังหวัดนครศรีธรรมราชโอ้คนไปกันเยอะตั้งแต่เช้าอืมๆอะค่ะ
15-15289-3.wav	จากพัฒนาสังคมและความมั่นคงของมนุษย์ที่จังหวัดต่างได้
15-15290-3.wav	จังหวัดเพชรชบุรีเขาก็รําวงด๋าวด่าวกัน
15-15291-0.wav	ส่วนเหตุการณ์นี้ค่ะเป็นเหตุสลดที่เกิดขึ้นที่จังหวัดลพบุรีนะคะ
15-15291-10.wav	ที่แม่น้ำบางขามหมู่2อำเภอบ้านหมี่จังหวัดลพบุรี
15-15291-15.wav	ชาวบ้านที่อยู่ใกล้ๆที่เกิดเหตุก็บอกว่าเหตุการณ์เนี้ยมันเริ่มจากที่นางบัวงามผู้ตายอ่ะค่ะ
15-15291-17.wav	พี่ชายแท้ๆนายบำรุงแสนบางพึ่งอายุ73พายเรือตามไปแล้วก็ไปทะเลาะกันอยู่กลางน้ำอะค่ะ
15-15291-18.wav	นายบำรุงเอามีดอิโต้ฟันหัวนางบัวงามน้องสาว
15-15291-20.wav	แล้วก็กลิ้งตกลงไปในน้ำนายบำรุงพี่ชายพอก่อเหตุเสร็จพายเรือกลับเข้าฝั่งเหมือนไม่มีอะไรเกิดขึ้น
15-15291-22.wav	เจ้าหน้าที่ไปที่บ้านของนายบำรุงนะคะบ้านก็อยู่ติดกันกับน้องสาวนี่แหละครับ
15-15291-27.wav	ไปถึงบ้านของพี่น้องคู่นี้ที่จังหวัดลพบุรี
15-15291-28.wav	ไปเจอกับนางเหมือนแสงบางพึ่งอายุ72เป็นภรรยาของนายบำรุงคนก่อเหตุนะคะ
15-15291-32.wav	ไม่ได้ยินเสียงคนทะเลาะกันแต่ได้ยินลูกชายของนางบัวงามร้องเรียกให้คนช่วย
15-15291-48.wav	นายประทีปศรีเจือทองอายุ40ปีเป็นลูกชายคนเล็กของนางบัวงามที่เสียชีวิตนะครับ
15-15291-59.wav	ก่อนที่นายบำรุงจะก่อเหตุในครั้งนี้เคยทำร้ายเพื่อนบ้านมา2คนแล้วนะครับ
15-15291-61.wav	ถึงขั้นถูกรอบยิงเสียชีวิตนะค่ะเพราะคนถูกยิงไปเมาอยู่หน้าบ้านนายบำรุงนะ
15-15291-66.wav	เบื้องต้นนะคะตำรวจสภ.บ้านหมี่ก็นำตัวนายบำรุงไปสอบปากคำเพิ่มเติมที่โรงพักนะคะ
15-15292-29.wav	ในกทม.และอีก5จังหวัดที่เรียกกันว่าพื้นที่สีแดงเข้มเนี่ย
15-15292-6.wav	อืมเจ้าของร้านนะฮะก็คือนายนิรุธแก้วคำฟูบอกว่า
15-15292-7.wav	หลังจากที่เปิดให้บริการได้วันเดียวเมื่อทางจังหวัดขอความร่วมมือมา
15-15293-10.wav	เดินทางไปเข้าเยี่ยมนายกิตติศักดิ์สิงโตที่ถูกนายอัครณัฐอริยฤทธิ์วิกุลหรือน็อตอดีตพิธีกรทำร้ายร่างกายทนายสงการบอกว่ายินดีเป็นทนายความช่วยว่าความต่อสู้คดีให้แล้วก็จะช่วยประสานกับพนักงานสอบสวนให้พิจารณาแจ้งข้อหานายอัครณัฐฐานทำร้ายร่างกายผู้อื่นจนได้รับบาดเจ็บสาหัส
15-15293-9.wav	ทนายสงกานต์อัจฉริยะทรัพย์ทนายความและประธานเครือข่ายต่อต้านการบ่อนทำลายชาติศาสนาพระมหากษัตริย์พร้อมด้วยพันตำรวจโทเอกบดีศรีสุระอดีตหัวหน้าพนักงานสอบสวนตำรวจทางหลวง
15-15295-0.wav	ส่วนเหตุการณ์นี้ที่จังหวัดสุรินทร์นะคะคือเริ่มต้นเรื่องมันเป็นอุบัติเหตุที่น่าเศร้าใจ
15-15295-10.wav	นางสาวสุวนันท์หรือน้องพัฒน์อายุ19เหมือนกัน
15-15295-16.wav	นางสาวกำไรอายุ44เป็นแม่ของน้องมาย
15-15295-34.wav	ไปเจอกับคุณแม่ของน้องพัฒน์นางสมศรีคุณแม่บอกว่าแม่มีลูกสองคนเป็นผู้ชายหนึ่งคน
15-15295-7.wav	ก่อนถึงทางเข้าบ้านโนนธาตุนะคะที่อำเภอสนมจังหวัดสุรินทร์
15-15295-9.wav	เป็นเพื่อนสนิทกันด้วยนางสาวพัชรีหรือน้องมายอายุ19
15-15296-0.wav	ท่านประธานที่เคารพกระผมนายชลน่านศรีแก้วสมาชิก
15-15296-12.wav	ซึ่งสมควรจะได้รับการแต่งตั้งเป็นนายกรัฐมนตรีของพรรคเพื่อไทย
15-15296-14.wav	นายเศรษฐาทวีสินเป็นบุคคลซึ่งสมควรได้รับการแต่งตั้งเป็นนายกรัฐมนตรี
15-15296-9.wav	ร่วมจัดตั้งรัฐบาลขอเสนอชื่อนายเศรษฐาทวีสินซึ่งเป็นบุคคลที่มีคุณสมบัติ
15-15297-38.wav	ไปดูลงใต้ที่จังหวัดสงขลาค่ะสงขลาหาดใหญ่หน่อยนะคะ
15-15298-53.wav	ที่บ้านในไร่ตำบลท่าโพอำเภอเมืองจังหวัดพิษณุโลก
15-15299-14.wav	ตำรวจเนี่ยจับนายพนมได้ที่โรงแรมแห่งหนึ่งที่นนทบุรีเมื่อวันศุกร์ที่ผ่านมา
15-15299-15.wav	จากการสอบสวนนายพนมสารภาพเอาปืนไปยิงเบ้าตานายเสรีจริงๆจนเสียชีวิต
15-15299-6.wav	ตำรวจภูธรห้วยใหญ่แล้วก็ตำรวจภูธรจังหวัดชลบุรี
15-15299-8.wav	กระบอกหลังก่อเหตุเอาปืนไปยิงนายเสรีเยสูงเนิน
15-15301-44.wav	ทำให้มีคนงานจากหลายจังหวัดมาขุดแร่กันมากมาย
15-15302-47.wav	ใช่เพราะว่าเมื่อวานช่วงเย็นเนี่ยนะค่ะC-130จากกองทัพอากาศก็เดินทางมาถึงที่ท่าอากาศยานแม่ฟ้าหลวง
15-15302-55.wav	อย่างพญานาคซิ่งถูกขนย้ายมาจากจังหวัดนครปฐม
15-15303-152.wav	กับก้าวคนละก้าวที่จังหวัดสุราษฎร์ธานีของวันศุกร์ที่17พฤศจิกายน
15-15303-16.wav	วิ่งมาถึงที่บริเวณหน้ากองบิน7หมู่ที่5ตำบลมะลวนอำเภอพุนพินจังหวัดสุราษฎร์ธานีช่วงกลางคืนแล้วนะคะ
15-15303-29.wav	ค่ะซึ่งทีมงานได้อยู่ในจังหวัดสุราษฎร์ธานีและเมื่อวานนี้ตูนคณะก็ร่วมวิ่งทั้งหมด16ชั่วโมงครับ44กิโลเมตร
15-15304-11.wav	ลงพื้นที่จังหวัดนราธิวาสให้กำลังใจแพทย์พยาบาลและบุคลากรทางการแพทย์
15-15304-1.wav	ปล้นรถกระบะของชาวบ้านในพื้นที่อำเภอบันนังสตาจังหวัดยะลานะคะ
15-15304-36.wav	ก่อนได้รับความช่วยเหลือจากเจ้าหน้าที่ส่วนที่จังหวัดนราธิวาสคนร้ายยิงนาย
15-15304-38.wav	และนายดีร์มันจิยือแรชุดรักษาความปลอดภัยหมู่บ้านเสียชีวิตในรถกระบะ
15-15305-16.wav	พระองค์ได้เสด็จเยี่ยมราษฎรในจังหวัดนราธิวาส
15-15305-389.wav	บ้านเต่างอยตำบลเต่างอยอำเภอเต่างอยจังหวัดสกลนคร
15-15305-405.wav	ก่อนหน้านี้ได้มีนะฮะคณะนักการเมืองท้องถิ่นในจังหวัดนครพนม
15-15305-425.wav	ในโลกโซเชียลนี่ฮือฮาเลยบอกอ้าป้ายบอกทางใบ้หวยที่จังหวัดสุรินทร์
15-15305-431.wav	ถนนสุรินทร์ศีขรภูมิอำเภอศีขรภูมิจังหวัดสุรินทร์
15-15305-535.wav	ช่วงนี้ก็บอกว่านางก็จะงดกินเนื้อตลอดชีวิต
15-15305-562.wav	ซึ่งอย่างที่บอกว่าคำชะโนดที่อำเภอบ้านดุงจังหวัดอุดรธานี
15-15306-169.wav	เอาไปอีสานกันหน่อยแล้วกันนะฮะไปที่จังหวัดบุรีรัมย์นะครับ
15-15306-175.wav	ซึ่งก็มีแม่ชีเป็นแม่ชีชาวจังหวัดนครราชสีมา
15-15306-184.wav	อะปิดท้ายอีกหนึ่งคนแล้วกันเป็นซุปตาร์หมอลำพี่นาง
15-15306-192.wav	อะพี่นางก็โพสต์โชว์ความเฮงความแม่นเลยผ่านทางเฟซบุ๊คภาพ
15-15306-195.wav	พี่น้องพี่นางเองค่ะนะฮะซึ่งคาดว่าแฟนคลับที่ตาม
15-15306-196.wav	ก็คงถูกเหมือนกันไม่น้อยเพราะเลขทะเบียนรถของพี่นาง
15-15307-13.wav	นะครับผู้ได้รับบาดเจ็บติดอยู่ข้างในคือนางสาวคชาภาอายุ34ปี
15-15307-14.wav	ถูกนำตัวส่งโรงพยาบาลแล้วนะครับสอบสวนนายสมบัติอายุ54
15-15307-8.wav	ตำบลวัดโบสถ์อำเภอบางปลาม้าจังหวัดสุพรรณบุรีครับ
15-15308-100.wav	ซึ่งสมควรได้รับการแต่งตั้งเป็นนายกรัฐมนตรีอยู่ในบัญชี
15-15310-15.wav	ชื่อว่านายอาทิตย์ปานบุญลืออายุ39ปี
15-15310-19.wav	นายอาทิตย์พ่อเลี้ยงยอมรับสารภาพบอกว่า
15-15310-44.wav	แล้วตัดสินใจเอาน้องไปฝากให้ย่าเลี้ยงที่จังหวัดเชียงใหม่อืท
15-15311-10.wav	ตั้งอยู่ที่ตำบลทับเที่ยงอำเภอเมืองจังหวัดตรัง
15-15311-17.wav	นางสาวอติพรตันติพิสิทธิกุลนะคะอายุ33ปีเธอเป็นหนึ่งในผู้ก่อตั้งร้านนะ
15-15311-19.wav	แล้วของเด็ดของจังหวัดตรังคือคือหมูย่างจริงเธอก็เลยลองนำสองอย่างนี้มาสร้างสรรค์เป็นเมนูเด็ด
15-15311-20.wav	ที่มีเพียงหนึ่งเดียวของจังหวัดตรังด้วยการทำชาหมูย่างแก้วนี้ขึ้นมาคุณดูดิเห็นไหม
15-15312-17.wav	ซึ่งทางนางวันนิสาบุญดา
15-15313-14.wav	อ้างปมเหตุมาจากมีปากเสียงกันกับนายโอที่ขับรถเฉียวชนกัน
15-15313-16.wav	จับภาพนายแมนและนายโอมองหน้ากันก่อนจะมีการเบิ้ลเครื่องรถใส่กันแล้วแยกย้ายกันไป
15-15313-17.wav	วงจรปิดยังจับภาพนายโอขี่รถไปซื้อเหล้าที่ร้านขายของชำอีกครั้ง
15-15313-18.wav	ก่อนจะขี่รถมาจอดที่หน้าบ้านของแมนพร้อมตะโกนด่าพ่อแม่นายแมนดังลั่น
15-15313-19.wav	มีการถีบประตูหน้าบ้านจนนายแมนโมโหชักปืนยิงใส่
15-15313-22.wav	จึงรีบเปิดมาดูก็เห็นร่างนายโอ๋โดนยิงจมกองเลือดล้มทรุดลงกับพื้น
15-15313-8.wav	เกิดเหตุฆ่ากันที่บ้านช่องแบกตำบลเขาเขนอำเภอปลายพระยาจังหวัดกระบี่
15-15314-19.wav	อำเภอแม่แตงจังหวัดเชียงใหม่นี่เอง
15-15314-41.wav	ก่อนหน้านี้นะเป็นช้างที่ลากม้าอยู่ในพื้นที่ป่าที่จังหวัดสุโขทัยค่ะ
15-15315-9.wav	สร้างนกทาอำเภอเมืองจังหวัดอำนาจเจริญครับนายกองค์การบริหารส่วนตำบลสร้างนกทาอย่างท่านนายกชลิตเนี่ย
15-15318-1.wav	จังหวัดกำแพงเพชรคือกำลังจะบอกว่าเออมันเรียกโชคเรียกลาภ
15-15318-26.wav	อยู่ที่จังหวัดกำแพงเพชรหรือว่าวัดเชตวนารามค่ะ
15-15318-43.wav	ชุดนี้พบในเขตป่าคลองลานจังหวัดกำแพงเพชรเกิดขึ้นเป็นดงเป็นพืชล้มลุก
15-15320-3.wav	จังหวัดนครปฐมใหม่ทั้งจังหวัดเพราะว่านับ5ครั้งไม่ตรงกันเลยครับ
15-15320-41.wav	ก็มีรายงานว่าแก่นำของพรรคนำโดยนายอุตตมสาวนายน
15-15320-49.wav	แล้วก็กรรมการบริหารพรรครวมทั้งนางสาววทันยา
15-15320-51.wav	นางสาววทันยาไม่เข้าข่ายขาดคุณสมบัติ
15-15320-53.wav	ขณะที่นายธนาธรจึงรุ่งเรืองกิจหัวหน้าพรรคอนาคตใหม่ที่ถูกร้องเรื่องของการถือหุ้นในบริษัทสื่อเนี่ย
15-15321-18.wav	ส่งผลให้ผู้ประกอบการท่องเที่ยวในจีน
15-15321-33.wav	อาจจะทำให้นักท่องเที่ยวจีนเลือกเดินทางไปประเทศอื่น
15-15323-15.wav	หนีไปกับรถคันนี้ค่ะซึ่งเอ่อสอบสวนทราบว่านางสาวอ้อมเนี่ย
15-15323-21.wav	ยิงใส่นายเกรียงศักดิ์จนล้มฟุบนะคะหลังจากนั้นก็ขับรถกอล์ฟ
15-15323-25.wav	ส่วนนายเกรียงศักดิ์เป็นนักกอล์ฟนิสัยดีก็ไม่ค่อยคุยกับใครเป็นผู้จัดการสนาม
15-15323-45.wav	วันนี้ทีมข่าวไปที่บ้านของนางสาวอ้อมค่ะก็ไปเจอกับเออนางสมบัติ
15-15323-46.wav	ซึ่งเป็นพี่สามีของนางสาวอ้อมบอกว่าเธอเป็นคนเพชรบูรณ์
15-15323-48.wav	ส่วนสามีของเธอนั้นบวชเป็นพระได้ปีเสร็จแล้วที่ผ่านมานางสาวอ้อมกลับบ้านทุกวัน
15-15323-8.wav	คือนางสาวสร้อยสุดาคำองค์หรือนางสาวอ้อมค่ะถูกยิงอาการสาหัส
15-15324-1.wav	งานนี้งานใหญ่งานช้างจริงๆจ๊ะที่วัดป่าอาเจียงนะครับที่บ้านหนองบัวตำบลกระโพอำเภอท่าตูมจังหวัดสุรินทร์ค่ะ
15-15325-105.wav	โดยรัฐบาลจะอำนวยความสะดวกเรื่องการเดินทางครับ
15-15325-108.wav	หรือศูนย์ดำรงธรรมจังหวัดเพื่อประสานงานในการกลับประเทศได้ครับ
15-15325-116.wav	ทีนี้ก็ได้คุยกับแรงงานคนหนึ่งเป็นชาวน่านชาวจังหวัดน่าน
15-15325-15.wav	และการเดินทางในประเทศอิสราเอล
15-15325-18.wav	เดินทางกลับประเทศไทยโดยเร็วที่สุด
15-15325-25.wav	โดยผู้ที่ประสงค์จะเดินทางกลับสามารถแจ้งสถานทูต
15-15325-26.wav	หรือเดินทางมายังศูนย์พักพิงได้ทันที
15-15325-36.wav	ขอให้แรงงานไทยตัดสินใจเดินทางกลับประเทศ
15-15325-83.wav	เพราะว่าท่านมธ.1ครับนายอนุทินชาญวีรกูลรองนายกรัฐมนตรี
15-15326-108.wav	มีสามีของสาวนะฮะชื่อนายโอนะครับวันนี้มาพบตำรวจนะครับ
15-15326-113.wav	เนี่ยตรงนี้ฮะนายโอบอกว่าตัวเขาไม่เกี่ยวข้องกับการเสียชีวิตของป้าอ้อยเลย
15-15326-118.wav	สาวมาบอกกับนายโอที่เป็นสามีบอกอยากจะเก็บคนจังเลย
15-15326-259.wav	อาจมีความเชื่อมโยงกับแก๊งของแอมไซยาไนด์ด้วยก็ได้
15-15327-17.wav	คือนายสงกรานต์ปรีศรีอายุ22ปี
15-15327-18.wav	นายนุกูลหอมอ่อนอายุ22ปี
15-15327-27.wav	ได้รับจ้างขนยาเสพติดมาจากจังหวัดอุตรดิตถ์
15-15327-28.wav	เพื่อนำยาบ้าทั้งหมดไปส่งให้กับลูกค้าที่จังหวัดพิจิตร
15-15327-7.wav	จนที่สุดแล้วเจ้าหน้าที่ตำรวจสถานีตำรวจภูธรวัดโบสถ์จังหวัดพิษณุโลก
15-15330-0.wav	แต่ที่ฮอตฮิตม๊ากมากในตลอดข่าวของเราไม่เล่าไม่ได้ก็คือที่จังหวัดนครสวรรค์
15-15330-4.wav	หรือว่าวัดหลวงพ่อจ้อยนะคะอยู่ที่อำเภอเมืองจังหวัดนครสวรรค์นี่แหละ
15-15330-6.wav	ก็เดินทางมาขอโชคกับตะเคียนแม่ศรีมณีทองแบบคึกคักเลยนะ
15-15331-6.wav	มากันที่นี่ค่ะธรรมสถานม่อนพญานาคาราชอำเภอแม่ออนจังหวัดเชียงใหม่เจ้า
15-15331-1.wav	อย่างชาวไทยใหญ่ที่อยู่ในจังหวัดเชียงใหม่
15-15331-9.wav	ที่อยู่ในจังหวัดเชียงใหม่นะคะ
15-15332-119.wav	อยู่ในตำบลฉลุงอำเภอเมืองจังหวัดสตูลนี่แหละค่ะครับ
15-15332-138.wav	ที่จังหวัดราชบุรีอืมเป็นสถานที่ที่มันเล้นรับมาก
15-15332-144.wav	จังหวัดราชบุรีสถานที่ท่องเที่ยวยอด
15-15332-146.wav	มีทั้งที่ท่องเที่ยวแนวธรรมชาติป่าเขา
15-15332-218.wav	ว้าวที่โพธารามจังหวัดราชบุรี
15-15332-43.wav	แต่ว่าช่วงนี้เดี๋ยวผมมีเรื่องราวประเพณีล้านนาที่จังหวัดพะเยานะครับ
15-15332-83.wav	จะพาไปชิมขนมโบราณหาทานยากของภาคใต้ในจังหวัดสตูล
15-15332-92.wav	เป็นขนมโบราณของชาวจังหวัดสตูลที่ในอดีตก็ไม่ได้หากินได้บ่อยนะ
15-15333-0.wav	ท่านผู้ชมครับเมื่อช่วงคืนวันก่อนฮะค่ะคืนวันที่8กันยายนที่ผ่านมามีฝนตกหนักนะครับแล้วก็น้ำป่าก็ไหลทะลักเข้าท่วมพื้นที่สามหมู่บ้านอืมในตำบลแม่ยาวอำเภอเมืองจังหวัดเชียงรายนะฮะค่ะต้องบอกว่าหนักจริงนะครับมีชาวบ้านนะครับในหมู่บ้านหนึ่งนะครับถ่ายภาพวินาทีระทึกเอาไว้ได้นะฮะ
15-15333-75.wav	อำเภอเมืองจังหวัดเชียงราย3หมู่บ้านนะฮะมีบ้าน
15-15333-92.wav	ไปด้วยนะครับค่ะเพราะว่าการเดินทางทางถนนไม่ได้แล้ว
15-15334-1.wav	เนื่องจากว่าพื้นที่เกิดเหตุนะคะมีเออนักท่องเที่ยวเนี่ยก็มีบางส่วนนะคะที่ยังมาท่องเที่ยวอยู่ค่ะ
15-15334-6.wav	รีสอร์ทสยามบีชรีสอร์ทถล่มลงมานะคะแล้วก็นักท่องเที่ยวนะคะก็จะสังเกตได้ว่าในช่วงโลซีซั่นแบบนี้นะคะเริ่มลดน้อยลงอย่างเห็นได้ชัดค่ะมีเพียงส่วนน้อยค่ะที่เดินทางมาท่องเที่ยวเกาะช้างหลังเกิดเหตุนะคะ
15-15342-12.wav	อำเภอบางพลีจังหวัดสมุทรปราการ
15-15343-11.wav	แล้วช่วงเวลานี้เนี่ยเป็นช่วงคนเดินทางกลับบ้านอยู่แล้วนะครับ
15-15344-16.wav	ศูนย์รับเรื่องร้องทุกข์สำนักงานยุติธรรมจังหวัดกาฬสินธุ์
15-15344-26.wav	ของสำนักงานยุติธรรมจังหวัดนะครับ
15-15345-36.wav	ถ้าเกิดว่าผลตรวจโควิดติดก็จะทำให้ทั้งนายอำเภอปลัดจังหวัด
15-15345-5.wav	ประจำตำบลสวนหลวงที่จังหวัดสมุทรสาคร
15-15345-9.wav	หมอหนึ่งหรือว่านายพิเชษฐ์สหกิจ
15-15346-6.wav	งานฌาปนกิจนางสาวรุ่งทิพย์แสงจันทร์หรือกุ๊กไก่
15-15346-8.wav	ที่บ้านในจังหวัดเพชรบุรีถูกยกเลิกกระทันหัน
15-15347-22.wav	พื้นที่โดยรอบนะครับตรงเส้นแถวๆนี้นะครับที่ทางกลุ่มผู้ชุมนุมได้เดินทางเข้ามา
15-15349-4.wav	เป็นเด็กหญิงอยู่ที่จังหวัดนครปฐมไปดูเขาใส่
15-15350-22.wav	นายอาคมสู้ไม่ได้อะค่ะเลยวิ่งเข้าไปจะมีจังหวะ
15-15350-30.wav	นายอาคมก่อเหตุเสร็จก็หลบหนีไปเดี๋ยวคุณผู้ชมจังหวะนี้นะ
15-15350-35.wav	สุดท้ายนายอาคมก็ติดต่อเข้ามอบตัวนะคะ
15-15350-44.wav	หลังจากนั้นไม่นานนายอาคมมือยิงติดต่อขอมอบตัว
15-15350-47.wav	มอบให้กับตำรวจด้วยเนี่ยค่ะนายอาคม
15-15350-49.wav	ที่ยิงเพราะว่านายธีรชัยอ่ะ
15-15352-14.wav	อดีตนายกอบต.ซึ่งเป็นเจ้าของบ้าน
15-15352-25.wav	อดีตนายกอบต.โคกกรวดที่ถูกรุมทำร้ายร่างกายบอกว่า
15-15352-43.wav	แต่ว่าหน้าตานี่ปูดบวมเลยนะคะตำรวจเนี่ยเดินทางไปที่บ้านเช่า
15-15352-44.wav	เจอผู้ก่อเหตุหนึ่งคนชื่อว่านายสุรัตน์มาลาคนนี้
15-15352-7.wav	เป็นอดีตนายกอบต.โคกกรวดออกมาจากบ้านพักนะคะ
15-15352-8.wav	อยู่ที่ตำบลโคกกรวดอำเภอปากพลีจังหวัดนครนายก
15-15353-102.wav	แล้วก็บ่อนพนันที่จังหวัดระยองอีก1รายนะครับ
15-15353-103.wav	โดนเด้งไปอีก1รายนะสำหรับผู้การจังหวัดตราดนะครับ
15-15353-126.wav	ไปดูทางด้านของรองนายกรัฐมนตรีพลเอกประวิตรวงษ์สุวรรณหรือว่าบิ๊กป้อมนะฮะ
15-15353-40.wav	ตำรวจทุกนายก็ต้องน้อมรับในการปฏิบัติ
15-15353-75.wav	สำหรับผู้การจังหวัดตราด
15-15353-78.wav	คราวนี้ถึงคิวผู้การจังหวัดตราดแล้วนะฮะ
15-15353-81.wav	ให้ผู้การจังหวัดตราดขาดจากตำแหน่งเดิม
15-15353-90.wav	ผู้บังคับการตำรวจภูธรจังหวัดตราด
15-15353-94.wav	อ่ะอันนี้สำหรับเรื่องของบ่อนที่จังหวัดตราดนะฮะ
15-15353-98.wav	สำหรับสถานการณ์การแพร่ระบาดของโควิด19ในจังหวัดตราด
15-15354-7.wav	หมู่11ตำบลด่านสวีอำเภอสวีจังหวัดชุมพร
15-15355-128.wav	จะเดินทางเพื่อขอเข้าทำการสอบปากคำอดีตผู้กำกับโจ้
15-15355-13.wav	หมวดยิ้มนายทศพรแก้วเกิดนะฮะค่ะคือในโลกออนไลน์เขาแชร์ข้อมูลกันแบบนี้
15-15355-142.wav	พร้อมคณะได้เดินทางโดยเฮลิคอปเตอร์
15-15355-143.wav	มาถึงสำนักงานตำรวจภูธรภาค6อำเภอพรหมพิรามจังหวัดพิษณุโลกแล้ว
15-15355-147.wav	ทางคณะกรรมการทั้งหมดเนี่ยนะฮ่ะจะเดินทางไปที่เรือนจำกลางพิษณุโลก
15-15355-16.wav	กรณีที่ผู้กำกับโจ้เนี่ยสั่งให้ลูกน้องเนี่ยคลุมหัวนายมาวิน
15-15355-1.wav	ตอนนี้ก็อยู่ในเรือนจำกลางจังหวัดพิษณุโลกนะครับ
15-15355-39.wav	และตำรวจภูธรจังหวัดนครสวรรค์
15-15355-51.wav	หรือว่านายทศพรแก้วเกิดอยู่ในสภ.เมืองนครสวรรค์
15-15355-84.wav	คือทางเรือนจำกลางจังหวัดพิษณุโลกปฏิบัติต่อ
15-15356-12.wav	คือถูกยิงหน้าบ้านหลังหนึ่งในอำเภอไชยาจังหวัดสุราษฎร์ธานี
15-15357-51.wav	ก็เดินทางไปรับศพนะครับ
15-15357-52.wav	เพื่อนำกลับมาประกอบพิธีทางศาสนาที่จังหวัดสุโขทัยนะครับ
15-15357-58.wav	ตนเองก็ยังได้บอกให้ลูกชายเดินทางปลอดภัยด้วย
15-15358-32.wav	ให้ได้ดูทุกวันครับคือไม่เข้าใจว่าจังหวัดเนี้ย
15-15360-220.wav	ก็เลยตั้งใจมาเดินทางมาจากพระนครศรีอยุธยานะคะ
15-15360-221.wav	เดินทางไปที่บ้านกกกอกมุกดาหาร
15-15360-249.wav	ที่บ้านกกกอกที่จังหวัดมุกดาหารนะคะ
15-15360-62.wav	เกิดอะไรขึ้นกับน้องชมพู่ที่บ้านกกกอกที่จังหวัดมุกดาหาร
15-15360-73.wav	ตำบลกกตูมอำเภอดงหลวงจังหวัดมุกดาหารค่ะ
15-15361-1.wav	อยู่ที่อำเภอสวรรคโลกจังหวัดสุโขทัยนั่นเอง
15-15361-4.wav	อำเภอสวรรคโลกจังหวัดสุโขทัยนี่แหละค่ะ
15-15361-5.wav	มีชาวบ้านเดินทางมาร่วมทำบุญประเพณีโบราณประเพณีชักผ้าป่าราว
15-15363-12.wav	เพื่อมารับเครื่องเส้นไหว้และขอคำทำนายความเป็นอยู่ของหมู่บ้าน
15-15363-13.wav	หลังจากนั้นก็จะเป็นการฟ้อนถวายนี่มีนางรำด้วยนะครับ
15-15363-1.wav	ศาลปู่ตาบ้านรังกาใหญ่อำเภอพิมายจังหวัดนครราชสีมาครับ
15-15363-27.wav	ก็ถือว่าเป็นอีกหนึ่งประเพณีโบราณที่หาดูได้ยากของชาวบ้านรังกาใหญ่จังหวัดนครราชสีมา
15-15366-145.wav	อยากมีรักใจเหมือนพระรามสู้ติดตามหานางสีดา
15-15366-97.wav	เวทีใหญ่ๆจัดกวดประจำจังหวัดอะไรก็ไม่ตื่นเต้นเท่านี้
15-15367-16.wav	ทั่งแถบจังหวัดฝั่งอ่าวไทยรวมถึงฝั่งอันดามันด้วยนะคะ
15-15367-19.wav	เรียกได้ว่าแทบทุกภาคอาจจะมีโอกาสตกบ้างนะคะบางๆในแถบจังหวัดภาคตะวันออกนะคะรวมถึงภาคอีสานตอนล่างในวันนี้
15-15367-9.wav	จึงทำให้เกิดพายุฤดูร้อนขึ้นแถบจังหวัดภาคอีสานทั้งแถบ
15-15369-228.wav	ถ้าไม่เข้าตามช่องทางมันก็ผ่านไม่ได้นายอนุทินชาญวีรกูลรองนายกรัฐมนตรีและรัฐมนตรีว่าการกระทรวงสาธารณสุข
15-15369-275.wav	มิถุนายนนี่จะได้ฉีดแล้วค่ะส่วนกลุ่มอื่นตอนนี้ก็ลงทะเบียนกันอยู่นะครับ
15-15369-297.wav	แล้วมีการเพิ่มช่องทางให้ไปลงทะเบียนของแต่ละจังหวัด
15-15369-299.wav	แต่บางจังหวัดที่เขาไม่มีแพลตฟอร์มในการลงทะเบียนค่ะ
15-15369-307.wav	แต่ละจังหวัดที่จะไปทำพวกแพลตฟอร์มในการลงทะเบียนเนี่ย
15-15369-309.wav	แต่ถ้าแต่ละจังหวัดยังไม่มีหรือว่าโห้มันต้องพัฒนานะของพวกนี้นะ
15-15369-311.wav	บางจังหวัดเขายังไม่มีจริงๆแล้วเขายังไม่พร้อมที่จะเปิด
15-15369-46.wav	คือสภาอุตสาหกรรมแล้วก็ทางปตท.รวมถึงอบ.จบางจังหวัดด้วยก็ติดต่อเข้ามาแล้ว
15-15370-11.wav	แต่ว่าประชาชนก็ยังเดินทางมาอย่างต่อเนื่อง
15-15370-14.wav	ว่าวันนี้มีประชาชนเดินทางมาครบเต็มจำนวนแล้วค่ะ
15-15370-17.wav	เดินทางมาถวายสักการะพระบรมศพ
15-15370-20.wav	แต่จนถึงขณะนี้ก็ยังคงมีประชาชนเดินทางมาเข้าแถวรอคิวอย่างต่อเนื่อง
15-15370-23.wav	ประชาชนส่วนใหญ่จะเดินทางมาเป็นครอบครัว
15-15370-24.wav	เช่นครอบครัวยงค์อำนวยเดินทางมาจังหวัดจากจังหวัดราชบุรีตั้งแต่2นาฬิกา
15-15370-44.wav	เดินทางมาถวายสักการะพระบรมศพ
15-15370-46.wav	จังหวัดละ750คนรวมทั้งสิ้น3000คน
15-15370-50.wav	แต่ละจังหวัดนั้นนะครับท่านผู้ว่าราชการจังหวัด
15-15370-52.wav	ทุกจังหวัดก็จัดรถบัสให้กับพี่น้องประชาชนเข้ามา
15-15370-59.wav	ว่าท่านผู้ว่าราชการจังหวัดจะต้องจัดเตรียมเจ้าหน้าที่พยาบาลประจำรถ
15-15370-60.wav	ประจำรถรถทุกคันนะครับที่มาจากแต่ละจังหวัดจะมีเจ้าที่พยาบาลประจำรถ
15-15370-66.wav	ขณะที่ตลอดทั้งวันนี้นะคะยังคงมีจิตอาสาเดินทางมาแจกอาหารและน้ำดื่มฟรี
15-15370-74.wav	เหลือมาช่วยพวกที่เดินทางมากราบพระศพของพระบาทสมเด็จพระเจ้าอยู่หัว
15-15374-0.wav	ส่วนชาวบ้านในพื้นที่อำเภอพุนพินจังหวัดสุราษฎร์ธานีนะคะ
15-15374-3.wav	รายงานมาจากจังหวัดสุราษฎร์ธานีเชิญค่ะ
15-15374-4.wav	เป็นเวลากว่า1เดือนแล้วนะคะที่ชาวอำเภอพุนพินจังหวัดสุราษฎร์ธานีต้องประสบกับปัญหาน้ำท่วมค่ะ
15-15374-8.wav	ระดับน้ำนะคะที่เข้าท่วมบ้านวัดดอนมะลินะคะหมู่7ตำบลท่าข้ามอำเภอพุนพินจังหวัดสุราษฎร์ธานี
15-15375-2.wav	เริ่มมีการโพสต์ภาพทยอยเดินทางกันไปฉีดโควิดนะคะ
15-15377-7.wav	ด้วยความตกใจนายณัฐวุฒิส่งเงินไปให้เพราะกลัวจะถูกทำร้ายนะคะเมื่อคนร้ายได้เงินเสร็จเรียบร้อยรีบวิ่งหนีออกจากร้านไปทันทีเลยค่ะ
15-15378-58.wav	ตักไข่อะฮ่ะในงานกาชาดจังหวัดศรีสะเกษ
15-15379-36.wav	ที่ต้องการให้คนเดินทางขับรถได้อย่างปลอดภัย
15-15380-0.wav	ขึ้นเหนือพาคุณผู้ชมไปที่จังหวัดเชียงใหม่ไปดูเหตุสลดที่เกิดขึ้นนะคะ
15-15380-22.wav	นะค่ะในท้องที่สภ.แม่วางจังหวัดเชียงใหม่
15-15380-25.wav	ตำบลดอนเป่าอำเภอแม่วางจังหวัดเชียงใหม่
15-15380-72.wav	บอกว่าผู้ตายเคยเป็นรองนายกอบต.ดอนเปาแต่นายกอบต.เนี่ยก่อนหน้านี้
15-15380-74.wav	อยู่ในตำแหน่งรองนายกอบต.ก็เลยต้องพ้นจากตำแหน่งไปด้วยโดยปริยาย
15-15380-75.wav	ก่อนที่จะเดินทางไปทำงานที่ประเทศเกาหลีใต้พร้อมกับภรรยา
15-15380-76.wav	แล้วก็เดินทางกลับมาดูแลลูกสาว2คนก็คือ6ขวบกับ4ขวบ
15-15383-2.wav	ท่านได้ลงพื้นที่จังหวัดระยองไปดูความคืบหน้าแผนพัฒนาสนามบินอู่ตะเภา
15-15383-34.wav	ที่เลือกใช้สนามบินแห่งนี้เป็นจุดศูนย์กลางการเดินทางไป
15-15383-36.wav	และเดินทางไปยังจังหวัดหัวเมืองใหญ่ของไทย
15-15383-6.wav	ชาวบ้านจังหวัดระยองต้อนรับนายกรัฐมนตรีอย่างอบอุ่น
15-15383-82.wav	ชาวบ้านจังหวัดระยองก็พร้อมใจกันพูดเป็นเสียงเดียวกันนะครับว่า
15-15383-85.wav	รายงานสดจากอำเภอบ้านฉางจังหวัดระยอง
15-15384-25.wav	ในพื้นที่ตำบลโคกทรายอำเภอป่าบอนจังหวัดพัทลุง
15-15384-28.wav	บ่าวเล่าบอกเขาทะเลาะกับนางกิ่งแม่เลี้ยงเนี่ยนะครับ
15-15384-30.wav	เขาบอกเขาโมโหแล้วใช้ไม้ไผ่ไปทุบนางกิ่งจนได้รับบาดเจ็บ
15-15384-48.wav	นายประพัทธ์เนี่ยเลิกกับแม่ของบ่าวเข้ามา5ปีแล้ว
15-15384-49.wav	แล้วหลังจากนั้นก็ไปคบหาอยู่กินกับนางกิ่ง
15-15384-66.wav	ส่วนอาการของนางกิ่งปลอดภัยแล้วนะแต่ต้องดูอาการเลือดคลั่ง
15-15384-7.wav	เจ้าหน้าที่เข้าตรวจสอบศพนายประพัทธ์คงเนียมคุณผู้ชมนี่
15-15386-20.wav	อำเภอท่าแร่จังหวัดสกลนครนะฮะชาวบ้านญาติพี่น้องก็จัดขบวนช้างมาแบบนี้
15-15388-117.wav	ผู้บังคับการตำรวจภูธรจังหวัดอุดรธานีได้ชี้แจงเรื่องนี้นะคะว่า
15-15390-11.wav	ตามไปดูกันเลยนี่คือบรรยากาศในพิธีบวงสรวงที่เกาะคำชะโนดวังนาคินทร์จังหวัดอุดรธานีนี่แหละค่ะ
15-15390-21.wav	นางรำที่เขามารำถวายในพิธีนี่แหละ
15-15390-23.wav	ให้อาศัยนางรำเพราะเขาเชื่อกันว่านางรำเป็นสาวบริสุทธิ์อ้อให้นางรำเนี่ยเป็นคนส่องให้
15-15392-0.wav	ไปดูอีกหนึ่งเรื่องตำนานนาง12
15-15392-11.wav	เข้มขังนะที่นี่แล้วสถานที่แห่งนี้เขามีชื่อว่าถ้ำนาง12
15-15392-14.wav	หนึ่งในนั้นก็คือตำนานเกี่ยวกับเรื่องของนาง12ที่เราเคยได้ยินมาในบทเรียนสมัยเด็กๆ
15-15392-16.wav	นี่ครับคุณผู้ชมที่เห็นเมื่อสักครู่ที่มีรูปปั้นของนาง12อยู่จนครบด้วยนะ
15-15392-18.wav	เนี่ยฮะชาวบ้านตั้งแต่โบราณเขาเชื่อว่าถ้ำที่นาง12ใช้เดินทางไปยังอีกอำเภอหนึ่งน่ะ
15-15392-29.wav	แล้วนาง12คนคนสุดท้ายเนี่ยตาบอดข้างเดียว
15-15392-2.wav	มาดูกันหน่อยเขาบอกว่าที่เห็นอยู่เนี่ยคือถ้ำนาง12ที่จังหวัดฉะเชิงเทราครับ
15-15392-3.wav	สถานที่แห่งนี้ตั้งอยู่ที่ตำบลดงน้อยอำเภอราชสาส์นจังหวัดฉะเชิงเทรา
15-15392-5.wav	ทั้งเรื่องความศักดิ์สิทธิ์ของแหล่งน้ำและตำนานนิทานท้องถิ่นเรื่องนาง12
15-15392-6.wav	เราจึงได้เห็นรูปปั้นนาง12อยู่ในพื้นที่ตรงนี้บริเวณใกล้กับรูปปั้นนาง12
15-15392-9.wav	ต่อมาได้มีการผูกโยงเรื่องราวตำนานนิทานท้องถิ่นว่าเป็นถ้ำนาง12
15-15393-17.wav	จังหวัดศรีสะเกษแล้วคุณแม่เนี่ยเป็นคนสุรินทร์นะครับ
15-15396-1.wav	ทำให้หลายคนเดินทางมาเข้าคิวตั้งแต่งานยังไม่เริ่มค่ะ
15-15396-38.wav	สามารถเดินทางมาได้ที่งานมหากรรมหนังสือระดับชาติครั้งที่22
15-15398-1.wav	มันมีนาทีระทึกเกิดขึ้นบนเครื่องบินที่จังหวัดเชียงใหม่นะคะ
15-15399-28.wav	เพราะว่าคือท่านนายกเป็นนายกรัฐมนตรีของคนไทยทุกคนนะครับ
15-15399-32.wav	แต่ว่าการใช้ถ้อยคำที่รุนแรงด่าทอท่านนายกรัฐมนตรี
15-15402-39.wav	มาขอดูรถที่บ้านเธออยู่ที่อำเภอนิคมพัฒนาจังหวัดระยองค่ะ
15-15402-69.wav	ป้ายทะเบียนจังหวัดพะเยาแจ้งตำรวจด้วยนะคะ
15-15405-0.wav	พาไปต่อเนื่องเลยที่จังหวัดสุรินทร์นะคะ
15-15405-48.wav	แล้วพยายามไปถามจากไอ้ตัวสามีก็คือนายเสมอผู้ต้องหาเนี่ยนะ
15-15405-51.wav	ชาวบ้านก็เลยต้องไปช่วยกันตามหาโดยที่นายเสมอเนี่ย
15-15405-55.wav	สุดท้ายก็รู้ว่าหนีไปอยู่ที่จังหวัดสุพรรณบุรีไปทำการตัดอ้อยอยู่ที่นั่น
15-15405-57.wav	ตามตัวไปจนจับนายเสมอมาสอบปากคำที่สภ.กาบเชิง
15-15405-58.wav	ซึ่งนายเสมอเองก็รับสารภาพครับว่าเป็นคนก่อเหตุจริง
15-15405-59.wav	ทีนี้จากปากของนายเสมอบอกว่าวันที่5พฤศจิกายนเนี่ยหลังเลิกงาน
15-15405-61.wav	แล้วก็มาขอจับหน้าอกของภรรยาพอเห็นแบบนี้นายเสมอก็เลยเดินเข้าไป
15-15405-64.wav	ก่อนที่นายเสมอจะไปตบตีแล้วก็ทำร้ายร่างกายภรรยาจนสลบไป
15-15405-66.wav	แต่ว่านายเสมอก็ไม่ได้ไปช่วยเหลือภรรยาอะไรสักอย่างเลยนะคะ
15-15405-68.wav	ทีนี้พอ4ทุ่มนายเสมอตื่นขึ้นมา
15-15405-6.wav	หลังก่อเหตุแล้วก็หลบหนีไปอยู่ในจังหวัดสุพรรณบุรีนะคะครับ
15-15405-75.wav	จากนั้นนายเสมอก็เดินกลับมาที่บ้าน
15-15405-7.wav	นี่เป็นภาพที่ตำรวจสภ.กาบเชิงจังหวัดสุรินทร์คุมตัวนายเสมอซ่อนกลิ่น
15-15406-13.wav	ซึ่งตรงนี้ก็มีส.ส.ในพื้นที่มาด้วยอีกหลายจังหวัดก็มานะฮะ
15-15406-23.wav	พลเอกประวิตรวงษ์สุวรรณรองนายกรัฐมนตรีนะครับ
15-15406-34.wav	แหม่บิ๊กตู่ก็ไปอีกจังหวัดนึง
15-15406-4.wav	คือพลเอกประวิทย์เนี่ยไปที่พระนครศรียุธยาส่วนนี้บิ๊กตู่พลเอกประยุทธ์นายกรัฐมนตรีไปเพชรชบุรีนะฮะ
15-15409-105.wav	คีรีมาศจังหวัดสุโขทัย
15-15409-106.wav	ไปสอบถามจากนายเบิร์ดหน่อยซิว่ามันเกิดอะไรขึ้น
15-15409-10.wav	แม่ฝ่ายหญิงตัดสินใจเดินทางจากอุดรธานีมารับลูกที่สุโขทัยเอาไปดูคลิปนั้นกันหน่อยค่ะ
15-15409-111.wav	และต้องการที่จะให้นายเบิร์ดคุยหรือให้สัมภาษณ์กับสื่ออีก
15-15409-112.wav	ส่วนแม่ของนายเบิร์ดก็บอกว่าทั้งคู่เนี่ยทะเลาะกันเป็นประจำ
15-15409-113.wav	นายเบิร์ดไม่ได้กักขังน้องผู้หญิงเมื่อสักครู่
15-15409-24.wav	ขณะนี้ครอบครัวมารับเดินทางมารับแล้วนะคะมาจากอุดรธานี
15-15409-25.wav	เพื่อมากลับรับกลับบ้านอืมนะคะตอนนี้อยู่ระหว่างการเดินทาง
15-15409-26.wav	ก็เลยมีการนัดแนะกันที่อำเภอวังทองจังหวัดพิษณุโลก
15-15409-29.wav	ชื่อว่านายเบิร์ดคบหากันได้ประมาณปีกว่าเมื่อก่อนเนี่ยทำงานอยู่ด้วยกันที่สมุทรปราการ
15-15409-31.wav	ว่าฝ่ายหญิงบอกว่าถูกนายเบิร์ดทำร้ายร่างกายมาตลอด
15-15409-33.wav	นายเบิร์ดเนี่ยจึงชวนกลับบ้านที่จังหวัดสุโขทัย
15-15409-35.wav	แล้วเธอก็ตามมาด้วยแต่ก็ยังถูกนายเบิร์ดคนนี้ทำร้ายร่างกายอีก
15-15409-38.wav	ทุกครั้งที่นายเบิร์ดทำร้ายร่างกายเพราะคุณผู้หญิงคนนี้บอกว่า
15-15409-39.wav	นายเบิร์ดไปเสพไอซ์มาไปเสพยาไอซ์มากระทั่งทนไม่ไหวค่ะ
15-15409-41.wav	ไปอยู่กับแม่ที่จังหวัดอุดรธานีแต่ในเบิร์ดเนี่ยไม่ยอม
15-15409-44.wav	แล้วนายเบิร์ดใช้มือถือถ่ายคลิปไว้ส่งคลิปนี้ไปให้แม่ฝ่ายหญิงดู
15-15409-52.wav	ทำไมทำไมยังอยู่กับนายเบิร์ด
15-15409-58.wav	จากนี้ต่อไปขอเลิกขอตัดขาดจากนายเบิร์ดคนนี้
15-15409-6.wav	ที่จังหวัดสุโขทัยปรากฏว่าทั้งหญิงชายก็ไปอยู่กันที่บ้านฝ่ายชายที่สุโขทัย
15-15409-87.wav	ตัดสินใจเดินทางจากอุดรธานีมาที่สุโขทัย
15-15409-89.wav	พอเจอกับนายเบิร์ดก็ถามนายเบิร์ดนะ
15-15411-154.wav	ก็มีการเดินทางไปเล่นสนุกเกอร์กับนายบู้ที่ร้านเดิม
15-15411-168.wav	นายโยยืนอยู่ที่โต๊ะสนุกเกอร์อยู่ก่อนนะคะ
15-15411-170.wav	เพราะนายโยรู้จักกับนายเอก
15-15411-174.wav	แต่ว่านายโยไปให้การกับตำรวจว่าเข้าไปห้าม
15-15411-177.wav	เข้ามาร่วมเพราะรู้จักกับนายเอก
15-15411-183.wav	ตีใส่นายโยจนไม้คิวหัก
15-15411-18.wav	หรือว่านายโยอายุ33ปี
15-15411-284.wav	บอกว่านายโยเข้ามาผสมโรงกับ
15-15411-289.wav	นายโยเนี่ยบอกว่าเข้ามาห้าม
15-15411-355.wav	เดินทางมาขอโทษแล้วมามอบเงินช่วยเหลือเบื้องต้น
15-15411-362.wav	จะขอมาดูหน้าหน่อยเตรียมตัวจะมาดูหน้านายโยหน่อย
15-15411-363.wav	ตอนนี้ก็ต้องสอบสวนนายโยเพิ่มเติม
15-15411-365.wav	เพราะจนถึงขณะนี้นายโยก็ยังให้การแบบวกวน
15-15411-58.wav	นายโยผู้ต้องหาอ้างว่านายแป๊ะผู้ตายพูดไม่เข้าหู
15-15411-65.wav	วันนี้ตำรวจนำตัวนายโยไปตรวจร่างกายนะครับ
15-15411-76.wav	ในจังหวะที่ถูกน้องชายของนายแป๊ะผู้ตาย
15-15412-19.wav	นายสายประสิทธิ์เนี่ยได้คำนวณจากภาพวงจรปิดที่ได้จากโทรศัพท์มือถือค่ะ
15-15412-25.wav	มีเพียงนายประยุทธ์เพชรคุณซึ่งเป็นรองโฆษกสำนักงานอัยการสูงสุด
15-15412-30.wav	ดำเนินคดีกับนายวรยุทธ์ได้
15-15412-40.wav	จากรถจักรยานยนต์ที่จังหวัดเชียงใหม่ค่ะ
15-15412-46.wav	ก็คือนายสมชายมาสอบปากคำเพิ่มเติม
15-15412-51.wav	ทีมข่าวได้มีโอกาสพูดคุยกับนายสมชายนะคะ
15-15412-59.wav	นอกจากนี้นะคะนายสมชายเขาตัดเพาะบอกว่า
15-15412-7.wav	คนที่เรียกมาที่มีการคำนวณคือทางด้านของนายสายประสิทธิ์เกิดนิยมนะฮ่ะ
15-15413-18.wav	ตำรวจมากัน2นายบอกให้ปิดร้านปิดไฟในร้าน
15-15413-38.wav	คราวนี้เขาบอกว่าไม่ได้มา2นายแล้วนะ
15-15413-39.wav	มากันหลายนายเลยเธอพยายามขอหมายตรวจ
15-15414-14.wav	ตำบลอรัญญิกอำเภอเมืองจังหวัดพิษณุโลก
15-15414-23.wav	ขณะที่กล้องวงจรปิดบริเวณสี่แยกตะขบอำเภอปักธงชัยจังหวัดนครราชสีมา
15-15414-37.wav	พุ่งชนรถจักรยานยนต์บริเวณแยกไฟแดงบางพระอำเภอศรีราชาจังหวัดชลบุรีจนล้มกลิ้ง
15-15415-61.wav	แน่นอนครับทางจังหวัดก็บอกว่ามีความยินดี
15-15416-8.wav	อยู่ในตำบลปลายโพงพางอำเภออัมพวาจังหวัดสมุทรสงคราม
15-15418-20.wav	ตำบลบ่อวินอำเภอศรีราชาจังหวัดชลบุรีนะครับ
15-15419-35.wav	ทีนี้พอปืนลั่นไปโดนศีรษะนายปรัชญา
15-15419-36.wav	ก็ตกใจแล้วแฟนนายปรัชญามาพอดี
15-15419-6.wav	นี่ค่ะคุณผู้ชมเป็นบรรยากาศขณะที่ตำรวจคุมตัวนายทัศน์
15-15420-21.wav	ที่อำเภอหนองบัวแดงจังหวัดชัยภูมินะฮะบ้านหลังนี้ครับ
15-15421-42.wav	ใครที่จะไปท่องเที่ยวช่วงนี้นะคะไปรับลมต่างๆเนี่ย
15-15421-7.wav	ช่วงจังหวัดนราธิวาสเพราะว่าเขาเป็นรอยต่อระหว่างมาเลเซียแล้วก็ประเทศไทยนะคะ
15-15422-18.wav	แต่ขณะที่วิ่งมาตามถนนมิตรภาพจังหวัดสระบุรี
15-15423-16.wav	อุทยานแห่งชาติผพุเตยจังหวัดสุพรรณบุรี
15-15423-24.wav	ของปราสาทพนมรุ้งจังหวัดบุรีรัมย์
15-15423-30.wav	ไปแอ่วกันต่อที่เมืองเหนืออุทยานแจ้ซ้อนจังหวัดลำปางเจ้า
15-15423-35.wav	แล้วก็ได้ไปท่องเที่ยวอุทยานแจ้ซ้อนด้วยนะคะ
15-15423-7.wav	จังหวัดพังงานี่ถือว่าเป็นอีกหนึ่งสถานที่เที่ยวที่สวยงาม
15-15424-18.wav	ไปคุยกับนายวีระผู้ชายในคลิปนี้
15-15426-2.wav	เขาจะพาเราไปท่องเที่ยวที่จังหวัดระยอง
15-15426-8.wav	พิพิธภัณฑ์บ้านครูกังอยู่ในอำเภอแกลงจังหวัดระยองค่ะ
15-15430-53.wav	ศาลจังหวัดกาญจนบุรีนัดฟังคำพิพากษาในวันที่4มิถุนายน2562 
15-15435-37.wav	นี่นักข่าวของเราไปถามนางหนูผู้หญิงอะค่ะ
15-15440-11.wav	อยู่ที่ตำบลเชียงรากน้อยอำเภอบางไทรจังหวัดพระนครศรีอยุธยาค่ะ
15-15440-12.wav	ครึ่งชั่วโมงผ่านไปเจ้าหน้าที่ไปพบศพนายรุ่งอรุณ
15-15440-40.wav	ที่นายรุ่งอรุณผู้เสียชีวิตเครียดคิดมาก
15-15441-10.wav	ตำรวจท่องเที่ยวร่วมกับรายการร่วมด้วยช่วยกัน
15-15441-19.wav	รู้ข้อมูลของนายสมพงศ์เป็นอย่างดี
15-15445-398.wav	มีน้องนางแก้มเรื่อ
15-15445-6.wav	มีอาชีพขับรถตุ๊กตุ๊กรับจ้างอยู่ในจังหวัดปราจีนบุรี
15-15451-0.wav	คุณผู้ชมคะที่จังหวัดปราจีนบุรีมีช้างป่าสองแม่ลูกจากเขตรักษาพันธุ์สัตว์ป่าเขาอ่างฤๅไนนะคะ ย่องเข้าไปในพื้นที่อาศัยของชาวบ้านค่ะ
15-15452-3.wav	ปีนี้เนี่ยนักท่องเที่ยวรวมถึงประชาชนที่เดินทางไปเล่นน้ำเนี่ย
15-15452-42.wav	ซึ่งเมื่อครบกำหนดเวลานักท่องเที่ยวต่างทยอยเดินทางกลับ
15-15454-15.wav	นายอนุทินนะฮ่ะรองนายกแล้วก็รัฐมนตรีสาธารณสุขนะครับ
15-15454-39.wav	เช่นเดียวกันกับนายสุชาติชมกลิ่นนะครับรัฐมนตรีแรงงาน
15-15454-9.wav	เพื่อเศรษฐกิจและสังคมบ้างนะคะนายชัยวุฒิธนาคมานุสรณ์ค่ะ
15-15456-0.wav	ไปต่อกันที่เรื่องราวของสมาคมกีฬาวอลเลย์บอลนะคะนายธิติพฤกษ์ชะอุ่มค่ะ
15-15457-17.wav	เดินทางมาเยี่ยมชมความงดงามของสุสานหินอ่อน
15-15458-24.wav	อดีตหลวงปู่เณรคำต้องการเดินทางกลับประเทศไทย
15-15458-35.wav	ศาลได้มีคำพิพากษาให้ยึดทรัพย์ของนายวิรพล
15-15458-39.wav	สิ่งปลูกสร้างพร้อมที่ดินในจังหวัดอุบลราชธานี
15-15458-7.wav	นายวิรพลสุขผลหรืออดีตหลวงปู่เณรคำในสภาพสวมชุดสีขาว
15-15460-15.wav	ใช่นะครับตำรวจสภ.ธาตุพนมนะครับควบคุมตัวนายสถิต
15-15460-2.wav	ที่วัดพระธาตุพนมวรมหาวิหารอำเภอธาตุพนมจังหวัดนครพนม
15-15460-3.wav	อ่าเขาก็มีพระที่เดินทางมาจากหลายที่ค่ะอ่าก็จะเนี่ยฮะ
15-15460-42.wav	ตกใจมากเพราะว่าทั้งคู่เนี่ยความจริงแล้วเขาเดินทางมาด้วยกันอืมนะ
15-15460-44.wav	ที่จังหวัดขอนแก่นนะครับก็รู้จักกันแล้วก็ชวนกันมาต่อที่วัดพระธาตุพนม
15-15460-48.wav	นายสถิตเนี่ยเสพยาบ้ามาเมื่อ5วันก่อนอืม
15-15461-28.wav	ทีมข่าวของเราเดินทางไปจุดเกิดเหตุซึ่งอยู่ในพื้นที่หมู่5ตำบลคลองอุดมชลจร
15-15462-16.wav	ตำบลบ้านตึกอำเภอศรีสัชนาลัยจังหวัดสุโขทัย
15-15462-25.wav	เป็นหนึ่งเดียวของจังหวัดสุโขทัยนะที่มีการทำสลากภัตทุเรียนแบบนี้
15-15463-11.wav	คนแรกนี่นะคะก็คือนางโรดิก้าเกอร์เบอร์อายุ40ปี
15-15463-15.wav	แล้วอีกศพหนึ่งก็คือนายเดวิทเกอร์เบอร์
15-15463-50.wav	แล้วที่ผ่านมาเนี่ยนะตัวนางสาวสุธิมาคนนี้กับสามีเธอน่ะ
15-15463-55.wav	ครับเมื่อวันที่12ทางฝั่งผู้หญิงนะนะนางโรดิก้าส่งข้อความมาหามาหาคุณสุธิมา
15-15463-8.wav	บ้านเช่าที่ตำบลไม้กลอนอำเภอพนาจังหวัดอำนาจเจริญค่ะ
15-15464-2.wav	เปิดตัวอย่างยิ่งใหญ่เลยนะคุณชิสาที่จังหวัดสุพรรณบุรี
15-15464-4.wav	เพราะว่าวันอาทิตย์ก่อนเนี่ยเราพาไปรู้จักกับตัวตึงของจังหวัดสุพรรณฯ
15-15465-20.wav	ยกตัวอย่างคุณพี่ท่านนี้นะคะนายสังวรเกิดบุญอายุ67ปีค่ะ
15-15465-29.wav	นายสังวรบอกว่าหยุดขับตุ๊กตุ๊กขาดรายได้ตัวเองเป็นเสาหลักของครอบครัวด้วย
15-15465-50.wav	ประชาชนเดินทางกันมาเยอะมากนะคะจากต่างจังหวัดก็มากันเยอะนะคะ
15-15465-51.wav	อืมมากันจากหลายจังหวัดเลยอ่ะค่ะโอ้โหดูสิมารอกันตั้งแต่ตีห้าคุณภาคภูมิ
15-15465-80.wav	เลขานุการรัฐมนตรีว่าการกระทรวงการคลังแนะนำแบบนี้นะคะว่า ไม่ต้องเดินทางข้ามจังหวัดมา
15-15465-81.wav	ไม่ต้องเดินทางมาไกลๆให้ไปยื่นเรื่องร้องทุกข์กับศูนย์ดำรงธรรมของแต่ละจังหวัดได้เลยนะคะครับ
15-15468-7.wav	นั่นก็คือโรงพยาบาลบ้านบึงจังหวัดชลบุรี
15-15469-13.wav	เมื่อช่วงบ่าย2โมงครึ่งนะคะเรือนจำธัญบุรีจังหวัดปทุมธานี
15-15469-14.wav	นายพริษฐ์ชิวารักษ์หรือเพนกวินนางสาวปนัสยาสิทธิจิรวัฒนกุลหรือรุ้ง
15-15469-16.wav	เพื่อนำตัวไปกองบังคับการตำรวจตระเวนชายแดนภาค1ที่อำเภอคลองหลวง จังหวัดปทุมธานีนะคะ
15-15469-74.wav	ครับคุณผู้ชมคะขณะที่นายนรเศรษฐ์นาหนองตูมทนายความศูนย์
15-15469-80.wav	นายพริษฐ์ชิวารักษ์หรือเพนกวินนางสาวปนัสยาสิทธิจิรวัฒนกุล หรือรุ้ง
15-15471-25.wav	อันนี้เกิดขึ้น30สิงหาคมโน่นที่ผ่านมานะครับหมู่บ้านจัดสรรแห่งหนึ่งอำเภอเมืองจังหวัดจันทบุรีส่วนสาเหตุที่ลูกชายของเพื่อนบ้านมาทำร้ายนะครับ
15-15474-17.wav	จึงมีประชาชนในภาคใต้เดินทางไปท่องเที่ยวภูมิภาคอื่น
15-15474-18.wav	และต้องการเดินทางกลับในช่วงเวลาดังกล่าว
15-15474-23.wav	ส่วนค่าโดยสารหน้าเคาน์เตอร์จะพิจารณาจากที่นั่งแล้วก็ช่วงเวลาการเดินทาง
15-15474-5.wav	หากคุณผู้ชมจองในวันใกล้เดินทางหรือไปเป็นคณะมากๆ
15-15478-11.wav	เขามากันเป็น10นายคือตำรวจก็ต้องเอาอาวุธในการระงับเหตุมาก่อนแหละ
15-15478-20.wav	ตำรวจเขาบอกว่านายเบนส์กำลังคุ้มคลั่ง
15-15479-12.wav	อยู่ที่ถนนชวนชื่นที่อำเภอเมืองจังหวัดขอนแก่น
15-15480-13.wav	ที่คลองสระแก้วตำบลเขาทองอำเภอเมืองจังหวัดกระบี่
15-15480-50.wav	จ๊ะไปได้เลยครับที่นี่ที่คลองสระแก้วตำบลเขาทองอำเภอเมืองจังหวัดกระบี่
15-15481-3.wav	และด้วยความศรัทธานี้เองเมื่อวานนี้พี่เอก็ตั้งใจไปปักหลักรอชมบั้งไฟพญานาคที่หน้าวัดไทยอำเภอโพนพิสัยจังหวัดหนองคายด้วย
15-15482-10.wav	นางสาวรีคนที่ใส่เสื้อยืดสีดำอายุ20ปี
15-15482-11.wav	ส่วนนางสาวไม้คือเสื้อเทาคนนี้ข้างๆอายุ24ปี
15-15482-12.wav	และผู้ชายเสื้อขาวเมื่อกี้คือนายบ่าวอายุ24ปี
15-15482-14.wav	อยู่ด้วยกันจะท่องเที่ยวจะฝึกอาชีพอยู่ในเมืองไทย
15-15482-79.wav	จะเรียกตัวคนที่รู้จักนางสาวแอน
15-15482-80.wav	อืมเพราะว่าคนร้ายเขามาตามหานางสาวแอนใช่ไหม
15-15482-82.wav	นางสาวแอนกับกลุ่มคนร้ายเคยมีเรื่องมีราวอะไรกันมาก่อนหรือเปล่า
15-15483-22.wav	นายสุชาติชิดชอบอายุ56ปีชาวบ้านที่อาศัยอยู่ริมแม่น้ำหลังวัดไลย์ค่ะ
15-15485-4.wav	จากจังหวัดพระนครศรีอยุธยา
15-15486-36.wav	ถ้ายังอยากอยู่ในตำแหน่งนายยกอีก2ปี
15-15487-26.wav	ไปตรวจสอบที่จังหวัดตากหน่อยคุณ
15-15488-185.wav	บอกว่าตอนนี้ยังไม่ได้คุยกับนายพิทยา
15-15488-192.wav	ว่าอยู่กับตัวนายพิทยาที่เป็นนายหน้า
15-15488-197.wav	นายพิทยาถามว่าเป็นนายหน้าให้กับนางอนงค์จริงไหม
15-15488-235.wav	เหมือนกันแค่คำว่านครค่ะคนละจังหวัดกันเลยอ่ะ
15-15488-249.wav	มารู้เรื่องจากนายหน้าแน่นอนคนเดิมค่ะนายพิทยานี่แหละ
15-15488-46.wav	โอ้โหทหารนายนี้บอกว่ากู้ซื้อบ้านจากโครงการของนางอนงค์
15-15488-47.wav	ตามคำแนะนำของนายพิทยาที่บอกว่าเป็นนายหน้าให้กับคนร้ายแล้วก็ถูกยิงไปด้วย
15-15488-51.wav	นายทหารชั้นผู้น้อยนายนี้อ่ะซื้อก็ได้ตัดสินใจซื้อ
15-15488-55.wav	ก็ได้เงินทอนมาสองแสนบาท ทหารนายนี้บอกว่าผมก็ได้มาแบบงงๆ
15-15488-65.wav	เอ้าทหารนายนี้ก็เลยบอกว่าก็ไม่รู้จะทำยังไง
15-15488-85.wav	นายทหารชั้นผู้น้อยนายนี้ก็บอกว่าก็ไม่ได้เห็นด้วยนะคะ
15-15488-93.wav	ไปคุยกับนายประสิทธิ์โคกขุนทศคนนี้เป็นช่างก่อสร้าง
15-15490-10.wav	แต่กล้องไม่สามารถใช้การได้ซึ่งนางสาวอธิชาเล่าว่า
15-15490-35.wav	รุ่งขึ้นเธอจึงเดินทางไปแจ้งความกับพนักงานสอบสวน สน.หนองแขม
15-15491-13.wav	ที่ตำรวจนครบาลบางรักยึดได้จากนายพิเชษฐ์
15-15491-15.wav	หลังตำรวจสืบทราบว่านายพิเชษฐ์
15-15491-28.wav	นายพิเชษฐ์ ให้การรับสารภาพบอกว่า
15-15493-4.wav	ได้มีการจับกุมตัวนายบุญเรืองนายอุทัยนายชิงชัยนางสาวอิงอรนางตุ่น
15-15493-5.wav	แล้วก็นางสาวสิริรัตน์6ผู้ต้องหาทั้งชายและหญิงนะคะ
15-15494-124.wav	เบื้องต้นครับตำรวจก็ต้องแจ้งข้อกล่าวหากับนายสมพงศ์
15-15494-24.wav	คุณผู้ชมฮะเหตุการณ์นี้นะฮะตำรวจควบคุมตัวนายสมพงศ์ชุ่มเพ็งพันธ์อายุ74แล้วนะฮะ
15-15494-26.wav	คือเขาใช้อาวุธปืนลูกซองสั้นแบบไทยประดิษฐ์ยิงใส่นายอุทัยวัลลาราช
15-15494-63.wav	เห็นนายสมพงศ์เนี่ยนั่งวินมอเตอร์ไซค์มา
15-15495-15.wav	ซึ่งนางสาวปนัดดากล่าวว่าเคยรับเป็นพรีเซนเตอร์ให้กับคอนโดมิเนียมดังกล่าว
15-15495-23.wav	โดยคอนโดมิเนียมดังกล่าวยังอ้างชื่อของนางสาวปนัดดา
15-15495-7.wav	โดยนางสาวปนัดดาวงศ์ผู้ดีประธานองค์กรทำดี
15-15498-2.wav	ก็นายสันติโหลทองนะครับ
15-15502-30.wav	ไม่งั้นเดี๋ยวเราจะไปศาลากลางจังหวัด
15-15503-95.wav	คือวันนี้ครอบครัวคุณสมศักดิ์ก็มาจากจังหวัดพิษณุโลกนะคะ
15-15504-0.wav	ไปดูเหตุที่หนุ่มนักธุรกิจคนหนึ่งนะคะขี่เจ็ตสกียกปืนเนี่ยไปขู่ไล่ยิงชาวบ้านซึ่งเป็นชาวประมงพื้นบ้านกำลังเก็บลูกหอยอยู่ในกลางทะเลที่จังหวัดสุราษฎร์ธานีค่ะ
15-15504-10.wav	บริเวณชายฝั่งอ่าวทะเลบ้านดอนอำเภอพุนพินจังหวัดสุราษฎร์ธานี
15-15504-17.wav	โดยก่อนที่จะเลี้ยงหอยแครง ได้ทำข้อตกลงเป็นลายลักษณ์อักษรกับทางประมงจังหวัดไว้แล้ว
15-15504-24.wav	ส่วนที่ศาลากลางจังหวัดสุราษฎร์ธานีมีผู้ประกอบการเพาะเลี้ยงชายฝั่งทะเลราว100คน
15-15504-25.wav	ไปขอความเป็นธรรมให้กับนายสันติพร้อมเรียกร้องให้ชาวบ้านหยุดเก็บหอยแครงในพื้นที่ที่ลงเลี้ยงไว้
15-15505-3.wav	ชาวจังหวัดเชียงใหม่วัย95ปีเสียชีวิตแล้วด้วยโรคชราค่ะ
15-15507-17.wav	ชาวบ้านญาติของผู้ตายมารุมประชาทัณฑ์จนนายธนกรได้รับบาดเจ็บ
15-15507-22.wav	หมู่บ้านแห่งหนึ่งในพื้นที่ตำบลเดียวกันนั่นแหละค่ะนายธนกรคนนี้
15-15507-28.wav	นายธนกรนิดเดียวอืมธนกรไม่พอใจค่ะขับกระบะไล่ชนน้องทั้งสองคน
15-15507-37.wav	หลังเกิดเหตุตำรวจเนี่ยตามไปอายัดตัวคนก่อเหตุก็คือนายธนกร
15-15507-3.wav	ที่อําเภอสังขะจังหวัดสุรินทร์แล้วน้องก็เสียชีวิตนะครับคุณผู้ชม
15-15507-40.wav	เบื้องต้นผู้ต้องหานายธนกรรับสารภาพบอกว่าตั้งใจ
15-15507-4.wav	ก็คือถนนใกล้หมู่บ้านตาแตรวตำบลตาตุมอำเภอสังขะจังหวัดสุรินทร์นะคะ
15-15508-0.wav	พาคุณผู้ชมไปที่อำเภอป่าซางจังหวัดลำพูนนะคะมีประชาชนเข้าไปแจ้งเจ้าหน้าที่บอกว่า
15-15508-12.wav	ชาวจังหวัดกาญจนบุรีค่ะที่เขาถูกจับกุมตัวเนี่ย
15-15508-13.wav	เพราะว่าตำรวจสภ.ป่าซางจังหวัดลำพูนควบคุมตัวได้พร้อมของกลาง
15-15508-20.wav	จับกุมตัวเขาได้บริเวณลานจอดรถ หน้าที่ว่าการอำเภอป่าซาง จังหวัดลำพูน
15-15508-31.wav	ผู้บังคับการตำรวจภูธรจังหวัดเชียงใหม่ด้วย
15-15508-43.wav	สามารถเดินทางเข้าให้การกับตำรวจสภ.ป่าซางได้
15-15511-0.wav	เมื่อวานนี้นะคะทหารและตำรวจในพื้นที่จังหวัดกระบี่ไปจับกุมตัวชายได้16คน
15-15511-11.wav	เพื่อให้ดำเนินการตัดผลผลิตปาล์มน้ำมันในพื้นที่ให้กับบริษัทสหอุตสาหกรรมน้ำมันปาล์มจังหวัดในพื้นจำกัดในพื้นที่นะคะ
15-15511-7.wav	ผู้ต้องหานะคะก็คือนายเชษฐาแก้วอินทร์เป็นอดีตพลอาสาสมัครสังกัดมณฑลทหารบกที่43
15-15512-20.wav	เจ้าหน้าที่กู้ภัยได้รับแจ้งจากนางรดาวัลย์คำเพ็งหรือว่าครูเล็ก
15-15512-24.wav	เจ้าหน้าที่เดินทางไปถึงพบงูเหลือมตัวใหญ่
15-15513-10.wav	จะมีการขนยาบ้าทางจังหวัดทางภาคอีสานนะครับ
15-15513-21.wav	จากชายแดนภาคอีสานมาส่งที่จังหวัดสระบุรี
15-15513-27.wav	ผู้บังคับการตำรวจภูธรจังหวัดสระบุรีนะครับ
15-15513-6.wav	ที่จังหวัดสระบุรีแล้วก็ถูกจับตัวได้นะฮะ
15-15513-7.wav	ก่อนหน้านี้ตำรวจภูธรจังหวัดสระบุรี
15-15516-81.wav	แล้วถ้าสอบสวนช้าเดี๋ยวนายมาตรวจสำนวนค้างเครียดต่อไปอีก
15-15517-12.wav	เหตุการณ์นี้เกิดขึ้นที่จังหวัดอุทัยธานีนะคะ
15-15517-45.wav	นายสโมสรเป็นลูกชายคนโตแล้วก็เป็นพ่อของคนก่อเหตุ
15-15518-21.wav	ในจังหวัดพระนครศรีอยุธยา
15-15518-53.wav	ไม่ใช่แค่ตรงที่จังหวัดพระนครศรีอยุธยานะ
15-15519-11.wav	สุดท้ายคนที่รับสารภาพว่าเป็นคนฆ่านายแหวนคำพรมมี
15-15519-13.wav	ซึ่งเป็นพี่เขยของนายแหวนผู้เสียชีวิต
15-15519-1.wav	คดีที่นายแหวนคำพรมมีอายุ52ปีนะครับ
15-15519-34.wav	เจอจริงๆว่านายแหวนเนี่ยเป็นคนทุบทุบไฟรถไถของเขา
15-15519-37.wav	แล้วก็ตัวของผู้ตายคือนายแหวนเขาด่าค่ะเขาด่าผู้ต้องหา
15-15519-4.wav	เมื่อวานนี้พนักงานสอบสวนสภ.เนินมะปรางจังหวัดพิษณุโลก
15-15519-51.wav	เตรียมส่งตัวไปฝากขังต่อศาลจังหวัดพิษณุโลกในวันพรุ่งนี้
15-15519-8.wav	นะครับก็มีคราบเลือดตกอยู่ใกล้กับหลุมศพของนายแหวนผู้เสียชีวิตนะฮ่ะ
15-15520-27.wav	หน้าบริษัทกรุงเทพเหล็กกล้าบนถนนเทพารักษ์นะคะในจังหวัดสมุทรปราการค่ะ
15-15521-16.wav	ดังนั้นก็ประกาศเตือนประชาชนใน9จังหวัดต้องระวังเรื่องฝนตกหนัก
15-15521-19.wav	ถ้าเกิดว่าเป็นภาคใต้ฝั่งอ่าวไทยเนี่ย6จังหวัดที่เตือนกันนะคะ
15-15521-21.wav	ส่วนภาคใต้ฝั่งอันดามันเนี่ย3จังหวัดกระบี่ตรังสตูลนะคะ
15-15522-12.wav	แล้วก็ขยายผลไปจับนายชลวิทย์คีตะตระกูลอายุ49ปีค่ะ
15-15522-8.wav	ภาพหรูที่เออภาพที่โดนจับที่หมู่บ้านหรูเมื่อคืนที่ผ่านมาคนนี้คือนายชลวิทย์
15-15526-17.wav	และประสงค์ขอเดินทางไปเองโดยโรงพยาบาลพระราม2
15-15526-72.wav	ทีนี้ไปฟังเสียงของแท็กซี่ที่รับนางช่อลัดดา
15-15526-84.wav	นายสงัดก็ยืนยันว่านางสาวช่อลัดดามีสติดี
15-15526-94.wav	แล้วก็ถามนางสาวช่อลัดดาบอกว่าไหวหรือเปล่า
15-15528-172.wav	รองผู้บังคับการตำรวจภูธรจังหวัดสุพรรณบุรีนะฮะ
15-15528-76.wav	ไปติดตามความคืบหน้าทางคดีอีกครั้งที่สภ.เมืองจังหวัดสุพรรณบุรี
15-15529-153.wav	ส่วนแม่ของนายอาแม่ของผู้ก่อเหตุเนี่ยนะ
15-15529-30.wav	ส่วนคนขับรถชื่อนายอาเปิดประตูลงมาถืออะไรบางอย่างมาด้วยครับ
15-15529-40.wav	ยิงคนมานะแต่เห็นว่ารถกลุ่มนายอาขับมาด้วยความเร็ว
15-15530-17.wav	ยังไงให้รอฟังข้อมูลจากตำรวจก็เพียงทางเดียวก็พอนะคะส่วนทางด้านผู้บังคับการตำรวจภูธรจังหวัดลพบุรีเนี่ย
15-15530-43.wav	ก็คือนายธีรฉัตรนิ่มมารปภ.ห้างโรบินสัน
15-15530-48.wav	รายงานสดจากวัดบ่อเงินเจริญสุขจังหวัดลพบุรีนะคะ
15-15530-65.wav	ที่รู้จักมักคุ้นกับนายธีรฉัตรได้มาร่วมงานเป็นจำนวนมากครับ
15-15530-68.wav	ได้เดินทางมาร่วมไว้อาลัยเป็นครั้งสุดท้าย
15-15530-69.wav	เนื่องจากว่านายธีรฉัตรนั้นเป็นที่รักของทุกๆคนเป็นคนที่รักครอบครัวครับ
15-15530-77.wav	ได้เดินทางมาร่วมงานแล้วก็บอกว่ายังคงทำใจไม่ได้
15-15530-8.wav	วันนี้พลตำรวจตรีณัฐพลศุกระศรผู้บังคับการตำรวจภูธรจังหวัดลพบุรี
15-15532-121.wav	บ้านอยู่ตำบลบ้านป่าอำเภอแก่งคอยจังหวัดสระบุรี
15-15532-126.wav	แล้วก็ไปเรียนอยู่อำเภอเมืองจังหวัดนครราชสีมา
15-15532-228.wav	ตำรวจเนี่ยเชิญไปให้ข้อมูลอยู่เหมือนกันได้เจอผู้ช่วยของนายสถานีรถไฟแก่งคอย
15-15532-229.wav	ในฐานะผู้บังคับบัญชาของนายดํารงค์บอกว่านายดํารงค์กับคุณยายพักอาศัยด้วยกันที่นี่
15-15532-231.wav	เพราะว่าคุณยายเนี่ยไปอยู่กับหลานที่โคราชคนที่ทำงานที่นี่กับแฟนของนายดํารงค์จะรู้จักคุ้นเคยกันดี
15-15532-233.wav	ตอนนี้ตำรวจได้เชิญนายดํารงค์ไปให้ข้อมูลแล้วแล้วก็พาไปดูห้องพักที่โคราชด้วย
15-15532-236.wav	ที่อำเภอเดิมบางนางบวชจังหวัดสุพรรณบุรีค่ะ
15-15532-251.wav	เพราะว่ามีเบาะแสจากชาวบ้านในเขตเทศบาลเดิมบางนางบวชบอกว่ามันมีถังขยะหายไปใบหนึ่งครับ
15-15532-312.wav	แล้วไปพบเป็นศพถูกฆ่ายัดถังถังถูกทิ้งอยู่ที่อำเภอเดิมบางนางบวช
15-15532-313.wav	จังหวัดสุพรรณบุรีระยะทางจากโคราชมาเดิมบางนางบวช
15-15532-316.wav	แล้วจะมีแค่สองคนนี้ไหมแล้วถ้าเกิดว่าเป็นถังที่เดิมบางนางบวชที่หายไป
15-15532-318.wav	ระหว่างนั้นอาจจะห่อผ้ามาหรือยังไรแล้วมาหาถังแถวเดิมบางนางบวช
15-15532-36.wav	ห่างออกไปจากจุดนี้กว่า270กิโลก็คือที่อำเภอเดิมบางนางบวช
15-15532-38.wav	ในพื้นที่ชายเขาที่ตำบลเขาพระอำเภอเดิมบางนางบวชจังหวัดสุพรรณบุรี
15-15532-39.wav	ประเด็นคือคนละจังหวัดกันเลยนะใช่ไหม
15-15532-54.wav	ก็พบว่าตามภูมิลำเนาของคุณยายที่อยู่ที่อำเภอแก่งคอยจังหวัดสระบุรีค่ะ
15-15532-59.wav	พอคุณยายหายตัวไปหลานสาวหนีไปกับแฟนไปอำเภอแม่สอดจังหวัดตาก
15-15532-63.wav	บ่ายวันนี้ตำรวจภูธรจังหวัดตากตั้งจุดตรวจความมั่นคงอยู่ตรงจุดตรวจบ้าน
15-15532-64.wav	ห้วยยะอุอำเภอแม่สอดจังหวัดตาก
15-15532-77.wav	ผู้ชายคือนายปฏิพลอายุ23ปีชาวอำเภอแม่สอด
15-15532-78.wav	ผู้หญิงคือนางสาวอรอนงค์อายุเพิ่ง18
15-15532-82.wav	ตำรวจนำตัวทั้งสองคนนี้ควบคุมตัวมานะคะเดินทางมา
15-15532-86.wav	ผู้บังคับการตำรวจภูธรจังหวัดสุพรรณบุรีก็เลยบอกว่า
15-15532-92.wav	ทีนี้ชุดสืบสวนของสภ.เดิมบางนางบวช
15-15532-96.wav	ไปสภ.เดิมบางนางบวช แถลงข่าวคดีนี้ครับ
15-15534-16.wav	อำเภอคลองหลวงจังหวัดปทุมธานี
15-15534-17.wav	หลังจากที่สอบปากคำเสร็จสิ้นปุ๊บก็นำตัวนายปรัชญาเนี่ย 
15-15534-18.wav	ไปส่งฟ้องต่อศาลจังหวัดธัญบุรี
15-15534-19.wav	โดยมีคุณพ่อของนายปรัชญาก็คือนายประเทืองหวังเลี้ยงกลาง
15-15534-44.wav	ลักษณะการขับของนายปรัชญาคือสายไปสายมา
15-15534-46.wav	เขาก็เลยมีการตั้งข้อสังเกตว่าเอ๊ะนายปรัชญาดื่มแอลกอฮอล์ด้วยหรือเปล่า
15-15534-47.wav	ตำรวจเขาก็เลยไปตรวจวัดปริมาณแอลกอฮอล์ในตัวของนายปรัชญา
15-15534-49.wav	แปลว่านายปรัชญาไม่ได้ดื่มมานะ
15-15534-54.wav	ซึ่งล่าสุดเนี่ยตำรวจบอกว่าได้ส่งตัวนายปรัชญา
15-15536-18.wav	คนขับรถใหญ่ก็คือนายสนั่นเจริญชื่น
15-15536-26.wav	ส่วนคนขับรถเก๋งคือนายกิตติทัศน์คงคาลัย24ปีนะฮ่ะ
15-15536-7.wav	ทางตำรวจของสภ.บางปะกงจังหวัดฉะเชิงเทรา
15-15538-0.wav	เรื่องของการจับกุมขบวนการค้ายาเสพติดไปที่จังหวัดเชียงใหม่คุณผู้ชม
15-15538-22.wav	ถูกตำรวจภูธรแม่อายจังหวัดเชียงใหม่และตำรวจตระเวนชายแดน33
15-15538-5.wav	นายศักดิ์ชัยทองศรีแก้วอายุ31ปีพร้อมกับพวกรวม3คน
15-15539-8.wav	มหาวิทยาลัยบูรพาจังหวัดชลบุรี
15-15540-24.wav	จังหวัดกาญจนบุรีด้วยตัวเองเลยนะคะ
15-15540-40.wav	นะครับนายสุชพงศ์บุญเสริมทนายความครูปรีชา
15-15540-68.wav	ทนายษิทราก็เปิดเผยรายละเอียดเกี่ยวกับหลักฐานที่สงสัยว่าเป็นเท็จ
15-15542-13.wav	ตําบลนอกเมืองอําเภอเมืองจังหวัดสุรินทร์นะครับค่ะ
15-15542-21.wav	ขายยางปัดน้ำฝนนี้ชาวจังหวัดชัยภูมิ
15-15542-22.wav	บอกว่าตัวเองและภรรยาเดินทางมาจากจังหวัดชัยภูมิเลยนะ
15-15542-24.wav	ให้กับลูกค้าที่ขับรถยนต์ผ่านไปผ่านมาที่จังหวัดสุรินทร์
15-15544-31.wav	ทนายเดชาจะไปยื่นหนังสืออีกหนึ่งฉบับให้กับนายสมศักดิ์เทพสุทิน
15-15544-52.wav	เนื่องจากมีญาติของผู้ต้องหาบางคนบนเรือเป็นญาติกับนายตำรวจชั้นผู้ใหญ่
15-15545-114.wav	พวกผมยืนยันนะว่าอยู่ๆเนี่ยนายตำรวจคนเนี่ยนายเนี่ย
15-15545-22.wav	แล้วนายตำรวจนายเนี่ยค่ะเขานั่งดื่มกันอยู่กับเพื่อนชายหญิงอยู่3คน
15-15545-23.wav	อยู่ในร้านจู่ๆตำรวจนายนี้เดินไปที่รถ
15-15545-60.wav	ตำรวจนายนี้ก็ชี้แจงนะว่าตอนนั้นน่ะ
15-15546-119.wav	แล้วก็จากจังหวัดต่างๆประมาณ2000คนเข้าร่วมงาน
15-15546-189.wav	เดินทางไปขอศาลอาญากรุงเทพใต้นะฮะ
15-15546-197.wav	พำนักอยู่ที่วัดพระสิงห์วรมหาวิหารจังหวัดเชียงราย
15-15546-82.wav	ที่พื้นที่อ่างกาน้อยดอยอินทนนท์จังหวัดเชียงใหม่นะคะ
15-15548-14.wav	แต่ว่างานนี้บอกเลยว่าชาวบ้านเนี่ยเขาก็ยังคงเดินทางไปกันที่วัดทับกระดาน
15-15548-15.wav	อำเภอสองพี่น้องจังหวัดสุพรรณบุรีกันเยอะมากไม่ขาดสายเลยคือ
15-15548-16.wav	ไปกันหลายวันแล้วนะก่อนที่จะถึงวันที่13วันนี้ก็เดินทางกันไปนะคะ
15-15548-20.wav	แต่คุณผู้ชมดูบรรยากาศเนาะก็ยังมีแฟนเพลงเดินทางกันมาอย่างต่อเนื่องเลยนะคะ
15-15548-23.wav	ล้างมือด้วยเจลแอลกอฮอล์แล้วก็สวมใส่หน้ากากอนามัยตลอดเวลาที่เดินทางมาที่วัดนะ
15-15548-24.wav	หลายๆคนที่เดินทางก็ให้ความร่วมมือดีมากเลยนะคะ
15-15548-3.wav	ยังคงเดินทางไปรำลึกถึงแม่ผึ้งกันมากมายจริงนะคุณผู้ชม
15-15551-32.wav	แล้วเป็นจังหวะที่รถมอเตอร์ไซค์ของตัวนายกิตติศักดิ์นะล้ม
15-15551-33.wav	พอล้มปั๊บนายกิตติศักดิ์ก็ยังวิ่งหนี
15-15551-8.wav	ก็พยายามหนีพ่อค้ายาที่ว่าคือนายกิตติศักดิ์จันทศรอายุ37ปีค่ะ
15-15553-5.wav	โอ้โหขนาดตำรวจท่องเที่ยวนะครับ
15-15553-8.wav	ตำรวจท่องเที่ยวด้วยตำรวจท่องที่ท้องที่ด้วย
15-15555-16.wav	มีนายคณินครูพักสกุลวัย26ปี
15-15555-17.wav	เพื่อนรุ่นพี่ของนายปัญญาพลผู้บาดเจ็บ
15-15555-18.wav	ไปมีปากเสียงกับนายแสนชัยจันดีวัย59ปี
15-15555-20.wav	สุดท้ายทะเลาะกันนายคณินวัย26ปี
15-15555-21.wav	ก็ชกเข้าไปที่ใบหน้าของนายแสนชัยหนึ่งครั้งจนบาดเจ็บ
15-15555-23.wav	เวลาต่อมานายคณินมามอบตัวค่ะแล้วก็สารภาพบอกว่า
15-15555-26.wav	แต่เขาอะเป็นคนที่มาเยี่ยมนายปัญญาพลที่ไปมีเรื่องแล้วก็บาดเจ็บมา
15-15555-27.wav	แล้วมาเจอนายแสนชัยญาติของนายปัญญาพล
15-15555-29.wav	พนักงานสอบสวนก็แจ้งข้อกล่าวหานายคณินนะคะว่าทำร้ายร่างกายผู้อื่น
15-15555-9.wav	โรงพยาบาลเริงนกทาจังหวัดยโสธรในคืนวันอาทิตย์
15-15557-144.wav	คือตำรวจบอกว่าประเด็นแรกที่มีพิรุธของนายเก่งก็คือ
15-15557-1.wav	เรื่องของหมอปอเเจ้าพนักงานทันตสาธารณสุขที่จังหวัดชุมพร
15-15557-33.wav	นายรณชัยปานชาติหรือเก่งนะคะอายุ26ปี
15-15557-34.wav	เจ้าหน้าที่การไฟฟ้าส่วนภูมิภาคอำเภอหลังสวนจังหวัดชุมพร
15-15557-39.wav	อำเภอปะทิวจังหวัดชุมพร
15-15557-41.wav	ยิงหมอปอนางสาวนนทิยาครัวจัตุรัสอายุ25ปี
15-15558-16.wav	ตำบลบ้านต้อนอำเภอรัตนวาปีจังหวัดหนองคาย
15-15558-4.wav	ที่สำคัญที่สุดครับชาวบ้านในจังหวัดสกลนครนะครับ
15-15558-6.wav	ที่จะเข้าท่วมในพื้นที่เกษตรของชาวบ้านในจังหวัดสกลนคร
15-15558-70.wav	ยังต้องรับน้ำในเขตพื้นที่จังหวัดนครนายก
15-15558-8.wav	ที่ไหลผ่านจังหวัดหนองคายเริ่มลดลงอย่างต่อเนื่อง
15-15559-7.wav	เป็นอดีตส.ส.จังหวัดแพร่ของพรรคไทยรักไทยนะฮะ
15-15562-42.wav	อือเป็นสับปะรดขึ้นชื่อของจังหวัดตราดค่ะเขานะครับ
15-15562-4.wav	นี่แบบนี้นะครับเป็นเสน่ห์ของที่จังหวัดตราดเขา
15-15562-6.wav	ขออภัยครับหน้าศาลากลางอืมจังหวัดตราดนะครับ
15-15563-63.wav	ต้องเป็นแรงงานของคน3จังหวัดภาคใต้เท่านั้น
15-15564-72.wav	โอ้โหแต่ขับข้ามจังหวัดมาแบบนี้นะคุณนะ
15-15565-18.wav	แม้ว่าผลที่ออกมาจะไม่เป็นไปอย่างที่นายแคเมรอนหวัง
15-15565-9.wav	แต่คงไม่มีใครปวดใจไปเท่ากับนายเดวิดแคเมรอนนายกรัฐมนตรีนะครับ
15-15568-11.wav	จังหวัดสงขลานี่นะฮะ ธอบอกถูกบีบคอด้วยถูกผลักด้วย
15-15568-15.wav	อายุ29ปีบ้านอยู่ที่ตำบลท่าชะม่วงอำเภอรัตภูมิจังหวัดสงขลานะครับ
15-15568-2.wav	แต่เธอบอกว่าถูกอดีตสามีเนี่ยตามมาทำร้ายถึงในโรงพยาบาลรัฐภูมิที่จังหวัดสงขลานะครับ
15-15570-17.wav	ตำบลหลุบอำเภอเมืองจังหวัดกาฬสินธุ์
15-15570-26.wav	ส่วนที่วัดดงกระยอมอุดมคุณตำบลห้วยโพธิ์ญาติของนางเรียนทานวาแววหนึ่งในผู้เสียชีวิตจากอุบัติเหตุในครั้งนี้
15-15570-29.wav	นายวิรุณตะกล้องผู้เสียชีวิตรายสุดท้ายที่มีการทำพิธีฌาปนกิจนะคะ
15-15570-30.wav	ผู้ว่าราชการจังหวัดกาฬสินธุ์นายไกรสรกองฉลาดเป็นประธานในพิธีทั้งสองงาน
15-15570-32.wav	ลูกสาวของนางเรียนผู้เสียชีวิตเนี่ยเป็นหนึ่งในผู้รอดชีวิตจากอุบัติเหตุในครั้งนี้นะคะ
15-15570-34.wav	ครอบครัวเนี่ยเดินทางไปเที่ยวกับรถทัวร์คันนี้3คนอืม
15-15570-46.wav	อำเภอวังน้ำเขียวจังหวัดนครราชสีมา
15-15570-58.wav	ภูธรจังหวัดนครราชสีมาในฐานะหัวหน้าพนักงานสอบสวน
15-15570-62.wav	โดยสภ.อุดมทรัพย์คุมตัวนายกฤษณะจุธาชื่นอายุ44ปีคนขับรถทัวร์
15-15570-68.wav	พนักงานสอบสวนก็จะเบิกตัวนายกฤษณะมาสอบสวนเพิ่มเติม
15-15570-8.wav	ในพื้นที่จังหวัดกาฬสินธุ์ก็เป็นเหมือนญาติกันอยู่
15-15572-8.wav	ช่วงเช้าค่ะคุณเศรษฐาทวีสินนะคะนายกรัฐมนตรีเดินทางเข้าไปปฏิบัติภารกิจนะคะ
15-15572-96.wav	เดิมเนี่ยมีชื่อนายชูศักดิ์ศิรินิลนั่งเป็นรองนายก
15-15573-0.wav	เอาละครับคุณผู้ชมอีกหนึ่งเรื่องราวเกิดขึ้นที่จังหวัดอ่างทองนะครับ
15-15573-5.wav	ทั้งของคาวของหวานน้ำดื่มซึ่งเจ้าภาพของงานก็คือนายชัยสุวพันธ์นายกเทศมนตรีเมืองอ่างทอง
15-15573-8.wav	ถนนอ่างทอง-สิงห์บุรีตำบลย่านซื่ออำเภอเมืองจังหวัดอ่างทองค่ะ
15-15575-21.wav	ส่วนที่สวนนงนุชพัทยาจังหวัดชลบุรีนะคะ
15-15575-31.wav	ส่วนที่วังช้างแลพะเนียดจังหวัดพระนครศรีอยุธยานะครับ
15-15575-6.wav	นี่ฮะไปที่ปางช้างแม่แตงจังหวัดเชียงใหม่นะครับ
15-15576-74.wav	เป็นคน3จังหวัดชายแดนใต้
15-15577-60.wav	อยู่ที่อำเภอเขาสมิงจังหวัดตราดนั่นเองจิ้มจุ่มร้านเนี้ยเขาใช้เนื้อปลากดคัง
15-15578-13.wav	ก็เลยทำให้นายเอแล้วก็เพื่อนอีก2คนอาการบาดเจ็บสาหัสเลยค่ะครับ
15-15578-58.wav	เนี่ยเขาก็บอกว่าจะเดินทางไปร้องขอความเป็นธรรม
15-15579-12.wav	โอ้โหตอนนั้นรู้สึกคุณกอบกาญจน์วัฒนวรางกูรเป็นรัฐมนตรีท่องเที่ยวและกีฬา
15-15579-21.wav	ซินแสโชกุนหรือว่านางสาวพสิษฐ์
15-15579-45.wav	อย่างนางสาวทัศน์ดาวสมัครกสิกรอายุ36ปี
15-15579-48.wav	นางพารินทรหงฮิรันดักกอร์นะครับ
15-15579-65.wav	บอกว่าจะเดินทางแล้วก็ไปเที่ยวนู่นเที่ยวนี่ก็ไม่ได้ไปไหนเลยนะครับ
15-15580-13.wav	โดยทางจังหวัดค่ะได้จัดพิธีเชิญคณะสงฆ์จากคณะภาค6
15-15580-2.wav	ซึ่งชาวจังหวัดเชียงรายได้ร่วมกันเป็นสักขีพยาน
15-15580-43.wav	โดยเชื่อว่าจากนี้จะมีประชาชนเดินทาง
15-15581-43.wav	ภาพจากวงจรปิดเห็นเลยมอเตอร์ไซคันนี้เลยตำรวจก็เลยตามแกะรอยในจังหวัดสระแก้ว
15-15581-44.wav	จนนำมาซึ่งการจับกุมนายบุญเยี่ยมได้พร้อมของกลางเป็นบัตรสวัสดิการแห่งรัฐของตายาย
15-15581-46.wav	ที่สภ.ปางสีดาในข้อหาวิ่งราวทรัพย์และมีหมายจับคดีคู่ตารงค์รงกับยายลำดวนที่สภ.ท่าตะเกียบจังหวัดฉะเชิงเทรา
15-15581-47.wav	แล้วก็ยังมีหมายจับที่โคราชด้วยนะคุณผู้ชมรวมไปถึงสุรินทร์ด้วยโอ้โหหลายจังหวัดเลย
15-15582-61.wav	จากการสอบถามเนี่ยนะคะเขาก็เล่าว่ารับสินค้ามาจากจังหวัดชลบุรี
15-15582-62.wav	ขนส่งไปที่จังหวัดสมุทรปราการพอไปถึงจุดเกิดเหตุ
15-15583-63.wav	ขายที่จังหวัดสุพรรณบุรีเองเลยนะคะซึ่งลงไปเพียงไม่ถึงชั่วโมง
15-15585-23.wav	ที่บอกว่าลูกศรแดงคือนายอุดมผู้ก่อเหตุอะ
15-15585-24.wav	แล้วอีกฝั่งหนึ่งลูกศรเขียวคือนายอนุกูลผู้ตายเนี่ย
15-15585-26.wav	ซึ่งฝั่งนายอุดมฝั่งผู้ก่อเหตุเนี่ยนะคะ
15-15585-28.wav	นี่มาหาฝั่งลูกศรเออลูกศรเขียวคือนายอนุกูลค่ะ
15-15585-29.wav	อายุ54ปีคุยกับลูกสาวของนายอนุกูลเนี่ยนะ
15-15585-41.wav	คือนายอนุกูลเอากิ่งไม้เอากิ่งมะพร้าวไปสุมไฟเผา
15-15585-45.wav	นี่คุยกับลูกของนายอนุกูลผู้ตายอ่ะนะคะตำรวจอ่ะสอบปากคำมือยิงนะ
15-15588-13.wav	ผู้เสียชีวิตคือนายสุดแดนขอพักกลางอายุ48ปี
15-15588-16.wav	ตำรวจสอบปากคำนางสาวมาริสาโม้ลายอายุ26ปี
15-15588-42.wav	ว่าใช้มีดทำร้ายนายสุดแดน
15-15589-37.wav	แล้วก็เดินทางเข้าสู่วงการนี้เหมือนกันก็คือ
15-15591-15.wav	เดินทางก็ลำบากมากแล้วคอยระวังอยู่เรื่อยนะฮะบางทีก็กลับไปบ้านนี่
15-15591-37.wav	และลำดับที่3คืออำเภอกระทุ่มแบนจังหวัดสมุทรสาคร
15-15593-35.wav	นนทบุรีแล้วหลายจังหวัดที่เจอปัญหาแบบเดียวกัน
15-15593-36.wav	นายกรัฐมนตรีก็เลยสั่งให้10จังหวัดรับมือน้ำล้นตลิ่ง
15-15594-25.wav	นายกองค์การบริหารส่วนจังหวัดอ่างทอง
15-15594-26.wav	นายสุรเชษฐ์นิ่มกุลเนี่ยเขาก็บอกเหมือนกันว่า
15-15594-38.wav	สองก็จะเป็นกู้ภัยของจังหวัดแล้วค่ะ
15-15594-42.wav	ทางสาธารณสุขจังหวัดเพราะว่ามีแผนดำเนินการเอาไว้ก่อนแล้ว
15-15594-74.wav	มีการฉีดไปแล้วทั้งหมด369882โดสใน77จังหวัดนะคะ
15-15597-0.wav	มีเรื่องราววุ่นวายเกิดขึ้นที่วัดแห่งหนึ่งในพื้นที่อำเภอบ้านนาจังหวัดนครนายกนะครับ
15-15597-13.wav	นางบุญถิ่นม่วงแพเผยว่าวัดนี้มีอายุประมาณ80ปี
15-15597-20.wav	จึงรีบเดินทางมาที่วัดก็พบว่าเจดีย์มีสภาพเช่นที่ชาวบ้านบอก
15-15597-36.wav	ขณะที่นายสมรคงเจริญสุข
15-15597-7.wav	กระจัดกระจายอยู่ในป่าช้าวัดเกาะพิกุลศรีโสภณจังหวัดนครนายก
15-15599-0.wav	ที่จังหวัดแพร่รถอ้ารถกระบะคันหนึ่ง
15-15599-21.wav	ตำบลในเวียงอำเภอเมืองจังหวัดแพร่
15-15599-26.wav	ต่อมาญาติของคนเจ็บก็เดินทางไปยังโรงพยาบาล
15-15600-19.wav	ชาวบ้านบ้านบัวครับอำเภอเมืองจังหวัดบุรีรัมย์
15-15602-62.wav	ท่านเป็นนายแพทย์สาธารณสุขจังหวัดภูเก็ต
15-15602-78.wav	ส่วนผู้ที่เดินทางมาด้วยกันประมาณ13-14คน
15-15603-0.wav	ระทึกที่เกิดขึ้นเมื่อวานนี้ที่ท่าอากาศยานแม่ฟ้าหลวงจังหวัดเชียงรายนะคะ
15-15603-18.wav	ต่อมาทางสายการบินเนี่ยได้มีการแจ้งให้ผู้โดยสารเดินทาง
15-15603-20.wav	ส่วนที่ประสงค์จะเดินทางก่อนก็ให้ซื้อตัวกับสายการบินอื่นแทน
15-15603-7.wav	เป็นเหตุการณ์เกิดขึ้นที่ท่าอากาศยานแม่ฟ้าหลวงจังหวัดเชียงราย
15-15604-21.wav	โดยทนายไพศาลพร้อมด้วยนายฮาซันรักหอมอายุ27ปีเนี่ย
15-15604-28.wav	เดินทางมาสถานีตำรวจภูธรสำโรงเหนือนะครับ
15-15606-33.wav	ซึ่งทางด้านของผู้บังคับการตำรวจภูธรจังหวัดสระแก้ว
15-15606-35.wav	จังหวัดสระแก้วก็เก็บรอยนิ้วมือแฝงของคนร้าย
15-15606-5.wav	ไปบุกร้านทองที่จังหวัดสระแก้ว
15-15606-8.wav	หน้าด่านพรมแดนคลองลึกอำเภออรัญประเทศจังหวัดสระแก้ว
15-15608-11.wav	บ้านเลขที่58/1หมู่11ตำบลม่วงเตี้ยอำเภอวิเศษชัยชาญจังหวัดอ่างทองนะคะ
15-15608-12.wav	เจ้าของบ้านชื่อว่านายสมหวังช่างจัดอายุ60
15-15608-18.wav	ปลายปี62ภรรยาเสียชีวิตเลยต้นปี63ตัวเขาเองนายสมหวังเองป่วย