filename	text
7-7557-1386.wav	กระผมนายพิเชษฐ์เชื้อเมืองพาน(พิเชษฐ์เชื้อเมืองพาน,พิเชษฐ์เชื้อเมืองพาน)<MARK>สมาชิกสภาพผู้แทนราษฎร
7-7557-1575.wav	ผบ.ตร.(ผบ.ตร,ผบ.ตร.)ว่าจะส่งตำรวจที่ผ่านทั้งหมด1319นาย
7-7557-202.wav	ก็บอกในธรรมนอง(ธรรมนอง,ทำนอง)เดียวกันว่าทำดีไม่มีผลแต่ถ้ามีนายมีเงินมีตัวท่านจะได้ทุกอย่างในระบบนี้
7-7557-214.wav	มีเนื้อหาขอสนับสนุนขอรับการแต่งตั้งนายตำรวจสาม(สาม,3)นายให้ได้ดำรงตำแหน่งต่าง(ต่าง,ต่างๆ)
7-7557-43.wav	ท่านประธานที่เคารพผมจุลพันธ์(จุลพันธ์,จุลพันธ์อมรวิวัฒน์)<MARK>เพื่อไทยจากจังหวัดเชียงใหม่
7-7557-708.wav	โยงไปถึงนายตำรวจข้างนอกไปเรื่อยไปเรื่อย(ไปเรื่อยไปเรื่อย,ไปเรื่อยๆ)ไล่ไปเรื่อย
7-7563-24.wav	ศบค.(ศบค,ศบค.)ก็แถลงข่าวสถานการณ์การระบาดของโรคไวรัสโควิด-19ในประเทศไทยพบว่ามีผู้ป่วยเพิ่ม34รายมากกว่าเมื่อวานนิดนึงเนาะเมื่อวาน26ว่ะ(ว่ะ,วะ)20เท่าไหร่28ยอดรวมก็2613รายกระจายใน68จังหวัดทั่วประเทศนะคะรักษาหายแล้ว1405รายและเสียชีวิตเพิ่ม1รายรวมทั้งหมดผู้เสียชีวิต
7-7563-26.wav	นี้อาจจะมีการเฉลยว่าทำไมถึงเพิ่งมาบอกวันนี้นะฮะทั้งนี้กลุ่มผู้ติดเชื้อลาย(ลาย,ราย)ใหม่34ลาย(ลาย,ราย)เนี่ยเป็นกลุ่มผู้ป่วยที่มีประวัติสัมผัสกับผู้ป่วยยืนยัน27ลาย(ลาย,ราย)คือยังเป็นการติดจากคนที่ป่วยแล้วเนี่ยสูงสุดคนไทยที่กลับจากต่างประเทศ2ลาย(ลาย,ราย)แล้วก็อยู่ในสถานชุมชน1รายอาชีพเสี่ยง1และเดินทางมาจากต่างประเทศคือจะ
7-7468-30.wav	แล้วก็จากการพูดคุยกับนายศรีอ่อน(ศรีอ่อน,อ่อนศรี)<MARK>
16-16026-177.wav	กระทำของนายจธีมันโหดเยี่ยมมากนะคะ
16-16026-194.wav	นายธนกรวงนางผู้สื่อข่าว
7-7468-9.wav	โดยนายอ่อนศรี<MARK>เจ้าของอู่ให้การว่าขณะเกิดเหตุ
16-16026-203.wav	แต่จู่นายจธีลุกขึ้นมาอีกรอบ
0-245-166.wav	เพราะว่าเมื่อวานนายกรัฐมนตรีพูดในรายการ
7-7471-2.wav	หลังจากนายมีชัยมริชุพันธ์(มริชุพันธ์,ฤชุพันธุ์)<MARK>ประธานกรธ.(กรธ,กรธ.)มีการนำทีมออกไปแถลงให้กับสื่อมวลชน
16-16026-42.wav	ส่วนผู้ต้องหาที่ก่อเหตุชื่อนายจะทีนามสกุลนามีลู
16-16026-58.wav	ร้านนี้บอกว่าผู้เสียชีวิตคือนางสาวถวยกับคนก่อเหตุคือนายจาธีเนี่ย
16-16026-60.wav	แล้วอยู่ดีนายจาธีก็กระชากคอเสื้อฝ่ายหญิง
7-7000-10.wav	นายนิทัศน์กิรติสุธิสาธรณ์(นิทัศน์กิรติสุธิสาธรณ์,นิทัศน์กีรติสุทธิสาธร)หรือว่าจ๊อบ<MARK>ครับคุณผู้ชมฮะ
7-7454-2.wav	บตบางสมบูรณ์นายกอบต.นครนายก
7-7454-41.wav	ปัจจุบันเนี่ยไปเปิดโปรงทุจริตแพร่ริมน้ำของอดีตนายกอบต.บางสมบูรณ์เนี่ย
7-7451-46.wav	โดยเฉพาะในช่วงเทศกาลสงกรานต์แบบนี้เนื่องจากว่าตอนนี้คนเดินทางเข้าจังหวัดหนองคาย
7-7454-15.wav	หมายศาลเข้าควบคุมตัวนายประสบโชคนิ่มเรือง
7-7454-42.wav	ก็คือนายประสบโชคเนี่ยนะฮะต่อมาตำรวจอนุมัติหมายจับผู้ต้องหา3คน
16-16003-40.wav	ที่บ้านเลขที่133หมู่ที่13ตำบลเมืองอำเภอเมืองเลยจังหวัดเลย
7-7000-10.wav	นายนิทัศน์กิรติสุธิสาธรณ์หรือว่าจ๊อบครับคุณผู้ชมฮะ
102-102003-8.wav	เมื่อวานนี้นายอนุสรเรือนงานหรือว่าอสออย <Mark>
7-7004-256.wav	ชื่อผู้หญิงเป็นนางนามสกุลเดียวกันทั้งสองครั้ง<MARK>
7-7005-14.wav	นายสนธิรัตน์สนธิจิรวงศ์<MARK>รัฐมนตรีว่าการกระทรวงพลังงานนะคะ
7-7005-23.wav	ก็ยืนยันบอกว่าไม่มีปัญหาต่อการแบ่งงานของนายณัฐพล<MARK>
7-7006-27.wav	รวมทั้งพระสรีรังคารสมเด็จพระเจ้าพี่นางเธอเจ้าฟ้ากรยานิวัฒนา<MARK>(กรยานิวัฒนา,กัลยาณิวัฒนา)
7-7006-7.wav	ขณะที่ประชาชนบางคนนั้นเดินทางมาจากต่างจังหวัดเปิดเผยนะคะว่าตั้งใจจะเข้าร่วมพระราชพิธีทุกพระราชพิธีค่ะ<MARK>
7-7007-18.wav	คนขับเนี่ยเป็นคนไทยนะชื่อว่านายสัมภาษณ์<MARK>อายุ(45,45)ปี
7-7007-8.wav	ตรงนั้นคือศูนย์กู้ภัยสว่างกตัญญูจุดมะขามจังหวัดจันทบุรีครับ<MARK>
7-7008-10.wav	ข้าวเหนียวปิ้ง(4,4)รสอยู่ที่บริเวณหน้าวัดบึงบาปภาสวัสดิ(บึงบาปภาสวัสดิ,บึงบาประภาสะวัต)คลอง(10,10)ตำบลบึงบาอำเภอหนองเสือจังหวัดปทุมธานี
7-7008-11.wav	เจ้าของร้านคือป้าแต๋วค่ะนางอุไลโคตสิน<MARK>อายุ(75,75)ปีแล้ว
7-7009-25.wav	เขาก็จะเชื่อกันแบบนี้แล้วก็อยู่ที่จังหวัดบึงกาฬด้วยไง<MARK>
7-7011-13.wav	มีน้ำมันเชื้อเพลิงหลงเหลืออยู่ครับก็เลยคาดว่าตัวลูกชายของนายยศ<MARK>เนี่ยนะ
7-7011-21.wav	ซึ่งเขาบอกว่าก่อนเกิดเหตุเขาเห็นลูกชายของนายยศ<MARK>เนี่ยนะ
7-7011-2.wav	คือทางตำรวจภูธรลี้จังหวัดลำพูนเขาได้รับแจ้งนะคะว่ามีคนถูกไฟคลอกบาดเจ็บสาหัส<MARK>
7-7012-1.wav	เรื่องภายในอุโบสถวัดศรีสุพรรณของจังหวัดเชียงใหม่<MARK>
7-7012-30.wav	ของวัดศรีสุพรรณจังหวัดเชียงใหม่<MARK>
7-7013-10.wav	พบบาดแผลถูกแทงด้วยของมีคมหลายแห่งโดยมีนางสาววิจรินทร์ ทิมทอง(วิจรินทิมทอง,วิจรินทร์ ทิมทอง)<MARK>
7-7013-13.wav	จากการสอบสวนทราบว่าผู้ก่อเหตุคือนายทาดา ทองโมลีวัน(ทาดาทองโมลีวัน,ทาดา ทองโมลีวัน)<MARK>อายุสามสิบเจ็ด(สามสิบเจ็ด,37)ปี
7-7013-15.wav	หลังจากก่อเหตุเสร็จเรียบร้อยแล้วนะนายทาดา<MARK>วิ่งหลบหนีไปแล้วนะคะ
7-7013-20.wav	ขณะเกิดเหตุนายทาดา<MARK>ซึ่งเป็นพนักงานของห้างโลตัส
7-7013-22.wav	หลังจากนั้นนายสุรินทร์<MARK>ผู้ตายถือไขควงเดินเข้ามาหา
7-7013-23.wav	และดูเหมือนจะมีปากเสียงกันก่อนที่นายทาดา<MARK>จะใช้อาวุธจ้วงแทงนายสุรินทร์(นายสุริน,นายสุรินทร์)<MARK>
7-7013-25.wav	และหลังจากนั้นก็เสียชีวิตไปนะคะสำหรับนายสุรินทร์<MARK>
7-7013-26.wav	ก่อเหตุเสร็จเรียบร้อยนายทาดา<MARK>ตามลูกศรสีแดงเนี่ยเดินหลบหนีออกจากห้างไปเลย
7-7013-27.wav	นางสาววิจรินทร์(วิจริน,วิจรินทร์)ภรรยา(พันรยา,ภรรยา)ของนายสุรินทร์<MARK>ซึ่งเป็นผู้ตายให้การแบบนี้
7-7013-35.wav	ทำให้นายสุรินทร์<MARK>เข้าใจผิด
7-7013-58.wav	เขาก็เลยโทรศัพท์ไปบอกนายสุรินทร์<MARK>ผู้ตาย
7-7013-85.wav	และอยู่กันระหว่างอยู่ระหว่างการติดตามจับกุมตัวผู้ก่อเหตุก็คือนายทาดา<MARK>
7-7015-131.wav	บอกว่าเป็นสัญลักษณ์การต่อสู้และเป็นท่าเดียวกับที่คุณพิธาลิ้มเจริญรัตน์<MARK>จังหวัดนี้โชว์นักข่าวเลย
7-7015-2.wav	เสนอชื่อนายเศรษฐาทวีสิน<MARK>แคนดิเดตนายกรัฐมนตรีขอ
7-7016-29.wav	ลูกจ้างคนนั้นคือนางสาวธิดาพรคำกลิ่น<MARK>
7-7019-0.wav	จากกรุงเทพมหานครนะคะเราออนโทร(ออนโทร,OnTour)มาที่จังหวัดใกล้
7-7020-17.wav	คือตัวนายศักดิ์ชัย<MARK>ก็บอกว่าตั้งแต่วันอังคาร
7-7023-11.wav	อยู่เลขที่136(หนึ่งร้อยสามสิบหก,136)หมู่3ตำบลโพธิ์รังนกก(โพธิ์รังนกก,โพธิ์รังนก)อำเภอโพทองจังหวัดอ่างทอง
7-7027-24.wav	ผู้เสียชีวิตนี้ก็คือนายมูลสิริวงเครือ<MARK>
7-7031-1.wav	บะเค(บะเค,บ้านบาก)ตำบลโพทองอำเภอโพนทองจังหวัดร้อยเอ็ด
7-7034-1.wav	แถบสีแดงเนี่ยอยู่สองพื้นที่หลักหลักก็คือตำบลเวียงอำเภอเมืองและตำบลเวียงพางคำคำ(เวียงพางคำคำ,เวียงพางคำ)อำเภอแม่สายจังหวัดเชียงรายดัชนีคุณภาพอากาศ200(สองร้อย,200)ขึ้นเลยนะคุณผู้ชมถือว่าต้องเฝ้าระวังอย่างมากสำหรับคนที่มีปัญหาเรื่องระบบทางเดินหายใจอยู่แล้วแต่พื้นที่อื่นอื่นที่เริ่มมีผลกระทบก็หลายจังหวัดนะคะอย่างเช่นที่ตำบลช้างเผือกตำบลศรีภู(ศรีภู,ศรีภูมิ)
7-7036-0.wav	ช่วงนี้ไปดูเหตุการณ์ที่จังหวัดสุพรรณบุรีนะครับ
7-7036-17.wav	ชื่อต่อมาคือนายบุญเรียงวันทนเงา(วันทนเงา,วันทะเงา)อายุ67(หกสิบเจ็ด,67)ปี
7-7036-22.wav	นายบุญเลี้ยง(บุญเลี้ยง,บุญเรียง)เนี่ยเดินทางมาจากขอนแก่นมาหานายพาน<MARK>เป็นเพื่อนกัน
7-7036-25.wav	จนกระทั่งนายบุญเรียง<MARK>มาหานายพาน<MARK>เมื่อวาน
7-7037-40.wav	ชอบเพลงไหนของพี่นาง<MARK>เป็นพิเศษไหมครับ
7-7037-67.wav	ชอบฟังพี่นาง<MARK>มา7(เจ็ด,7)8(แปด,8)ปีแล้วค่ะ
7-7038-0.wav	ไซเบอร์บุกไปจับแล้วนะคะสำหรับนายสุวินัย(สุวินัย,สุวินัยภรณวลัย)
7-7038-11.wav	โอนเงินไปเกือบ700,000(เจ็ดแสน,700,000)อ่ะแล้วพอไปตรวจสอบบนเฟซบุ๊คของนายสุวินัย(สุวินัย,สุวินัยภรณวลัย)นะคะ
7-7038-16.wav	และจะมีการทำครั้งที่2(สอง,2)และครั้งที่3(สาม,3)ตามมานายสุวินัย(สุวินัย,สุวินัยภรณวลัย)
7-7038-24.wav	เพื่อทำพิธีส่วนที่เหลือนายสุวินัย(สุวินัย,สุวินัยภรณวลัย)เอาไปซื้อทำพานบายศรีสู่ขวัญ
7-7038-36.wav	อืมทีนี้ประวัติของนายสุวินัย(สุวินัย,สุวินัยภรณวลัย)หน่อยก็แล้วกันนะคะอดีตเขาเคยเป็นอาจารย์คณะเศรษฐศาสตร์ของมหาวิทยาลัยของรัฐแห่งหนึ่ง
7-7038-38.wav	ข่าวที่เขาเป็นสิทธิ์(สิทธิ์,ศิษย์)เอกของนายกิติประพาสโรบล(กิติประพาสโรบล,กิตติประภัสร์โรบล)หรือว่าอาจารย์กู้<MARK>
7-7038-41.wav	เมื่อปี43(สี่สิบสาม,43)นะนายสุวนัย(สุวนัย,สุวินัย)ก็เป็นคนที่อยู่เคียงข้างอาจารย์กู้<MARK>
7-7038-43.wav	ปัจจุบันตัวนายสุมนา(สุมนา,สุวินัย)เขามีตำแหน่งเป็นประธานยุทธศาสตร์วิชาการสถาบันทิศทางไทย
7-7038-6.wav	นำตัวนายสุวินัยภรณวลัย<MARK>อายุ66(หกสิบหก,66)ปีไปสอบปากคำ
7-7039-29.wav	คนร้ายชื่อว่านายผวนท่าจีน<MARK>อายุ56(ห้าสิบหก,56)ปีค่ะ
7-7040-13.wav	สำหรับบรรยากาศที่ชาปนสถาน(ชาปนสถาน,ฌาปนสถาน)กองทัพเรือสัตหีบได้มีการตกแต่งสถานที่อย่างสวยงามและสมเกียรติเพื่อประกอบพิธีพระราชทานน้ำหลวงอาบศพและประกอบพิธีหลวงอย่างน้อย1(หนึ่ง,1)คืนเนื่องจากผู้เสียชีวิตทั้ง6(หก,6)นายได้รับพระมหากรุณาธิคุณจากพระบาทสมเด็จพระเจ้าอยู่หัวรับศพไว้ในพระบรมราชานุเคราะห์ครับ
7-7040-5.wav	ต่อมานายกรัฐมนตรีพลเอกประยุทธ์จันทร์โอชา<MARK>ได้เดินทางมาถึงที่สาลา(สาลา,ศาลา)ใหญ่
7-7040-6.wav	พร้อมด้วยบรรดาผู้บัญชาการระดับสูงของกองทัพเรือได้เดินทางมาร่วมพิธีครั้งนี้ด้วย
7-7041-18.wav	เป็นงานเทศกาลท่องเที่ยวแม่เหมาะ(แม่เหมาะ,แม่เมาะ)ครั้งที่16(สิบหก,16)ช่วงตลอดเดือนพฤศจิกายนนี้เลยนะคะ
7-7041-29.wav	ตาตื่นใจ(ตาตื่นใจ,ตื่นตาตื่นใจ)แก่ผู้ที่ไปเดินทางท่องเที่ยวเป็นอย่างมาก
7-7041-2.wav	เพราะว่าไปอยู่กลางสวนการไฟฟ้าแม่เหมาะ(แม่เหมาะ,แม่เมาะ)ที่จังหวัดลำปาง
7-7042-36.wav	แบล็ค(แบล็ค,แขก)อ้างบอกว่าขณะอยู่ในห้องกับนายพลนายดังกล่าว
7-7050-54.wav	ไปคุยกับชาวบ้านในชุมชนจระเข้300(สามร้อย,300)อำเภออู่ทองจังหวัดสุพรรณบุรี
7-7051-4.wav	บอกว่าหลายจังหวัดเริ่มมีอากาศที่หนาวเย็น
7-7051-5.wav	โดยเฉพาะที่จังหวัดพิษณุโลกภาคเหนือตอนล่างหน่อยนะครับ
7-7053-10.wav	ทราบชื่อหนุ่มรายนี้คือนายเอกรินทร์ว่องวิทย์การ<MARK>อายุ23(ยี่สิบสาม,23)ปีเป็นคนอุตรดิตถ์ถามว่ามาทำแบบนี้ทำไม
7-7053-14.wav	เขาเห็นนายเอกรินทร์<MARK>เดินถือมีดดาบมาตามริมถนน
7-7053-19.wav	สอบสวนเบื้องต้นค่ะนายเอกรินทร์<MARK>คนนี้ไม่ได้ทำงานอะไร
7-7054-0.wav	สำหรับกรณีที่ไปเจอวันสเปิม(วันสเปิม,วาฬสเปิร์ม)ไปลอยตายอยู่ที่เกาะลันตาจังหวัดกระบี่
7-7058-24.wav	หลังจากที่น้องเป่า(เป่า,เปา)ถูกนายกรอบกู้ศรีฐาน(กรอบกู้ศรีฐาน,กอบกู้ศรีฐาน)
7-7058-28.wav	ส่วนคุณแม่ของน้องเปล่า(เปล่า,เปา)ก็คือนางสาวจิราพร<MARK>
7-7058-41.wav	ก่อนเกิดเหตุนายโหน่ง<MARK>เนี่ยก็มองมาที่น้องเป่า(เป่า,เปา)
7-7058-46.wav	รวมทั้งนายโหน่ง<MARK>เองก็เคยหยอกล้อกับหลาน
7-7060-17.wav	ทีนี้ตำรวจบอกเอาอย่างนี้นายน้อย<MARK>
7-7061-113.wav	และบางช่วงที่คุณชูวิทย์(ชูวิทย์,ชูวิทย์กมลวิศิษฎ์)พูดถึงมีการเอ่ยชื่อรองผบ.ตร.2(สอง,2)นายครับ
7-7061-115.wav	หมายของคุณชูวิทย์(ชูวิทย์,ชูวิทย์กมลวิศิษฎ์)มุ่งไป2(สอง,2)นายตำรวจใหญ่คนดังเลย
7-7061-43.wav	ก็เดินทางมาพบกับตำรวจให้การในฐานะพยานอืม
7-7062-137.wav	ไปสังเกตว่ามีโค้ชเอกนายเอกพลจันทะวงษ์<MARK>มาร่วมในพิธีด้วย
7-7062-145.wav	ก็คือนายไศลยนต์ศรีสมุทร<MARK>นายกเทศมนตรีเทศบาลตำบลแม่สาย
7-7062-152.wav	นายสุเทพชัยสุรินทร์<MARK>วยาวัชกร(วยาวัชกร,ไวยาวัชกร)และมรรคทายก(มรรคทายก,มัคนายก)ของวัดพระธาตุดอยเวา
0-7-68.wav	เพราะว่าบางทีเราทำไมการเดินทางของเขาเนี่ยบางทีจากอุ้มผางนี้มาเข้าที่โรงพยาบาลแม่สอดเนี่ยเขารู้สึกว่าเดินทางเหมือนเราไปอเมริกาเลย
0-8-47.wav	ตำบลเนินเพิ่มอำเภอนครไทยจังหวัดพิษณุโลก
0-8-58.wav	เออต้องระวังต้องระวังแต่ที่ท่องเที่ยวสวยเยอะนะคะ
7-7062-208.wav	แต่ว่าล่าสุดรักษาการรักษาการเจ้าคณะจังหวัดเชียงราย
7-7062-50.wav	ทางจังหวัดต่างองค์กรต่างเพื่อจะเชิญกลุ่มนี้มา
7-7064-29.wav	จะได้ไปทัศนศึกษาที่สวนพฤกษศาสตร์สมเด็จพระนางเจ้าศิริกิจ(ศิริกิจ,สิริกิติ์)จังหวัดเชียงใหม่
7-7065-31.wav	ของนางวิมราดาเหลืองดำรง(วิมราดาเหลืองดำรง,วิมลดาเหลืองดำรงกุล)อายุ61(หกสิบเอ็ด,61)ปีอยู่ที่กบินทร์บุรีปราจีนบุรี
7-7065-43.wav	เครือกลางลำต้นอยู่กลางสวนผลไม้ของนายอินเจริญ(อินเจริญ,อินทร์เจริญ)อายุ85(แปดสิบห้า,85)ปี
0-13-6.wav	ขณะที่ผู้ราชการจังหวัดเชียงใหม่ตอนนี้สั่งให้เจ้าหน้าที่
7-7067-25.wav	คุณปีโป้<MARK>เขาจะพาไปถ้ำพุงช้างจังหวัดพังงา
7-7072-26.wav	ส่วนนายสกลวรรณพงษ์(สกลวรรณพงษ์,สกลวรรณพงษ์)ผู้ว่าการกีฬาแห่งประเทศไทย
7-7074-40.wav	เหนือจากนั้นตัวของนายองค์อาจธรรมนิธา<MARK>
7-7075-49.wav	ชื่อบัญชีของนางมาลีแก้วคม<MARK>นะคะ
7-7075-7.wav	ยายชื่อว่านางมาลีแก้วคม<MARK>นะ
7-7076-31.wav	หนูชื่อนางสาวกุลธารินท์นามสกุลศรีแก้ว<MARK>อายุ29(ยี่สิบเก้า,29)ปีชื่อเล่นชื่อว่ามัด<MARK>มาจากจังหวัดสมุทรปราการค่ะ
7-7077-57.wav	แต่ว่ารายงานข่าวออกมานะครับว่าผู้ชายคนนี้คือนายเอกอัฐากร<MARK>นะครับ
7-7077-63.wav	เรื่องนี้ก็ผู้สิทธิ์(ผู้สิทธิ์,ผู้สื่อข่าว)เอาไปถามพลเอกประวิทย์วงสวรร(ประวิทย์วงสวรร,ประวิตรวงษ์สุวรรณ)รองนายกรัฐมนตรี
7-7077-70.wav	แล้วก็มีคำถามที่ว่านายสุเทพ<MARK>ลงพื้นที่ถามมวลชนกปศ(กปศ,กปปส.)
7-7077-86.wav	ของนายดอนปรมัตถ์วินัย<MARK>รัฐมนตรีว่าการกระทรวงการต่างประเทศ
7-7077-87.wav	ท้ายที่สุดนายดอน<MARK>ยังคงทำหน้าที่รัฐมนตรีอยู่นะ
7-7084-5.wav	นายประกิจวาประโคน<MARK>อายุ36(สามสิบหก,36)ปีเป็นผู้ต้องหาในคดีพยายามจะลักทรัพย์นะฮะ
7-7087-26.wav	ทำให้นายภูลา(ภูลา,ภูระ)ตกเป็นผู้ต้องสงสัยอันดับหนึ่งทันที
7-7087-35.wav	นายภูรัฐ(ภูรัฐ,ภูระ)ยอมจำนวน(ยอมจำนวน,ยอมจำนน)ด้วยหลักฐานรับสารภาพว่า
7-7088-16.wav	เป็นมือหนึ่งแห่งการทำเครปของที่จังหวัดพะเยาอยู่แล้ว
7-7088-3.wav	โอเคงั้นจัดให้มีทั้งเคล็บ(เคล็บ,เครป)ทั้งขนมโตเกียวร้านนี้อร่อยมากอยู่ที่จังหวัดพะเยาครับ
0-18-0.wav	พาไปกินที่ร้านที่นี่เลยจังหวัดนครพนม
7-7089-17.wav	มีภาพในผับจินหลิงนะฮะซึ่งในภาพมีหลานของนายตู้ห่าว<MARK>อยู่ในกรอบสีแดง
7-7089-24.wav	แล้วก็คลิปที่นายตู้ห่าว<MARK>คมขู่(คมขู่,ข่มขู่)ผู้รับเหมา7(เจ็ด,7)ราย
7-7089-25.wav	มูลค่า800,000,000(แปดร้อยล้าน,800,000,000)บาทมอบให้นายวิชัยชัยมงคล<MARK>
7-7089-28.wav	หลังการมอบหลักฐานให้กับนายวิชัยชัยมงคล<MARK>
7-7089-31.wav	ทรัพย์สินที่นายชุวิต(ชุวิต,ชูวิทย์)มอบให้ไปตรวจสอบ
7-7090-36.wav	เพื่อให้เกิดความมั่นใจว่านายกฤษณะ<MARK>คือผู้บริสุทธิ์ค่ะ
7-7091-14.wav	คือนายบัญชาใหม่คำ<MARK>อายุ45(ห้าสิบห้า,45)ปี
7-7091-15.wav	นายกิตินันนาชเรศ(กิตินันนาชเรศ,กิตตินันท์ราชเรศ)อายุ25(ยี่สิบห้า,25)ปีเป็นคนขับ
7-7091-16.wav	แล้วก็นายวรวิทย์อินตะวิชา<MARK>อายุ18(สิบแปด,18)ปี
7-7091-21.wav	คือนายนิพนธ์เมืองมูล<MARK>อายุ25(ยี่สิบห้า,25)ปี
7-7091-26.wav	นั่นก็คือนายบัญชา<MARK>หนึ่งในผู้เสียชีวิตนั่นเองค่ะ
0-38-21.wav	สมมุติว่าชื่อเนี่ยชื่อนางโอ๋ก็แล้วกันนะ
0-38-3.wav	อำเภอศรีมหาโพธิจังหวัดปราจีนบุรีค่ะบ่อขยะแห่งนี้เนี่ย
0-50-29.wav	จังหวัดพะเยาขายถูกด้วยเห็ดไข่เห็ดตะโมง
0-56-18.wav	คุณเจษดาปานถึก<MARK>ผอ.ศูนย์ดำรงธรรมจังหวัดอุดรธานี
0-56-2.wav	อันนี้เป็นโรงเรียนดังแห่งหนึ่งที่จังหวัดอุดรธานีเขาโพสต์ไว้แบบนี้นะคะ
0-64-84.wav	สำหรับประวัตินายอภินันท์เป็นลูกจ้างชั่วคราวของหน่วยงานรัฐแห่งหนึ่งที่อุดร
0-65-114.wav	ส่งขายแทบทุกจังหวัดทั่วประเทศไทยแล้ว
0-65-75.wav	เราพาไปลองกันถึงจังหวัดสุราษฎร์ธานีสุราษฎร์
0-70-13.wav	นายชัยณรงค์เขาต้องไปทำงานจักรยานยนต์หาย
0-71-20.wav	เอาปืนสงครามไปยิงเขาเลยอ่ะครับนางสาวพิมพ์พรภรรยาของนายกิจจาผู้ตายเนี่ยนะคะ
0-71-45.wav	แต่ว่าเช้าวันเนี๊ยนายสราวุธหรือนายเนม
0-71-68.wav	คาดว่ายังอยู่ในเมืองไทยนี่แหละอาจจะไปพื้นที่จังหวัดใกล้เคียงอืมอืม
0-71-9.wav	และทหารนาวิกโยธินกองทัพเรือที่4เจ้าหน้าที่ไปกัน30กว่านายเลยค่ะ
0-73-24.wav	แล้วก็นางก็บอกว่าจริงแล้วก่อนหน้านี้คือทางสื่อเองก็เอานางไปพาดพิง
0-79-24.wav	นางนาชนกแซ่ลิ้มแม่ของนายบุญฤทธเอี่ยมสิริรักษ์หรือเก่งอายุ21ปี
0-80-150.wav	ที่ส่งรถมาที่จังหวัดบุรีรัมย์แล้วก็ได้รับการช่วยเหลือต่อเนื่อง
0-81-17.wav	งานนี้น้องทุกนายสามารถปรับตัวให้เข้ากับเพื่อนได้
0-83-17.wav	นางสาวหวานปาเปียวอายุ17ปีชาวเมียนมา
0-83-25.wav	มีนางปาระปาเปียวแม่ของน้องน้ำหวาน
0-83-69.wav	ผมภูริพัฒน์บุญนินทร์ข่าวไทยรัฐทีวีรายงานสดจากตำรวจภูธรบ้านโป่งจังหวัดราชบุรีครับ
0-88-55.wav	ศิลปินในสังกัดพร้อมเดินทางทัวร์คอนเสิร์ตแบบไม่มีวันหยุดตั้งแต่ต้นปีค่ะ
0-89-0.wav	คุณผู้ชมค่ะที่จังหวัดนราธิวาสค่ะเมื่อกลางดึกที่ผ่านมา
0-89-50.wav	นายพิพัฒน์เจ้าของห้างทองเรียกช่างมาประเมินความเสียหาย
0-91-12.wav	จากทางด้านของนายเวิร์นอันสเวิร์ด
0-91-14.wav	เพราะว่านายเวิร์นถือว่าเป็นคนสำคัญ
0-91-179.wav	ตอนนี้ข้อมูลจากนายเวิร์นนักสำรวจถ้ำชาวอังกฤษ
0-91-26.wav	ใช่ครับเมื่อวานนี้นายเวิร์นให้ข้อมูลอันเป็นประโยชน์ต่อพลตำรวจเอกวิรัชชัย
0-91-298.wav	ขณะที่เฟซบุ๊คของนายฝันดีจัญญาธนากร
0-91-31.wav	โดยนายเวิร์นเปิดเผยบอกว่าขณะนี้ยังไม่สามารถคาดเดาถึงจุด
0-91-324.wav	เผยแพร่ประกาศของนายอูวินหมินประธานาธิบดีพม่า
0-91-341.wav	มันน่าจะทะลุไปได้ถึงดอยผาหมีแล้วก็ดอยนางนอน
0-91-50.wav	ก็อธิบายแบบนี้ว่ารักษณะทางภูมิศาสตร์ที่นายเวิร์น
7-7093-41.wav	หาส่วน(หาส่วน,บริหารส่วน)ตำบลควนปริงนะครับนายทักษิณรักจริง<MARK>เป็นญาติ
0-91-95.wav	คือทางขวาตำรวจจะไป132นายพร้อมกู้ภัย
0-95-20.wav	ที่เกิดเหตุพบศพนายประจักษ์พักมีอายุ32ปี
0-95-29.wav	ญาติของนายประจักษ์ไม่ติดใจสาเหตุการเสียชีวิต
0-98-34.wav	น้ำหนักเยอะที่สุดเดินทางมาไกลที่สุดเป็นต้น
0-100-38.wav	ก็คือทางด้านของนางสาวแพรวพันธ์เลี่ยมทอง
0-100-70.wav	เธอก็เลยไปเดินทางไปที่สน.มีนบุรี
0-108-40.wav	ซึ่งเขาอยู่ในเหตุการณ์นางสาวพรพันธ์นะคะ
0-108-42.wav	ทีนี้ค่ะนางวราพรเจ้าของบ้านที่เสียหาย
0-108-50.wav	ก็ไปคุยกับเจ้าของบ้านที่ถูกยิงใส่นางน้ำ
0-111-21.wav	เจอศพของนายโกวิทบุญทันอายุ47ปีค่ะ
0-111-59.wav	ทีนี้คุณผู้ชมคะหลังจากที่ตัวนายมานานเนี่ย
0-111-65.wav	หรือนายพิพัฒน์ลายน้ำทองอายุ23ปีเอง
0-112-14.wav	นางวันนาตาทิพย์อายุ53ปียายของเด็กกล่าวว่า
7-7093-91.wav	ทราบข่าวท่านก็รีบเดินทางมาแล้วก็บอกว่าก่อนหน้านี้นาก็ไม่เคยมีอะไรเป็นลางบอกเหตุนะครับ
7-7093-96.wav	หลังจากนี้จะนำศพลูกสาวกับหลานทั้งสอง(สอง,2)ไปตั้งบำเพ็ญกุศลที่วัดควรนาแคร์(ควรนาแคร์,ควนนาแค)อำเภอเมืองจังหวัดตรัง
0-112-3.wav	จังหวัดครั้งนี้ได้จัดงานแต่งงานถึง2จังหวัดเลย
7-7094-26.wav	ทำให้น้ำเข้าท่วมที่จังหวัดนางาโน(นางาโน,นางาโนะ)นะคะแล้วก็ทำให้รถไฟชินกันเซ็น(ชินกันเซ็น,ชินคันเซ็น)
0-113-36.wav	ดูความปั้วของนางยังสวยอยู่เลยนะคะ
7-7094-3.wav	นักท่องเที่ยวออกไปท่องเที่ยวตามสถานที่ท่องเที่ยวต่างแล้วนะ
7-7094-41.wav	จริงจากการสอบถามคือกลุ่มที่เดินทางมาด้วยกันเขาก็พูดภาษาญี่ปุ่นได้
7-7095-13.wav	คือน้องเมญ่า<MARK>เนี่ยนะนางพริ้ว(พริ้ว,พลิ้ว)อยู่แล้วนะแต่ข้างบนเนี่ย
7-7096-112.wav	นางสัมภากร(นางสัมภากร,นายสรรพากร)กำลังทำงานอยู่นะครับ
0-114-4.wav	ต้องมาที่นี่ค่ะบ้านไสงามตำบลโพธิ์งามอำเภอประจันตคามจังหวัดปราจีนบุรี
0-117-8.wav	ว่าคนร้ายไปแอบตัดทุเรียนหลายครั้งแล้วอ่ะค่ะนายนรงชัยมีสวนอยู่สิบแปดไร่
7-7097-9.wav	ซึ่งนายปทุม<MARK>แล้วก็นางสะสังจันทร์<MARK>ซึ่งเป็นสองสามีภรรยา
7-7101-23.wav	บริษัทบุรีเจริญซึ่งผมเชื่อว่าเป็นนอมินีของนายศักดิ์สยาม(ศักดิ์สยาม,ศักดิ์สยามชิดชอบ)
7-7104-18.wav	ในอำเภอบางคน(บางคน,บางคนที)ที่จังหวัดสมุทรสงคราม
7-7107-41.wav	ใช่แล้วตัวนายสัมฤทธิ์(สัมฤทธิ์,สัมฤทธิ์)หรือว่านายเสือ<MARK>ดูสิ
7-7107-42.wav	ที่เป็นเพื่อนของนายแม็กซ์<MARK>บอกด้วยว่าแม็กซ์<MARK>ยอมรับ
7-7107-51.wav	คือทีมข่าวเราไปได้ข้อมูลจากชายคนนี้ชื่อว่านายเบิ้ม<MARK>
7-7108-11.wav	คนเจ็บก็คือนายคงคา<MARK>เขาโดนช้างทำร้ายจนบาดเจ็บบริเวณหน้าแข้งขวาหักเลยนะครับ
7-7108-9.wav	คนเจ็บชื่อว่านายคงคาอินชัย<MARK>อายุ56(ห้าสิบหก,56)ปี
7-7109-5.wav	ครับก็หลังจบเกมนี้เนี่ยเจ้าตัวเดินทางกลับบ้านครับต้อม
0-91-366.wav	เมื่อวานนี้ทางนายสุวิทย์โคสุวรรณผู้มนวยการส่วนวิจัยรอยเลื่อน
0-122-17.wav	นายสุนทรบอกเลยนะคะว่าเบื้องต้นฝาท่อระบายน้ำเนี่ย
7-7115-14.wav	นายพงษ์พิทักษ์อำมวา(อำมวา,อมวา)อายุ23(ยี่สิบสาม,23)นะคะ
7-7115-25.wav	ใช่ค่ะคือนายพงษ์พิทักษ์<MARK>จะขอคุยกับแฟน
0-122-29.wav	ถึงอันตรายถึงกับชีวิตเลยเนี่ยนะคะนายสุนทรก็ยังฝากไปถึงร้านรับซื้อของเก่าด้วย
7-7115-32.wav	เสียงนายพงษ์พิทักษ์<MARK>เงียบไปตำรวจเขาก็ตกใจ
0-122-33.wav	ก็จะมีความผิดฐานรับซื้อของโจรด้วยเหมือนกันค่ะนายสุนทรยังบอกอีกว่า
7-7115-45.wav	นายจัญญาคงคาสันติ<MARK>เป็นเพื่อนของนายพงพิทักษ(พงพิทักษ,พงษ์พิทักษ์)
7-7115-47.wav	นายพงษ์พิทักษ์<MARK>เอากุญแจห้องไปให้
7-7115-49.wav	4(สี่,4)ทุ่มนายพงษ์พิทักษ์<MARK>โพสต์ภาพกรีดแขนตัวเอง
7-7115-58.wav	แล้วก่อนหน้านี้นายพงษ์พิทักษ์<MARK>อยู่กับแฟนค่ะ
7-7115-69.wav	นายพงษ์พิทักษ์<MARK>อยู่ในห้องกรีดข้อมือซ้ายของตัวเอง
7-7115-76.wav	นายพงษ์พิทักษ์<MARK>ก่อเหตุแบบนี้ทำไมฮะเพราะตอนที่ตำรวจเข้าไปในห้อง
0-126-210.wav	เสร็จแล้วพี่นางเนี่ยแกก็พานิงไปเดินเล่น
0-127-10.wav	นายธนวัฒน์พลวิชัยผู้อำนวยการศูนย์พยากรเศรษฐกิจและธุรกิจระบุนะคะว่า
0-127-22.wav	รองลงมาอันดับ2คือนางสาวยิ่งลักษณ์ชินวัตร
0-131-10.wav	และนายณัฐพลชุมวรฐายีเสียชีวิตว่า
0-131-14.wav	เคยเรียกทั้งนายวัญชัยนายพิชัยเข้ามาพูดคุยเพื่อยุติปัญหา
0-131-15.wav	กรณีที่นายวัญชัยได้ร้องเรียนนายพิชัย
0-131-19.wav	แต่ว่าภายหลังนายพิชัยได้นำเอกสราวุฒิการศึกษา
0-131-7.wav	นายพงศ์หรดานอธิการบดีมหาวิทยาลัยราชพัฒน์พระนคร
0-131-8.wav	แถลงประเด็นนายวัญชัยดันัยตะโมนุษย์
7-7119-44.wav	แล้วเห็นนายชินกร<MARK>กำลังออกจากห้องน้ำมาพอดี
0-131-9.wav	ก่อเหตุยิงนายพิชัยชัยสงคราม
0-132-20.wav	ฝ่ายชายทราบชื่อคือนายบุญรถศรีศุกร์เป็นพนักงานขับรถโม้ปูนของบริษัทเดียวกัน
7-7119-50.wav	คว้ามีดค่ะแล้วก็ฟันใส่นายชินกร<MARK>เลยนะคะ
7-7119-56.wav	ทีนี้ภรรยาของนายโด่ง<MARK>ค่ะก็คือนางสาวพรพิมล<MARK>เนี่ยนะคะ
7-7119-59.wav	เพราะว่านางสาวพรพิมล<MARK>บอกว่าฉันกับชินกร<MARK>ไม่ได้เป็นชู้กัน
7-7119-99.wav	มันเกิดจากการที่นายชินกร<MARK>วิ่งเอาหัวไปชนลวดหนาม
7-7120-0.wav	เมื่อวานนี้งานบวงสรวงเจ้าพ่อศรีเทพที่จังหวัดเพชรบูรณ์
0-134-18.wav	แล้วก็ทำให้ชาวบ้านเนี่ยเขาเดินทางมาสร้างสารใหม่นี้พร้อมกัน
0-137-11.wav	เช่นเดียวกับนางซ่อนกลิ่นกระจ่างเอี่ยมอายุ66ปี
0-137-20.wav	ลิเกแต่ละชุดที่เห็นอยู่นี้นางซ่อนกลิ่นบอกว่า
0-137-24.wav	ก็ภูมิใจที่อำเภอเราจังหวัดเรามีลิเกที่ดีด่งดัง
0-140-24.wav	นางสาวสุภาพรยายยองอายุ49ปี
0-140-45.wav	ทุกวันนี้นางสาวสุภาพรต้องใช้รถจักรยานยนต์พ่วงข้างบรรทุกของไปส่งลูกค้า
0-140-69.wav	นางสาวสิริเกตนกพระศิริเจ้าของร้านพาผู้สื่อข่าวไปดูที่โต๊ะบัญชี
0-141-444.wav	รูปทั้งวันนายประยงได้ตั้งเอาไว้นะฮะ
0-141-447.wav	นายประโยงบอกว่าสาเหตุที่มีคนมากราบไหว้ขอหวย
0-141-450.wav	ซึ่งก้อนหินดังกล่าวนายประยงได้
0-141-477.wav	เมื่อช่วงต้นเดือนเนี่ยนางทองศรีซึ่งเป็นหลานสาวเนี่ย
0-141-533.wav	เจ้าของบ้านก็คือนางศิริพรทุ่งไทยสงฆ์นะฮะ
0-141-642.wav	หนูเล่าต่อว่ากรรมการหมู่บ้านก็เลยเดินทางมา
0-141-681.wav	เกิดอยู่กลางไร่ข้าวโพดของนางสุธิรามงขุนทศอายุ49ปี
7-7127-104.wav	ที่ลูกชายของอาจารย์ชื่อว่านายทศพรขำสมวง(ขำสมวง,ขำสมวงศ์)
7-7127-107.wav	แต่นายทศพร<MARK>กลับเร่งเครื่องพุ่งชนทันที
7-7127-108.wav	พร้อมกับลากร่างของนายนพรัชพันอารี(พันอารี,ปั่นอารีย์)
7-7127-99.wav	ชื่อว่านายนพรัชสินธนภารดี(นพรัชสินธนภารดี,นพรัชสินธ์ธนาภักดี)บอกว่า
0-142-22.wav	สอนรงค์ขับรถตู้ซึ่งมีนายศิรพัฒน์
0-142-26.wav	แต่ปรากฏว่านายสอนนรงค์เร่งเครื่องหลบหนี
0-142-29.wav	สุดท้ายรถตู้ที่นายสอนนรงขับ
0-142-32.wav	สอบสวนนายศิรพัฒน์ก็ยอมรับค่ะว่า
0-142-8.wav	คือนายสอนนรงสิงหวิบูรณ์
0-143-50.wav	ถึงอำเภอแม่สายจังหวัดเชียงรายจุดหมายปลายทางนะครับ
0-148-4.wav	แต่ว่าล่าสุดเนี่ยเขาไปอยู่ที่จังหวัดระยองไปดูคลิปก่อนนะครับเดี๋ยวเล่าให้ฟังครับ
0-150-102.wav	แรนด์เจ้าพระยาบีฟนะฮะอำเภอหันคาจังหวัดชัยนาท
0-151-11.wav	นั่นคือนายกิติเทพเตชะตะติจินดาอายุ26ปี
0-151-28.wav	มีนายอนุชิตรุษวันคนขับรถบรรทุกพ่วงยืนงงกับเหตุการณ์ที่เกิดขึ้นเหมือนกัน
0-151-32.wav	ลอยผ่านร้านค้าข้างทางแล้วกระแทกใส่หัวของนายกิติเทพอย่างจัง
7-7133-0.wav	แล้วก็จริงแล้วคือจังหวัดเลยมีแหล่งท่องเที่ยวสวยเยอะมากรวมถึงของกินแล้วก็ตลาดที่น่าเดินเยอะแยะเลยนะคะแล้วถ้าพูดถึงตลาดคุณผู้ชมก็ส่งข้อความมาบอกเราเยอะแยะเหมือนกันว่าอยากจะให้ไปเที่ยวที่ไหนไปเดินตลาดอะไรเพราะฉะนั้นดิฉันก็จะบอกเลยว่าเราสองคนคือน้องใบตอง<MARK>กับนิวนาว<MARK>เนี่ยนะไปตลาดยิ่งเจริญมาแล้ว
0-154-18.wav	พ่อคือนายนัทธนลมูลมณีอายุ29
0-154-19.wav	แม่คือนางสาววิภาวันโพสิงอายุ25
0-155-13.wav	จากนั้นไม่กี่วันครับนางหนาและนายนิดเป็นสามีภรรยา
7-7134-30.wav	คนขับก็คือนายศักดิ์ลุเอี่ยม(ศักดิ์ลุเอี่ยม,ศักดิ์ลือเอี่ยม)วัย53(ห้าสิบสาม,53)ปีนะคะ
0-155-19.wav	หลังจากนั้นนางหนาเริ่มมีอาการแล้วเห็นวิญญาณตลอด
0-155-1.wav	หลังจากที่นางหนาครับเป็นชาวจังหวัดนครสวรรค์
0-155-26.wav	นี่หมอปลาไปเลยครับไปถึงที่บ้านของนางหนาแล้วก็นายนิดที่อำเภอตาคลี
7-7135-10.wav	หาดใหญ่จังหวัดสงขลาเป็นในหน้า(ในหน้า,นายหน้า)ค้าที่ดิน
7-7135-31.wav	นางสุดใจอินทมโน<MARK>อายุ58(ห้าสิบแปด,58)ปีผู้อยู่ในเหตุการณ์เล่าว่า
7-7135-45.wav	ด้านนางสาวจริยาบุญยอุดมศักดิ์<MARK>อายุ44(สี่สิบสี่,44)ปีน้องสาวของผู้เสียชีวิต
7-7135-7.wav	และนางสุดใจอินทมโน<MARK>ถูกยิงเข้าที่ขา
0-155-28.wav	ตั้งแต่เดินเข้าบ้านมาเนี่ยใช้นิ้วโป้งกดที่หน้าผากของนางหนาครับ
7-7135-8.wav	ส่วนผู้ก่อเหตุคือนายธวัชชัยเรืองฤทธิ์<MARK>
0-155-31.wav	ฝ่ายนายนิดคนเป็นสามีเล่าให้ฟังว่า3เดือนก่อนเนี่ย
7-7136-111.wav	การดำเนินคดีกับนายเปรมชัย(เปรมชัย,เปรมชัยกรรณสูต)
7-7136-13.wav	เจ้าหน้าที่พิสูจน์หลักฐาน7(เจ็ด,7)จังหวัดกาญจนบุรี
7-7136-29.wav	สมโพธิดวงจันทราศิริ(สมโพธิดวงจันทราศิริ,สมโภชน์ดวงจันทราศิริ)หัวหน้าสถานีวิจัยสัตว์ป่าเขานางรำเขตรักษาพันธุ์สัตว์ป่าห้วยขาแข้ง
0-155-55.wav	ไม่เคยยุ่งเกี่ยวกับยาเสพติดแต่ว่านางหนาเมียผมเนี่ยติดเหล้า
0-155-57.wav	แล้วที่นางหนาเขามีอาการสั่นมือสั่นเนี่ย
7-7136-43.wav	นายชัยวัดริมลิขิตอักษร(ชัยวัดริมลิขิตอักษร,ชัยวัฒน์ลิ้มลิขิตอักษร)หัวหน้าชุดพญาเสือกรมอุทยานแห่งชาติสัตว์ป่าและพันธุ์
0-155-62.wav	หมอปลาก็เลยแนะนำให้พานางหนาไปหาหมอแผนปัจจุบันดีกว่า
7-7136-48.wav	ต้องรีบทำสำนวนบันทึกการจับกุมนายเปรมชัย(เปรมชัย,เปรมชัยกรรณสูต)กับพวก
0-156-15.wav	ว่าถูกนายสมพงศ์สามีทำร้ายร่างกาย
7-7136-5.wav	หลังจากที่พลตํารวจเอกศรีวราห์รังสิพราหมณกุล<MARK>รองผู้บัญชาการตำรวจแห่งชาตินำกำลังตำรวจเข้าไปตรวจค้นบ้านพักของนายเปรมชัยกรณสูตร(กรณสูตร,กรรณสูต)
0-156-18.wav	ตำรวจควบคุมตัวนายสมพงศ์ไปสอบปากคำ
0-156-6.wav	ส่วนนายสมพงศ์สามีของผู้เสียชีวิต
0-157-15.wav	จากว่าผู้ถูกจับถูกหลอกลวงจากในหน้าค้ามนุษย์โดยผู้เสียหายทั้งหมดจากจังหวัดยะลาปัตตานีนราธิวาสและสงขลารวมทั้งหมด21คนครับ
7-7137-44.wav	ซึ่งระหว่างคุณน็อต<MARK>เดินทางชิว(ชิว,ชิล)ไปกับรถคู่ใจนะคะเราก็มีตัวอย่างรายการดีมาฝากกันเพราะการออนทัวร์(ออนทัวร์,OnTour)ในจังหวัดภูเก็ตคราวนี้เราจะพาคุณผู้ชมไปพบกับเส้นบะหมี่กวางตุ้งสูตรเก่าแก่กว่า90(เก้าสิบ,90)ปีที่นำไปรังสรรค์เป็นเมนูเส้นผัดทอดต้มให้ลูกค้าได้ทานกันอร่อยอย่างหลากหลายรูปแบบต่อด้วยบะห
7-7138-55.wav	เพราะว่ากรมอุตุ(กรมอุตุ,กรมอุตุนิยมวิทยา)ยังคงเตือนว่าฝนอาจจะถล่มทั่วไทย42(สี่สิบสอง,42)จังหวัด
7-7140-10.wav	ปรากฏว่าในบ้านเนี่ยไม่เจอแล้วนะครับนายพิษณุ<MARK>วิ่งหนีไปก่อนแล้ว
7-7140-16.wav	แล้วก็อาวุธปืนด้วยนายพิษณุ<MARK>ก็ยอมให้ควบคุมตัวแต่โดยดีนะครับ
7-7140-20.wav	ก็ต้องเอาไปก่อนนี่ฮะนายพิษณุ<MARK>เจ้าหน้าที่บอกว่าจากการสอบสวน
7-7140-52.wav	แต่ที่สำคัญก็คือนายพิษณุ<MARK>บอกว่า
7-7140-5.wav	หลังจากได้รับแจ้งจากชาวบ้านว่านายพิษณุพุ้งเฟื้องฟุ้งเฟื่องอายุ38ปีคลุ้มคลั่งอยู่
7-7142-0.wav	เราไปต่อเลยกันที่จังหวัดสุรินทร์นะไปร่วมงานสมโพธิ(สมโพธิ,สมโภช)สาร(สาร,ศาล)เจ้าพ่อพระศรีนครเตาเท้าเธอ(เท้าเธอ,ท้าวเธอ)
7-7142-27.wav	ของคนที่มาร่วมงานก็คือนางรำ
0-162-85.wav	นายวรวิทย์สุขบุญเลขาธิการปปชบอกว่า
0-166-37.wav	หนึ่งในนั้นคือนายจักริจอำนาจเจริญอายุ27
0-169-51.wav	นางก็ไม่ว่าอะไรนะคะก็แฮปปี้กันไปแต่ว่าพี่หมื่นก็ขอแม่หญิงการะเกดนะคะ
7-7147-14.wav	เจ้าหน้าที่ก็รีบมาช่วยนำตัวส่งโรงพยาบาลผู้ถูกแทงชื่อนายภูเบส(ภูเบส,ภูเบศร์)อายุ19(สิบเก้า,19)นะครับ
7-7147-18.wav	ชื่อว่านายวัชรพงศ์<MARK>อายุ24(ยี่สิบสี่,24)ปีตำรวจสภ.หาดใหญ่ก็คุมตัวไปสอบสวนดำเนินคดี
7-7147-19.wav	นายวัชรพงศ์<MARK>บอกว่าสาเหตุมันก็มาจากเรื่องของรักสามเศร้าแฟนเก่าแฟนใหม่
7-7147-22.wav	พอมาถึงจอดที่หน้าบ้านก็เจอนายภูเบส(ภูเบส,ภูเบศร์)คนเจ็บที่เป็นแฟนเก่าของฝ่ายหญิงเลิกกันไปเดือนกว่าแล้ว
7-7147-24.wav	ก็ตอนนั้นก็เกือบจะมีเรื่องกันไปทีหนึ่งช่วงหน้าบ้านแต่ว่านายวัชรพงศ์<MARK>อ้างว่าก็ไม่เป็นไร
7-7147-25.wav	เขาก็ให้นายภูเบส(ภูเบส,ภูเบศร์)เนี่ยเข้าไปเอาของซึ่งนายภูเบส(ภูเบส,ภูเบศร์)ก็เป็นฝ่ายไปไขกุญแจบ้านเปิดประตูเข้าไปนะครับ
7-7147-26.wav	สักพักหนึ่งนายวัชรพงศ์<MARK>กับแฟนสาวก็เดินตามเข้าไปดูในบ้าน
7-7147-27.wav	ซึ่งนายวัชรพงศ์<MARK>บอกว่าระหว่างที่เดินสวนกันนี่แหละนายภูเบส(ภูเบส,ภูเบศร์)เข้าไปเอาของเสร็จก็เดินสวนจะออก
7-7147-29.wav	ซึ่งนายวัชรพงศ์<MARK>อ้างว่าถูกนายภูเบศ(ภูเบศ,ภูเบศร์)ต่อยก่อนตัวเองก็เลยชกสวนกลับ
7-7147-30.wav	นายภูเบส(ภูเบส,ภูเบศร์)ที่มาเพื่อมาเอาตู้ลำโพงคืนก็เลยเอาลำโพงตีเขา
7-7147-33.wav	นายภูเบส(ภูเบส,ภูเบศร์)ก็ล้มทั้งยืนเลยฮะเลือดไหลไม่หยุดซึ่งนายวัชพงศ์(วัชพงศ์,วัชรพงศ์)บอกว่าเขาก็ไม่ได้หนีไปไหนนะ
7-7147-38.wav	แต่เขาทำไปเพื่อป้องกันตัวเพราะถูกนายภูเบส(ภูเบส,ภูเบศร์)เนี่ย
7-7147-45.wav	อ่าทีนี้ตอนที่เลิกกันไปเนี่ยก็เนื่องจากนายภูเบส(ภูเบส,ภูเบศร์)คนที่บาดเจ็บเนี่ยนะฮะ
7-7147-47.wav	ก็เลยเลิกกันแล้วก็มาเป็นแฟนคบหากับนายวัชรพงศ์<MARK>
7-7147-48.wav	ซึ่งนายวัชรพงศ์<MARK>เนี่ยแม่บอกว่าโอ้โหนิสัยดีมาก
7-7147-58.wav	อย่างแบบเปิดเผยเลิกกันแบบเลิกกันไปนานแล้วนะจนมาเป็นแฟนกับทางฝั่งของนายวัชรพงศ์<MARK>ก็ไม่ได้ปิดบังอะไรนะครับ
7-7147-64.wav	เพาะอาหาร(เพาะอาหาร,กระเพาะอาหาร)ทะลุเลยนะฮะเรื่องคดีความตำรวจแจ้งข้อหานายวัชรพงศ์<MARK>เบื้องต้นไว้แล้ว
0-171-387.wav	แห่งหนึ่งของจังหวัดฉะเชิงเทราสร้างขึ้นมาตั้งแต่ปีพุทธศักราช24
7-7148-16.wav	ซึ่งเป็นญาติกับเจ้าของบ้านตัวจริงเจ้าของบ้านตัวจริงคือนางสาวสุภาวดีบรามศิริ(บรามศิริ,พรามศิริ)
7-7148-17.wav	นางสาวสุภาวดี<MARK>เจ้าของบ้านอยู่อำเภอหัวหินจังหวัดประจวบคีรีขันธ์
7-7148-1.wav	เจ้าของบ้านตัวจริงสร้างบ้านหลังนี้เป็นบ้านพักตากอากาศอยู่ที่จังหวัดเลย
7-7148-20.wav	ก็เลยให้ผู้ดูแลบ้านคือนางกรยา(กรยา,กัลยา)เข้ามาตรวจสอบสภาพบ้านซะหน่อย
7-7148-22.wav	คนอยู่ในบ้านก็คือนายธันวา<MARK>อายุ32(สามสิบสอง,32)ปีเป็นชายวิกลจริตที่มีบ้านอยู่แถวนี้แหละครับ
7-7148-41.wav	บอกว่าชายปริศนาคนนั้นก็คือนายธันวา<MARK>อ้างตัวเป็นเจ้าของบ้านหลังนี้
7-7148-47.wav	ทีนีางกรยา(กรยา,กัลยา)ผู้ดูแลบ้านหลังนี้จริงแล้วก็ไปแจ้งตำรวจสภ.วังสะพุงนะครับ
7-7148-49.wav	พบว่านายธันวา<MARK>ผู้ชายคนนี้มีอาการสภาพจิตไม่ปกตินะครับ
7-7148-52.wav	ส่วนคุณยายตัน<MARK>นางสุภาพดวงสลัด<MARK>
7-7149-3.wav	โดยเฉพาะชาวบ้านใน3(สาม,3)ตำบลของอำเภอภูกามภูกรรมยาว(ภูกามภูกรรมยาว,ภูกามยาว)จังหวัดพะเยาค่ะ
7-7150-8.wav	ให้เพื่อนสนิทอย่างนางชเวสุนซิล(ชเวสุนซิล,ชเวซุนซิล)
7-7152-6.wav	ขณะที่นางประสบเลี่ยมยองใหญ่(เลี่ยมยองใหญ่,เลี่ยมยองใย)อายุ67(หกสิบเจ็ด,67)ปีนะคะ
7-7155-12.wav	นางบัวแสงพรานสอน<MARK>อายุ45(สี่สิบห้า,45)ปีนะคะกลายเป็นเศรษฐีใหม่ในชั่วพริบตาที่มีการประกาศลอตเตอรี่รางวัลที่1(หนึ่ง,1)ค่ะ
7-7155-16.wav	ส่วนเงินที่ได้นะคะนางบัวแสง<MARK>บอกว่าจะนำไปใช้หนี้สินต่างรวมถึงหนี้ธนาคารเพื่อการเกษตรและสหกร(สหกร,สหกรณ์)การเกษตรสัก400,000(สี่แสน,400,000)บาท
7-7155-18.wav	อืมอ่ะลงใต้ไปดูคนใต้กันหน่อยที่จังหวัดสุราษฎร์ธานีครับนี่นางสาววรรณยาเมืองแก้ว<MARK>อายุ43(สี่สิบสาม,43)ปี
7-7155-25.wav	รายแรกก็คือนายอุดมพรปราสาททอง<MARK>อายุ25(ยี่สิบห้า,25)ปี
7-7155-32.wav	อีกรายก็คือนายทรงสินคำภูแสน<MARK>อายุ59(ห้าสิบเก้า,59)ปี
7-7155-43.wav	นางสาวพิษสมัยวังคีรี<MARK>อายุ34(สามสิบสี่,34)ปี
7-7155-4.wav	บรรดาญาติพี่น้องก็ต่างมาร่วมแสดงความยินดีกับเศรษฐีใหม่ก็คือนางนัทยาไกรนอก<MARK>อายุ36(สามสิบหก,36)ปีครับ
0-175-27.wav	พันธุ์ตำรวจเอกรัฐมรวีชัยชนะอดีตตำรวจสังกัดตำรวจภูธรจังหวัดยะลา
0-175-28.wav	ดาบตำรวจอนันต์จันคงอดีตตำรวจสังกัดตำรวจภูธรจังหวัดสงขลา
0-175-29.wav	ดาบตำรวจชัยธวัฒน์กิติเวชวรกุลอดีตตำรวจสังกัดตำรวจภูธรจังหวัดตรัง
7-7156-14.wav	เหตุการณ์นี้ทำให้คนที่ขายผลไม้ก็คือนายสามารถหวัดวาปี(หวัดวาปี,หัดวาปี)อายุ24(ยี่สิบสี่,24)ปีเสียชีวิต
7-7156-15.wav	นางสาวชะอำจันละมูล(ชะอำจันละมูล,ชอุ่มจันละมูล)บาดเจ็บสาหัสแล้วก็เสียชีวิตในเวลาต่อมา
7-7156-17.wav	คนขับรถเก๋งมิตซู(มิตซู,มิตซูบิชิ)ก็คือนายสุลักษ์สุสะสิน(สุสะสิน,สาสุสิน)บาดเจ็บเช่นเดียวกัน
7-7156-59.wav	ด้านของนายสุรัตน์สาสุสิน<MARK>พ่อของคนขับรถเก๋งมิตซู(มิตซู,มิตซูบิชิ)
7-7158-12.wav	และพบว่าผู้ต้องสงสัยคือนายเอกมหาราช(เอกมหาราช,เอกมหาราช)ซึ่งเป็นมือปืนชื่อดังในพื้นที่ภาคใต้
7-7158-16.wav	ให้มายิงนายสุชาติ<MARK>โดยมีปมสั่งตายนะคะคือให้ปลิดชีวิตเลย
7-7158-17.wav	มาจากการขัดแย้งธุรกิจค้ายาเสพติดของผู้ว่าจ้างกับนายสุชาติ<MARK>นี่แหละนะคะ
0-177-32.wav	ขบวนนางรำที่ออกมาเสริงไร่รำกันอย่างสนุกสนาน
0-178-19.wav	นายสมจิตภูมิศิลาซึ่งเป็นตาของเด็กที่ถูกตัวต่อหัวเสือรุมต่อยเนี่ย
0-178-79.wav	ส่วนคุณยายของเด็กนะคะนางบัวหอมภูมิศิลาอายุ57ปีอยู่ในเหตุการณ์วันนั้นก็เล่าว่า
0-179-6.wav	ก็คือนายคำดีพรมมากองอายุ67ปีค่ะ
0-180-19.wav	ไปเจอศพของนายยงยุทธ์ยิ้มเมืองอายุ58ปี
0-180-22.wav	ก็คือนางสาวปิยาพรแก้วมรินยืนอยู่
0-180-35.wav	ทีนี้พลเมืองดีคือนายบุญเครือเขาบอกว่า
0-180-65.wav	คือนายพิพัฒนพงศ์ยุรชัยอายุ34ปี
0-181-22.wav	สุรินทร์เกรดหอมเดินทางไปขอดูภาพจากกล้องวงจรปิด
0-181-25.wav	สำหรับผู้ที่อยู่ในเรือนจำแล้วก็ทำร้ายนายพรมปัญญาเกรดหอม
0-181-34.wav	ได้เดินทางเข้าพบนายอุทัยทัพอาสาผู้บัญชาการเรือนจำจังหวัดศรีสะเกษ
0-181-6.wav	ผู้ชายคนนี้ก็คือนายพรมปัญญาเกรดหอม
0-182-29.wav	ส่วนที่ปัตตานีค่ะนายไกรสอนวิสิตวงศ์ผู้ว่าปัตตานีก็มีหนังสือด่วนที่สุดถึงหน่วยงานที่เกี่ยวข้อง
0-188-12.wav	นี่ฮะชื่อว่านายโจจี้ลีเนอร์มันนะครับ
0-192-44.wav	ก็คือนายกิติพันธวีวัฒนภง
0-192-78.wav	ว่านายอัศวินหรือว่านายเอสเนี่ย
0-192-98.wav	ซึ่งกำนันนพบอกว่าครอบครัวเนี่ยรู้ว่านายอัศวินหรือนายเอส
0-193-17.wav	อำเภอมะขามจังหวัดจันทบุรีนี่มานั่งคุยกันหน้าบ้านชิวนี่ไม่ใช่อะไรนะ
7-7163-30.wav	แล้วก็เรื่องโรคระบาดซึ่งก็นี่แหละค่ะเห็นไหมโอมิครอน(โอมิครอน,โอไมครอน)ไงโอมิครอน(โอมิครอน,โอไมครอน)ตัวใหม่ล่าสุดเข้ามาตามคำทำนายเลยนะคะ
7-7165-24.wav	แต่ทำไมนายวราธร<MARK>ต้องมาฆ่ายกครัวด้วย
7-7165-35.wav	ซึ่งก่อนการทำแผนตำรวจได้จับกุมตัวนายวราธร<MARK>
7-7165-58.wav	นายโอ<MARK>และน้องแป้ง<MARK>ได้ไปเที่ยวงานประจำปีในพื้นที่
7-7165-59.wav	ระหว่างนีนนายโอ<MARK>เห็นว่าแฟนเก่าของน้องแป้ง<MARK>
7-7165-66.wav	ระหว่างนี้นายโอ<MARK>อ้างว่าน้องแป้ง<MARK>ได้หยิบกล่อง
7-7165-69.wav	สถานการณ์เริ่มเลวร้ายนายโอ<MARK>อ้างว่ารู้สึกโกรธมาก
7-7165-78.wav	จากนั้นนายโอ<MARK>ก็วิ่งปรี(ปรี,ปรี๊ด)มาที่ห้องรับแขก
7-7165-89.wav	นายโอ<MARK>อ้างว่าเพราะพ่อและแม่ได้ยิน
7-7165-92.wav	โดยตำรวจจะทำการสอบปากคำนายโอ<MARK>เพิ่มเติม
7-7166-12.wav	พบว่าที่ศาลามีการจัดงานศพให้กับนายนัทไทยเสมาชัย(เสมาชัย,เสมาชัย)อายุ35(สามสิบห้า,35)ปี
7-7167-0.wav	ไปที่จังหวัดพัทลุงครับตชด.(ตชด,ตชด.)นำกำลังไปบุกจับผู้ต้องหาในคดียาเสพติด
7-7168-4.wav	โดยนายบรรจงสว่างเนธ(สว่างเนธ,สว่างเนตร)อายุ78(เจ็ดสิบแปด,78)ปี
7-7171-31.wav	ยื่นยติ(ยติ,ญัตติ)อภิปรายกรณีนายอับดุลละอีซอมูซอ<MARK>
7-7172-18.wav	แล้วก็เดินทางไปเรียนรู้พระอริยสงฆ์ตามรุ่มน้ำโขง(รุ่มน้ำโขง,ลุ่มน้ำโขง)
7-7172-34.wav	จะใช้เวลาทั้งหมด15(สิบห้า,15)วันเดินทางไป5(ห้า,5)ประเทศครับ
7-7174-23.wav	แล้วก็มีผู้หญิงคนหนึ่งทราบชื่อภายหลังคือนางหฤทัยเอ็มครุฑ(เอ็มครุฑ,เอี่ยมครุฑ)
7-7174-67.wav	โดยนางหฤทัย<MARK>หลอกว่ามีเงินมากแล้วก็ปวด(ปวด,ป่วย)เป็นมะเร็ง
7-7174-69.wav	จากการตรวจสอบพบว่านางหฤทัยเอ็มครุฑ(เอ็มครุฑ,เอี่ยมครุฑ)เนี่ยมีหมายจับของศาลจังหวัดเพชรบุรีแล้วก็จังหวัดสุโขทัยด้วย
7-7174-71.wav	ขณะนี้รวบรวมหลักฐานอยู่แล้วก็สืบหาต้นต่อว่านางหฤทัย นั้นเป็นรายเดียวกันกับคนที่ไปหลอกลวงคนอื่นตามที่เกิดขึ้นผ่านผ่านมาหรือไม่
7-7176-21.wav	บอกว่าไม่รู้ว่าจะกลับไปทำงานได้อีกหรือเปล่าตอนนี้พี่เมฆ(พี่เมฆ,เมฆวินัย)กับครอบครัวไปอยู่ที่บ้านเกิดที่จังหวัดกระบี่นะครับ
7-7177-48.wav	นายนันทพงศ์เชิดชู<MARK>รองอธิบดีกรมการขนส่งทางบก
7-7177-49.wav	เขาบอกนะคะว่าเจ้าหน้าที่เปรียบเทียบปรับนายรุ่งนคร<MARK>
7-7181-0.wav	คนไทยโคราชเป็นกลุ่มชาติภัณฑ์(ชาติภัณฑ์,ชาติพันธุ์)ที่อาศัยอยู่ในบริเวณจังหวัดนครราชสีมาหรือโคราชในพื้นที่แห่งโคราชทางภาคตะวันออกเฉียงเหนือของประเทศไทย
7-7182-17.wav	นายปราโมทย์เมฆจันทร์<MARK>
7-7182-48.wav	ค่ะที่จังหวัดระยองอืมลองทานกันได้นะครับอยู่ที่จังหวัดระยองก็ลองใช้บริการพี่แกดู
7-7183-45.wav	เป็นบ้านของนายมณฑล<MARK>แต่ยังไม่เจอยังจับไม่ได้นะ
7-7185-10.wav	และคุณปวีนาก็คือนางสาวพิมพ์สิริจิตงามขำ<MARK>
0-194-0.wav	วันนี้ก่อนที่จะมาเชียงรายพลเอกประยุทธ์ก็เดินทางไปที่ภูเก็ต
0-194-3.wav	ผลเอกประยุทธ์ก็เดินทางไปนะครับไปดูการช่วยเหลือ
0-196-4.wav	พาไปดูสวนมะขามหวานของนายทองสายบรรดาศักดิ์นะคะอยู่ในตำบลสับเปิบอำเภอวังโป่งค่ะ
0-197-154.wav	เดินทางกันลำบากเหลือเกินค่ะแต่เป็นหลุมเป็นบ่อเยอะมากจริงจริงอ่ะ
0-197-30.wav	หมอปลามาครับท่านผู้ชมครับหมอปลามือปราบสัมภเวษีเดินทางมาถึงที่บ้าน
0-202-12.wav	ถ้าเกิดไม่ต้องรอนานขนาดนี้เนี่ยคือตำรวจนายนี้จะไม่เสียชีวิตไหม
0-202-1.wav	เพราะว่ามีตำรวจนายหนึ่งเขาก็ไปเล่นกีฬาแล้วครับ
0-202-33.wav	เพราะว่าดาบตำรวจนายนี้นะฮะดาบตำรวจศิราวุฒิ
0-202-37.wav	ภรรยาของดาบก็คือนางสุวรรณีหลอดทองนะครับ
0-202-38.wav	นางสุวรรณีเล่าให้ฟังบอกว่าเมื่อวันที่18มีนาคมที่ผ่านมานะครับ
0-203-18.wav	สดศึกษาบางแสนที่จังหวัดชลบุรี
0-203-23.wav	ไปที่โรงเรียนโสดศึกษาบางแสนจังหวัดชลบุรีนะฮะ
0-204-54.wav	เพราะว่าจริงแล้วยังมีอีกหนึ่งจังหวัดใหญ่
7-7185-11.wav	อยู่หมู่6(หก,6)ตำบลป่าวายอำเภอสวนผึ้งจังหวัดราชบุรี
7-7185-15.wav	กรณีที่นางวันเพ็ญพรามเลิศ(พรามเลิศ,พราหมเลิศ)
7-7185-19.wav	เมื่อสอบถามนายสนั่นเผือกแผนงาม<MARK>
7-7185-24.wav	แล้วก็นนำตัวกลับไปรักษาพยาบาลที่โรงพยาบาลปากท่อจังหวัดราชบุรี
7-7189-4.wav	ก็คือนายสมชายพรรัตนาเจริญ<MARK>
7-7190-140.wav	ซึ่งก็ผมก็ชี้เลยว่าเป็นการบีบให้พวกเราไปเดินทางนั้นอยู่แล้ว
7-7191-3.wav	แต่ว่าแพทย์ช่วยชีวิตรอดไว้ได้อย่างหวุดหวิดครับเจ้าหน้าที่ก็เข้าชันสูตรพลิกศพนางสาวสิริวัญชัยสงฆ์(สิริวัญชัยสงฆ์,สิริวรรณชัยสงฆ์)อายุ21(ยี่สิบเอ็ด,21)ปี
7-7191-5.wav	ถัดไปข้างห้องพบร่างของนายอดุลเรียวชัยภูมิ(เรียวชัยภูมิ,เรืองชัยภูมิ)อายุ27(ยี่สิบเจ็ด,27)ปีสามีถูกของมีคมปาดที่บริเวณลำคอเลือดไหลนองเต็มพื้นบ้านร้องครวญครางยังมีชีวิตอยู่นะครับ
7-7191-7.wav	โดยเหตุสลดนั้นเกิดขึ้นที่บ้านหมู่9(เก้า,9)ตำบลถ้ำบัวแดงอำเภอหนองบัวแดงที่จังหวัดชัยภูมินะครับ
7-7191-9.wav	และเมื่อวานนี้ก่อนเกิดเหตุฝ่ายชายก็ดื่มเหล้ามาแล้วก็เกิดปากเสียงกับภรรยาอีกครั้งก่อนที่เพื่อนบ้านก็ได้ยินเสียงปืนดังขึ้น1(หนึ่ง,1)นัดจึงรีบวิ่งมาดูนะครับก็พบร่างของนางสาวสิริวัล(สิริวัล,สิริวรรณ)นอนจมกองเลือดเสียชีวิตส่วนนายอดุล<MARK>บาดเจ็บเพื่อนบ้านก็เลยรีบแจ้งเจ้าหน้าที่ให้เข้ามาช่วยเหลือครับ
7-7192-0.wav	เรื่องเกี่ยวกับต้นโพธิ์ออาถรรพ์ที่จังหวัดอ่างทองคุณผู้ชมค่ะ
7-7192-117.wav	แต่ก่อนเดินทางกลับหมอปลา<MARK>ก็เข้าไปบอกเรื่องราวนี้ทั้งหมด
7-7192-51.wav	แล้วช่วงหลังนะคะนายสุนทร<MARK>ยังเห็นคล้ายกับดวงไฟกลม
7-7192-8.wav	แล้วหลังจากนั้นนะคะนายสมหวังช่างจัด<MARK>อายุ65(หกสิบห้า,65)ปีเจ้าของบ้าน
7-7192-92.wav	ส่วนวิญญาณที่สิงอยู่ในตัวของนายสมหวัง<MARK>
7-7192-99.wav	นายสมหวัง<MARK>กับภรรยายังไงไม่เคยตรวจร่างกาย
7-7193-77.wav	ยินดีค่ะคุณทัศนาย<MARK>สวัสดีค่ะ
7-7198-7.wav	ส่วนวันชายหาด(วันชายหาด,วอลเลย์บอลชายหาด)อายุต่ำกว่า21(ยี่สิบเอ็ด,21)ปีชิงแชมป์โลกที่จังหวัดอุดรธานีครับ
7-7204-141.wav	นี่คือคำอธิบายที่ตอบคำถามนายกว่า(นายกว่า,นายกฯ)
7-7204-78.wav	หมูเพิ่มเข้ามาในตลาดได้เร็วอย่างที่นายกว่า(นายกว่า,นายกฯ)
7-7205-13.wav	อยู่นายวิทูลย์(วิทูลย์,วิทูรย์)ก็เอามีดจ้วงแทงแบบไม่ยั้งต่อหน้าเพื่อนเลยค่ะ
7-7205-15.wav	เมื่อตอนเช้าตำรวจจับได้แล้วค่ะนายวิทูลย์(วิทูลย์,วิทูรย์)
7-7199-1.wav	แต่มาเรื่องนี้ก่อนเลยครับเป็นนโยบายเปิดสถานบันเทิงถึงตี44ในพื้นที่นำร่องด้านการท่องเที่ยว4จังหวัด
7-7205-17.wav	ฮะเออนะคะตำรวจสอบประวัติแล้วพบว่านายวิทูลย์(วิทูลย์,วิทูรย์)เนี่ย
7-7205-21.wav	จากการสอบสวนทราบว่านายวิทูลย์(วิทูลย์,วิทูรย์)เนี่ยถามผู้ตายบอกห้อยพระอะไร
7-7205-23.wav	จากนั้นนายวิทูลย์(วิทูลย์,วิทูรย์)พูดในธรรมนองบอกอยากลองของผู้ตายก็ปฏิเสธเนี่ย
7-7205-25.wav	แต่ว่านายวิทูลย์(วิทูลย์,วิทูรย์)ก็ชักมีดออกมาแทงผู้ตาย
7-7205-27.wav	ยังนั่งกินเหล้ากันอยู่หลังพ้นโทษนายวิทูลย์(วิทูลย์,วิทูรย์)มาทำงานดูแลตลาดคลองเตย
7-7205-29.wav	ตำรวจเนี่ยตอนที่คุมตัวมาที่สน.ท่าเรือนายวิทูลย์(วิทูลย์,วิทูรย์)ก็ยอมรับบอกว่าต้องการจะลองของ
7-7205-36.wav	แต่เพื่อนของนายอัธพล(อัธพล,อรรถพล)ที่วันนี้ที่เขาไปที่สน.ท่าเรือ
7-7205-9.wav	ใช่ค่ะคุณวิทูล(วิทูล,วิทูรย์)หรือว่าในเสือ(ในเสือ,นายเสือ)คนเสื้อขาวนายอรรถพล<MARK>หรือว่านายหนุ่ม<MARK>
7-7206-14.wav	สิทธิ์(สิทธิ์,ผู้สื่อข่าว)ของเราสอบถามไปยังนางสาววัชิรญาณ(วัชิรญาณ,วชิรญา)ผู้ดูแลหอพักที่เกิดเหตุ
7-7209-28.wav	สำหรับนายนาเฟลฮัสซัน<MARK>และนายมูยาไทยติ<MARK>
7-7209-32.wav	ส่วนนายอับดุลอาซิสอารุก<MARK>ตำรวจได้เชิญตัวจากหอพักแห่งหนึ่งในซอยสุขุมวิท4(สี่,4)
7-7209-7.wav	ซิสอารุก(ซิสอารุก,อับดุลอาซิสอารุก)อายุ44(สี่สิบสี่,44)ปีนายนาเฟลฮัสซัน<MARK>อายุ34(สามสิบสี่,34)ปี
7-7209-8.wav	และนายมูยาไทยติ<MARK>อายุ29(ยี่สิบเก้า,29)ปีชาวซีเรีย
7-7214-11.wav	ก็คือนายวิชญ์ชอบสุรินทร์(วิชญ์ชอบสุรินทร์,วิชชอบสุรินทร์)อายุ52(ห้าสิบสอง,52)ปีนะครับ
7-7214-25.wav	เป็นเบอร์ของเจ้าของอู่รถแล้วก็เป็นหลานชายของนายวิชญ์ชอบ(วิชญ์ชอบ,วิชชอบ)คนนี้ด้วย
7-7214-26.wav	ทีนี้ก็ถามนายวิชญ์ชอบ(วิชญ์ชอบ,วิชชอบ)บอกว่านี่เจ้าของอู่กับหลานชายเนี่ย
7-7214-27.wav	ญาติพี่ใช่ไหมนายวิชญ์ชอบ(วิชญ์ชอบ,วิชชอบ)บอกจำไม่ได้
7-7214-32.wav	ปรากฏว่าตัวนายวิชญ์ชอบ(วิชญ์ชอบ,วิชชอบ)เนี่ย
7-7214-39.wav	ที่มาช่วยกันทวนความจำให้กับนายวิชญ์ชอบ(วิชญ์ชอบ,วิชชอบ)เนี่ยนะครับ
7-7214-42.wav	จอดรถใกล้กับรถแท็กซี่ของนายวิชญ์ชอบ(วิชญ์ชอบ,วิชชอบ)เลย
7-7214-46.wav	และนายวิชญ์ชอบ(วิชญ์ชอบ,วิชชอบ)ก็หันมาหาพี่โชเฟอร์แท็กซี่คันอื่น
7-7214-50.wav	แล้วก็หญิงในปลายสายก็บอกว่าให้บอกนายวิชญ์ชอบ(วิชญ์ชอบ,วิชชอบ)หน่อย
7-7214-53.wav	เขาก็มารู้ว่าปลายสายที่นายวิชญ์ชอบ(วิชญ์ชอบ,วิชชอบ)พูดคุยอยู่นั้น
7-7214-54.wav	ก็คือเจ้าของอู่รถแท็กซี่นะครับแล้วก็เดินทางมาหานายวิชญ์ชอบ(วิชญ์ชอบ,วิชชอบ)ที่ปั๊มแห่งนี้นะครับ
7-7214-57.wav	ก็พูดเป็นเสียงเดียวกันบอกว่านายวิชญ์ชอบ(วิชญ์ชอบ,วิชชอบ)เนี่ยไม่เคยมีอาการลักษณะนี้มาก่อนนะครับ
7-7214-58.wav	ซึ่งทุกคนก็กลัวว่านายวิชญ์ชอบ(วิชญ์ชอบ,วิชชอบ)อาจจะโดนป้ายยาหรือเปล่า
7-7214-60.wav	ทางตำรวจนะครับก็แนะนำให้ญาตินำตัวนายวิชญ์ชอบ(วิชญ์ชอบ,วิชชอบ)ไปหาหมอก่อน
7-7214-63.wav	ถ้าทางญาติสงสัยว่านายวิชญ์ชอบ(วิชญ์ชอบ,วิชชอบ)ถูกป้ายยาก็ขอให้มาแจ้งความไว้ที่สภ.ปากเกร็ด
7-7214-65.wav	จากการตรวจสอบที่ตัวของนายวิชญ์ชอบ(วิชญ์ชอบ,วิชชอบ)แล้วก็ตรวจสอบภายในรถของนายวิชญ์ชอบ(วิชญ์ชอบ,วิชชอบ)
7-7214-66.wav	จะไม่พบกระเป๋าสตางค์นะครับพบเพียงเงินสด160บาทในกระเป๋าเสื้อของนายวิชญ์ชอบ<MARK>เท่านั้น
7-7215-13.wav	นายสมพร<MARK>ที่เป็นคนก่อเหตุนะครับ
7-7215-14.wav	เป็นญาติกับคนเจ็บด้วยคนเจ็บคือนางทัศนีย์<MARK>นะครับ
7-7215-15.wav	พาทีมข่าวเราไปดูพื้นที่บอกว่านางทัศนีย์<MARK>ปกติจะนอนเล่นที่แคร่ใต้ถุนบ้านเป็นประจำ
7-7215-16.wav	เมื่อวานเนี่ยนอนหลับอยู่นายสมพร<MARK>สามีมาถึงใช้มีดเนี่ยฟันก่อนเลยนะครับ
7-7215-21.wav	หลังจากที่เมียเก่าของนายสมพร<MARK>เขาเสียชีวิตไปแต่เมื่อห้าหกเดือน(ห้าหกเดือน,5-6เดือน)ก่อน
7-7215-22.wav	นายสมพร<MARK>เริ่มใช้ความรุนแรงแล้วใช้มีดฟันศีรษะนางทัศนีย์<MARK>มาแล้ว
7-7215-25.wav	ดูความโหดร้ายของนายสมพร<MARK>นะฮะมันทำเหมือนเขาไม่ใช่คนเลยอ่ะ
7-7215-29.wav	นายสมพร<MARK>เองมีลูกสาวกับภรรยาเก่าบางทีลูกมารับกลับไปอยู่ที่บ้านลูก
7-7215-30.wav	นายสมพร<MARK>ก็ไม่อยู่กับลูกกลับมาอยู่กับนางทัศนีย์<MARK>อีก
7-7215-48.wav	วันนี้ตำรวจคุมตัวนายสมพร<MARK>ไปสอบปากคำนะครับนายสมพร<MARK>คือเขาบอกว่าเขาไม่ได้ทำร้ายร่างกายภรรยานะฮะ
7-7215-67.wav	ลูกสาวของนายสมพร<MARK>นะบอกว่าพ่อแล้วก็คนเจ็บซึ่งเป็นแม่เลี้ยงเนี่ย
7-7215-90.wav	คือไปตรวจสอบประวัติของนายสมพร<MARK>ที่ลูกสาวเขาบอกเนี่ย
7-7222-10.wav	เป็นช่างภาพวาดภาพอิสระชาวจังหวัดศรีสะเกษนี่แหละ
7-7222-15.wav	นายสุนชัย<MARK>บอกว่ามีอาชีพเป็นช่างวาดภาพ
7-7222-9.wav	นี่เป็นผลงานของนายสมชายกองศรี<MARK>อายุ57ปี
7-7225-16.wav	ไปถามภรรยาของนายวิสิทธิ์<MARK>ก็คือนางสุนิสา<MARK>
7-7226-0.wav	กำแพงเพชรเนี่ยถือเป็นจังหวัดสีขาวเนาะเพราะว่าเป็นจังหวัดที่ยังไม่เจอผู้ป่วยโควิด-19นะคะ
7-7228-52.wav	นายทวี<MARK>ไม่มีคุณสมบัติที่จะถือครอง
7-7228-53.wav	เพราะนายทวี<MARK>ไม่ใช่เกษตรกรใครเขาก็รู้
7-7231-4.wav	ไปดูมุมสูงนะฮะมุมสูงจากเฮลิคอปเตอร์ของเจ้าหน้าที่เขตรักษาพันธุ์สัตว์ป่าอุ้มผัง(อุ้มผัง,อุ้มผาง)จังหวัดตาก
7-7232-337.wav	ที่ได้เดินทางไปถึงยอดเขาง้อไบ๊(ง้อไบ๊,ง้อไบ้)
7-7232-533.wav	วันนี้ทุกจังหวัดต้อนรับโป๊ป(โป๊ป,พระสันตะปาปา)กันหมดเลย
7-7234-1.wav	วันนี้อั้มอธิชาติ<MARK>เดินทางมาที่ศาลอาญารัชดา
7-7236-11.wav	ไปคุยกับนายสถิตหาบุบผา<MARK>อายุ64ปีชาวบ้านที่เขาอยู่ใกล้กับศาลยายมอนนะคะ
7-7236-40.wav	โค้นลงมาหลายกิ่งนางกาญจนา<MARK>บอกว่าก็คุยกับแฟนนะว่าโอ้โห
7-7237-0.wav	คือวันนี้ค่ะตอนเช้านายสุวพันธุ์ตันยุวรรธนะ<MARK>รัฐมนตรี
7-7237-37.wav	แล้วก็ต้องดำเนินการร่วมกับเจ้าคณะจังหวัด
7-7238-70.wav	สถานบันเทิงแห่งหนึ่งที่จังหวัดเชียงราย
7-7242-15.wav	ก่อนเกิดเหตุผู้ตายอยู่กับนายวิเชษฐ์แนวกลาง<MARK>อายุ33กับเพื่อนอีกคนนึง
7-7242-1.wav	มีผู้ที่ถูกฆ่าอย่างโหดเยี่ยมในบ้านพักหลังหนึ่งที่จังหวัดยะลานะครับ
7-7242-20.wav	พอเข้าไปดูก็พบว่านายทนง<MARK>เสียชีวิตแล้ว
7-7242-23.wav	ก่อนจะเป็นศพเนี่ยนะมีเพื่อนมาคือนายวิเชษฐ์<MARK>กับเพื่อนอีกคนนึง
7-7242-24.wav	ก็เลยไปจับตัวนายวิเชษฐ์<MARK>ได้ที่บ้านพักที่อยู่ในพื้นที่หมู่9ตำบลเดียวกัน
7-7242-26.wav	นายวิเชษฐ์<MARK>ยังแบบมึนเมาพูดจาไม่รู้เรื่อง
7-7242-28.wav	ใช้มีดฟันนายทนง<MARK>แล้วก็เอาสากกะเบือที่เป็นสากไม้ตีที่ศีรษะไปทำเขาตอนเขาหลับด้วยนะ
7-7242-33.wav	นายวิเชษฐ์<MARK>ที่ถูกจับได้ก็ถูกแจ้งข้อหาร่วมกันฆ่าผู้อื่นโดยเจตนา
7-7242-5.wav	เบตงจังหวัดยะลาก็ไปตรวจสอบที่เกิดเหตุครับเป็นบ้านไม้สองชั้นปลูกติดกันหลายหลัง
7-7243-11.wav	แล้วไปสาดน้ำกรดใส่นางสาววิภาวดีหนูอิ่ม<MARK>อายุ30ปีครับ
7-7243-29.wav	นางสาวสุนิสาหนูอิ่ม<MARK>นะครับ
7-7243-45.wav	นางสาวสุพรรณีหนูอิ่ม<MARK>พี่สาวคนเจ็บเชื่อว่า
7-7243-46.wav	เหตุที่เกิดขึ้นมันเกี่ยวยงกับเหตุที่นายนิพนธ์หนูอิ่ม<MARK>
7-7246-131.wav	ที่เดินทางไปสอบสวนดิว(ดิว,ดิวอริสรา)ตั้งแต่วันที่13กุมภาพันธ์
7-7246-23.wav	แล้วก็หลังจากนั้นนะฮะพอ5ทุ่ม(5ทุ่ม,23.00น.)เนี่ยเดินทางไปถึงที่บก.สอท.นะฮะ
7-7246-37.wav	ทนายความของเบนส์(เบนส์,เบนซ์)ก็คือนายพิสิษฐ์ชุติพรพงษ์ชัย<MARK>เนี่ย
7-7246-47.wav	นายพิสิทธิ์<MARK>เปิดเผยออกมาว่า
7-7246-69.wav	ใช่ครับระหว่างที่ตำรวจควบคุมตัวนายเบนซ์(เบนซ์,เบนซ์เดม่อน)
7-7247-14.wav	วันนี้วันศุกร์ใช่ไหมคะคุณแม่รู้ว่าเป็นวันท่องเที่ยวคุณแม่ก็เลยกลับมาเลย
7-7249-131.wav	บอกว่าทำไมฮะพี่ติฟังก่อนก็รู้แหละว่านายสำเริง<MARK>อ่ะ
7-7249-135.wav	จะทำดีกับนายสำเริง<MARK>เฉพาะเวลามีเงินเท่านั้นแหละพอไม่มีเงินให้เนี่ยนะ
7-7249-149.wav	ใช่ค่ะเราไปที่บ้านหลังที่นายสำเริง<MARK>พอหลังก่อเหตุเสร็จก็ไปหลบอยู่ที่ใต้ถุนบ้านหลังนี้
7-7249-150.wav	ครับคือจริงจริงบ้านหลังนี้เจ้าของบ้านเนี่ยก็รู้จักทั้งนายสำเริง<MARK>แล้วก็นางฐานิตา<MARK>นะ
7-7249-156.wav	ทางคดีตอนนี้ตำรวจก็ตามไปอายัดตัวนายสำเริง<MARK>เอาไว้แล้วเดี๋ยวต้องรอให้อาการของนายสำเริง<MARK>ดีขึ้น
7-7249-25.wav	ส่วนคนก่อเหตุคือนายสำเริงฉายจันทร์<MARK>วัย44ปีสามีเก่าค่ะ
7-7249-29.wav	เห็นพฤติกรรมของนายสำเริง<MARK>คนนี้ชัดเจนทุกอย่างเลย
7-7249-34.wav	พอหลังก่อเหตุเสร็จนายสำเริง<MARK>หลังจากที่ก่อเหตุเสร็จแล้วเนี่ย
7-7249-36.wav	นายสำเริง<MARK>ก็วนจักรยานมาดูร้านเราอีกรอบนึงและคราวนี้ย้อนกลับไปเอาน้ำมันแล้วค่ะ
7-7249-62.wav	อย่างที่บอกนายสำเริง<MARK>กับนางฐานิตา<MARK>เนี่ยเขาอยู่กินเป็นผัวเมียกันมา13ปี
7-7249-72.wav	แต่นายสำเริง<MARK>ก็ยังพฤติกรรมเหมือนเดิมเลย
7-7251-16.wav	นายรณรงค์<MARK>คิดยังไงลองฟังท่านหน่อยครับ
7-7252-44.wav	ไม่ยอมเลี้ยงดูนะเพราะว่าตัวเองเนี่ยเดี๋ยวผมจะเอาคำพูดของนายปลอด<MARK>
7-7252-50.wav	ลูกชายก็คือนายชินพนะ(ชินพนะ,ชินพล)นายชินนะพล<MARK>
7-7252-51.wav	และนายพิชิตศักดิ์<MARK>คือหลานไม่ได้ให้การดูแล
7-7259-17.wav	รวมทั้งส่งพัสดุให้กับนายพิเชษ(พิเชษ,พิเชษฐ์)เสาแบน<MARK>
7-7259-18.wav	ตอนส่งชื่อคือนายพิเชษ(พิเชษ,พิเชษฐ์)ก็ไม่รู้ว่าเป็นตำรวจไง
7-7260-173.wav	นายมองซอ<MARK>เป็นคนงานก่อสร้างชาวพม่าค่ะ
7-7261-9.wav	นายสมพรใช้บางอย่าง(ใช้บางอย่าง,ใช้บางยาง)<MARK>นายกสมาคมกีฬาวอลเล่ย์บอลแห่งประเทศไทย
7-7263-19.wav	คือนายดนุพลวะบรง(วะบรง,วีระปรัง)<MARK>
7-7263-43.wav	ก็เปิดเผยนะครับว่าจากการสอบปากคำนายดนุพล(ดนุพล,ดนุพล)
7-7269-41.wav	กระสุนยังไปโดนบ้านอีกหลังนึงนะนายตั๊กวาจันสมบัติ<MARK>ค่ะ
7-7269-46.wav	มันมาจากทิศเดียวกันนายตั๊กวา<MARK>ก็เลยโชว์กระสุนปืนที่เก็บได้อ่ะค่ะ
7-7270-211.wav	นายศุภชัย<MARK>เป็นประธาน
7-7270-220.wav	นายศุภชัย<MARK>เนี่ยก็ไปผูกพันเกิดศรัทธานะครับ
7-7270-222.wav	ทีนี้ถามว่าวัดธรรมกายแล้วไปเกี่ยวอะไรกับนายอนันต์<MARK>
7-7270-223.wav	ก็นายอานันต์กลายเป็นศรียานุสิต(ศรียานุสิต,ศิษยานุศิษย์)
7-7270-226.wav	แต่งเพลงให้ในวันเกิดของนายอนันต์<MARK>
7-7270-244.wav	ลักษณะของนายอันนันต์<MARK>เนี่ย
7-7270-250.wav	นะฮะเดี๋ยวฟังนายอานันต์<MARK>พูดซะก่อนที่เบรกถัดไป
7-7270-251.wav	ว่านายอนันต์<MARK>เนี่ยที่เขาบอกนะครับ
7-7270-295.wav	เรื่องของเรื่องมันเกิดมาจากนายศุภชัย<MARK>ล่ะครับ
7-7270-300.wav	นายศุภชัยนายศุภชัยเดดิตยูเนียน(เดดิตยูเนียน,เครดิตยูเนียน)คนนี้อยู่ที่คุกบางขวางแล้วนะครับ
7-7270-301.wav	นายศุภชัย<MARK>เมื่อปี54นายศุภชัย<MARK>ก็ไปเทคโอเวอร์บริษัทพีเอ็ม
7-7270-307.wav	นายศุภชัย<MARK>ก็เอาเงินที่โกงมานี่แหละครับมาซื้อหุ้น
7-7270-313.wav	ทีนี้คิดดีถ้านายศุภชัย<MARK>อยากจะไปบริจาคเงินให้วัดธรรมกาย
7-7270-362.wav	ไม่ต้องเสียภาษีแม้แต่บาทเดียวนายศุภชัย<MARK>ทำ
7-7270-394.wav	หนึ่งนายศุภชัย<MARK>โอนหุ้นนะครับ
7-7270-440.wav	ถ้าผมเปรียบเทียบให้ฟังกับกรณีของนายเบนซ์(เบนซ์,เบนซ์เรซซิ่ง)
7-7270-443.wav	เอาทรัพย์สินเอาอะไรมาจากนายบอย(บอย,บอยปกรณ์/บอยนาทวี)
7-7270-460.wav	เพราะนายศุภชัย<MARK>โกงเข้ามา
7-7270-464.wav	ก็เหมือนนายเบนซ์(เบนซ์,เบนซ์เรซซิ่ง)ก็คือนายอนันต์<MARK>เนี่ยแหละครับ
7-7270-467.wav	นายศุภชัย<MARK>ก็คือนายบอยนี่แหละครับ
7-7270-511.wav	แต่ที่มีปัญหาคือนายศุภชัย<MARK>
7-7270-629.wav	แล้วนายอนันต์<MARK>สามารถเอาที่ดิน93ล้านไปขายได้400กว่าล้าน
7-7270-628.wav	ถูกไหมครับเพราะระดับนายศุภชัย<MARK>จะเรื่องอะไรขาย93ล้าน
7-7270-626.wav	นายศุภชัย<MARK>จะรับเงินจริง593ล้านหรือเปล่า
7-7270-599.wav	แต่ถามว่าจริงนายศุภชัย<MARK>เนี่ย
7-7270-582.wav	นายศุภชัย<MARK>ไปเทคโอเวอร์หุ้นมา
7-7270-580.wav	เพราะว่าบริษัทที่นายศุภชัย<MARK>เป็นเจ้าของที่
7-7270-547.wav	แล้วเงินของนายศุภชัย<MARK>ที่โกงมาเนี่ย
7-7270-545.wav	แต่ปัญหาอยู่ที่นายศุภชัย<MARK>
7-7270-513.wav	นายศุภชัย<MARK>เอาเงินที่โกงมา
7-7236-35.wav	ด้านคนที่ดูแลสารยายมอนนะคะนางกาญจนาหาบุบผา<MARK>อายุห้าสิบหก(ห้าสิบหก,56)ปี
7-7270-640.wav	ทำไมต้องผ่านนายอนันต์<MARK>ทำไมต้องเป็นการซื้อขายกัน
7-7270-641.wav	นี่แหละครับสิ่งที่เห็นชัดว่าทำไมนายศุภชัย<MARK>
7-7270-645.wav	แต่ปรากฏว่านายศุภชัย<MARK>ไม่ได้เซ็น
7-7270-647.wav	แต่วัดธรรมกายบอกให้ไปผ่านนายอนันต์<MARK>
7-7270-648.wav	กลายเป็นนายอนันต์<MARK>มาซื้อ93ล้านและเอาไปขาย492ล้านกำไร
7-7270-680.wav	แต่ที่เป็นเรื่องก็คือนายศุภชัย<MARK>นะครับซึ่งลามมาถึงนายอนันต์<MARK>
7-7271-15.wav	แหวนทองที่นางทองมา<MARK>สวมใส่อยู่หายไป
7-7271-20.wav	แต่บางครั้งนายสิงสำ(สิงสำ,สิงห์)สมบูรณ์ชัย<MARK>อายุ41ปี
7-7271-44.wav	ก่อนหน้านี้ทางญาติสงสัยว่าคนร้ายคือนายสิงห์<MARK>ลูกชายคนเล็ก
7-7271-45.wav	เนื่องจากก่อนเกิดเหตุเห็นนายสิงห์<MARK>มาหาแม่
7-7272-23.wav	จากนั้นก็มีคาม็อก(คาม็อก,คาร์ม็อบ)ครับเดินทางมารวมตัวกันที่ลานจตุรัส
7-7272-39.wav	นายสมบัติบุญงามอนงบอกกร(บอกกร,บก.)ลายจุด<MARK>
7-7272-47.wav	จะไปรวมตัวกันกับกลุ่มใหญ่ของนัทวุฒิ(นัทวุฒิ,ณัฐวุฒิ)<MARK>
7-7274-22.wav	มาเป็นคู่อดีตกับนายเครป<MARK>นายเครป<MARK>เป็นใคร
7-7274-26.wav	เขาจะพาพ่อมาด้วยพ่อของท็อป<MARK>ชื่อว่านายนุ<MARK>
7-7274-31.wav	นะฮะตัวพ่อที่ชื่อว่านายนุ<MARK>เนี่ยยิงปืนใส่ส่วนท็อป<MARK>เนี่ยปาระเบิด
7-7274-44.wav	อันนี้ก็เป็นคดีเกิดขึ้นที่จังหวัดนครศรีธรรมราชนะครับ
7-7277-447.wav	นายวรยุทธ์<MARK>คะถ้าสมมุติจะมีการนำภาพกล้องวงจรปิด
7-7277-516.wav	ดปากนี้มีนายแผน<MARK>ไหมคะอ่าที่ผมผมบอกวันนี้
7-7280-28.wav	จนสามารถจับกุมนายวินิตจันทร์นิเวศน์<MARK>อายุ26ปี
7-7280-35.wav	โดยนายวินิต<MARK>เป็นคนไปล็อกคอชายวัย17ปีจากด้านหลัง
7-7280-41.wav	ประกอบกับนายโชคชัย<MARK>ผู้ต้องหาอีกคน
7-7280-49.wav	เพราะถูกนายวินิต<MARK>เพื่อนของลูกชาย
7-7280-9.wav	หลังเกิดเหตุนายสำราญการุณ<MARK>อายุ54ปี
7-7283-21.wav	คนก่อเหตุชื่อว่านายวิญญาลาโสพันธ์<MARK>อายุ46ปี
7-7283-28.wav	ก็ให้กำนันตำบลครูเมืองที่สนิทคุ้นเคยกับนายวิญญา<MARK>ผู้ก่อเหตุ
7-7283-30.wav	นายวิญญา<MARK>ก็ยอมออกมา
7-7283-36.wav	ไปไล่ฟันชาวบ้านเขาทำไมอืมนายวิญญา<MARK>ตอบเสียงนุ่มนุ่มเบาเบา
7-7283-37.wav	อันนี้ผู้สื่อข่าวเราบอกมานะนายวิญญา<MARK>ตอบเสียงนุ่มเบาว่า
7-7283-41.wav	เล่าให้ฟังว่านายวิญญา<MARK>เป็นผู้ป่วยจิตเวช
7-7283-45.wav	นายสงกรานปัสติ<MARK>น้องเขยของนายวิญญา<MARK>ผู้ก่อเหตุก็บอกว่า
7-7283-46.wav	จริงก่อนจะมาทำร้ายนางประคอง<MARK>กับลูก
7-7283-47.wav	นายวิญญา<MARK>เอามีดปลายแหลมไล่แทงเขาจนบาดเจ็บด้วย
7-7283-49.wav	อยากให้เจ้าหน้าที่ช่วยพานายวิญญา<MARK>ไปรักษาให้หายเด็ดขาดหน่อย
7-7285-5.wav	นายภัยบูล(ภัยบูล,ไพบูลย์)อมรพินโยเกียรติ(อมรพินโยเกียรติ,อมรภิญโญเกียรติ)<MARK>ที่ปรึกษากรรมการวิสามัน(วิสามัน,วิสามัญ)
7-7287-12.wav	ลุงบังชื่อนายวาสนาสายแก้ว<MARK>อายุ69ปี
7-7287-6.wav	ลุงบังชื่อจริงก็คือนายวาสนาสายแก้ว<MARK>
7-7292-28.wav	นายสมพงศ์ทองหนูนุ้ย<MARK>ท่านเป็นนายอำเภอบึงสามพันธุ์นะครับ
7-7292-32.wav	ป.ป.ช.จังหวัดเพชรบูรณ์นะครับมีความเคลื่อนไหวในเรื่องนี้ทันทีนะครับ
7-7294-102.wav	โทรศัพท์มือถือกับกุญแจรถนะฮะคาดว่าน่าจะติดอยู่ที่ตัวของนายอมรเทพ<MARK>นะฮะ
7-7294-28.wav	เหมือนผมสั้นคล้ายกับทรงผมของนายอมรเทพ<MARK>หรือเปล่า
7-7294-50.wav	มันคือเป็นเงาของนายอมรเทพ<MARK>มันคล้ายกันหรือเปล่า
7-7294-52.wav	ส่วนเรื่องของความคืบหน้าในการหายตัวไปของนายอมรเทพ<MARK>เนี่ยนะ
7-7294-53.wav	นายกองค์การบริหารส่วนตำบลสโหน(สโหน,สะโหน)คือนายแสงจันทร์เทศขัน<MARK>เนี่ย
7-7294-57.wav	ซึ่งเป็นที่ที่นายอมรเทพ<MARK>เขาทำงานอยู่
7-7294-64.wav	ทางด้านของนายแสงจันทร์<MARK>ยืนยันว่านายอมรเทพ<MARK>คนที่หายไป
7-7294-7.wav	แต่ปรากฏว่าระหว่างที่เขาไปเดินตามหานายอมรเทพ<MARK>เนี่ยภาพที่เขาถ่ายต้นตะเคียนเนี่ยนะมันอยู่หลังสำนักสงฆ์บ้านโคกกี่เนี่ยมีต้นตะเคียนอยู่
7-7294-8.wav	แล้วพอกลับมานั่งดูชาวบ้านเขาว่านะว่าคุณทั้งสองคนและคุณผู้ชมช่วยผมดูชาวบ้านเขาบอกว่ามันคือใบหน้าคล้ายกับนายอมรเทพ<MARK>คนที่สูญหายไป
7-7296-22.wav	คนร้ายชื่อว่านายสรายุทธ์สาวชะอุ่ม<MARK>หรือว่าซี<MARK>อายุ19ปี
7-7296-35.wav	นั่งอยู่ที่รถคนเดียวนะฮะสักพักหนึ่งครับนายซี<MARK>ครับ
7-7298-0.wav	เช้าวันนี้ที่จังหวัดพระนครศรีอยุธยาจะมีการจัดงานประเพณีแห่เทียนพรรษาทางน้ำ
7-7299-8.wav	นายรณรงค์นครจินดา<MARK>ผู้ว่าราชการจังหวัดปราจีนบุรี
7-7300-10.wav	ก่อนหน้านี้นายพานุเมฆ(พานุเมฆ,ภานุเมศ)<MARK>ขับรถฝ่าด่านไม่ยอมให้ตำรวจตรวจค้นแล้วก็ขับรถชนเจ้าหน้าที่แล้วก็รถชาวบ้านก็เลยสกัดจับนะคะ
7-7300-15.wav	ก็เลยนำนายพานุเมฆ(พานุเมฆ,ภานุเมศ)<MARK>ไปดำเนินคดีต่อไปค่ะ
7-7300-6.wav	ตรงเข้าชาร์จนายพานุเมษ(พานุเมษ,ภานุเมศ)แก้วประวัติ<MARK>ชาวอำเภอท่าศาลาจังหวัดนครศรีธรรมราช
7-7301-16.wav	มาดูอีกหนึ่งหนุ่มค่ะหนุ่มนายนพัฒน์<MARK>นะคะ
7-7302-14.wav	นายสุวิทย์ทับเหล็ก<MARK>ผู้อำนวยการเขตพื้นที่การศึกษาประถมศึกษาเพชรบุรีเขต2
7-7304-123.wav	ใช่ของเรามันเป็นสาขาที่อยู่ในปั๊มปตท.สักส่วนใหญ่ซึ่งมันเน้นคนเดินทาง
7-7307-21.wav	พอกำลังจะแยกย้ายนายวีรพัฒน์<MARK>ผู้ตายเหมือนจะคาใจกำลังจะกลับแล้วเฮ้ย
7-7307-58.wav	ส่วนบรรยากาศที่งานศพของนายวีรพัฒน์<MARK>นะครับเป็นไปด้วยความโศกเศร้าแม่ผู้ตายร้องไห้
7-7307-6.wav	อยู่ริมถนนพะหนโยธิน(พะหนโยธิน,พหลโยธิน)ในตัวเมืองพะเยานะฮะพบร่างนายวีรพัฒน์<MARK>อายุสิบแปด(สิบแปด,18)
7-7308-17.wav	ซึ่งนายพิเศษ<MARK>เขาทำหนังสือชี้แจงไปที่ป.ป.ช.
7-7308-20.wav	ทางสำนักงานป.ป.ช.นะคะนายวรวิทย์สุขบุญ<MARK>เลขาธิการคณะกรรมการป้องกันและปราบปรามการทุจริตแห่งชาติ
7-7308-22.wav	ผู้ชายที่อยู่ในคลิปเมื่อสักครู่นี้คือนายพิเศษนาคับพันธ์(นาคับพันธ์,นาคพันธุ์)<MARK>ผู้ช่วยเลขาธิการคณะกรรมการป.ป.ช.จริง
7-7308-23.wav	ก็ได้ให้นายพิเศษ<MARK>รายงานข้อที่จริงเกี่ยวกับเหตุการณ์ที่เกิดขึ้น
7-7308-27.wav	โดยมีนางนัชชาเกิดศรี<MARK>รองเลขาธิการคณะกรรมการป.ป.ช.
7-7308-33.wav	นายพิเศษ<MARK>น่าจะมีใบอนุญาตพกพาอาวุธปืนมานานแล้ว
7-7308-38.wav	ทีนี้จากคำสั่งของป.ป.ช.ที่บอกว่าให้นายพิเศษ<MARK>ทำรายงานชี้แจงไป
7-7308-39.wav	นายพิเศษ<MARK>ก็ทำรายงานชี้แจงป.ป.ช.ไปแบบนี้นะคุณผู้ชม
7-7308-54.wav	นายพิเศษ<MARK>ทำหนังสือชี้แจงโดยอ้างว่าที่ถือปืนลงไปมีเจตนาเพื่อป้องกันตัว
7-7308-61.wav	นายพิเศษ<MARK>ก็เลยบอกว่าตัวเองเห็นแล้วว่าตอนแรกแท็กซี่มีสีหน้าไม่พอใจ
7-7308-62.wav	ทำท่าเหมือนจะเปิดประตูลงมาด้วยซ้ำครับแต่พอเห็นว่านายพิเศษ<MARK>มีอาวุธ
7-7308-88.wav	เพราะว่าพอเห็นคลิปดูคลิปก็สามารถดำเนินคดีกับนายพิเศษ<MARK>ได้อยู่แล้ว
7-7308-91.wav	นายพิเศษ<MARK>ยินดีให้ตรวจค้นบ้านไม่ต้องใช้หมายค้น
7-7310-26.wav	ชมรมวิทยุชุมชนจังหวัดชัยนาทมีมติแต่งตั้งนายนรงลาศรี(นรงลาศรี,ณรงค์ลาศรี)<MARK>ที่เป็นรองประธานชมรมวิทยุจังหวัดชัยนาท์ขึ้นมารักษาการ
7-7312-9.wav	ของนายอาทิตย์เพ่งกิจ<MARK>วัย35ปี
7-7313-11.wav	น้องสาวของทางด้านของนายกอบต.ค่ะก็คือคุณอุสาโทประยูน<MARK>และคุณพ่อก็คือนายสุรเดชโทประยูน<MARK>นะคะ
7-7313-16.wav	ทางด้านภรรยาของนายสมชัน(สมชัน,สมชาย)ม่วงกาด<MARK>รองนายกอบต.ค่ะคุณผู้ชม
7-7313-2.wav	ใช้ปืนอากาศ(ปืนอากาศ,ปืนอาก้า)กระหน่ำยิงค่ะซึ่งเป็นรถของทางด้านของนายกอบต.บางสมบูรณ์ที่จังหวัดนครนายก
7-7314-15.wav	หลังจากได้รับแจ้งจากลูกบ้านแห่งหนึ่งในตำบลป่าชันที่จังหวัดบุรีรัมย์นะฮะ
7-7314-24.wav	แล้วก็ไปควบคุมตัวนายประวิทย์<MARK>มาที่โรงพักนะครับ
7-7314-25.wav	ล่าสุดวันนี้เจ้าหน้าที่นำตัวนายประวิทย์<MARK>ผู้ก่อเหตุมาสอบปากคำเพิ่มเติมโดยละเอียด
7-7314-26.wav	นายประวิทย์<MARK>บอกว่าเคยทำงานอยู่ที่กรุงเทพ
7-7314-31.wav	นายประวิทย์<MARK>อ้างว่าขณะนอนอยู่ในบ้านอยู่ในกระท่อมขออภัยอยู่ในกระท่อม
7-7314-33.wav	จากนั้นนายประวิทย์<MARK>ชักชวนเข้าไปในกระท่อม
7-7314-37.wav	ฟังเสียงของนายประวิทย์<MARK>เขาอ้างหน่อยครับ
7-7314-79.wav	นี้พนักงานสอบสวนดำเนินคดีกับนายประวิทย์<MARK>ผู้ก่อเหตุ3ข้อหานะครับ
7-7318-5.wav	อยู่ที่บริเวณลานข้างบ้านเลขที่14ทับ1หมู่5ตำบลพรุดินนาอำเภอคลองท่อมจังหวัดกระบี่
7-7318-8.wav	สภาพที่เห็นไปพบศพของนายสุวิทย์สัมเภา<MARK>อายุ60ปีเจ้าของบ้าน
7-7319-51.wav	ทัวร์โปรแกรมท่องเที่ยวคือไม่ได้บอกเอาไว้ล่วงหน้า
7-7319-63.wav	เขาจองมาอยู่แล้วเขาวางแผนการเดินทางมาอยู่แล้วพี่เบิร์ต<MARK>
7-7321-39.wav	นายรัฐวิทย์<MARK>บอกว่าก็จะชดใช้ให้ทุกอย่าง
7-7321-77.wav	ก็คือพนักงานส่งของที่ผ่านโค้งนี้เป็นประจำนายฉลองนามประยูน(นามประยูน,นามประยูร)<MARK>
7-7321-83.wav	อันนี้นายฉลอง<MARK>ถามนะถามไปถึงคนขับรถกระบะว่ามันคงขับเร็วเกินไปมากจนทำให้เกิดอุบัติเหตุแล้วก็นิสิตเขาต้องมาได้รับบาดเจ็บนะคะ
7-7321-94.wav	สมศักดิ์สิริมาสกุล<MARK>พ่อของนายนิติธร<MARK>
7-7322-6.wav	นางธนาวันแสงสว่าง<MARK>แม่ของผู้ตายเนี่ยเล่าบอกว่าลูกชายชอบดื่มเหล้า
7-7325-13.wav	ขณะที่นายธวัชชัยจิตภาษนัน(จิตภาษนัน,จิตรภาษนันท์)<MARK>กรรมการกศชก็โพสต์ข้อความผ่านทางทวิตเตอร์ส่วนตัว
7-7328-11.wav	แล้วใช้ปืนกระบอกเดียวกันนะคะยิงนายทองแดงอ่อนทา<MARK>
7-7328-15.wav	แต่นายทิพงศ์(ทิพงศ์,ธิติพงศ์)<MARK>ใช้ปืนที่เตรียมมาด้วยจ่อยิงจ่อยิงนายทองแดง<MARK>จนล้มลง
7-7328-16.wav	สุดท้ายชาวบ้านช่วยกันล้อมจับนายทิพงศ์(ทิพงศ์,ธิติพงศ์)<MARK>เอาไว้ได้แล้วก็รีบแจ้งตำรวจ
7-7328-18.wav	บอกว่าได้มีการสอบปากคำผู้ต้องหาก็คือนายทิพงศ์(ทิพงศ์,ธิติพงศ์)<MARK>แล้ว
7-7328-23.wav	นายทิพงศ์(ทิพงศ์,ธิติพงศ์)<MARK>ก็คืออดีตสามีก็ยังคงส่งเงินให้ใช้มีอยู่บ้าง
7-7328-51.wav	นี่ค่ะนายทิพงศ์(ทิพงศ์,ธิติพงศ์)<MARK>ก็ให้ปากคำกับตำรวจแบบนี้
7-7328-5.wav	ความคืบหน้ากรณีที่นายทิพง(ทิพง,ธิติพงศ์)วิเศษ<MARK>อายุ29ปี
7-7328-6.wav	ใช้ปืนลูกซองสั้นไทยประดิษฐ์ไปบุกยิงนางสาวจันบัวชื่นรำ(จันบัวชื่นรำ,จันทร์บัวชื่นรัมย์)<MARK>
7-7329-3.wav	กู้ภัยมูลนิธิกระบี่พิทักษ์ประชาอำเภอเมืองกระบี่สองคนด้วยกันสองนายด้วยกันนะครับช่วยกันเอาสุนัขขึ้นจากบ่อน้ำผู้เป็นผลสำเร็จคือกู้ภัยได้รับแจ้งจากชาวบ้านที่มา
7-7332-10.wav	วิ่งไล่ทำร้ายตะลุมบอลกันก่อนที่คุณแอป<MARK>นายกิรติกกทรัพย์(กิรติกกทรัพย์,กิรติเกกทรัพย์)<MARK>ที่เสียชีวิตไปแล้วนะครับ
7-7332-35.wav	เขาเสียชีวิตไปคนหนึ่งมีคนเจ็บด้วยคนที่เป็นพ่อคือนายธนพลแสงพิทักษ(แสงพิทักษ,แสงพิทักษ์)<MARK>
7-7332-38.wav	ท้ายเข้ามาที่วัดดาวคนนองนะครับมีนายนคริน(นคริน,นครินทร์)สำลีอ่อน<MARK>หรือว่าในหว่าง<MARK>อายุสิบเก้า(สิบเก้า,19)
7-7332-41.wav	ที่เป็นลูกบุญธรรมของคนเจ็บนะฮะแล้วก็ลูกบุญธรรมของนางสาวสุจิตรา<MARK>
7-7332-43.wav	แล้วนายจีน<MARK>วิ่งหนีไปจากนั้นกลุ่มผู้ก่อเหตุไล่ฟันในแอป<MARK>
7-7332-54.wav	ส่วนนายธนพล<MARK>เนี่ยเขาได้ยื่นขอประกันตัวออกไป
7-7333-11.wav	เพราะว่าน้องไปทำงานบ่อยไงเดินทางกับรถบ้านแบบนี้สะดวกกว่า
7-7334-26.wav	เป็นของนายเจริญสิริวัฒนภักดี<MARK>ประธานบริษัทสุรามหาราชและไทยเบฟเวอเรจ
7-7338-0.wav	หลายคนก็บอกว่าขวัญอุตสามณี(อุตสามณี,อุษามณี)<MARK>ตอนนั้นที่มาเปิดกล่องแล้วนางก็กลับบ้านพร้อมเข้ากล่องหนึ่งกล่อง
7-7338-26.wav	นางกำลังถ่ายปุ๊บเขาบอกเอาสิถ่ายสิถ้าถ่ายปุ๊บเนี่ยเขาฟ้องร้องได้นางก็เลยกลับบ้าน
7-7338-48.wav	ซึ่งเราก็ใช้ความรับผิดชอบหน้าที่ที่ผ่านมาต้องขอบคุณพี่ชอต(พี่ชอต,พี่ฉอดสายทิพย์)<MARK>ที่เปิดใจแล้วก็รับฟังนาง
7-7338-6.wav	คือนางไปเซ็นสัญญากับอีกช่องหนึ่งเอาไว้
7-7340-10.wav	ตำรวจสอบสวนนายวินิตเมืองซอง<MARK>อายุ38ปี
7-7340-65.wav	สอบถามนายชัดชัย<MARK>ผู้บาดเจ็บระบุว่า
7-7340-9.wav	นายอาทิตย์พมร(พมร,พมร)<MARK>อายุ19ปีคนขับได้รับบาดเจ็บสาหัส
7-7341-7.wav	เพราะว่านายนัทถาพบบุญทองโท(นัทถาพบบุญทองโท,ณัฐถาพบบุญทองโท)<MARK>อายุ51ปี
7-7343-15.wav	กรุงเทพมหานครที่มีนายกฤษณะจีระวัฒนา<MARK>
7-7343-20.wav	ของนางรัตนาศรีบุริน(ศรีบุริน,ศรีบุรินทร์)<MARK>อายุ41ปี
7-7343-23.wav	จนร่างของนางรัตนา<MARK>กระเด็นไปกระแทกกับรถจักรยานยนต์
7-7345-9.wav	ขับรถมาพร้อมกับเพื่อนชื่อว่านายพานุพงศ์(พานุพงศ์,ภาณุพงศ์)โพวัน<MARK>
7-7347-12.wav	ก็คือนายสุรัตน์แพ่วเกรด(แพ่วเกรด,แผ้วเกตุ)<MARK>เป็นชาวจังหวัดชัยนาท
7-7354-19.wav	และเรือท่องเที่ยวอื่นก็เห็นแบบนี้
7-7355-74.wav	และ11จังหวัดที่ยังไม่มีรายงาน
7-7356-134.wav	ทางด้านของครูประทีบ(ประทีบ,ประทีป)หรือว่านางประทีพอึ้งทรงธรรมฮาตะ<MARK>นะครับ
7-7357-14.wav	โดยนายกอบจ.จันทบุรีคือนายธนพลกิจการ<MARK>ก็บอกว่า
7-7357-1.wav	เพราะว่าฝนตกที่ผ่านมาทำให้พ่อแม่พี่น้องภาคอีสานหลายจังหวัดเดือดร้อน
7-7357-28.wav	จริงยังมีอีกหลายจังหวัดหลายพื้นที่ที่เขาก็ร่วมแรงร่วมใจช่วยเหลือกันด้วยแบบนี้นะคะ
7-7358-11.wav	ผู้ที่ได้รับบาดเจ็บชื่อว่าน้องต้นน้ำ<MARK>นายพิชากร(พิชากร,พิชญากร)<MARK>นะคะ
7-7359-103.wav	อยู่ติดกับบ้านของนายธวัชชัย<MARK>เลย
7-7359-106.wav	ใช่ญาติของนายธวัชชัย<MARK>บอกว่าตกใจนะที่ตำรวจมาค้นบ้านแต่เช้าเลย
7-7359-107.wav	เพราะว่าส่วนตัวนายธวัชชัย<MARK>กับผู้ตายเป็นคนสนิทกันในทางการเมือง
7-7359-110.wav	ใช่ค่ะตอนเลือกตั้งเนี่ยตัวนายธวัชชัย<MARK>เองเขาก็ลงสมัครเลือกตั้ง
7-7359-111.wav	นายกอบต.ศรีจุฬาถามว่ามันจะโยงไปอะไรได้บ้าง
7-7359-119.wav	แล้วก็เป็นคนงานขับรถแบ็คโฮลให้กับนายธวัชชัย<MARK>
7-7359-120.wav	ส่วนประเด็นการก่อเหตุเนี่ยก็ไม่เชื่อเหมือนกันว่านายธวัชชัย<MARK>
7-7359-133.wav	ทีนี้พอเจ้าหน้าที่ไปตรวจค้นในบ้านของนายธวัชชัย<MARK>เนี่ย
7-7359-139.wav	ทีนี้ก็เลยถามนายธวัชชัย<MARK>เหมือนกันนะ
7-7359-153.wav	ประสบโชค(ประสบโชค,ประสพโชค)<MARK>นายรัฐพล<MARK>
7-7359-158.wav	สภ.ดงละคร<MARK>ที่จังหวัดนครนายกนะคะ
7-7359-16.wav	นายรัฐพลตันสุวรรณรัฐ<MARK>หรือว่าในบิ๊ก<MARK>
7-7359-171.wav	ธวัชชัยศรีชาญ<MARK>ส่วนนายรัฐพล<MARK>
7-7359-18.wav	อีกคนนึงคือนายภูริวัตนิ่มเรือง(ภูริวัตนิ่มเรือง,ภูริวัฒน์นิ่มเรือง)<MARK>หรือว่านายออส<MARK>
7-7359-20.wav	และนายธวัชชัยศรีชาญ<MARK>หรือว่าในวัด<MARK>อายุ48ปี
7-7359-22.wav	คือนายธวัชชัยศรีชาญ<MARK>นั่นเอง
7-7359-31.wav	เจ้าหน้าที่เขานำกำลังเข้าไปตรวจค้นบ้านของนายบิ๊ก<MARK>
7-7359-36.wav	แล้วนาย+บิ๊ก<MARK>เนี่ยคือมีส่วนมีส่วนคือเขาเรียกว่าเป็นคนสนิท
7-7359-63.wav	คุณแล้วก็มีการร้องเรียนเพราะว่านายกยานกร(ยานกร,ญาณกร)<MARK>นายกคนปัจจุบันเนี่ย
7-7359-87.wav	ที่ตรงนี้เป็นพื้นที่ของนายธวัชชัยศรีชาญ<MARK>
7-7359-89.wav	แล้วก็เป็นญาติญาติของนายสมชายม่วงกาด<MARK>คือรองนายกอบต.
7-7359-92.wav	นำหมายศาลไปแสดงต่อนายธวัชชัยศรีชาญ<MARK>
7-7360-13.wav	เพราะว่าในมือของนายสุเมฆ(สุเมฆ,สุเมธ)<MARK>ถือเหมือนมีดเนี่ยคุณ
7-7360-17.wav	เลขที่68หมู่7ตำบลละหารอำเภอบางบัวทองจังหวัดนนทบุรีนะครับ
7-7360-18.wav	คือก่อนเกิดเหตุนายสุเมฆ(สุเมฆ,สุเมธ)<MARK>นะเขามีอาการเมายาบ้า
7-7360-22.wav	เกลี้ยกล่อมจนนายสุเมฆ(สุเมฆ,สุเมธ)<MARK>โยนถุงยาบ้าออกมา200เมตรจากบ้านนะคุณ
7-7360-27.wav	คือนายสุเมฆ(สุเมฆ,สุเมธ)<MARK>เจ้าของบ้านเขาจะไม่ให้ใครเข้ามาใกล้บ้านของเขาเลย
7-7360-30.wav	ในห้องนอนของนายสุเมฆ(สุเมฆ,สุเมธ)<MARK>
7-7360-31.wav	นายสุเมฆ(สุเมฆ,สุเมธ)<MARK>สูบยาบ้าโชว์ปลัดอำเภอนะ
7-7360-47.wav	เพราะอะไรรู้ไหมทำไมเขาถึงถูกนายสุเมฆ(สุเมฆ,สุเมธ)<MARK>ต่อยปาก
7-7360-50.wav	และนายสุเมฆ(สุเมฆ,สุเมธ)<MARK>คงโกรธผมต่อยปากผมให้เลยนะครับ
7-7360-51.wav	ท้ายที่สุดนะฮะนายสุเมฆ(สุเมฆ,สุเมธ)<MARK>ผู้ต้องหารับสารภาพ
7-7360-9.wav	คนที่ถูกจับกุมก็คือนายสุเมฆ(สุเมฆ,สุเมธ)อาบรีวง(อาบรีวง,อาบีดิน)<MARK>อายุ30ปีนะครับ
7-7361-15.wav	ค่ะซึ่งจากกรณีที่นางสาวนรดี(นรดี,นฤดี)จอดสันเทีย(จอดสันเทีย,จอดสันเทียะ)<MARK>
7-7361-34.wav	มีคำสั่งย้ายคุณครูคนนี้นายภัยทูล(ภัยทูล,ไพฑูรย์)แกลงกระโทก<MARK>
7-7363-12.wav	คือเป็นลูกค้ากันนะคะนายฟ้อง<MARK>เคยเป็นลูกค้าที่ร้านอาหารของเธอ
7-7366-20.wav	มีนายจักริต(จักริต,จักรกฤษณ์)สุปัญญา<MARK>อายุ19นายนัทธพงศ์แจวจันทึก<MARK>อายุ18
7-7368-9.wav	รัชนีโกศลกิจ<MARK>ชาวจังหวัดพระนครศรีอยุธยาพาคุณแม่วัย91ปีมาอยู่ที่บริเวณกำแพงพระบรมมหาราชวัง
7-7369-15.wav	ตั้งอยู่ที่ซอย8ถนนชายโขงชุมชนบ้านไม้เก่าเชียงคาญ(เชียงคาญ,เชียงคาน)จังหวัดเลย
7-7369-35.wav	ด้านนายสกุลพรสาธิตกุล<MARK>อายุ33ปีที่เป็นเจ้าของร้านเนี่ยนะคะ
7-7369-63.wav	บ้านไม้เก่าเชียงคานอำเภอเชียงคาญ(เชียงคาญ,เชียงคาน)จังหวัดโล(จังหวัดโล,จังหวัดเลย)
7-7371-12.wav	แล้วก็ไฮไลท์สำคัญที่ผมอยากจะบอกก็คือการเดินทางกลับไปเจอทีมเก่าของธีรทรบุญมาทัน<MARK>เป็นครั้งแรก
7-7372-23.wav	นางสาวสิริขวัญโพทอง<MARK>พนักงานทำความสะอาดเขาเล่าให้ฟัง
7-7375-5.wav	พร้อมด้วยนายณถนนดันไนพิริยะ(ณถนนดันไนพิริยะ,ณถนลธนไพศาล)<MARK>นะคะ
7-7376-40.wav	นางสาวนพร(นพร,นวพร)<MARK>เคยถูกดำเนินคดีเกี่ยวกับการหลอกลวงคนจีนมาลงทุนทำธุรกิจมาแล้วด้วยนะคะ
7-7376-45.wav	นางสาวนวพร<MARK>มีพฤติการเกี่ยวข้องกับการค้ามนุษย์ทั้งในจีนไทยแล้วก็กัมพูชา
7-7378-15.wav	สักพักหนึ่งได้ยินนายตุ่น<MARK>คนก่อเหตุเนี่ยพูดกับลูกสาวบอกว่าเดี๋ยวจะพาไปซื้อขนมแล้วก็ยามารักษาคุณพ่อ
7-7378-18.wav	จากนั้นมารู้อีกทีรู้ว่าลูกสาวถูกนายตุ่น<MARK>คมคืน(คมคืน,ข่มขืน)
7-7378-19.wav	คุณพ่อบอกว่าช็อกเลยนะเสียใจมากไม่คิดว่านายตุ๋น(ตุ๋น,ตุ่น)<MARK>จะกล้าลงมือกับลูกสาว
7-7378-30.wav	คุณแม่ของผู้ต้องหาคือคุณแม่ของนายตุ๋น(ตุ๋น,ตุ่น)<MARK>บอกว่า
7-7378-64.wav	พนักงานสอบสวนโรงพักบ้านกลวด(บ้านกลวด,บ้านกรวด)ได้นำตัวนายตุ่น<MARK>
7-7378-66.wav	แล้วก็มีการแจ้งข้อกล่าวหากับนายตุ่น<MARK>คือ
7-7378-68.wav	ซึ่งนายตุ่น<MARK>เองก็ยอมรับสารภาพแต่โดยดีค่ะ
7-7380-11.wav	ผู้ต้องหาใช้มีดแทงนายสราวุฒิตั้งปัญญาศักดิ์<MARK>อายุ44ปี
7-7380-13.wav	ก็นำตัวของนายสุพงศ์(สุพงศ์,ศุภพงศ์)<MARK>มาทำแผนประกอบคำรับสภาพ
7-7380-20.wav	แล้วก็นายสุพงศ์(สุพงศ์,ศุภพงศ์)<MARK>ขับรถมาแทรกช่องทางกัน
7-7380-26.wav	และทางด้านของนายสุพงศ์(สุพงศ์,ศุภพงศ์)<MARK>ก็อ้างว่าได้หยิบมีดพกขึ้นมา
7-7380-30.wav	โดยนายสุพงศ์(สุพงศ์,ศุภพงศ์)<MARK>ยอมรับผิดกับสิ่งที่ทำลงไป
7-7380-36.wav	เพราะวันก่อนหน้านี้ที่สามารถจับกุมตัวนายสุพงศ์(สุพงศ์,ศุภพงศ์)<MARK>
7-7380-9.wav	ตำรวจโรงพักบางเขนควบคุมตัวนายสุพงศ์(สุพงศ์,ศุภพงศ์)<MARK>
7-7383-18.wav	ไปเลยที่บ้านเกิดของผู้เสียชีวิตคือนางสาวพิชภากองเทพ(พิชภา,พิชชาภา)<MARK>หรือว่าคุณเตย<MARK>
7-7383-19.wav	อายุ29ปีเธออยู่ในตำบลไผ่ลิว(ไผ่ลิว,ไผ่หลิว)นะฮะอำเภอดอนพุธจังหวัดสระบุรีครับ
7-7383-20.wav	ไปพบกับยายไปพบกับน้าสาวนะครับนางสาวอรอนงค์กองเทพ<MARK>เป็นน้าสาวของคุณเตย<MARK>ฮะ
7-7383-21.wav	บอกว่าคุณเตย<MARK>เนี่ยเป็นเจ้าหน้าที่สาธารณสุขประจำกระทรวงสาธารณสุขจังหวัดนนทบุรีนะฮะ
7-7383-27.wav	ก่อนเสียชีวิตช่วงเช้าเนี่ยคุณเตย<MARK>ทำกับข้าวอยู่ที่บ้านที่จังหวัดนนทบุรี
7-7384-11.wav	โดยนายยุทธยา(ยุทธยา,ยุทธนา)<MARK>ยังบอกอีกว่าอาชีพแกะสลักหนังตะลุง
7-7384-31.wav	ก็ยังนำหนังตะลุงของนายยุทธยา(ยุทธยา,ยุทธนา)<MARK>ไปจัดแสดงไว้ในมหาวิทยาลัย
7-7384-43.wav	เช่นเดียวกับนายธีรยุทธ์เมืองแมน<MARK>
7-7384-4.wav	นายยุทธยา(ยุทธยา,ยุทธนา)ศรีวีโรธ<MARK>วัย63ปีอดีตข้าราชการกรมประชาสัมพันธ์
7-7386-49.wav	ขณะเดียวกันนะครับนายกิจสดานุจจรัส(กิจสดานุจจรัส,กฤษฎางค์นุตจรัส)<MARK>ธนายความระบุว่าหลังจากที่วันนี้พนักงานสอบสวนได้มายื่นคำร้องขอฝักขัง(ฝักขัง,ฝากขัง)ผู้ต้องหาเป็นครั้งที่3
7-7386-4.wav	สำหรับนายพระฤทธิวรักษ์(พระฤทธิวรักษ์,พริษฐ์ชิวารักษ์)<MARK>หรือเพนกวิน<MARK>
7-7386-5.wav	นางสาวปนัสยาสิทธิจิรวัฒนกุล<MARK>หรือว่ารุ้ง<MARK>
7-7386-6.wav	นายภาณุพงศ์จาดนอก<MARK>หรือว่าไม้ระยอง<MARK>
7-7386-7.wav	แล้วก็นายปติวัฒน์สาหร่ายแย้ม<MARK>หรือหมอลำแบงค์<MARK>
7-7389-32.wav	กลุ่มคนรักสัตว์ได้แจ้งให้นายสมชายอนันตจารุตรกูลประสุทธิ์(อนันตจารุตรกูลประสุทธิ์,อนันตจารุตระกูลประเสริฐ)<MARK>จังหวัดนครพนมได้รับทราบแล้ว
7-7389-33.wav	หลังจากนั้นก็มีผู้ใช้เฟซบุ๊คคนหนึ่งนะครับซึ่งคือภรรยาของนายปรัชญาดอนโอภาษ<MARK>ที่เอาคลิปไปโพสต์
7-7389-43.wav	แฟนนะก็คือนายปรัชญาดอนโอภาษ<MARK>ที่ทำงานอยู่ที่ต่างประเทศได้
7-7389-48.wav	จุดประสงค์อย่างอื่นเลยล่าสุดวันนี้นายขันชัยช่วงชัย<MARK>
7-7389-53.wav	บ้านคือนางสาวเพ็ญนภาอ่อนพุทธา<MARK>อายุ36ปีนะครับเธอก็
7-7389-57.wav	ต่อก็ไปพบนางสาวเพ็ญนภา<MARK>เจ้าของสุนัขเจ้าโอเลี้ยง<MARK>สุนัข
7-7393-8.wav	เขื่อนลำเปล่า(ลำเปล่า,ลำปาว)สหัสขันธ์จังหวัดกาฬสินธุ์นะครับ
7-7395-144.wav	ด้านสาธารณสุขของนายอนุทิน<MARK>
7-7399-18.wav	ให้กับนางสาวพรพิมล<MARK>
7-7402-103.wav	ที่ทางบ้านนางพิม<MARK>เขาจะถมที่ดินสร้างบ้านเนี่ยที่ว่าสูง4เมตรเนี่ย
7-7402-2.wav	นายวสันใจศิลป์(วสันใจศิลป์,วสันต์ไพศิลป์)<MARK>หรือว่าครูเปีย<MARK>วัย66ปี
7-7402-50.wav	ของนางพิม<MARK>เนี่ยเดือดร้อนเพราะว่าเขาถมที่ดินสูงมาก
7-7402-52.wav	คือบ้านครูเปีย<MARK>บ้านของนายชาญชัย<MARK>และบ้านของยายแพง<MARK>
7-7402-56.wav	เปีย<MARK>ส่งเรื่องร้องเรียนมาอีกนะบอกว่าน้ำจากที่ดินของนางพิม<MARK>เนี่ย
7-7402-60.wav	แล้วขอให้เจ้าของที่คือนางพิม<MARK>ทำทางระบายน้ำ
7-7402-69.wav	ส่วนนายชาญชัย<MARK>บ้านอีกหลังนึงบอกว่าแม้ว่าตัวบ้านเขาเนี่ยบ้านของเขาเนี่ยจะไม่ได้รับผลกระทบมากนัก
7-7402-77.wav	คือทางนางพิม<MARK>บอกว่าลูกสาวกับลูกเขยของเขา
7-7402-92.wav	ที่เขาสงสัยว่าเออขับตามครูเปีย<MARK>ไปอ่ะคือนางพิม<MARK>บอกว่ายอมรับว่าที่บ้านเนี่ยมีรถเก๋งสีขาวจริงนะ
7-7405-50.wav	รุมทำร้ายคนเจ็บคือนายคมกริจ<MARK>อายุ27ปีครับ
7-7406-130.wav	โดยการปล่อยตัวออกจากเรือนจำในครั้งนี้นะฮะสืบเนื่องจากนายสวัสดิ์(สวัสดิ์,ชนม์สวัสดิ์)<MARK>หรือว่าคุณเอ๋<MARK>เนี่ยนะครับ
7-7406-185.wav	จับกุมนายสุรเชษมุทยาน(สุรเชษมุทยาน,สุรเชษฐ์มุทยานนท์)<MARK>อายุ20ปี
7-7406-589.wav	เอานางเนี่ยนะคะเรียกได้ว่าแบบว่าออกมาตอบโต้เลยทันทีนะ
7-7406-590.wav	มีคนไปคอมเมนต์ว่าเหมือนผู้ชายในรูปนี้อ่านางก็บอกว่าพี่เล็ก<MARK>
7-7406-75.wav	นางวิ่งไปดูแล้วคุณรู้ป่ะเดชะบุญนะไม่มีคือมันค่อยถล่ม(ค่อยถล่ม,ทยอยถล่ม)
7-7407-22.wav	ตายเลยหน้าอกซ้ายนายพงศกร<MARK>อายุสิบหก(สิบแปด,16)ปี
7-7407-25.wav	ชื่อนายพัชรา<MARK>อายุ15ปีเป็นนักเรียนช่างสถาบันเดียวกันครับคุณผู้ชม
7-7407-27.wav	ตำรวจนำกำลังเข้าไปปิดล้อมกระทั่งจับกุมได้ชื่อนายสหรัฐ<MARK>อายุ15ปีนะฮะ
7-7407-31.wav	เป็นเพื่อนกับนายสหรัฐ<MARK>นะคนแทงนั่งรถมอเตอร์ไซค์มาด้วยกัน
7-7407-32.wav	แล้วมาเจอกลุ่มของนายพงศกร<MARK>อายุ16ปีผู้ตาย
7-7407-45.wav	แล้วก็แทงนายพงศกร<MARK>จนเสียชีวิตส่วนนายพงศกร<MARK>พลาดท่าถูกกลุ่มรุ่นพี่
7-7409-25.wav	คุณอุไรราชนคร<MARK>เป็นชาวจังหวัดพิจิตร
7-7410-22.wav	แต่จะแก้บนไว้ก่อนล่าสุดค่ะวันนี้นางสามัญญา(สามัญญา,มนัญญา)ไทยเศษ(ไทยเศษ,ไทยเศรษฐ์)<MARK>รัฐมนตรีช่วยว่าการกระทรวงเกษตรและสหกร(สหกร,สหกรณ์)
0-251-7.wav	บนถนนประชาธิปัตย์เขตเทศบาลนครหัดใหญ่จังหวัดสงขลา
0-252-12.wav	แล้วก็พบผู้เสียชีวิตก็คือนางสาวบงกฎศรีเพชรอายุ27ปี
0-252-15.wav	ก็คือนางสาวพิมชะนกฝันเชียนอายุ26ปี
0-252-17.wav	ส่วนคนเจ็บอีกคนนึงนะคะก็คือนายภัยศาลสอนนรินอายุ40ปี
0-252-42.wav	โดยนางสาวพิไลวันศรีจริยาอายุ45ปี
0-252-61.wav	ในที่เกิดเหตุนะคะก็พบนางสาวพรพันธ์ปีบัวอายุ21ปี
0-252-63.wav	คนขับรถเก๋งก็คือนางอุไรสิริมงคลอายุ66ปี
7-7428-40.wav	หลบหนีอีก3แล้วก็จับนายเกรียงศักดิ์(เกรียงศักดิ์,ถิระไชย)<MARK>หรือว่าศักดิ์ผาสุกได้
7-7428-37.wav	ก่อเหตุยิงนายเทพฤษ(เทพฤษ,เทพฤทธิ์)แซ่อง(แซ่อง,แซ่อึ้ง)<MARK>หรือว่าแจ็คสะพานยูงนะครับ
7-7428-42.wav	และอีกคนนึง(คนนึง,1คน)ที่ร่วมกันก่อเหตุก็คือนายภัยบูล(ภัยบูล,ไพบูลย์)บริสุทธิ์<MARK>นะนายภูมิพัฒน์(ภูมิพัฒน์,ภูมิพัตน์)<MARK>หรือว่าเป้ทัพพระยา
7-7428-41.wav	กับว่าตอนนี้เหลือหนีอีกสอง(สอง,2)คนคือนายภูมิพัฒน์(ภูมิพัฒน์,ภูมิพัตน์)ชาติประนอมชัย<MARK>หรือว่าเป้ทัพยา(ทัพยา,ทัพพระยา)มือยิงนะครับ
0-254-3.wav	อันนี้เจอในเมืองไทยแล้วคุณชนะดูนะไปกันที่บ้านตีนเขาหมู่3ตำบลทุ่งคาโงกอำเภอเมืองพังงาจังหวัดพังงาคุณดู
0-260-12.wav	นี่คือตาพรานบุญนะคะมีนางสาวนพรัชสุขสะอาด
0-260-20.wav	วัดคันธารามหรือวัดทุ่งอ้อบนถนนเชียงใหม่ฮอดอำเภอสรรปะตองจังหวัดเชียงใหม่
0-260-24.wav	แต่ละวันเนี่ยนะคะชาวบ้านก็จะเดินทางมาขอโชคขอลาบกันอย่างต่อเนื่อง
0-260-5.wav	วิหารวัดไซดในอำเภอเมืองจังหวัดอ่างทองค่ะ
0-263-101.wav	รพันธ์ขันทองคำรายงานจากจังหวัดเชียงรายค่ะ
0-263-84.wav	ขณะที่นายพาสกรบุญยลักษณ์รองผู้ว่าราชการจังหวัดเชียงรายบอกว่า
0-263-96.wav	จนเจอค่ะเช่นเดียวกับนางกรวรินตะอาของนายเอกพล
0-265-10.wav	ทะเบียนจังหวัดประจีนบุรีนี่แหละค่ะมาซื้อพวงมาลัยแล้ว
0-205-10.wav	สองสามีภรรยาก็เดินทางไปกราบเคารพศพขอขมาคุณลุงอุทัยที่วัด
0-207-33.wav	5รายมีนายธนพงศ์กองศรีอายุ24ปี
0-207-35.wav	มีนายสงบบุญศรีอายุ34ปีเป็นคนงาน
0-207-36.wav	นายนรงศักดิ์บริรักษ์อายุ29ปี
0-207-38.wav	แล้วก็นายกุลอายุ19ปีเป็นคนงานชาวเมียนมาร์เหมือนกัน
0-207-52.wav	วิศวกรที่เป็นโฟร์แมนคุมงานคือนายธนพงศ์
0-209-43.wav	อดีตสามีก็คือนายนพดลชื่นชม
0-209-52.wav	พร้อมกับยืนยันว่าไม่ได้ดึงกล้องจากหน้ารถของนางใจไปทำลาย
0-209-55.wav	สุดท้ายนะนางใจก็เลยไปลงบันทึกประจำวันกับตำรวจสภ.โพกลางที่
0-214-1.wav	จังหวัดสุมบุรีนะฮะก็น้ำท่วมแล้วก็น้ำในคลองเนี่ยเอิดลดแล้ว
0-218-26.wav	ประชาชนชาวแขวงทุกสองห้องเดินทางเข้ามาใช้สิทธิ
0-218-62.wav	นายสำรานผู้อำนวยการสำนักงานคณะกรรมการ
0-219-12.wav	นายชัยวัดคงทนอายุ44ปีพยานในที่เกิดเหตุเล่าแบบนี้ค่ะ
0-219-13.wav	คนยิงชื่อว่านายชัยนายชัยเนี่ยมากับน้องชายชื่อเสิร์ชนะคะ
0-219-14.wav	นั่งกินโต๊ะเดียวกับนายประพลผู้ตาย
0-219-15.wav	ก่อนเกิดเหตุได้ยินเสียงนายชัยโต้เถียงกับนายประพลผู้ตาย
0-219-16.wav	นายชัยวัดเริ่มเห็นท่าไม่ดีเพราะว่าทะเลาะกันรุนแรงมากขึ้น
0-219-17.wav	นายชัยวัดก็เลยพยายามห้ามทั้งสองฝ่ายนะคะ
0-219-18.wav	จากนั้นเห็นนายชัยลุกขึ้น
0-219-19.wav	ก็คิดว่าจะลุกขึ้นมาต่อยนายประพลแต่ไม่ต่อยสิคะ
0-219-20.wav	ควักปืนออกมาจากเอวค่ะกระหน่ำยิงใส่นายประพล
0-219-21.wav	จนนายประพลล้มแน่นิ่งลงไปข้างโต๊ะเลย
0-219-22.wav	จากนั้นนายชัยผู้พี่นายเสิร์ชผู้น้อง
0-219-34.wav	บอกว่าผู้ก่อเหตุก็คือนายชัยเนี่ย
0-219-9.wav	ไปเจอร่างของนายประพลชูศรีนอนเสียชีวิตค่ะ
0-220-14.wav	บุกขึ้นไปบนเวทีปราศัยของนายโดนัลด์ทรัมป
0-220-29.wav	แต่ทั้งหมดเป็นความต้องการของนายโดนัลดทรัมป์เองนะคะ
0-221-41.wav	นายวิวัฒน์อายุ36ปีหรือว่าครูฟู่
0-221-69.wav	แล้วเคยก่อเหตุที่งานศิลปะหัฐกรรมนักเรียนระดับชาติที่จังหวัดน่านด้วย
0-222-24.wav	ทีนี้ผู้ว่าราชการจังหวัดนราธิวาสนายเอกรัฐหลีเซ็น
0-224-9.wav	ไปถามนางสาวชัดติยาพรหวังข้อกลางอายุ31ปีเป็นชาวอ่างทองนั่นแหละ
7-7416-43.wav	เข้ามาวันไหนเพราะว่าทางครอบครัวเนี่ยขอเก็บข้อมูลเป็นความลับในขณะที่แหล่งข่าวอีกคนนั้นบอกว่าตอนนี้ครับร่างของผู้เสียชีวิตชาวจีนก็ยังคงถูกเก็บรักษาเอาไว้อยู่ในขณะที่ญาติของผู้เสียชีวิตนั้นบางส่วนเดินทางกลับจีนไปแล้วนะครับเหลือเพียงพ่อของผู้ตายครับที่ยังอยู่ในประเทศไทยเพื่อดูแลญาติอีกคนหนึ่ง(หนึ่ง,1)ที่ได้รับบาดเจ็บและรักษาตัวอยู่
0-225-111.wav	คุณผู้ชมคะพ่อของผู้ตายค่ะนายรุ่งศักดิ์อำเท้าบอกเลยว่ารับไม่ได้จริงกับเหตุการณ์ที่เกิดขึ้นเพราะว่าตอนนี้ชีวิตของลูกชายกำลังไปได้ดีอะค่ะลูกชายกำลังปรับปรุงบ้านให้ครอบครัวก่อนหน้านี้ก็ส่งเงินดูแลครอบครัวมาโดยตลอด
7-7416-5.wav	คุณแม่ของนางสาวตะวัน<MARK>
0-225-118.wav	คุณคารินทีมข่าวของเราก็เดินทางไปที่ตำบล
7-7420-14.wav	ส่วนประเด็นนี้ค่ะวันนี้นายไทยกร(ไทยกร,ไทกร)พลสุวรรณ<MARK>แก่นำคณะสมาสามัคคี(สมาสามัคคี,สามัคคี)ประชาชนเพื่อประชาธิปไตย
7-7428-10.wav	ซึ่งมือปืนที่ยิงเนี่ยนะชื่อว่านายภูมิพัฒน์(ภูมิพัฒน์,ภูมิพัตน์)ชาติประนอมชัย<MARK>หรือว่าเป้ทัพพระยา
7-7428-14.wav	ชื่อว่านายเกรียงศักดิ์ถิระชัย(ถิระชัย,ถิระไชย)<MARK>หรือว่าศักดิ์ผาสุกอายุ35ปีนะ
7-7428-16.wav	ตอนนี้ล่าสุดนะครับตำรวจกองปราบปรามสามารถจับกุมตัวนายเกรียงศักดิ์ธีรชัย(ธีรชัย,ถิระไชย)<MARK>หรือว่าศักดิ์ผาสุกได้แล้วนะครับ
7-7428-20.wav	ก็ยังจับกุมพวกที่พาหนีได้อีกก็เป็นญาติญาติกับแฟนสาวของเขาอีกสี่(สี่,4)คนด้วยกันนะแฟนสาวชื่อว่านางสาวอุมาพรชัยกายุทธ์(ชัยกายุทธ์,ไชยกาญจน์)<MARK>อายุ27ปีอันนี้ก็โดนข้อหาพวกให้ที่ซ่อนเร้นช่วยเหลือผู้ต้องหาในการหลบหนีคดีนะครับ
7-7428-26.wav	เขาแค่เป็นคนเอาปืนขึ้นมาขู่แต่ว่าในเป้ใช้ปืนอีกระบอกยิงใส่ผู้ตายคือนายเทพฤษ(เทพฤษ,เทพฤทธิ์)<MARK>
0-225-120.wav	หลังนี้เลยไม่เจอมายแต่เจอแม่ของมายเจอนางอุบลรอดหนองเข็งค่ะ
0-225-163.wav	ได้ว่าช่วงเกิดเหตุผู้ตายคือนายมานพกับมายผู้ต้องสงสัยเนี่ย
7-7428-43.wav	เทรนเนอร์มวยค่ายมวยทัพยา(ทัพยา,ทัพพระยา)ยิมที่จังหวัดชลบุรีมือปืนที่ยังหลบหนี
7-7429-11.wav	ประธานสงฆ์วัดป่าธรรมคีรีนายวุฒิมาเถาหมอ(เถาหมอ,เถาว์หมอ)<MARK>หรือพระมหาวุฒิมาเถาหมอ(เถาหมอ,เถาว์หมอ)<MARK>พระหมอ
7-7429-12.wav	เจ้าอาวาสวัดป่าธรรมคีรีเป็นอดีตแล้วนะคะและนางสาวจุธาทิพย์(จุธาทิพย์,จุฑาทิพย์)ภูบดีวโรชุพันธ์(วโรชุพันธ์,วโรชุพันธุ์)<MARK>
7-7429-25.wav	และเอาเงินสดไปมอบให้กับน้องสาวคือนางสาวจุธาทิพย์(จุธาทิพย์,จุฑาทิพย์)<MARK>
7-7429-30.wav	ตำรวจไปตรวจค้นคอนโดของนางสาวจุธาทิพย์(จุธาทิพย์,จุฑาทิพย์)<MARK>นะคะ
7-7429-57.wav	ด้านนายอินทพรจันเอี่ยม(จันเอี่ยม,จั่นเอี่ยม)<MARK>รักษาราชการแทนผู้อำนวยการสำนักพระพุทธศาสนาแห่งชาติก็บอกนะคะว่ามีคนร้องเรียนมาให้
7-7430-22.wav	โดยนายทองคำมีเดช<MARK>ที่รอดชีวิตมาได้แบบโอ้โหวุดหวิด
7-7432-9.wav	คนก่อเหตุคือนายนิคมมีสุข<MARK>หรือในเค้กอายุ28ปีนะคะ
0-225-16.wav	เพลงกุศลที่วัดบ้านจราเข้อำเภอหนองเรือจังหวัดขอนแก่นนี่ฮะ
7-7433-12.wav	เพื่อนัดเจอกับนายศักดา<MARK>หรือนายมี่ที่หน้าวัดบางกุ้ง
7-7433-37.wav	นายสุเทพธรรมนี<MARK>พ่อของผู้เสียชีวิต
0-225-19.wav	บรรยากาศก็เป็นไปด้วยความโศกเศร้านายมานบอำเท้าวัยยี่สิบเจ็ดปี
0-225-21.wav	แล้วก็นี่ฮะนายมานพนะฮะที่เสียชีวิต
7-7434-10.wav	นั่นหมายความว่าตอนที่น้องก่อย่า(ก่อย่า,กอหญ้า)ถูกนายยุทธพล<MARK>ทำร้าย
7-7434-21.wav	นายยุทธพล<MARK>เนี่ยก็คือฆ่าผู้อื่นโดยกระทำการทารุณโหดร้าย
7-7434-67.wav	ท่านก็จะทำให้แต่ว่าผมก็จะให้ทางยุติธรรมจังหวัดเนี่ยนะครับ
0-225-22.wav	เขาเช่าห้องพักอยู่กับแฟนที่เป็นสาวประเภทสองนะครับแฟนคือนายธรรมพิชารอดหนองเข็ง
0-225-25.wav	เอาสืบแล้วชื่อนี้นามสกุลนี้ชื่อเล่นชื่อมายอ้าวเป็นนายนะฮะ
0-225-26.wav	เป็นสาวประเภทสองหลังพบศพนายมานพอยู่ในห้องเช่าที่พักอยู่ด้วยกันเนี่ยนะครับ
0-225-35.wav	คุณครินได้คุยกับน้องสาวของนายมานพนะครับบอกว่า
7-7436-10.wav	ส่งผลให้นางสาวยิ่งลักษณ์(ยิ่งลักษณ์,ยิ่งลักษณ์ชินวัตร)<MARK>ต้องโทษถูกเว้นวัก(เว้นวัก,เว้นวรรค)ทางการเมืองเป็นเวลาห้า(ห้า,5)ปีทันที
7-7436-16.wav	เพียงแต่นางสาวยิ่งลักษณ์(ยิ่งลักษณ์,ยิ่งลักษณ์ชินวัตร)<MARK>ในฐานะตัวแทนตระกูลชินวัฒน์(ชินวัฒน์,ชินวัตร)
7-7436-2.wav	มติถอดถอนอดีตนายกรัฐมนตรีนางสาวยิ่งลักษณ์ชินวัตร<MARK>ออกจากตำแหน่ง
7-7436-33.wav	มติถอดท้อน(ถอดท้อน,ถอดถอน)นางสาวยิ่งลักษณ์(ยิ่งลักษณ์,ยิ่งลักษณ์ชินวัตร)<MARK>ออกจากตำแหน่ง
0-225-53.wav	น้องสาวของนายมานพบอกว่าเคยถามพี่ว่า
7-7436-6.wav	ก็ลงมติถอดท้อน(ถอดท้อน,ถอดถอน)นางสาวยิ่งลักษณ์ชินวัตร(ยิ่งลักษณ์ชินวัตร,ยิ่งลักษณ์ชินวัตร)<MARK>อดีตนายกรัฐมนตรี
7-7437-18.wav	ซึ่งนายนพัฒน์ชัยเจริญสุกเกษม(นพัฒน์ชัยเจริญสุกเกษม,ณภัทรชัยเจริญสุขเกษม)<MARK>
7-7440-12.wav	ตกเป็นเหยื่อนายนรง(นรง,ณรงค์)<MARK>นี่แหละเขาเล่าให้ฟังบอกว่า
0-225-84.wav	น้องสาวบอกว่าได้คุยกับนายมานพครั้งสุดท้าย
7-7440-14.wav	คือช่วงเที่ยงคืนก็ดึกแล้วล่ะนายนรง(นรง,ณรงค์)<MARK>เนี่ยนะ
7-7440-16.wav	เคาะหน้าต่างห้องของนายเอ็มนายเอ็มเป็นน้าของเด็กหญิงวัยสิบสาม(สิบสาม,13)ขวบ
7-7440-17.wav	แต่ว่านายเอ็มเนี่ยพิการเดินไม่ได้นายนรง(นรง,ณรงค์)<MARK>บอกขอเข้าไปนั่งคุยด้วยหน่อย
7-7440-18.wav	ตอนเที่ยงคืนนายเอ็มก็ไม่ได้เอกใจ(เอกใจ,เอะใจ)อะไรก็ถักตัว(ถักตัว,ถัดตัว)
7-7440-20.wav	ให้นายนโรง(นโรง,ณรงค์)<MARK>ปีนเข้ามาพอเข้ามาก็นั่งคุยกับนายเอ็มอยู่ประมาณสักห้า(ห้า,5)นาที
7-7440-22.wav	แล้วนายนรง(นรง,ณรงค์)<MARK>เดินเปิดประตูห้องนอนนายเอ็มออกไปนายเอ็มก็ตะโกนถามบอก
7-7440-23.wav	เข้ามาทางหน้าต่างทำไมไม่กลับทางเดิมอ่ะนายนรง(นรง,ณรงค์)<MARK>บอกเออขอเข้าน้ำ(เข้าน้ำ,เข้าห้องน้ำ)แป๊บนึงค่ะ
7-7440-25.wav	เอ็มก็เลยค่อยถัดตัวออกมาจากห้องนอนดูว่านายนรง(นรง,ณรงค์)<MARK>หายไปไหน
7-7440-28.wav	นายนรง(นรง,ณรงค์)<MARK>ไปอยู่ใต้เก้าอี้ข้างที่นอนของหลานสาวแล้วก็เอาผ้าห่มคลุมตัวเอาไว้เพื่อซ่อนตัว
7-7440-30.wav	หลบอยู่ตรงนั้นทำไมนายเอ็มก็มีเอ่อนายนรง(นรง,ณรงค์)<MARK>ก็มีท่าทีลุกลี้ลุกลน
7-7440-33.wav	นายเอ็มรู้สึกเลยว่ามันดูแล้วมันผิดปกติค่ะโทรหายาด(ยาด,ญาติ)เลย
0-226-0.wav	ต้องเข้าใจก่อนว่าบทบาทของผู้ว่ารายการจังหวัด
0-226-32.wav	เพราะฉะนั้นหน้าที่ของบทบาทผู้ประการจังหวัด
0-226-47.wav	เพราะฉะนั้นหน้าที่ของผู้ประการจังหวัดก็คือการบริหารจัดการ
0-226-61.wav	เคยเป็นประหลัดอำเภอเป็นนายอำเภอเป็นประหลัดจังหวัดเป็นรองผู้ว่าที่นี่
0-234-32.wav	ที่จังหวัดนนทบุรีอ่างทองเพชรสุพรรณบุรี
0-237-0.wav	คุณผู้ชมครับเรื่องราวที่มันต่อเนื่องกันกับคดีของแอมสายนาย
0-237-10.wav	โดยวันนี้ก็มีการเรียกทางด้านของนายจุลพงศ์ทวีศรีท่านอธิบดีกรมโรงงานอุตสาหกรรม
0-237-16.wav	โดยอยู่ระหว่างการรวบรวมพยานหลักฐานส่วนเรื่องของสารสายนายนั้นที่หลุดออกไปนอกระบบ
0-237-27.wav	แล้วการใช้สารสายนายทั้งหมดด้วยนะครับ
0-237-28.wav	ขณะที่เรื่องนอมวินีที่เป็นคนสั่งซื้อสายนายให้กับแอม
0-237-31.wav	ซึ่งเรื่องนี้อธิบดีกรมโรงงานอุตสาหกรรมยืนยันนะครับว่ามีการควบคุมการนำเข้าสารสายนายจากต่างประเทศตามพรบวัตถุอันตราย
0-237-35.wav	ส่วนคดีของแอมที่ผู้ต้องหานำสารสายนายไปใช้กับเหยื่อแล้วก็มีดาราสาวไปใช้ในการฆ่าสัตว์เล็กคลานต่าง
0-237-36.wav	ว่า2กรณีนี้ใช้สารสายนายอย่างผิดวัตถุประสงค์
0-237-42.wav	นี้จากการตรวจสอบข้อมูลพบว่าปัจจุบันมีบริษัทที่ขอนำเข้าสายนายทั้งหมด14รายรวม80ตันต่อปี
0-237-9.wav	คณะพนักงานสืบสวนสอบสวนคดีแอมสายนาย
0-238-15.wav	จังหวัดสงคราและยึดของกลางได้ทั้งหมด
0-238-16.wav	เบื้องต้นตำรวจแจ้งข้อหารนายสุเมษฐานร่วมกันพยายามฆ่าผู้อื่น
0-238-19.wav	ส่วนนางสาวดวงพรถูกแจ้งข้อหาครอบครองอาวุธปืนโดยไม่ได้รับอนุญาต
0-238-24.wav	สวนขยายผลเครือข่ายของนายสุเมฆว่ารับมาจากผู้ค้ายามรายอื่น
0-238-6.wav	คือของกลางที่ตำรวจสอบสวนกลางยึดได้จากนางสาวดวงพรทัพพคศนะครับ
0-238-7.wav	ที่เป็นผู้รับฝากทรัพย์สินของนายสุเมฆอิสดุลเอเย่นค้ายามรายใหญ่ครับ
0-238-8.wav	ซึ่งการจับกลุ่มในครั้งนี้ตำรวจขยายผลมาจากคดีที่นายสุเมฆ
0-239-10.wav	มีนายปรเมฆประเสริฐวงเป็นในเรือ
0-239-23.wav	เหตุการณ์นี้ก็คือนายธรรมนุนแจ่มใส
0-239-30.wav	แต่มีหนึ่งรายศูนย์หายคือนายสันติยพงศ์สงวนพันธ์
0-241-7.wav	นายชาตรีคัมภีริชยาวัย35ปี
0-244-133.wav	ฆ่านางสาวกมลเนธที่ห้องพักอีก
7-7440-35.wav	แล้วไปตามนายนรง(นรง,ณรงค์)<MARK>มาที่บ้านอีกรอบหนึ่ง(หนึ่ง,1)ด้วยนะมาสอบถาม
7-7440-36.wav	คราวนี้แหละนายนรง(นรง,ณรงค์)<MARK>ถึงขั้นประนมมือก้มกราบเลยค่ะ
7-7440-4.wav	นะคะเขาบอกว่าตามหาตัวผู้ชายคนนี้นายนรงลาบุตร(นรงลาบุตร,ณรงค์ลาบุตร)<MARK>หรือนายทง
7-7440-50.wav	อยู่กันห้า(ห้า,5)คนแต่ว่าสู้แรงนายนรง(นรง,ณรงค์)<MARK>ไม่ไหวนายนรง(นรง,ณรงค์)<MARK>ก็เลยหนีไปได้ค่ะ
7-7440-52.wav	ไม่ใช่แค่ฝั่งของครอบครัวน้องที่ตกเป็นเหยื่อนะคะฝั่งครอบครัวนายนโรง(นโรง,ณรงค์)<MARK>เองอ่ะ
7-7440-54.wav	ไม่อยากเรียกคนชื่อนรง(นรง,ณรงค์)ว่าเป็นพ่ออีกต่อไปแล้วอยากให้ตำรวจหาตัวนายนรง(นรง,ณรงค์)<MARK>มาดำเนินคดีให้ได้โดยเร็ว
7-7440-59.wav	ตอนนี้ตำรวจสภ.(สภ,สภ.)ปรามบุรี(ปรามบุรี,ปราณบุรี)ก็พยายามล่าหาตัวนายนรง(นรง,ณรงค์)<MARK>จากเส้นทางที่เขาหลบหนีโดยกล้องวงจรปิดอยู่ก็พยายามตามตัวอยู่นะคะ
7-7440-60.wav	ตรวจสอบประวัติดูเนี่ยก็ปรากฏว่านายนรง(นรง,ณรงค์)<MARK>เคยประกอบอาชีพขับรถตู้รับจ้างแล้วก็เคยถูกดำเนินคดีในข้อหาเสพยาเสพติดขณะขับรถด้วย
7-7441-10.wav	คนที่ถูกยิงจนบาดเจ็บสาหัสชื่อนายธรรมรัฐจีนสืบสาย<MARK>ชื่อเล่นชื่อจ๊าบ
7-7441-14.wav	นายธรรมรัฐ<MARK>หรือว่าจ๊าบเนี่ยถูกยิงเข้าไปกระสุนเนี่ยเข้าด้านหลังทะลุข้างหน้านะฮะเหนือหน้าอกหนึ่ง(หนึ่ง,1)นัด
7-7441-16.wav	ส่วนคนก่อเหตุชื่อนายประยงชูวงษ์วาน<MARK>อายุ56ปีเป็นลูกจ้างของร้านขายไก่สดอยู่ใกล้ใกล้กับบ้านของผู้ตายนี่นะฮะ
7-7441-23.wav	หลังจากกลับมาถึงบ้านเนี่ยได้ยินเสียงหลานชายกับผู้ก่อเหตุคือนายประยง<MARK>เนี่ยมีปากเสียงกัน
0-244-15.wav	ที่ตำบลครูหาสวรรค์อำเภอเมืองจังหวัดพัทลุงนะ
7-7441-25.wav	จังหวะหันหลังให้กับนายประยง<MARK>คนก่อเหตุเนี่ย
7-7441-26.wav	นายประยง<MARK>เนี่ยชักปืนขึ้นมายิงใส่หลานชาย78(78,7-8)นัดด้วยกัน
0-244-16.wav	จับตัวคนก่อเหตุคนนี้ในรุ๊ดหรือว่านายธนเดชแก้วช่วงอายุ27นะคะ
0-244-35.wav	ตำรวจสน.บังยี่ขันไปพบศพนะครับนางสาวกมลเนธละมุนอายุ26ปี
0-244-39.wav	ซึ่งในรุ๊ดเนี่ยรู้จักกับนางสาวกมลเนธผ่านแอปหาคู่คุณผู้ชมฮะ
7-7441-30.wav	พอยิงเสร็จนายประยง<MARK>เดินออกนอกบ้านแล้วขี่จักรยานยนต์หลบหนีไปเลย
0-244-44.wav	นางสาวกมลเนธถูกทำร้ายจนเสียชีวิต
7-7441-33.wav	แต่ว่านายประยง<MARK>เนี่ยหันมาชักปืนขึ้นมาขู่บอกไม่งั้นยิงนะ
7-7441-54.wav	นี่ฮะก็เลยลองไปตรวจสอบหน่อยได้คุยกับพนักงานที่ปั๊มบอกว่าปกติผู้ก่อเหตุคือนายประยง<MARK>นะ
0-245-118.wav	ก็จะส่งมอบให้กับนายนรงศักดิ์โอสดธนากร
7-7441-62.wav	จังหวะตรงนี้นะฮะแล้วเดินลงมาจากรถคงจะเห็นนายประโยง(ประโยง,ประยง)<MARK>คนก่อเหตุเนี่ยนั่นอยู่บนจักรยานยนต์มาเติมน้ำมันเหมือนกันนะก็เลยเดินตรงไปหา
7-7441-82.wav	ของผู้ก่อเหตุนะฮะนายจ้างของนายประยง<MARK>เธบอกว่าความจริงแล้ว
7-7441-92.wav	นายประยงชูวงษ์วาน<MARK>อายุ56ปีนะครับผู้ต้องหานะฮะที่ยิงเขาเสียชีวิตตอนนี้หลบหนีอยู่นะครับ
7-7441-93.wav	ส่วนนี้คือผู้ตายนะฮะนายธรรมรัฐจีนสืบสาย<MARK>หรือว่าจ๊าบอายุ44ปี
7-7441-94.wav	นายประยง<MARK>เนี่ยสภ.(สภ,สภ.)นครชัยศรีขออนุมัติศาลออกหมายจับแล้วนะฮะ
0-265-14.wav	แล้วลงวันที่ไว้ว่าหกกุมภาพันธ์น่ะนะคะผู้สื่อข่าวก็เลยลงพื้นที่ไปคุยกับนายชาตรีเพิ่มเติมค่ะ
0-265-15.wav	ซึ่งเขาบอกว่าช่วง6โมงเช้าวันนี้นายชาตรีเนี่ยก็ยืนขายพวงมาลัยให้ลูกค้าที่ขับรถผ่านไปมาตามปกติ
7-7441-96.wav	ส่วนศพของนายธรรมรัฐตอนนี้ถูกส่งไปชันสูตรตามขั้นตอนอยู่นะครับคุณผู้ชมครับ
0-265-25.wav	เงินจำนวนนี้นายชาตรีบอกว่าไม่อยากได้ถือว่าเป็นเงินจำนวนมากสำหรับเขานะคะ
7-7444-14.wav	ึงโขงหลง(ึงโขงหลง,บึงโขงหลง)จังหวัดบึงกาฬค่ะครับคือตามความเชื่อแล้วนะ
7-7446-40.wav	และคณะทำงานที่จะไปรับตัวอดีตนายกทักษิณ(ทักษิณ,ทักษิณชินวัตร)<MARK>ในวันที่เดินทางกลับเมืองไทย
7-7450-16.wav	ส่วนทางด้านนักชกในมุมแดงครับปานเพชรสิทธิ์สั่งปราบ(ปานเพชรสิทธิ์สั่งปราบ,ปานเพชรผดุงชัยมวยไทยยิม)ครับนายสอนรามศรีรัตนพันธ์(สอนรามศรีรัตนพันธ์,ศรรามเสนากลาง)<MARK>
7-7454-45.wav	นายภูริวัฒน์นิ่มเรือง<MARK>หรือว่าออสกุมารดำอายุ52ปี
7-7454-46.wav	คนขับรถเป็นคนยิงแล้วเป็นน้องชายนายประสบโชค(ประสบโชค,ประสพโชค)<MARK>เนี่ย
7-7454-47.wav	และนายธวัชชัยศรีชาญ<MARK>อายุ48ปีทำหน้าที่นะครับ
0-265-35.wav	สาขาอำเภอศรีมหาโพธิจังหวัดประจีนบุรีก็ได้
7-7454-49.wav	กระทั่งตำรวจจับกุมนายธวัชชัย<MARK>ได้ไม่นานครับ
7-7454-51.wav	น้องชายของนายประสบโชค(ประสบโชค,ประสพโชค)<MARK>ก็เข้ามอบตัว
7-7454-58.wav	ว่าตำรวจกองปราบไปจับนายประสบโชค(ประสบโชค,ประสพโชค)<MARK>
7-7454-78.wav	ตำรวจยังสอบสวนนายประสบโชค(ประสบโชค,ประสพโชค)<MARK>นะครับ
7-7455-10.wav	แล้วคนเจ็บชื่อว่านายบัวพันธ์(บัวพันธ์,บัวผัน)<MARK>
7-7455-15.wav	น้องชายของคนเจ็บนั่นแหละชื่อนายไพรวัน(ไพรวัน,ไพรวัลย์)<MARK>
7-7455-40.wav	หลังจากนั้นก็ไปตรวจค้นที่นอนของนายไพรวัน(ไพรวัน,ไพรวัลย์)<MARK>
7-7455-46.wav	บ้านหลังที่เกิดเหตุเป็นบ้านของนายไพรวัน(ไพรวัน,ไพรวัลย์)<MARK>
7-7455-49.wav	แต่ว่านายไพรวัล(ไพรวัล,ไพรวัลย์)<MARK>ไม่ยอมมาร่วมวงกินข้าวด้วย
7-7455-56.wav	ตรวจสอบประวัตินายไพรวัน(ไพรวัน,ไพรวัลย์)<MARK>คนก่อเหตุครับ
7-7455-70.wav	นายไพรวัน(ไพรวัน,ไพรวัลย์)<MARK>คนก่อเหตุย่องกลับเข้ามาครับ
7-7456-37.wav	สวัสดีค่ะหนูชื่อนางสาวไอรดานามสกุลนินดำ<MARK>
7-7458-33.wav	และตอนนี้ค่ะไม่ว่าจะเดินทางไปไหนนะคะเราก็จะได้เห็นความงามจากต้นตาเบบูย่า(ตาเบบูย่า,ตาเบบูญ่า)
7-7460-115.wav	วันนี้ทีมข่าวของเรานะครับยังได้พูดคุยกับญาติของนายนพดล<MARK>ผู้ตายนะฮะ
7-7460-116.wav	เดินทางมาที่จุดเกิดเหตุนายวงศธรอมรสุขสรรค์<MARK>ลูกชายคนเล็ก
7-7460-123.wav	หลานสาวของนายนพดล<MARK>บอกว่ารับไม่ได้กับเหตุการณ์ที่เกิดขึ้น
7-7460-14.wav	ไปมุงดูกันเยอะเลยค่ะผู้เสียชีวิตชื่อว่านายนพดลอมรสุขสรรค(อมรสุขสรรค,อมรสุขสรรค์)<MARK>
7-7460-168.wav	นายสุวิทย์ขอบปี(ขอบปี,ชอบปี)<MARK>เป็นคนขี่จักรยานยนต์รับจ้างเบอร์37
7-7460-170.wav	บอกว่านายนพดล<MARK>เป็นคนดีไม่เคยทำร้ายใคร
7-7460-183.wav	วันนี้ญาติของนายนพดล<MARK>เดินทางไปที่สถาบันนิติเวช
7-7460-41.wav	แล้วคนที่ซ้อนท้ายล็อกคอนายนพดล<MARK>
7-7460-48.wav	นายนพดล<MARK>พยายามร้องขอชีวิตค่ะ
7-7461-24.wav	ขณะที่นายอนุทินชาญวีรกูล(อนุทินชาญวีรกูล,อนุทินชาญวีรกูล)<MARK>รองนายกรัฐมนตรีและรัฐมนตรีว่าการกระทรวงสาธารณสุข
7-7462-12.wav	ก็ลงพื้นที่ไปพบกับนายพิเชษ(พิเชษ,พิเชษฐ์)แสงจันทร์<MARK>อายุ51ปี
7-7462-26.wav	นายพิเศษ(พิเศษ,พิเชษฐ์)<MARK>บอกว่าเขาแล้วก็นายหนึ่งสกล<MARK>
7-7462-27.wav	ธเนตตระกูล(ธเนตตระกูล,ธเนศตระกูล)<MARK>อดีตนายกอบต.(อบต,อบต.)ในคลองบางปลากดแล้วก็ทีมงาน
7-7462-48.wav	โดยมีนายวิทยาสักดิโคสุระ(วิทยาสักดิโคสุระ,พิพัฒน์รัชกิจประการ)<MARK>รัฐมนตรีว่าการกระทรวงการท่องเที่ยวและกีฬา
7-7463-100.wav	ขอบคุณคุณอยุธยา(อยุธยา,ยุทธยา)ตุ้มมี<MARK>นะคะผู้สื่อข่าวไทยรัฐทีวีรายงานสดมาจากอำเภอแม่สายจังหวัดเชียงรายนะคะ
7-7463-37.wav	โดยนายรัตนศักดิ์รัตนมณี<MARK>
7-7463-67.wav	ที่ตอนนี้ต้องบอกว่าคือพร้อมเก็บเกี่ยวนะครับแต่ว่าเจ้าของไร่เองก็คือนางสาวสุนทรีย์<MARK>
7-7463-99.wav	ยุธยา(ยุธยา,ยุทธยา)ตุ้มี(ตุ้มี,ตุ้มมี)<MARK>ข่าวไทยรัฐทีวีรายงานจากอำเภอแม่สายจังหวัดเชียงรายครับ
7-7465-16.wav	ก็เลยไปสอบสวนนายอุดร<MARK>คนขับอย่างละเอียดทำไมถึงไปจอดตรงนั้น
7-7465-7.wav	นะฮะตำรวจสภ.(สภ,สภ.)ลำปลายมาตรจับกุมนายอุดรสุดแก้ว<MARK>อายุ53ปี
7-7467-16.wav	น้องคนนี้ชื่อนางสาวอินทุออน(อินทุออน,อินทุอร)กอหาร(กอหาร,กอหญ้า)<MARK>อายุ23ปี
7-7467-170.wav	นายวรวุฒิ<MARK>บอกว่าผมมาเปิดประตูออกมา
7-7467-179.wav	ตัวนายวรวุฒิ<MARK>บอกว่ารีบโทรแจ้งตำรวจนะคะ
7-7467-27.wav	ตอนที่นางสาวอินทิวออน(อินทิวออน,อินทุอร)<MARK>นะที่เสื้อคลุมสีส้มนะครับ
7-7467-281.wav	ก็บอกว่าแม่ของผู้เสียชีวิตรู้เรื่องแล้วกำลังเดินทางมาจากจังหวัดพิ(พิ,พิจิตร)
7-7467-42.wav	นางสาวอินทุออน(อินทุออน,อินทุอร)กอหาร(กอหาร,กอหญ้า)<MARK>อายุเพิ่ง23ปีเท่านั้น
7-7467-58.wav	นางสาวอินทออน(อินทออน,อินทุอร)<MARK>ไปทางบันไดหนีไฟแล้วเป็นรอยเท้าเปื้อนเลือดเนี่ย
0-265-7.wav	นายชาตรีกองคำอายุ28ปีค่ะเขามีอาชีพขายพวงมาลัย
0-265-8.wav	อยู่ที่สี่แยกไฟแดงคลองรังหน้าห้างโลตัสสาขาอำเภอศรีมหาโพธิจังหวัดประจีนบุรีค่ะ
0-266-11.wav	แต่ว่าประชาชนจากทั่วสารทิศนั้นต่างหลั่งไหลเดินทางมายังชาปนสถานชั่วคราวกันอย่างไม่ขาดสาย
0-266-24.wav	มีนางคำมั่นวงกาญจนรัฐน้องสาวหลวงพ่อคูณ
0-266-27.wav	คณะบดีคณะแพทยศาสตร์และนายสมศักดิ์ปริสุทธโธเหมธานนท์
0-266-32.wav	ระหว่างนั้นพระครูศรีปริยัติวิสุทธิ์รองเจ้าคณะจังหวัดนครราชสีมา
0-266-66.wav	และสำหรับประชาชนนะคะที่จะเดินทางเข้ามาที่ชาปณะสถานชั่วคราว
0-266-6.wav	หลั่งไหลเดินทางเข้ามาชมความวิจิตรของเมรุลอยนกหัสดีลิงค์เทินบุษบกค่ะ
0-267-49.wav	นางก็ขอบคุณมีเรียกับคุณอ้ำอธิชาติด้วย
0-267-59.wav	อีกอย่างนางก็บอกว่านางไม่ได้อ่ะ
0-267-91.wav	ซึ่งเริ่มถ่ายเมื่อไหร่ก็ยังไม่มีการแจ้งมาแล้วก็ตอนนี้นางถ่ายอยู่3เรื่อง
0-270-32.wav	ว่าตอนนี้นะตั้งแต่เกิดเหตุจนถึงปัจจุบันนี้นะตำรวจทองที่ไม่มีเดินทางมาสอบประคำลูกชายเลยอยากให้คดีคืบอยากให้จับคนร้ายให้ได้อยากถามว่าทำทำไมสาเหตุทำเพราะอะไรเพราะลูกชายไม่มีเรื่องกับใครมาก่อน
0-271-12.wav	ตอนตี3นะตำรวจก็ไปตรวจสอบพบร่างนายนัทพัฒน์
0-271-19.wav	เล่าให้ฟังว่ามีปากเสียงกับนายนัทพัฒน์เมื่อวันพระรหัสสบดีที่28กันยายนที่ผ่านมานี่เราทำภาพจำลองให้ดูคุณผู้ชมคือขายของด้วยกัน
0-271-29.wav	ต่อมาทีมข่าวไปที่ที่จัดงานศพของนายนัทพัฒน์เนี่ยจัดขึ้นที่วัดบ้านโพครับ
0-271-55.wav	เป็นสาเหตุที่ลูกชายแม่ก็คือนายนัทพัฒน์ยอมให้กดขี่
0-272-25.wav	คุณทำบุญให้เขาด้วยครับนายภัยทูลพุ่มรัฐนะครับ
0-273-0.wav	อ่ะคุณผู้ชมครับพาไปที่พนมรัฐฟาร์มนะครับอยู่ที่หมู่หกอำเภอชายาจังหวัดสุราษฎร์ธานีภายในสวนเลี้ยงหมูแม่พันธุ์และหมูขุนซึ่งหมูขุนของเขาอ่ะจะทำการเลี้ยงแบบ
0-273-7.wav	ได้ที่พนมรัฐฟาร์มหรือสอบถามเส้นทางต่างที่จะเดินทางไป
7-7477-0.wav	มาดูคดีของอดีตพระเนรคำ(เนรคำ,เณรคำ)นะคะหรือนายวิรพลสุขผล(วิรพลสุขผล,วิรพลสุขผล)<MARK>
7-7481-111.wav	ญาติของนางหนูทอง<MARK>ผู้ตายด้วยนะคะ
7-7481-113.wav	เยอะแยะมากมายเลยได้คุยกับลูกชายนางหนูทอง<MARK>นะครับ
7-7481-11.wav	สภ.(สภ,สภ.)หนองบัวแดงลงพื้นที่ตรวจสอบผู้ตายก็คือนางหนูทองพวงยอด<MARK>อายุ50ปี
7-7481-14.wav	ชื่อว่านายปราโมทย์กำลังกล้า<MARK>อายุ56ปี
7-7481-15.wav	คือเป็นชายหนุ่มที่มาติดพันธ(ติดพันธ,ติดพัน)นางหนูทอง<MARK>ได้พักนึง(พักนึง,พักหนึ่ง)แล้วล่ะ
7-7481-16.wav	คือนางหนูทอง<MARK>เนี่ยจริงเธอมีสามีใช่ไหมคะ
7-7481-20.wav	นี่คือนายปราโมทย์<MARK>นะคะมาติดพันธ(ติดพันธ,ติดพัน)นางหนูทอง<MARK>อยู่พักนึง(พักนึง,พักหนึ่ง)แล้ว
7-7481-24.wav	นางหนูทอง<MARK>เลิกงานมาตอน2ทุ่มครึ่งก็มาหาเธอที่บ้าน
7-7481-25.wav	เพราะว่านางหนูทอง<MARK>เนี่ยนับถือเธอเป็นป้ามักจะมาบ่นมาระบายเรื่องของนายปราโมทย์<MARK>
7-7481-35.wav	คือเธอพยายามเอามือบังแล้วด้วยนะนางหนูทอง<MARK>พยายามเอามือบังและเอี้ยวตัวหลบแล้ว
7-7481-37.wav	ตอนนั้นเนี่ยนางถวิน<MARK>ที่อยู่ในเหตุการณ์ด้วยก็พยายามเรียกลูกสาวให้ออกมาช่วย
7-7481-47.wav	นายปราโมทย์<MARK>วิ่งไปตามทุ่งนาเพื่อจะกลับบ้านแม่ก็ตามไปตามไปบ้านแม่เนี่ยตามไปตามทางที่คิดว่าเขาน่าจะวิ่งหลบหนีมานะคะ
7-7481-48.wav	ครับก็เดินไปจนถึงบ้านแม่ก็ได้เจอกับน้องสาวแล้วก็แม่ของนายปราโมทย์<MARK>น้องสาวเล่าแบบนี้
7-7481-57.wav	ทีนี้ก็ไปคุยกับแม่ของนายปราโมทย์<MARK>คนก่อเหตุนะคะ
7-7481-70.wav	หมู่บ้านนึง(นึง,หนึ่ง)ก็มาหานางหนูทอง<MARK>
7-7481-77.wav	แล้วก็สงสัยด้วยว่าฝ่ายหญิงก็คือนางหนูทอง<MARK>
7-7483-58.wav	ในงานของดีเมืองกำแพงก็คือจังหวัดกำแพงเพชร
0-287-22.wav	ผู้ตายชื่อว่านายนิธิพลแซ่ตัน
7-7485-3.wav	คนทีนี้ภรรยาของนายสุจรัส(สุจรัส,สุจริต)<MARK>เนี่ยเล่าให้ฟังนะคะว่ากลาง
7-7486-21.wav	ก็เลยคิดว่านายอนุสร(อนุสร,อนุสรณ์)<MARK>ผู้ตายอาจจะขี่มาด้วยความเร็ว
7-7486-30.wav	ทีนี้คนที่เขาเลี้ยงนายอนุสร(อนุสร,อนุสรณ์)<MARK>มาตั้งแต่เด็กเลยเนี่ย
7-7486-46.wav	ทางด้านแม่ของนายอนุสร(อนุสร,อนุสรณ์)<MARK>บอกว่าอนุสร(อนุสร,อนุสรณ์)<MARK>เขามีลูกยังเล็กอยู่เลย
7-7486-54.wav	แล้วตอนนี้ศพของนายอนุสร(อนุสร,อนุสรณ์)<MARK>ตั้งศพอยู่ที่วัดมาบตะโกเอน
7-7486-55.wav	ครบุรีจังหวัดนครราชสีมานะคะ
7-7486-9.wav	คุณแม่บุญน้อมสิมกิ่ง<MARK>นะคะเป็นคุณแม่ของนายอนุสรสิมกิ่ง(อนุสรสิมกิ่ง,อนุสรณ์สิมกิ่ง)<MARK>
7-7489-1018.wav	ผ้าป่าของพี่นางศิริพร(ศิริพร,ศิริพรอำไพพงษ์)<MARK>ค่ะล่าสุดนะคะ
7-7489-1020.wav	วกกับทะเบียนรถของพี่นางเนี่ยให้โชคแบบนี้ตรง
7-7489-1022.wav	ล่าสุดพี่นางได้นำขบวนทีมงานสายบุญไปทอดพระป่า(พระป่า,ผ้าป่า)ที่วัดพุทธยาน(พุทธยาน,พุทธยานต์)บารมีนะคะ
7-7489-1034.wav	ให้กับที่วัดนี้ด้วยก็คือพี่นางก็เดินสายทำบุญ
7-7489-206.wav	นางสาวกลิ่นเกษร(กลิ่นเกษร,กลิ่นเกสร)วงสิง(วงสิง,วงษ์สิงห์)<MARK>อายุ36ปี
7-7489-212.wav	แล้วก็นายนิวัฒน์(นิวัฒน์,นิวัฒน์)<MARK>หรือแจ็คเฉลิมวัดอีกคนนึง(คนนึง,1คน)เนี่ยคือใคร
7-7489-220.wav	ก็สืบสวนข้อเท็จจริงนะฮะว่านางสาวกลิ่นเกษร(กลิ่นเกษร,กลิ่นเกสร)<MARK>ผู้ตายเนี่ย
7-7489-222.wav	เป็นสามีภรรยากันเลยพี่กับเสี่ยไฮ้หรือนายสันติ(สันติ,สันติ)<MARK>เนี่ย
7-7489-231.wav	ภายในบ้านนี่แหละของนายสันติ(สันติ,สันติ)<MARK>เนี่ยที่เราบอกว่าเจอผ้าห่อ
7-7489-286.wav	นายสมคิดพนมคุณ(พนมคุณ,พุ่มพวง)<MARK>อายุ49ปีนะคะ
7-7489-354.wav	แต่ผ้าขม้า(ผ้าขม้า,ผ้าขาวม้า)ไม่น่าแปลกเพราะผ้าขาวม้าแต่ละจังหวัดมันก็จะมีลายใครลายมันถูกต้องไหมล่ะ
7-7489-440.wav	ออกจากห้องขังโดยนายสรรเสริญ<MARK>ใส่หมวกแก๊ปหน้ากากอนามัยปิดบังใบ
7-7489-746.wav	แล้วพอถามมุ่งมั่นนางท็อปก็วิ่งไอ้นี่ก็ผัดไทย
7-7492-25.wav	ไปพบนายสุนทรเรืองแก้ว<MARK>อายุ50ปี
7-7492-29.wav	แล้วก็เป็นผู้ช่วยของนายฉลองเทิด(เทิด,เทอด)วีรพงศ์(วีรพงศ์,วีระพงศ์)<MARK>สส.(สส,สส.)พัทลุง
7-7492-51.wav	ชื่อว่านางประดับทองร่วง<MARK>อายุ63ปีค่ะ
7-7493-16.wav	ส่วนที่จังหวัดอื่นเนี่ยอย่างเช่นตากก็จะเรียกกล้วยจักกา(จักกา,จะก่า)
7-7493-37.wav	นี่แหละคุณผู้ชมดิฉันเนี่ยเคยไปร่วมงานเทศกาลวันเข้าพรรษาที่จังหวัดสระบุรี
7-7494-7.wav	ก่อนละครออนแอร์แอนน่า(แอนน่า,แอนนา)<MARK>บอกว่าหนูเดินทางไปไหว้แม่พึ่ง(พึ่ง,พุ่ม)พุ่มพวงดวงจันทร์<MARK>
7-7495-27.wav	จากการสอบถามนางสาวพิกุณฑองพันธุ์ข้างเหนียว(พิกุณฑองพันธุ์ข้างเหนียว,พิกุลทองปั่นข้าวเหนียว)<MARK>
7-7495-37.wav	โดยช่างประจำห้างอย่างนายเสกสรรโสภารัฐ<MARK>
7-7496-10.wav	ก็ไปกับนายกรอบสักดิ(กรอบสักดิ,กอบศักดิ์)ภูตระกูล<MARK>นายสนธิรัตน์(สนธิรัตน์,สนธิรัตน์)สนธิจิรวงศ์<MARK>2รัฐมนตรี
7-7496-13.wav	อุตมะ(อุตมะ,อุตตม)<MARK>และนายสนธิรัตน์(สนธิรัตน์,สนธิรัตน์)<MARK>บอกว่าใช้วันหยุดราชการลงพื้นที่นะ
7-7496-8.wav	อุตมะสวนายน(อุตมะสวนายน,อุตตมสาวนายน)<MARK>รัฐมนตรีว่าการกระทรวงอุตสาหกรรม
7-7497-33.wav	อาการของผู้หญิงท่านนี้ตอนนี้คุณหมอก็ให้เดินทางกลับบ้านแล้ว
7-7498-0.wav	กระมวลวิสิต(กระมวลวิสิต,กมลวิศิษฎ์)<MARK>ได้เดินทางเข้าเยี่ยมนายชูวิทย์(ชูวิทย์,ชูวิทย์กมลวิศิษฎ์)<MARK>ที่เรือนจำพิเศษกรุงเทพมหานครนะคะ
7-7498-10.wav	ว่านายชูวิทย์(ชูวิทย์,ชูวิทย์กมลวิศิษฎ์)<MARK>ยังคงมีสภาพจิตใจที่ดี
7-7498-14.wav	โดยนายชุวิต(ชุวิต,ชูวิทย์)<MARK>ได้แสดงความเป็นห่วงลูกทั้งห้า(ห้า,5)คนและสุนัขอีกสาม(สาม,3)ตัว
7-7498-18.wav	นายเติมตระกูล(เติมตระกูล,เติมตระกูลกมลวิศิษฎ์)<MARK>บอกว่านายชูวิทย์(ชูวิทย์,ชูวิทย์กมลวิศิษฎ์)<MARK>นั้นนอนไม่ค่อยหลับ
7-7498-1.wav	โดยนายชูวิทย์(ชูวิทย์,ชูวิทย์กมลวิศิษฎ์)<MARK>ก็บอกว่ารู้สึกเป็นห่วงลูกรวมทั้งเป็นห่วงธุรกิจ
7-7498-21.wav	ขณะที่สภาพร่างกายที่สังเกตเห็นคือนายชูวิทย์(ชูวิทย์,ชูวิทย์กมลวิศิษฎ์)<MARK>ถูกตัดผมสั้น
7-7498-22.wav	ส่วนทางด้านนายอายุสินทพพันธ์สินทบพันธ์(อายุสินทพพันธ์สินทบพันธ์,อายุตม์สินธพพันธุ์)<MARK>
7-7498-30.wav	ต้น(ต้น,ตอนนี้)นายชูวิทย์(ชูวิทย์,ชูวิทย์กมลวิศิษฎ์)<MARK>ถูกควบคุมตัวอยู่ภายในแดนแรกรับ
7-7498-3.wav	เติมตระกูลกระมวลวิสิต(เติมตระกูลกระมวลวิสิต,เติมตระกูลกมลวิศิษฎ์)<MARK>บุตรชายนายชูวิทย์กระมวลวิสิต(ชูวิทย์กระมวลวิสิต,ชูวิทย์กมลวิศิษฎ์)<MARK>พร้อมสมาชิกครอบครัว
7-7498-4.wav	เดินทางเข้าติดต่อเจ้าหน้าที่ราชทัณฑ์เพื่อขอเข้าเยี่ยมนายชูวิทย์(ชูวิทย์,ชูวิทย์กมลวิศิษฎ์)<MARK>
7-7499-24.wav	โดยนายพิธา(พิธา,พิธาลิ้มเจริญรัตน์)<MARK>แจ้งวันเดือนปีเกิดที่กู้บอกว่า14เมษายน
7-7499-33.wav	นายวัฒนาชัยส้มมี(วัฒนาชัยส้มมี,นิวัติไชยเกษมมงคล)<MARK>ครับผู้ช่วยเลขาธิการป.ป.ช.(ป.ป.ช,ป.ป.ช.)เปิดเผย
7-7499-34.wav	บอกว่านายพิธา(พิธา,พิธาลิ้มเจริญรัตน์)<MARK>ขอขยายเวลายื่นบัญชีทรัพย์สินเป็นเวลา30วัน
7-7499-42.wav	เนื่องจากนายพิธา(พิธา,พิธาลิ้มเจริญรัตน์)<MARK>ได้ยื่นเพียงคำสั่งศาลเท่านั้น
7-7499-9.wav	แล้วก็มีเงินให้กู้ยืม1ล้านห้าแสนบาทใครยืมอ่ะนายพาสิน(พาสิน,ภาษิณ)ลิ้มเจริญรัฐ(รัฐ,รัตน์)<MARK>ครับ
7-7500-0.wav	สวัสดีครับในวันนี้หวังว่าทุกคนคงได้เดินทางกลับสู่ภูมิลำเนาตามจุดต่าง(ต่าง,ต่างๆ)ทั่วประเทศไทยนะครับหลายคนต้องฝ่าฝนหลายคนต้องฝ่าลมหนาวหลายคนต้องเจอกับสภาพอากาศแปรปรวนแน่นอนครับวันหยุดยาวนี้หลายพื้นที่อากาศดีแต่ว่าหลายพื้นที่ต้องระวังหน่อยเพราะว่าสภาพอากาศนั้นก็ไม่เหมาะแก่การท่องเที่ยวนะครับเป็นอย่างไรเดี๋ยวเรามาตรวจสอบ
7-7501-10.wav	โดยมีนายปีดก(ปีดก,ปิฎก)สุขสวัสดิ์<MARK>สามีมาคอยให้กำลังใจอยู่ข้างเวทีตรงนี้นะฮะ
7-7501-6.wav	นางสาวแพทองธารชินวัตร(แพทองธารชินวัตร,แพทองธารชินวัตร)<MARK>หรือว่าอุ้งอิ๊งฮะ
7-7503-32.wav	ขณะที่นางสาวนันทวันกั้งกระโท(กั้งกระโท,กั้งกระโทก)<MARK>อายุ30ปี
7-7507-20.wav	สัญญาณไฟแจ้งเตือนนายสักกริน(สักกริน,สักกรินทร์)<MARK>มองไม่เห็น
7-7507-21.wav	พุ่งชนท้ายแล้วชนแรงนายสักกริน(สักกริน,สักกรินทร์)<MARK>เจ็บหนักเลยค่ะ
7-7507-9.wav	ถึงต้นขาเลยอ่ะถูกนี่นะคะนายสักกรินภูครองแข็ง(สักกรินภูครองแข็ง,สักกรินทร์ภูครองแก้ว)<MARK>อายุสิบเจ็ด(สิบเจ็ด,17)ปีนะคะ
7-7508-21.wav	ก็คือนายสุพัฒน์พับพิมพ์(สุพัฒน์พับพิมพ์,สุพัตพัพพิมพ์)<MARK>หลังเป็นลูกน้องของนายประจวบ<MARK>นะคะ
7-7508-22.wav	ตรวจค้นนายประจวบ<MARK>ไปพบไอซ์1ห่อน้ำหนัก041(041,0.41)กรัม
7-7508-26.wav	ไปดูพฤติกรรมนายประจวบ<MARK>มาระยะหนึ่ง(หนึ่ง,1)แล้ว
7-7508-23.wav	ในกระเป๋ากางเกงแล้วก็ไปเจอห่อยยาบ้าที่นายประจวบ<MARK>ทิ้งลงพื้นอีก1ห่อได้27เม็ดเนี่ยนะคะ
7-7508-28.wav	นายประจวบ<MARK>จะยืนอยู่ในบ้านแล้วก็ส่งยาบ้าให้วัยรุ่นในทางรั้วนะคะ
7-7508-29.wav	นายประจวบ<MARK>ยอมรับว่าซื้อยาบ้ามาเม็ดละ45บาท
7-7508-8.wav	บุกเข้าจู่โจมบ้านของนายประจวบแสนศรี<MARK>อายุ57ปี
7-7510-28.wav	เขาคือนายจักรีถึงเกลือ(ถึงเกลือ,ทึ้งเกลือ)<MARK>เข้ามาในกุฏิ
7-7510-37.wav	ทีนี้เมื่อวานนายคนนี้นายจักรีน(จักรีน,จักรี)<MARK>มาอีกรอบที่2นี่ไง
7-7510-40.wav	แล้วตัวนายจักรี<MARK>เขาโมโหไงยืนตะโกนด่าเจ้าอาวาสอยู่หน้ากุฏิ
7-7510-52.wav	มาช่วยกันล้อมจับนี่คือตำรวจอ่ะแย่งมีดพระจากนายจักรี<MARK>เอาไว้
7-7510-53.wav	แล้วก็พาเขาไปชี้จุดที่เกิดเหตุครับทีเนี้ยต้องนำตัวนายจักรี<MARK>เนี่ย
7-7510-55.wav	ท่านเจ้าอาวาสก็ยอมรับว่านายจักรี<MARK>คนที่ก่อเหตุเนี่ย
7-7510-61.wav	นายจักรี<MARK>ก็มาที่วัดเป็นประจำนะคุณ
7-7516-10.wav	เดินทางเข้าพบพลตำรวจโทสานิทมหาธาวร(สานิทมหาธาวร,ศานิตย์มหถาวร)<MARK>
7-7516-2.wav	ข่าวนางไก่(นางไก่,มณตาหยดวิรุฬห์)<MARK>หรือว่าหญิงไก่มาแล้วนะคะ
7-7525-5.wav	โดยนายสิริจิรพงพันธ์(สิริจิรพงพันธ์,ศิริจิระพงษ์พันธ์)<MARK>รัฐมนตรีว่าการกระทรวงพลังงาน
7-7523-33.wav	จากการตรวจสอบพบนายประสิทธิ์ภูลเพิ่ม(ภูลเพิ่ม,พูนเพิ่ม)<MARK>อายุ50ปีชาวอุบลราชธานี
7-7523-37.wav	ญาติบอกว่านายประสิทธิ์<MARK>ผู้เสียชีวิตเข้าไปนอนอยู่ในรถตั้งแต่ช่วงบ่าย
7-7529-10.wav	สุภาวดีแก้วกำยาน<MARK>อายุ42ปีเป็นชาวจังหวัดกระบี่
7-7529-12.wav	นางสาวพัทรวดี(พัทรวดี,พัชรวดี)<MARK>ถูกสุนัขกัด
7-7529-11.wav	ซึ่งเป็นแม่ของนางสาวพัฒระวดี(พัฒระวดี,พัชรวดี)นิน(นิน,นิล)อุปถัมภ์<MARK>อายุ24ปี
7-7529-37.wav	ช่วยกันนำตัวของนางสาวพัทรวดี(พัทรวดี,พัชรวดี)<MARK>ไปส่งโรงพยาบาล
7-7529-91.wav	โอ้โหตอนนั้นนางสุภาวดี<MARK>ก็บอกว่าตกใจมากเลยนะ
7-7529-53.wav	คือแม่ของนางสาวพัทรวดี(พัทรวดี,พัชรวดี)<MARK>เขาก็แจ้งพยาบาลไว้ก่อนแล้ว
7-7531-14.wav	อายุ70ปีแล้วพ่อของนายรณชัย<MARK>ผู้ตายกับนายนรงฤทธิ์(นรงฤทธิ์,ณรงค์ฤทธิ์)<MARK>ที่เป็นน้องชายที่เป็นผู้ก่อเหตุ
7-7531-16.wav	ก่อนที่นายรณชัย<MARK>ลูกชายคนโตจะเดินเข้ามาในบ้าน
7-7531-3.wav	ด้วยสภาพศพของนายรณชัย<MARK>ถูกของมีคมฟันเข้าศีรษะหลายแผลนะครับที่หน้าอกฝั่งซ้ายก็มีแผลถูกฟันเป็นแผลฉกรรจ์เช่นกันส่วนคนก่อเหตุคือน้องชายของผู้ตายชื่อนายนรงฤทธิ์(นรงฤทธิ์,ณรงค์ฤทธิ์)ทองเถา<MARK>อายุ26ปีพี่ชายคือรณชัย<MARK>นะครับส่วนน้องชายชื่อรณฤทธิ(รณฤทธิ,ณรงค์ฤทธิ์)คือรณฤทธิ(รณฤทธิ,ณรงค์ฤทธิ์)ก็ไม่ได้หนีไปไหนนะฮะก็อยู่ในพื้นที่ที่บ้าน
7-7531-5.wav	ขวานนี้นะฮะเพื่อนเลือดอยู่เลยนะครับนายนรงฤทธิ์(นรงฤทธิ์,ณรงค์ฤทธิ์)ให้การกับตำรวจบอกว่าอย่างนี้บอกว่านายรณชัย<MARK>เนี่ยเป็นพี่ชายของเขาผู้ตายเวลาดื่มเหล้าทีไรชอบมาด่าเขาแล้วก็มาทำร้ายร่างกายเขาบ่อยด้วยเมื่อคืนก็เหมือนกันก่อนเกิดเหตุเขานั่งดูทีวีอยู่ในบ้านในบ้านก็มีพ่อด้วยมีแม่ด้วยนะมีลูกหลานด้วยระหว่างที่นั่งอยู่
7-7531-73.wav	ที่ตั้งบำเพ็ญกุศลศพของนายรณชัย<MARK>เนี่ย
7-7523-27.wav	สอบถามนายนิสารัฐมลิลา(นิสารัฐมลิลา,นิมิสารัฐมะลิลา)<MARK>อายุ55ปี
7-7542-12.wav	ส่วนขอนแก่นค่ะคุณผู้ชมนายชัดชัย(ชัดชัย,ฉัตรชัย)อุ่นเจริญ<MARK>
7-7535-23.wav	ผู้หญิงที่เป็นมิจฉาชีพชื่อนางสาวกันนิกา(กันนิกา,กรรณิการ์)<MARK>
7-7544-19.wav	ทางด้านของนายสุวพันธุ์ตันยุวรรธนะ(สุวพันธุ์ตันยุวรรธนะ,สุวพันธุ์ตันยุวรรธนะ)<MARK>รัฐมนตรี
7-7557-1254.wav	ดิฉันนางสาวปารีณาไกรคุปต์(ปารีณาไกรคุปต์,ปารีณาไกรคุปต์)<MARK>สมาชิกสภาพผู้แทน
7-7557-1402.wav	ในการปฏิบัติหน้าที่ของท่านนายกรัฐมนตรีกับท่านรองนายกรรมนตรี(นายกรรมนตรี,นายกรัฐมนตรี)ประวิทธิ์(ประวิทธิ์,ประวิตร)<MARK>
7-7557-1775.wav	ขอบคุณครับครับเชิญท่านนายกรัฐมนตรีครับท่านพลเอกประยุทธ์(พลเอกประยุทธ์,พลเอกประยุทธ์จันทร์โอชา)<MARK>
7-7557-792.wav	พูดถึงนายตำรวจที่เป็นอักษรตอ(ตอ,ต.)ท่านก็พูดไปแล้ว
7-7557-643.wav	ในขณะที่รองนายกรัฐมนตรีท่านบริหารรายการ(รายการ,ราชการ)แผ่นดิน
7-7566-18.wav	คือเอาจริงนายปฏิพันธ์<MARK>พนักงานของร้านบอกว่างงมาก
7-7566-12.wav	นายปฏิพันธ์<MARK>อายุ25ปีเป็นพนักงานของร้านนี้บอกว่า
7-7566-30.wav	เจ้าของร้านค่ะนางสาวจุรีพร<MARK>อายุ37ปี
7-7566-25.wav	เป็นของนายปฏิพันธ์<MARK>พนักงานร้าน
7-7564-7.wav	แต่เอาเป็นว่าลูกชายเนี่ยหนักถึงขั้นเสียชีวิตลูกชายคือนายบุรเดชมณีเกยูน(มณีเกยูน,มณีเกยูร)<MARK>อายุ17ปีนะครับ
7-7563-698.wav	เพื่อความเป็นสิริมงคลอย่างน้องนายนพัฒน์(นพัฒน์,นภัทร)<MARK>กับแม่หมู(แม่หมู,พิมพ์ผกาเสียงสมบุญ)<MARK>
7-7567-34.wav	ทีมข่าวของเราติดต่อพูดคุยไปกับนายมหิธร(มหิธร,มหิธร)<MARK>เลยนะ
7-7568-10.wav	คือนายกล้องพบ(กล้องพบ,ก้องภพ)สุวรรณโชธ(สุวรรณโชธ,สุวรรณโชติ)<MARK>อายุ18ปีโดนไฟคลอกทั้งร่างเลยค่ะ
7-7570-1.wav	ติดตามกันมาหลายวันแล้วนะครับที่จังหวัดอุดรธานีบริเวณเกาะคำชะโนด(คำชะโนด,คำชะโนด)นะครับ
7-7570-8.wav	อำเภอบ้านดุงจังหวัดอุดรธานีก็มีนายสมหวังพ่วงบางโพ(สมหวังพ่วงบางโพ,สมหวังพ่วงบางโพ)<MARK>
7-7566-6.wav	ดูสิค่ะนี่คือภาพจากกล้องวงจรปิดโกดังของร้านวิราศรี(วิราศรี,วิไลศรี)การเบาะปากซอยกระบี่55ที่อำเภอเมืองจังหวัดกระบี่นะคะ
7-7590-14.wav	นี่ฮะเป็นนายหนังตะลุงรุ่นอาวุโสของคณะหนังตะลุงหนังเสี้ยนหนังเจียนหนังสาม(หนังเสี้ยนหนังเจียนหนังสาม,หนังเขียนหนังสาม)<MARK>ที่อำเภอสวีจังหวัดชุมพรครับ
7-7589-9.wav	ที่บ้านดุงอุดรธานีนางสมบัติ<MARK>หรือนางน้อยอายุ56ค่ะ
7-7588-22.wav	ติดตามจับกุมผู้ก่อเหตุได้แล้วก็คือนายบุญธรรม<MARK>หลังจากที่หนีไปหลบซ่อนตัวอยู่ในโรงอิฐร้าง
7-7584-7.wav	นายหัสดินวาดอิน<MARK>ผู้ใหญ่บ้านหมู่5บอกเลยว่า
7-7584-15.wav	ซึ่งนายสมพงศ์(สมพงศ์,สมพงษ์)โพสวัง<MARK>นายกเทศบาลตำบลพลายชุมพลบอกว่า
7-7582-12.wav	ตำบลหนองช้างแล่น(หนองช้างแล่น,หนองช้างแล่น)ห้วยยอดจังหวัดตรังนะครับ
7-7580-5.wav	ครอบครัวนำร่างของคุณหนุ่งหนิง(หนุ่งหนิง,หนุงหนิง)หรือว่านางสาวเพ็ญพิวัล(เพ็ญพิวัล,เพ็ญพิวรรณ)มิตรธรรมพิทักษ์<MARK>
7-7583-24.wav	เอาล่ะไปถามคนนี้นะครับนายเห็งแทร่งเงี๊ยบ(เห็งแทร่งเงี๊ยบ,เฮงแท่งเงี๊ยบ)<MARK>อายุ51ปี
7-7583-36.wav	นายเฮงมังกรป๋องแป๋ง<MARK>นะคะโอ้โหเป็นของเล่นของฝากนะ
7-7517-26.wav	นายนิคมนินศักดิ์(นินศักดิ์,นิลศักดิ์)<MARK>อายุ28ปี
7-7516-9.wav	คนขับรถของนางมนตายกวิริยการ(มนตายกวิริยการ,มณตาหยดวิรุฬห์)<MARK>หรือว่าหญิงไก่
7-7518-15.wav	นายยิ่งใหญ่แสงคำอิน(แสงคำอิน,แสงคำอินทร์)<MARK>อายุ32ปี
7-7518-14.wav	คือนายสุพัทรา(สุพัทรา,สุพัตรา)ใบทอง<MARK>อายุ32ปี
7-7518-16.wav	นายศิวะนกศรี<MARK>อายุ20ปี
7-7516-90.wav	นำทองคำน้ำหนักกว่า20บาทของนางฉวีวัน(ฉวีวัน,ฉวีวรรณ)<MARK>ติดตัวไปด้วย
7-7516-8.wav	นายสุนทรขันหิน<MARK>หรือว่านายโก้นี่แหละค่ะ
7-7516-80.wav	ตอนที่นางฉวีวัน(ฉวีวัน,ฉวีวรรณ)<MARK>พี่สาวที่เป็นเศรษฐินีป่วยหนัก
7-7516-64.wav	ไปฟังเสียงนางสมศรี(สมศรี,สมศรีประจันทะเสน)<MARK>เล่าให้ฟังกันหน่อยดีกว่า
7-7516-60.wav	หญิงไก่เนี่ยเคยมาอาศัยอยู่กับครอบครัวของนางฉวีวัน(ฉวีวัน,ฉวีวรรณ)<MARK>พี่สาว
7-7516-56.wav	โฉมศรีประจันตเซน(ประจันตเซน,ประจันทะเสน)<MARK>เป็นน้องสาวของนางฉวีวัน(ฉวีวัน,ฉวีวรรณ)<MARK>
7-7520-23.wav	ส่วนการแจ้งข้อกล่าวหาหรือว่าออกหมายเรียกนายธนาธรจึงรุ่งเรืองกิจ(ธนาธรจึงรุ่งเรืองกิจ,ธนาธรจึงรุ่งเรืองกิจ)<MARK>
7-7520-45.wav	เริ่มทำกิจกรรมด้วยการไปให้กำลังใจนายธนาธร(ธนาธร,ธนาธรจึงรุ่งเรืองกิจ)<MARK>
7-7520-35.wav	วันนี้นายคารมพลพรกลาง(คารมพลพรกลาง,คารมพลพรกลาง)<MARK>ซึ่งเป็นทนายความนะฮะ
7-7520-51.wav	นายธนาธรจึงรุ่งเรืองกิจ(ธนาธรจึงรุ่งเรืองกิจ,ธนาธรจึงรุ่งเรืองกิจ)<MARK>หัวหน้าพรรคอนาคตใหม่
7-7520-56.wav	นายธนาธร(ธนาธร,ธนาธรจึงรุ่งเรืองกิจ)<MARK>ยืนยันว่าจะไปพบตำรวจตามหมายเรียกอย่างแน่นอน
7-7519-47.wav	นายสุริยาเริงสมุทร<MARK>หรือว่าบังฟิศและนายสุรชัยเริงสมุทร<MARK>หรือบังกิบหลี
7-7521-8.wav	ศาลอาญารัชดาอ่านคำพิพากษาคดีที่นางสาวนิตถาวงวาน(นิตถาวงวาน,นิษฐาวงวาน)<MARK>หรือแม่ปุ๊กจำเลย
7-7557-1063.wav	ส่วนพลตำรวจตรีจอจาน(จอจาน,จ.)ก็อยู่ในลำดับที่142ของนายตำรวจระดับรองระดับผู้บังคับการที่จะเลื่อนเป็นรองผู้บัญชาการต่อไป
7-7557-1037.wav	เมื่อสักครู่ผมเอ่ยถึงท่านพันตํารวจเอกจอจาน(จอจาน,จ.)นะครับอันที่จริงนายตำรวจคนนี้นะครับ
7-7542-8.wav	อำเภอคงจังหวัดนครราชสีมาคือพื้นที่อำเภอสุวรรณภูมิเขาจะตั้งจุดตรวจสอง(สอง,2)จุดด้วยกัน
7-7557-1074.wav	ไม่ต่างอะไรจากการย้อมแมวครับย้อมให้นายตำรวจที่ไม่ผ่านหลักเกณฑ์ให้กลายเป็นผู้เหมาะสมกลายเป็นแคนดิเดตที่จะเข้าชิงตำแหน่งสำคัญสำคัญ(สำคัญสำคัญ,สำคัญๆ)ในวงการตำรวจได้
7-7557-1075.wav	และไม่ใช่แค่นั้นนะครับพอปีก่อนก่อน(ปีก่อนก่อน,ปีก่อนๆ)ครับนายตำรวจเหล่านี้ได้รับการยกเว้นหลักเกณฑ์จนเบียดเข้ามาอยู่ท้ายตารางได้แล้ว
7-7557-1068.wav	ส่งผลต่อเนื่องเป็นลูกโซ่ดันให้ตำรวจสอง(สอง,2)นายนี้สามารถเบียดตัวเองเข้ามาอยู่ท้ายตารางผู้เหมาะสมได้ในที่สุด
7-7531-97.wav	นายรณชัย<MARK>เนื่องจากทางครอบครัวยากจนนะฮะ
7-7520-58.wav	หรือพยายามโยงว่าพวกตนเชื่อมโยงกับนายทักษิณชินวัตร(ทักษิณชินวัตร,ทักษิณชินวัตร)<MARK>
7-7531-7.wav	พี่ชายไปคว้ามีดมาเป็นมีดพระจะมาฟันเขาเขาก็วิ่งหนีออกมาจากในบ้านมาที่หน้าบ้านแล้ววิ่งไปหยิบขวานที่วางอยู่ที่ข้างบ้านมาถือเอาไว้นายนรงฤทธิ์(นรงฤทธิ์,ณรงค์ฤทธิ์)บอกว่าฝ่ายพี่ชายเนี่ยยังวิ่งเข้ามาจะมาฟันเขาก็เลยมีการต่อสู้กันเกิดขึ้นพี่ชายก็เลยโดนขวานเนี่ยฟันเข้าไปนะแล้วก็ล้มแน่นิ่งเสียชีวิตอยู่ที่หน้าบ้านส่วน
7-7557-703.wav	ยังมีชื่อนายตำรวจอีกจำนวนหนึ่ง(หนึ่ง,1)ที่พ่วง
7-7583-27.wav	หรือว่างานงิ้วตามจังหวัดต่าง(ต่าง,ต่างๆ)แต่ที่ผ่านมาก็มีเด็กเล็กไปจนถึงผู้ใหญ่นะ
7-7574-43.wav	พอทราบเรื่องทางนางชัตรพร(ชัตรพร,ภัชธนพร)<MARK>
7-7574-34.wav	ว่านายสมภพ<MARK>ที่เป็นน้องชายเนี่ยไปมีเรื่องแย่งนักท่องเที่ยวกับผู้ชายกลุ่มนี้
7-7574-28.wav	จากนั้นก็รุมทำร้ายนางอัชรีเทียมคิรี(เทียมคิรี,เทียมศิริ)<MARK>ซึ่งเป็นลูกสะใภ้โดยใช้อาวุธทั้งไม้ทั้งเหล็กทุบตี
7-7574-26.wav	ก็ไปเจอกับนางจินดาครามอ่วม(จินดาครามอ่วม,จินดาครามอ่วม)<MARK>อายุ75ปีเป็นคุณยายที่อยู่ในคลิป
7-7572-95.wav	มีพระราชดำรัฐ(พระราชดำรัฐ,พระราชดำรัส)ตอบกับนายบินบรือฤทธิ์(บินบรือฤทธิ์,บิณฑ์บรรลือฤทธิ์)<MARK>อย่างเป็นกันเอง
7-7572-81.wav	พร้อมด้วยนายเอกพันธ์(เอกพันธ์,เอกพัน)บรรลือฤทธิ์<MARK>
7-7572-80.wav	ตรงจุดนี้เองนะครับมีนายบินบรรลือฤทธิ(บินบรรลือฤทธิ,บิณฑ์บรรลือฤทธิ์)<MARK>
7-7507-44.wav	ผู้บังคับการตำรวจภูธรจังหวัดกาฬสินธุ์ก็เลยบอกว่างั้นรับเรื่องร้องเรียนเอาไว้นะคะ
0-292-22.wav	อยู่ที่บ้านโป่งมอนตำบลป่าก่อดำอำเภอแม่ลาวจังหวัดเชียงรายนะฮะ
0-294-15.wav	ในช่วงนั้นนายมโนธก็ยังรับหลานสาวออกไปเที่ยวเหมือนเดิมมีความสัมพันธ์กันเหมือนเดิมครับ
0-294-16.wav	กระทั่งช่วงคืนก่อนปีใหม่นายมาโนธได้พาหลานสาวไปค้างที่โรงแรมที่พักสักที่หนึ่ง1คืน
0-294-21.wav	เอาใครไปเจอตัวนายมาโนธก็ช่วยแจ้งเบาะแสเข้ามานะครับ
0-294-4.wav	ตำรวจภูธรลานศักดิ์จังหวัดอุทัยธานีก็ออกมาเปิดเผยความคืบหน้าคดีพระผู้เยาว์ครับ
0-294-8.wav	สืบสวนก็เร่งติดตามตัวนายมาโนธยังไม่พบตัว
0-295-76.wav	บอกกับผู้สื่อข่าวของเราว่าหลังเกิดเหตุคนก่อเหตุนะฮะคือนายวิชัยคงเคลือ
0-302-19.wav	เฟซบุ๊คของทางวัดประชาบุรณะที่อำเภอสตึกจังหวัดบุรีรัมย์
0-305-51.wav	เขาโดนนายสุรชัยกำแพงใหญ่อายุ36ปีก่อเหตุ
0-305-56.wav	แล้วก็ไปเจอกับพระก็คือนายสุรชัยนี่แหละ
0-310-13.wav	คุมตัวนายสุพรสินชัยอายุ34ปี
0-310-49.wav	ส่วนงานศพนะครับงานศพของนายธวัชชัยจัดที่บ้านบรรยากาศเต็มไปด้วยความโศกเศร้า
0-310-51.wav	นี่ครับมีแขกเหลือมาแบบนี้นางประพรสินสนอแสงอายุ50ปี
0-312-11.wav	ใส่อยู่ในห้องเช่าภายในซอยวัชรพลย่านบางเขนนายเอกนิสัยคือชอบดื่มเหล้า
7-7510-26.wav	กล้องวงจรปิดที่หน้ากุฏิเจ้าอาวาสที่วัดโคกโพอำเภอเมืองจังหวัดพัทลุง
0-312-20.wav	หอบหนีมามาขอความช่วยเหลือจากคุณปวีนาค่ะตำรวจสุดท้ายไปคุมตัวนายเอกได้
0-314-10.wav	ผู้ที่เสียชีวิตชื่อนายบูรินชื่อเล่นชื่อเก่งอายุ23ปีนะครับ
7-7511-58.wav	วันนี้เขาจะเดินทางต่อไปด้วยชุดที่สดใส
0-314-17.wav	นางสาวกิจสนาฟักสุขจิตบอกว่าบ่ายเมื่อวานนี้นางสาวอรัญญาอายุ24ปี
0-314-24.wav	ขณะที่เก่งเองก็ไลน์มาหาตัวของนางสาวกฤษณาที่เป็นเพื่อนนะครับ
7-7512-21.wav	จังหวัดสระบุรีซื้อแล้วค่ะป้าไวมากเลยป้าจ๋า
0-315-11.wav	มุ้งพบศพของนายพันธ์นาคแท้อายุ61ปี
0-315-16.wav	ผู้ก่อเหตุคือนายอนุชิตชมชื่นอายุ43ปี
0-315-25.wav	ก่อนจะควบคุมตัวนายอนุชิตไปทำแผนประกอบคำรับสาภาพ
7-7516-44.wav	ส่วนเรื่องของการยกย้าย(ยกย้าย,โยกย้าย)ตำรวจทั้ง16นายออกจากพื้นที่หรือเปล่านั้น
0-318-25.wav	อายุแค่15เท่านั้นนะฮะชื่อว่านายพีรพัฒน์หรือว่าพีชอายุเพิ่ง15ครับ
0-319-31.wav	แล้วก็บอกว่าอ๋อผู้ชายคนนี้ชื่อว่านายนุ่ม
0-319-35.wav	ผู้ใหญ่จะจัดการหลายรอบแล้วแต่แม่ของนายนุ่มก็ไม่ยอมให้ไปรักษา
0-319-52.wav	จะได้หาทางไม่ให้นายนุ่มมาอารวาสแบบนี้อีก
0-320-17.wav	ตำรวจพอรวบตัวนายภัยบูลได้เนี่ยนะคะของกลางก็คือมีมีดพระมีเสียมเปื้อนเลือด
0-320-18.wav	จากการสอบสวนก็คือตัวนายภัยบูลมีอาชีพรับจ้าง
0-320-24.wav	ตะโกนร้องขอความช่วยเหลือเสียงดังลั่นเลยค่ะนายภัยบูลลากแม่ออกมาหน้าบ้านคุณผู้ชม
0-320-27.wav	เพื่อนบ้านก็แจ้งผู้ใหญ่บ้านตำรวจก็มาก็รวบตัวนายภัยบูลวัย49คนนี้ที่ก่อเหตุ
0-322-0.wav	มีทหาร300นายที่เขาเดือดร้อนอยู่แล้วไปขอความช่วยเหลือไปปรึกษาทนายรณรงค์แก้วเพชรที่สำนักงานทนายคู่ใจ
0-323-210.wav	ก็นางสาววิชุดารีนุตพงศ์หรือไฮโซตัมเป็นจำเลย
7-7520-67.wav	หน่วยเลือกตั้งที่5หมู่5ตำบลม่วงหวานอำเภอน้ำพองและให้เลือกตั้งใหม่6หน่วยเลือกตั้งใน5จังหวัดค่ะ
7-7525-31.wav	ครอบคลุมพื้นที่14จังหวัดในภาคใต้อย่างเพียงพอแล้วด้วยเช่นกันค่ะ
7-7525-33.wav	เดี๋ยวขออัปเดตนิดนึงนะคะเรื่องเกี่ยวกับการเดินทาง
7-7531-0.wav	ท่านผู้ชมครับกลับมาช่วงนี้เนี่ยเราเริ่มต้นด้วยเหตุการณ์ที่เกิดขึ้นที่บ้านหลังหนึ่ง(หนึ่ง,1)ที่จังหวัดกระบี่ก่อนแล้วกันนะฮะ
0-328-17.wav	รีนรึบดินจังหวัดสมุทรปราการ
0-328-70.wav	ของนายกรสิทธาวพันธ์หรือน้องพอร์ส
0-331-14.wav	วางแผนมาดักยิงก่อนเกิดเหตุนายอรุณแอบดูโทรศัพท์มือถือของภรรยา
0-331-17.wav	ผู้กองโยล้มทับรถจักรยานยนต์ชาวบ้านนายอรุณจึงเดินไปจ่อยิงทันที
0-331-7.wav	ถ่ายคลิปเอาไว้ได้ตอนนายอรุณโพธาวรอายุ30ปี
0-332-10.wav	ซึ่งเป็นลูกน้องของนายวรบูลขี่มอเตอร์ไซค์เข้ามาจอด
0-332-11.wav	แล้วก็ลงไปพูดคุยกับนายวรบูลคือไม่พอใจที่ถูกตำหนิเรื่องงาน
0-332-17.wav	อยู่เขาหันหลังกลับมาแล้วกระหน่ำยิงใส่นายวรบูล6นัดค่ะ
7-7537-14.wav	เป็นคนแรก(หนึ่ง,1)ของจังหวัดปทุมธานีนั่นแหละหอบเงินไปซื้อควายแพงที่สุดเลย
7-7542-0.wav	เดินทางขับรถไกลออกเดินทางเช้าหรือว่าเย็นแบบนี้
16-16008-173.wav	แต่ทีนี้นายแดงเขานอกจากจะตอบโต้ไล่กลับบ้านแล้วบอกจะยิง
7-7557-1255.wav	ศดร(ศดร,สส.)จังหวัดราชบุรีพรรคพลังประชารัฐ
16-16008-240.wav	อย่าไปทำนะคะเอาทีนี้เรื่องนี้ก็อย่าไปทำเหมือนกันค่ะที่จังหวัดระยอง
16-16010-16.wav	ร้านขายอาหารนะคะอยู่ที่ตำบลหมักแข้งอำเภอเมืองจังหวัดอุดรธานี แก้ไข:หมักแข้ง->หมากแข้ง
16-16010-38.wav	โดยร้านแห่งนี้เป็นร้านของนายจักรินคำชามา
16-16013-140.wav	และนายสัญญาแสงสว่างคนขับรถกระบาด แก้ไข:กระบาด->กระบะ
16-16013-29.wav	มีเพียงทนายของคุณกติกนะครับที่ให้ข้อมูลว่าได้เดินทางมาตรวจสอบพยานที่ทางอายการจังหวัดนนทบุรี แก้ไข:กติก->กระติก,อายการ->อัยการ
16-16013-491.wav	เป็นประจำท้องถิ่นของจังหวัดพิจิตรก็คือพระดาวชารวรรณเลย แก้ไข:พระดาวชารวรรณ->พญาชาละวัน
16-16013-551.wav	ที่จังหวัดพิจิตรแห่งนี้วัดศรีสัทธารามอำเภอสามงามนะครับ แก้ไข:สัทธา->ศรัทธา,สามงาม->สามง่าม
16-16015-4.wav	ลูกเอียดนี่คือฉายาของนายเจริญอายุ42ปีนะครับ
16-16016-69.wav	ดังนั้นใครที่อยู่บริเวณนางกล่าวก็ระวังเรื่องของสถานการณ์ฝนหน่อย แก้ไข:นางกล่าว->ดังกล่าว
16-16019-10.wav	ของพระศักดาสุนทโรแห่งวัดไร่ป่าธรรมพิมุกจังหวัดตราดนะคะ
16-16020-12.wav	คือนางสาวสิริรัตนพรมโชธอายุ25ปี แก้ไข:สิริรัตน->สิริรัตน์,พรมโชธ->พรหมโชติ
16-16020-21.wav	หลังจากนั้นนะครับนายสงกรานสารกิ่งอายุ45ปี แก้ไข:สงกราน->สงกรานต์
16-16020-29.wav	ที่เกิดจากตัวของพี่สาวเองกับนายสงกราน แก้ไข:สงกราน->สงกรานต์
16-16020-30.wav	คือนายสงการก็เป็นพ่อแท้ของเด็กคนนี้ด้วยนะครับ แก้ไข:สงการ->สงกรานต์
16-16020-36.wav	จากนั้นนายสงกรานก็เดินไปหยิบมีดปลายแหลมที่รถ แก้ไข:สงกราน->สงกรานต์
16-16020-39.wav	นายสงกรานอุ้มลูกน้อยวัย9เดือน แก้ไข:สงกราน->สงกรานต์
16-16020-43.wav	แล้วก็นายสงกรานก็ขับรถกระบะหลบหนีไป แก้ไข:สงกราน->สงกรานต์
16-16020-74.wav	สิทธิ์ข่าวไปสอบถามนายสมัยพรมโชธ แก้ไข:พรมโชธ->พรหมโชติ
16-16021-21.wav	ทยอยเดินทางกลับจากท่าอากาศยานนานาชาติอินชรมาถึงประเทศไทย แก้ไข:อินชร->อินชอน
16-16021-22.wav	มาเป็นกลุ่มย่อยแล้วก็เดินทางมาอย่างต่อเนื่อง
16-16021-31.wav	ซื้อตัวขึ้นเครื่องเดินทางกลับมาเลย
16-16021-77.wav	นายรณรงค์บอกแบบนี้ก็เลยนี่แหละค่ะ
16-16021-78.wav	เดินทางไปพร้อมกับนายปิยนัทสุขยัง แก้ไข:ปิยนัท->ปิยณัฐ
16-16021-9.wav	ตอนนี้ยอดรวมมันเยอะมากแล้วก็มีการเดินทางทยอยกลับอย่างต่อเนื่อง
16-16022-12.wav	อำเภอบ้านแพ้วจังหวัดสมุทรสาครครับ
16-16022-34.wav	นายทรงหยดเผื่อนพึ่งคนขับรถตู้ก็บอกว่าพาครอบครัวไปไหว้พระมาครับที่นครสวรรค์ แก้ไข:ทรงหยด->ทรงยศ,พึ่ง->พ่วง
16-16023-5.wav	ดินแดนพญานาคาราชพ่อปู่ศรีสุโธและแม่ย่าศรีปทุมมาบ้านโนนเมืองจังหวัดอุดรธานีแห่งนี้นี่เอง แก้ไข:ศรีสุโธ->ศรีสุทโธ
16-16026-124.wav	เขาที่ลำคอนะคะแล้วก็ลากนางสาวถวยไปที่ห้องเตรียมของ
16-16026-128.wav	มีพลเมืองดีพยายามจะเข้ามาห้ามมาปลาของใส่นายจธีนะคะ
16-16026-129.wav	นายจธีล้มลงจังหวะนั้นเจ้าหน้าที่มาถึงพอดี
16-16026-132.wav	จธีสารภาพว่าที่ลงมือก่อเหตุเพราะรักนางสาวถวยมาก
16-16026-133.wav	อ้างแบบนี้รู้ว่านางสาวถวยจะเลิกคบกับตัวเองเลยพยายามง้อ
16-16026-163.wav	นางนานศาลนายคำเป็นชาวไทยใหญ่นะคะ
16-16026-168.wav	บอกกับทีมข่าวของเราว่าไม่ได้รู้จักนายจธีมาก่อนเลย
16-16026-172.wav	เธอเองก็งงว่าทำไมอยู่ดีนายจธีมาพูดแบบนี้
16-16026-81.wav	นายจธีพูดว่าไม่ต้องมายุ่ง
16-16026-87.wav	เอานู่นเอานี่ปลาใส่นายจธี
16-16027-0.wav	คุณผู้ชมฮะมาดูเหตุเพลิงไหม้ครั้งใหญ่ที่จังหวัดนครปฐมนะครับ
16-16027-45.wav	ขณะที่ทางเจ้าของอาคารก็คือนายพิพิษอึ้งประพากร
16-16027-53.wav	ขณะที่นางสาวกันนิกาสายรัฐที่เป็นเจ้าของร้านอาหารอีสานที่อยู่ติดกับโกดังคุณ
16-16027-84.wav	เดินทางเข้ามาร่วมตรวจสอบในที่เกิดเหตุด้วยคุณดูอาคารสิ
16-16028-0.wav	ทีนี้กรณีที่มีผู้หญิงคนนึงเดิมทีเป็นชาวจังหวัดพัทลุง
16-16028-16.wav	คว่ำหน้าเสียชีวิตอยู่บนเตียงนอนในห้องเช่าที่อำเภอทะลังจังหวัดภูเก็ต
16-16028-49.wav	พนักงานสอบสวนขอสารจังหวัดภูเก็ตออกหมายจับแล้วนะคะสารจังหวัดภูเก็ตก็อนุมัติออกหมายจับให้นะคะ
16-16028-54.wav	พอสารจังหวัดภูเก็ตออกหมายจับเรียบร้อยเนี่ยนะคะ
16-16029-136.wav	เดินทางมายังสนามบินอนาชาติเชียงราย
16-16029-141.wav	โดยนางสุชาดาได้กล่าวขอบคุณเจ้าหน้าที่เลย
16-16029-150.wav	ไม่จ้ะนางเดินไปเรื่อย
16-16029-223.wav	เอาล่ะฉันได้มาจากหลายที่หลายสำนักทยอยเดินทางมาเลือกซื้อกันอย่างต่อเนื่อง
16-16029-28.wav	นายนเรศแก้วเฉยนะครับผู้ชาการเรือนจำจังหวัดกระบี่
16-16029-37.wav	ขณะที่นายชูวงมณีกุลครับทนายความชื่อดังของกระบี่ก็กล่าวนะครับ
7-7571-4.wav	นั่นน่ะสิจะมีรถเดินทางพอหรือเปล่า
7-7574-3.wav	คือผมว่าสังคมไทยรับไม่ได้เหมือนกับเหตุการณ์ที่เกิดขึ้นที่ชายหาดชะอำจังหวัดเพชรบุรี
7-7582-5.wav	คุณผู้ชมครับไอ้ตรงนี้นะเกิดขึ้นที่จังหวัดตรัง
7-7583-42.wav	เวลาเขาหาเดินทางไปที่ไหนนะ
16-16029-60.wav	สำหรับถ้ำหลวงขุนน้ำนางนอน
16-16029-80.wav	ในพื้นที่ท่องเที่ยวอื่นโดยเฉพาะขุนน้ำนางนอน
16-16032-3.wav	ใช่นะฮะแต่ว่ามีตำรวจจราจรนายหนึ่งที่โรงพักสรรกำแพงที่เชียงใหม่
16-16033-22.wav	ส่วนกาดของทางร้านเองคือนายศักดาและนายอนุรักษ์
16-16033-23.wav	เดินทางมาแจ้งความเหมือนกันแต่กาดคนที่มีเรื่องคือนายยุ้ย
16-16033-24.wav	ไม่ได้เดินทางมาด้วยนะคะกาดสองคนที่มาแจ้งความ
16-16033-49.wav	แล้วก็ที่ทำให้นางสาววรรณภาบาดเจ็บตรงหนกแก้ม
16-16034-113.wav	แล้วทางที่ขับไปก็สามารถเดินทางไปรัชบุรีได้เช่นกัน
16-16034-137.wav	วันนี้เราไปที่วัดบ้านสิงห์จังหวัดรัชบุรีนะครับได้เจอกับภรรยาของเสียโก้นะครับ
16-16035-32.wav	แล้วก็ใครที่เดินทางไปต่างประเทศเขาก็ยินดีกับริต้าผ่านไลน์สบายใจกันมากกว่านะคะ
16-16035-7.wav	เดินทางมาร่วมแสดงความยินดีท่ามกลางสถานการณ์โควิด19
16-16036-16.wav	ขณะที่บรรยากาศในบ้านเกิดของอารีต่างเต็มไปด้วยประชาชนจำนวนมากเดินทางไปร่วมกันไว้อะไร
16-16038-27.wav	มีการเปิดยุทธการเอกซเรย์เขาตะเวย์จังหวัดนราธิวาสถึง10ครั้ง
16-16039-14.wav	นายสมพงศ์อมรวิวัตรสสเชียงใหม่
16-16039-15.wav	นายไพโรธโลสุนทรสสลำปาง
16-16039-16.wav	และนายนิยมเวทกามาสสจังหวัดสกลนครค่ะ
16-16039-30.wav	เช่นกรณีของนายธนทรจึงรุ่งเรืองกิจหัวหน้าพักอนาคตใหม่
16-16039-36.wav	แต่นี่ไปเปรียบเทียบกับกรณีของนายดอนปรมัติวินัย
16-16039-46.wav	อกจากนี้นายปียบุตรทวงถามอีกหนึ่งอย่าง
7-7592-4.wav	ไปร่วมงานบวชพระยุโร(พระยุโร,พระยุโรป)ที่จังหวัดอุดรธานีค่ะ
7-7593-16.wav	ตัวนายมนตรี<MARK>ก็ขึ้นรถมาดำเนินคดีที่
7-7593-1.wav	เรื่องของนายมนตรีใหญ่กระโทก<MARK>หัวหน้ารปภ.(รปภ,รปภ.)
7-7593-23.wav	แต่ท้ายที่สุดนายมนตรี<MARK>เนี่ยก็เข้าไปในห้องผู้เสียหายแล้วก็ข่มขืนนะคะ
7-7593-26.wav	ปรากฏนายมนตรี<MARK>เอามอเตอร์ไซค์แม่หนีขับเข้ามาในป่าค่ะ
7-7593-27.wav	พื้นที่ตรงนี้เป็นพื้นที่รอบป่าเขาอ่างฤาไน(อ่างฤาไน,อ่างฤๅไน)แล้วรอยต่อ5จังหวัด
7-7593-32.wav	ใช่จนตอนประมาณสักบ่าย3โมง50ท้ายที่สุดเนี่ยจับกุมตัวนายมนตรี<MARK>ได้
7-7593-34.wav	เพราะว่าเราก็ถามไปเหมือนกันว่าเอ๊ะสรุปแล้วนายมนตรี<MARK>เขามอบตัวหรือยังไง
16-16039-80.wav	ถูกตีกลับรายชื่อแรกคือนางสาวมนัญญาไทยเศษ
16-16039-81.wav	ซึ่งเป็นน้องสาวของนายทาดาชัยเศษเนี่ยนะคะ
16-16039-84.wav	ก็เพราะว่ามีปัญหาผัวพันโครงการบ่อบำบัดร้างในจังหวัดอุทัยธานี
7-7593-42.wav	ทีนี้พอนำตัวนายมนตรี<MARK>มาถึงที่สน.(สน,สน.)เพชรเกษมในท้องที่ที่เกิดเหตุตอนกลางคืนแล้วแหละก็รีบพาขึ้นห้องประชุมชั้น2
7-7593-44.wav	ต้องหาเหมือนกันว่าทำไมต้องหลบหนีไปที่สระแก้วเขาก็บอกว่าที่เขาหนีไปเนี่ยเขาจะไปตั้งหลักแล้วก็ยังไม่พบว่ามีคนช่วยให้การช่วยเหลือในการหลบหนีนะคะครับทีเนี้ยพอมีการเค้นสอบนายมนตรี<MARK>เสร็จก็คุมตัวนายมนตรี<MARK>ออกมาสื่อน่ะล้อมอยู่เต็มไปหมดเลยคุณผู้ชมไม่ได้สื่ออย่างเดียวด้วยนะมีประชาชนกลุ่มหนึ่งเนี่ยมาดักรอด้วยคือคับการ(คับการ,คับแค้น)ไม่พอใจนั่นแหละฮะใช่แล้วเดี๋ยว
7-7593-59.wav	คุมตัวของนายมนตรี<MARK>จากห้องประชุมชั้น2ของสน.(สน,สน.)เพชรเกษม
7-7593-66.wav	แล้วก็นำตัวของนายมนตรี<MARK>เข้าห้องขังทันทีนะฮะ
7-7594-2.wav	ชี้แจงบอกว่านายอัจฉริยะ<MARK>ลักไก่ยื่นฟ้องศาลในคดีฆาตกรรมแตงโม<MARK>
7-7594-3.wav	แต่ว่าคุณแม่พนิดา<MARK>ไม่เห็นด้วยก็เลยทำหนังสือยกเลิกอำนาจให้นายอัจฉริยะ<MARK>ดูแลคดีนี้ค่ะ
7-7594-4.wav	จนกระทั่งนายอัจฉริยะ<MARK>ไปแจ้งความกลับสส.(สส,ส.ส.)เต้<MARK>ใช้เอกสารเท็จไม่มีลายเซ็นคุณแม่เหมือนกัน
7-7594-53.wav	ทำให้คุณแม่นั้นไม่ฟ้องฆาตกรรมตามความเห็นของนายอัจฉริยะ<MARK>ค่ะ
7-7594-58.wav	อ่ามีอีกชื่อนึงมาแล้วนะคะนายชนบทสุภาษี<MARK>ค่ะ
16-16039-87.wav	ส่วนอีกหนึ่งรายชื่อที่ถูกตีกลับนายเวียรศักดิ์หวังสุภกิจโกศล
16-16040-3.wav	ว้าวเป็นไงเราที่จังหวัดสมุทรสาครครับ
16-16042-13.wav	ร่างของนายทัศน์มัดอายุ18ชาวเมียนมา
7-7594-59.wav	หลังจากนี้เมื่อไม่มีนายอัจฉริยะ<MARK>ก็ไม่ส่งผลกระทบ
7-7594-5.wav	ล่าสุดวันนี้นายอาจริยะ(อาจริยะ,อัจฉริยะ)<MARK>ออกมาเปิดเผยประเด็นที่ทำให้แตกหักกันนะคะบอกว่านี่เป็นเกมหักหลัง
7-7594-60.wav	การค้นหาพยานหลักฐานเพราะว่าพยานหลักฐานที่นายอัจฉริยะ<MARK>มี
7-7594-74.wav	ยืนยันต่อศาลในการยกเลิกหนังสือมอบอำนาจในการฟ้องคดีของนายอัจฉริยะ<MARK>ค่ะ
7-7594-79.wav	พูดคุยกันได้ตามปกติแค่ไม่ได้เห็นหลักฐานของนายอัจฉริยะ<MARK>ค่ะ
7-7601-22.wav	นายเดชากิติวิทยานันต์(กิติวิทยานันต์,กิตติวิทยานันท์)<MARK>นะครับ
7-7601-29.wav	นายเดชา<MARK>ส่งสัญญาณแบบนี้ครับ
7-7603-1.wav	โดยมีนายสุรเชษ(สุรเชษ,สุรเชษฐ์)แก้วคำ<MARK>ในอำเภอครองใหญ่(ครองใหญ่,คลองใหญ่)
16-16044-213.wav	ปกติแล้วเนี่ยนางจะเป็นคนที่แบบว่านิ่งนางเอกไงคะ
16-16044-44.wav	ก็เลยคิดว่าน่าจะเป็นนางร้ายได้เหมาะสมที่สุดแล้วค่ะ
7-7608-10.wav	ประชาชนชาวตุรกีหลายพันคนที่ให้การสนับสนุนนายเรเจปไตยิปแอร์โดอัน<MARK>ประธานาธิบดี
7-7608-21.wav	ด้านนายเรเจปไตยิปแอร์โดอัน<MARK>ประธานาธิบดีตุรกี
7-7608-22.wav	ก็ต้องการให้ทางการสหรัฐส่งตัวนายเฟสตุลลากูเลน(เฟสตุลลากูเลน,เฟตฮุลเลาะห์กูเลน)<MARK>
7-7608-24.wav	พร้อมระบุด้วยว่านายกุเลน<MARK>อยู่เบื้องหลัง
7-7611-42.wav	แต่ว่านางก็ได้เงินได้งานแทนไงผู้ชายไม่ได้ไม่เป็นไร
7-7611-61.wav	แล้วเธอเชื่อไหมสัมภาษณ์เสร็จนางเดินไปที่ริมน้ำเลยนะ
7-7612-11.wav	สำหรับนางสาวสุพิญญา(สุพิญญา,สุภิญญา)<MARK>นะคะบอกว่าขอยุติการทำหน้าที่กรรมการกศธช.(กศธช,กสทช.)
7-7612-13.wav	ให้นายจรอึ้งพากร(จรอึ้งพากร,จอนอึ๊งภากรณ์)<MARK>กับพวกรวม10คนซึ่งรวมถึงตนเองด้วย
7-7612-23.wav	นางสาวสุพิญญา(สุพิญญา,สุภิญญา)<MARK>ระบุนะคะว่าได้ทำบันทึกแจ้งคำพิพากษาของศาล
7-7612-6.wav	ก็คือนางสาวสุพิญญากลางนรง(กลางนรง,กลางณรงค์)<MARK>เป็นคณะกรรมการกศธช.(กศธช,กสทช.)
7-7612-8.wav	แต่ว่านางสาวสุพิญญากลางนรง(กลางนรง,กลางณรงค์)<MARK>ประกาศยุติการทำหน้าที่กรรมการกศธช.(กศธช,กสทช.)
16-16047-4.wav	คือจอมปลวกพ่อปู่จอมทองที่ชาวบ้านในตำบลอ่างแก้วอำเภอโพทองจังหวัดอ่างทองค่ะ
7-7614-13.wav	ทราบชื่อนางพวงเพ็ญศักดิ์เกษมกริจ(ศักดิ์เกษมกริจ,ศักดิ์เกษมกฤช)<MARK>อายุ65ปี
7-7614-16.wav	ส่วนผู้บาดเจ็บอีก1รายชื่อว่านายหวังดีอินทวง(อินทวง,อินทวงศ์)<MARK>อายุ71ปี
7-7616-3.wav	เมื่อวันก่อนน้องแบงค์<MARK>พร้อมกับผู้จัดการส่วนตัวเขาเดินทางไปที่สมาคมชาวปักษ์ใต้ในพระบรมราชูปถัมภ์
7-7616-6.wav	ซึ่งก็มีทั้งท่านประธานแล้วก็นายกสมาคมปักษ์ใต้เป็นผู้รับมอบนะคะ
7-7616-7.wav	โดยเงินทั้งหมดนี้จะนำไปสร้างพระประธานและสร้างอุโบสถวัดราษฎร์สโมสรอำเภอรือสอ(รือสอ,รือเสาะ)จังหวัดนราธิวาส
7-7618-26.wav	ในคลิปที่เห็นอยู่นี้เนี่ยผู้ชายที่ถือดาบคือนายจำรัฐ(จำรัฐ,จำรัส)ทองสุก<MARK>อายุ61ปีครับ
16-16050-9.wav	มันก็บอกว่ามันดีขึ้นมันดีขึ้นทำให้หลายคนก็เดินทางมา
7-7618-29.wav	นายจำรัฐ(จำรัฐ,จำรัส)<MARK>เนี่ยจะเย็น(จะเย็น,ใจเย็น)วางไม้ลงก่อนวางดาบลงก่อน
7-7618-35.wav	นางสาวปานิชาศาสิพุทธิวัฒน์(ศาสิพุทธิวัฒน์,ศศิพุทธิวัฒน์)<MARK>เขาเป็นเจ้าของคลิปเล่าให้ทีมข่าวฟังแบบนี้บอกว่า
7-7618-43.wav	คนนี้คือคู่กรณีส่วนอีกคนคือนิติบุคคลของหมู่บ้านนางสาวมาริยากาเซ็ง<MARK>นะฮะ
7-7619-10.wav	ชื่อว่านายวิษณุ<MARK>อายุ31ปี
7-7619-14.wav	เพราะอะไรนายวิษณุ<MARK>คนนี้เขาหนี
7-7619-16.wav	ตอนที่ตำรวจกำลังคุมตัวจะขึ้นรถไปส่งศาลจังหวัดตรังเนี่ย
7-7619-28.wav	วันจันทร์ที่ผ่านมา21พฤศจิกาตัวนายวิษณุ<MARK>เขาโดนจับ
7-7619-32.wav	ทีนี้ก็เลยคุมตัวนายวิษณุ<MARK>ไปที่สภ.(สภ,สภ.)กันตัง
7-7619-33.wav	ตัวนายวิษณุ<MARK>ตำรวจบอกเลยเห็นท่าดูทรงก็รู้เครียด
7-7619-38.wav	ตำรวจกำลังจะเอาตัวนายวิษณุ<MARK>ขึ้นรถ
7-7619-40.wav	จังหวะนี้แหละนายวิษณุ<MARK>เขาหนี
7-7619-44.wav	ตัวนายวิษณุ<MARK>มือยังใส่กุญแจมืออยู่เลยแต่ก็คิดหนี
16-16054-44.wav	นี่ไงคือหลักฐานสำคัญทีนี้แล้วนายเกลี้ยงคือใคร
7-7621-26.wav	รวมถึงมีข่าวด้วยว่าหมอเปรม<MARK>จะเดินทางไปเปิดงาน
7-7622-107.wav	คนขับนายสมชายเวมโรธพิพัฒน์(เวมโรธพิพัฒน์,เวมโรจน์พิพัฒน์)<MARK>อายุ57ปี
7-7622-140.wav	สูตร(สูตร,ชันสูตร)เพื่อหาสาเหตุอีกครั้งหนึ่งนะฮะบรรยายงานข่าวบอกว่านายสมชาย<MARK>เนี่ย
16-16055-16.wav	ภาคใต้ทั้งจังหวัดเพชรบุรีพังงาประจวบคีรีขันธ์ภูเก็ตชุมพรกระบี่สุราษฎร์ธานีตรังระนองสตูล
7-7622-169.wav	ซึ่งทางนายสมชาย<MARK>ผู้ต้องหาเองก็ยินดีให้ปากคำในชั้นพนักงานสอบสวน
7-7622-25.wav	นายวิมลวิเศษสัตว์<MARK>อายุ52ปี
7-7625-17.wav	มีผู้บาดเจ็บคือนายพงศิษทัศน์(พงศิษทัศน์,พงศพัศ)ทองชุม<MARK>โดนยิงเข้าที่ริมฝีปากบนแล้วก็แขนขวา2นัดนะคะ
7-7625-19.wav	ทราบว่าชื่อนายปะรัฐกร(ปะรัฐกร,ประรัฐกร)คำแหง<MARK>เป็นชาวสงขลา
7-7625-21.wav	สอบสวนนางสาวธัญรัฐโรธบวรพัฒน์(โรธบวรพัฒน์,โรจน์บวรพัฒน์)<MARK>เล่าให้ฟังบอกว่า
7-7625-27.wav	ตกเย็นเธอกับนายพงศิษทัศน์(พงศิษทัศน์,พงศพัศ)<MARK>ซึ่งเป็นแฟนกันเนี่ยนะคะ
7-7625-28.wav	หลังจากนั้นก็พาลูกสาวมาหานายปรัฐกร(ปรัฐกร,ประรัฐกร)<MARK>ซึ่งก็เป็นพ่อหรือว่าเป็นสามีเก่าของเธอนี่แหละ
7-7625-33.wav	เธอก็เลยเห็นหน้าว่าอ้าวนายปรัฐกร(ปรัฐกร,ประรัฐกร)<MARK>อดีตสามีนี่นะครับ
7-7625-35.wav	ทำให้นายพงศิษฐัศน(พงศิษฐัศน,พงศพัศ)<MARK>แฟนหนุ่มเธอเนี่ยได้รับบาดเจ็บส่วนหลานสาววัย11ขวบนั่งอยู่ข้างหลัง
7-7625-37.wav	เล่าให้ฟังบอกว่าแยกทางกับนายปรัฐกร(ปรัฐกร,ประรัฐกร)<MARK>มาเจ็ดปีแล้วซึ่งจริงจริงเนี่ย
7-7625-44.wav	โจก(โจก,โหนก)แก้มนี้แตกเลยนะคะครับนางสาวสาวิตรีคำสุข<MARK>
7-7625-55.wav	ส่วนทางด้านอาการของนายพงศิษทัศน์(พงศิษทัศน์,พงศพัศ)<MARK>นะคะอย่างที่บอกว่ามีพลเมืองดีนำตัวส่งโรงพยาบาลทัน
7-7625-69.wav	บอกว่าฝากดูแลภรรยาคือนางสาวธัญรัฐ<MARK>และลูกสาวให้หน่อยนะ
7-7625-72.wav	จนกระทั่งต่อมากลับมารู้ว่านายพงศุทัศน์(พงศุทัศน์,พงศพัศ)<MARK>เพื่อนที่ฝากฝังเนี่ย
7-7625-75.wav	ซึ่งนายปรัฐกร(ปรัฐกร,ประรัฐกร)<MARK>พ้นโทษออกมาแล้วเนี่ยเขาก็ไปมีคนรักใหม่เหมือนกัน
7-7625-93.wav	ไม่นานคิดว่าจะได้ตัวของนายปรัฐกร(ปรัฐกร,ประรัฐกร)<MARK>เร็วนี้ค่ะ
7-7627-0.wav	กันเลยที่จังหวัดตากกันบ้างดีกว่า
7-7628-184.wav	เป็นคนเลี้ยงหมูนะฮะนายเอกพลจันทะวง(จันทะวง,จันทะวงษ์)<MARK>โค้ชเอก
7-7631-0.wav	สำหรับใครที่อยากจะเดินทางไปต่างจังหวัด
7-7631-1.wav	และอยากจะเดินทางไปที่เขาช้างเผือกที่กาญจนบุรี
7-7633-20.wav	คนก่อเหตุชื่อว่านายพันธุ์<MARK>อายุ50ปี
7-7633-22.wav	เนื่องจากว่านายพันธุ์<MARK>คนก่อเหตุมีอาการป่วยทางจิตมานานหลายปี
7-7633-24.wav	อายุ48ปีชื่อว่านางอานนท์<MARK>
7-7633-27.wav	จากนั้นนายพันธุ์<MARK>ใช้ค้อนอันเดิมไปทุบศีรษะลูกชายคนเล็ก
7-7633-35.wav	หลังก่อเหตุเสร็จปุ๊บนายพันธุ์<MARK>วิ่งออกมา
7-7633-55.wav	เป็นของพี่สาวนายพันธุ์<MARK>ผู้ก่อเหตุ
7-7633-57.wav	แต่ต่อมาพี่สาวของนายพันธุ์<MARK>ตั้งครรภ์แล้วก็ตายทั้งกลมที่บ้านหลังนี้
7-7633-60.wav	พอเวลาผ่านไปค่ะที่ดินตรงนี้ก็เลยตกเป็นของนายพันธุ์<MARK>ผู้ก่อเหตุ
7-7633-72.wav	ก็คือนนายพันธุ์<MARK>มีเป็นผู้ป่วยจิตเวช
7-7633-75.wav	ชาวบ้านแล้วก็ญาติบางส่วนเชื่อว่านายพันธุ์<MARK>ไปสร้างบ้าน
7-7634-106.wav	คุณผู้ชมครับล่าสุดนางอังคณา<MARK>ภรรยาผู้เสียชีวิต
7-7634-10.wav	นายสมมาตรศรีชัยวาน(ศรีชัยวาน,ศรีชัยวัน)<MARK>อายุ47ปีเสียชีวิตลักษณะนอนหงายอยู่ในนาข้าวติดกับคันนา
7-7634-116.wav	สุดท้ายนายสมมาตร<MARK>สามีก็ยอมใจอ่อน
7-7634-14.wav	ห่างจากจุดเจอศพประมาณ100เมตรเป็นจุดเถียงนาที่นายสมมาตร<MARK>ใช้เป็นที่นอนเฝ้านาข้าวนะครับ
7-7634-17.wav	นี่ก็เป็นหลักฐานในที่เกิดเหตุนะครับเพื่อความชัดเจนตำรวจได้ส่งศพของนายสมมาตร<MARK>ไปชันสูตรอย่างละเอียดที่โรงพยาบาลศรีนครินทร์จังหวัดขอนแก่นนะครับ
7-7634-20.wav	เย็นวันที่15สิงหาคมนางอังคณา<MARK>บอกว่ามีปากเสียงกับ
7-7634-21.wav	นายสมมาตร<MARK>สามีอีกแต่คราวนี้ทะเลาะกันรุนแรงนะครับแรง
7-7634-22.wav	ทุกครั้งถึงขั้นลงไม้ลงมือกันหลังจากนั้นนายสมมาตร<MARK>
7-7634-42.wav	ญาติญาติของนายสมมาตร<MARK>เนี่ยเขาทักท้วงเอาไว้ค่ะเขา
7-7634-53.wav	ส่วนนายสมมาตรเอง<MARK>ญาติบอกว่าไม่เคยมีทีท่าว่าจะฆ่าตัวตาย
7-7634-58.wav	จุดที่เจอศพของนายสมมาตร<MARK>นะครับอยู่กลางทุ่งนาท้ายหมู่บ้านราษฎร์(ราช,ราษฎร์)ที่ตำบลหลักเมืองที่กาฬสินธุ์นะครับ
7-7634-59.wav	ได้คุยกับคนที่เจอศพคนแรกชื่อว่านายวิระ<MARK>ซึ่งพบว่ายังมีกระเป๋ารองเท้าแตะ
7-7634-60.wav	แล้วก็ข้าวของเครื่องใช้ต่างของนายสมมาตร<MARK>อยู่แถวเถียงนา
7-7634-61.wav	คุณภูริพัฒน(ภูริพัฒน,ภูริพัฒน์)บุญนิน(บุญนิน,บุญนิล)<MARK>ลงพื้นที่ไปเจอกับนายวิระ<MARK>ที่เจอศพคนแรก
7-7634-62.wav	จุดที่เจอศพนายสมมาตร<MARK>ห่างจากเถียงนาไม่ไกลนักนะครับ
7-7634-64.wav	ตรงนี้นะฮะนายวิระ<MARK>บอกว่าวันเกิดเหตุมีเพื่อนบ้านไปเห็นรถจักรยานยนต์อยู่ทางเข้าเถียงนา
7-7634-65.wav	ล้มอยู่แต่ไม่เห็นนายสมมาตร<MARK>เจ้าของรถก็เลยวานกันให้ช่วยตามหา
7-7634-68.wav	ด้วยความสงสัยก็เลยเดินตามไปดูเรื่อยก่อนจะไปเจอนายสมมาตร<MARK>นอนเสียชีวิตอยู่ในนาข้าว
7-7634-86.wav	คือนายสุนทร<MARK>มองว่ามันดูแล้วมีความผิดปกติอยู่หลายอย่าง
7-7634-90.wav	บ้านพักของพี่ชายของนางอังคณา<MARK>ภรรยาผู้เสียชีวิตนะคะ
7-7634-92.wav	ก็ได้ข้อมูลมาว่าน้องสาวกับนายสมมาตร<MARK>เนี่ยทะเลาะกันบ่อยค่ะ
7-7634-9.wav	บนหลักเมืองอำเภอกมลาไสยจังหวัดกาฬสินธุ์(ศรีสะเกษ,กาฬสินธุ์)ตรงเนี้ยนะฮะที่เป็นเถียงนาท้ายหมู่บ้าน
7-7635-26.wav	คุณผู้ชมคุณวรพร<MARK>มีชื่อลูกชายและลูกสาวของท่านนายกอบต.(อบต,อบต.)เป็นเจ้าของบริษัทด้วย
7-7636-36.wav	ซึ่งนายสอนชัยสุพิมาตร(สุพิมาตร,สุภิมาตย์)<MARK>นายกอบต.(อบต,อบต.)เมืองที
7-7636-70.wav	ก็ในการเดินทางอาจจะไม่ค่อยสะดวกเท่าไหร่
7-7638-27.wav	กล้องหน้ารถของคู่กรณีสามารถบันทึกภาพรถยนต์ของนายอุดมทรัพย์<MARK>ที่ขับปาดหน้า
7-7638-4.wav	ตำรวจภูธรภาค3เข้าจับกุมนายอุดมทรัพย์ล้อมแก้ว<MARK>หรือที่อ้างชื่อว่าเป็นสารวัตรโจ้<MARK>
7-7639-190.wav	นายอิโต(อิโต,อิโตะ)นะครับผู้ท้าชิงชาวญี่ปุ่น
7-7639-43.wav	นรงชัยมูลเวียงชัย(นรงชัยมูลเวียงชัย,ณรงค์ชัยมูลเวียงชัย)<MARK>อายุ20ปีเป็นชาวจังหวัดบุรีรัมย์
7-7643-38.wav	ผู้เสียชีวิต1รายคือนางสาวจิราพรนาคนิยม<MARK>อายุ27ปีส่วนนายกิติศักดิ์เกิดผลมาก<MARK>อายุ27ปีเท่ากัน
7-7643-40.wav	ไปสอบถามนางสาวสุกิตยา(สุกิตยา,สุกฤตา)นาคนิคม<MARK>ท่านนี้เป็นพี่สาวของผู้เสียชีวิตนะครับ
7-7643-42.wav	ก่อนเกิดเหตุนายกิติศักดิ์<MARK>จะไปส่งผู้เสียชีวิตทำงานที่โรงงานไมโครชิป
7-7644-0.wav	คุณดูสิทำใจดีทำใจดีเดี๋ยวจะพาไปงานนี้แล้วกันที่จังหวัดสุรินทร์นะ
7-7646-0.wav	นายสุภสิทธิ์(สุภสิทธิ์,ศุภศิษย์)กเจริญยศ(กเจริญยศ,กอเจริญยศ)<MARK>ผู้ว่าราชการจังหวัดกาฬสินธุ์เป็นประธาน
7-7646-1.wav	ในพิธีเปิดงานโครงการหอการค้าแฟร์จังหวัดกาฬสินธุ์ครั้งที่2ประจำปี2559
7-7646-3.wav	ด้านนายชัดชัย(ชัดชัย,ฉัตรชัย)วิรุธวรวุฒิ(วิรุธวรวุฒิ,วิรุฬห์วรวุฒิ)<MARK>ประธานหอการค้าจังหวัดกาฬสินธุ์เผยว่า
7-7647-0.wav	พรรคอนาคตใหม่นะคะได้สั่งห้ามนางสาวกวินาตาคี(กวินาตาคี,กวินนาถตาคีย์)<MARK>ส.ส.(สส,ส.ส.)ชลบุรี
7-7647-32.wav	ที่ปรากฏชื่อนางสาวกวินหน้าตาคี(กวินหน้าตาคี,กวินนาถตาคีย์)<MARK>
7-7647-47.wav	บอกว่ากรณีของนางสาวกวินนาฏ(กวินนาฏ,กวินนาถ)<MARK>
7-7647-55.wav	แต่เบื้องต้นสั่งห้ามนางสาวกวินาศ(กวินาศ,กวินนาถ)<MARK>
7-7647-79.wav	ส่วนรองโฆษกพรรคเพื่อไทยนางสาวสรัสนัน(สรัสนัน,สรัสนันท์)อันนบพร(อันนบพร,อรรณนพพร)<MARK>
7-7651-13.wav	ชื่อว่านายวิทูลย์(วิทูลย์,วิทูรย์)แสนวัง<MARK>หรือว่าแนน<MARK>อายุ23ปี
0-332-6.wav	นายวรบูลบุญยกค่ะเป็นหัวหน้าฝ่ายปกครองนะคะ
0-334-19.wav	นักศึกษาคนนี้ชื่อว่านายอัครพลศรีชาดาอายุ16ปีค่ะ
0-334-29.wav	แล้วก็ตะโกนเรียกนายอัครพลที่ตกลงไปได้ยินเสียงเพื่อน
0-334-35.wav	รุ่นพี่เองกับนายอัครพลแล้วก็เพื่อนอีกหลายคนเลยค่ะ
0-334-38.wav	รู้ว่าอ้าวนายอัครพลหายไปไม่รู้ว่าหายไปไหนก็เลยออกตามหา
0-337-16.wav	ฝนตกถนนลื่นนะคุณทัศนายไม่ต้องพูดถึงเลย
0-339-22.wav	แต่ว่าตัวของนายวรพลผู้ตายเนี่ยเขาไม่ได้มาที่นี่นานแล้ว
0-339-29.wav	นายวรพลข้อหาบุกรุกได้เลยกลัวว่าถ้าเข้าไปในห้อง
0-339-30.wav	จะไปทำลายข้าวของพังเสียหายหมดแต่นายวรพลไม่เชื่อนะฮะ
0-339-34.wav	ไม่ทันแล้วฮะเพราะว่าพอไปถึงนายวรพลลงไปแล้ว
0-339-38.wav	แล้วนายวรพลก็ตกกระแทกเสียชีวิตอยู่ข้างล่าง
0-339-9.wav	ตรงนี้ฮะนายวรพลดวงนำสว่างอายุ40ปีเป็นชาวสงขลา
7-7652-78.wav	นั่นก็คือคุณยายคำมั่นวงกาญจนรัฐ(วงกาญจนรัฐ,วงษ์กาญจนรัตน์)<MARK>รวมถึงยังมีหลานสาวของหลวงพ่อคูณ<MARK>ก็คือนางสงบวงศาโรธ(วงศาโรธ,วงศาโรจน์)<MARK>และนางสมบูรณ(สมบูรณ,สมบูรณ์)คุ้มประเสริฐ<MARK>ซึ่งเป็นบุตรสาวของคุณยายคำมั่น<MARK>นะครับ
7-7653-81.wav	ท่านบอกว่าท่านได้ถูกได้รับมอบหมายให้ดูคดีนายเติมเงินกู้(เติมเงินกู้,เติมเงินกู้)<MARK>
7-7655-18.wav	ขณะที่ผู้ผลิตสินค้าโอท็อป(โอท็อป,OTOP)ในจังหวัด
7-7656-10.wav	ซึ่งผู้ชายคนนี้แหละที่เอาปืนไปยิงอดีตภรรยาคือนางสาวแพนหม่อมธรรม<MARK>จนอดีตภรรยาได้รับบาดเจ็บ
7-7656-7.wav	นี่เลยค่ะคุณผู้ชมผู้ชายคนนี้คือนายมณัฐ(มณัฐ,มนัส)เครื่องงิ้ว<MARK>หรือว่านายแดง<MARK>
7-7658-41.wav	คณะจิตวิทยา(จิตวิทยา,จิตแพทย์)นะครับลองดูเพราะตำรวจบอกว่าทางนายฮารุ<MARK>เนี่ย
7-7658-42.wav	นายตีเพชร(ตีเพชร,ตรีเพชร)<MARK>ที่เป็นลูกน้องเขาเนี่ยใช้วิธีการก็คือ
7-7662-12.wav	พบร่างของนางสาวออนอุมา(ออนอุมา,อรุมา)สุรัตติศักดิ์<MARK>อายุ42ปี
7-7662-17.wav	ส่วนผู้ก่อเหตุทราบก็คือนายสมชายมิตรสาร<MARK>อายุ54ปี
7-7662-22.wav	เดินทางมาหานายสมชาย<MARK>ผู้ก่อเหตุ
7-7662-26.wav	แต่ทีนี้ครับนายสมชาย<MARK>ไม่ยอมให้กลับ
7-7662-28.wav	มีการยื้อแย่งปืนกันเพราะว่านายสมชาย<MARK>เอาปืนมาจ่อหัวฝ่ายหญิง
7-7662-29.wav	จนกระทั่งนายสมชาย<MARK>ยิงปืนยิงใส่หัวของผู้ตาย
7-7662-31.wav	หลังก่อเหตุนั้นนายสมชาย<MARK>ได้พาลูกสาวไปฝากไว้กับญาติที่อยู่ละแวกเดียวกัน
7-7662-39.wav	ผู้ตายก็จะพาลูกสาวเข้ามาเยี่ยมนายสมชาย<MARK>สัปดาห์ละ2ครั้ง
7-7662-40.wav	เพราะว่าเป็นลูกที่เกิดมาจากมาด้วยกันคุณระหว่างนายสมชาย<MARK>กับนางสาวออนอุมา(ออนอุมา,อรุมา)<MARK>
7-7662-41.wav	คือแม้ว่าทั้งคู่นะนายสมชาย<MARK>เองก็จะมีภรรยาอยู่แล้ว
7-7662-43.wav	นางสาวออนอุมา(ออนอุมา,อรุมา)<MARK>เนี่ยก็มีสามีอยู่แล้วแล้วก็มีลูกอยู่แล้ว
7-7662-44.wav	แต่ทีนี้นางสาวออนุมา(ออนุมา,อรุมา)กับนายสมชาย<MARK>ก็มามีลูกด้วยกันคือลูก9ขวบนะครับ
7-7662-45.wav	แล้วก็ตัวของนางสาวออนอุมา(ออนอุมา,อรุมา)ผู้ตายก็จะพาลูกมาเยี่ยมเยี่ยนเป็นครั้งเป็นคราว
7-7662-47.wav	เพราะว่าก่อนหน้านั้นนายสมชาย<MARK>คือจำคุกไง
7-7662-50.wav	แล้วก็นางสาวออนอุมา(ออนอุมา,อรุมา)<MARK>เนี่ยก็เหมือนว่าห่างกันไปเลิกรากันไปนะครับ
7-7663-20.wav	พอไม่มีการเดินทางยิ่งจังหวัดไหนเป็นจังหวัดที่ปกติอยู่ได้โดยการที่มีนักท่องเที่ยวไปเที่ยวเนี่ยค่ะ
7-7671-50.wav	เกือบ6000บาทให้กับนายสมพร<MARK>เนี่ย
7-7671-67.wav	ถ้ารู้อย่างนี้นะไม่ยื่นมือเข้าไปช่วยเหลือนายสมพร<MARK>ตั้งแต่แรก
7-7671-81.wav	ท่านผู้ชมครับในฝั่งของนายสมพร<MARK>นะฮะบอกกับเรานะครับบอกว่า
7-7672-10.wav	นั่นก็คือนายศักดา(ศักดา,ศักดา)หนกง(หนกง,หนูกง)หรือนายน้ำ<MARK>
7-7672-26.wav	ขณะที่นางสาวจงรักขุนพักดี(ขุนพักดี,ขุนภักดี)<MARK>ภรรยาผู้เสียชีวิต
7-7680-129.wav	นายสายัน(สายัน,สายันต์)<MARK>1ใน3คนที่ถูกออกหมายจับ
7-7680-145.wav	แต่ว่านายสายัน(สายัน,สายันต์)<MARK>ร่วมเดินทางมากับ
7-7680-135.wav	ตำรวจก็เลยนำตัวนายสายัน(สายัน,สายันต์)<MARK>ไปสอบสวนเพิ่มเติม
7-7680-139.wav	ตำรวจภูธรนาจอมเทียนจะนำตัวนายสายัน(สายัน,สายันต์)<MARK>
7-7680-219.wav	ส่วนศพของนายอนันตชัย<MARK>ตั้งอยู่ที่บ้านที่หมู่12
7-7680-222.wav	ดูทางครอบครัวของนางสาวปวีนา<MARK>ก่อน
7-7680-223.wav	นางวันเพ็ญนาเมืองรัก<MARK>ซึ่งเป็นแม่บอกว่า
7-7680-261.wav	นี่นางวันเพ็ญ<MARK>บอกว่า
7-7680-2.wav	เสียชีวิตนายอนันตชัย<MARK>หรือว่าฟอร์ส<MARK>
7-7680-3.wav	นางสาวปวีนา<MARK>หรือว่าสปาย<MARK>นะคะทั้งคู่อายุ20ปี
7-7680-432.wav	ส่วนน้องฟอสนายอนันตชัยจริตรำ(จริตรำ,จริตรัมย์)<MARK>อายุ20ปีนะครับ
7-7680-56.wav	หนึ่งในนั้นคือเสียอ้วนนะคะนายปัญญายิ่งดัง(ยิ่งดัง,ยิ่งดัง)<MARK>
7-7680-57.wav	คนที่2คือนายจิรษัก(จิรษัก,จิรศักดิ์)อุไนบัน(อุไนบัน,อุนัยบัน)<MARK>
7-7680-79.wav	จิรศักดิ์(จิรศักดิ์,จิรศักดิ์)<MARK>นายสายัน(สายัน,สายันต์)<MARK>ข้อหาก็คือเป็นลักษณะของการร่วมกันวางแผน
7-7680-85.wav	คนที่จับได้คือนายสายัน(สายัน,สายันต์)ศรีศุกร์(ศรีศุกร์,ศรีสุข)<MARK>นะคะ
7-7680-86.wav	คือนายสายัน(สายัน,สายันต์)<MARK>นี้เป็นลักษณะเหมือนกับคนชี้เป้าคุณภาคภูมิ<MARK>
7-7680-89.wav	พฤติกรรมของนายสายัน(สายัน,สายันต์)<MARK>เนี่ยเขาไปตีสนิทกับนายวราเทพมาสูงเนิน<MARK>
7-7680-91.wav	ก็ไปตีสนิทกับนายวราเทพ<MARK>
7-7680-95.wav	ตำรวจก็เลยบอกว่าเดี๋ยวจะต้องคุยกับนายวราเทพ<MARK>
7-7682-21.wav	นางสาวกระหนกออน(กระหนกออน,กนกอร)<MARK>เสียชีวิตเพราะว่าป่วย
7-7680-98.wav	ทีนี้ก็นายสายัน(สายัน,สายันต์)<MARK>เขาก็ให้ข้อมูล
7-7682-24.wav	ก็เลยส่งศพของนางสาวกระหนกออน(กระหนกออน,กนกอร)<MARK>ไปชันสูตรที่นิติเวช
7-7682-31.wav	สืบก็เลยไปเชิญตัวญาติของนางสาวกระหนกออน(กระหนกออน,กนกอร)<MARK>มาสอบอย่างละเอียด
7-7682-33.wav	หลานของคนตายคือนายวรวิทย์<MARK>อายุ19นะ
7-7682-60.wav	ตอนนั้นที่บอกว่านางสาวกระหนกออน(กระหนกออน,กนกอร)<MARK>ตายเพราะว่าโรคปิดบังสาเหตุการตาย
7-7683-11.wav	แล้วก็นางก็ได้ประวัลนา(ประวัลนา,ปวารณา)ตัวว่าจะอุทิศนะฮะ
7-7683-37.wav	ปู(ปู,ปูไปรยา)<MARK>ก็จะเดินทางไปค่ายสาธารี(สาธารี,ซาตารี)ในประเทศจอร์แดน
7-7683-79.wav	บอกว่าวิธีอย่างนี้แล้วนางทำได้ครั้งหนึ่งเคยทำงานกับนางเสร็จ
7-7683-81.wav	ไม่ไปพี่หนูจะไปวิ่งที่สวนลุมอ๋อนางก็จะวิ่งสวนลุมเช้าเย็นเช้า
7-7683-82.wav	ฉันบอกทำไมอ่ะหนูทำตามหนังสืออืมคือนางจะอ่านหนังสือแล้วแบบ
7-7683-84.wav	นางก็ทำตามนั้นก็เหมือนกับคุณเคนธีรเดช<MARK>ถูกไหม
7-7683-88.wav	ที่กลับมาจากอังกฤษใหม่ใหม่(ใหม่ใหม่,ใหม่ๆ)อ่านางแฟด(แฟด,ฟิต)อยู่เนอะเสร็จแล้ว
7-7687-19.wav	ส่วนกรณีที่นายดายศเดชจบ(เดชจบ,เดชจบ)<MARK>พี่ชายของคุณแตงโม<MARK>
7-7687-27.wav	นายกฤษณะ<MARK>ไปพบแพทย์หญิงคุณหญิงพรทิพย์โรจนสุนัน(โรจนสุนัน,โรจนสุนันท์)<MARK>
7-7687-9.wav	นายกิจสนะ(กิจสนะ,กฤษณะ)ศรีบุญพิมพ์สวย<MARK>ทนายความของนางพนิดาศิริยุทธโยธิน<MARK>
7-7688-14.wav	ก็คือนายสมคิดแย้มบุบผา<MARK>อายุ51ปีเป็นสามีของผู้หญิงผู้บาดเจ็บนะฮะ
7-7688-17.wav	นายสมคิด<MARK>รับแบบนี้บอกว่าผมกรีดหน้าเมียผมจริง
7-7688-19.wav	ก๊งเท่านั้นไม่พอก๊งกับนายออส<MARK>ที่โต๊ะหน้าบ้าน
7-7688-20.wav	อยู่กับนายออส<MARK>เท่านั้นก็ไม่พอยังกอดกันแนบชิดลักษณะคือเกินเพื่อน
7-7688-30.wav	ก็แจ้งความดำเนินคดีกับนายสมคิด<MARK>เช่นเดียวกันนะครับ
7-7688-31.wav	อย่างไรก็ตามตอนนี้นายสมคิด<MARK>ถูกคุมตัวไว้ที่สภ.(สภ,สภ.)นครหลวง
7-7688-33.wav	ส่วนอาการของผู้บาดเจ็บนะฮะก็คือนางสาวโอ<MARK>เนี่ย
7-7688-37.wav	ส่วนหูของนายออส<MARK>ก็บาดเจ็บเหมือนกันนะฮะ
7-7689-11.wav	ในพื้นที่อำเภอเมืองจังหวัดมุกดาหารเมื่อช่วงบ่ายของเมื่อวานนี้นะคะ
7-7699-15.wav	ไปพูดคุยกับนางสาวนัทยา(นัทยา,ณัฐยา)ริบลับบุญ(ริบลับบุญ,รับลิบพูล)<MARK>อายุ42ปี
7-7699-16.wav	นางสาวรัฐยา(รัฐยา,ณัฐยา)<MARK>เป็นเพื่อนข้างห้องที่เกิดเหตุ
7-7699-67.wav	คุยกับนางสาวสุพัตรา(สุพัตรา,สุพัตรา)ริบรับบุญ(ริบรับบุญ,รับลิบพูล)<MARK>นะคะ
7-7699-93.wav	นายสุจิต(สุจิต,สุจิตร)พระดุงทรัพย์(พระดุงทรัพย์,ผดุงทรัพย์)<MARK>ก็บอกกับทีมข่าวว่า
7-7700-10.wav	โดยใช้รถกระบะสีดำปาดหน้ารถของนางสาวสุภักษรพลไทยสงศ์<MARK>
7-7700-17.wav	แต่นายภูมิทัศน์<MARK>หนึ่งในผู้ต้องหาที่ทำหน้าที่อุ้ม
7-7700-20.wav	นายภูมิทัศน์<MARK>ผู้ต้องหารายสำคัญนี้
7-7700-22.wav	จับตัวนางสาวสุภักษร<MARK>ขึ้นรถ
7-7700-24.wav	โดยขณะนั้นนางสาวสุภักษร<MARK>ยังมีชีวิตอยู่
7-7700-28.wav	เพื่อส่งมอบนางสาวสุภักษร<MARK>ให้ดาบมาตร<MARK>
7-7700-40.wav	จากข้อมูลพบว่าหลังผู้ต้องหาก่อเหตุอุ้มนางสาวสุภักษร<MARK>หายตัวไป
7-7700-6.wav	และนายนิวัตร(นิวัตร,นิวัติ)สวยทอง<MARK>หรือโจ๊ก<MARK>
7-7703-100.wav	ทางด้านของผู้บังคับบัญชานายวรวิทย์สุขบุญ<MARK>
7-7703-103.wav	และได้สั่งการให้นายพิเศษนาคพันธ์(นาคพันธ์,นาคพันธุ์)<MARK>ผู้ช่วยเลขาที่การ(ที่การ,ธิการ)ป.ป.ช.(ปปช,ป.ป.ช.)
7-7703-18.wav	ท้ายที่สุดแล้วนะครับนายพิเศษนาคพันธ์(นาคพันธ์,นาคพันธุ์)<MARK>
7-7703-29.wav	ไปที่ป.ป.ช.(ปปช,ป.ป.ช.)ให้เดินทางมารับทราบข้อกล่าวหา
7-7703-42.wav	ทราบว่านายพิเศษ(พิเศษ,พิเศษนาคพันธุ์)<MARK>เป็นเจ้าของ
7-7703-51.wav	ซึ่งนายพิเศษ(พิเศษ,พิเศษนาคพันธุ์)<MARK>ไม่ขอให้การในชั้นสอบสวน
7-7703-56.wav	ก็ได้โทรศัพท์ไปสอบถามนายพิเศษ(พิเศษ,พิเศษนาคพันธุ์)<MARK>
0-343-1.wav	เดินทางไปที่ศาลไปแถลงปิดคดีด้วยวาจารนะครับในคดีปล่อยประละเลยให้เกิดการทุจริตในโครงการรับจำนำข้าว
7-7706-3.wav	รวมไปถึงก่อนที่พระเป๊ก<MARK>เนี่ยจะเดินทางไปจำวัดที่วัดป่าด้วยค่ะ
7-7708-13.wav	ตะโกนด่าทอนายเปี๊ยก<MARK>ก็คือเป็นเพื่อนบ้านบ้านอยู่ฝั่งตรงข้ามกัน
7-7708-17.wav	แล้วก็ถามนายเปี๊ยกว่าจะมายิงกูหรือนายเปี๊ยก<MARK>ไม่พูดพร่ำทำเพลงค่ะ
0-343-50.wav	ทางนี้นะคะนางสาวยิ่งลักษณ์มีน้ำเสียงสั่นเคลือและสะอื้นร้องไห้ออกมา
7-7708-25.wav	มีเรื่องทะเลาะกับนายเปี๊ยก<MARK>มือปืนนะคะถูกนายเปี๊ยก<MARK>เนี่ย
7-7708-33.wav	นำตัวมือปืนคือนายเปี๊ยก<MARK>เนี่ย
7-7708-44.wav	ก็ไปบ้านมือปืนด้วยนะก็คือบ้านนายเปี๊ยก<MARK>
7-7708-49.wav	ส่วนญาติของมือปืนก็คือญาติของนายเปี๊ยก<MARK>บอกว่า
7-7708-6.wav	ผู้ตายก็คือนายนิพนธ์เกื้อไข<MARK>อายุ31ปีถูกยิงด้วยปืนขนาด9มิลลิเมตร
7-7708-8.wav	ชื่อว่านายเปี๊ยก<MARK>ชื่อจริงก็คือนายพินโย(พินโย,ภิญโญ)ทรงแก้ว<MARK>อายุ31ปี
7-7709-143.wav	ส่วนโรงพยาบาลโพธาบรามโพธารามจังหวัดราชบุรีนะครับ
0-353-11.wav	ถามเพื่อนนะครับมีใครรู้ไหมเนี่ยนะในกระเป๋าหายเนี่ยเขาบอกว่าตอนนั้นเห็นสาวเสิร์ฟที่จ้างมาชื่อนางสาวอินทิลาอายุ26เธอมีท่าทีพิรุษ
0-355-31.wav	ก็ไม่ใช่จังหวัดที่จะมาโชว์หวานช่วงนั้น
0-359-25.wav	ก็ไปเจอกับนายนรงอายุ21ปี
7-7709-76.wav	แต่นี่ค่ะคุณผู้ชมค่ะที่อำเภอแม่สอดจังหวัดตาก
7-7713-29.wav	ล่าสุดเมื่อช่วงค่ำเมื่อคืนนี้นางแอม<MARK>เจ้าหนี้มาพร้อมกับชายวัยประมาณ50ปี
7-7713-30.wav	เจอป้ากุหลาบ<MARK>กำลังขายถุงเท้าอยู่ในตลาดทีนี้นางแอม<MARK>ก็เข้ามาทวงเงินครับ
7-7713-32.wav	ทีนี้ครับฝ่ายนางแอม<MARK>เจ้าหนี้ไม่พอใจหาว่าป้ากุหลาบเนี่ยเบี้ยวหนี้ตรงเข้าทำร้ายทันทีครับ
7-7713-33.wav	โดยชายที่มากับนางแอม<MARK>เจ้าหนี้เข้าล็อกตัวสามีของป้า
7-7713-34.wav	ให้สามีป้าเนี่ยช่วยเหลือป้าได้ส่วนป้าเนี่ยก็ถูกนางแอมจัดการนะครับ
7-7713-50.wav	กุหลาบ<MARK>ได้เดินทางไปให้ปากคำเพิ่มเติมที่สภ.(สภ,สภ.)สัตหีบ
7-7713-54.wav	ติดตามตัวกลุ่มเจ้าหนี้คือกลุ่มนางแอม<MARK>นามสมมุติ
7-7713-8.wav	โดยเธออ้างว่าถูกนางแอม<MARK>นามสมมุตินะเป็นเจ้าแม่เงินกู้นอกระบบ
7-7715-19.wav	จังหวัดชลบุรีสกัดนายปฐมพงศ์เขียวพุ่มพวง<MARK>
7-7715-44.wav	แต่ว่านายปฐมพงศ์<MARK>กลับเร่งเครื่อง
7-7715-48.wav	แต่นายปฐมพงศ์<MARK>กลับยิงสวนออกมานะคะ
7-7716-26.wav	นายประภาษ(ประภาษ,ประภาศ)คงเอียด<MARK>อธิบดีกรมธนารักษ์ท่านเปิดเผยว่าที่ดินของธรรมสถานวิโมกสิวาลัย
7-7717-14.wav	ซึ่งทั้งหมดเนี่ยเป็นการโพสต์ผ่านเฟซบุ๊กของนายตุ้ยมามี<MARK>คนนี้แหละ
7-7717-35.wav	ว่ากลั่นแกล้งในการโพสต์ขายยาบ้าผ่านเฟซบุ๊คของนายตุ้ย<MARK>นี่แหละ
7-7717-6.wav	ก็สอบปากคำนายตุ้ยมามี<MARK>อายุ35ปี
7-7718-19.wav	เพื่อช่วยเหลือนายเกรียงศักดิ์<MARK>เต่าให้
7-7718-20.wav	นายเกรงศักดิ์(เกรงศักดิ์,เกรียงศักดิ์)<MARK>ถูกกิ่งไม้หัก
7-7718-25.wav	ทั้งนี้นายเกรงศักดิ์(เกรงศักดิ์,เกรียงศักดิ์)<MARK>มีอาชีพรับจ้างตัดต้นไม้
0-362-2.wav	นี่อาจจะเป็นคำสั่งที่จะออกมาจากนายเทวัลลิปตะพันรบรัฐมนตรี
7-7719-62.wav	ว่าจะมีเงินสะพัดในพื้นที่ของจังหวัดกระบี่ไม่ต่ำกว่า500ล้านบาทนะครับ
7-7719-63.wav	ตอนนี้หลายจังหวัดที่เป็นสถานที่ท่องเที่ยวสำคัญทั้งเชียงใหม่เองแล้วก็ภาคใต้เอง
7-7721-13.wav	เอาไปไว้ที่หน้าบ้านหลังหนึ่งเป็นของนางประภัย(ประภัย,ประไพ)บุญประเสริฐ<MARK>อายุ51ปี
7-7725-43.wav	กล่าวตักเตือนไปค่ะหลังจากนี้เจ้าหน้าที่จะควบคุมตัวนางสาวอรุณศรี<MARK>
7-7728-21.wav	นางสาวเยาวลักษณ์มาสทอง<MARK>อายุ24ปีค่ะ
7-7728-68.wav	ที่ผู้ที่ประสบเหตุนี้นะคะคือนางสาวเยาวลักษณ์<MARK>
7-7732-38.wav	ข้างวัดโลกโมลีถนนมณีนพรัช(มณีนพรัช,มณีนพรัตน์)ตำบลศรีภูมิอำเภอเมืองจังหวัดเชียงใหม่
7-7733-23.wav	ก็คือกรณีคำร้องที่นายทศพลเพ็งส้ม<MARK>
0-366-10.wav	จังหวัดยะลาของนายชัชวานบุรณเรกอายุ47ปี
16-16060-13.wav	เป็นการเปิดเผยจากพลเอกธนศักดิ์ปฏิมาประกอบรองนายกรัฐมนตรี
7-7735-22.wav	ก็คือนายเชื่อมแก้วภัยทูล(ภัยทูล,ไพฑูรย์)<MARK>ถามว่าตอนนี้เป็นยังไงบ้าง
7-7735-46.wav	แล้วก็มีโอกาสผ่านไปแถวถนนสายพิมายจักราชอำเภอพิมายจังหวัดนครราชสีมา
7-7736-12.wav	ทีมข่าวของเราติดต่อพูดคุยไปกับนางสาวสวนี(สวนี,เสาวนีย์)เป็ดทอง<MARK>อายุ22ปี
7-7738-36.wav	คนที่ออกไปถ่ายคลิปที่โดนทำร้ายนี่แหละชื่อว่านายชัย<MARK>
7-7739-26.wav	ขณะที่นายสุริยา(สุริยา,ศิริวราภรณ์)ศรีวโรบล<MARK>หัวหน้าชุดปฏิบัติการ
7-7741-25.wav	พอเห็นนางสาวอีฟ<MARK>แล้วก็นายน็อต<MARK>กำลังจะกลับเข้าห้องพัก
7-7741-43.wav	นางสาวอีฟ<MARK>แล้วก็นายน็อต<MARK>ในข้อหาคือ
7-7741-6.wav	แฟนหนุ่มก็คือนายพิรศาสตร์(พิรศาสตร์,พีรศาสตร)เหมือนทองจีน(เหมือนทองจีน,เหมทองจีน)<MARK>
7-7743-1.wav	ในพื้นที่อำเภอแกลงจังหวัดระยอง
7-7744-1543.wav	เชิญครับท่านประธานค่ะดิฉันนางสาวปารีณา(ปารีนา,ปารีณา)ไกรคุปต์(ไกรคุบ,ไกรคุปต์)<MARK>
16-16063-12.wav	อกจากนี้ก็ยังมีนางสาวสุนิสาสุดเสนอายุ17ปี
7-7744-482.wav	ถ้าถ้าไปเอายาวยาวเดี๋ยวก็มีการประท้วงกันว่ามันไม่ตรงประเด็นที่กำลังอภิปรายตอนนี้อภิปรายไม่ไว้วางใจท่านนายกรัฐมนตรีบกพร่องตรงไหนอย่างไรเรื่องการจับบ่อนจับอะไรเนี่ยเอาตรงนี้ครับ
7-7744-515.wav	ท่านประธานค่ะคุณปารีณาดิฉันนางสาวปารีณาไกรคุปต์<MARK>สมาชิกรัฐสภา
7-7744-539.wav	ปารีณาประท้วงท่านประธานค่ะที่ฉันนางสาวปารีณา(ปารินา,ปารีณา)ไกรคุปต์(ไกรคุบ,ไกรคุปต์)<MARK>สมาชิกรัฐศาสตร์(รัฐศาสตร์,สภา)
7-7744-469.wav	ท่านประธานค่ะที่ฉันนางสาวปารีณาไกรคุปต์<MARK>สมาชิกรัฐสภา
0-366-34.wav	เพื่อเยี่ยมนายอารีซีมหามะอายุ41ปี
7-7748-26.wav	มีนายบุรีสำเร็จ(บุรีสำเร็จ,บุญสำเร็จ)เป็นผู้ใหญ่มาสู่ขอเจ้าสาวนะ
7-7748-9.wav	ที่ใช้ชื่อนี้จะพาไปที่ตำบลกระแสบนอำเภอแกลงจังหวัดระยอง
7-7751-13.wav	ทางขวานี่ครับเสี่ยบีนายพงศิริ(พงศิริ,พงษ์ศิริ)ปั้นประสงค์<MARK>พร้อมด้วย
7-7751-74.wav	ทีนี้ครับหนึ่งในผู้เสียชีวิตอีกคนชื่อว่านางสาวนัทธิดาบวงทิมา(บวงทิมา,บ่วงทิมา)<MARK>
7-7751-75.wav	เมื่อวานนี้คุณผู้ชมมีญาติของนางสาวนัทธิดา<MARK>ก็นิมนต์พระมา
7-7751-77.wav	เพื่อเรียกให้วิญญาณของนางสาวนัทธิดา<MARK>กลับบ้าน
7-7751-79.wav	แฟนของนางสาวนัทธิดา<MARK>เล่าแบบนี้ว่าจริงพวกเขามาเที่ยวที่นี่23ครั้งแล้วนะ
7-7751-80.wav	คืนเกิดเหตุตัวเขากับนางสาวนัทธิดา<MARK>แยกกันเข้าห้องน้ำครับ
7-7751-84.wav	แฟนอยู่ไหนแฟนอยู่ไหนหาไม่เจอครับซึ่งแฟนของเขาก็คือนางสาวนัทธิดา<MARK>เนี่ย
7-7752-37.wav	ทีนี้นายบุญส่ง<MARK>เขาก็เลยขับรถหักหลบได้ทัน
7-7752-44.wav	แล้วนายบุญส่ง<MARK>เขาก็บอกกับทีมข่าวด้วยนะคะ
7-7752-48.wav	ซึ่งผู้เสียหายก็เดินทางไปแจ้งความที่สภ.(สภ,สภ.)เขาชัยสนแล้ว6คันนะคะ
7-7753-11.wav	หมวกกันน็อกแดงคนนี้นี่แหละคือนายจรรย์สีน้ำเงิน<MARK>อายุ47ปี
7-7753-12.wav	เป็นคนยิงนายคุณาพรสูงปานเขา<MARK>หรือว่าในหนึ่ง<MARK>ค่ะ
7-7753-13.wav	ทีนี้เมื่อวานตำรวจสภ.(สภ,สภ.)สามชุกก็เลยเอาตัวของนายจรรย์<MARK>ไปทำแผนนะ
7-7753-8.wav	ชื่อว่านายจรรย์สีน้ำเงิน<MARK>ค่ะอายุ47ปีเป็นผู้ก่อเหตุค่ะ
7-7754-37.wav	มาเจอกับนายเจริญ<MARK>ผู้ตายที่ขับรถมาซื้อของที่ห้างเหมือนกัน
7-7754-39.wav	รณวิทย์(รณวิทย์,ปัณวิชญ์)<MARK>เห็นผู้ตายเห็นหน้านายเจริญ<MARK>ก็รู้สึกว่าเฮ้ย
7-7754-47.wav	คล้ายกับนายเจริญ<MARK>จริงแต่เอาจริงจริงนะคะ
7-7754-50.wav	วันนี้คุณเนติชาว(เนติชาว,เนติทัศน์)<MARK>ได้คุยกับภรรยาแล้วก็ลูกสาวของนายเจริญ<MARK>ผู้ตายค่ะ
7-7754-58.wav	เอาสร้อยทองของนายเจริญ<MARK>ก็คือของสามีให้ดูด้วยบอกว่า
7-7754-61.wav	เพราะว่าปัณวิทย์(ปัณวิทย์,ปัณวิชญ์)<MARK>เนี่ยมืนามสกุลเดียวกับคนที่มีชื่อเสียงในจังหวัดภูเก็ตด้วย
7-7754-6.wav	นี่คือนาทีเกิดเหตุที่คนร้ายก็คือนายปัณวิทย์(ปัณวิทย์,ปัณวิชญ์)<MARK>นะคะ
7-7754-86.wav	ตานิดา(ตานิดา,ปาณิสรา)<MARK>ก็เหมือนกับนายเจริญ<MARK>จริงจริงเบื้องต้นปรณวิทย์(ปรณวิทย์,ปัณวิชญ์)<MARK>โดนข้อหาฆ่าผู้อื่นโดยเจตนาและข้อหาชิงทรัพย์ด้วยนะคะ
7-7758-31.wav	นายอนันตชัย(อนันตชัย,อนันต์ชัย)ปียธีรวัตร(ปียธีรวัตร,ไชยเดช)<MARK>บอกว่า
0-374-30.wav	ชื่อว่านายอาทิตย์ค่ะโอ้ยมันอยู่ที่วัดเหรอนี่ไงใช่คนนี้แหละ
16-16063-8.wav	เสียชีวิตที่พื้นบ้านนะคะอีกศพหนึ่งคือนางสาวจุธามาศศรีบาง
7-7767-26.wav	รัชนก(รัชนก,รัชนกอินทนนท์)<MARK>จะเดินทางไปแข่งขันต่อเลยนะครับในสัปดาห์นี้เป็นรายการ
16-16066-15.wav	ผู้กระทำผิดก็คือนายอับดุลละลาเต๊ะอายุ28ปี
7-7768-10.wav	เป็นจุดที่นายสมชาย<MARK>ใช้มีดปลายแหลม
0-375-18.wav	คือนายธีรวัตรหรือว่าคุณต้นกล้า
0-376-9.wav	คุณแม่ของน้องชื่อว่านางสาวราลีเสริมจันทร์นะครับ
0-377-25.wav	ชื่อจริงก็คือนายสมชายคุ้มครอง
0-377-27.wav	เพราะนายคนนี้นายสมชัยเคยเป็นอาสาสมัครตำรวจ
16-16066-21.wav	เดินทางมาจุดที่ตำรวจสามารถสกัดจับคนร้ายได้
16-16066-34.wav	ปรากฏว่ามีผู้ชายคนนี้แหละก็คือนายอับดุลเลาะนี่แหละฮะ
0-378-95.wav	ไปดูคนนี้ครับนายวราวุศิลปะอาชาหัวหน้าพรรคชาติไทยพัฒนาครับ
0-379-107.wav	ทางร้อยเวรสภ.คอนบุรีบอกว่าตอนนี้ยังไม่ได้แจ้งข้อหากับนายอภิรส
16-16066-50.wav	เพื่อขับกลับบ้านที่จังหวัดยะลา
0-379-17.wav	คนขับชื่อว่านายอภิรสเรสสันเทียอายุ40ปี
0-379-20.wav	และนางสาวกระหนกพันธ์ตูบสันเทียอายุ25ปี
0-379-33.wav	บอกว่านายอภิรสขับรถพ่วง18ล้อ
0-379-6.wav	ก็เป็นการไว้อาลัยการเสียชีวิตของนางสาวกระหนกพันธ์หรืออ้อม
0-379-91.wav	นายกรกฎแอบกระโทกเจ้าหน้าที่อาสากู้ภัยคอนบุรีบอกว่าเพื่อนอาสาสมัครที่มีโอกาสได้คุยกับคนขับรถบรรทุกอ้อย
0-379-97.wav	ส่วนที่ยื่นออกมามันก็เป็นอันตรายกรณีของนางสาวอ้อมถือว่าเป็นกรณีแรกของปีนี้ในพื้นที่คอนบุรี
16-16069-9.wav	ตั้งอยู่หมู่3ตำบลดงขุยอำเภอชนจังหวัดเพชรบูรณ์
7-7768-15.wav	พอทำแผนเสร็จนายสมชาย<MARK>ก็ไปกราบเท้าขอขมาแม่ยาย
7-7768-19.wav	พ่อของผู้ตายเล่าให้ฟังนะคะว่าลูกสาวเนี่ยอยู่กินกับนายสมชาย<MARK>มานานประมาณสักเจ็ดปี(เจ็ดปี,7ปี)ได้แล้ว
7-7768-22.wav	ขออภัยนายสมชาย<MARK>เนี่ยมีอาชีพเก็บเงินกู้นอกระบบให้กับนายทุนก็จะไปมาที่บ้านค่ะ
7-7768-23.wav	ระยะหลังนายสมชาย<MARK>เนี่ยดื่มเบียร์บ่อยพอดื่มเบียร์เมาก็จะทะเลาะกับลูกสาวเป็นประจำ
7-7768-25.wav	นานนายสมชาย<MARK>จะติดต่อมาสักครั้งโดยบอกว่าจะมาหาลูก
7-7768-34.wav	ตำรวจแจ้งข้อหาฆ่าคนตายโดยเจตนากับนายสมชาย<MARK>นะคะแล้วก็คุมตัวส่งฝากขังศาลทันที
7-7768-7.wav	ตำรวจนำตัวนายสมชาย<MARK>วัย37ปี
7-7774-29.wav	นางสาวสายชน(สายชน,สายชล)จันทอง(จันทอง,จันทร์ทอง)<MARK>เจ้าของร้านเขาบอกค่ะ
7-7774-38.wav	พบผู้ป่วยใหม่หนึ่งราย(หนึ่งราย,1ราย)เพิ่งเดินทางกลับจากรัสเซีย
7-7775-22.wav	โดยช่างวาดภาพของวัดพระธาตุดอยคำก็คือสลาแทน(สลาแทน,สล่าแทน)หรือว่านายสุเทพขันแก้ว<MARK>
7-7775-23.wav	บอกว่าผู้ที่กำลังวาดภาพพี่บินบรรลือฤทธิ์(บินบรรลือฤทธิ์,บิณฑ์บรรลือฤทธิ์)<MARK>คือนายถาวรขันแก้ว<MARK>นะฮะ
7-7775-26.wav	ก็คือนายจิตกร(จิตกร,จิตรกร)ขันแก้ว<MARK>หลานชายผมเองครับ
7-7776-5.wav	รายงานสดจากจังหวัดสกลนครนะคะเชิญค่ะ
7-7777-14.wav	ผู้บาดเจ็บเป็นผู้หญิงอายุเจ็ดสิบห้า(เจ็ดสิบห้า,75)ปีชื่อว่านางศรีมา<MARK>
7-7777-17.wav	แล้วก็มีนางวะรัญญา(วะรัญญา,วรัญญา)<MARK>อายุ52ปีเป็นลูกสาวของนางศรีมา<MARK>ผู้บาดเจ็บนี่แหละ
7-7777-20.wav	ซึ่งเรื่องนี้นะครับผู้สื่อข่าวไทยรัฐทีวีไปสอบถามจากนางวรรณญา(วรรณญา,วรัญญา)<MARK>ที่เป็นคนขับรถ
7-7777-27.wav	สำหรับนางวรรณญา(วรรณญา,วรัญญา)<MARK>เจ้าของรถนะครับบอกว่ารถคันนี้เพิ่งถอยออกมาเป็นรถใหม่ป้ายแดง
7-7778-9.wav	ก่อนหน้านี้นายธนวัฒนวิชัยบรอง(ธนวัฒนวิชัยบรอง,ธนวรรธน์พลวิชัย)<MARK>อธิการบดีอาวุโสวิชาการและงานวิจัยมหาวิทยาลัยหอการค้าไทยก็ประเมินว่า
7-7779-0.wav	บายเหนือ(บายเหนือ,ปายเหนือ)เลยจังหวัดเชียงใหม่คุณผู้ชม
7-7782-15.wav	เจ้าของรถก็คือนายสันติวันคำ<MARK>วันนี้เขาเข่าแทบทรุดเลยครับ
7-7782-18.wav	คลองหนึ่ง(หนึ่ง,1)อำเภอคลองหลวงจังหวัดปทุมธานี
7-7782-78.wav	นายจุมพลหงิมห่วง<MARK>เจ้าของร้านบอกว่าล้อแม็กซ์ที่เอามาโพสต์ขาย
7-7782-79.wav	ไม่ใช่ล้อแม็กซ์ของนายสันติ<MARK>ที่ถูกขโมยค่ะอืม
7-7782-82.wav	จะเห็นว่าล้อแม็กซ์ของร้านกับของนายสันติ<MARK>ต่างกันนะคะลองดู
7-7782-86.wav	แม็กซ์ของที่ร้านและของนายสันติ<MARK>เป็นล้อแม็กซ์ที่กลุ่มแต่งรถเขานิยมกันอืม
7-7782-90.wav	ใช่เนี่ยราคาแพงอ่ะล้อแม็กของนายสันติ<MARK>ที่ถูกขโมยไป
7-7784-30.wav	ก็คือนายสุรเดช<MARK>ที่นอนอยู่ที่แคร่แถวบ้านพี่ชายก็พยายามจะช่วยห้าม
7-7790-10.wav	ทีมข่าวของเราก็โทรหาคุณแม่เลยคุณแม่ของแฟนหนุ่มนางอังคณา<MARK>
7-7790-87.wav	คือเป็นสิทธิ์ของผู้ต้องหาก็คือนางสาวพิยดา<MARK>จะกล่าวอ้างยังไงก็ได้
0-383-0.wav	รายงานสดมาจากตำบลปากภูนอำเภอเมืองจังหวัดนคร
7-7791-51.wav	ตัวนายนุตัวนายนุก็น่ากลัวใช่เห็นแล้วน่ากลัวนะครับ
7-7791-52.wav	คือขณะที่นายนุมาเนี่ยพระยังกลัวค่ะพระยังกลัวว่า
7-7793-0.wav	เหตุการณ์นี้ที่จังหวัดบุรีรัมย์เนี่ยดิฉันเห็นแล้วสลดใจมาก
7-7793-13.wav	นี่แหละค่ะสภาพคุณแม่นะคะนางสาวสุรีพรชวีรำ(ชวีรำ,ชวีรัมย์)<MARK>อายุ24ปีเนี่ย
7-7793-19.wav	คนขับรถที่ทับน้องแมนยูเนี่ยก็คือนายสมรชวีรำ(ชวีรำ,ชวีรัมย์)<MARK>อายุ51ปี
7-7793-23.wav	จากการสอบสวนนายสมร<MARK>ให้การบอกว่า
7-7794-18.wav	เขาบอกว่าเขาชื่อนายจิมรานุวัฒน์สมบูรณ์<MARK>อายุ50ปี
7-7796-8.wav	แต่ว่าน้าสาวเห็นเข้าค่ะนางสาวสรรญา<MARK>อายุ20
7-7802-23.wav	นายสุรศักดิ์<MARK>ปีนขึ้นไป
7-7802-7.wav	ผู้เสียชีวิตคือนายสุรศักดิ์รอสูงเนิน(รอสูงเนิน,ลอสูงเนิน)<MARK>อายุ23
7-7804-19.wav	เป็นพ่อและพี่สาวของนายรัฐพลยุทธนา<MARK>อายุ17ปี
7-7806-10.wav	พบร่างของนางสาวซานตามโม(ซานตามโม,ซานต้ามะ)<MARK>อายุ21ปีสัญชาติเมียนมา
7-7806-55.wav	ตำรวจจับกุมตัวผู้ก่อเหตุได้แล้วก็คือนายมินบัญญาโท(มินบัญญาโท,มินปัญญาโต)<MARK>สัญชาติเมียนมา
7-7806-74.wav	พอไปเจอตัวจริงคือนายมินบัญญาโท(มินบัญญาโท,มินปัญญาโต)<MARK>นั่นเองนะคะ
16-16070-13.wav	จังหวัดสงขลาในเวลา9นาฬิกา
7-7807-15.wav	นี่คือเสียงของนางนาตาลีเมอรี่<MARK>
7-7809-26.wav	มีหนึ่งในผู้ที่อาศัยอยู่ในอาคารนี้นะคะนายสิริศักดิ์เกียรติหนุนทวี<MARK>อายุ37ปีเขาเล่าเหตุการณ์ให้ฟัง
7-7809-49.wav	ชั้น12มีคนเสียชีวิตคนหนึ่งนายเพียรณัทอินวกุล(เพียรณัทอินวกุล,เพียรณัฐ อินพะกุล)<MARK>อายุ17ปีเท่านั้นเองค่ะ
7-7809-80.wav	พลตำรวจเอก(จากทริปชัยจินดา,จักรทิพย์ ชัยจินดา)<MARK>ผู้บัญชาการตำรวจแห่งชาติก็เดินทางมาด้วยนะคะ
16-16070-21.wav	โดยเมื่อช่วงสายที่ผ่านมามีนายอนุทินชาญวิรากูล
0-386-22.wav	คือนางสุรีอุราชื่นอายุ37ปีเป็นแม่ค้าขายกาแฟ
0-386-24.wav	เป็นร่างของนางสาวพรพิไลเสือเล็กเป็นพนักงานบริษัทเอกชน
0-386-28.wav	เปิดเผยว่าเจ้าหน้าที่สามารถกู้ร่างของนางสุรี
7-7813-27.wav	นั่นก็คือนายนนทพัฒน์สาววสาร(สาววสาร,เสาวสาร)<MARK>
0-386-32.wav	ส่วนร่างของนางสาวพรพิไลนะคะพบแล้วแหละ
7-7813-57.wav	ก็เลยตามจับกุมฮะนี่คือผู้ต้องหานายนนทพัฒน์<MARK>
16-16070-24.wav	ในฐานะผู้แทนฝ่ายรัฐบาลพร้อมด้วยนายเสริมศักดิ์พงพาณิชย์
7-7813-97.wav	เพราะว่านายนนทพัฒน์<MARK>เคยถูกจับคดียาเสพติด
7-7814-14.wav	ลูกชายของพวกเขาก็คือนายธนวิทย์สิทธชวัล<MARK>เสียชีวิตอยู่ที่คลองสาธารณะ
0-387-11.wav	ถูกสามีของตัวเองคือนายนิรันดิกันฟอง
0-387-17.wav	นายนิรันดิ์ตอนนี้ไม่รู้เหมือนกันว่าอยู่ที่ไหน
0-387-20.wav	เพื่อจะขออนุมัติศาลออกหมายจับนายนิรันดิ์ในวันนี้นี่แหละค่ะ
0-387-21.wav	นายนิรันดินะเป็นถึงหัวหน้าฝ่ายปกครองเทศบาลตำบลศพปราบด้วยนะคะ
0-387-26.wav	เรื่องต้นตำรวจสันนิษฐานว่านายนิรันดิ์ใช้หมอนกดปิดหน้าภรรยาจนเสียชีวิต
7-7814-51.wav	พลตำรวจตรีนุกูลไกรทอง<MARK>ผู้บังคับการตำรวจภูธรจังหวัดตรัง
0-387-7.wav	ทำพิธีสวดถอนวิญญาณของนางสาวรุ่งทิวาชุ่มทิ
7-7815-11.wav	กรณีนี้ผู้เสียชีวิตคือนางสาวชนทิชานินถนน(ชนทิชานินถนน,ชลธิชา นิลถนอม)<MARK>อายุ28ปี
7-7815-18.wav	คือกู้ภัยเขาให้ข้อมูลไงบอกว่าเห็นนางสาวชนทิชา(ชนทิชา,ชลธิชา)<MARK>เข้าไปในปั๊ม
7-7815-19.wav	แล้วก็เลยจะไปดูว่า(นางสาวชนนิชา,นางสาวชนทิชา)<MARK>นั่งรถมากับใครหรือเปล่า
7-7815-22.wav	เขาก็สืบสวนจนทราบว่าคนที่มาก่อเหตุคือนายสุธิชัยโทศก<MARK>อายุ20ปีค่ะ
7-7815-26.wav	แล้วก็จากการสอบถามตัวนายสุธิชัย<MARK>เขาก็รับสารภาพ
7-7815-29.wav	แต่ทีนี้เนี่ยพอนายสุธิชัย<MARK>เห็นผู้ตายแล้วมันเกิดอารมณ์ไงคะ
7-7815-39.wav	เห็น(นางสาวชนนิชา,นางสาวชนทิชา)<MARK>เริ่มรู้สึกตัว
7-7815-42.wav	กลายเป็นทุบหัว(นางสาวชนนิชา,นางสาวชนทิชา)<MARK>จนแน่นิ่งไปอีกรอบหนึ่ง(หนึ่ง,1)
0-388-6.wav	เมื่อช่วงบ่ายที่ผ่านมาก็เลยถือเลิกดีค่ะไปไหว้ขอพรแล้วก็บอกกล่าวกับราชินีลูกทุ่งแม่พึ่งพุ่มพวงดวงจันทร์ที่วัดทัพกระดานจังหวัดสุพรรณบุรีซะเลย
7-7815-50.wav	มีคนมาเจอศพ(นางสาวชนนิชา,นางสาวชนทิชา)<MARK>แล้ว
0-391-11.wav	นี่แหละครับนายธนกรวันบุญคงธนะรองหัวหน้าพรรครวมไทยสร้างชาติเนี่ยนะครับ
7-7815-58.wav	แล้วก็จากการตรวจสอบประวัติของนายสุธิชัย<MARK>
0-391-13.wav	เท่าที่ได้คุยกับนายเอกณัฐพร้อมพันธ์เลขาธิการพรรคทราบว่าทุกอย่างเป็นไปด้วยดี
0-392-11.wav	ก็จับกลุ่มนางสาวมันทิกาบุญนิปาน
7-7820-23.wav	ตำรวจโรงพักหนองแขมควบคุมตัวนายปรัชญากองเกิดทอง<MARK>
0-393-40.wav	เป็นบ้านของคุณสิริรักษ์ครับที่จังหวัดปราจีนบุรี
0-394-10.wav	คนที่ไปเจอคือนายธิวากรแก้วปรานีอายุ33ปี
0-394-22.wav	ไปคุยกับนายทวีปแก้วปรานีเจ้าของร้านอาหารน้องอายอยู่ตรงข้ามจุดพบโครงกระดูก
0-394-24.wav	นายทวีปบอกว่าเมื่อเช้าลูกน้องเข้าไปในป่าตรงข้ามกับร้านอาหาร
7-7820-27.wav	พยายามที่จะปลุกปล้ำข่มขืนนางสาวอธิชาลิ้มบริบุญ(ลิ้มบริบุญ,ลิ้มบริบูรณ์)<MARK>
7-7820-30.wav	สอบสวนนายปรัชญา<MARK>ให้การว่าก่อนเกิดเหตุเป็นช่วงหลังเลิกงาน
7-7820-60.wav	ทราบว่าตำรวจสามารถจับกุมนายปรัชญา<MARK>ได้แล้ว
7-7821-0.wav	ที่จังหวัดระยองคุณป้าท่านหนึ่ง(หนึ่ง,1)บอกว่าต้องสืบจากคนไม่รู้ว่า
0-396-8.wav	ทราบชื่อก็คือนายเกียรติศักดิ์ทองกองน้อย
7-7824-21.wav	อยู่แถวถนนจันทร์แขวงทุ่งวัดดอนเขตสาทรจังหวัดกรุงเทพ
7-7826-10.wav	โดยนายธนาธร<MARK>นั้นสามารถยื่นคำชี้แจงข้อกล่าวหาต่าง(ต่าง,ต่างๆ)ภายในสิบห้า(สิบห้า,15)วันนะครับ
7-7826-111.wav	โดยได้มอบหมายให้นายนิพนธ์บุญญามณี<MARK>รองหัวหน้าพรรคนะฮะก็ประสานกับตัวแทนของพรรคพลังประชารัฐ
7-7826-120.wav	นายอภิสิทธิ์เวชชาชีวะ<MARK>ชวนนายชวนหลีกภัย<MARK>นายบัญญัติ(บรรทัด,บรรทัดฐาน)<MARK>นาย(เทิดพงศ์ชัยนัน,เทอดพงษ์ ไชยนันทน์)<MARK>นะฮะ
7-7826-37.wav	ทีนี้ไปดูฝั่งของนายสรษักเพียรเวท(สรษักเพียรเวท,สรศักดิ์ เพียรเวช)<MARK>หน่อยนะคะ
7-7826-40.wav	มีคำสั่งรับวินิจฉัยคำร้องกรณีนายธนาธร<MARK>
7-7826-4.wav	รับคำร้องกกต.ให้วินิจฉัยคุณสมบัติส.ส.ของนายธนาธรจึงรุ่งเรืองกิจ<MARK>
7-7826-52.wav	นายธนาธร<MARK>จะเข้าร่วมรัฐพิธีได้ไหม
7-7826-7.wav	และศาลเห็นว่าการปฏิบัติหน้าที่ของนายธนาธร<MARK>นั้นอาจจะก่อให้เกิดปัญกับข้อกฎหมายและการคัดค้านโต้แย้ง
7-7826-98.wav	เชื่อว่านายมิ่งขวัญ(มิ่งขวัญ,มิ่งขวัญ แสงสุวรรณ์)<MARK>จะรักษาคำพูดที่จะเข้าร่วมรัฐบาลกับพรรคฝ่ายประชาธิปไตย
7-7826-9.wav	จึงมีมติเสียงข้างมากแปดต่อหนึ่ง(แปดต่อหนึ่ง,8ต่อ1)ครับให้นายธนาธร<MARK>นั้นยุติการปฏิบัติหน้าที่ส.ส.ทันทีจนกว่าจะมีคำวินิจฉัยออกมา
7-7828-20.wav	นายสมบัติวงสูง(วงสูง,วงศ์สูง)<MARK>ผู้ใหญ่บ้านหมู่เก้า(เก้า,9)ตำบลเชียงทองอำเภอวังเจ้าเล่าบอกว่าไพรเนี่ยนะ
0-399-144.wav	ออกไปดูให้รู้ออกไปจังหวัดสิ่งใหม่
0-399-1.wav	ออกไปดูให้รู้ออกไปจังหวัดสิ่งใหม่
0-400-12.wav	ชื่อว่านายอนุชาประทุมชาติอายุ18ปี
0-400-15.wav	เป็นภรรยาของคนขับค่ะชื่อว่านางสาวพนิดาทิพย์จรูน
7-7832-12.wav	นายรอชคาโบเร่(รอชคาโบเร่,ร็อก มาร์ก คริสติย็อง กาบอเร)<MARK>ประธานาธิบดีของบูกินาฟาโซนะคะ
7-7834-20.wav	ส่วนผู้ก่อเหตุคือนายชนายุทธ์โคตตะคุด(โคตตะคุด,โคตรตะคุต)<MARK>
0-400-23.wav	เป็นที่ตั้งบำเพ็ญกุศลศพของนางสาวพนิดาที่อายุ16ปี
7-7834-30.wav	กระหน่ำฟันใส่นายสำราญ<MARK>แบบไม่ยั้งมือเลยนะคะ
7-7834-32.wav	แล้วก็ท้ายทอยอีกแปด(แปด,8)แผลจนกระทั่งนายสำราญ<MARK>
7-7834-39.wav	พอc(c,พบคลิป)ค่ะนายสำราญ<MARK>นั่งดื่มเหล้าอยู่
7-7834-42.wav	นายสิทธินามสมมุติ<MARK>เป็นพ่อของนายหนุ่ยคนก่อเหตุบอกว่า
0-400-40.wav	ทางต่อไปที่บ้านพักของนายตรการคำบัวโคตรอายุ27ปี
0-400-9.wav	ชื่อว่านางสาวอรัญญาจันทราอายุ24ปีตั้งคันได้8เดือน
0-401-13.wav	กำลังช่วยกันควบคุมตัวนายภูมิศักดิ์วัยครุฑธาอายุ42ปี
0-401-45.wav	พบว่านายภูมิศักดิ์กลับมาที่วัดอีกครั้ง
0-401-48.wav	แล้วก็เห็นว่านายภูมิศักดิ์กำลังจะลงมือ
0-401-51.wav	เรื่องต้นนายภูมิศักดิ์ตอนแรกปฏิเสธ
0-401-62.wav	นายภูมิศักดิ์เห็นภาพจากกล้องก็บอกว่าเป็นตนเองหน้าถอดสีเลยฮะ
0-401-64.wav	ตำรวจก็ควบคุมตัวนายภูมิศักดิ์ส่งสภ.บังปะกง
0-405-17.wav	พบศพนายคนนี้ชื่อว่านายหมีอายุ48ปี
0-405-33.wav	ถามเพื่อนของผู้ตายคือนายน้ำพองทรทักอายุ58ปี
0-405-46.wav	นี่ไงหลังจากนั้นนายน้ำพองบอกว่าไม่เชื่อ
0-407-39.wav	นางนิโลบนแววับศรีก็บอกว่าสาเหตุที่เพิ่งจะมีการตรวจสอบข้อมูล
0-407-44.wav	ท่านผู้ว่าโคราชครับนายวิเชียรจันทราโนไทยครับท่านผู้ว่าจังหวัดนครราชสีมาบอกว่าตอนนี้สำรวจผู้สูงอายุในจังหวัด
0-407-49.wav	ส่วนเรื่องของยายบวนอันนี้เป็นเคสแรกที่เป็นข่าวเกิดขึ้นที่อยู่ที่จังหวัดบุรีรัมย์เนี่ยนะฮะ
0-412-12.wav	คือนายบรรลือเกียรติวิลัยอายุ57ปี
0-412-15.wav	ซึ่งหลังเกิดเหตุนะคะนายบรรลือให้การกับเจ้าหน้าที่ว่า
0-412-21.wav	ซึ่งนายบัลลือให้การว่าก่อนข้ามถนน
7-7841-136.wav	ใช่ครับซึ่งสิบ(สิบ,10)จังหวัดก็จะมีผู้ประกันตนกว่า2.87ล้านคน
7-7841-184.wav	ฉะเชิงเทราชลบุรีติดตามกันก่อนอีกสาม(สาม,3)จังหวัด
7-7841-520.wav	นำรูปนางไปใช้ในการขายของในออนไลน์
7-7841-525.wav	คือลบรูปนางทิ้งไปเถอะ
7-7841-60.wav	ขณะที่นางสาว(ไตรสุรี,ไตรศุลี)ไตรสรณกุล<MARK>
0-415-105.wav	ตัวลูกชายค่ะนายภูมิพัฒน์อายุ22ปีก็บอกว่าตัวเขากับแฟนและลูกน้องอีก2คนไปฝังเสากั้นรั้วไม่ให้แพะให้แกะออกไปนอกพื้นที่
0-415-106.wav	อยู่ดีกำนันหลางขับรถมาแล้วมาถามว่าใครให้มาฝังเสาแต่พูดแรงอ่ะนะตัวนายภูมิพัฒน์บอกว่าก็ตอบไปว่าพ่อให้มาฝังกลัวแพะแกะออกไปนอกพื้นที่
0-415-107.wav	กำนันพูดใส่ว่าถ้าสั่งให้เมียตายเนี่ยจะไปตายไหมประมาณแบบนี้นะคะแต่ก็พูดแรงอ่ะอันนี้นายภูมิพัฒน์บอกนะ
0-415-17.wav	และนายสำอางเป็นสารวัตรกำนัน
7-7843-104.wav	เพราะว่านายสมนึก<MARK>ยิงตัวตายเธอก็รีบกลับมาบ้านก่อนเลย
7-7843-105.wav	มาถึงก็เห็นนายสมนึก<MARK>ยิงตัวตายไปแล้วกระสุนเข้าที่หน้าอกข้างซ้าย
0-415-27.wav	ผู้เสียหายคือนายภูมิพัฒน์ภูทองดีประเสริฐอายุ22ปี
7-7843-49.wav	ได้คุยกับผู้ที่อยู่ในเหตุการณ์ก็คือนางสาววันนารี<MARK>
7-7843-50.wav	เป็นภรรยาของนายอิทธิศักดิ์<MARK>ฝ่ายลูกชายที่ถูกพ่อยิงจนบาดเจ็บสาหัสในตอนนี้
7-7843-51.wav	ซึ่งก็คือลูกสะใภ้ของคนตายนางสาววรรณรี<MARK>บอกว่าก่อนเกิดเหตุตอนนั้น
0-415-42.wav	นายนัทพรมภูทองดีประเสริฐอายุ53
7-7843-57.wav	นายสมนึก<MARK>ผู้ตายก็คือพ่อของสามีเนี่ยเห็นเหตุการณ์เข้ามาห้าม
0-415-43.wav	พ่อของนายภูมิพัฒน์นะคะอุ้ยดูปืนกระบอกนี้พ่อมา
0-415-45.wav	มาช่วยนายภูมิพัฒน์อ่ะครับเพราะว่าลูกชายอยู่กับลูกสะใภ้
7-7843-58.wav	บอกกับนายแชมป์ว่าอย่าไปทำอะไรลูกสะใภ้แต่ในแชมป์บอกว่า
7-7843-59.wav	เรื่องของเขาพ่ออย่ามายุ่งนะฮะซึ่งนางสาววรรณรี<MARK>บอกว่า
0-415-46.wav	คือนางสาวน้ำใสอายุยี่สิบสามอืมทางกลุ่มกำนันเขาก็มีการถ่ายโครง
0-415-82.wav	นายนัทพรมภูมิทองดีประสิทธิ์อายุ53ปี
7-7845-114.wav	จังหวัดนครศรีธรรมราช(พันตํารวจเอกมณ์เทียนเบ้าทอง,พันตำรวจเอก มนเทียร เบ้าทอง)<MARK>นะฮะ
7-7845-53.wav	นายสุชาตินาคนาศักดิ์(นาคนาศักดิ์,นาคนะศักดิ์)<MARK>อายุ34
7-7845-54.wav	นายสุชาติ<MARK>บอกว่าช่วงค่ำเมื่อวานเนี่ย
0-416-26.wav	เราก็ตามต่อกันให้ค่ะเพราะตอนนี้ตำรวจส่งตัวนางสาวยานพัฒน์เนี่ย
0-416-36.wav	ผู้หญิงคนนี้ที่ชื่อว่านางสาวยานพัฒน์ไปนั่งกินที่ร้านอาหารแห่งหนึ่งกับผู้ชายคนนั้นนะคะ
0-416-44.wav	ใช่นางสาวยานพัฒน์คนเดียวหรือเปล่าอืมมีผู้ชายที่ไปนั่งกินกับเธอเนี่ย
7-7852-0.wav	การเสียชีวิตของนายชูวงษ์แซ่ตั๊ง<MARK>
7-7852-13.wav	แล้วก็เป็นเพื่อนสนิทของนายชูวงษ์<MARK>เป็นคนขับ
7-7852-26.wav	แต่นายชูวงษ์แซ่ตั๊ง<MARK>ถึงเสียชีวิตภายในรถอย่างมีเงื่อนงำทางญาติสงสัยแบบนี้
7-7852-3.wav	ซึ่งเป็นสาเหตุที่ทำให้นายชูวงษ์<MARK>เสียชีวิต
7-7852-40.wav	แล้วก็มีนางสาวกันทนา<MARK>หรือว่าน้ำตาล<MARK>ซีวาธนพล<MARK>อดีตพริตตี้
7-7852-44.wav	ซึ่งเกี่ยวข้องนี้นะคะก็คือการเสียชีวิตอย่างน่าสงสัยของนายชูวงษ์<MARK>
7-7852-45.wav	มีคำสั่งประทับรับฟ้องในคดีที่ครอบครัวของนายชูวงษ์แซ่ตั๊ง<MARK>
7-7852-47.wav	(ตั้งพากร,ตั้งภากรณ์)<MARK>เป็นจำเลยในฐานความผิดร่วมกับพวกฆาตกรรมนายชูวงษ์<MARK>
7-7852-48.wav	กรณีที่นายชูวงษ์<MARK>อย่างที่เราเล่าไปนั่งนา(นั่งนา,นั่งมา)ในรถยนต์กับพันตำรวจโท(บัญญิน,บรรยิน)<MARK>
7-7852-51.wav	ซึ่งในวันที่12กุมภาพันธ์ปีหน้านี้นะคะหากพันตำรวจโท(บัญญิน,บรรยิน)<MARK>เดินทางมาที่ศาล
7-7852-53.wav	เรื่องนี้นะคะทนายความของครอบครัวนายชูวงษ์<MARK>ก็คือนายอเนกคำชุ่ม<MARK>
7-7852-59.wav	โดยศาลเห็นว่านายชูวงษ์<MARK>น่าจะไม่ได้เสียชีวิตจากอุบัติเหตุ
7-7852-62.wav	มาจากการโอนหุ้นของนายชูวงษ์<MARK>มูลค่าประมาณสามร้อย(สามร้อย,300)ล้านบาทโดยมิชอบ
7-7852-71.wav	ครอบครัวของนายชูวงษ์<MARK>ยังได้ยื่นฟ้องพันตำรวจโท(บัญญิน,บรรยิน)<MARK>เพิ่มเติมด้วยนะคะ
7-7854-21.wav	รปภ.คนนี้ชื่อนายทองดีคำหัน<MARK>อายุ49ปีเป็นชาวจังหวัดขอนแก่น
7-7854-23.wav	ถาวรโชคคูณ<MARK>เป็นลูกเขยนะครับบอกว่านายทองดี<MARK>เป็นรปภ.ประจำศูนย์การค้าแห่งหนึ่ง(หนึ่ง,1)
7-7854-27.wav	ว่าสงสัยนายทองดี<MARK>คงจะดำน้ำเข้าไปในท่อไปหาปลาในท่ออย่างแน่นอน
7-7854-32.wav	นายทองดี<MARK>คงดำน้ำมุดเข้าไปหาปลาภายในท่อระบายน้ำ
7-7854-37.wav	เหตุการณ์เริ่มจากนายทองดี<MARK>ขี่จักรยานยนต์มาถึงปากท่อ
7-7854-40.wav	หลังจากนั้นนายทองดี<MARK>ก็ลงไปในน้ำแล้วก็ถือตาข่ายดักปลาลงไปด้วย
7-7854-42.wav	จากนั้นนายทองดี<MARK>ได้มุดว่ายน้ำเข้าไปบริเวณปากท่อ
7-7854-44.wav	ส่วนตัวนายทองดีเอง<MARK>เนี่ยตอนนั้นอยู่ในท่อเรียบร้อยแล้ว
7-7854-45.wav	แล้วนายทองดี<MARK>เนี่ยก็คงจะว่ายน้ำเข้าไปในท่อ
7-7854-48.wav	นายทองดี<MARK>ว่ายมาตามท่อซึ่งเป็นทางตรงประมาณสามสิบ(สามสิบ,30)เมตร
7-7854-4.wav	เข้าไปเพื่อจะหาปลาในท่อระบายน้ำที่จังหวัดนครปฐม
7-7854-54.wav	ล่าสุดวันนี้นายสรพงศรีรักษา<MARK>อายุ34ปีเป็นลูกบุญธรรมนะครับ
7-7854-56.wav	ก็มาติดต่อขอรับศพนายทองดี<MARK>แล้วก็เปิดเผยว่าเขาเป็นลูกบุญธรรมของผู้ตาย
7-7854-58.wav	แต่ก็รักนับถือกันดีนับถือนายทองดี<MARK>เป็นพ่อมาตลอด
7-7854-59.wav	ปกตินายทองดี<MARK>ชอบออกไปหาปลาเป็นคนที่ดำน้ำเก่งมาก
7-7855-19.wav	เพื่อร่วมไว้อาลัยให้กับนายวิชัยศรีวัฒนประภา(ประพา,ประภา)<MARK>
7-7855-35.wav	แฟนบอลแต่งขึ้นมาเพื่อนายวิชัย<MARK>ประธานสโมสรที่ทำให้ความฝันของชาวเมืองเลสเตอร์
7-7855-38.wav	เพื่อมาร่วมสวดพระอภิธรรมนายวิชัย<MARK>วันนี้นะคะ
7-7856-17.wav	ผู้ตายคือนางสำรวยสุรสร<MARK>
0-421-1.wav	คือรอรอลูกนายจิรายุสุขใสค่ะแรงงานไทยในอิสราเอลที่จะเดินทาง
7-7856-24.wav	ผู้สื่อข่าวเดินทางไปที่บ้านเลขที่46
7-7857-18.wav	ภรรยาเขาชื่อนางราอวน<MARK>ถูกล้อรถกระบะทับอยู่ที่หน้าอก
7-7858-235.wav	หลังเกิดเหตุเนี่ยมีคนที่เข้าไปช่วยเหลืออุ้มสารวัตร(สิว,ศิว)<MARK>พร้อมกับสั่งให้ลูกน้องสาม(สาม,3)นายนำขึ้นรถเก๋งแคมรี่นะฮะไปส่งโรงพยาบาลนครปฐม
0-421-32.wav	ก็คือญาติของนายกิติพงศ์ชัยโกหรือว่าโบ้นะครับ
0-421-50.wav	คุณแม่หนูพันธ์บอกด้วยนะครับว่าตอนลูกชายจะเดินทางไปอิสราเอล
7-7858-25.wav	นายประโยชน์จันทราย<MARK>มาพร้อมกับภรรยาของกำนันนก<MARK>แล้วก็ทนายความนะฮะ
0-421-7.wav	คือนายจิรายุตอนนี้ต้องสร้างกำลังใจให้กับคุณพ่อ
7-7858-313.wav	วันนี้ครอบครัวของสารวัตร(สิว,ศิว)<MARK>เดินทางไปทำพิธีเชิญดวงวิญญาณที่จุดเกิดเหตุ
0-421-8.wav	และคุณแม่ของนายจิรายุก่อนก็คือคุณพ่อกำจรกับคุณแม่จำรัฐสุขใสนั่นเองนะคะ
7-7858-32.wav	ที่เดินทางมาถึงนะครับหลังจากนั้นผู้ใหญ่โยชน์<MARK>ได้เข้าไปพบพนักงานสอบสวน
7-7858-339.wav	แต่ไม่มีใครตอบขณะเดียวกันตอนนั้นก็ยังเห็นนายประสงค์<MARK>นะครับ
7-7858-63.wav	ตำรวจภูธรเมืองนครปฐมค่ะควบคุมตัวนายประสงค์ไซไกรกระ<MARK>รปภ.บ้าน
7-7858-66.wav	นายประสงค์<MARK>มีภาพปรากฏอยู่ในกล้องวงจรปิดถือปืนเดินไปมาในคืนที่เกิดเหตุ
7-7858-67.wav	ซึ่งเป็นงานเลี้ยงแล้วในวันที่ตำรวจเข้าไปตรวจค้นนายประสงค์<MARK>ก็ถือปืน
7-7858-68.wav	ขัดขวางการทำงานของเจ้าหน้าที่ด้วยตำรวจชุดคลี่คลายคดีก็เลยนำตัวนายประสงค์<MARK>
7-7858-71.wav	แต่นายประสงค์<MARK>บอกว่าไม่หนักใจอะไรเลยเพราะตัวเองไม่ได้เป็นคนยิง
7-7858-74.wav	ระหว่างที่ตำรวจคุมตัวนายประสงค์<MARK>ขึ้นรถเพื่อไปส่งศาลนะคะ
7-7858-85.wav	ญาติของนายประสงค์<MARK>ยื่นคำร้องพร้อมหลักทรัพย์ขอปล่อยตัวชั่วคราวระหว่างฝากขัง
7-7859-23.wav	นางสาวดาราการดันภัย<MARK>อายุยี่สิบหก(ยี่สิบหก,26)ปี
7-7859-24.wav	นางสาวดารการ<MARK>เป็นคนขี่มอเตอร์ไซค์
7-7859-25.wav	นายนัทธพงศ์<MARK>หลบหนีนะคะ
7-7859-39.wav	เรื่องต้นตำรวจมีการแจ้งข้อกล่าวหากับนายนัทพงศ์<MARK>
7-7859-43.wav	สาม(สาม,3)ข้อหาเหนาะนายนัทพงศ์<MARK>รับไปค่ะ
7-7860-1.wav	เหลืออีกสาม(สาม,3)จังหวัดไม่ใช่สาม(สาม,3)วันนะ
0-426-38.wav	ก็ไปถามกับคนนี้ก็คือนางลักษณะภูนุสิตนะครับ
7-7863-2.wav	สำหรับน้องนายนพัฒน์(นพัฒน์,นภัทร)<MARK>หลายคนคงจำกันได้
7-7864-13.wav	ต่อค่ะคืนวันเกิดเหตุนัดนางสาวธิดา<MARK>ผู้เสียชีวิตออกมาเที่ยว
7-7864-9.wav	ชื่อว่านายอองเมียวดัน<MARK>อายุยี่สิบ(ยี่สิบ,20)ปีควบคุมตัวไว้ได้
7-7867-42.wav	จนถึงตอนนี้ไม่ว่าจะเป็น(นายอุตมาสาวนายน,นายอุตตม สาวนายน)<MARK>หัวหน้าพรรค
7-7867-44.wav	รวมถึงนายพุทธิพงษ์ปุณณกันต์<MARK>ประธานยุทธศาสตร์กรุงเทพมหานคร
7-7868-126.wav	นายสมพงศ์แสงสวัสดิ์<MARK>อายุ43
7-7868-220.wav	นาริสก็ได้คุยกับภรรยาของผู้ก่อเหตุนะคะนางน้อยค่ะ
7-7868-34.wav	ส่วนคนเจ็บชื่อนายสาโรธพามีศรี<MARK>อายุ37ปีเป็นพ่อค้าขายหมู
7-7868-37.wav	ภรรยาของคนเจ็บชื่อนางวรยารัฐพามีศรี<MARK>นะครับบอกกับตำรวจ
7-7872-32.wav	พบศพนายลิ้มเสียงแทร่เฮง<MARK>หรือตาบังอายุ77ค่ะ
7-7872-40.wav	เพื่อนบ้านค่ะนายสุชาติ<MARK>อายุ64บอกว่าตาบังแกชอบแก้ผ้าอาบน้ำริมคลอง
0-427-3.wav	ลุงพลแห่งบ้านกกอกนายชัยพลวิพาเนี่ย
0-427-46.wav	นายอำเภอชัชวาลย์ทองชนเนี่ยท่านบอกว่าเรื่องพระพุทธชินราชที่ลานที่บ้านของลุงพลนายชัยพลวิพาเนี่ย
0-427-47.wav	นายชัยพลวิพาไม่ได้มาขออนุญาตมาหารืออะไรกับทางอำเภอเลย
7-7875-7.wav	เราไปคุยกับลูกสาวของคุณยายกรนะคะนางพันธกรกวางแก้ว<MARK>ค่ะ
7-7877-5.wav	เช่นเดียวกันกับนายชายชาญเจริญสุข<MARK>ประธานสภาผู้ส่งสินค้าทางเรือแห่งประเทศไทยก็บอกนะครับว่า
0-427-62.wav	เบาถินนางแจ๊สตัวแทนยูทูบเบอร์บ้านลุงพลก็มานะคะ
0-427-6.wav	ล่าสุดนะครับชมรมช่วยเหลือเหยื่ออาจยากรรมของนายอัจฉริยะเรืองรัตนพงศ์
7-7885-1.wav	นางรักแบบงงเดี๋ยวเล่าให้ฟังก่อน
0-428-245.wav	ผู้นายนี่ก็คนละแบบกับเราอยู่แล้วเป็นเรื่องของรัฐบาลดูแลมากที่สุด
7-7888-0.wav	ของนางสาวปลายฝน<MARK>หรือว่าน้องเกด
7-7888-108.wav	เคยถูกนายวิชัยแฟนใหม่ขู่ฆ่าไว้
7-7888-10.wav	ว่าท้ายที่สุดแล้วนายวิชัยพูดไม่ตรงพูดไม่จริงหรือเปล่า
7-7888-129.wav	แต่ทีนี้พอมันหาไม่เจอคือเขาก็ฝากไปถึงนายวิชัยสามีปัจจุบันนะ
7-7888-130.wav	ว่าถ้าเกิดอยู่กับนายวิชัยให้เอามาคืน
7-7888-16.wav	นางสาวปลายฝนอ่ำสาริกา<MARK>อายุยี่สิบ(ยี่สิบ,20)ปี
7-7888-18.wav	แล้วก็มีนาย(คงกฤษ,คมกฤช)(หงวิลัย,หงษ์วิไล)<MARK>อดีตส.ส.ปราจีนบุรี
7-7888-20.wav	นอกจากนั้นก็มีนายวุฒิพงศ์ฉายแสง<MARK>อดีตส.ส.ฉะเชิงเทรา
7-7888-21.wav	นายสมชัยอัศวะชัยโสพล<MARK>อดีตส.ส.ฉะเชิงเทราพรรคเพื่อไทย
7-7888-23.wav	ทีนี้ตัวนายคมกริจหงวิลัย<MARK>อดีตส.ส.ปราจีนบุรี
7-7888-27.wav	ซึ่งนายคงกริจก็บอกด้วยนะบอกว่าแรกเริ่มเดิมที
7-7888-39.wav	กรณีนายวิชัยที่เป็นแฟนของน้องเกด
7-7888-43.wav	แต่ถูกนายวิชัยแฟนหนุ่มเอาไปผ่อนค่างวดรถมอเตอร์ไซค์
7-7888-44.wav	รู้สึกเสียใจมากที่นายวิชัยโกหกกับทุกคน
7-7888-46.wav	นายวิชัยมางานศพด้วยยังมาขอนอนค้างที่บ้าน
7-7888-49.wav	ไม่อยากอยู่ให้เห็นหน้าเพราะว่าตากลัวว่าตาจะทำอะไรนายวิชัย
7-7888-50.wav	คือคุณตาตัดสินใจนะตอนแรกเข้าไปคุยกับนายวิชัยเองเลย
7-7888-62.wav	วันเกิดเหตุก็ไล่นายวิชัยกลับบ้านไปเลยเพราะทนไม่ไหวแล้ว
7-7888-70.wav	แต่นายวิชัยอมไปหนึ่งพันบาท(พันบาท,1000บาท)หรือเปล่า
7-7888-74.wav	จะเอาเรื่องนายวิชัยว่าจะสามารถดำเนินคดีอะไรได้ไหม
7-7888-77.wav	อยากจะบอกถึงนายวิชัยว่าไงรู้ไหมคุณ
7-7888-88.wav	ต้องแยกกันนะนายวิชัยคือแฟนใหม่นายบอลคือสามีเก่า
7-7888-9.wav	เกี่ยวกับนายวิชัยที่เป็นแฟนคนปัจจุบันของน้องเกด
7-7890-161.wav	(คุณสุพัฒนภงพันมีเช่า,คุณสุพัฒนพงษ์ พันธ์มีเชาว์)<MARK>แล้วก็นาย(กูฤทธิ์,กุลิศ)สมบัติศิริ<MARK>เนี่ย
0-428-773.wav	ท่านเคยไปหรือยังผมไปมาแล้วที่เกิดสิรินทรจังหวัดอุบลราชธานีนะครับ
7-7890-462.wav	นางอยู่โบสถ์เธอนางชอบอยู่โบสถ์
7-7892-18.wav	อย่างชาวตำบลหินดาดอำเภอห้วยแถลงจังหวัดนครราชสีมาท่านนี้คือคุณบุษบาม้วนสูงเนิน<MARK>นะคะ
7-7893-14.wav	วงจรปิดกลายเป็นหลักฐานสำคัญเพราะช่วงเวลา(ห้วงเวลา,ช่วงเวลา)นั้นไม่มีผู้ต้องสงสัยคนใดผ่านมาให้เป็นพิรุธ(พิรุษ,พิรุธ)ทีมสืบโรงพักปากช่องจึงขยายผลอันนำไปสู่การควบคุมตัวนายดวงสิทธิ์รักสูงเนิน<MARK>หลานเขยผู้ตายซึ่งบ้านอยู่ใกล้กันมาเค้นสอบ
0-429-31.wav	จนทราบว่าผู้ก่อเหตุคือนายสุธิศักดิ์ธานีอายุ42ปี
7-7893-15.wav	ตำรวจใช้ลูกล่อลูกชนอยู่ไม่นานนายดวงสิทธิจึงยอมเปิดปากสารภาพว่าเป็นคนยิงน้าชายตายคามือ
7-7893-16.wav	เหตุผลที่ต้องชิงลงมือก่อนเพราะถูกนายสมรขู่ฆ่ายกครัวตำรวจจึงพาไปค้นปืนที่ซ่อนไว้ก่อนนำมาทำแผน
7-7893-18.wav	ถูกนายสมรซึ่งคาดว่าน่าจะเมากัญชานอนอยู่บนเปล
7-7893-1.wav	จังหวัดนครราชสีมาค่ะเมื่อหลานเขยบุกยิงน้าจนตายคาเปล
7-7893-8.wav	ตำบลปากช่องอำเภอปากช่องนครราชสีมาที่เกิดเหตุพบศพนายสมรบรรดาศักดิ์<MARK>วัย57
7-7895-60.wav	ใช่ค่ะนางสำราญประภัยพัฒนาวงศ์<MARK>ค่ะอายุ49ปีเป็นหนึ่งในผู้เสียหายนะคะ
7-7895-61.wav	เขาบอกว่ามาจากอำเภอเสนาจังหวัดพระนครศรีอยุธยาเลยมาดูทรัพย์สินมารอดูหน้าผู้ต้องหาด้วย
7-7895-68.wav	เนี่ยมีอีกคนหนึ่ง(หนึ่ง,1)ค่ะผู้เสียหายที่ชื่อว่านางสาวกระหนกพรพันธ์รัตนชาติ<MARK>นะคะ
7-7895-81.wav	สองคนนี้นะครับสองสามีภรรยาถูกจับได้แล้วครับนายอภิชาติบุญเรือง<MARK>อายุ42ปี
7-7895-82.wav	อีกคนหนึ่งเขามีสองชื่อนะคือนางสาวอุสาเกรดมณี<MARK>แล้วก็อีกชื่อหนึ่งคือทิยาตาบุญเรือง<MARK>อายุ38ปี
7-7895-9.wav	เจ้าหน้าที่ได้นำตัวนายอภิชาติบุญเรือง<MARK>อายุ42ปีกับนางสาวอุสาเกรดมณี<MARK>
7-7896-107.wav	ตำรวจก็นำรถจักรยานยนต์ของนายทักดันัย<MARK>นะคะแล้วก็รถกระบะของเจ้าหน้าที่
7-7896-114.wav	ก็จะต้องจำหน่ายคดีออกจากสารบบดังนั้นก็เหลือแค่ฟ้องนายจิรายุทธ์สวนมิ<MARK>
7-7896-124.wav	แต่ทีนี้ทางแม่ของนายทักดันัย<MARK>ที่ถูกวิสามัญเนี่ยนะครับ
7-7896-126.wav	วันนี้ก็มากับแฟนสาวของนายทักดันัยนะฮะมาที่สน.หนองค้างพลู
7-7896-127.wav	นำเอกสารมาติดต่อขอรับศพนายทักดันัย<MARK>ที่สถาบันนิติเวชวิทยาโรงพยาบาลตำรวจ
7-7896-128.wav	ระหว่างรอรับศพนางสุพัตรา<MARK>ก็ร้องไห้ตลอดเวลาแล้วครับ
7-7896-130.wav	สุพัตราบอกว่าตัวเองมีลูกชายสองคนนายทักดันัย<MARK>หรือนายกอล์ฟเป็นลูกชายคนโต
7-7896-132.wav	ส่วนแฟนของลูกชายพักอาศัยอยู่กับตัวแม่ของนายทักดันัย<MARK>นี่แหละ
7-7896-13.wav	ทีนี้ครอบครัวของนายทักดันัย<MARK>ก็บอกว่าลูกชายเป็นคนดีครับ
7-7896-140.wav	เหตุการณ์ที่เกิดขึ้นนางสุพัตรา<MARK>แม่ของนายทักดันัย<MARK>นะครับมองว่านี่เป็นการกระทำที่เกินกว่าเหตุของตำรวจ
7-7896-175.wav	ส่วนกระแสข่าวที่ระบุว่านายทักดันัย<MARK>
7-7896-178.wav	นางสุพัตรา<MARK>ที่เป็นแม่
7-7896-191.wav	ค่ะแต่ผู้ต้องหาที่ถูกจับก่อนหน้านี้ที่บอกว่าร่วมกันก่อเหตุกับนายทักดันัย<MARK>
7-7896-192.wav	ของผู้ต้องหาก็บอกเหมือนกันว่าก็ถูกนายทักดันัย<MARK>นี่แหละ
7-7896-21.wav	ตำรวจจับได้หนึ่งในสองก็คือนายจิรายุทธ์สวนมิ<MARK>อายุ20ปี
7-7896-23.wav	ส่วนนายทักดันัยเหนียวร้างใจ<MARK>หรือก๊อฟอายุ27ปี
7-7896-27.wav	นายจิรายุทธ์เป็นคนซ้อนเป็นคนยิง
7-7896-28.wav	ส่วนนายทักดันัย<MARK>คือคนขี่ที่อยู่ด้านหลังที่ไม่ได้วงแดง
7-7896-29.wav	ใช่นายจิรายุทธ์ก็เลยบอกว่านี่ไงก็ร่วมกับนายทักดันัย<MARK>
7-7896-44.wav	รถจักรยานยนต์คันนี้ก็เป็นรถของผู้ต้องหาของนายทักดันัย<MARK>
7-7896-4.wav	เหตุการณ์นี้เนี่ยนะคะตำรวจจับกุมหนึ่งในสองคนร้ายได้จับกุมนายจิรายุทธ์ได้
7-7896-55.wav	การจับกุมนายทักดันัย<MARK>ในครั้งนี้
7-7896-58.wav	เมื่อคืนที่ผ่านมาค่ะนายทักดันัย<MARK>
7-7896-62.wav	แต่ระหว่างที่นายทักดันัย<MARK>อยู่กับเพื่อนในร้านสนุกเกอร์ค่ะ
7-7896-64.wav	พอนายทักดันัย<MARK>เห็นตำรวจก็วิ่งหนีออกมาจากร้าน
7-7896-68.wav	ระหว่างหลบหนีนายทักดันัย<MARK>เห็นว่าตำรวจเริ่มประชิดตัว
7-7896-71.wav	ตำรวจวิ่งตามไปนะคะแต่แทนที่นายทักดันัย<MARK>จะหยุดมอบตัว
7-7896-76.wav	กระสุนไปถูกกลางอกของนายทักดันัย<MARK>สองนัด
0-432-100.wav	นายสนิทน้อยขันอายุ57ปี
0-432-102.wav	นายประเรียนอภิยะอายุ50ปี
7-7896-77.wav	นายทักดันัย<MARK>ล้มฟุบและเสียชีวิตทันทีตรงจุดนี้เลยค่ะ
0-432-103.wav	แล้วก็นางสาวสุนิตราน้อยขันอายุ35ปี
7-7896-7.wav	ดังนั้นเพื่อนอีกคนนึงที่ชื่อว่านายทักดันัย<MARK>เนี่ยหนีอยู่ก่อนหน้านี้นะ
0-432-10.wav	แล้วก็นายนัทธศิษย์จันทริสชื่อว่าน้องแทนอายุ17ปี
7-7896-81.wav	ตำรวจเขาลงพื้นที่ไปครั้งหนึ่งนะแต่ตอนนั้นเหมือนนายทักดันัย<MARK>เนี่ยไหวตัวทัน
7-7896-84.wav	แล้วขณะที่ตำรวจแสดงตัวเข้าจับกุมนายทักดันัย<MARK>กลับหลบหนีไง
0-432-12.wav	หลังเกิดเหตุนายวิชวุฒิจินโตผู้ว่าราชการจังหวัดสุราษฎร์ธานี
0-432-33.wav	ประดาน้ำเจอร่างของนายนัทธศิษย์จันทริสหรือน้องแทน
0-432-37.wav	ส่วนน้องกล้องนายก้องเกียจตอนนี้ยังไม่เจอเลยนะคะ
7-7899-27.wav	ลงถังขยะแล้วก็ทางนางสาวจันทาแขสันเทีย<MARK>
7-7899-28.wav	ซึ่งคบหากันกับนายวันเฉลิม<MARK>มาสักประมาณปีกว่า
7-7899-33.wav	เมื่อช่วงเช้าของเมื่อวานนายวันเฉลิม<MARK>พร้อมกับญาติเดินทางไปพบตำรวจ
7-7900-12.wav	มือปืนก็คือนายสุพศสงวนพงศ์<MARK>อายุ35ปี
7-7900-16.wav	นายสุพศไปก่อเหตุใช้อาวุธปืนยิง
7-7900-28.wav	ทีนี้จากการสอบปากคำนายสมพงศรีแพงมนต์<MARK>อายุ47ปี
7-7900-35.wav	เจ้าของไก่ชนตัวที่แพ้ก็คือนายสุพธิ์(สุพธิ์,สุพศ)มือปืนด้วย
7-7900-39.wav	แล้วนายสุพธ(สุพธ,สุพศ)เนี่ยชักปืนออกมาเลยยิงขึ้นไปท้องฟ้าหนึ่งนัด
7-7900-42.wav	นายสุพธ(สุพธ,สุพศ)พอแบบนั้นแล้วเดินตามผู้ตาย
7-7900-53.wav	มีการสั่งการให้ชุดสืบสวนติดตามจับกุมตัวนายสุพศมือปืน
0-432-62.wav	แล้วก็หลังรับแจ้งเหตุนายธนากรอึ้งจิตภัยศาลผู้ว่าราชการจังหวัดอุตรดิตถ์
0-432-91.wav	ก็ประกอบด้วยนายก้อยยาศรีอายุ60ปี
0-432-92.wav	นายมานะธรรมวงศ์อายุ40ปี
0-432-94.wav	นายชีวทัศน์อภิยะอายุ57ปี
0-432-95.wav	แล้วก็นายพรใจโสภาอายุ55ปี
0-432-9.wav	ชื่อก็คือนายก้องเกียรติพุทธธรรมรงค์หรือว่าน้องกล้องอายุ16ปี
0-433-22.wav	ล่าสุดนายสมหมายเตชวานรองอธิบดีกรมทรัพยากรธรณี
0-434-18.wav	โพสต์นี้ยังถูกเสริมอย่างที่คุณทัศนายบอกด้วยแคปชั่นประกอบคำว่า
7-7903-17.wav	เหตุการณ์นี้ทำให้นางสาวนัทจิรา<MARK>หรือว่าไอซ์อายุ31ปีเป็นอดีตภรรยาของผู้ก่อเหตุได้รับบาดเจ็บ
7-7903-180.wav	แล้วช่วงตุลาคมนะของปีก่อนนายสุรนันต์<MARK>ก็เปลี่ยนรูปโปรไฟล์เป็นภาพครอบครัว
7-7903-27.wav	คือแล้วก็ตรวจสอบไปแล้วเนี่ยพบว่าคนที่ก่อเหตุชื่อนายสุรนันต์พวง<MARK>อายุ32ปี
7-7903-36.wav	ลูกสาวคนเล็กอายุ10ขวบเห็นเหตุการณ์วิ่งเข้ามาช่วยถูกนายนายสุรนันต์<MARK>
7-7903-38.wav	แล้วก็มีเพื่อนบ้านแถวนั้นได้ยินเสียงกรีดร้องก็เลยเข้ามาช่วยกันทำให้นายสุรนันต์<MARK>
7-7903-44.wav	เพราะว่าเธอจับได้ว่านายสุรนันต์<MARK>เนี่ยไปมีผู้หญิงคนอื่นนะ
7-7903-45.wav	เคยเลิกแล้วก็แยกทางกันไปรอบนึงแล้วแต่ว่านายสุรนันต์ก็กลับมาตามง้อขอคืนดี
7-7903-56.wav	จากนั้นก็ถูกนายสุรนันต์<MARK>อดีตสามีกับเพื่อนบุกมาก่อเหตุ
7-7903-60.wav	ต้องการให้ตำรวจติดตามตัวนายสุรนันต์<MARK>อดีตสามีมาดำเนินคดีตามกฎหมาย
7-7907-14.wav	ของกลุ่มของนายนิยมนพรัช<MARK>นายเคเสื้อแดงนะครับ
7-7907-15.wav	นายสมบัติทองย้อย<MARK>อดีตการ์ดของเสื้อแดงนะครับ
7-7909-31.wav	จอดที่ตำบลทะเลชุบสอนแล้วก็พบในไป๊คนนี้ค่ะนาย
7-7909-33.wav	แล้วก็มีแม่ก็คือนางดวงดาว<MARK>นั่งซ้อนท้ายมาด้วยตำรวจบอก
7-7909-44.wav	ว่าตำรวจวิทยุขอกำลังเสริมสิบห้านายเอาตำรวจมาเพิ่มอีก
7-7909-45.wav	สิบห้านายอืมเพราะในไป๊คนนี้แหละ20นาทีนะคะครับก็เถียง
7-7912-12.wav	สุราษฎร์ธานีก็เป็นอีกหนึ่งจังหวัดที่เขาขึ้นชื่อเรื่องของกุ้งแม่น้ำ
7-7912-1.wav	จากเหนือเราลงใต้ไปที่จังหวัดสุราษฎร์ธานีนะจ๊ะ
7-7914-119.wav	ก็ถูกต้องอย่างที่ผู้กรจอยบอกคือทุกคนเราก็เป็นห่วงทั้ง8นายที่บาดเจ็บนั่นแหละใช่ไหม
7-7914-141.wav	เขตรอยต่ออำเภอหนองจิกจังหวัดปัตตานีซึ่งเป็นกลุ่มเดิมคือกลุ่มของนายบูคอลีหลำโซะ
0-437-57.wav	ส่วนนายอาทิตย์กันนิกาคุณรัก
7-7914-5.wav	แล้วก็ก่อเหตุนี้เนี่ยมีเจ้าหน้าที่ของตชด.ได้รับบาดเจ็บไป8นาย
7-7916-45.wav	อำนวยความสะดวกเหล่านี้นี่คือนายคำภัยบานอิน<MARK>อายุ60ปี
0-439-101.wav	จะสร้างบ้านให้อยู่แต่ว่านายไพรวันพฤติกรรมเหมือนเดิมเลยอ่ะค่ะ
0-439-10.wav	และคนก่อเหตุไม่ใช่ใครที่ไหนครับนายไพรวันที่เห็นหน้าจอคุณผู้ชมครับ
0-439-117.wav	แล้วก็ตามล่าตัวนายไพรวันคนก่อเหตุนะฮะ
0-439-12.wav	ยิงพี่ชายคือนายบัวพันธ์เสร็จแล้วเขาจะไปยิงพี่สาวต่ออีกนะ
0-439-27.wav	แล้วไปตรวจค้นห้องนอนของนายไพรวัลชั้น2
0-439-32.wav	พี่ชายของนายไพรวันนายสมชายครับ
0-439-36.wav	แล้วนายไพรวันเอก็คือคนก่อเหตุไปร่วมงานด้วย
0-439-42.wav	นายไพรวัลไปยืนอยู่ที่หน้าต่างชั้น2
7-7923-26.wav	สำหรับผู้ที่ไม่สะดวกจริงในการที่จะเดินทางมาทำบัตรประชาชนแล้วก็จำเป็นต้องใช้นะคะ
7-7923-5.wav	นายบุญฤทธิ์นิปปะวนิษฐ์(นิปปะวนิษฐ์,นิปวณิชย์)<MARK>ประธานสมาพันธ์ปลัดอำเภอแห่งประเทศไทย
0-439-43.wav	แล้วเอาปืนจ่อลงมาแล้วก็ลั่นไกยิงเข้าที่หลังของพี่ชายคือนายบัวพันธ์ครับ
7-7926-50.wav	พบกับนางสาวเกรดแดงกระโทก<MARK>
7-7927-22.wav	แล้วก็ย้ายกลับบ้านเกิดที่จังหวัดหนองบัวลําภูเมื่อปี2559
16-16079-7.wav	กับทหารเรือจังหวัดชลบุรีครับเหมือนกับกำลังปรับมุมกล้องในห้องน้ำ
0-439-67.wav	นายไพรวันที่ชั้น2บอกว่าลงมากินข้าวกินปลาเถอะ
0-439-78.wav	ซึ่งเป็นคนที่นายไพรวันประกาศว่าจะตามมายิงเนี่ยชื่อว่าสมมัก
0-439-8.wav	กองเลือดยังอยู่ที่พื้นอยู่เลยฮะคนเจ็บชื่อว่านายบัวพันธ์อายุ56
0-439-92.wav	ยิงทิ้งเลยก็ได้น้องคนนี้ลูกชายของนางสมมักบอกว่าเรื่องที่เกิดขึ้น
0-439-93.wav	น่าจะมาจากว่านายไพรวันคนก่อเหตุแค้นพี่แค้นน้อง
0-439-94.wav	เพราะว่านายไพรวันเนี่ยพอออกจากคุกก็ไปเสพยาทำร้ายเมีย
0-439-98.wav	นายไพรวันเอาเสาหลักไปปักที่ดินของพี่น้องครับ
0-441-24.wav	โดยนายอิทธิพรบุญประคองประธานกกต.
0-441-41.wav	ซึ่งนางสดศรีสัตยธรรมอดีตคณะกรรมการการเลือกตั้ง
0-441-45.wav	เช่นเดียวกับนางสิริพันธ์นกสวนสวัสดี
0-441-74.wav	ซึ่งนายณัฏฐพลทีปสุวรรณบรองหัวหน้าพรรคพลังประชารัฐ
7-7931-20.wav	นายภัยรัฐเงินมีศรี<MARK>ประธานชมรมกรรมการกีฬายานยนต์บอกว่า
0-442-37.wav	ทำให้นางสาวจารุณีเคนสาลี
0-442-3.wav	นี่คือสลากที่เปื้อนเลือดของนายมานะการชนะชำนาญอายุ49ปี
7-7935-6.wav	แต่ไปรู้จักท่านนี้ก่อนก็คือนายคนนองทุมพงศ์<MARK>คนนี้แหละครับ
0-442-5.wav	ตอนนี้ในแผงขายหมดเกลี้ยงนายธนวัฒน์พลวิชัยกรรมการและโฆษก
0-444-46.wav	ล่าสุดวันนี้ค่ะนายทีนโรสอันฮานอมกรีเวยซูธผู้อำนวยการองค์การอนามัยโลกก็ได้ออกมาโต้ตอบอย่างดูเดือด
0-445-8.wav	ฟาร์มาเมดที่อำเภอบางบ่อจังหวัดสมุทรปราการนะครับลูกค้าเนี่ยเป็นผู้หญิงสองคน
16-16085-54.wav	ผู้ที่รับบาดเจ็บคนนี้ก็คือนางสาวพัทรวดีนะฮะ
16-16085-57.wav	ตำรวจจับกลุ่มตัวของนายมาโนธได้แล้วเมื่อคืนนี้
16-16085-59.wav	นายมาโนธนะฮะก็กล่าวขอโทษเจ้าของร้านกาแฟ
16-16085-60.wav	คือขอโทษนางสาวพัทรวดีและสัญญาว่าจะไม่ทำแบบนี้อีก
16-16085-61.wav	เพราะว่านางสาวพัทรวดีถามไปบอกว่าทำไมทำแบบนี้
16-16087-11.wav	นางเล่าให้ฟังด้วยว่าก่อนจะถึงวันบวงสรวงระหว่างที่ตัวเองเตรียมข้าวของทำพิธีค่ะ
16-16087-1.wav	พี่นางแบบนี้สายบุญมาแน่นอนค่ะคุณผู้ชมค่ะ
16-16087-6.wav	พี่นางนั้นมีความเชื่อความศรัทธานะคะรวมไปถึงการยกเสาเอก
16-16087-9.wav	พี่นางก็บอกด้วยนะคะว่างานบุญใหญ่ผ่านพ้นไปได้ด้วยแรงศรัทธาของทุกคนค่ะ
16-16088-20.wav	จังหวัดน่านเลยนะเพื่อตามจับกลุ่มผู้ต้องหาบรายนี้
0-453-34.wav	เราไปพูดคุยกับนายอาหาหมัดรัตนตันยูเล่าบอกว่า
16-16088-23.wav	ผู้ต้องหารายนี้ก็คือนายอดิเรกชมพูรส
16-16088-32.wav	ที่สุดนายโยลายถูกยิงเสียชีวิตขาด
16-16089-34.wav	คนขับรถบรรทุกเนี่ยคือนายธารชัยปิ่นเล่
16-16089-35.wav	เอาไม้ยางมาจากจังหวัดตราดกำลังจะไปส่งที่ระยองไง
16-16090-2.wav	วันนี้ที่บ้านเกิดที่นายวัญชัยถูกยิงเสียชีวิตไป
16-16090-4.wav	นางบังออนพิมพ์อุบลอายุ40ปีภรรยา
16-16092-15.wav	ฝาผนังกุฏิหลวงปู่พรามปุญญากาโมพระลูกวัดคีรีวันในอำเภอเมืองจังหวัดนครนายกค่ะ
16-16093-1.wav	บริเวณสี่แยกปากทางเข้าตลาดอำเภอแก้งเคราะห์จังหวัดชัยภูมินะคะ
16-16093-21.wav	นางชวนพิษบุญเสิร์ชอายุ50ปี
16-16094-122.wav	ซึ่งก็คือตำรวจที่นายจักริต
16-16094-161.wav	คนที่ซ้อนท้ายในเอิร์ทหรือนายจักริต
16-16094-177.wav	ที่นายจักริตใช้ปืนยิงผมในจังหวะแรก
16-16094-187.wav	แล้วก็ย้ำเรื่องของรถจักรยานยนต์ของนายเอิร์ทหรือนายจักริตด้วยค่ะ
16-16094-216.wav	ก็เลยส่งไปให้ปปทส่วนเรื่องประวัติของนายเอิร์ทหรือว่านายจักริตนะครับ
16-16094-49.wav	กับนายจักริตเสงจีนหนุ่มปรายศนีย์ทั้งคู่กล่าวอ้างที่บอกว่าโอ้โหพื้นที่เปลี่ยว
16-16094-61.wav	คุณนัทพงศ์ก็ถามพยานท่านนี้ที่เห็นเหตุการณ์วันนั้นบอกว่าแล้วรู้จักนายจักริตหนุ่มปรายศนีย์ไหม
16-16095-24.wav	โดยมีนายทักษิณชินวัฒน์สกายอวยพรสมาชิกพักเพื่อไทย
16-16095-34.wav	6ทหารเดินทางมาเป็นตัวแทนขอขมาต่อครอบครัวพลทหารทรงธรรมหุดหมัด
16-16095-40.wav	ตัวแทนกรกตเตรียมเข้าพบนายวิษณุเครืองามรองนายกรัฐมนตรี
0-463-10.wav	ผู้เสียชีวิตก็คือนายจรูนดวงขวัญอายุ55ปี
0-463-15.wav	และอีกศพหนึ่งคือนางสาวเรนูอายุ48ปี
0-463-19.wav	ลูกของนายจรูนกับภรรยาเก่าที่เสียชีวิตไปได้ประมาณ1ปี
16-16096-14.wav	นายสุธิศักดิ์เกิดสมนึกอายุ24ปี
0-463-30.wav	ไม่ใช่ใครที่ไหนก็คือตัวนายจรูนนี่แหละค่ะ
0-463-36.wav	เด็กชายเอออกมาดูอีกรอบนึงเห็นนายจรูน
16-16096-22.wav	โชคดีที่นายสุธิศักดิ์คนขับรถได้รับบาดเจ็บเล็กน้อยเท่านั้น
0-463-39.wav	นี่ค่ะคนก่อเหตุไม่ใช่ใครที่ไหนคนร้ายก็คือนายจรูนเอง
16-16096-25.wav	ในพื้นที่อำเภอบางประกงจังหวัดชะเชิงเศร้า
0-463-50.wav	นายสมเนศดวงขวัญอายุ56ปีผู้ใหญ่บ้าน
16-16096-8.wav	วัดเขาพระศรีสันเพชรยารามอำเภออูทองจังหวัดสุพรรณบุรี
0-463-53.wav	เพราะว่านายจรูนผู้เป็นสามีที่ก่อเหตุ
16-16098-127.wav	และสำหรับการเดินทางมาร้านก๋วยจับตักหมอไม่ยากเลยนะครับ
0-463-60.wav	ส่วนจะมีปัญหากับนางสาวเรนูภรรยาใหม่หรือเปล่า
0-464-10.wav	ก็ต้องรีบไปช่วยเหลือนายวันเพ็ญเฟื่องฟูผล
16-16099-0.wav	ไปดูภารกิจของท่านนายกัธมนตรีหน่อยคุณผู้ชมครับ
0-464-16.wav	นายวันเพ็ญก็เล่าให้ฟังบอกว่าก่อนหน้านี้มีผู้หญิงคนนึง
0-464-21.wav	ทีนี้ค่ะนายวันเพ็ญก็ลองดื่มไป
7-7936-17.wav	จังหวัดตรังที่เสียแป้ง(เสียแป้ง,เสี่ยแป้ง)คุ้นเคยเป็นอย่างดีเสียแป้ง(เสียแป้ง,เสี่ยแป้ง)นี่เขาเคยไปบ้านตระหลายครั้งแล้วด้วยค่ะพี่อุ๋ย<MARK>
0-466-11.wav	ในตลาดสัตหีบข้างข้างวัดหลวงปู่อีจังหวัดชลบุรีซึ่งจุดนั้นก็ใกล้ใกล้บ้านนั่นแหละ
0-467-11.wav	เป็นผู้ชายแถวบ้านของคุณตาชื่อนายพศธรวัยยราบุตรชื่อเล่นชื่อนายต้า
0-467-5.wav	อำเภอดอนจานจังหวัดกาฬสินธุ์ผู้ที่เสียชีวิตชื่อนายวิจิตรภารประดับอายุเจ็ดสิบสามปีนะครับ
16-16100-18.wav	คือ1นางสาวนบสอนอายุ15ปีปวดแขนขวา
0-473-102.wav	จับภาพขณะที่นายฉัดชัยนะนำก้อนหินไปทุบรถเมอร์ซีเดสรถเบนท์
0-474-14.wav	ผู้เสียชีวิตชื่อว่านายบุญมั่นเอ็มศรีอายุ50นะคะ
0-474-19.wav	ภรรยาของผู้เสียชีวิตนางสาวจุธารัฐอายุ38บอกว่า
0-476-68.wav	ข้อหาที่ตำรวจตั้งกับนายแจ๊คก็ลักทรัพย์ครับ
0-477-5.wav	สอบถามนายปริพัฒน์เง่าโอสา
0-483-25.wav	ก็คือเด็กรถนายสุรศักดิ์ศรีเอี่ยมอองอายุ37ปี
0-483-26.wav	ขออภัยคนขับคนนี้คือนายสุรศักดิ์
0-483-29.wav	คือนายภูวนัทอายุ23ปีกับนายเฉลิมเกียรติอายุ22ปี
0-487-15.wav	อ่านี่ค่ะแล้วก็มีนายวิชาณนพเก้าอายุ51ปี
0-488-77.wav	นายณัฐพลผู้เสียหายคนหนึ่งเปิดเผยนะครับ
0-491-20.wav	นำภาพการจับกลุ่มนายปองคุณพิทักษ์ภูวดลอายุ27ปี
16-16101-14.wav	นางสาวมณีมเนธเจริญเหงาอายุ40ปี
7-7936-345.wav	นายประยูนบัวแก้ว<MARK>ชาวบ้านในพื้นที่บอกว่าผู้คนที่นี่ศรัทธาหลวงปู่ดำกัน
7-7936-573.wav	พริกกับนายนก<MARK>นะครับพลตำรวจโทอิทธิพลอัชริยประดิษฐ์(อัชริยประดิษฐ์,อัจฉริยะประดิษฐ์)ผู้ช่วย
16-16101-18.wav	คดีก็มีความคืบหน้าไปมากแล้วนะคะโดยศูนย์พิสูจน์หลักฐานสี่จังหวัดขอนแก่น
16-16103-26.wav	แต่อย่างที่บอกไปนางหาได้สะทกสถานไหม้นะ
16-16103-46.wav	รวมไปถึงเพื่อนซีนะคะนางร้ายหน้าสวยรุ่นน้อง
16-16106-13.wav	พยาบาลและนายจารุวัฒนพันธ์สมบัติพนักงานเปรย์ที่มากับรถที่ได้รับบัตรเจ็บเนี่ย
16-16108-29.wav	กล่าวถึงนายมีชัยรุชุพันธ์ประธานกรทที่ไม่เข้าร่วมประชุมแม่น้ำ5สายว่า
0-492-10.wav	รู้ทราบชื่อเขาต่อมาคือนายดิมิทรี่โรช่า
0-492-24.wav	เพื่อนของนายดิมิทรี่ชื่อแอนนาชาโครว่า
0-492-39.wav	นายดิวิทรี่เขาถือวีซ่านักท่องเที่ยว
16-16110-14.wav	นางสุนีวันโพธิจันทร์อายุ65ปีนะครับ
16-16110-39.wav	ฝากไปถึงคนที่2นายภูมิธรรมเวชยชัย
16-16110-46.wav	นะครับที่มีนางสาวพิมพัทราวิชัยกุล
16-16110-6.wav	อาจารย์คณิตถาที่จังหวัดตรังนะครูถาหรือนางสาวคณิตถา
0-495-18.wav	ทีมข่าวลงพื้นที่ไปพูดคุยกับนายวัชรกรอายุ21ปี
0-496-10.wav	และนายพิชัยยังอาศัยความเป็นประธานสาขาการบริหารการศึกษาระดับปริญญาโท
0-496-13.wav	จากนี้นายวัญชัยได้เป็นกรรมการหลักสูตรสาขาการบริหารการศึกษาระดับปริญญาโทตั้งแต่ปี2559
0-496-4.wav	โดยที่ไม่บอกรายละเอียดต่างให้กับนายวัญชัยรู้ล่วงหน้า
0-496-5.wav	หลังจากการดำเนินการสอบเสร็จสิ้นนายณัฐพลก็ได้ปลอมลายเซ็นต์ของนายวัญชัย
0-496-6.wav	ทำให้นายวัญชัยนั้นเกิดความไม่พอใจครับ
0-496-7.wav	ส่วนเอกสารอีกหนึ่งฉบับนายวัญชัยดันัยตะโมนุษย์ยังมีบันทึกถึงนายพิชัยชัยสงคราม
0-496-8.wav	โดยในบันทึกระบุว่าปี2557นายพิชัยทำเอกสารเท็จของนักศึกษาคนหนึ่งออกมาร้องเรียนว่า
0-496-9.wav	นายวัญชัยไม่ได้ให้ความเป็นธรรมเรื่องของเกรดกล่าวหาและกันแกล้งหวังให้มีความบกพร่องต่อหน้าที่
0-498-50.wav	นางสาวภูมารินคงเพียรธรรมในอำเภอภูเรือ
0-498-5.wav	นี่นะคะคือนางสายทองศรีบุรินอายุ51ปีค่ะ
0-500-8.wav	รถคันนี้นางสาวนัฐกาลเกียรติบุญอายุ25ปีขับมา
0-502-25.wav	ขณะที่นายสุชาติสิทธิ์ทองหลางเป็นชาวอุดรธานี
0-502-37.wav	นางสาวจิราวัลจันช้อยอายุ25ปีนะคะเธอบอกว่า
0-503-22.wav	1คนค่ะชื่อว่านางสาวรสนาจันทวงอายุ33ปี
0-503-25.wav	ส่วนคนขับรถกระบะชื่อว่านายทรงยศเจริญวัฒนโภคา
0-504-20.wav	แล้วก็เป็น1ใน8พระธาตุประจำวันเกิดของจังหวัดนครพนม
0-505-50.wav	ก็คือนายปากรวันนัตโตอายุ19ปี
0-507-127.wav	ดำเนินการกับนายมงคลกิจต่อไป
0-507-138.wav	นายมงคลกิจเนี่ยอาจจะรับงานจากบริษัทเอกชนมาขายของ
0-507-68.wav	วันนี้ที่อาคารรัฐสภาค่ะนายมงคลกิจสุขสินทรานนท์
0-508-34.wav	แต่มีญาติญาติชื่อว่านางสาวนิรมนต์
0-508-36.wav	ยุทธนาเป็นสามีของนางสาวนิรมนต์อุปการะ
0-508-66.wav	นางสาวนิรมนต์ที่เป็นเมียของแจ๊บ
0-508-78.wav	ซึ่งอย่างที่เล่าให้ฟังนะว่าเมียของในแจ๊บเนี่ยคือนางสาวนิรมนต์
0-509-442.wav	เขาบอกเลยวันนี้นางสาวรัชดาธนาดิเรก
16-16116-26.wav	แต่พี่ตอบได้ว่านางสุชาดาแปลว่าอะไร
16-16120-10.wav	อยู่ที่อำเภอไสงามจังหวัดกำแพงเพชรชนประสานงา
0-511-2.wav	และอีกอย่างหนึ่งนะคะที่มีความสำคัญนะคะก็คือวัดนี้มีความผูกพันกับพระเกจิอาจารย์ชื่อดังไม่ว่าจะเป็นหลวงปู่ศรีหรือว่าหลวงพ่อพูนทรัพย์ค่ะที่นี่ก็คือวัดอ่างศิลาจังหวัดชลบุรีค่ะ
0-513-25.wav	ยังมีรถจักรยานยนต์ของนายเขียนเรืองล่าอายุ46ปี
0-514-111.wav	นางพรพันธ์ปาลกะวงศ์ณอยุธยาแม่ของนายนพเก้า
0-514-18.wav	นายนพเก้าสุคลทรัฐ
16-16120-12.wav	นายธีระสุนทรวิพากษ์เสียชีวิตลูกชายที่มาด้วยบาดเจ็บสาหัสขาหักนะคะ
0-514-43.wav	ส่วนเพื่อนของนายนพเก้าผู้ตาย
16-16120-17.wav	วันนี้ญาติญาติแล้วก็ครอบครัวของนายธีระอาจารย์วิทยาลัยเทคนิคสุพรรณบุรี
16-16120-19.wav	ซึ่งก็ได้ให้ข้อมูลสั้นบอกว่าผู้ตายเดินทางมาหาญาติที่อำเภอไสงามจังหวัดกำแพงเพชรค่ะ
16-16133-10.wav	นายจรรย์พรแซ่อื้อหรือว่าในต่ออายุ35ปีนะครับ
16-16133-11.wav	ผู้ต้องหาที่ใช้มีดปลายแหลมแทงคอนายปริญญาจันล้ำเลิศ
0-519-18.wav	เพื่อไปดูอาการของนางสาวสรรญาโรโต
16-16133-18.wav	นายจรรย์พรเนี่ยถูกจับได้ที่ใต้สะพานพระราม9อยู่ที่เขตวาดบุรณะ
16-16133-20.wav	ตอนที่ก่อเหตุหลบหนีไปกับแฟนสาวนะชื่อว่านางสาวรัตนมณีผิวจันทึกอายุ35ปี
0-519-29.wav	นายพิศนุโรโตอายุ58ปีเป็นพ่อของนางสาวสรรญาเมื่อสักครู่
16-16133-23.wav	หลังจากนั้นนายจรรย์พรผู้ต้องหาเดินไปหยิบของแล้วเจอกันไกล
16-16133-29.wav	แล้วก็พานางสาวรัตนมณีแฟนสาวหลบหนีไป
16-16133-32.wav	นายจรรย์พรบอกว่าสาเหตุที่ลงมือแทงนายปริญญาเนื่องจากหึงหวง
16-16134-31.wav	นางสาววันนี้คอสันเทียค่ะอายุ33ปีค่ะ
16-16134-44.wav	ก็พบว่านายแสวงเสียชีวิตแล้วจริง
16-16134-52.wav	นางสาววันนี้คอสันเทียอายุ33ปีอดีตแฟนสาวเนี่ยค่ะ
0-520-13.wav	แล้วก็ไปจับตัวได้ทราบชื่อคือนายสาการิยาบากาวัย35ปี
0-521-13.wav	ลักษณะเป็นห้องแถวชั้นเดียวสี่คูหาข้างในร้านมีศพนายวิชัยนอนหงาย
16-16134-65.wav	เธอก็เลยอ๋อเนี่ยนายแสวงอดีตแฟนแน่เลยเพราะคนนี้คนเดียวที่เรียกเธอแบบนั้น
16-16134-68.wav	ก็ไม่รู้นางสาววันนี้ก็เลยบอกว่าเธอฟังแค่นี้เธอตอบเลยว่าเออได้กลับมาคบกันเออได้
16-16134-71.wav	สาววันนี้ก็เลยบอกว่าก็คิดว่าอ่ะอดีตแฟนคนนี้คงไปอยู่บ้านพ่อบ้านแม่ที่จังหวัดสระบุรีอ่ะนะ
0-526-32.wav	เสมอกับสุพรรณบุรีสองประตูต่อสองนายธิรจิตหรือเป้าเก๋ร่วมกับกลุ่มทุนพนัน
16-16135-102.wav	พนักงานสอบสวนแจ้งข้อหานายนบพลไปแล้วนะฮะ
0-527-15.wav	ที่ผ่านมานายบุญศรีกับนางแก้วเขาทะเลาะกันบ่อย
0-527-16.wav	พอทะเลาะกันนายบุญศรีก็มักจะเอามีดมาขู่ทำร้ายร่างกายนางแก้ว
16-16135-111.wav	เขาเล่าให้ฟังว่าคนก่อเหตุก็คือนายนบพลชื่อเล่นว่าการ
16-16135-146.wav	แล้วก็ได้คุยกับเจ้าของร้านเฟอร์นิเจอร์นะคะนายอาทิตย์ชวีวานิชกุล
16-16135-20.wav	ชื่อว่านายเข็มทองอายุหกสิบปีบอกว่าผู้ตายคือในอีเนี่ย
16-16135-22.wav	ส่วนคนก่อเหตุไม่ใช่ใครที่ไหนครับชื่อว่านายนบพลเทียนเพิ่มภูมิ
16-16135-25.wav	นายนบพลคนร้ายตอนที่ทำงานอยู่เป็นเด็กติดรถจะไปคู่กับผู้ตาย
16-16135-28.wav	ส่วนนายนบพลคนก่อเหตุเป็นเด็กที่ต้องไปด้วยกัน
16-16135-38.wav	นายนบพลก็ตอบกลับมาว่า
16-16135-54.wav	ทีนี้สาเหตุที่ทำให้นายนบพลต้องถูกไล่ออกจากงานเนี่ยนะฮะ
16-16135-57.wav	เพราะว่าในอีกับนายนพลเขาเคยทำงานคู่กันอยู่นะครับ
0-527-19.wav	ก็คือเป็นบ้านที่เกิดเหตุนี้เลยก่อนเกิดเหตุนายบุญศรีมาง้อค่ะ
0-527-8.wav	จากหมู่บ้านไปประมาณร้อยเมตรผู้เสียชีวิตชื่อว่านางแก้วหนูสาอายุ58นะคะ
16-16137-3.wav	รวมตัวกันที่พระบรมราชานุสวรีรัชกาลที่5บริเวณสนามหน้าสารกลางจังหวัดนะครับ
16-16137-60.wav	เมื่อช่วงเวลาสิบหกนาฬิกาสามสิบนาทีค่ะประชาชนในจังหวัดเชียงใหม่
16-16138-1.wav	นี่แหละเป็นคนเล่าให้ฟังเลยเรื่องของพี่นาง
16-16138-20.wav	นายเจษดาอำเคนหลานชายวัย18ปี
0-534-25.wav	ก็คือนายนิรุธปินตาคนนี้อายุ35ปีเป็นพนักงานทำความสะอาด
0-537-55.wav	หลังก่อเหตุนายสุริยาศรีภูวงอายุ36ปี
0-537-63.wav	ผู้กำกับสภ.ดอนหัวล่อบอกว่าตอนนี้ขอหมายสารจังหวัดชลบุรีเพื่ออนุมัติออกหมายจับนายสุริยานะคะ
0-537-9.wav	เหตุการณ์เกิดขึ้นช่วงค่ำเมื่อวานผู้เสียชีวิตคือนางสาวราตรีมีศรีอายุ48ปีค่ะ
16-16138-26.wav	ทำอะไรไม่ถูกเลยแล้วพี่นางก็บอกว่าปฏิหารมันก็เกิดขึ้น
16-16138-27.wav	ปฏิหารเกิดยังไงฟังพี่นางเล่าเลยค่ะ
16-16138-5.wav	ว่ามีปฏิหารเกิดขึ้นหลายอย่างที่เกิดขึ้นกับพี่นางเอง
16-16138-8.wav	ของพี่นางที่พี่นางเล่าให้ฟังดีไหมคะว่า
16-16139-108.wav	ด้านของพันธาอากาศเอกนพัศกรบุญรัฐพ่อของนายเอกชัยผู้เสียชีวิต
16-16139-29.wav	เป็นความคืบหน้าคดีนายเอกชัยบุญรัฐอายุ22ปี
16-16139-40.wav	ตำรวจนอกเครื่องแบบนายนั้นนะครับ
16-16139-62.wav	แต่จู่ผู้ตายคือนายเอกชัย
16-16139-76.wav	นี้ตำรวจนายดังกล่าวได้เข้ามารายงานตัว
16-16141-349.wav	นางสาวสรรญาหวังสุขเจริญทนายนิด้าก็โพสต์วิเคราะห์ข้อเท็จจริงในคดีนี้เหมือนกัน
16-16142-11.wav	นายจีรพัฒน์ชื่นวานอน
16-16142-36.wav	ด้านของนางสาวพิชยาพลากูลแม่ของน้องจิรพัฒ
0-543-36.wav	แล้วก็ได้มอบหมวกอาตกิยะให้แก่นายกรัฐมนตรีได้ทดลองใส่นะครับ
0-543-3.wav	ผลเอกประยุทธ์จันโอชานายกรัฐมนตรีและหัวหน้าคสช.
16-16144-99.wav	โดยเฉพาะที่จังหวัดพระนครศรีธุยาซึ่งมีประเด็นอยู่นะคะ
16-16146-42.wav	เนื้อหาว่านายปูจินคือเพื่อนที่ดีที่สุด
16-16147-4.wav	โดยทางด้านรองนายกอบตก็บอกว่ามีชาวบ้านมาแจ้ง
16-16147-9.wav	นายสายันชูคงรองนายกอบตนาชุมเหตุ
16-16148-11.wav	สันติบาลแล้วก็ทหารค่ายสุรนารีที่มารักษาความสงบเรียบร้อยกว่า150นาย
16-16148-12.wav	ก็ต้องเข้าไปเจรจาพูดคุยหวัดล้อมบอกว่าเออแบบเดินทางกลับเธออะไรอย่างนี้
16-16148-47.wav	วันนี้นายธนกรวังบุญคงชนะโคศกประจำสำนักนายกรัฐมนตรีนะครับ
16-16150-13.wav	เขาบอกว่าช่วงหน้าฝนแบบนี้มันมีอีกหนึ่งอาชีพที่สร้างรายได้ให้กับชาวบ้านในพื้นที่ตำบลบ้านต่อมอำเภอเมืองจังหวัดพะเยา
16-16155-21.wav	นายประเสริฐหรือบัตรวัย50ปี
16-16157-32.wav	ซึ่งเจ้าของบ้านนะคะก็คือนายลิขิตตาขัน
16-16159-10.wav	หกตำบลวิชิตอำเภอเมืองจังหวัดภูเก็ตชาวบ้านเนี่ยไปพบถุงเห็นไหมคุณ
16-16160-13.wav	ฮือฮากันดีทีนี้นางเลี่ยงเจ้าของบ้านบอกว่าปลูกต้นคูณนี้มากว่า20ปีแล้ว
16-16160-9.wav	บ้านเลขที่203ครับของนางเลี่ยงนวลนอกอายุ67ปี
16-16161-74.wav	คือก็ตอนนี้ก็คือหลีกเลี่ยงการเดินทางเข้าไปในกรุงบราเซล
16-16163-38.wav	ด้านของพระวิมลยานมุณีบรองเจ้าคณะจังหวัดพะเยา
16-16163-51.wav	ปิดท้ายกันนะคะที่จังหวัดเชียงใหม่
16-16164-1.wav	จับตาดูรถกระบะสีแดงคันนี้ดีนะคะเกิดขึ้นที่จังหวัดชัยนาท
16-16165-2.wav	อยู่ที่อำเภอทุ่งสงศ์จังหวัดนครศรีธรรมราช
16-16165-46.wav	และทั้งหมดนี้คือบรรยากาศน้ำท่วมในพื้นที่หนองหงษ์อำเภอทุ่งสงศ์จังหวัดนครศรีธรรมราชค่ะ
16-16166-5.wav	รับประทานครับบ้านหินกองที่อำเภอน้ำพองจังหวัดขอนแก่น
16-16167-18.wav	ซึ่งมีลำไส้ทะลักออกมาจากท้องจากจังหวัดตาก
16-16167-28.wav	หลังรับการประสานจากโรงพยาบาลตากศิลปมหาบราชจังหวัดตาก
16-16167-36.wav	ก็ลำบากในการเดินทางไปยังโรงพยาบาลต่างนะครับ
16-16167-45.wav	โรงพยาบาลตากศิลปมหาบราชจังหวัดตาก
16-16167-47.wav	เป็นบุตรของนางสาวนวพรยอดวงศา
16-16168-23.wav	จังหวัดเลยอยู่ที่เชียงคานเหมือนกันแต่อันนี้ก็คือผีขนน้ำที่นาเศร้า
16-16168-5.wav	ทางเลยทางเชียงคานแต่นี่พามาดูที่นี่เลยวัดโพศีบ้านนาข่าวนะคะอยู่ที่ตำบลนาเศร้าอำเภอเชียงคาญจังหวัดเลย
16-16173-6.wav	การมอบเงินช่วยเหลือช้างและครอบครัวขวานช้างนะที่ปางช้างกระเหลี่ยงรวมมิตรจังหวัดเชียงราย
16-16175-10.wav	นายจาตุรนต์ให้สัมภาษณ์กับสื่อหลังจากลงคะแนนเสร็จบอกว่า
16-16175-1.wav	เขาเดินทางไปใช้สิทธิ์กันหน่อยรวมทั้งรองหัวหน้าพักประชาธิปัตย
16-16175-31.wav	หัวหน้าพักพลังท้องถิ่นไทยแล้วก็นางทิพย์อ่อนคงอุดมนะฮะ
16-16175-5.wav	ก็คือคักเหมือนกันนะครับนายจาตุรนต์ฉายแสงอดีตรองนายกรัฐมนตรี
16-16175-6.wav	และรัฐมนตรีว่าการกระทรวงศึกษาธิการพร้อมด้วยนายวุฒิพงศ์แล้วก็นางทิติมาฉายแสง
16-16175-9.wav	โดยนายจาตุรนต์นั้นเป็นผู้ที่มีสิทธิ์ออกเสียงลำดับที่60นายวุฒิพงศ์61นางทิติมา63ครับ
16-16181-10.wav	สพพระพุทธบาทจังหวัดสระบุรี
16-16181-27.wav	นายขจรผู้เชิดเจ้าหน้าที่รักษาความปลอดภัยของวัด
16-16181-75.wav	คำสั่งเจ้าพนักงานขณะปฏิบัติหน้าที่ตอนนี้ทั้งสองคนถูกส่งตัวไปที่สารแขวงจังหวัดสระบุรี
16-16182-11.wav	อีกหนึ่งความศักดิ์สิทธิ์ที่มีสาธุชนพากันเดินทางมากราบไหว้ยังไม่ขาดสายกับกุมารเจ้าสัวเห่งแห่งอาสมฤษีเนรตำบลโพแตงอำเภอบางไสจังหวัดพระนครศรีอยุธยา
16-16182-16.wav	และกุมารองค์สุดท้ายคือกุมารทองน้องก้าวหรือกุมารทองน้องก้าวเลิฟที่วัดสว่างอารมณ์แค่แถวตำบลขุนแก้วอำเภอนครชัยศรีจังหวัดนครปฐมกุมารองค์ยืนเนื้อทองเหลือง
16-16182-9.wav	น้องเสือจังหวัดปทุมธานีที่แห่งนี้ก็มีรูปปั้นไอ้ไข่เช่นกันเจ้าอาวาสวัดโปรยฝนกล่าวว่าวัดโปรยฝนเป็นวัดเก่ามีโบสถ์ที่เก่าแก่ชำรุดเลยอยากหาทุนมาสร้างพระอุโบสถจึงเกิดแรงบันดาลใจเดินทางไปที่วัดเจดีอำเภอศรีชนจังหวัดนครศรีธรรมราชโดยที่ไม่รู้จักวัดนี้มาก่อนและได้เห็นรูป
16-16183-20.wav	นายเพิ่มภูมิจารุกิติยุทธ์อายุ53ปี
16-16184-180.wav	แต่พอเดินทางมาถึงที่นี่ประมาณ1อาทิตย์เนี่ย
0-545-23.wav	กับนายขันเนี่ยนะคนเจ็บเนี่ยนะก็รับจ้างมาขุดบ่อน้ำบาดาน
0-545-4.wav	เหตุการณ์เกิดขึ้นในบ่อบาดานหน้าบ้านเลขที่3ทับ1หมู่5ตำบลไชยมนตรีอำเภอเมืองจังหวัดนครศรีธรรมราช
16-16184-222.wav	ก็อยู่ดีก็คือช่วง5โมงเย็นเดินทางกลับมาพบว่า
16-16184-226.wav	ตนเองก็แจ้งตำรวจให้รีบเดินทางมาตรวจสอบในที่เกิดเหตุนะครับ
16-16184-231.wav	อาถรรพ์พระพรมที่หลายคนเชื่อว่ามีการพรากชีวิตของนายจันเทียมนั้น
16-16184-236.wav	ส่วนนายจันเทียมผู้เสียชีวิตนั้นทางวัดได้จ้างให้มาทำลวดลาย
0-547-10.wav	ครึ่งปูนครึ่งไม้ในพื้นที่ตำบลบางงอนอำเภอพุนพินจังหวัดสุราษฎร์ธานี
0-547-31.wav	สอบสวนนางวันธนานะครับเป็นลูกสาวของผู้ตาย
16-16184-428.wav	ว่านางแก๊งแตกเนอะรวมถึงนัดครั้งล่าสุดของแก๊งเฟอร์บี้เนี่ย
16-16184-605.wav	อานนท์เท่าที่ฉันรู้จักมาเนี่ยคือนางอยู่คนเดียวใช่อยู่คนเดียว
0-548-33.wav	นี่คือช่วงเวลาที่เจ้าหน้าที่กูภัยนั้นเดินทางเข้าไปในบ้าน
0-549-29.wav	เพราะอะไรคือมีสินแสมาทักว่านุ่มโอบเนี่ยจริงแล้วไม่ใช่คู่ของนางนะ
0-550-26.wav	แล้วนายพรมพิทักษ์ก็หลบหนีไป
0-552-13.wav	ภาพนาฬิการูของพลเอกประวิทย์วงสุวรรณบรองนายกรัฐมนตรี
16-16184-676.wav	แต่เมื่อยายาใส่ชุดนี้ออกมาโอ้โหมันคือสวยอ่ะนางสวยอ่ะ
16-16184-678.wav	นางสวยโดยเฉพาะเสื้อตัวที่รัดเข้ารูปร่างเป๊ะเลยนะของยาย่าเนี่ย
0-552-42.wav	ด้านของนายพิสิทธเวชาชีวะหัวหน้าพรรคประชาธิปัตย์
0-552-49.wav	ส่วนด้านของนายวีระสมความคิดเลขาธิการเครือข่ายประชาชนต้านคอรับชัน
0-553-45.wav	แล้วให้ตำรวจเนี่ยเดินทางไปพร้อมเธอไปที่บ้านปู่มหาหมุณีภายในซอยบรมราชชนนานี20
16-16185-14.wav	ต้องใช้ถังดับเพลิงเข้าไปช่วยฉีดดับไฟก่อนนะคะนายกิติพัฒน์อาศัยสุขอายุยี่สิบห้าปี
0-558-31.wav	ร้องทุกข์ที่ศูนย์นำรงธรรมจังหวัดสระแก้ว
0-559-18.wav	ติดกับตลาดเทศบาลกบินจังหวัดปราจีนบุรี
16-16185-5.wav	เจ้าหน้าที่หน่วยกู้ภัยร่วมใจอยุธยาก็ต้องไปช่วยเหลือนางบุญเงินอาศัยสุขอายุ52ปี
16-16186-16.wav	นายนารินหงษาอายุสามสิบเอ็ดปีเป็นคนขับมีผู้โดยสารอีกสามสิบสองคนค่ะ
16-16187-16.wav	บอกว่าเป็นเหตุการณ์ในอำเภอศรีท่าจังหวัดอุดรธานีนะครับ
0-562-25.wav	ทำให้นายอภิษฎต้องประกาศลาออกจากหัวหน้าพรรค
0-562-33.wav	การลาออกของนายอภิษฎต่างกับนายแพทย์ชนละนานอย่างสิ้นเชิง
0-564-15.wav	นายบุรินโพสต์คลิปวิดีโอความยาวประมาณ40นาทีลงในเฟซบุ๊ก
0-564-19.wav	นายบุรินยังเข้าไปร่วมกิจกรรมกับกลุ่มพลเมืองโต้กลับ
0-564-24.wav	ทหารก็คุมตัวนายบุรินส่งให้ตำรวจปอทดำเนินการสอบสวนความผิดในเวลาต่อมา
0-564-9.wav	คุมตัวนายบูรินทรอินตินหนึ่งในกลุ่มพลเมืองโต้กลับ
0-567-106.wav	แล้วก็ไม่แน่ใจด้วยว่านายอนุทินเนี่ยมีนัยยะอะไรทางการเมืองหรือเปล่า
16-16188-14.wav	ในขณะที่นายราฟาเอลกอริยาประธานาธิบดีของเอกวาดอร์
0-567-91.wav	ผมยังยืนยันว่าผมยังเป็นนายเศรษฐาทวีสินคนเดิมที่ไม่โจมตีตัวบุคคล
0-568-18.wav	ส่วนนายประเสริฐลิ้นที่มาด้วยก็ลองแลบลิ้นสัมผัสเขาบอก
0-569-18.wav	ช่องทีวีของนางพันธิพาสกุลชัย
16-16189-10.wav	นางสาวรัตนาธรรมรักษ์หรือว่าชื่อรัฐต่อไปนี้ผมจะเรียกว่ารัฐแล้วกันนะ
0-571-31.wav	ก็คือมีนายประเสริฐพันรายเขาไปดูกิจการแปรรูปจิ้งหลีดของลูกที่ลพบุรี
16-16189-18.wav	นายสุพัฒน์ฟ้อนกระโทกหรือว่าแฟรงค์อายุ21ปีเสื้อสีขาว
16-16189-48.wav	นางสำรานธรรมรักษ์แม่ของรัฐ
16-16190-16.wav	การเดินทางช่วงสุดท้ายคณะคารวาลได้รับเกียรติจากคุณวุฒิกรสุริยฉันธนานนท์
16-16190-22.wav	การเดินทางของคารวาลไฮลักษ์กรีโวลถือเป็นการสร้างประวัติศาสตร์ให้กับการทดสอบสมรรถนารถยนต์ของเมืองไทย
16-16190-23.wav	ที่ไม่เคยมีใครทำมาก่อนต้องฝ่าฟันเส้นทางสุดฮาริโหดตลอดการเดินทาง45วัน
0-575-15.wav	นายวัชชานนธนโชชยาภาที่ปรึกษาด้านกฎหมาย
0-575-17.wav	นายหวังจุ้นนั้นค่อนข้างแย่มากนะฮะ
0-575-23.wav	ซึ่งครอบครัวของนายหวังจุ้นนั้นก็บอกว่าผู้ตายเนี่ยเดินทางมาทำงานที่ไทยครับ
16-16192-47.wav	ใช่ค่ะมันส่งผลต่อบรรยากาศในเรื่องของการท่องเที่ยวในพื้นที่จังหวัดภูเก็ต
16-16193-9.wav	นี่ค่ะเป็นรถของนายอนุชาทรสูงเนินอายุ23ค่ะ
16-16196-0.wav	คุณผู้ชมมาดูเหตุสลดเกิดขึ้นที่อพาร์ทเมนต์แห่งหนึ่งในท้องที่ของสภ.ดอนหัวล่อจังหวัดชลบุรี
16-16196-25.wav	ชื่อว่านางสาวสุพรรณีชาวนาแปนนะคะเล่าให้ฟังบอกว่า
0-575-32.wav	ส่วนความคืบหน้าล่าสุดนะฮะเมื่อคืนที่ผ่านมาตำรวจเมืองย่างกุ้งของพม่าสามารถจับกลุ่มผู้ต้องหาที่ฆ่านายหวังจุ้นได้2คนเขาหนีไปฝั่งนู้นแหละครับ
0-575-33.wav	ทั้งหมด4คนก็คือนายจินเซินอายุ31ปีอันนี้เป็นหัวหน้าแก๊งแล้วก็ในฟานกังอายุ24ปีครับ
0-575-35.wav	โดยมีพลตำรวจเอกสุชาติธิรัฐสวัสดิมรองผู้บัญชาการตำรวจแห่งชาติเดินทางไปติดตามความคืบหน้าของคดีด้วย
0-575-7.wav	นี่ฮะก็คือภรรยาแล้วก็น้องสาวของผู้ตายคือนายหวังจุ้นอายุ30ปีก็เป็นนักท่องเที่ยวชาวจีนนะครับ
16-16198-15.wav	เจ้าของร้านก็คือนายอัครเดชอังควานิสอายุ51ปี
16-16198-1.wav	เพราะว่าที่จังหวัดพังงาเขาก็มีแหล่งท่องเที่ยวที่มันน่าสนใจ
0-577-2.wav	เหตุการณ์ที่เกิดขึ้นตรงนี้นะฮะริมถนนสายเบนจมะน้ำแคบตำบลนาทรายอำเภอเมืองจังหวัดนครศรีธรรมราชผู้ที่ถูกยิงเนี่ยคือนายพีรพัฒน์โลกพิบาลหรือว่าฟิล์มอายุ23ปีนะครับถูกยิงด้วยปืน9มมกระสุนเข้ากกหูซ้ายฝังใน2นัดบาดเจ็บสาหัสสุดท้ายเขาเสียชีวิต
0-577-3.wav	คนที่ก่อเหตุซ้ายมือนะฮะชื่อนิติพงศ์หรือว่า1นิติพงศ์ธัญกิจอายุ26ปีนี่นะครับในที่เกิดเหตุเนี่ยมีนางสาวแนนอายุ25ปีเป็นเพื่อนสนิทของฟิล์มผู้ตายอยู่ในที่เกิดเหตุด้วยแล้วก็จักรยานยนต์คันเมื่อสักครู่นี้แนนนี่ร้องไห้นะฮะตลอดเวลามีบาดแผลถลอกที่แขนกับขาเนื่องจากซ้อนท้ายจักรยานยนต์มากับผู้ตายแล้วรถเนี่ยล้มคว่ำ
0-577-4.wav	หลังจากที่ผู้ตายเนี่ยถูกยิงนะฮะนี่นะครับคือปลอกกระสุน9มมเนี่ยมีตกอยู่2ปลอกในที่เกิดเหตุนะครับมีหัวกระสุน1หัวติดที่หมวกแก๊ปสีดำของฟิล์มที่เสียชีวิตด้วยแนนบอกว่าคนก่อเหตุคือนายนิติพงศ์หรือว่าในหนึ่งวัย26ปีเป็นอดีตสามีของเธอเพิ่งเลิกกันได้แค่10วันหลังก่อเหตุหนึ่งในขี่จักรยานยนต์
16-16199-14.wav	หลังผมไปผ่าฟันคุดมาที่คลินิกทำฟันแห่งหนึ่งในจังหวัดสกลนคร
16-16200-28.wav	ฝั่งป้าที่เป็นเจ้าหนี้ฝั่งนางเสาเอที่เป็นลูกหนี้ให้ไปไกล่เกลี่ยกัน
16-16200-30.wav	ก็เดี๋ยวต้องรอรอฝั่งผู้บาดเจ็บรอฝั่งนางเสาเอก่อนนะคะ
16-16201-10.wav	รมรบพิเศษที่3ค่ายเอราวันตะมนต์เขาสามยอดอำเภอเมืองจังหวัดลพบุรีนะครับ
16-16201-115.wav	อนุญาตใช้เป็นนามสมมุติเรียกเธอว่านางอ้อยเธอบอกว่าพนักงานเนี่ยจะมีแบ่งกันเป็นช่วงเวลาทำงานอ่ะนะ
16-16201-140.wav	ทุกคนก็ผูดจ้าปกติไม่เอะอะโวยวายทั้งตัวนายกวินและเพื่อนผู้ชายที่ไปด้วยกันนะ
16-16201-183.wav	ไปตั้งแต่ตีสามที่นายกวินเนี่ย
16-16201-190.wav	พอเข้าจังหวัดประจวบคีรีขันธ์6โมง20นาทีได้ค่ะ
16-16201-193.wav	อำเภอคลองวานจังหวัดประจวบคีรีขันธ์
16-16201-210.wav	ใช้เวลาเดินทางสิบเอ็ดชั่วโมงค่ะระหว่างทางก็แวะก่อเหตุไปเรื่อยใช่ค่ะ
16-16201-231.wav	ตำรวจเนี่ยรวบรวมพยานหลักฐานขอสารจังหวัดประจวบคีรีขันธ์ออกหมายจับนายกวิน
7-7937-14.wav	ของนายมัยสิทธิ์สว่างธรรมรัฐ<MARK>
7-7937-21.wav	บ้านพักของนางสาวตรีชดาใจสบาย<MARK>
7-7937-26.wav	ก็ได้คุมตัวนางสาวตรีชดา<MARK>ไปดำเนินคดี
7-7937-38.wav	คือนายมายสิทธิ์<MARK>แล้วก็นางสาวตรีชดา<MARK>
16-16201-242.wav	ขอบคุณที่นายยังคิดได้ว่านายทำมาสองคนแล้วค่าบุหรี่กับค่าเบียร์เจ๊ยกให้นะ
7-7937-4.wav	โดยพลตำรวจเอกวิรัชัย(วิรัชัย,วิระชัย)ทรงเมตตา<MARK>รองผู้บัญชาการตำรวจแห่งชาติก็นำกำลังพร้อมกับตำรวจเป็นร้อย(เป็นร้อย,100)นายเลยนะคะ
16-16201-244.wav	นางสาวมณีรัฐชูโลหะเป็นเจ้าของโพสต์เป็นแม่ค้าร้านขายของชำ
7-7943-30.wav	นางสาวแก้วประโสติยัง<MARK>อายุ56ปี(56,56ปี)ค่ะครับคือเอามีดฟันนิ้วสามีอ่ะนะ
7-7943-32.wav	ตำบลสัตหีบอำเภอสัตหีบนะคะคนเจ็บก็คือสามีของนางสาวแก้ว<MARK>นี่แหละ
7-7943-38.wav	ภรรยานะคะคือตัวนางสาวแก้ว<MARK>เนี้ยหลับอยู่บนที่นอนอืม
16-16201-275.wav	ลูกพี่ลูกน้องคนนี้เนี่ยบอกว่าเมื่อเช้าเนี่ยตอน9โมงครึ่งนายกวินขับรถกระบะมาจอดที่บ้านมาถึงยิงปืนนัดหนึ่งก่อนเลย
7-7945-12.wav	มนุยการ(มนุยการ,กรรมการ)พรรคพลังประชารัฐนายวิรกร(วิรกร,วีระกร)คำประกอบ<MARK>
7-7947-124.wav	เรื่องการเมืองก็ว่ากันไปส่วนประเด็นที่บอกว่านายพิรพันธ์(พิรพันธ์,พีระพันธุ์)สาลีรัฐวิพากษ(สาลีรัฐวิพากษ,สาลีรัฐวิภาค)<MARK>ยื่นใบลาออกจากตำแหน่งเลขาธิการนายกรัฐมนตรีเนี่ย
7-7947-184.wav	หรือว่านายปฏิพัฒน์(ปฏิพัฒน์,ปดิพัทธ์)สันติพาดา(สันติพาดา,สันติภาดา)<MARK>จากก้าวไกลจริง
7-7951-31.wav	ไปพบกับนายบุญส่งมะนาวทอง<MARK>อายุ60ปี
7-7951-65.wav	ทีนี้เราไปถามนายเชิดพงศ์พรมดี<MARK>อายุ69ปี
7-7952-115.wav	อาศัยอยู่บ้านหัวงัวอยู่จังหวัดกาฬสินธุ์
7-7952-15.wav	นายวิชัย<MARK>จะมีขึ้นที่ศาลากวีนิรมิต(กวีนิรมิต,กวีนิรมล)กลางน้ำ
7-7952-252.wav	มาเมื่อห้าโมงครึ่ง(ห้าโมงครึ่ง,17.30น.)ของเมื่อวานนี้นะคะที่วัดร้างที่ตำบลบางระกำจังหวัดพิษณุโลก
7-7955-4.wav	โดยนายชูเลิศ(ชูเลิศ,ชูเลิศจิตเจือจุน)<MARK>ระบุว่าวิศวกรจะต้องตรวจสอบว่าการปฏิบัติหน้าที่ของวิศวกรที่กำกับดูแลการก่อสร้างในโครงการนี้ทำถูกต้องตามขั้นตอนหรือไม่
7-7957-16.wav	นี่ค่ะคืออาศัยช่วงจังหวะที่เจ้าของร้านคือนางปรานี<MARK>เข้าห้องน้ำ
7-7957-7.wav	นี่คือร้านขายของชำของนางปรานีศรีรัฐ<MARK>
7-7962-10.wav	คือนางวราพรเนียมรักษา<MARK>หรือครูนงนะคะเป็นผู้สมัครนายกเทศมนตรีตำบลดอนทราย
7-7962-12.wav	นายยิ่งพันธ์<MARK>กำนันตำบลดอนทรายซึ่งก็เป็นหลานชายของนางวราพร<MARK>ด้วย
7-7962-15.wav	นอกจากนี้ก็มีนายนครวันเพ็ญ<MARK>นางสมทวินศรีรัฐ<MARK>
7-7962-19.wav	ออกหมายจับนายวัญชาติเนียมรักษา<MARK>วัย60ปี
16-16201-73.wav	อันนี้นะฮะก็เป็นชุดที่ใช้ไปก่อเหตุนะครับคือประวัติของนายกวินเนี่ยที่ไปยิงผู้บริสุทธิ์เสียชีวิตสองศพเนี่ยนะครับท่านผู้ชมครับ
7-7962-21.wav	และเป็นน้องสามีของนางวราพร<MARK>ผู้ตายด้วย
16-16201-75.wav	ระหว่างที่ถูกเจ้าหน้าที่ปิดล้อมอยู่ตอนที่ขับรถหนีไปถึงบ้านญาติที่จังหวัดระนองนะครับก็ยังใช้สังคมออนไลน์ส่วนตัวเนี่ยติดตามความเคลื่อนไหวข่าวของตัวเองด้วยนะค่ะ
7-7962-28.wav	นั่นคือนนายวัญชาติเนียมรักษา<MARK>นะคะ
7-7962-33.wav	ให้เหตุผลว่านายวัญชาติ<MARK>คนนี้เขาต้องการโชว์ศาลาหลังใหม่
7-7962-37.wav	นางสาวศิริพรเนียมรักษา<MARK>ลูกสาวของนางวรพร<MARK>ผู้ตายนะคะมั่นใจเลยเธอบอกว่า
7-7962-39.wav	เพราะนายวัญชาติ<MARK>ไม่พอใจเรื่องการลงสมัครเลือกตั้งท้องถิ่นของแม่เธอ
7-7962-40.wav	คือก่อนหน้านี้ก่อนเลยย้อนกลับไปแม่เธอเนี่ยเป็นคนส่งนายยิ่งพันธุ์<MARK>
7-7962-42.wav	เธอเป็นคนส่งไปสมัครเองแล้วนายยิ่งพันธ์<MARK>ก็ชนะได้เป็นกำนันตำบลดอนทราย
7-7962-43.wav	คู่แข่งนายยิ่งพันธ์<MARK>ก็คือลูกชายของนายวัญชาติ<MARK>ลูกชายแพ้
7-7962-44.wav	บอกว่าเนี่ยคือสาเหตุแรกแล้วที่นายวัญชัย(วัญชัย,วัญชาติ)ไม่พอใจแม่เธอ
16-16201-76.wav	นี่นายกวินก็ตอบกลับไปบอกบ้าดินี่ประมาณอย่างนี้มีด้วยนะฮะมีข้อความที่บอกว่าไม่ได้เมาทำเพราะเครียดล้วนอะไรพวกนี้เยอะแยะไปหมด
7-7962-46.wav	ก็น่าจะทำให้นายวัญชาติ<MARK>ไม่พอใจมากขึ้นไปอีก
7-7962-53.wav	ก็คือนายวัญชาติ<MARK>ซึ่งอย่างที่เราบอกไปตอนต้น
7-7962-54.wav	ความสัมพันธ์ระหว่างนายชาวลิ(ชาวลิ,เชาวลิต)กับนายวัญชาติ<MARK>คือพี่น้องกันนะคะ
7-7962-58.wav	เขยมาเล่าให้ฟังว่าเห็นนายวัญชาติ<MARK>ชะโงกหน้าออกมายิง
16-16201-8.wav	ไปดูเนี่ยนายกวินแสงนินกุลอายุ23ปีผู้ต้องหาคดีนี้
16-16203-12.wav	คือนายสุขชัยอายุ52ปี
0-580-7.wav	โดยนายเจอรี่บิสลี่ทนายความครอบครัวผู้เสียชีวิต
16-16203-35.wav	นี้นี่คือจุดที่ไปเจอศพนายพงธรลูกจ้างชั่วคราวหมวดทาง
0-581-13.wav	จากการสอบสวนทำให้ทราบว่านายสันติกูลผู้ตายเป็นผู้ป่วยจิตเวท
0-581-15.wav	แต่ก่อนหน้านี้ชาวบ้านเห็นนายสันติกูลผู้ตายเนี่ยไปนั่งดื่มเหล้าอยู่กับเพื่อนหน้ากระท่อม
16-16203-36.wav	ละหารในพื้นที่อำเภอจตุรัสจังหวัดชัยภูมินะครับใน
0-581-18.wav	แต่ว่าสุดท้ายนายสันติกูลคนนี้กลับถูกแทงเสียชีวิตอยู่บนที่นอนในกระท่อมค่ะ
0-581-8.wav	นายสันติกูลสะอายุ35ปีคนนี้เนี่ยนอนเสียชีวิตอยู่บนที่นอนค่ะ
16-16203-42.wav	มาทราบชื่อคือนายวิชาเป็นพี่เขยของนายสุขชัยนะครับตำรวจ
16-16203-48.wav	ก่อนเกิดเหตุนายสุขชัยมาเรียกให้เปิดประตู
16-16203-52.wav	ส่วนตัวของนายวิชานั่งดูทีวีที่โซฟา
16-16203-61.wav	คือนายสุขชัยนั้นทะเลาะกันเรื่องเล็กน้อยเช่น
16-16203-78.wav	ก็คือไปยิงนายพงธรอายุ38
16-16203-80.wav	ให้กับนายสุขชัยที่ก่อเหตุยิงอุกอาจ
16-16203-81.wav	สื่อภูธรจังหวัดชัยภูมิไปตรวจสอบบ้านนายสุขชัยครับบ้านของผู้ก่อเหตุเจอปืนหลายกระบอก
16-16208-18.wav	สัยของนายเจมส์เวลาเมาชอบหาเรื่องชาวบ้านและโวยวายทะเลาะกับเมียหนักข้อถึงขนาดถือมีดไปขู่พระก็
16-16208-19.wav	นครหลวงตามแกะรอยเจมส์เดียวนั้นใช้เวลาไม่นานก็ตามจะคุบตัวเอาไว้ได้ที่บ้านคนรู้จักไม่ไกลจากจุดเกิดเหตุจึงนำตัวมาสอบปากคำนายเจมส์ให้
16-16208-28.wav	เดินทางมาเยี่ยมนายเจมส์และได้พบกับเมียคนตาย
16-16208-33.wav	นายเจมส์ถูกจับชาวบ้านต่างยกมือ3
7-7967-19.wav	ก่อนเกิดเหตุผู้ตายก็คือนางสุรินทร์<MARK>กำลังนั่งหั่นกล้วยเพื่อนำไปขาย
7-7967-31.wav	ต้องใช้น้องชายของผู้ตายคือนายจวน<MARK>เนี่ย
7-7967-41.wav	และก่อนที่นางสุรินทร์<MARK>จะเสียชีวิตอดีตสามีก็มาไถไร่
16-16208-38.wav	อารมณ์ของชาวบ้านมุมหนึ่งเศร้าใจกับการตายของนายมาโนธ
7-7972-35.wav	สามนาง(สามนาง,3นาง)มีอะไรบ้าง
7-7973-13.wav	นางสาวจินดารัฐ<MARK>อายุ32ปี
7-7973-28.wav	ชาวบ้านก็เห็นนายมนัสวี<MARK>เนี่ยเดินเข้าบ้านคนอื่นด้วยนะ
16-16209-44.wav	หนีไปได้เพิ่งจะมาเช้าวันนี้นายสุวัสดิ์ขุนสวัสดิ์อายุ38ค่ะฟังคำแก้ตัวเขาหน่อยดีค่ะ
16-16209-45.wav	นายสุวัสดิ์บอกว่าก็ตกใจผมตกใจอยู่ดีเจ้าหน้าที่มาโบกรถให้หยุด
16-16211-26.wav	เมื่อเช้านี้มีการตั้งโต๊ะให้หมอมาทำนายดวงชะตานี่
7-7973-34.wav	แล้วก็มีนักสังคมสงเคราะห์นะครับไปที่บ้านนายมานัสสวี(มานัสสวี,มนัสวี)<MARK>
7-7973-40.wav	ไปบอกว่าแม่เป็นผู้ป่วยจิตเวชฟังแม่บ้างนางสาวพยอม<MARK>แม่บอก
7-7973-45.wav	หลังจากเจ้าหน้าที่คุยกับนายมนัสวี<MARK>นะครับเจ้าตัวก็อ่ะผมไปก็ได้
7-7976-4.wav	ในปีนี้ก็มีนายอิซ่าฮัมซ่า(อิซ่าฮัมซ่า,เอสซ่าฮัมซ่า)<MARK>ครับรองประธานสมาพันธ์วอลเล่ย์บอลแห่งเอเชียหรือว่าเอวีซี(เอวีซี,AVC)
7-7976-6.wav	นายนัทธนนดัยพิริยะ(นัทธนนดัยพิริยะ,ณัฏฐนนท์ดนัยพิริยะ)<MARK>นะครับผู้อำนวยการ(ภูมิในการ,ผู้อำนวยการ)ฝ่าย(ฝ่า,ฝ่าย)รายการกีฬาแล้วก็ออกอากาศสถานีโทรทัศน์ไทยรัฐทีวี
16-16212-41.wav	หรือว่าเดินทางมาจองด้วยตัวเองที่ลานอีเดนศูนย์การค้าเซ็นทรัลเวิลนะคะ
7-7980-32.wav	เช่นเดียวกันกับนายอนุสร(อนุสร,อนุสรณ์)เอี่ยมสะอาด<MARK>โฆษกพรรคเพื่อไทยนะคะ
7-7980-53.wav	ซึ่งเรื่องนี้นายพุทธิพงษ์ปุณณกันต์<MARK>รัฐมนตรีว่าการกระทรวงดิจิทัลเพื่อเศรษฐกิจและสังคม
7-7982-167.wav	เธอคือนางสาวมณีรัฐ<MARK>
7-7982-177.wav	ตรงกับของนางสาวมณีรัฐ<MARK>
7-7982-178.wav	คือญาติบอกว่านางสาวมณีรัฐ<MARK>คนนี้นะครับ
7-7982-192.wav	แต่เอาเป็นว่าญาติบอกว่านางสาวมณีรัฐ<MARK>คนนี้
7-7982-196.wav	พบว่านางสาวมณีรัฐ<MARK>อายุ28ปี
7-7982-199.wav	หลังจากนั้นนางสาวมณีรัฐ<MARK>เธอย้ายไปทำงานแถวรามคำแหง
7-7982-218.wav	ซึ่งตรงกับรอยสักบนแผ่นหลังของนางสาวมณีรัฐ(มณีรัฐ,มณีรัตน์)กระจกภาพ<MARK>อายุ28ปี
7-7982-236.wav	นี่นะฮะถ้าคือนางสาวมณีรัฐ<MARK>นะครับ
7-7982-267.wav	ส่วนคนที่พบชิ้นส่วนส่วนศีรษะค่ะนายประเสริฐเกล็ดพงศา<MARK>อายุ55
7-7982-287.wav	นายราวีพรมงาม<MARK>อายุ50
7-7983-12.wav	นายนิพนธ์ครัวพงศกร(ครัวพงศกร,พัวพงศกร)<MARK>นักวิชาการเกียรติคุณ
7-7984-121.wav	จากประวัติคดีของนางสาวอรยา<MARK>เนี่ยนะฮะผู้ต้องหาคนนี้นะครับเคยมีประวัติคดีเกี่ยวข้องกับยาเสพติดมาแล้วนะครับ
7-7984-122.wav	ตอนนี้ถูกแจ้งข้อหาฆ่าผู้อื่นโดยเจตนาพรุ่งนี้จะนำตัวไปฝากขังต่อสาร(สาร,ศาล)ผลัดแรกนะครับที่ศาลจังหวัดพิษณุโลกตอนสิบโมงเช้า(สิบโมงเช้า,10.00น.)
7-7984-13.wav	อยู่ที่ตัวเมืองพิษณุโลกนะครับนางบัญญัติกันทอง<MARK>อายุ74ปี
7-7984-175.wav	แต่ตอนนี้คือผู้ต้องหาชัดเจนแล้วนางสาวอรยา<MARK>เนี่ยค่ะ
7-7984-190.wav	บ้านหลังเกิดเหตุร้านเสริมสวยของคุณยายบัญญัติ<MARK>เนี่ยอยู่ที่อำเภอเมืองจังหวัดพิษณุโลก
0-587-135.wav	นางสาวนุรีจันรักษานะครับ
7-7984-193.wav	ครอบครองรถจักรยานยนต์คันนี้ชื่อนางสาวจรีรัฐหวังอีน<MARK>อายุ47ปี
7-7984-195.wav	พบว่านางสาวจรีรัฐ<MARK>เนี่ยเอ๊ะเขาเป็นใครชื่อภูมิลำเนาอยู่สุราษฎร์ธานีรถมาอยู่พิษณุโลกได้ยังไง
7-7984-196.wav	แล้วคนนี้ใช่ไหมใช่นางสาวจรีรัฐ<MARK>ไหมตรวจไปตรวจมาคนนี้ไม่ใช่นางสาวจรีรัฐ<MARK>นะครับ
7-7984-197.wav	นางสาวจรีรัฐ<MARK>เนี่ยเธอมีพี่สาวชื่อนางจินตนาหวังอีน<MARK>อายุ51ปี
7-7984-198.wav	ซึ่งอยู่ที่พิษณุโลกอยู่อำเภอเมืองด้วยแต่เจ้าของรถเนี่ยชื่อนางสาวจรีรัฐ<MARK>เนี่ย
7-7984-199.wav	ตัวเขาเนี่ยอยู่ที่สุราษฎร์ธานีแต่พี่สาวเขาอยู่ที่อำเภอเมืองพิษณุโลกชื่อนางจินตนา<MARK>
7-7984-200.wav	ตำรวจก็ไปหานางจินตนา<MARK>เลยเพราะว่าอยู่ที่อำเภอเมืองพิษณุโลกด้วยก็ไปเจอนายสุชาติ<MARK>สามีของนางจินตนา<MARK>
7-7984-202.wav	นายสุชาติ<MARK>บอกว่าอ๋อคนที่ขี่รถคันนี้ใช้รถคันนี้ไม่ใช่นางจินตนา<MARK>ภรรยาผม
16-16216-1.wav	อยู่ที่จังหวัดเชียงใหม่โอ้โหรับเทศกาลวันฮอโลวีนได้แบบคึกคืน
7-7984-203.wav	แต่คือนางสาวอารยา<MARK>ที่เป็นหลานสาวเขาเป็นคนใช้รถจักรยานยนต์คันนี้อยู่
7-7984-204.wav	แล้วนางสาวอรยา(อรยา,อารยา)<MARK>อยู่ไหนล่ะตำรวจก็ถาม
7-7984-205.wav	ตำรวจก็ให้นายสุชาติ<MARK>พาไปเลยนะครับคุณผู้ชมครับ
7-7984-206.wav	พาไปหานางสาวระยา(ระยา,อารยา)<MARK>นะครับไปถึงที่ร้านนะฮะ
7-7984-207.wav	ก็ไปเจอรถจักรยานยนต์ที่ปรากฏในกล้องวงจรปิดแล้วก็เจอนางสาวอารยา<MARK>
7-7984-210.wav	เป็นจุดที่ตำรวจไปรวบตัวนางสาวอารยา<MARK>ผู้ต้องหามาได้เนี่ยนะคะ
7-7984-223.wav	สื่อข่าวของเรานะครับได้ไปคุยกับนายสรายุทธ์กันทอง<MARK>วัย51ปี
7-7984-259.wav	บรรดาลูกทุกคนสำหรับนายสรายุทธ์<MARK>ที่บอกนะครับ
7-7984-262.wav	ท่านผู้ชมครับนายสรายุทธ์<MARK>บอกกับคุณควิน(ควิน,ควินท์)<MARK>ผู้สื่อข่าวของเราว่า
7-7984-27.wav	ผู้ต้องหาที่ก่อเหตุฆ่าปาดคอนางบัญญัติกันทอง<MARK>อายุ74ปี
7-7984-30.wav	สารภาพว่าเป็นคนฆ่าปาดคอนางบัญญัติ<MARK>จริงนี่ฮะผู้ต้องหานะครับ
7-7984-31.wav	นางสาวอารยา<MARK>อายุ26ปี
7-7984-51.wav	เพราะว่านางบัญญัติกันทอง<MARK>เนี่ยอายุ74แล้ว
7-7984-56.wav	ลูกชายคนรองของนางบัญญัติ<MARK>นะครับ
7-7984-84.wav	นางสาวอรยา(อรยา,อารยา)โสอ้น<MARK>อายุ26ปีผู้ต้องหาที่ก่อเหตุปาดคอคุณยายบัญญัติกันทอง<MARK>อายุ74จนเสียชีวิต
7-7984-94.wav	นางสาวอริยา(อริยา,อารยา)<MARK>ผู้ต้องหาอ้างว่ารู้สึกไม่พอใจกับทรงผมที่เจ้าของร้านเนี่ยทำให้
7-7984-96.wav	ก็เลยโมโหทำร้ายร่างกายนางบัญญัติ<MARK>แล้วเดินไปหยิบมีดปลายแหลม
7-7985-18.wav	มาหานายแดง<MARK>ที่อำเภอดำเนินสะดวกจังหวัดราชบุรี
7-7985-25.wav	เธอเองก็เลยให้นายศักดิ์ชาย<MARK>ขับรถมาส่งก็แค่นั้นเองครับ
16-16219-18.wav	เหตุเกิดเวลาบ่าย2ของเมื่อวานนี้ครับถนนชนะเกษมขาเข้าเมืองตำบลมะขามเตี้ยอำเภอเมืองจังหวัดสุราษฎร์ธานีครับ
0-587-192.wav	ดอกแก้ววรรณพัฒน์นะคะเป็นชาวบ้านนี่แหละก็เดินทางมาจุดนี้นะคะ
0-587-206.wav	ก็มีทางนายนิรัติพงศิษฐิถาวร
0-587-207.wav	เพราะว่าราชการจังหวัดก็นำคณะลงพื้นที่ไป
7-7985-5.wav	แล้วคนขับคือนายศักดิ์ชายแร่ลิ้ม(แร่ลิ้ม,แซ่ลิ้ม)<MARK>อายุ36ปีที่ตอนแรกทำท่าจะหนี
7-7986-0.wav	คุณระพีพันธ์เรือนศรี<MARK>รายงานสดจากจังหวัดเชียงใหม่ครับ
16-16220-19.wav	เมื่อวาน5ทุ่มครึ่งครับเดินทางถึงไทยที่ท่ากัศยานดอนเมือง
16-16220-21.wav	ก็มีนายทัชพัฒนเบนจสิริวัลนะครับ
16-16220-49.wav	เดินทางมาหาเราแน่นอน17นาที20นาที
16-16221-11.wav	จนกระทั่งเจ้าของรถนะครับชื่อว่านางสาวปียนุษยพาแก้วอายุ29ปี
16-16221-34.wav	ตำบลมะขามใหญ่อำเภอเมืองจังหวัดอุบลรัชธานี
16-16221-58.wav	นางสาวปียนุษย์สามีชื่อนายวุฒิไกร
0-593-146.wav	นายเปรมชัยในจังหวัดเลยนะครับ
0-593-147.wav	ซึ่งจากการตรวจสอบแล้วก็พบว่านายเปรมชัย
7-7986-74.wav	พิพันธ์(พิพันธ์,ระพีพันธ์)เรือนสี(เรือนสี,เรือนศรี)<MARK>ข่าวไทยรัฐทีวีรายงานสดจากจังหวัดเชียงใหม่เจ้า
7-7987-5.wav	นำโดยนายจตุพรพรหมพันธุ์<MARK>แล้วก็นายนิติธรล้ำเหลือ<MARK>
7-7988-21.wav	นางสำราญคูณทวี<MARK>แม่ค้าเตียงผ้าใบ
7-7988-38.wav	ชื่อนายการันสบายดี(การันสบายดี,การันต์สบายดี)<MARK>คนโพสต์คลิป
7-7989-12.wav	ผู้หญิงคนนี้คือนางสาว(นางสาม,นางสาว)รจนาสำเพชร(สำเพชร,สัมเพชร)<MARK>อายุ41ปี
16-16227-2.wav	ข่าวนี้สลดจริงคุณผู้ชมเกิดขึ้นที่จังหวัดบุรีรัมย์
0-593-152.wav	แล้วก็มีนายสงวนชินรนาศเป็นผู้จัดการนะครับ
7-7991-42.wav	ซึ่งเป็นชุดทีมฟุตบอลที่นางชอบอีกแล้วขยันซื้อชุดให้ลูกไม่หยุดไม่ยอม
16-16227-71.wav	ชื่อว่านายอะไรนะนายเอ็มใช่ไหมที่เราเรียกนามสมมุติเนี่ย
7-7992-24.wav	นี่ฮะเพื่อไปเอาตัวนายเสถียร<MARK>ลงมาแล้วก็เอาลงมาได้นะ
7-7992-29.wav	ก็หลังรถตำรวจนี่แหละครับนายเสถียร<MARK>นะครับ
0-593-158.wav	ไม่ใช่บ้านพักตากอากาศของนายเปรมชัยนะครับ
0-593-167.wav	มีนายสงวนชินรนาศเป็นผู้จัดการ
0-593-168.wav	ซึ่งก็ยอมรับว่านายเปรมชัยเคยมาพักที่บ้านพักตะอากาศแห่งนี้
16-16232-31.wav	จากมีผู้หญิงคนหนึ่งสามารถพูดคุยตอบโต้กับนายเนส
0-593-186.wav	เพื่อให้เอาผิดกับนายเปรมชัยและพวกในฐานความผิด
0-593-189.wav	เพราะว่านายเปรมชัยเองก็มีส่วนเกี่ยวข้องในฐานะกรรมการบริษัทนะครับ
0-593-18.wav	นายนพดลเป็นคนยกหูหาพอกาญจนา
0-593-192.wav	ที่พบว่ามีการบุกรุกในส่วนของบริษัทแล้วก็นายเปรมชัยนะครับ
7-7994-55.wav	กรณีที่นายพิรมพล(พิรมพล,ภิรมย์)พลวิเศษ<MARK>แก่นำกลุ่มสามมิตรพร้อมด้วยคณะ
16-16235-45.wav	ผู้หญิงใจกล้าคนนี้ก็คือนางสาวแสงจันมโนสาร
7-7994-61.wav	ด้านนายพิรมพล(พิรมพล,ภิรมย์)พลวิเศษ<MARK>เลขานุการกลุ่มสามมิตรระบุว่า
0-593-199.wav	บอกว่าคดีของนายเปรมชัย
0-593-19.wav	ประเด็นนี้นายนพดลเนี่ยหลบสื่อนะคะ
16-16238-13.wav	ท่าเรือเก่าทัพละมุที่อำเภอท้ายเหมืองจังหวัดพังงานะคะ
0-593-254.wav	ส่วนทางด้านของประธานมูลนิธิสืบนาคะเสถียรนายสะสินเฉลิมลาบ
0-593-256.wav	ต้องแยกแยะให้ออกว่ากลุ่มนายเปรมชัยไม่กลัวกฎหมายหรือย่ามใจ
0-593-27.wav	แล้วก็ตอนนี้ยังแจ้งข้อหานายนพดลอะไรไม่ได้นะคะ
0-593-281.wav	ขณะที่นายเอ็ดวินวีคเลขาธิการมูลนิธิเพื่อนสัตว์ป่า
0-593-283.wav	กลุ่มของนายเปรมชัยยิงอาจเป็นตัวสุดท้ายในป่าทุ่งใหญ่นเรศวรนะครับ
16-16241-24.wav	เดอร์คนนี้ชื่อว่านายนรงฤทธิ์อายุ19ปี
16-16241-27.wav	มาถึงที่สารปู่สันดรซอยเพชรหึง23อำเภอพระประแดงจังหวัดสมุทรปราการ
16-16241-32.wav	จังหวะนั้นนะคะมีนายกอบตบางยอในสมปองรัศมีทัศน์
16-16241-34.wav	ฟังเสียงนายนรงฤทธิผู้เสียหายดูนิดนึงค่ะ
16-16241-55.wav	รอส่งตัวไปสารเยาวชนและครอบครัวจังหวัดสมุทรปราการ
16-16243-14.wav	จังหวัดนครราชสีมาตำรวจสภบัวใหญ่และกู้ภัย
0-593-36.wav	นายนพดลพฤกษวรรณอดีตข้าราชการกรมอุทยานแห่งชาติสัตว์ป่าและพันธุ์
0-593-3.wav	นายเปรมชัยและพวกรวม4คนก็คือข้อหาทารุณกรรมสัตว
0-593-44.wav	นายนพดลยอมรับค่ะว่าเป็นคนประสานงาน
0-593-48.wav	บอกพอกาญจนาว่าเดี๋ยวนายเปรมชัย
16-16243-17.wav	แล้วก็ไปเจอนางบัวลำภูวงคนขี่ในบาดเจ็บอายุเยอะแล้วนะคะ
0-593-68.wav	อ้างว่าเป็นนายเปรมชัยจะให้นายนพดล
0-593-72.wav	ก็จะแจ้งข้อหาเพิ่มเติมกับนายเปรมชัย
0-593-74.wav	ซึ่งเรื่องนี้นายนพดลบอกว่า
0-593-84.wav	แต่ที่นายนพดลเอาไปเนี่ยตามรายงานข่าวนะฮะ
0-593-86.wav	นายนพดลเอาไฟฉาย30กระบอกไปให้เจ้าหน้าที่ด้วย
0-594-12.wav	นำโดยนายไพโรธเทศนิยมนายกสมาคมได้เปิดเผยฉายาตำรวจประจำปี2559ค่ะ
0-595-17.wav	ต้นตั้งแต่ช่วงเวลา8นาฬิกาโดยนายสกลวันนพงศ
16-16245-90.wav	ได้นำกำลังลงพื้นที่บ้านกุฎกว้างนะคะตามคนที่อยู่ในคลิปก็คือนายเขียว
7-7998-19.wav	ราว8หมื่น8พันนายเข้าดูแลความเรียบร้อย
0-596-69.wav	โอ้โหเห็นรหาดนางรำนี่สวยน่าเที่ยวมากนะ
16-16247-21.wav	ที่เขาต้องปิดไปที่จังหวัดราชบุรีเนี่ย
0-602-38.wav	มันอยู่คนละจังหวัดอะเนาะวันนี้ชีวิตป้ารองก็กลับมาสู่วิถีเดิมแบบที่เคยเป็นแล้ว
0-603-29.wav	ถามนายมินนายมินเขาบอกว่าทุกวันนี้คิดดูดิผมต้องขายของให้ได้อย่างน้อย
0-603-48.wav	คุณทำมาเท่าไหร่แล้วนายมิน
0-603-53.wav	ตอนนี้นายมินบอกนะผมมีสติ๊กเกอร์5ใบ
0-603-65.wav	ขออภัยคุณผู้ชมอันนี้นายมินเขาพูดจริงนะรู้สึกโคตรเหนื่อยเลยเขาใช้คำนี้เลย
16-16256-20.wav	ใช่ตำรวจก็บอกว่าการจับกลุ่มนายจักริตครั้งนี้
0-603-73.wav	ว่าเดือนนึงน่ะนายมินนายมินต้องหาตังค์ให้ได้เท่าไห
16-16256-25.wav	ข้อมูลมาบอกว่านายจักริตมีพฤติกรรมในการเสพกัญชา
0-604-12.wav	แล้ววันนี้จังหวัดชุมพรที่จะพาไปเนี่ยไม่เหมือนนะคะ
0-604-13.wav	เหมือนกับว่าเราได้ไปท่องเที่ยวไกลถึงประเทศจีนเลย
0-604-20.wav	แต่ย้ำอีกครั้งว่าจังหวัดชุมพร
0-604-27.wav	ตำบลทุ่งระยะอำเภอสวีจังหวัดชุมพร
0-607-32.wav	ซึ่งตัวของนายธีรยุทธ์เนี่ยเขาเสพยามานานแล้วนะ
0-604-3.wav	แต่ว่าวันนี้มีผู้ร่วมเดินทางอีกหนึ่งท่าน
0-604-38.wav	ประเทศจีนนะคะการเดินทางขึ้นไปบน
0-607-40.wav	ส่วนนี้ค่ะตัวของนายธิรยุทธ์
0-611-0.wav	พาไปที่อำเภอพนมจังหวัดสุราษฎร์ธานีเขาหายใจทั่วท้องกันยกอำเภอเลยค่ะ
0-610-60.wav	เคยแจ้งความแล้วแจ้งไปยังพมจังหวัดด้วย
0-604-81.wav	ให้เราออกไปค้นหาออกไปเดินทางกันนะคะ
0-611-20.wav	ไม่รู้วันดีคืนดีว่านายน้องจะวิ่งเข้ามาที่บ้านของชาวบ้าน
0-611-15.wav	จากนั้นค่ะนายน้องค่ะเดินกลับบ้านพร้อมกับถือมิดพระ
0-611-31.wav	คราวนี้ตำรวจออกอุบายทำทีบอกว่าหิวน้ำขอให้นายน้องไปเอาน้ำมาให้กินหน่อย
0-611-38.wav	เล่าให้ฟังบอกว่านายน้องไปนั่งถือมีดพระอยู่แล้วก็บอกว่า
0-611-35.wav	ตำรวจอาศัยจังหวะที่นายน้องเผลอชาร์จตัวจับกลุ่มได้สำเร็จค่ะ
0-611-45.wav	แล้วต้องถามต่อว่าจับกลุ่มแล้วทำอะไรต่อนะคะทีนี้จากการตรวจสอบประวัติของนายน้อง
16-16256-4.wav	ตำรวจภูธรจังหวัดกาฬสินธุ์นะคะก็ไปตรวจค้นเลยที่บ้านหลังนี้แหละ
0-611-44.wav	แล้วก็แจ้งตำรวจมาช่วยกันจับต้องขอบคุณตำรวจมากมากนะคะที่จับกลุ่มนายน้องไปได้สักที
0-611-42.wav	เหลืออดเหลือทนแล้วค่ะนายน้องเนี่ยบุกเข้ามาก่อเหตุอีกครั้ง
0-611-47.wav	เพราะนายน้องเนี่ยมีอาการหลอนจากยาเสพติดวันดีคืนนี้ก็อัลวาด
0-611-51.wav	หลังจากที่ตำรวจจับกลุ่มได้แล้วนะคะตำรวจบอกว่าเดี๋ยวจะพานายน้องเนี่ย
0-611-8.wav	อำเภอพนมจังหวัดสุราษฎร์ธานีเมื่อวันที่17พฤศจิกายนที่ผ่านมา
0-611-9.wav	ผู้ชายคนที่ถือมีดพระเนี่ยชื่อว่านายพานุพงศ์ชำนาญเพชร
0-612-5.wav	ตำบลคลองหนึ่งอำเภอคลองหลวงจังหวัดปทุมธานี
0-613-13.wav	ห้องพักสงฆ์สวนไผ่ที่จังหวัดเพชรบูรณ์นะคะ
0-613-27.wav	นำร่างหลวงพ่อแดงจากวัดท่าแหจังหวัดนครนายก
0-616-14.wav	ก็คือจักรยานของนางสมยงที่บาดเจ็บสาหัสที่ขี่จะมาส่งหลานสาวไปโรงเรียน
0-616-17.wav	นายประพลคำไกรอายุ72ปีเป็นอดีตผอโรงเรียนบ้านกรุงประชาสวรรค์นะ
0-616-28.wav	ส่วนที่จังหวัดพะเยาค่ะมีอุบัติเหตุรถพ่วง18ล้อเฉียวชนกับรถจักรยานยนต์นะคะ
0-616-26.wav	เรื่องต้นตำรวจตามตัวเจอแล้วนะครับนางสาวจริยาอิ่มบุญสุอายุ34ปีคนขับกระบะ
0-616-2.wav	ไปดูที่จังหวัดปราจีนบุรีก่อนนะครับ
0-616-30.wav	เสียชีวิต1ศพค่ะนางสาวสิริกัญญาสีม่วงอายุ19ปีคือศีรษะเนี่ยถูกทับ
0-616-34.wav	คนขับรถพ่วง18ล้อก็ยืนรอให้การกับเจ้าหน้าที่นะคะนายประวิทย์หินปานค่ะ
0-616-32.wav	มีคนเจ็บอีกหนึ่งคนค่ะนางลำดวนสุวรรณสะสมอายุ59ปีเป็นคุณยายของผู้เสียชีวิต
0-616-35.wav	นายประวิทย์บอกว่าตัวเองกำลังจะไปส่งของที่จังหวัดเชียงราย
0-616-5.wav	อยู่ในพื้นที่ตำบลบ่อทองนะครับอำเภอกบินทร์บุรีจังหวัดปราจีนบุรี
0-616-9.wav	ส่วนผู้บาดเจ็บอีกคนนึงชื่อนางสมยงศรีกองอายุ55ปีเป็นยายของน้องนาโน
0-618-1.wav	อันดับ5ราศีกุลช่วงนี้คุณมีการเปลี่ยนแปลงเยอะเปลี่ยนเจ้านายเปลี่ยนที่ทำงานทำให้ต้องปรับตัวเป็นพิเศษใส่ไข่คือไม่ใช่โจนั่นใหม่จ้างไปเลยชาวกุลมีโอกาสได้เดินทางไปที่ต่างพักบ้างทำงานบ้างเที่ยวบ้างก็น่าจะช่วยลดความเครียดไปได้
0-618-2.wav	อันดับสี่ราศีกรกฎราศีนี้ไปไกลถึงต่างประเทศออกไปแตะขอบฟ้าแต่เหมือนว่าโชคชะตาไม่เข้าใจเดี๋ยวนั่นมันพี่อูนก็คือมีโอกาสได้เดินทางไปไปมามาได้รับความสำเร็จได้รับข่าวดีชีพจรลงเท้าตุ๊บตุ๊บ
0-620-26.wav	คุณผู้ชมครับขณะที่นางสาวพัชรีพิมพาคำนะฮะคุณพัชรีหรือว่าครูมอสนะครับ
0-620-30.wav	นายกอบต.อุทัยสวรรค์นั้นบอกว่าศูนย์พัฒนาเด็กเล็กหลังเก่าอยู่ในสภาพเดิมนะครับ
0-620-3.wav	เหตุการณ์ที่เกิดขึ้นที่ศูนย์พัฒนาเด็กเล็กที่อำเภอนากลางที่จังหวัดหนองบัวลําภู
0-620-7.wav	อำเภอนากลางจังหวัดหนองบัวลําภูทางผู้ว่าราชการจังหวัดญาติผู้เสียชีวิตแล้วก็ชาวบ้านในพื้นที่
0-621-23.wav	นายอลงกรนะครับก็ยังระบุว่านายมีชัยนั้นเห็นพ้องให้กำหนดแนวทางยุทธศาสตร์ชาติ20ปี
16-16256-5.wav	สองเก้าแปดทับหนึ่งที่ตำบลหลุบอำเภอเมืองกาฬสินธุ์เป็นบ้านของนายจักริตอุดร
0-621-48.wav	นำโชคบุญชูข่าวไทยรัฐทีวีรายงานจากอำเภอชะอำจังหวัดเพชรบุรีครับ
0-621-4.wav	รายงานสดจากจังหวัดเพชรบุรีครับเชิญครับ
0-621-8.wav	ขณะที่นายอลงกรพลบุตรนั้นก็เข้าพบกับนายมีชัยฤชุพันธ์
0-624-12.wav	ถ้ำหลวงขุนน้ำนางนอนจังหวัดเชียงราย
0-624-1.wav	โดยรอบพื้นที่ถ้ำหลวงจังหวัดเชียงราย
0-624-24.wav	ช่วงเที่ยงวันนี้ค่ะมีพระอาทิตย์ทรงกรดเกิดขึ้นบริเวณถ้ำหลวงขุนน้ำนางนอน
0-624-36.wav	ซึ่งเรื่องนี้นายคมสรรสุวรรณอำภา
0-624-71.wav	อนุมัติส่งผู้ชาญหน่วยดับเพลิง2นาย
16-16258-12.wav	โดยนางสาวสรรญาชำนิแม่ของน้องการ์ตูน
0-624-8.wav	อยู่ที่ถ้ำหลวงจังหวัดเชียงรายครับ
0-626-20.wav	พื้นที่บ้านท่าม่วงนะอำเภอรัตนวาปีจังหวัดหนองคาย
0-627-13.wav	มอบให้กับโรงพยาบาลสามเงาทางจังหวัดตากครับ
0-627-9.wav	พร้อมกับแบ่งให้กับโรงพยาบาลจังหวัดตากแล้วก็อีกหลายภาคส่วนเลยค่ะ
0-628-117.wav	เพื่อที่จะได้ดำเนินการกับกลุ่มตำรวจที่มาก่อเหตุกับเธอให้ครบทุกนาย
0-628-20.wav	มากันทั้งหมด10นายนะครับตำรวจปราบกรามยาเสพติดตำรวจปศ
0-628-61.wav	29มิถุนายน65สารจังหวัดพัทยา
0-628-72.wav	ขอให้ดำเนินคดีกับตำรวจทุกนายที่มาก่อเหตุกับเธอ
0-629-0.wav	เราไปดูเรื่องราวที่มันแปลกเป็นมูเดลูเกิดขึ้นที่จังหวัดสุรินทร์กันหน่อย
0-629-19.wav	เอาไว้ที่หิ้งบูชาในบ้านพักของนายลำดวนแล้วก็นางสมพงศ์จันขะ
0-629-21.wav	ตำบลแสลงพันธ์อำเภอเมืองจังหวัดสุรินทร์นะครับ
0-632-13.wav	ซึ่งนายรณสิทธิระบุว่าในการเข้าพบพนักงานสอบสวนในฐานะพยาน
0-633-2.wav	ก็เดินทางไปร่วมกิจกรรมต้อนรับนะคะที่หมู่บ้านท่องเที่ยวที่จังหวัดบุรีรัมย์ค่ะ
0-634-139.wav	ความมั่นคงบอกว่าก่อนเกิดเหตุสักสองสามวันนะคะได้ข้อมูลมาว่านายอับดุลรอแมร์ดอเลาะ
0-634-140.wav	และนายอริสมันรอเด็งทั้งสองคนนี้มีหมายจับคดีความมั่นคง
0-634-19.wav	ตรงข้ามโรงพยาบาลโคกโพธิ์ที่ตำบลมะกรูดอำเภอโคกโพธิ์จังหวัดปัตตานี
0-634-67.wav	ในพื้นที่อำเภอสะบ้าย้อยจังหวัดสงขลาค่ะ
0-634-87.wav	ให้กับนายอริสมันรอเด็งและพวก
0-634-9.wav	รองสารวัตรป้องกันปราบปรามสภ.โคกโพธิ์จังหวัดปัตตานี
0-635-54.wav	ส่วนพระวิโรธที่มรณภาพอุปสมบทที่วัดแห่งหนึ่งในจังหวัดสุพรรณบุรี
0-635-64.wav	ทีมข่าวได้คุยกับนางเฉลาอายุ58ปี
0-635-6.wav	จังหวัดกาญจนบุรีพระวิโรธแก้วปานอายุ50ปี
0-635-94.wav	คือนางเฉลาผู้เป็นแม่ก็ยืนยันว่าเอาจริงไม่เคยไปโอ้อวดพระ
0-636-8.wav	ตอนนี้ผมอยู่ที่วัดท่าหลวงวัดประจำจังหวัดพิจิตรครับ
16-16258-13.wav	เด็กหญิงที่ได้รับบาดเจ็บจากกรณีที่นางสาวน้ำพึ่งใจเสงี่ยม
0-638-16.wav	บริเวณบ้านสโหนตำบลบ้านยางอำเภอเมืองจังหวัดบุรีรัมย์ครับ
0-638-17.wav	ทำให้นายกรทินารำนะฮะอายุ42ปีคนนี้ได้ขี่มอเตอร์ไซค์ที่ถูกชนนะ
0-638-22.wav	ล่าสุดนะครับนางน้ำฝนทินารำอายุ29ปีเป็นภรรยาของนายกรคนที่ขี่มอเตอร์ไซค์นะแล้วเสียชีวิต
0-638-26.wav	จากการสอบถามนางน้ำฝนเนี่ยทราบว่าก่อนเกิดเหตุนะครับในกรสามีเนี่ยนะขี่รถจักรยานยนต์มาตามถนนสายบุรีรัมย์สตึก
0-638-28.wav	พุ่งชนอย่างจังทำให้ร่างของนายกรเนี่ยลอยกระเด็นแล้วก็ตกลงมากระแทกพื้นเสียชีวิตครับ
0-638-29.wav	ซึ่งนางน้ำฝนกับสามีนะฮะมีลูกโอ้กำลังน่ารักเลย5ขวบ
0-639-2.wav	โดยนายโจโควิโดโดประธานธิบดีของอินโดนีเซียได้กล่าวเปิดการประชุมเรียกร้องให้อิสราเอลยุติการกระทำที่ผิดกฎหมายต่อปาเลสไตน์
0-639-3.wav	เช่นเดียวกับนายมาร์คมุทอัพบาสประธานาธิบดีปาเลสไตน์ที่ได้กล่าวขอบคุณการประชุมนี้ที่สนับสนุนปาเลสไตน์
0-640-3.wav	รายละเอียดก็คือคุณหมอจีนท่านนี้นะคะเดินทางถึงเมืองไทยมาเที่ยวแหละ
0-643-13.wav	ทางด้านของนายสนามูลุมพินี
0-643-36.wav	เดินทางไปทำบุญ1ล้านอดีตแชมป์
0-645-37.wav	แป๊บเดียวหมดค่ะโอ้โหขายดีคุณขายดีจริงนางอู่แก้วนะคะ
0-645-4.wav	เจ้าเก่าเจ้าโบราณของจังหวัดอุดรธานี
0-646-11.wav	ตอนนี้รวมถึงการที่สมาชิกของพรรคเพื่อไทยเดินทางไปที่ฮ่องกง
0-646-19.wav	ผลเอกประวิทย์วงสุวรรณบรองนายกรัฐมนตรี
0-646-46.wav	เดินทางไปพบนายทักษิณชินวัตรที่เกาะฮ่องกง
0-646-52.wav	กว้านเก็บบัตรประชาชนชาวบ้านที่จังหวัดนครราชสีมา
0-646-60.wav	เดินทางไปพบกับนายทักษิณไปในนามส่วนตัว
0-646-64.wav	เมื่อใครทราบว่านายทักษิณเดินทางมาใกล้กับประเทศไทย
0-646-65.wav	ก็ต้องเดินทางไปหาเป็นเรื่องปกติครับ
0-646-66.wav	พร้อมปฏิเสธว่าไม่ทราบว่ามีใครเดินทางไปบ้าง
0-646-67.wav	และไม่กังวลว่าการเดินทางไปพบนายทักษิณ
0-646-72.wav	มีความคิดเห็นจากนายอภิษฎเวชชาชีวะหัวหน้าพรรคประชาธิปัตย์
0-646-92.wav	โดยมีนายยงยุติยภัยรัฐอดีตประธานรัฐสภา
0-646-95.wav	ถึงไปดิวจับมือกับนายสนทิลิ้มทองกุล
0-646-97.wav	เมื่อวานนี้นายนัทวุฒิสายเกลือแก่นำกลุ่มนปชก็บอกว่า
0-647-0.wav	เอาเป็นว่าณขณะนี้เนี่ยเรายังมีทีมหมูป่าที่อยู่ในถ้ำหลวงขุนน้ำนางนอนที่อำเภอแม่สายจังหวัดเชียงราย
0-647-144.wav	นี่คือสิ่งที่เกิดขึ้นในวันนี้นะครับท่านผู้ชมครับสำหรับปฏิบัติการทั้งหลายที่อยู่ในถ้ำหลวงจังหวัดเชียงรายนะครับ
0-647-17.wav	เอาเป็นว่าเดี๋ยวผมพาไปดูในถ้ำหลวงขุนน้ำนางนอน
0-647-20.wav	สำหรับคนที่ติดอยู่ในถ้ำหลวงขุนน้ำนางนอนนะครับ
0-647-23.wav	ผมจะลงไปที่จุดเนินนมสาวในถ้ำหลวงที่จังหวัดเชียงราย
0-647-29.wav	ผมมาถึงจุดเนินนมสาวในพื้นที่ของถ้ำหลวงขุนน้ำนางนอนแล้วครับ
0-647-6.wav	ว่าเดินทางออกจากจุดเนินนมสาวจริงเนี่ยประมาณบ่ายสองนะ
0-647-8.wav	แต่ละคนที่เดินทางออกมาใช้เวลาสักประมาณเกือบสี่ชั่วโมงค่ะก็ถือว่าเร็วกว่าเร็วกว่า
0-648-32.wav	จังหวัดปทุมธานีนะครับ
0-648-46.wav	พบว่าก็คือนายสิริชัยพออบเหล็กอายุ31ปี
0-648-50.wav	นายสิริชัยบอกว่าเหตุการณ์เกิดขึ้นเมื่อวานนี้
0-649-13.wav	เดินทางมาจากกรุงลอนดอนประเทศอังกฤษวันที่28กุมภาพันธ์
16-16260-53.wav	คนที่ถูกยิงเสียชีวิตชื่อนายสุขสรรคเสวาพันธ์ถูกยิงที่ศีรษะ
0-652-14.wav	ก็เดินทางกันไปต่อค่ะนี่แหละค่ะตามที่เช็คอินสารแม่ฮันนี่
0-652-30.wav	แล้วมันก็ราบรื่นประสบความสำเร็จจริงจริงคุณผู้ชมแล้วก็เลยเดินทางมาแก้บน
0-652-40.wav	มาพร้อมกับมิสแกรนด์ศรีสะเกษเดินทางมาที่งานด้วย
0-652-5.wav	เดินทางไปแก้บนที่ศาลแม่ฮันนี่ศรีอีสานตอนนี้หลายคนบอกศรีสะเกษ
0-654-18.wav	ยิงบ้านพักของอดีตพบเรือนจำจังหวัดตรัง
0-654-8.wav	คือนายดรุนหรือว่าบังหมุดโคกทราย
0-654-9.wav	ซึ่งเป็นพ่อค้าเนื้อวัวรายใหญ่ของจังหวัดตรัง
0-656-0.wav	คุณผู้ชมฮะได้เวลาตรวจสอบกันที่จังหวัดเพชรบุรีกันแล้วนะครับ
0-656-15.wav	ขณะที่นายกรัฐมนตรีมีการปรับแผนในการเดินทาง
0-656-16.wav	ปรากฏว่าพรุ่งนี้นายกจะเดินทางไปที่เพชรบุรีนะครับ
0-656-19.wav	โดยจะไปตรวจสอบสถานการณ์น้ำท่วมที่จังหวัดเพชรบุรีวันที่8สิงหาคม
0-656-25.wav	ซึ่งจริงแล้วกำหนดการเดิมของนายกรัฐมนตรีนะครับ
0-656-40.wav	ส่วนคำเปิดเผยของนายสมเกียจประจำวงเลขาธิการ
0-656-6.wav	แล้วก็ใช้เวลาประมาณ1012ชั่วโมงในการเดินทางเข้าสู่เขื่อนเพชร
0-656-76.wav	แล้วก็จังหวัดเพชรบุรียังต้องเฝ้าระวังฝนรอบ2ของฤดูฝนต่อไป
0-657-25.wav	ผู้ปกครองก็เดินทางไปแจ้งความที่สภ.เมืองสมุทรสาคร
0-658-13.wav	นางรสสุคลถูกจับได้บริเวณสถานีขนส่งอาเขตเชียงใหม่ที่3
0-658-9.wav	นี่ก็คือนางรสสุคนมีสมศักดิ์นะครับ
0-661-10.wav	เขาเล่าให้ฟังบอกว่าตัวเองเนี่ยเป็นคนจังหวัดจันทบุรี
0-661-26.wav	คือโพสต์ของแฟนสาวของนายกันตินันหรือว่าน้องคิวนี่แหละโพสต์ไว้อะไรหลังจากที่ต้องสูญเสียคนรัก
0-661-32.wav	ส่วนการจักรไปของอีกหนึ่งบุคคลนายประกาศิษรัตนตันหยงเจ้าหน้าที่บริการวิทยาศาสตร์คณะแพทยศาสตร์จุฬามหาบัณฑิตสาขาวิชาวิทยาศาสตร์การแพทย์คณะแพทยศาสตุลาลงกรมหาวิทยาลัย
0-661-39.wav	พรมพฤษและนายประกาศิษย์มาณที่นี้ค่ะ
0-663-18.wav	ที่จะเดินทางมายังนครริโอ
0-663-50.wav	นางอังเรยุงดีนักโบราณคดีที่เพิ่งกลับมาทำงานบูรณคดีอีกครั้ง
0-663-73.wav	อาศัยอยู่ที่นี่ก่อนที่ชาวโปรตุเกตจะเดินทางมาถึง
0-663-63.wav	นางธานีอังราดีลิมานักโบราณคดีได้เล่าว่า
0-665-0.wav	ผู้ชมครับท่านที่อยู่ที่จังหวัดตรังนะครับอยู่ในพื้นที่แถวแถวคลองปะเหลียนนะไม่รู้ว่าท่านเคยได้ยินเรื่องราวเรื่องของความอาถรรพ์ตัวตายตัวแทนหรือเปล่านะเพราะว่าล่าสุดค่ำเมื่อวานนี้เนี่ยมีผู้ที่ว่ายน้ำข้ามคลองแล้วก็เสียชีวิตค่ะแต่เป็นศพที่สี่แล้วนะฮะตรง
0-665-13.wav	นายจักรพงศ์จมน้ำเสียชีวิตอยู่กลางคลองห่างจากตลิ่งประมาณ
0-665-16.wav	ที่จะต้องไหว้ข้ามไปเนี่ยนะครับนายสายันอายุ65ปีเป็นคนที่
0-665-17.wav	เห็นเหตุการณ์นะครับบอกว่าโดยปกติแล้วเขาจะเห็นนายจักรพงศ
0-665-29.wav	ขณะที่ชาวบ้านในพื้นที่อีกคนนึงนะครับชื่อว่านาง
0-665-34.wav	คลองแห่งนี้มีคนจมน้ำเสียชีวิตมาแล้วสามศพนายจักรพงศ์
0-665-44.wav	อายุ33ปีส่วนนายจักรพงศ์หรือว่าในกรดนะฮะอายุ39ปี
0-665-50.wav	เจอกับนายเจริญเกียงเอียอายุ72
16-16262-14.wav	กรทมท่านหนึ่งทราบว่าคนที่ถูกแทงชื่อนายโอ๊ปนะครับนายโอ๊ปอาการปลอดภัยแล้ว
16-16263-0.wav	เรียนท่านประธานสภาดิฉันเบนจาแสงจันทร์สมาชิกสภาพผู้แทนราชดรพักเก้าไกรจังหวัดชลบุรีค่ะ
16-16263-1012.wav	ผมละนายวิพันธ์เพื่อไทยอำนาจเจริญครับผมประท้วงท่านประธานตามข้อเก้า
16-16263-1067.wav	นายกรรมตรีที่เป็นผู้รับผิดชอบตรงหรือไม่ครับ
16-16263-1164.wav	สมาชิกสภาพผู้แทนรัศดรจังหวัดเชียงรายพักเพื่อไทย
16-16263-229.wav	อภิปรายนั้นก็คือมุ่งไปที่นายกรรมตรีนะครับ
16-16263-281.wav	คือการบริษัทเอกชนนั้นมีการเอื้อประโยชน์กันระหว่างนายกรรมตรีกับทุนผูกขาดนั้นอย่างไร
16-16263-377.wav	ไม่เคยรักษาการนายกรมนตรีนะครับ
16-16263-822.wav	ครับก่อนท่านนายกรมนตรีจะตอบ
0-665-51.wav	ปีเป็นชาวบ้านในพื้นที่นายเจริญเล่าว่า
0-665-58.wav	นายเจริญบอกว่าเมื่อหลายปีก่อนขณะที่เขาอยู่บนบ้าน
16-16263-824.wav	ท่านถามว่าผมมีอำนาจอะไรใช้อำนาจอะไรในการให้นายกรมนตรีชี้แจง
16-16265-43.wav	นายวันนบลูกชายคนโตของยายนีเนี่ยเล่าบอกว่า
16-16269-15.wav	เกิดขึ้นที่หน้าตลาดช้อยริมถนนสายเบนจมะบางปูตะบลนาซายที่อำเภอเมืองจังหวัดนครศรีธรรมราช
0-668-30.wav	เดี๋ยวดิฉันนะคะจะพาไปพูดคุยกับนายนันทวัฒน์นะคะสายปานค่ะ
16-16269-43.wav	หลังเกิดเหตุผู้เสียหายรายนี้เขาก็เดินทางไปแจ้งความไว้กับตำรวจสภเมืองนครศรีธรรมราชแล้ว
16-16270-3.wav	ในจังหวัดอุดรธานีโพสต์ภาพถ่ายอธิธาตุของพระอาจารย์สุดใจ
16-16271-25.wav	ศรีขอรภูมิจังหวัดสุริน
16-16275-102.wav	ภัยบอกพอช่วยมาถึงเนี่ยนะฮะเอาศพมาส่งถึงวัดเนี่ยนางสุดที่เป็นแม่ของผู้ตายยื่นเงินให้ทีมกู้ภัย200บาท
16-16275-104.wav	กู้ภัยก็เลยต้องบริจาคเงินค่าโรงศพให้นะฮะนี่ฮะนายสมชายนะฮะผู้ตายนะครับ
0-669-21.wav	ไม่ให้ความเห็นชอบนายพิธาริมเจริญรัฐ
0-669-238.wav	ผู้ที่จะได้รับการเสนอชื่อให้เป็นนายกรัฐมนตรีนั้นให้เลือกมาจากผู้ที่มีชื่อ
16-16275-15.wav	อดศพนายสมชายอายุ42ที่เป็นลูกชายอยู่ที่ริมสะน้ำ
16-16275-24.wav	นี่คือศพของนายสมชายลูกชายนะครับ
16-16275-88.wav	ผู้ชมครับเราได้คุยกับเพื่อนบ้านของนางสุดนะฮะ
16-16275-91.wav	ก็คือนางปุญญนุษย์เนี่ยนะฮะ
0-669-84.wav	นายชัยธวัฒน์บอกว่าสสจากก้าวไกลได้ลงชื่อตาม10รัฐธรรมนูล
16-16275-95.wav	แต่นางสุดบอกว่าเออไม่เป็นไรหรอกเดี๋ยวเขาจะค่อยผูกทุ่นลอยอะไรพวกนี้ไปเก็บนะครับ
16-16275-99.wav	ศพของนายสมชายเนี่ยไปที่วัดโคกงิ้วนะครับในพื้นที่ตำบลประคำที่บ้านนั่นแหละนะฮะ
16-16276-33.wav	เนี่ยค่ะตำรวจภูธรเมืองสมุทรสาครคุมตัวนายรณชัยตุ้มนินการ
16-16276-50.wav	แต่นายรณชัยที่ชักปืนมาจากเอวของผู้ใหญ่บ้าน
16-16276-59.wav	ซึ่งนายรณชัยผู้ต้องหาเขาปฏิเสธในข้อหาพยายามฆ่านะคะ
16-16276-67.wav	ก็อยู่กับเพื่อนก็มีนายรณชัยรวมอยู่ด้วย
16-16276-72.wav	ชื่อว่านายบงกฎลาเฟ้ยอายุ30
16-16276-77.wav	นายรณชัยที่เป็นรุ่นน้องคนสนิทของผู้ใหญ่บ้าน
16-16276-85.wav	ถูกนายบงกฎคนที่ถือขวดเบียร์ไปตีหัวผู้ใหญ่
16-16277-107.wav	ของประชาชนคนไทยที่เดินทางมายังศาลาสิริราชร้อยปีแห่งนี้
0-677-59.wav	ก็คุยกันวันอังคารที่ผ่านมาก่อนที่ผมจะเดินทางไปพม่า
0-678-36.wav	ทราบชื่อต่อมาก็คือนางนัทธนันสุริยโรธและเด็กชายถิติศักดิ์สุริยโรธ
16-16277-11.wav	ประชาชนที่เดินทางมาอย่างโรงพยาบาลสิริราชแห่งนี้
16-16278-53.wav	แล้วก็พากันเดินทางกลับบ้านไปค่ะอืมโถหนูอายุสิบสี่เองนะลูก
16-16279-43.wav	ประชาชนชาวบ้านไม่ต้องเดินทางไปในตัวเมืองเพื่อไปตัดผม
0-679-58.wav	นี่มีนายไพโรธพัฒศาสตร์อายุ42ปีชาวบ้านเรียกว่าอาจารย์ไก่
16-16281-16.wav	ข้างบ้านไปพบศพนายประโยคจันส่งแสงอายุ52ปี
0-680-102.wav	ลูกชายของเธอขับขี่รถมอเตอร์ไซค์มาแล้วก็พานายวสันเนี่ย
0-680-105.wav	นายวสันจะกลับกรุงเทพเธอก็เอ๊ะเพิ่งมาอยู่
0-680-109.wav	นายวสันเคยติดคุกคดีรักทรัพย์มาแล้วคุณชนะคุณผู้ชม
16-16281-37.wav	ทีนี้ต่อมานายนาราธิบคงหวังวัย28ปี
16-16281-43.wav	ที่กำลังเจรจากับนายนาราธิบอยู่หน้าบ้าน
16-16281-47.wav	มาที่บ้านนายสมศักดิ์พ่อของนายนาราธิบ
16-16281-53.wav	นายสมศักดิ์แล้วก็นายนาราธิบวิ่งเข้าไปในบ้าน
16-16281-54.wav	ก่อนที่นายนาราธิบจะคว้าปืนลูกซองยาวยิงสวนออกมาหลายนัด
16-16281-55.wav	ถูกนายประโยคพลุนไปทั้งร่างเสียชีวิตในที่เกิดเหตุ
16-16281-56.wav	หลังก่อเหตุนายนาราธิบก็หลบหนีไปบ้านญาติ
0-680-206.wav	คือนายชาวกิจสุวรรณคีรีให้นำกำลังไปที่ร้านร้านนี้
0-680-209.wav	พอไปถึงก็ไปพบกับเจ้าของร้านชื่อว่านางสาวระนิดาคงพันธ์ค่ะ
0-680-292.wav	พอมาปั๊บเนี่ยก็เดินทางไปหาตาชั้น
0-680-294.wav	หมอปลาเดินทางไปเลยไปเจอกับตาชั้น
0-680-412.wav	ก็คือนายภูเมษสุธิวารีอายุ32ปีค่ะ
0-680-414.wav	คือก่อนหน้านี้นางสาวโสพีเกษีอายุ36ปี
0-680-415.wav	พี่สะใภ้ได้แจ้งความบอกว่านายภูเมฆเกิดอาการคลุ้มคลั่ง
16-16281-58.wav	ล่าสุดนายนาราธิบผู้ก่อเหตุก็เดินทางเข้ามอบตัวกับตำรวจสภ.ทุ่งใหญ่แล้ว
0-680-88.wav	เป็นนี่แหละผู้ชายคนที่เป็นโจรที่ว่านี่นะคือนายวสันราชมนตรีอายุ38ปีค่ะ
16-16282-21.wav	นายบุญฤทธิไม่พอใจน้องสาวที่ชอบสูบบุหรี่ในบ้านเป็นทุนเดิม
0-684-133.wav	ท่านก็ได้รับรายงานเพิ่มเติมจากนางสาวพันนภา
0-684-54.wav	พูดคุยกับนางสาวพันนภาจันทรารมครับ
0-685-28.wav	แล้วไปเจอผู้เสียชีวิต1รายทราบชื่อภายหลังคือนางปัชญานีกังสดานพิพบอายุ59ปี
0-685-36.wav	ก็คือทางด้านของคนขับรถแท็กซี่ชื่อว่านายประเสริฐทิพย์ศรี
0-688-28.wav	ส่วนที่เยอรมนีนะครับคุณผู้ชมเมื่อวันพุธที่ผ่านมานางมาเรียโบเมอร์รัฐมนตรีช่วยว่าการกระทรวงต่างประเทศ
0-688-32.wav	รินครับโดยนายธีรวัตรภูมิจิตเอกอัครราชทูตไทยในกรุง
0-688-45.wav	นายมาริสเสงี่ยมพงศ์เอกอัครราชทูตไทยในกรุงเวลลิงตัน
0-688-7.wav	และนางสาวพบจันลีลาศาสสุนทรครูใหญ่บ้านเรียนละครมรดกใหม่
0-689-23.wav	ตัวสามีชื่อว่านายกิตินัทศิวะพิทักพงศ์อายุสามสิบเก้า
8-8001-9.wav	ที่เกิดเหตุค่ะไปพบศพนางคำปิ่นกาลพลึกอายุ50ปีค่ะ
8-8004-34.wav	แน่นอนว่าทำให้ชาวบ้านคือสะดวกสบายช่วยย่นระยะเวลาในการเดินทางไปยังอำเภอใกล้เคียง
8-8004-9.wav	ฝั่งอำเภอดอยสะเก็ดของจังหวัดเชียงใหม่คุณดูนะ
8-8007-29.wav	ก่อนหน้านี้นายสมเกียจทงศรีผู้ตรวจราชการสำนักงานพระพุทธศาสนาแห่งชาติ
8-8007-9.wav	เข้าแจ้งให้พระปลัดเสกสรรเดินทางไปรายงานตัวฐานขัดคำสั่งหัวหน้าคสช.ค่ะ
8-8008-19.wav	โดยนางวันเพ็ญม่วงเอี่ยมเจ้าของร้านอาหารเจ๊เพนข้าวแกงตามสั่ง
16-16282-46.wav	ทำให้นายบุญฤทธิมักต่อว่าเสมอว่าห้ามสูบบุหรี่ในบ้าน
16-16282-49.wav	จากนายบุญฤทธิ์จะเป็นไม้เบื่อไม้เมากับนางสาวกิติยาน้องสาวแท้แล้ว
16-16282-53.wav	พนักงานสอบสวนนำตัวนางสาวกิติยาไปสอบปากคำที่โรงพัก
16-16282-9.wav	ภายหลังจากที่นางสาวกิติยานวลลมวัย39ปี
16-16283-12.wav	ชนรับประทานจังหวัดต้องวางแผนการระบายน้ำใหม่
16-16283-30.wav	ซึ่งสถานการณ์เองตอนนี้ก็ถือว่ายังต้องเฝ้าระวังค่ะวงกฎจุ้ยนิ่มรายงานจากเขื่อนแก่นกระจานจังหวัดเพชรบุรีค่ะ
0-699-42.wav	ชื่อคุณลุงสำรวยมูลเสนาค่ะเป็นชาวจังหวัดกาฬสินธุ์
0-700-14.wav	ก็เลยเดินทางไปแจ้งความกับตำรวจคือร้อยตำรวจเอกกิติพันธ์โปร่งคำ
0-700-25.wav	ก็พูดคุยกับผู้หญิงในภาพผู้หญิงคนนี้คือนางทะมนต์วันผ่านแผนอายุ36ปี
0-703-16.wav	กลัวก็เลยยืนนิ่งไม่ตอบโต้สุดท้ายก็แยกย้ายไปนะฝ่ายนายพิเศษ
0-705-3.wav	ซึ่งในส่วนของเพทราเนี่ยสอบปากคำในฐานะผู้ต้องหาฆาตกรรมนายฮันส์
0-706-21.wav	คนที่ก่อเหตุคือนายสมนึกจันโฉมอายุ40ปี
0-706-23.wav	คือนายธนจิตอายุ19ปีกับนายนบอายุ18ปี
0-706-27.wav	ซึ่งการจับกลุ่มนายสมนึกกับนายธนจิตจับกลุ่มได้เพราะว่าเขาหลบไปซ่อนตัวอยู่ที่ต่างจังหวัด
0-706-29.wav	นายธนจิตไปลำปางส่วนในน้มกลับไปที่นครสวรรค์
0-706-31.wav	นายสมนึกเขาบอกว่าเขาเป็นคนขับรถครับ
0-706-36.wav	จากนั้นตัวนายสมนึกเองก็เป็นคนลงมือใช้แก๊สตัดประตูนิรภัย
0-706-45.wav	หวังจะเอาไปใช้หนี้นะครับไปฟังเสียงของนายสมนึกหน่อยนะฮะ
8-8010-20.wav	จากการสอบสวนเบื้องต้นนางพยอมอายุ48ปีเป็นยาย
8-8012-18.wav	แล้วก็เข้าพบนางสาวสุกัญญาเบาเนิด<MARK>
8-8012-2.wav	จังหวัดพระนครศรีอยุธยาคนก็เข้าไปเพ่งดูโอ้โห
8-8015-5.wav	นายชูวงษ์<MARK>ไม่ได้เสียชีวิตจากอุบัติเหตุ
0-711-30.wav	ชื่อนางนัทสิริบดินจันทร์อายุ57ปี
0-711-31.wav	ของนางสาวยภานะครับ
8-8017-10.wav	จากนาง(สาวิลาซินีจันวุฒิวงศ์,วิลาสินีจันทร์วุฒิวงศ์)<MARK>
0-711-3.wav	คุณแม่ก็คือนางรจนาบุตงามอายุ49ปีค่ะ
0-712-24.wav	ส่วนเรื่องของการตรวจสอบทริปฮาไวน์209ล้านนายพิสิทธิ์ลีลาวัชิโรภาษย์
0-712-25.wav	ผู้ว่าการตรวจเงินแผ่นดินหรือว่าสตงบอกว่ายินดีหากนายศรีสุวรรณจัญญา
8-8019-21.wav	อันนั้นจะหาได้อีกจังหวัดหนึ่ง
8-8021-46.wav	คนที่เป็นแรงงานต่างด้าวถ้าจะออกนอกจังหวัดของตัวเอง
0-712-36.wav	ขณะที่นายศรีสุวรรณบอกว่าก็จะเข้ายื่นเรื่องร้องเรียนกับผู้ตรวจการแผ่นดินให้ตรวจสอบ
8-8026-8.wav	เป็นสำนักสงฆ์ร้างในจังหวัดฉะเชิงเทรา
8-8027-25.wav	ก็คือนายขวัญนิมิตรชัยศาสตร์<MARK>อายุ18ปี
8-8027-26.wav	คือทางนางนงรักคำแสนราช<MARK>ผู้เป็นอา
8-8027-28.wav	นายขวัญนิมิตรกับเพื่อนอีกคนนึงก็นั่งรถออกไป
0-713-270.wav	ครับทางปทุมธานีนะฮะนายกอบจบิ๊กแจ๊สพลตำรวจโทษคำนวณวิทย์บอกว่า
0-716-77.wav	ให้ดำเนินคดีกับนายทวีไกรคุบ
0-716-7.wav	หัวหน้าคณะทำงานกรมป่าไม้คือคุณธวัชชัยรัฐกรูดกับป่าไม้จังหวัดราชบุรี
0-716-87.wav	คุณวีระบอกได้เดินทางมาเพื่อดำเนินคดีกับนายทวี
0-716-95.wav	มีผู้ชายคนหนึ่งอายุ74แล้วชื่อนายเซี่ยวนำพา
0-716-96.wav	เซี่ยวเนี่ยมาร้องเรียนกับนักข่าวว่าถูกนายทวีไกรคุบเนี่ย
16-16285-5.wav	ราคาเครื่องละสองหมื่นหกพันเก้าร้อยบาทค่ะนายสุรสิทธิ์เล่าให้ฟังบอกว่า
16-16289-0.wav	นี่คือแม่ของนายชัดชัยนะฮะที่ตายในเรือนจำธัญบุรีนะครับ
16-16289-5.wav	ทำให้เราเนี่ยไม่สามารถจะได้ข้อมูลว่านายชัดชัยตายเพราะอะไรจริง
16-16292-10.wav	และหัวหน้าวินเก่าซึ่งมีชื่อว่านายประมุก
16-16292-12.wav	ไปตรวจค้นที่โรงพยาบาลที่แจ้งว่านายประมุกเข้าไปรักษา
16-16292-21.wav	นายประมุกสวมเสื้อลายนายวัญชัยสวมเสื้อแดง
16-16292-24.wav	ส่วนนายประมุกคือผู้สั่งการเป็นหัวหน้าวินเก่านั่นเอง
16-16292-45.wav	พลตำรวจโทษสุธิพงศ์เดินทางมาที่สถานีตำรวจนครบานบางนานะคะ
16-16292-80.wav	และนายประมุกวิเชียนดินหลกกุลซึ่งเป็นหัวหน้าวินเก่า
16-16292-83.wav	ก่อนหน้านี้ตำรวจไปค้นบ้านนายประมุกไปค้นโรงพยาบาล
16-16292-84.wav	ซึ่งนายประมุกไปรักษาตัวก็ยังไม่เจอนะ
16-16293-10.wav	แม่ค้าร้านค้าในชุมชนบ้านภูผาหอมหมู่8ตำบลนาเสมงอำเภอดอนตานจังหวัดมุกดาหาร
16-16293-22.wav	ใช่ไหมลองฟังพี่เขาเล่าฮะหลุดไปประมาณวันนั้นก็เดินทางมากี่คนพี่
16-16296-86.wav	มีผู้โดยสารหลายท่านเลยค่ะต้องการที่จะเดินทาง
16-16296-89.wav	นึงนี่ก็เป็นร้อยคนนะนี่ไม่สามารถเดินทางจากท่ากัดสยานแม่ฟ้าหลวงได้
16-16297-25.wav	นายยันชัยวงกระโชคผู้ใหญ่บ้านบ้านดงน้อยบอกว่า
16-16299-36.wav	ที่ว่าต้องการให้เงียบอย่างที่นายกว่าเนี่ย
16-16300-19.wav	นางอาริมาดีกาเจ้าของร้านเขาเล่าว่า
16-16302-23.wav	ทีนี้ตำรวจก็มีการตรวจสอบดูทราบชื่อคนขับนะคะคือนายวรุษค่ะ
16-16302-30.wav	คือนายธรรมนูลวัย53ปีค่ะ
16-16305-16.wav	อันนี้ตอนที่นาทีเจ้าหน้าที่ตำรวจของสภ.นาจอมเทียนอำเภอสัตหิบจังหวัดชลบุรี
16-16305-17.wav	เกลี้ยกล่อมแล้วก็เข้าไปพูดคุยกับนายเจษฎาพรเรืองฤทธ
16-16305-40.wav	มาคอยเฝ้าห้องนี้อีกนะคะของอดีตดาบตำรวจนายนี้
16-16305-54.wav	ถ้าเกิดว่าใครเอานายเจษฎาพรลูกชายไปรักษาได้
16-16307-14.wav	เข้าไปควบคุมตัวนายสุทัศน์สามสิงหรือว่าหมึก
16-16307-31.wav	เมืองต้นนายสุทัศน์รับว่าเขาเป็นคนล่อลวงน้องจีโอ
16-16307-40.wav	นายสุทัศน์นี่เคยตกเป็นผู้ต้องหาล่วงละเมิดทางเพศครับ
16-16307-42.wav	อย่างไรก็ตามเจ้าหน้าที่คุมตัวนายสุทัศน์นะครับ
16-16308-11.wav	ในพื้นที่หมู่8บ้านหินเพลิงตำบลคลองพลอำเภอคลองท่อมจังหวัดกระบี่
16-16308-38.wav	ขณะที่แม่ของผู้ตายนะครับก็คือนางพัชรินพูดเพราะอายุ38ปี
16-16316-17.wav	ประกาศรายชื่อก่อนเดินทางไปจีนวันที่22มีนาคมครับ
16-16316-50.wav	แล้วก็จะเดินทางไปจอแดนเพื่อทำศึกชิงแชมป์เอเชียในช่วงเดือนเมษายนต่อไปครับ
16-16319-11.wav	งานนี้มีนายกิติรัฐนารนองอดีตรองนายกรัฐมนตรี
16-16320-122.wav	แล้วนายกกับรองนายกว่ายังไงบ้างคะ
16-16320-305.wav	แต่ว่าการใช่ครับการวางเนี่ยก็ท่านรองนายกรรมตรีก็ให้ข่าวไปแล้วว่า
16-16320-348.wav	ในสถานที่ชุมนุมชนในสถานที่ซึ่งเป็นเส้นทางคมนาคมเป็นทัพของการเดินทาง
16-16320-411.wav	เพราะว่าต้องไปมันต้องเดินทาง
16-16322-2.wav	เป็นจักรยานทางไกลนะคุณเขาปั่นกัน300กว่ากิโลเมตรผ่าน3จังหวัดนะคะ
16-16327-208.wav	ทำนายว่าโอ๊ยสบายมากมีความสุขกันทั่วหน้า
16-16330-147.wav	คุณผู้ชมครับรองเลขาธิการพักเพื่อไทยนางสาวลินทิพรวรินวัชระโรธ
16-16331-38.wav	เจ้าของไร่อ้อยให้ข้อมูลแบบนี้นะคะนายเริงวุฒิพักขภูมิพิสูจน์อายุ35ปี
16-16332-16.wav	นายสมศักดิ์จันตระกูลบอกว่า
16-16332-23.wav	จังหวัดขอนแก่นที่ได้นำความปรัฐนาดีนะครับ
16-16332-25.wav	เป็นตัวแทนของชาวภาคอีสานและชาวจังหวัดชุนแก่น
16-16332-5.wav	นายสมศักดิ์จังตระกูลผู้ว่าราชการจังหวัดขอนแก่น
16-16332-6.wav	พร้อมด้วยนายสุเทพมณีโชธผู้อำนวยการศูนย์ป้องกันและบรรเทาสาธารณภัยเขต6ขอนแก่น
16-16333-28.wav	เขาอ้างว่าเขาได้เห็นนายอิสราชนุวัฒน์วันคาวิสันหรือเจมส์บอล
16-16333-51.wav	เมื่อวานนี้เนี่ยนางสาวพานุมาตรอุดมขันติกูลเขาแสดงตัว
16-16333-54.wav	ดาราสาวคุณอุ้มเคยแนะนำนางสาวพานุมาตรคนนี้
16-16334-17.wav	ขณะที่นางนรมนสุภาแพ่งนายกองค์การบริหารส่วนตำบลหนองชุมพลบอกว่า
16-16335-36.wav	ก็อย่างที่ท่านนายกรมนตรีพูด
16-16337-78.wav	นั่นเป็นอีกเรื่องหนึ่งแต่คะแนนวันนี้ไม่เปลี่ยนแปลงแล้วอันนี้คือคะแนนที่เรารับรายงานอย่างเป็นทางการมาจากจังหวัดนะครับ
16-16338-3.wav	อยู่ที่อ่างเก็บน้ำบางพระจังหวัดชลบุรี
16-16339-68.wav	นางสาวกิริตากรมรักครองอายุ27
16-16341-18.wav	เขาจะไปออกสลากสัญจรกันที่สาลาประชาคมจังหวัดพะเยาแห่งนี้นี่แหละค่ะ
16-16341-26.wav	รวมอายุจังหวัดพะเยาครบรอบ42ปีไปวิเคราะห์
16-16341-38.wav	ก็คือบ้านจวนผู้ว่าของนายกมลเชียงวงผู้ว่าราชการจังหวัดพะเยา
16-16341-40.wav	บ้านเลขที่ของท่านก็คือบ้านเลขที่99หมู่11ตำบลต่อมอำเภอเมืองจังหวัดพะเยา
16-16342-9.wav	โอ้โหของทั้งหมดเนี่ยเป็นของพยาบาลนะครับชื่อว่านางสาวดวงกระมวลพิสูจน์เสียง
16-16343-6.wav	แล้วก็เหมือนกับในพื้นที่จังหวัดสมุทราการที่เขาเนี่ยเดินถือมีดนี่นี่โอ้โหควงมีดไปมาอยู่ใต้สะพานลอย
16-16344-24.wav	แล้วก็เหตุถึงรถเบ้นตกร่องที่จังหวัดฉะเชิงเทรา
16-16344-32.wav	อุบัติเหตุรถเบ้นหรืออะไรก็แล้วแต่ในที่จังหวัดฉะเชิงเทราก็มีอีก
16-16344-39.wav	ที่จังหวัดฉะเชิงเทราตกร่องก็เป็นข่าวหน้าหนึ่งเสียชีวิต
16-16346-0.wav	ที่จังหวัดเชียงใหม่กันเลยไปเที่ยวกันแล้วเดี๋ยวจะพาไปทานอะไรอร่อยกันนะครับ
16-16346-1.wav	ที่จังหวัดเชียงใหม่ที่อำเภอจอมทองครับที่นั่นเขามีเมนูเด็ดนั่นก็คือลาบปลาเพี้ย
16-16348-12.wav	เจอศพของน้องที่โดนยิงชื่อว่านายดันไนรถทิพย์อายุ34ปีค่ะ
16-16348-16.wav	นายเสรีรถทิพย์อายุสี่สิบหกปีค่ะตัวพี่ชายที่ยิงน้องเนี่ยนะ
16-16349-8.wav	ร่วมกันจับกลุ่มนายวิชิตรุ่งรัชชัยเจริญ
16-16350-11.wav	จอบขุดดินค้นหาร่างของนายสุรชัยแน่งน้อยอายุ30ปีนะคะ
16-16350-17.wav	เพราะว่านายสุรชัยเขาลงไปวางท่อระบายน้ำ
16-16351-251.wav	และบรรเทาสารภัยเทศบาลนครแม่สอดจังหวัดตาก
16-16351-30.wav	ตำบลคีรีราชอำเภอพบพระจังหวัดตากนะครับ
16-16351-328.wav	เข้าถึงทางจังหวัดเข้าถึงหน่วยงานต่าง
16-16351-374.wav	เดี๋ยวความคืบหน้าที่โรงพยาบาลพบพระจังหวัดตาก
16-16351-39.wav	แล้วก็ปพจังหวัดตากสาขาแม่สอด
16-16352-24.wav	ก็คือนายสุธิรัฐภูลพิริยะ
8-8034-57.wav	ผู้ก่อเหตุคือนายอิทธิชัยศรีวานิส(ศรีวานิส,ศรีวานิช)<MARK>
8-8034-92.wav	ต้นตำรวจก็จะดำเนินคดีกับนายอิทธิชัย
8-8036-14.wav	เดินทางมาจากอำเภอบ่อพลอยจังหวัดกาญจนบุรี
8-8038-13.wav	แล้วก็เอ่ยปากนะว่านายหนูเลื่อนไม่ใช่นายหนูเลื่อนเนี่ยเอ่ยปาก
8-8039-5.wav	อำเภอเมืองบึงกาฬจังหวัดบึงกาฬโดยนาย(พงศักดิ์ปรีชาวิทย์,พงษ์ศักดิ์ปรีชาวิทย์)<MARK>ผู้ว่าราชการจังหวัดบึงกาฬ
16-16352-40.wav	มีคนขับก็คือนายทรงวุฒิขุนจ่า
16-16353-20.wav	กู้ภัยบอกว่าผมทำงานเป็นร้อยนายตรวจสอบอย่างละเอียดแน่นอนนะคะ
16-16353-21.wav	ด้านของพลตำรวจตรีฉลองสุขจันทร์ผู้บังคับการตำรวจภูธรจังหวัดระยองนะคะ
8-8043-4.wav	แล้วก็วันนี้ก็จะเดินทางไปร่วมรดน้ำศพเป็นวันแรกด้วยที่จังหวัดนครนายก
8-8045-11.wav	นางบัวเรียนรองชัยภูมิ<MARK>หลานสะใภ้ผู้ก่อเหตุบอกว่านายวิชัยก่อนจะปลิดชีพตัวเอง
16-16354-7.wav	วันนี้เมื่อเวลา16นาฬิกาที่ศาลา1วัดด่านสำรงจังหวัดสมุทรปราการ
8-8045-12.wav	ตำรวจเขาพยายามไปปิดล้อมเพื่อจับกุมนายวิชัยไหวตัวหลบหนีไปอยู่ในบ้าน
8-8045-16.wav	สุดท้ายผู้ก่อเหตุนะฮะนายวิชัยนี่นะเสียชีวิตเลยครับอยู่ในบ้านตัวเอง
8-8045-18.wav	ส่วนร่างของนายวิชัยคนนี้ก็นำส่งที่โรงพยาบาลเพื่อไปชันสูตรต่อไป
16-16357-299.wav	อย่างบางจังหวัดเขาเปิดได้เขาก็ได้เป็นสีเขียวสีอะไรอย่างนี้
8-8045-6.wav	นายเอกเนี่ยเขาซ่อนตัวอยู่ครับขออภัยนายวิชัยเขาซ่อนตัวอยู่
8-8045-7.wav	นายวิชัยอายุ50ปีเขาหลบหนีไปซ่อนตัวแล้วใช้ปืนไทยประดิษฐ์
16-16357-341.wav	กำลังติดตามตัวล่านางสาวพิยดาทองคำพันธ์อายุ19ปีครับ
16-16357-342.wav	ผู้ต้องหาตามหมายจับสารจังหวัดเชียงใหม่ครับ
16-16357-347.wav	ล่าสุดครับรายงานข่าวแจ้งว่านางสาวพิยดาเนี่ย
8-8046-41.wav	หลังจากที่นายวันนาคนก่อเหตุหนีไปกลายเป็นมามอบตัวค่ะ
16-16357-350.wav	นางสาวพิยดายังให้การปฏิเสธทุกข้อเก่าหาครับ
16-16357-366.wav	ได้กล่าวว่าเจ้าหน้าที่ตำรวจยังไม่ปักใจเชื่อคำให้การของนางสาวพิยดานะครับ
16-16357-372.wav	จนกระทั่ง2วันที่ผ่านมาสืบว่านางสาวพิยดา
16-16357-375.wav	แม้ว่านางสาวพิยดาจะเข้ามาพบตำรวจเองนะครับ
16-16357-93.wav	ทางด้านนายประพิษจันมาอธิบดีกรมชลประธาน
16-16357-94.wav	ก็มีการเปิดเผยบอกว่าหลังจากฝนตกหนักทั่วทั้งจังหวัดลพบุรี
16-16362-4.wav	หน้าบัตรนาวนางก็บอกว่าเราจ่ายกันแค่ได้แค่เดือนเดียว
16-16362-551.wav	ไม่ใช่รายการนี้ไม่ใช่นางอยากจะนั่นอยากจะได้ค่าตัวนะ
16-16362-746.wav	ทำไมนางกล้าทำอ่ะก็นั่นแหละสิอันนี้เป็นคำเชื่อ
16-16365-21.wav	ด้านนางจงรักษรปราบอายุ43ปี
16-16365-61.wav	เดินทางมาดูร่างของนางสาวนันทิดาตั้งแต่วันที่8เมษายน
16-16365-9.wav	โดยนางสาวนันทิดาสุขจันทร์อายุ22ปี
16-16366-10.wav	นายนารินอินพิบาลอายุ37ปีก็คือสามีของเธอนะคะ
16-16366-18.wav	ทะเลาะเลยนายนารินไปคนเดียวก็เลยโดนรุม
16-16366-19.wav	คือวัยรุ่นที่ใส่เสื้อยืดสีส้มอะค่ะเหมือนกับว่าหยิบส้มให้นายนารินกิน
16-16366-20.wav	แต่นายนารินไม่กินบอกว่าเดี๋ยวหยิบกินเองทีนี้แหละ
16-16366-21.wav	วัยรุ่นคนหนึ่งก็เดินไปเลยเอามือทั้งสองข้างจับแก้มเหมือนกับจะจูบปากนายนาริน
16-16366-26.wav	กู้ภัยเอ่อแล้วก็ตำรวจนะคะเขาก็นำร่างของนายนาริน
16-16366-29.wav	นายนารินก็เลยไปขอดูภาพจากกล้องวงจรปิดก็เลยได้ภาพนี้มานะคะ
16-16366-30.wav	แล้วก็ไปแจ้งความที่สภ.สารพีนะคะล่าสุดนายนารินก็บอกกับทีมข่าวของเรา
16-16366-38.wav	เจ้าของร้านคาราโอเกะค่ะนางสาวประพาค่ะ
16-16366-43.wav	สักพักก็ลุกไปทำร้ายนายนารินเฉยเลย
16-16367-3.wav	ที่จังหวัดหนองบรมภูจากเหตุการณ์ที่จังหวัดหนองบัว
8-8047-18.wav	ซึ่งร่างของนายปัญญาจมน้ำเสียชีวิตมาประมาณ20ชั่วโมง
8-8047-6.wav	ก็นำร่างของนายปัญญาขุนนอก<MARK>อายุ35ปี
8-8048-543.wav	กรมสอบสวนคดีพิเศษนายอนันต์อัศวโภคิน<MARK>นะครับ
8-8048-552.wav	กลับจากเดินทางจากต่างประเทศยังไม่ทราบมารายงานตัว
8-8051-49.wav	คือตอนนี้เขาจัดสัมมนาครับคุณผู้ชมที่จังหวัดระยองนะครับ
8-8051-67.wav	ที่ทางนายไชยามพวาน<MARK>นั้นพยายามสื่อโดยเล็งเห็นผล
8-8051-81.wav	ในการพิจารณาดำเนินการกับนายไชยามพวาน<MARK>
8-8055-19.wav	แล้วก็มีการเถียงกันกับนายลือชัยเจริญทรัพย์<MARK>
0-718-25.wav	กับนางสาวพัชรินซึ่งเป็นแคชเชียร์อยู่ในตู้เก็บเงิน
0-718-35.wav	เออเอาไปถามนางสาวพัชรินบุญธรรม
0-719-26.wav	ได้รับแจ้งจากนายชัดชัยดุจานุทัศน์
0-723-611.wav	ปรากฏเขาไปสัมภาษณ์นางสาววันดีเป็นสาวกัมพูชา
0-724-5.wav	นายนิตินัยสิริสมรรถนาการผู้อำนวยการใหญ่บริษัทท่ากาศยานไทยหรือว่าททเปิดเผยว่า
0-728-11.wav	นางสาวสกุลนีสนอ่วมคนนี้นั่งข้างคนขับค่ะ
0-728-13.wav	ส่วนอีกศพหนึ่งเป็นของนางสาวกาญจนาโชติกันอายุ17ปีค่ะ
0-728-17.wav	สอบถามนายบัญชามหันนบคนขับรถบรรทุกหิน6ล้อบอกว่า
0-728-74.wav	สำหรับศพนายเอ็มเนี่ยญาติญาติจะมีพิธีชาปนกิจพรุ่งนี้ส่วนอาการของคนที่รับบาดเจ็บสาหัสนางสาวสิริวิมลตอนนี้พ้นขีดอันตรายแล้วนะคะ
0-728-8.wav	หลังจากนั้นก็นำร่างของนางสาวสิริวิมลเล็บครุฑวัย17ปีที่บาดเจ็บสาหัส
0-730-39.wav	ล่าสุดผู้สื่อข่าวลงพื้นที่เกิดเหตุไปเจอกับนายพระศิษย์วิชาชัย
0-730-40.wav	นางสาวอุบลเป็นผู้ช่วยผู้ใหญ่บ้านหมู่6
0-731-19.wav	ฟื้นฟูประชาธิปไตยก็นำโดยนายรังสิมันโรม
0-731-25.wav	ซึ่งนายรังสิมันโรมก็เรียกร้องให้ผลเอกประยุทธ์จันโอชาลาออก
0-731-29.wav	ส่วนทางนายศิรวิทย์ก็นัดกลุ่มมวลชนให้ไปร่วมกิจกรรมวีวอล์ก
0-733-24.wav	ขับกระบะสีขาวทะเบียนสงขลาจับนายอับดุลฟาตะได้
0-733-28.wav	ทอดมาให้กับผู้หญิงคนนี้นางสาวโรฮายาบอกว่า
0-733-37.wav	ขอสารออกหมายจับนางสาวโรฮายาคนว่าจ้าง
0-734-10.wav	วบตัวผู้ก่อเหตุไปสอบสวนทราบชื่อคือนายนรงศักดิ์สายแสง
0-734-22.wav	จากการสอบสวนนายนรงศักดิ์ให้การสารภาพว่าก่อเหตุใช้ขวานดัดทำร้ายร่างกายอดีตภรรยาจริง
0-736-12.wav	เพียวเยียงไทยศรีราชาอำเภอศรีราชาจังหวัดชลบุรี
0-736-20.wav	บอกว่าให้ช่วยตามหานางสุนีศรีโกเสกอายุ89ปีหน่อย
0-736-41.wav	เจ้าหน้าที่กู้ภัยอย่างนายปวานาธาโทนอายุ31ปี
0-738-13.wav	นายยศวรรษเองก็มีการโพสต์เฟซบุ๊กนะเป็นภาพขณะที่ตัวเองก็ไปรักษาตัวที่โรงพยาบาลนะครับ
0-738-15.wav	นายคงกฤษสสมรันนองรวมไปถึงนายสิริพงศ์เป็นสอสอเศรษฐกิจที่ก็ติดไปก่อนหน้านี้
0-738-17.wav	ก็มีความเห็นออกมาจากนายแพทยงผู้วรวรรณแน่นอนหัวหน้าศูนย์เชี่ยวชาญเฉพาะทางด้านไวรัสวิทยาคลินิก
0-746-3.wav	กรณีนายอูหมาดวัย55ปีคนนี้ค่ะ
0-746-47.wav	นายยากลชายใหญ่หรือย่าโกะอายุ50ปี
0-746-51.wav	อีกคนนึงก็คือนายเพรียวพันธ์ภูพันธ์พาณิชย
0-746-53.wav	ก็เป็นลูกน้องของนายย่ากลอีกที
0-746-63.wav	เคยมาเจอนางบุหลันแล้วคุยถึงปัญหาของบังอุมาตรครับ
0-746-65.wav	อุมาตย์เอาที่ดินซึ่งเป็นทรัพย์สินของนางบูหลันภรรยาไปจำนอง
0-746-67.wav	แล้วเคยทำร้ายนางบูหลันภรรยาหลายครั้งนางบุหลันทนไม่ไหว
0-746-68.wav	เอาเรื่องมาเล่าให้นายยากกลซึ่งเป็นญาติฟัง
0-746-69.wav	แล้วนายย่ากลก็ไม่พอใจผู้ตายอยู่แล้วด้วย
0-746-70.wav	ที่ไม่พอใจก็เพราะว่าช่วงที่นายยากลลงสมัครรับเลือกตั้งเนี่ย
0-746-72.wav	อันนี้นายยากลเขาบอกนะเคืองกันตั้งแต่ตอนนั้น
0-746-73.wav	แต่กลับไปช่วยหาเสียงให้คู่แข่งจนนายยากลแพ้การเลือกตั้ง
0-746-74.wav	อันนี้นางบูหลันภรรยาเป็นคนให้ข้อมูลนะคะว่าเรื่องราวมันเป็นแบบนี้
0-746-75.wav	ทีนี้พอเอาเรื่องไปเล่าให้นายย่ากลที่เป็นญาติฟัง
0-746-76.wav	วกกับนายย่ากลไม่พอใจผู้ตายอยู่แล้วทีนี้แหละเลยวางแผนกัน
0-746-79.wav	จากนั้นนายยากลขี่รถจักรยานยนต์มารับบังอุมาตรที่บ้านนะคะ
0-746-81.wav	คือนายย่ากลขี่รถจักรยานยนต์ไปรับเขาแล้วก็บอกว่าเดี๋ยวจะพาไปทำงาน
0-746-83.wav	ไปลงเรือซึ่งก็มีนายเพรียวพันธ์รออยู่ที่เรืออยู่แล้วค่ะ
0-746-86.wav	หลังจากนั้นโทรศัพท์กลับมาบอกนางบูรันภรรยาของผู้ตายในคืนเดียวกันเลยนะคะ
0-746-87.wav	แล้วเขาก็พูดว่าจัดการฆ่านายอุมาตเรียบร้อยแล้ว
0-748-12.wav	ก็เลยทำให้นายนัทพัฒน์เอ็มอ่อนในอำเภอเมืองสมุทรสาครนะคะ
0-754-39.wav	นางสาวกรวิพาเป็นภรรยาของนายออมสินอยู่กินกันมากว่า5ปี
0-754-40.wav	ส่วนนายโยธินเป็นน้องชายของนางสาวกรวิพาใช้บัตรประชาชนเช่ารถตู้
0-754-8.wav	สครีตันหัวหน้าแก๊งนายยุทธนากิติยุทธนาวิน
0-759-20.wav	ทางด้านนางประภัยธนูสินแม่ค้าขายสละกินแบ่งรัฐบาล
0-760-103.wav	คือลุงแดงเนี่ยบอกว่านายอ้นทศพลเนี่ยบอกว่าตรงนี้มันถนนหลวง
0-760-10.wav	โพสต์ภาพของผู้ที่เป็นพ่ออายุ60ปีชื่อว่านายแดงแท่นทอง
0-760-166.wav	ให้ตำรวจดำเนินคดีกับนายทศพลศรีวงกรกฎหรือว่าในอ้น
0-760-22.wav	เป็นลูกของนายแดงแท่นทองที่ถูกทำร้ายนี่ครับ
0-760-24.wav	พ่อของเขาถูกนายทศพลศรีวงกรกฎหรือว่าในอ้น
0-760-34.wav	คนที่ทำร้ายพ่อคือนายทศพลเนี่ยต้องกำกุญแจรถเอาไว้ด้วย
0-760-67.wav	ประมาณ6โมงเย็นในอ้นในอ้นหรือว่านายทศพลนะฮะ
0-764-15.wav	ภายในหมู่บ้านวอแลนดเฮาส์ของตำบลท่าข้ามอำเภอหาดใหญ่จังหวัดสงขลา
0-764-16.wav	โดยมีเจ้าของบ้านคือนายธวัชชัยสิทธิเริกนะคะ
0-768-44.wav	นางสาวรัชดาธนาดิเรกนะคะก็มีการเปิดเผย
0-773-43.wav	คือนางสาวอโนชาจงประจันทร์อายุ46ปี
0-774-10.wav	ก็ไปจับกลุ่มนายโกศลพรมสุบันอายุ36ปีได้
0-774-21.wav	เพราะนายโกศลเขาเป็นคนที่หูหนวกลิ้นไก่สั้นสื่อสารลำบากมากต้องใช้ภาษามือภาษาท่าทางกันไป
0-774-22.wav	ให้นายโกศลอ่านปากตำรวจแล้วก็พูดตอบโต้กันไปบ้างแต่ก็พูดไม่ค่อยชัด
0-774-23.wav	นายโกศลเองก็มีการพกยามาให้ด้วยว่าผมเป็นจิตเวทผมมียาผมกินยาอยู่ผมเป็นผู้ป่วยทางจิต
0-774-30.wav	ตำรวจสภหัดใหญ่ยังบอกด้วยว่านายโกศลเนี่ยรับว่าเพิ่งขโมยเป็นครั้งแรก
0-778-12.wav	บ้านหลังนี้คือบ้านของนางจำรัฐเอิกเชื้ออายุ62ปีนะคะ
0-778-14.wav	ก็นายจำรัฐนี่แหละคือคนที่ลูกบอกว่าแม่ถูกผีมอนเข้า
0-778-61.wav	ซึ่งเราก็ไปคุยกับนายสมคิต
0-778-96.wav	หมอปลาก็มาที่บ้านนะมาพบนางจำรัฐ
0-784-57.wav	ทีมข่าวก็เลยไปที่บ้านของนายโสพลและนางคณิตศรนะคะ
0-785-8.wav	ต่อจากนายธีรเกียรติศรีเมืองหรือว่าลุงเล็ก
0-787-14.wav	ผู้บาดเจ็บคือนายวรวุฒิเพชรเล็กอายุ23ปีคนนี้ถูกแทงด้วยของมีคม
0-792-100.wav	นายสมชายนางมารวยอุดมเลิศปรีชา
0-792-16.wav	เลขที่599ของนายปรีชานางสันนราชัยรัฐ
0-792-42.wav	นั่นก็คือนายเกียรตินางสมพิษสัจจะวธีกุล
0-792-59.wav	นายฮันยันเซ็นอายุ52ปี
0-792-86.wav	ส่วนทางด้านนางนารินรัฐทรัพย์ภัยบูลอายุ72ปี
0-798-40.wav	รัฐกิจภาลีพัฒน์แล้วก็นายเอกชัยทรงอำนาจเจริญ
0-799-17.wav	ประกอบด้วยนายประสิทธิ์สารบัน
0-800-6.wav	คุณเมพิชนาธิสาขากรเดินทางไปติดตามการลงเล่นของเจนะครับ
0-801-36.wav	ขณะที่มีความเห็นของนายฟรานซิสเอสจาเดเลซ่าผู้พิพากษาสมทบประจำสารสูงของฟิลิปปินส์ที่มองว่า
0-802-11.wav	ทำให้นายจิรษักออกมาร้องเรียนขอความเป็นธรรม
0-802-12.wav	บอกว่าเมื่อวานนี้ตอนเช้าเขากับภรรยาก็คือนางสาวพันนีที่เจ็บที่มือ
0-802-6.wav	คือนายจิรศักดิ์ใจกล้าอายุ34ปีขี่มาแล้วก็ถูกสายปริศนา
0-803-7.wav	ลูกชายคือน้องเพลินเพลงพินแล้วก็แม่ยายคือนางนิกรบุตรดีรวม4คนด้วยกัน
0-806-38.wav	แล้วถามว่าห้องนั้นมีใครบ้างก็มีนายพรเพชรวิชิตชนลชัยนะคะ
0-811-20.wav	ซึ่งอยู่บ้านเดียวกับนางสาวกัณหาไทยสุขใจ
0-811-21.wav	ชักชวนนางธนิสรร่วมทำธุรกิจเข้ากล่อง
0-811-24.wav	โดยนางธนิตามีประวัติหลายคดี
0-811-4.wav	ผลตำรวจตรีพยูธนศรีสืบวงรักษาราชการแทนผู้ประคับการตำรวจภูธรจังหวัดอุตรดิตถ์
0-811-52.wav	ขณะที่นายอัจฉริยะเรืองรัตนพงศ์
0-811-5.wav	สอบปากคำนางธนิสรผู้เสียหายที่ถูกหลอกทำข้าว1000กล่อง
0-811-8.wav	แก่ชุดที่1ไปสอบปากคำผู้จัดการบริษัทไทยแอร์โร่จำกัดที่จังหวัดพิษณุโลก
0-816-33.wav	นายเดชากิติวิทยานันต์และนายพัทรพงศ์สุพักษร
0-819-46.wav	ประเสริฐสารภาพว่ามีเรื่องบาดหมางกับคนเจ็บก็คือนายจอม
0-819-65.wav	แวงว่าจะถูกนายจอมทำร้ายเขาให้
0-820-8.wav	ทะเบียนกไก่ทท620พิษณุโลกของนางสาวบังออนแจ่มรอดอายุ57ปี
0-821-0.wav	คุณผู้ชมค่ะช่วงนี้งานบุญงานกระถิ่นเนี่ยมีมากมายหลายจังหวัด
0-821-3.wav	แต่ว่านี่นะเจ้าตังกู้เนี่ยเดินทางไปทำบุญทอดผ้ากระถิ่นสามัคคีที่วัดตุ้งอ้อหรือว่าวัดคันธารามจังหวัดเชียงใหม่
0-821-6.wav	โดยเฉพาะหนุ่มเน็กค่ะที่ครั้งนี้ตั้งใจเดินทางมาอย่างมากเลย
0-825-100.wav	อย่างคนนี้คือนางสาวแสงสุริยเทพพระมหาสุริยะหรือว่าร่างทรงสี่จีนะฮะ
0-825-107.wav	ขณะเดียวกันร่างทรงสาวคนนี้ยอมรับว่ารู้สึกกังวลกับการถูกแจ้งความจากนายอาจรุยะ
0-825-226.wav	ชื่อว่านายพระศรีอาริยเมตรัยสัจจะพุทธบารมี
0-825-23.wav	โดยนายธนัดนะคะก็เป็นแฟนพันธ์แท้จตุคามรามเทพเป็นอีกหนึ่งคนที่มาเดินทางมาแจ้งความด้วย
0-825-73.wav	พอตกบ่ายก็ไปหานายเกรียงศักดิ์บุญประสิทธิ์รองอธิบดีกรมการศาสนาค่ะ
0-831-30.wav	ต่อมาแม่คนที่ก่อเหตุขออนุญาตใช้เป็นนางเอนามสมมุติ
0-834-19.wav	เป็นประธานฝ่ายสงฆ์และนายสุวพันธ์ตันยุวัฒนะรัฐมนตรีประจำสำนักนายกรัฐมนตรี
0-838-58.wav	ก็คือนายอติชาติคนนี้กับเพื่อนที่ถูกควบคุมตัวไว้
0-838-60.wav	โดยนายอธิชาติคนเสื้อเหลืองบอกว่า
0-838-71.wav	กับนายอธิชาตินี้นายอธิชาติได้ยิน
0-838-72.wav	ก็เลยถามว่าใครมาหาเรื่องหลังจากนั้นนายอติชาติก็มาถึงจุดเกิดเหตุ
0-845-0.wav	ซึ่งขณะนี้ญาติของนายธวัชชัยตัดสินใจนะครับ
0-845-16.wav	ของนายธวัชชัยอนุกูลอดีตข้าราชการกรมที่ดินจังหวัดพังงา
0-845-34.wav	และพบว่านายธวัชชัยอยู่ในสภาพหมดสติไม่รู้สึกตัวแล้ว
0-845-37.wav	ก่อนตัดสินใจนำตัวนายธวัชชัยมายังโรงพยาบาล
0-845-44.wav	นายธวัชชัยจึงเสียชีวิต
0-845-45.wav	ขณะที่งานชาวพนักกิจศพนายธวัชชัยที่วัดบางหลวงจังหวัดปทุมธานี
0-845-65.wav	ชาปนักกิจศพนายธวัชชัยในวันนี้มีคนมาร่วมงานไม่มากนัก
0-845-67.wav	ส่วนร่างของนายธวัชชัยทางญาติได้มอบให้กับทางวัดเก็บรักษา
0-848-22.wav	เพื่อนของนายไขมุกเนี่ยชื่อว่าในโตนะฮะก็มาให้ข้อมูล
0-848-23.wav	ตัวบอกว่านายคายมกเนี่ยถูกไล่ออกจากงานเมื่อเกือบ2เดือนที่แล้ว
0-848-26.wav	นะฮะก่อนเกิดเหตุสองวันก่อนก็โทรศัพท์ไปหานายคายมกก็พูดจาวดวกไปวนมา
0-848-35.wav	นะฮะแล้วก็ตอนนี้ยังรอให้ญาติของนายคายมกเนี่ย
0-852-36.wav	นายภูลชัยเด่นชัยประดิษฐ์เล่าให้ฟังว่าก่อนเกิดเหตุ
0-853-1917.wav	อยู่จังหวัดสมการมาทำงานนะฮะแล้วก็มาชอบคอกับพี่ออส
0-856-28.wav	ก็คือรองนายยกฝ่ายความมั่นคงพลเอกประวิทย์วงสุวรรณ
0-859-89.wav	แห่งนี้ครับเป็นของนางสาวชุติการเจื้อยแจ้วอายุ38ปีซึ่งเป็นเจ้าของนะครับ
0-860-39.wav	นางสาวหยาดรุ่งทองเนียมหรือว่าหวานอายุ25ปีที่เป็นนางแบบ
0-860-49.wav	แล้วก็เบอร์โทรติดต่อเขียนบอกว่าชื่อหวานนางสาวหยาดรุ่งทองเนียม
0-860-94.wav	นางสาวหยาดรุ่งหรือว่าหวานป่วยเป็นโรคซึมเศร้าจริงนะครับอืม
0-861-8.wav	ตำรวจสภ.สิชลนำกำลังไปจับนายเสรีกุลดำรงวิวัฒน์ค่ะอายุ60ปี
0-862-24.wav	แต่คุณผู้ชมค่ะอยากจะให้ไปดูในพื้นที่ที่จังหวัดบึงกาฬหน่อย
0-864-17.wav	ทราบชื่อก็คือนายอัฐศิษย์ดีสวัสดิ์อายุ30ปี
0-865-16.wav	อำเภอศรีมหาโพธินะครับอ่าผู้ที่ถูกทำร้ายจนบาดเจ็บชื่อว่านายบุญเนธ
0-865-18.wav	ส่วนภรรยานะฮะชื่อว่านางเนยอายุ55ภรรยาของนายบุญเนธเนี่ยก็ไปแจ้งความที่สภ.รบภัยนะครับ
0-865-20.wav	เนยบอกว่าคนก่อเหตุคือนายน้อยนายน้อยเป็นแฟนของลูกสาวกำลังจะแต่งงานกันเร็วนี้อยู่แล้วนะฮะ
0-865-26.wav	ช่วงเที่ยงที่ผ่านมานายบุญเนธออกจากโรงพยาบาลได้แล้วนะครับ
0-865-56.wav	นายบุญเนธคนเจ็บบอกว่าไม่รู้ว่านายน้อยเนี่ย
0-867-20.wav	เจอแม่ของนายวรพล
0-871-22.wav	ฝั่งนายชัยวัดเขาเรียกว่าอะไรนะพร้อมสู้เต็มที่นะครับ
0-871-6.wav	นายชัยวัดลิ้มลิขิตอักษรผู้มนวยการสำนักบริหารพื้นที่อนุรักษ์ที่9
0-871-9.wav	โดยนายชัยวัดเปิดเผยก่อนเข้าให้ปากคำ
0-873-19.wav	นายวรพลสารภาพนะคะว่ามีอาชีพเปิดร้านขายอาหารตามสั่ง
0-873-7.wav	นายวรพลเสือสกุลวัย38ปี
0-875-55.wav	ในเรื่องนี้ทางด้านของนายอภิษฎเวชาชีวะหัวหน้าพรรคประชาธิปัตย์ก็
0-878-60.wav	ชื่อนายเอมพิราชนะคะอายุ21ปีเป็นลูกจ้างของอบต.โพทอง
0-882-10.wav	ขณะที่ในเมืองซาวเปาโลเองประชาชนจำนวนมากที่สนับสนุนนางรุเซฟ
0-882-11.wav	ก็ได้ออกมาเดินขบวนต่อต้านนายมิเชลเทเมอร์รักษาการประธานาธิบดี
0-882-12.wav	โดยพวกเขาบอกว่าการถอดถอนนางรุเซฟที่เกิดขึ้นถือได้ว่าเป็นการรัฐประหาร
0-882-13.wav	ส่วนรัฐบาลของนายเทเมอร์นั้นก็ไร้ความชอบทำและไม่ได้เป็นตัวแทนที่แท้จริงของประชาชน
0-882-15.wav	ขณะที่ยังคงดำเนินนโยบายด้านสังคมตามเดิมแต่กลุ่มผู้ชุมนุมกลับมองว่าการขึ้นสู่อำนาจของนายเทเมอร์
0-884-17.wav	และให้เพิกถอนนส3กของนายยิ่งยงณตะกัวทุ่ง
0-884-34.wav	มีนายยิ่งยงณตะกัวทุ่งเป็นผู้ครอบครอง
0-891-14.wav	ก็ฟันคอนายวัญชัยช่างยันอายุ49ปี
0-893-7.wav	เมื่อช่วงเช้าที่ผ่านมาครับพบร่างนายนิรุธอายุ51ปี
0-895-95.wav	แล้วยิ่งฟังคำแถลงของอธิบดีกรมศูนย์ละกากรคือนายพัชระอนันตสิน
0-896-24.wav	คนขับรถเก๋งคือนายธนวีธนาโชธช่วงบาดเจ็บนะ
0-896-28.wav	จากการสอบถามนายประพาโหมดแจ่ม
0-897-67.wav	มีผู้ชายคนนึงคือนายรัฐชัยอ่วมสะอาด
0-900-105.wav	ส่วนศพนางยุพินตอนนี้ต้องรอให้ลูกสาวค่ะที่บอกว่าอยู่ต่างประเทศ
0-900-29.wav	ตัวผู้เสียชีวิตนางยุพินมีลูกสาวคนเดียวค่ะ
0-900-37.wav	ก็อยู่ข้างห้องของนางยุพินคนตายเพื่อนบ้านเล่าแบบนี้
0-900-38.wav	ปกติแล้วคนตายนางยุพินอยู่ในห้องคนเดียวไม่เคยเห็นสูงสิงกับใครนะ
0-900-42.wav	ปกติแล้วตอนกลางวันนางยุพินคนตายเนี่ยจะนอน
0-900-52.wav	เขามาบอกว่าเอ้าผู้ตายเนี่ยนางยุพินตายอยู่ในห้องค่ะ
0-900-58.wav	ชื่อนายประเวทเขาเล่าแบบนี้นะคุณผู้ชม
0-900-5.wav	หลังจากมีคนไปพบศพของนางยุพินน้อยนินอายุ60ปีอยู่ในห้องเช่าซึ่งเป็นห้องเช่าปูนชั้นเดียวที่ตำบลบ้านเลื่อมอำเภอเมืองที่อุดรธานีนะคะ
0-900-60.wav	บอกว่ากลางวันนางยุพินชอบนอนส่วนกลางคืนร้องคาราโอเกะพูดเหมือนกันนะคะพูดตรงกัน
0-900-61.wav	และไม่นานมานี้เห็นผู้ชายอายุประมาณ30ปีเข้าออกที่ห้องของนางยุพิน34ครั้ง
0-900-62.wav	แต่ตัวเขาไม่ได้สนใจอะไรจนกระทั่งเขาบอกว่าคืนก่อนที่จะไปเจอศพของนางยุพิน
0-900-72.wav	ไปคุยกับคนที่ไปเจอศพนางยุพินด้วย
0-900-7.wav	มีการพบศพนะคะของนางยุพินเนี่ยเมื่อวานนี้ในห้องเบื้องต้นมีการตรวจสอบไม่พบร่องรอยการต่อสู้คาดว่าน่าจะเสียชีวิตมาแล้วสักสองสามวันค่ะมีการส่งศพไปชนสูตรหาสาเหตุการณ์ตายที่แผนกนิติเวชโรงพยาบาลศูนย์อุดรธานีนะคะ
0-900-98.wav	ไม่มีร่องรอยการถูกทำร้ายร่างกายนะคะของนางยุพิน
0-903-20.wav	นายไพโรธทุ่งทองที่เป็นสถาปนิกนะครับ
0-904-10.wav	โดยนายกรัฐมนตรีนะครับกล่าวในเวทีไทยรัฐฟอรัม
0-908-55.wav	ชื่อว่านางสาวลี่มินอายุ36ปีสัญชาติจีน
0-908-56.wav	และนายอุ๋ยหวังอายุ30ปีสัญชาติจีนครับ
0-909-251.wav	เอ้าทีนี้เราได้คุยกับนายตีนะคะเพื่อนบ้านคุณรถก็บอกว่า
0-909-84.wav	คือน้องแป้งเด็กหญิงวัย13ขวบหลานสาวนางรถ
0-909-98.wav	นายชนะนันต์ประทุมมาตรเขาบอกว่า
0-910-31.wav	นางสาววรนุษย์เนติวสินหรือเจ๊หวานเจ้าของร้านบอกว่าจัดโปรโมชั่นพิเศษด้วย
0-921-18.wav	สุดท้ายจับกลุ่มได้นะครับผู้ชายคนนี้คือนายอาคมตาห่อ
0-930-18.wav	สอบถามนายสุวรรณชัยวัลชาวกาฬสินธุ์
0-931-91.wav	เพราะตัวคุณทิพย์สุคลเองจะเดินทางไปเวียดนามเป็นเวลา1เดือน
0-936-15.wav	ก็คุมตัวนายอุเทนออกจากห้องสอบสวน
0-936-46.wav	ส่วนทางนางจารุวัลนะคะแม่ของผู้ตายก็บอกว่าเพิ่งเจอลูกชาย
0-936-4.wav	นายอุเทนตุ้ยหัวทุ่งวัย68ปีเป็นคนก่อเหตุ
0-938-7.wav	นายชัยพลวิพาว่าไม่ใช่คนร้ายทำร้ายน้องชมพู่แน่
0-939-39.wav	พบศพนายทศพรพ่วงเรืออายุ26ปี
0-939-8.wav	นายทศพรพ่วงเรืออายุยี่สิบหกในแชมป์เนี่ยเป็นพนักงานทำความสะอาด
0-941-2.wav	นี่ครับนายปียะถนอมรอดชาวบ้านชุมชนหนอง
8-8000-23.wav	และนายกิติทัศน์<MARK>กล้องพบ<MARK>จิรพัฒน์<MARK>
8-8055-52.wav	แล้วแม่จ่าจำปาเป็นผู้ป่วยติดเตียงอยู่ที่จังหวัดตรัง
8-8055-76.wav	เพราะว่าเกิดเหตุวันที่15ใช่ไหมที่ด่านที่จังหวัดตรัง
8-8056-25.wav	นายแพทย์วิษณุวิทยาบำรุง<MARK>นายแพทย์สาธารณสุขจังหวัดบึงกาฬ
8-8060-53.wav	นายสมฤทธิ์ลือชัย<MARK>นักวิชาการอิสระที่ได้รับผลกระทบในครั้งนี้
8-8064-16.wav	นายธนโรธเจตธัญชนก<MARK>อายุ36ปี
8-8065-10.wav	ชาวบ้านน้องเกาะจังหวัดสุโขทัยในวัย75ปี
16-16368-16.wav	โดยมีนายอนุทินชาญวิรากูล
16-16368-23.wav	โดยนางสาวศรีนวลบุญลือสสเชียงใหม่
16-16368-26.wav	อาทินายทรงศักดิ์ทองศรีรัฐมนตรีช่วยว่าการกระทรวงมหาดไทย
16-16368-27.wav	นายชาดาไทเศษและนายสุภาชัยใจสมุทรเข้าต้อนรับ
16-16368-30.wav	นายสุประชัยบอกว่าพักภูมิใจไทยเห็นนางศรีนวลเป็นเพื่อนในสภา
16-16368-35.wav	เพราะอยู่ในขั้นตอนการพ้นจากการเป็นสอสอสังกัดเดิมของนางสาวศรีนวล
16-16368-6.wav	ที่นายพีรพันธ์จะเป็นประธาน
16-16368-7.wav	แม้ก่อนหน้านี้พักเคยเสนอชื่อนายอภิษฎเวชาชีวะ
16-16370-93.wav	ชื่อว่านายอานนท์แดงซิล
16-16372-17.wav	หลังจากที่ก่อเหตุใช้มีดแทงนายสลาวุฒิใจมาอายุ32ปี
16-16372-20.wav	แทงผู้เสียชีวิตกลางถนนนะครับที่อำเภอสันทรายจังหวัดเชียงใหม่
16-16372-27.wav	แต่อ้างว่าเนื่องจากนายสลาวุฒิขี่จักรยานยนต์ตามมาแล้วก็หาว่าเขาเนี่ยไปด่านายสลาวุฒิ
16-16372-28.wav	ก็เลยจอดรถลงมาแล้วก็ทะเลาะกันนายนิพนธ์ผู้ต้องหาอ้างว่าพยายามบอกนายสลาวุฒิ
16-16372-31.wav	นายนิพนธ์เนี่ยต้องเอามีดเนี่ยเป็นมีดทำครัวยาวประมาณ9นิ้ว
16-16372-33.wav	แล้วก็แทงใส่นายสลาวุฒิเข้าหน้าอกไปแผลหนึ่งจนเสียชีวิต
16-16372-42.wav	ศพของนายสลาวุฒิญาตินำไปประกอบพิธีทางศาสนาที่บ้านนะครับ
16-16372-45.wav	นางสุดารัฐภรรยาของผู้ตายบอกว่าแม้สามีกับผู้ก่อเหตุ
16-16372-53.wav	นางสุดารัฐบอกว่าต้องขอบคุณตำรวจสภ.แม่โจ้
16-16372-58.wav	เนื่องจากขณะนั้นเนี่ยทราบว่ามีกลุ่มคนที่รู้จักกับนายนิพนธ
16-16372-89.wav	นักงานสอบสวนแจ้งข้อหานายนิพนธ
16-16374-10.wav	เมื่ออาทิตย์ที่ผ่านมาเนี่ยผมก้าวร้าวแล้วก็ไปเล่นที่จังหวัดสุพรรณ
16-16374-7.wav	แล้วจังหวัดสุพรรณเนี่ยถ้าจะจัดงานบนเวทีจัดคอนเสิร์ตอะไรเนี่ย
16-16375-16.wav	สาเหตุที่เกิดขึ้นอีกครั้งที่จังหวัดเชียงใหม่กระดูก
16-16375-33.wav	กระทั่งผ่านไปนานหลายชั่วโมงนายถาวรราชบุรี
16-16375-43.wav	ที่จังหวัดชลบุรีกระดูกปฏิเหตุรถจักรยานยนต์เสียหลักชน
16-16375-46.wav	ทำให้นายมงคลชัยแก้วสอนทะเลอายุ3040ปี
16-16376-13.wav	พร้อมที่จะไปให้ปากคำนะคะที่จังหวัดเชียงใหม่
16-16376-17.wav	สำหรับกรณีของนายอิสราชนุวัฒน์วันคาวิสันหรือเจมส์บอล
16-16376-18.wav	ถูกทำร้ายร่างกายภายในร้านมาลินสกายจังหวัดเชียงใหม่
16-16376-8.wav	จากกรณีที่มีคนทำร้ายร่างกายน้องเจมส์บอลนะคะนักศึกษาจังหวัดเชียงใหม่
16-16380-111.wav	พรุ่งนี้น้องสาวของผู้ตายจะไปถามความคืบหน้าที่ศูนย์นำรงธรรมจังหวัดเชียงใหม่นะฮะ
16-16380-14.wav	ที่บริเวณสะพานป่าเดือตำบลขัวมุงอำเภอสารพีจังหวัดเชียงใหม่
16-16380-6.wav	ผู้ตายชื่อนายเกียรติศักดิ์ใจจีนะชื่อเล่นชื่ออามนะครับอายุ35ปี
16-16383-12.wav	แล้วสักครู่เนี่ยตามมาอีกนางสาวประกอบแก้วอายุ40ปีก็ถือกระเป๋าเสื้อผ้า
16-16383-30.wav	ไปสอบถามนางจิรนันเจรชัยเมธาพงศ์
16-16386-8.wav	แล้วก็นายบุญมีพุทธประเสริฐศิลป
16-16387-30.wav	จู่คุณผู้ชมค่ะนายสนอคนนี้ถอดกางเกงยืนปัสสาวะมันหน้าป้อมตำรวจตรงนั้นเลย
16-16388-0.wav	นายมีชัยรุชุพันธ์ประธานคณะกรรมการร่างรัฐมนูล
16-16388-12.wav	ขณะที่นายพรเพชรวิชิตชนชัยประธานสนชมองว่า
16-16388-26.wav	ล่าสุดนายมีชัยรุชุพันธ์ประธานกรทบอกว่ากรทจะเริ่มพิจารณา
16-16388-32.wav	เช่นเดียวกับนายอภิษฎเวชาชีวะหัวหน้าภักดิ์ประชาธิปัตย
16-16390-34.wav	ผู้ก่อเหตุก็คือภรรยานางวาสนาทรัพย์เขื่อนขานวัย48ปี
16-16394-11.wav	ล่าสุดค่ะเรื่องนี้นายสุรชัยอาจารบุญอธิบดีกรมป่าไม้
0-947-13.wav	ยติที่นายรังสิมันโรมสสบัญชีรายชื่อพรรคก้าวไกล
0-947-2.wav	แล้วก็ท่านคาดหวังว่าจะให้การโหวตนายกัธมนตรี
0-956-32.wav	ยิงที่นายศักดาจนเสียชีวิตตาม
0-956-33.wav	จังหวะนั้นนายชูพงศ์พยายามวิ่งหนี
0-956-4.wav	แล้วยิงนายอุดมโพศีอายุ29ปีลูกชายเจ้าของสวนยางและยิงนายศักดาเขาภูเขียวเสียชีวิตทั้งคู่
0-956-5.wav	ส่วนผู้บาดเจ็บคือนายชูพงสะสมบูรณ์อยู่ในห้องไอซียู
0-956-7.wav	วันนี้ญาติของนายศักดาและนายอุดมรับศพไปทำพิธีชาปนกิจทันทีโดยตั้งเผากลางแจ้งที่ป่าช้า
0-956-8.wav	ลุนโภษีพ่อของนายอุดมผู้ตายบอกว่าไม่รู้จริงว่าใครเป็นคนลงมือฆ่าลูกชาย
0-958-31.wav	รู้ว่าคนร้ายคนนี้ชื่อว่านายเสกสรรอายุ27
0-958-40.wav	สุดท้ายนายเสกสรรรับสารภาพ
0-962-37.wav	ขณะที่ทางด้านนายสุวพันธ์ตันยุวัฒนะรัฐมนตรี
0-962-42.wav	จากนี้นายสุวพันธ์ก็ยังระบุเพิ่มเติมด้วยนะคะ
16-16395-68.wav	บนชั้น2ซึ่งเป็นห้องของนายนัทพงศ์ผู้เสียชีวิต
16-16395-82.wav	อาศัยอยู่กับนายนัทพงศ์ผู้เสียชีวิตซึ่งเป็นอดีตก็คือผัวเก่า
16-16397-66.wav	ขึ้นอยู่กับนางรำนั่นเองที่จะเป็นคนตัดสินนะคะ
16-16399-59.wav	นายอภิษฎหมื่นแก้วหรือใบเบิ้ลอายุยี่สิบห้าปีครับ
16-16399-70.wav	มีเสื้อผ้าที่สวมใส่ในวันเกิดเหตุด้วยนายอภิษฎสารภาพว่าเป็นผู้ลงมือก่อเหตุจริงฮะ
16-16400-21.wav	คลองลือนี่โอ้โหดังมากเลยนะสมัยก่อนนะตั้งอยู่ที่หมู่2ตำบลบ่อพลอยอำเภอบ่อไร่จังหวัดตราดนะคะ
16-16403-10.wav	โดยก่อนเริ่มไต่สวนนางสาวยิ่งลักชินวัฒน์
16-16403-17.wav	ขณะที่การไต่สวนพยานนางสาวสุภาปียัตจิติกรรมการปปช
16-16403-20.wav	แม้จะถูกตั้งข้อสังเกตว่ามีส่วนได้ส่วนเสียกับรัฐบาลนายอภิษฎ
16-16403-25.wav	ขณะที่นางสาวแน่งน้อยเจริญทวีทรัพย์ผู้สอบบัญชีรับอนุญาต
16-16403-35.wav	นี้สารได้ติดแจงประเด็นที่คณะรัฐมนตรีในรัฐบาลนางสาวยิ่งลักษ
16-16403-37.wav	ที่นางสาวสุภาเคยท้วงติ่งว่า
16-16403-6.wav	เหตุใดคณะรัฐมนตรีในรัฐบาลนางสาวยิ่งลักษณ
16-16404-498.wav	เฮียแคมมาเป็นนายหนึ่งกันแล้ว
8-8065-33.wav	เช่นเดียวกับนายขวัญเมืองจำรัฐ<MARK>อายุ54ปี
8-8067-14.wav	นี่ค่ะนางสาววิวริยาสวัสดิ์วิมล<MARK>อายุ32
8-8067-17.wav	นายสุธินทองบุญ<MARK>อายุ46เป็นชาวไทยใหญ่
8-8067-51.wav	ตัวเจ้าของบริษัทนางสาววริยาบอกว่าวันเกิดเหตุ
8-8067-52.wav	ให้นายสองกับนายสุธินซ่อมแนวหน้าต่างเป็นวันแรกนะคะ
8-8069-7.wav	โดนัลด์ทรัมป์<MARK>ให้ความชัดเจนถึงการพบกับนายคิมจองอึน<MARK>
8-8070-12.wav	ล่าสุดนาย(ชัยวัด,ชัยวัฒน์)คำยา<MARK>น้าชายของนางสาววิราวัลย์(ิราวัล,วิราวัลย์)<MARK>บอกว่า
8-8070-15.wav	นางสาววิราวัลย์(ิราวัล,วิราวัลย์)<MARK>เสียชีวิตอย่างสงบที่โรงพยาบาลมหาราชนครเชียงใหม่
8-8070-18.wav	ผู้สื่อข่าวก็เดินทางไปพบกับนางวราพรคำยา<MARK>แม่ของนางสาววิราวัลย์(ิราวัล,วิราวัลย์)<MARK>ที่ห้องพักเล็ก
8-8070-19.wav	ซึ่งใช้เป็นสถานที่ดูแลชีวิตช่วงสุดท้ายของนางสาววิราวัลย์(ิราวัล,วิราวัลย์)<MARK>
8-8070-6.wav	จากกรณีที่นางสาววิราวัลย์(วิราวัลเกรดเกษี,วิราวัลย์ เกษเกษี)<MARK>อายุ26ปี
8-8071-50.wav	นันทพรธวระ<MARK>ทีมข่าวไทยรัฐทีวีรายงานจากอำเภอสังขละบุรีจังหวัดกาญจนบุรีค่ะ
8-8072-12.wav	ตรงข้ามโรงพยาบาลนางรองบุรีรัมย์นางสาวปวีนา(หลังจันทึก,หลั่งจันทึก)<MARK>อายุ18ปีครับ
8-8073-5.wav	ทางด้านของนายปรัชญาปรางชัยภูมิ<MARK>เป็นคุณครูสอนวิชาดนตรีสากล
8-8074-27.wav	หลังจากทราบผลนายรณฤทธิ์(รณฤทธซื้อวาจา,รณฤทธิ์ ซื่อวาจา)<MARK>ผู้บริการสโมสรเมืองทองก็บอกว่า
16-16405-16.wav	สันทนประยุณรัฐอดีตนายตำรวจคนดังออกมาแฉทันทีว่า
16-16407-31.wav	นางนับพัศวรรณปรีดากุลอายุ65ปี
16-16410-14.wav	พันธุ์ตำรวจโทวิทูลอดีตสามีของแอมนางสาวธันนิชาคือทนายความของแอมไซยาไนค่ะ
16-16410-8.wav	แน่นอนแหละ1ก็คือนางสาวสรารัตน์นะคะหรือแอมเป็นผู้ต้องหาจำนวน15คดี
16-16411-28.wav	ผู้ประกอบการที่มาวิ่งรับท่องเที่ยวในเรือหางยาวซึ่งเป็นชุมชนดั้งเดิมแล้วก็ทำให้รายได้เขาเพิ่มขึ้นจำนวนมาก
16-16411-38.wav	รายได้ที่มาจากแหล่งท่องเที่ยวทางธรรมชาตินายภัยรัฐเกรดนุสิตชาวบ้านในพื้นที่บอกว่า
8-8080-24.wav	คุณเข็มชัยชุติวงศ์<MARK>(ประพันธ์,นาย)นาย(โกวิท,โกวิทย์)อุดมรัตน์อมรฤทธิ์(อุดมรัฐอมริต,อุดมรัตน์อมรฤทธิ์)<MARK>
8-8084-26.wav	ระบุว่าในภาพคือบ่อนการพนันของตู้ห่าว<MARK>ที่มีหลานนายตู้ห่าว<MARK>เป็นคนดูแล
8-8089-12.wav	พิธีกรรมนี้เรียกว่าผ่าจ้านผีหรือตัดสายผัวสายเมียที่จังหวัดพะเยา
8-8091-61.wav	ตามตัวหน่อยนาย(วัชิรยา,วชิรยา)<MARK>คนนี้เพราะว่ามีข้อมูลว่าเขาหลังจากก่อเหตุแล้วอ่ะ
8-8092-15.wav	นี่คือนายเนโมอ่องนะคะนอนแน่นิ่งอยู่กลางถนนหน่วยกู้ชีพ
8-8092-1.wav	นะคะคือชาวบ้านตลาดแม่สอดจังหวัดตากตกใจค่ะอ่า
8-8092-36.wav	เอามาดูกันหน่อยว่าเกิดอะไรขึ้นค่ะนายเนโมอ่องเนี่ย
8-8092-43.wav	นายเนโมอ่องกระเด็นตกรถแล้วนอนหลับแน่นิ่ง
8-8095-0.wav	ที่จังหวัดเลยกันหน่อยนะอันนี้เป็นโจรมักน้อยค่ะถามว่าทำไมมักน้อยเดี๋ยวจะเล่าให้ฟังนะคะ
8-8096-38.wav	พ่วงข้ามจังหวัดไปขึ้นศาลแบบนี้
8-8101-20.wav	พบกับ(โปรลิสเทโร,โปลิศ เทโร)วันที่5กันยายนนี้ที่ช้างอารีนาจังหวัดบุรีรัมย์ครับ
8-8102-20.wav	แฮชแท็กนายใส่ชื่อไว้เรียบร้อยคือเจ้าบ่าว
8-8104-15.wav	คนขับรถเนี่ยคือนางสาว(ชายารัฐทา,ชญารัตน์)ศรีวิชัย<MARK>อายุ30ปี
8-8104-50.wav	นาย(สุวชัด,สุวัช)ทองมาร<MARK>อายุ44ปีเป็นเจ้าของร้านก๋วยเตี๋ยวนะคะ
8-8108-0.wav	แม้ว่าที่ผ่านมาครูบาไก่<MARK>พระชื่อดังที่จังหวัดขอนแก่นจะมีข้อกล่าวหาอะไรท่านออกมาปฏิเสธทุกข้อกล่าวหาไปแล้ว
8-8108-2.wav	คุณผู้ชมครับศูนย์รับแจ้งเป็นศูนย์รับแจ้งความนะครับกองบัญชาการตำรวจสอบสวนกลางครับนางสาว(นิชารีภูลศรี,นิชารีย์ พูลศรี)<MARK>ทนายความ
8-8109-0.wav	ไปดูเรื่องสยองที่ทำให้ชาวบ้านในจังหวัดลำปางตอนนี้เขาผวากันนะคะ
8-8110-100.wav	เพราะคุณหมอบอกว่าการแพร่เชื้อที่อยู่ในจังหวัดสมุทรสาครนั้นเนี่ย
8-8110-123.wav	ภูเก็ตเมื่อวานครับนายณรงค์วุ่นซิ้ว<MARK>ซึ่งเป็นผู้ว่าราชการจังหวัดนะฮะ
8-8110-16.wav	คุณหมอ(ทวีสิน,ทวีสิน วิษณุโยธิน)<MARK>โฆษก(ศบค,ศบค.)นะครับระบุว่าจากการพบผู้ติดเชื้อในจังหวัดอุตรดิตถ์
8-8110-21.wav	ไปไกลแค่ไหนแล้วซึ่งพบว่ามีจังหวัดที่เชื่อมโยงกับตลาดกลางกุ้งนี้
8-8110-22.wav	2จังหวัดเหนือสุดไปไกลที่สุดขณะนี้ที่เชียงใหม่
16-16412-9.wav	ที่อำเภอหนองบัวระเวจังหวัดชัยภูมิ
16-16415-13.wav	ส่วนที่จังหวัดแม่ฮ่องสอนนะคะพันเอกพงศธรบุญฟู
16-16415-16.wav	แล้วก็ชาวบ้านคอนพึ่งอำเภอศพเมยจังหวัดแม่ฮ่องสอน
16-16415-38.wav	อันนี้ก็เป็นความเชื่อไปดูที่จังหวัดยะลากันบ้าง
16-16415-3.wav	พาคุณผู้ชมไปดูที่จังหวัดตากันก่อนค่ะ
16-16415-8.wav	หลังจบพิธีมีพระพิสุขสงฆ์จากฝั่งจังหวัดเมียวดีและฝั่งไทย
16-16416-14.wav	ชื่อว่านายจตุรงวงเวียนอายุ23ปี
16-16416-16.wav	เมื่อช่วงบ่ายที่ผ่านมาก็มีพิธีชาปนกิจศพนายจตุรงค์
16-16416-20.wav	นายหนูฤทธิวงเวียนอายุ73ปีซึ่งเป็นพ่อของผู้ตาย
16-16416-53.wav	นะครับทางนางสมรวงเวียนซึ่งเป็นพี่สาวของผู้ตายบอก
16-16434-8.wav	เมื่อเช้านี้นะคะนายสะสินหรือนายเป้เจ้าของหอพักที่นี่ค่ะ
102-102024-10.wav	ลูกศรสีแดงแดงขอคุยหน่อยเข้าไปคุยผู้หญิงคือนางสาวอันธิดาศรีทองช่วย
102-102025-2.wav	อุทยานแห่งชาติดอยสุเทพ-ปุยจังหวัดเชียงใหม่หรือไม่
102-102026-7.wav	ทางด้านของนายรุ่งโรธใช้ในการฟอกเงินให้กับเครือข่ายยาเสพติดแต่เดี๋ยว
102-102026-37.wav	โรงงานนี้ขออภัยนะคะแก้ไขเลขที่97ทับ78หมู่ที่1ตำบลสวนหลวงอำเภอกระทุ่มแบนจังหวัดสมุทรสาคร
102-102026-44.wav	ก็บอกว่าเครือข่ายนี้เนี่ยมีความเชื่อมโยงกับนายวีระหมื่นจดานะคะ
16-16438-17.wav	เขาไปจับกลุ่มวัยรุ่นคนหนึ่งได้ก่อนชื่อว่านายนะคะวัชริต
102-102026-81.wav	จุดแรกนั้นเป็นบ้านของนายรุ่งโรธนะคะแล้วก็ภรรยาซึ่งบ้านหลังนั้น
8-8110-41.wav	จุดที่เป็นไข่แดงแล้วจุดที่เริ่มต้นก็คือที่จังหวัดสมุทรสาคร
16-16438-19.wav	โทรศัพท์มือถือหนึ่งเครื่องแล้วตัวนายวัชรีที่ไปจับได้
8-8110-49.wav	ตรวจแล้วไม่ติดเชื้อนะคะครับรายที่2ที่จังหวัดนนทบุรีค่ะ
102-102027-14.wav	ซึ่งเป็นบ้านของนางสาวสาวนีคำพายอายุ44ปี
102-102027-17.wav	เจอคนเดียวคือนายบุญชูคำพายเป็นสามีอยู่ในบ้าน
102-102027-30.wav	ออกมาเรียกนางสาวสาวนีครั้งที่หนึ่งแล้วส่งเอกสารไปเรียบร้อยแล้ว
102-102028-13.wav	นายปรีชาวันนี้สามีของผู้ตายก็เล่าว่าได้อาศัยอยู่กับภรรยาที่ชั้น2
8-8110-64.wav	ในวันที่22ธันวาคมค่ะอันนี้เป็นภาพรวมของจังหวัดนนทบุรีนะคะ
102-102028-14.wav	แต่เมื่อวันเศาล์ที่ผ่านมานะครับภรรยาก็บอกว่าจะไปหาลูกสาวที่อำเภอสามโคกจังหวัดปทุมธานี
16-16439-16.wav	คุณวิเชียนวันทองสุกมรคนายกวัดโพศีบ้านปากโป้งก็เล่าให้ฟังบอกว่า
8-8110-77.wav	21ธันวาคมเดินทางกลับไปหาญาติที่ขอนแก่น
8-8110-91.wav	กระจายไปทุกที่แล้วนะคะจังหวัดกำแพงเพชรพบผู้ป่วยติดเชื้อโควิด-192ราย
102-102029-33.wav	สงครามจบลงโทมัสก็เดินทางกลับอเมริกา
8-8111-28.wav	(เทียนชัยคามปโสภูมิ,เทียนชัย คามะปะโส)<MARK>ครับการตำรวจภูธรจังหวัดเพชรบุรีบอกว่า
8-8112-11.wav	ใช่นางสาวรุ่งทรัพย์ทองเกิด<MARK>หรือคุณตุ๊กอ่ะนะคะอายุ38อาจารย์เต้ผ้าดำบอกกับทีมข่าวของเราว่า
8-8112-8.wav	อาจารย์เต้ผ้าดำหรือฤษีปัญญาธโรมุณีมานะที่บ้านโศกขาแก้วอำเภอซำสูงจังหวัดขอนแก่น
8-8113-17.wav	คนขับกระบะชื่อนายวินัยแสงทอง<MARK>นะคะส่วนผู้เสียชีวิตค่ะ
8-8113-18.wav	คือนางสาวจตุพรภูลเกต<MARK>คนที่ใส่เสื้อสีดำ
8-8113-19.wav	แล้วก็นางอารีใจดี<MARK>แม่ค้าขายผลไม้ตรงนั้นค่ะที่เดินไปเก็บของที่รถจะขึ้นรถเนี่ยเสียชีวิตเลยเหรอฮะ
8-8113-22.wav	สอบสวนนายวินัยนายวินัยบอกว่าก็ขับรถมุ่งหน้ามาจากอำเภอเมืองจะกลับบ้านที่พะเยา
8-8113-25.wav	แต่ตำรวจก็นำตัวนายวินัยไปตรวจสอบหาสารเสพติดในร่างกายนะคะ
16-16443-46.wav	รัฐมนตรีว่าการกระทรวงแรงงานอย่างนายพิพัฒนราชกิจประกัน
8-8114-20.wav	เรียกสอบปากคำนายวชิรยา<MARK>
16-16443-48.wav	มีสามีภรรยาคู่หนึ่งก็คือนายบุญถมพันคล้องอายุ39ปี
16-16443-49.wav	นางสาวสะสีวันพันคล้องอายุ36ปี
102-102032-8.wav	ก็แจ้งกู้ภัยไปกู้ภัยก็มาเป็นกู้ภัยสว่างประทีปเครือข่ายจังหวัดชลบุรี
102-102033-13.wav	ก็เลยไปคุยกับเจ้าของร้านนะคะนายสิทธิชัยสิริวรเดชกุลหรือเสียจ๋อง
102-102033-65.wav	ยกกิ่งกาชาดอำเภอเชียงแสนจังหวัดเชียงราย
102-102034-26.wav	อำเภอธัญบุรีจังหวัดปทุมธานีค่ะนายพร้อมพันธ์คำพงศ์อายุสามสิบสี่
16-16443-52.wav	นายอนุชาอ่างแก้วและอีกหนึ่งคนเนี่ยนะคะ
16-16443-53.wav	ก็คือนายคมกริจชมบัวในภาพเนี่ยชุดขาวนั่นคือนายคมกริจนะคะ
16-16447-10.wav	โดยความร่วมมือของอบตหาดสำรานกับการท่องเที่ยวจังหวัดตรังนะคะ
102-102035-5.wav	จริงแล้วเนี่ยนะคะเหตุการณ์นี้มันเกิดขึ้นตั้งแต่15ตุลาคมนะคะแต่เจ้าของร้านเนี่ยเพิ่งเอาหลักฐานไปแจ้งความเมื่อวานเจ้าของร้านชื่อว่านายสมชายอายุ64ไปแจ้งความที่สภ.เมืองระยองเพื่อตามตัวคนร้ายคนนี้มาดำเนินคดี
102-102035-6.wav	ภรรยาเจ้าของร้านให้ข้อมูลเพิ่มเติมค่ะนางวิราพรบอกว่าโจรสาวรายนี้มาซื้อของที่ร้านเป็นประจำขับรถมาด้วยนะคะ
8-8115-0.wav	กลับเรียนท่านประธานสภาที่เคารพกับผมนายวิสุทธิ์ไชยณรุณ<MARK>สมาชิกสภาผู้แทนราษฎรจังหวัดพะเยาพรรคเพื่อไทย
8-8115-149.wav	ชื่อนายวิสุทธิ์นะครับเป็นคนส่ง
102-102037-21.wav	ก็คือนายชาญชัยกันฉุนวัย17ปี
102-102037-31.wav	นางสุพินแซมทองป้าของนายชาญชัยบอกว่า
102-102037-41.wav	คนที่ก่อเหตุยิงนายชาญชัยเนี่ยไม่ใช่ใครอื่นนะคะ
8-8116-26.wav	และเหรียญปลุกเสกขององค์หลวงพ่อพัฒน์วัดห้วยด่านจังหวัดนครสวรรค์
8-8117-36.wav	บอกว่าพฤติกรรมแบบนี้เคยเตือนนายสมคิด<MARK>ไปแล้วครั้งหนึ่ง
102-102038-0.wav	ไปที่สวนเมลอนบีจังหวัดจันทบุรี
8-8117-41.wav	นายสมคิด<MARK>มีอำนาจรัฐอยู่
102-102038-26.wav	ตอนเราอยู่ที่สวนลอยฟ้าเมลอนฟาร์มจังหวัดจันทบุรี
8-8117-55.wav	หลังจากเป็นประธานในงานนายกรัฐมนตรีพบวิสาหกิจเริ่มต้นที่ทำเนียบรัฐบาลนะคะ
102-102039-2.wav	ซึ่งจะเข้าไปทำหน้าที่นะครับพิธีชำระบาปในป่ากับนายเล่าย่าง
102-102039-82.wav	ที่เขียนมาโดยนางเอลินจีไวท์
8-8118-55.wav	สวัสดีครับป้าแนนครับผมนี่นะฮะหนึ่งในร้านที่เรียกว่าโด่งดังมากมากนะครับประจำจังหวัดขอนแก่นนะครับกับร้านรสเด็ด
8-8121-122.wav	ตัวแทนเครือข่ายองค์กรงดเหล้าจังหวัดเชียงใหม่
8-8121-172.wav	ยังมีจังหวัดที่เป็นปัญหาอยู่นะคะยังไม่หายคือยังเป็นวิกฤตอยู่
8-8121-173.wav	แล้วก็ที่พัทลุงนะคะประกาศเขตเป็นพื้นที่ภัยพิบัติทั้งจังหวัดทุกอำเภอแล้วด้วย
102-102039-90.wav	ซึ่งนางเอลินจีไว้ก็เขียนเอาไว้ว่า
102-102039-98.wav	แต่นางเอลินจิไว้ก็มาเขียนเป็นการปฏิรูป
8-8121-178.wav	แล้วชาวบ้านก็เดือดร้อนอย่างหนักแต่ว่าที่จังหวัดสตูลนั้นมีคณะสงฆ์นำถุงยังชีพมาช่วยแจก
8-8121-238.wav	ทางจากทางทิศตะวันตกเฉียงใต้ของอำเภอเมืองจังหวัดภูเก็ตประมาณ384กิโลเมตรเองนะคะ
102-102039-232.wav	ข้อความต่างที่นายเล่าย่างเขียนออกมา
8-8121-268.wav	อย่างที่ตำบลรัษฎาอำเภอเมืองจังหวัดภูเก็ต
8-8121-304.wav	ขณะเดินทางไปทำธุระในย่านอัมพวาสมุทรสงครามนะฮะ
8-8124-2.wav	นายประเสริฐลิ้นจี่<MARK>ผู้อำนวยการกองสาธารณสุขและสิ่งแวดล้อม
102-102042-11.wav	ซึ่งนายวุฒิชัยม่วงมันผู้อำนวยการสวนสัตว์เชียงใหม่วันนี้มาในลุคของซันตาคลอสค่ะ
8-8125-14.wav	โดยนายฉัตรชัยพรหมเลิศ<MARK>ปลัดกระทรวงมหาดไทยพร้อมด้วยข้าราชการกระทรวงมหาดไทยแล้วก็ประชาชน
102-102044-20.wav	แต่ละคันนะครับก็จะมีนาสงกรานต์นั่งแจกรอยยิ้ม
102-102045-32.wav	สามารถที่จะเข้าได้ก็คือเส้นทางด้านหลังน้ำตกเป็นเส้นทางหมู่บ้านมันขาวอยู่ตำบลกกสะท้อนอำเภอด่านซ้ายจังหวัดเลยคือสองเส้นทางเข้าได้สองฝั่งใช่ค่ะมันมีระยะทางในการเดินเข้าไปชมจุดนี้ที่แตกต่างกันออกไปแต่ทั้งนี้ทั้งนั้นพอเข้าไปเจอปุ๊บผลลัพธ์เหมือนกันคือเจอกับดอกลิ้นมังกรแบบนี้อ๋อสีชมพูนี่นะคะใช่แล้วล่ะครับ
8-8132-20.wav	นายประเสริฐรอดดารา<MARK>หรือนายต้นอายุ49ปีนะคะ
8-8132-21.wav	ก่อเหตุฆ่านายจันทีสุวรรณพันธ์<MARK>อายุ50ปี
8-8132-91.wav	ด้านภรรยาของผู้ต้องหาค่ะนางธนพรบุญรอด<MARK>
8-8133-23.wav	ล่าสุดค่ะผู้สื่อข่าวไปพบกับนายชยทัศน์เนื่องสิทธา<MARK>อายุ39ปีผู้เสียหาย
8-8133-29.wav	แล้วนายชยทัศน์ผู้เสียหายผู้บาดเจ็บก็กระเด็นลงมา
8-8133-38.wav	ไปหาหมอนายชยทัศน์ไปเอกซเรย์
102-102046-115.wav	พระหมอซัดทอดเลยค่ะว่านายคมเป็นคนสั่งการทั้งหมด
102-102046-129.wav	นายวุฒิมาหรือว่าอดีตพระหมออดีตเจ้าอาวาสวัดป่าธรรมคีรี
8-8134-138.wav	ยังดูไม่ออกเพราะว่านางยังบวมอยู่นางทำมายังไม่ถึง10วันเลยมั้ง
102-102046-130.wav	แล้วก็นางสาวจุธาทิพย์น้องสาวอดีตพระคมไปฝากขังศาลอาญาคดีทุจริตและประพฤติมิชอบกลางแล้ว
8-8134-59.wav	คนที่รุมฟ้องนางสาวเซปิง<MARK>อยู่นะคะ
8-8135-188.wav	นายษิทราเบี้ยบังเกิด<MARK>หรือว่าทนายตั้มทนายของหมวดจรูน<MARK>ที่อยู่ต่างประเทศ
8-8135-220.wav	ทำไงคะเดินทางไปที่บ้านเลยนะคะ
8-8137-15.wav	โตกับภรรยาอาศัยอยู่ที่บ้านในพื้นที่อำเภอบ้านโพธิ์จังหวัดฉะเชิงเทรา
16-16457-10.wav	แล้วก็อำเภอบางซ้ายจังหวัดพระนครสุธิยานะครับ
16-16458-11.wav	นายสกลวรรณพงศ์นายกสมาคมกีฬายิงปืนแห่งประเทศไทยเยี่ยมชมการฝึกซ้อมของนักกีฬาที่คว้าโคต้าไปโอลิมปิกเกม2020ที่สนามยิงปืนการกีฬาแห่งประเทศไทยนะครับ
8-8140-27.wav	ขณะที่นายฉัตรชัยพรหมเลิศ<MARK>อธิบดีกรมป้องกันและบรรเทาสาธารณภัย
8-8140-37.wav	นายมีชัยฤชุพันธุ์<MARK>ประธานกรรมการร่างรัฐธรรมนูญ
102-102050-10.wav	วันนี้นายอัจฉริยะก็เลยพานางจิตานานเล่าลีเป็นป้าของน้องทั้งสองคนที่เสียชีวิตจากอุบัติเหตุที่เกิดขึ้น
102-102050-11.wav	เดินทางไปพบกับพลตำรวจตรีพานุเดชบุญเรืองซึ่งเป็นรองผู้บัญชาการตำรวจภูธรภาค5
102-102051-28.wav	ผู้บังคับบัญชาเดินทางมารับรองเอง
8-8144-16.wav	ชื่อว่านางสำลีสายสกล<MARK>อายุ65ปี
8-8144-17.wav	ส่วนนายนัทพบ(นัทพบ,ณัฐพบ)เหล่างาม<MARK>อายุ49ปี
8-8144-26.wav	นายนัทธพบซึ่งเป็นคนงานแล้วก็เป็นญาติกันด้วย
8-8145-3.wav	อยู่ที่จังหวัดบุรีรัมย์นะพอตาบอดสองข้างมองไม่เห็น
102-102052-20.wav	เผยแพร่คำสั่งกองบัญชาการตำรวจท่องเที่ยว
102-102052-23.wav	บัญชาการตำรวจท่องเที่ยวนะคะก็คือให้ขาดจากตำแหน่งเดิม
102-102052-25.wav	ก็มีการแต่งตั้งพลตำรวจตรีอังกูลคล้ายคลึงรองผู้บัญชาการตำรวจท่องเที่ยว
102-102052-33.wav	บอกว่าเป็นการเดินทางมาราชการมาตรวจสอบมาดูเรื่องของการวางมาตรการควบคุมการป้องกันโควิด-19
102-102054-107.wav	นางสาวสุพัตรานิ่มสงวนหรือนาว
102-102054-111.wav	นายประธานศาลนารายหรือนายต่อค่ะ
102-102055-8.wav	นี่เป็นภาพเหตุการณ์ตอนคุณตาเดินทางไปเจอร่างของหลานชายครับ
102-102057-8.wav	ผู้ต้องหาคือนายนิพนธ์ช้างแก้มหรือว่านายใหญ่ครับ
102-102057-10.wav	เป็นผู้ต้องหาไปฆ่านายสำราญเพชรประดับอายุ44ปี
16-16461-4.wav	โดยประสบกรณิกร100คนชุดแรกนะคะได้เดินทางเข้าไปภายในศาลาสหทัยสมาคมในพระบรมหาราชวังเป็นที่เรียบร้อยแล้วค่ะ
16-16461-7.wav	ด้วยจำนวนของประสบกรณิกรที่เดินทางมาเป็นจำนวนมากในวันนี้นะคะทำให้ขณะนี้แถวของประชาชนบริเวณถนนหน้าพระธาตุทอดยาวไปจนถึงถนนด้านในสนามหลวงแล้ว
16-16461-8.wav	ซึ่งประสบกรณิกรที่เดินทางมายืนยันว่าจะยึดแนวพระราชดำรัฐของพระองค์ในการดำเนินชีวิตค่ะ
16-16462-130.wav	ซึ่งเป็นเพื่อนของนายรัตนพลทำทีเป็นนกต่อ
16-16462-131.wav	ก็คงเป็นคนรู้จักกันอ่าประมาณว่าส่งเพื่อนไปพยายามโทรชวนให้นัดนายรัตนพลออกมาเที่ยวออกมาเดินเล่น
16-16462-132.wav	หลังจากนั้นพอนายรัตนพลมาก็ถูกวัยรุ่นลุมค่ะลุมทำร้ายจนปากแตกเลยเดี๋ยวไปฟังเสียงค่ะ
16-16462-161.wav	บนบางน้ำจืดอำเภอเมืองสมุทรสาครจังหวัดสมุทรสาครนะครับ
16-16462-32.wav	อนแขวนในอำเภอเสริงสางจังหวัดนครราชสีมาตามที่ญาติร้องขอแล้ว
16-16462-68.wav	โอ้โหเอาทีมกู้ภัยนะครับก็เดินทางกลับไปยังบ้านที่เกิดเหตุนั่นแหละ
102-102058-25.wav	โดยนายวิทยาผู้ดูแลสถานีสูบน้ำให้การว่าตอนนั้นตนเอง
102-102058-36.wav	แล้วก็ตัวนายยอดไปสอบปากคำพร้อมตรวจสอบกล้องวงจรปิด
102-102059-21.wav	และนางสาวอำภาวันอุรารื่น
102-102059-24.wav	เข้าพบนายอัธพรสิงหวิชัย
102-102059-28.wav	นางถวินนั้นได้ต่อว่านางสาวอำภาวัน
102-102059-31.wav	โดยนายอัธพรนั้นได้สอบถามเหตุการณ์
102-102059-36.wav	ก็คือครูที่มีความอาวุโสถึง58ปีนั่นก็คือนางทวินเนี่ย
102-102059-37.wav	ก็ไปต่อว่านางสาวอำภาวัน
102-102059-51.wav	เพราะฉะนั้นทางด้านนางสาวรัติมาก็เลยเชิญคุณครูทั้งสองคน
102-102067-215.wav	ส่วนตัวครับนางส่วนตัวถ้าเรารู้ว่ามันมีโอกาสเสี่ยงที่จะอ่อนไหว
102-102067-272.wav	ดึงให้คนรุ่นใหม่มาหันมาท่องเที่ยวเมืองไทยกัน
102-102068-32.wav	ผ่านทางผ่านทางเหมือนเดิมเป็นหน้าของนายวิโรธและมีสติ๊กเกอร์รูป2
102-102069-14.wav	มีของนายปอนหรือนายวรายุทธ์ครับและละอองดาวเมียรักของเขา
102-102069-15.wav	ที่มีข่าวว่ารวมหัวกันทำร้ายแม่แท้ของนายปอนคือแม่แดง
102-102069-20.wav	และพี่ชายของเธอนายสรุดาหรือนายเบนซ์รับสารภาพว่าเป็นคนลงมือก่อเหตุ
102-102069-24.wav	นายเอหรือนายสมภพเป็นพี่ชายของละอองดาวอีกคนนึง
102-102069-25.wav	นายเอบอกว่าตอนนี้สภาพจิตใจของปอนเขาสับสนมาก
102-102069-40.wav	พี่ชายของนายปอนจะมาพาตัวกลับไปเฉยเลย
102-102069-51.wav	ตามที่นายเอพี่ชายของละอองดาวเมื่อกี้ให้สัมภาษณ์ทางโทรศัพท์นะฮะ
102-102069-102.wav	เพราะตอนนี้ยังไม่รู้ว่านายปอนรู้เห็นเป็นใจด้วยหรือเปล่า
102-102070-27.wav	สามารถออกหมายจับนายปิยพลปลอดทอง
102-102070-29.wav	จากนั้นตำรวจจึงได้นำกำลังเข้าไปรวบตัวนายปียพล
102-102070-37.wav	เรื่องต้นนายปียพลยังให้การปฏิเสธ
102-102070-47.wav	ด้านนายชำนาญเอี่ยมฮิรันผู้ใหญ่บ้านหมู่5
102-102070-49.wav	เดินทางมาเยี่ยมที่ห้องขังสภ.หลังสวน
102-102070-50.wav	และยืนยันว่านายปียพลไม่เคยมีพฤติกรรมใช้ความรุนแรง
102-102072-4.wav	อืมแต่ว่ารองผู้อำนวยการคนนี้ค่ะชื่อว่านายวิเชียนนามวงอายุห้าสิบเจ็ดปีนะคะ
102-102072-22.wav	แล้วก็นำตัวนายวิเชียนส่งโรงพยาบาลส่งเสริมสุขภาพตำบลหนองนาคัม
102-102074-12.wav	คืนายบัวสอนพิมดาอายุ51ปีท่านนั่งอยู่ที่เบาะหน้าเอาออกไม่ได้ครับนะครับ
102-102078-7.wav	ตำบลนาอ้ออำเภอเมืองเลยค่ะครับนายเรวัตสัมปชัญสถิต
102-102078-9.wav	ก๋วยเตี๋ยวหมูตุ๋นเนื้อเปื่อยเจ้าแรกของจังหวัดเลยนะคะ
102-102079-25.wav	กู้ภัยตำบลบ้านต่อมจะเดินทางไปรับตัวผู้ป่วย
102-102079-47.wav	ก็คือนายพัทราวุฒิสงวนใจ
8-8145-58.wav	คนก็ไปหาที่บ้านไปให้กำลังใจคุณยุ้ยหรือนางสาวสุนิสามุ่งรวยกลาง<MARK>
8-8146-11.wav	คนก่อเหตุคือตัวสามีตัวดีเลยค่ะคือนายพรชัยศรีชัยมูล<MARK>อายุสี่สิบหก(สี่สิบหก,46)ปี
8-8146-34.wav	เขาบอกว่าตัวผู้ตายคือนางฤดี<MARK>เอามาปลูกไว้ที่หน้าบ้าน
8-8146-47.wav	ก่อนหน้านี้นางฤดี<MARK>คนตายยังเคยไปสาบานที่วัดป่าศรีคุณารามนะคะ
8-8148-18.wav	เคยเป็นกรรมสิทธิ์ของนายอภิรักษ์กฎฐิ(กฎฐิ,โกฎธิ)มาก่อน
8-8148-33.wav	แล้วก็พาดพิงว่าเป็นนอมินีให้กับทางด้านของนายอภิรักษ(อภิรักษ,อภิรักษ์)
8-8148-38.wav	ก็ไม่รู้เลยว่าทางด้านของนายอภิรักษ์<MARK>
8-8148-51.wav	ว่าเป็นผู้สมรู้ร่วมคิดกับนายอภิรักษ์<MARK>ในการยักย้ายถ่ายเททรัพย์สิน
8-8149-475.wav	โอเล่เนี่ยนะฮะเขาได้ทำนายดวงผ่านเมืองรายการผ่านรายการว่า
8-8149-697.wav	คือวันนี้เนี่ยคุณมดดำ<MARK>คะวัตถุประสงค์เนี่ยไม่น่าจะเป็นเรื่องของการเดินทางไปที่บ้านนายกรัฐมนตรีแล้วค่ะ
8-8150-16.wav	นี่ที่หน้าประตู4กระทรวงการคลังคือเอาตรงก็คือผู้ที่เดินทางมาเนี่ยเขาต้องการคำตอบว่าทำไมของเขาไม่ได้
8-8150-23.wav	ถูกต้องครับอย่างนายนัทธคมสุขสวัสดิ์ณอยุธยา<MARK>อายุห้าสิบแปด(ห้าสิบแปด,58)ปี
8-8152-20.wav	ประกอบกับแฟนสาวของนายนคริน<MARK>คนที่มาตบเธอป่วยเป็นมะเร็ง
8-8153-1.wav	กับผมกฤษฎาตันเทอดทิตย์<MARK>สมาชิกสภาพผู้แทนราษฎรจังหวัดหนองคาย
16-16469-4.wav	นี่เป็นนาทีช่วงชุลมุนภายหลังตำรวจจับกลุ่มตัวนายสมชัย
16-16472-11.wav	นายยุทธภูมิเปี่ยมซิบรินะฮะอยู่บ้านเล็กที่14
16-16474-24.wav	เป็นกองไม้เศษไม้นะคะได้คุยกับนางวารีเบนการีมนะคะ
16-16487-1.wav	มีผู้ชายมารับออกจากโรงเรียนในพื้นที่จังหวัดเชียงใหม่
16-16488-60.wav	โฟเฟอร์แท็กซี่นะครับก็คือนายทรงชัยนะฮะ
16-16488-8.wav	จังหวัดตรงนี้คือชนสุนัขที่นอนอยู่ไปแล้ว
16-16489-446.wav	อยู่ที่หมู่สี่ตำบลบ้านช้างจังหวัดชลบุรีก็พบกับเจ้าของ
16-16489-523.wav	ได้มีการเรียกนายบนตรีบุญปล้องนะฮะอายุ40ปีเป็นผู้ก่อเหตุ
8-8153-5.wav	และรัฐมนตรีว่าการกระทรวงแรงงานนายสุชาติชมกลิ่น<MARK>ครับ
8-8157-15.wav	ว่าภายในบ้านของนางสารพิน<MARK>จะเก็บกวาดเรียบร้อย
8-8159-14.wav	ผู้เสียชีวิตคือนายประพันธ์พินสายอ<MARK>อายุสามสิบสี่(สามสิบสี่,34)ปี
8-8159-19.wav	จากการสอบถามนะคะคนขับรถเมล์สาย8ที่ชื่อว่านายเอกชัยอินสา<MARK>
8-8159-212.wav	ส่วนศพของผู้เสียชีวิตนายประพันธ์<MARK>
8-8159-28.wav	ผู้ที่บาดเจ็บนายสิทธิชัยวรรณชาติ<MARK>เขาเล่าให้ฟังแบบนี้ค่ะ
8-8159-37.wav	รู้เลยว่าเป็นล้อของรถเมล์สาย8นะคะที่ทับศีรษะของนายประพันธ์<MARK>จนเสียชีวิตนะคะ
8-8159-39.wav	ภรรยาของผู้เสียชีวิตนางสาวอารีหมายครบุรี<MARK>กับเพื่อนก็ไปที่สน.โชคชัยนะคะ
8-8159-40.wav	ทำเรื่องเอกสารไปรับศพของนายประพันธ์<MARK>ที่สถาบันนิติเวชโรงพยาบาลตำรวจบรรยากาศโศกเศร้าค่ะ
8-8163-34.wav	ก็คือนายจตุรวิทย์หมวดสิง<MARK>เป็นคนไทยแล้วก็หญิงชาวพม่า1คนคือนางเมียวเมียวยี<MARK>
8-8163-44.wav	คือนายจีรชัยวงหาจักร<MARK>อายุสามสิบห้า(สามสิบห้า,35)ปี
8-8163-46.wav	นางสาวพรพิมลแวววง<MARK>อายุยี่สิบเอ็ด(ยี่สิบเอ็ด,21)ปี
8-8164-27.wav	คืออย่างนี้คือพานางสาวชอบไปตรวจร่างกายที่สภ.แวงใหญ่ไง
8-8164-37.wav	ไม่ยอมรับแจ้งความจนน้าสาวของนางสาวช่อเนี่ยนะฮะ
16-16489-573.wav	จากกรณีที่ศาลอาญาได้มีคำสั่งเพิกถอนการประกันตัวของนายอัครกิจวรโรธเจริญเดชหรือเบนท์เลสซิ่งนะครับ
16-16489-592.wav	จะได้รับการประกันตัวหรือเปล่าทางญาติของนายอัครกิจเนี่ย
8-8165-114.wav	เพราะว่าคุณครูสาวชาวจีนในจังหวัดอุบลราชธานีเขาประกาศหาคู่ชีวิต
8-8165-122.wav	ได้รับการยืนยันจากนายสับสิริ(สับสิริ,สรรพสิริ)ทรงสุขรุจิโรธ<MARK>
8-8165-126.wav	เพราะนางสาวหลียวน<MARK>ที่มหาวิทยาลัยจ้างมาสอนภาษาจีน3ปี
8-8165-136.wav	ตอนนี้นางสาวหลี่ในวัย29ปี
16-16489-748.wav	ล่าสุดวันนี้งวดนี้ออกงวดนี้นางไลฟ์เลยค่ะ
8-8165-16.wav	ประมาณนั้นแหละครับเรื่องนี้นะครับนายลมโชยกลิ่นเกษตร<MARK>กรรมการวัด
16-16489-822.wav	ก็คือตลาดนัดก็แผนอยู่ผมซื้ออันนี้คือนางก็พูดว่า
8-8165-93.wav	นายสมศักดิ์บายา<MARK>และเจ้าสาวก็คือนางสาววะนิดาอุ่นนวล<MARK>
8-8167-39.wav	โดยคนร้ายรายนี้คือนายธวัชชัยเรืองฤทธิ์<MARK>อายุสี่สิบเอ็ด(สี่สิบเอ็ด,41)ปี
8-8167-44.wav	นายธวัชชัย<MARK>ก็สารภาพบอกว่า
8-8167-47.wav	ส่วนที่เป็นประธานสภาเทศบาลเมืองคลองแหก็คือนายปรีชาการพันธ์<MARK>
8-8167-48.wav	แล้วก็นางสุดใจอินทมโน<MARK>ผู้หญิงอีกคน
8-8168-16.wav	นุ่นคือนางสาวรุ่งจิราเขตรักษา<MARK>นะคะ
8-8168-21.wav	โอ้โหจะขึ้นชกกับนางสาวชันชิรัน(ชันชิรัน,ชัญชนาณ)ตั้งสุทธิธรรม<MARK>
8-8168-29.wav	นี่เป็นการชกครั้งแรกที่จะพบกับนางสาวชันชิรัน(ชันชิรัน,ชัญชนาณ)นะคะ
8-8169-19.wav	ช่วงนั้นเจ้าหน้าที่แสดงตัวขอเข้าจับกุมนายสุธี<MARK>ค่ะ
8-8170-21.wav	คนซ้อนท้ายคือนายอนุวัฒน์<MARK>อายุสิบเก้า(สิบเก้า,19)ปี
8-8172-7.wav	ทางด้านของนายอภิศักดิ์ตันติวรวงศ์<MARK>รัฐมนตรีว่าการกระทรวงการคลัง
8-8174-58.wav	ขณะที่นางสาวสิริรัตนจ้อยเจือ<MARK>ย่าของนายโอ๊ต
8-8176-13.wav	หัวหน้าพรรคชาติไทยพัฒนาอย่างนางสาวกัญจนา<MARK>
8-8176-1.wav	หัวหน้าพรรคชาติไทยพัฒนาก็คือนางสาวกัญชนาศิลปะอาชา(กัญชนาศิลปะอาชา,กัญจนาศิลปอาชา)
8-8176-22.wav	นางสาวกัญจนา<MARK>เห็นว่าเป็นเรื่องที่ดี
8-8176-27.wav	อันนี้เป็นคำพูดของนางสาวกัญจนา<MARK>
8-8176-6.wav	แคทก็คือนางสาววันวิพาถาดทอง<MARK>นะครับ
8-8178-11.wav	โดยนายพรชัย<MARK>นะครับเพิ่งจะกลับจากธุระในตัวเมือง
8-8178-26.wav	เมื่อเห็นนายพรชัย<MARK>กลับเข้าบ้านนะครับก็เดินมาก่อเหตุ
8-8185-13.wav	คือนายจิมรายุทธ์(จิมรายุทธ์,จิรายุทธ์)สวนมิ(สวนมิ,สอนวิ)<MARK>หรือว่าแบงค์<MARK>อายุยี่สิบ(ยี่สิบ,20)ปี
8-8188-23.wav	ทางด้านภูมิในการ(ภูมิในการ,ผู้อำนวยการ)สำนักชลประทานที่9นายทินกรสุทิน<MARK>ออกมาพูดถึงเรื่องนี้บอกว่า
8-8189-29.wav	นายพงศิริสมรูป<MARK>อายุสี่สิบสี่(สี่สิบสี่,44)ปีที่มีศักดิ์เป็นตาของน้องแล้วนะคะ
8-8189-6.wav	นี่แหละค่ะนายอัจฉริยะเรืองรัตนพงศ์<MARK>นะคะ
8-8197-187.wav	ใช่ครับนางสาวหญิงธิรา<MARK>อะไรสักอย่างหนึ่ง
8-8197-195.wav	ออกจากบัญชีนางอะไรอิงทิรา(อิงทิรา,หญิงธิรา)ก็ตามแต่เข้าไปนางขอ
8-8201-39.wav	มีแต่ตัวเพื่อนของนายโจก็คือนายนบพล<MARK>คนที่ให้ข้อมูลกับเรานี่แหละ
8-8201-31.wav	นายนบพล<MARK>อยู่ในเหตุการณ์ด้วยเขาเล่าให้ฟังนะ
8-8201-30.wav	นายนบพลบุตรหา<MARK>เป็นเพื่อนของนายโจผู้ตาย
8-8201-45.wav	ปรากฏว่านายนบพล<MARK>นายโจแล้วก็เพื่อนทั้งหมด3คนเนี่ยนะ
8-8201-65.wav	ก็คือนายนบพล<MARK>สอบปากคำไปนายนบพลก็ให้ข้อมูลตรงนี้
8-8201-70.wav	คือนายนบพล<MARK>แล้วใช่ไหมก็ต้องไปสอบถามตำรวจเพราะว่าตำรวจก็มีข้อมูลด้วยค่ะ
8-8201-72.wav	คือนายมนตรีสมสูง<MARK>อายุยี่สิบเก้า(ยี่สิบเก้า,29)ปีแล้วทั้งสองฝ่ายเนี่ยมีเรื่องทะเลาะวิวาทกันมาก่อนแล้วรอบนึง
8-8202-13.wav	ซึ่งราษฎรทั้ง4คนก็คือนายบุญศรีคุ้ม<MARK>นางศรีประภัยอุปเนธ(อุปเนธ,อุปเนตร)<MARK>
8-8202-4.wav	นายอนุสรณ์แก้วกังวาล<MARK>ผู้ว่าราชการจังหวัดร้อยเอ็ดก็ร่วมกับพลตรีสถาพรใบพลูทอง<MARK>
8-8210-17.wav	นำเครื่องจักรรถแบ็คโฮเข้าขอขุดค้นหาซากช้างภายในหมู่บ้านช้างของนายประกอบชำนาญกิจ<MARK>นะครับ
8-8210-39.wav	นายประกอบชำนาญกิจ<MARK>ขออภัยครับสำหรับหมู่บ้านช้างแห่งนี้นะครับ
8-8209-12.wav	ไปพบกับนางสาวปียนุษย์สุดเสนา<MARK>อายุสามศิบหก(สามศิบหก,36)ปีเป็นเจ้าของบ้านหลังนี้ล่ะค่ะ
8-8205-20.wav	ก็คือพลเมืองดีไปช่วยค้นหาร่างของนายดาวิท(ดาวิท,เดวิด)<MARK>
8-8210-40.wav	นายประกอบชำนาญกิจ<MARK>เจ้าของหัวหินซูได้ขอเช่าพื้นที่จากวัดเขาอิติสุคโตครับ
8-8210-47.wav	เอนะครับว่าให้ตรงตามรูปภัณฑ์ของช้างของนายประกอบ<MARK>
8-8213-49.wav	นำตัวนายปราโมทย์<MARK>ส่งโรงพยาบาลเคียนซาอีกครั้ง
8-8213-46.wav	ปรากฏว่านายปราโมทย์<MARK>ร้องว่าเจ็บ
8-8213-45.wav	ระหว่างนำนายปราโมทย์<MARK>ลงมาจากรถกู้ภัย
8-8214-15.wav	คือนายนพพรวุฒิกุล<MARK>มาร่วมแจกข้าวสารด้วย
8-8213-41.wav	เพราะว่านายปราโมทย์<MARK>นั้นไม่รู้สึกตัวแล้ว
8-8213-31.wav	ก็เล่าให้ฟังบอกว่านายปราโมทย์<MARK>สามี
8-8213-29.wav	ทีนี้ก็ต้องไปถามภรรยาของนายปราโมทย์<MARK>
8-8213-25.wav	แต่ทีนี้ครับพอนำร่างของนายปราโมทย์<MARK>
8-8213-20.wav	ก็เลยเตรียมจัดพิธีบำเพ็ญกุศลศพนายปราโมทย์<MARK>
8-8213-19.wav	เพราะเชื่อว่านายปราโมทย์<MARK>นั้นเสียชีวิตแล้ว
8-8213-13.wav	คือนายปราโมทย์เสือทอง<MARK>อายุห้าสิบห้า(ห้าสิบห้า,55)ปี
8-8217-15.wav	นายพวงจุติประโคน<MARK>อายุห้าสิบ(ห้าสิบ,50)ปีเป็นผู้ครอบครองรถเล่าบอกว่า
8-8220-5.wav	ก็คือนางสาวสุภานี(สุภานี,สุภาณี)หรือเบนซ์แฟนสาวของบอลนะคะสำลักควันในห้องน้ำจนเสียชีวิต
8-8221-1.wav	เรื่องการดำเนินคดีกับนายตู้ห่าว<MARK>กับเครือข่ายทุนจีนสีเทากันหน่อย
8-8221-29.wav	คนที่จับมาคือนายธนบดี<MARK>เป็นรองรปภ.ไม่ใช่ผู้ดูแลสถานบริการ
8-8223-38.wav	เมื่อเช้านักข่าวของเราก็ไปเจอนายชัยนรง(ชัยนรง,ชัยณรงค์)เพชรผุดผ่อง<MARK>
8-8226-51.wav	ซึ่งนายราเมฆ(ราเมฆ,ราเมศ)เดชมณี<MARK>ประธานกลุ่มคาวบอยศรีวิชัยบอกว่าเด็กที่ได้รับการเข้าร่วมกิจกรรมทุกคนล้วนแต่กล้าแสดงออกนะ
8-8238-32.wav	แต่ตอนเจอตัวเนี่ยนายนิวัฒน์<MARK>มีเลือดออกตามตัวเต็มไปหมดเลยนะคะ
8-8238-31.wav	สุดท้ายเจอตัวเจอตัวนายนิวัฒน์<MARK>ค่ะ
8-8238-33.wav	คาดว่านายนิวัฒน์<MARK>เอามีดที่ใช้ก่อเหตุนี่แหละแทงตัวเอง
8-8238-8.wav	ตำรวจสภ.เมืองมุกดาหารเข้าไปพบศพนะคะตั้งแต่เมื่อวานศพของนางสาวทัศวงชัยยายง(ทัศวงชัยยายง,ทัศน์วงค์ไชยยงค์)<MARK>อายุยี่สิบห้า(ยี่สิบห้า,25)ปี
8-8239-10.wav	นางคำฟอง<MARK>บอกว่ารู้นะมีบางคนเนี่ยนะกำลังปกปิดบางอย่างอยู่กับเรื่องของน้องชมพู่
8-8239-13.wav	นางคำฟอง<MARK>บอกว่าคุณจะสร้างบุญสร้างกุศลหรืออยากจะสร้างเวรกันล่ะ
8-8238-20.wav	ตามบ้านญาติแล้วก็ให้ญาติของนายนิวัฒน์<MARK>ช่วยหากันด้วย
8-8238-23.wav	กระบะคันนี้เนี่ยเป็นรถที่นายนิวัฒน์<MARK>ใช้เป็นพาหนะในการหลบหนีนะคะ
8-8238-12.wav	ผู้ตายบอกว่าคนก่อเหตุก็คือสามีนี่แหละสามีของผู้ตายนี่แหละชื่อว่านายนิวัฒน์คนเพียร<MARK>อายุยี่สิบแปด(ยี่สิบแปด,28)ปี
8-8241-36.wav	ชื่อบัญชีก็นางสาวกานดา(การดา,กานดา)<MARK>เพื่อเด็กชายอนุชิตนะเบอร์โทรศัพท์ขึ้นให้หน้าจอแล้วใครอยากโทรไปช่วยเหลือต่างเอาข้าวของไปให้เอาอะไรไปให้ก็แล้วแต่ก็เบอร์โทรทั้งหมดทั้งมวลอยู่บนหน้าจอแคปไว้ถ่ายไว้ก็ได้แล้วก็ลองช่วยกันใครที่พอมีกำลังก็ช่วยเหลือหน่อยแล้วกันนะครับอ่ะสู้แล้วกันนะฮะคุณแม่กันดาครับ
8-8244-9.wav	อกจากนี้พบตัวคนขับครับชื่อนายประพัทชัย(ประพัทชัย,ประภัสร์ชัย)<MARK>อายุสามสิบเจ็ด(สามสิบเจ็ด,37)ปี
8-8244-23.wav	คนขับคือนายวรรณฑร(วรรณฑร,วรัญญู)<MARK>อายุสามสิบสาม(สามสิบสาม,33)ครับ
8-8246-40.wav	คือนายเปโปอาว<MARK>เป็นชาวเมียนมาอายุสามสิบสอง(สามสิบสอง,32)
8-8246-41.wav	แล้วก็นายซอฮาโทน<MARK>เป็นชาวเมียมาเช่นเดียวกัน
8-8246-44.wav	คือนายวรเดชพักดีจารุพัฒน์<MARK>กับนายซานจอตูน<MARK>
8-8248-20.wav	สภาพด้านหน้าอย่างที่เห็นเลยคุณพังยับเยินมีนายชาญวิทย์ละน้อย<MARK>อายุสี่สิบสอง(สี่สิบสอง,42)ปีคนขับติดอยู่ในรถ
8-8248-16.wav	ในรถพบนายหม่องทุนเอ<MARK>อายุยี่สิบ(ยี่สิบ,20)ปีเป็นคนขับได้รับบาดเจ็บเลือดอาบใบหน้า
8-8251-33.wav	ขณะที่นางแสงเดือน<MARK>ซึ่งเป็นภรรยาของนายสมนึก<MARK>
8-8251-28.wav	บอกว่านายสมนึก<MARK>มีประวัติเสพยาเสพติด
8-8251-25.wav	ทราบชื่อว่านายสมนึกจันดี<MARK>อายุห้าสิบเจ็ด(ห้าสิบเจ็ด,57)ปี
8-8250-47.wav	อำเภอหนองแสงจังหวัดอุดรธานีซึ่งเป็นวัดที่พระสมพงศ์<MARK>เป็นพระอยู่ที่วัดแห่งนี้
8-8250-192.wav	คุณผู้ชมคะทีมข่าวของเราเดินทางไปสอบถามพระอาจารย์อนันต์จักกวโร<MARK>
8-8254-28.wav	นายน่ง(น่ง,หน่ง)<MARK>ในหน้าก็เอาโฉนดที่ดินไปด้วยนะ
8-8256-32.wav	ส่วนผู้เสียชีวิตโชเฟอร์แท็กซี่ชื่อว่านายสราวุฒิ<MARK>
8-8256-54.wav	ก็จะเห็นว่าระหว่างที่ผู้ก่อเหตุยืนคุยกับนายสราวุฒิ<MARK>อยู่นั้น
8-8256-40.wav	นายสราวุฒิ<MARK>เสียชีวิต
8-8256-57.wav	แล้วนายสราวุฒิ<MARK>ผู้ตายเห็นก่อนไงก็เลยชกเข้าไปก่อนเลยนะครับ
8-8256-58.wav	แล้วก็นู่นฮะล้มกันไปอยู่ที่หน้ารถแท็กซี่ของนายสราวุฒิ<MARK>นะครับ
8-8258-9.wav	พร้อมด้วยนายสิริชัยอุ่นวิเศษ<MARK>เป็นชาวจังหวัดชลบุรี
8-8266-51.wav	ก็คุมตัวไปทำแผน2จุดด้วยกันนะคะก็คือจุดแรกคือในรถที่นายชานนท์<MARK>นั่งอยู่
8-8266-84.wav	พรุ่งนี้พนักงานสอบสวนจะคุมตัวนายชานนท์<MARK>ไปฝากขังที่ศาลจังหวัดกาฬสินธุ์ค่ะ
8-8266-37.wav	มาด้วยกันเห็นไหมคะนายกง<MARK>มาเดินมานี่นายนิยม<MARK>เสื้อสีดำก็เดินกอดคอเข้ามาคือเป็นเพื่อนกันอ่ะ
8-8266-35.wav	นายนิยม<MARK>ที่บอกว่าเป็นเพื่อนคนตายด้วยค่ะเขาเดินกอดคอนายโกงมา
8-8263-25.wav	นุชาเจริญมูล<MARK>ข่าวไทยรัฐทีวีรายงานจากอำเภอถลางจังหวัดภูเก็ต
8-8266-20.wav	คนนั้นคือเพื่อนคนตายด้วยนะคะชื่อว่านายนิยมอาคาราช<MARK>
8-8266-21.wav	นายนิยม<MARK>คนนี้เนี่ยที่ขึ้นรถไปด้วยกันก็พยายามเกลี้ยกล่อมเพื่อนที่ก่อเหตุ
8-8266-26.wav	แล้วก็ไปเจอกับนายกง<MARK>คนตายที่กำลังเมา
8-8269-26.wav	ไปดูชื่อกันหน่อยผู้บาดเจ็บเจ้าของบ้านหลังนี้คือนนายเอกชัย<MARK>ค่ะ
8-8272-54.wav	ทีนี้คุณผู้ชมนางสาวปลายมา<MARK>น้องสะใภ้ผู้บาดเจ็บ
8-8272-38.wav	ผู้บาดเจ็บก็คือนางสาวสะสินิพา(สะสินิพา,ศศิวิภา)<MARK>อายุสามสิบหก(สามสิบหก,36)ปี
8-8276-21.wav	แต่จากคลิปเริ่มต้นนี้นะคะนายทวี<MARK>ก็ให้สัมภาษณ์แล้วก็มาออกรายการถามตรง
8-8276-22.wav	นายทวี<MARK>ก็บอกว่าหนึ่งไม่ได้หนีตั้งใจจะไปกลับรถเพื่อจะมาช่วยแต่กลับรถไกลหน่อย
8-8276-43.wav	ก็ตามนี้แหละค่ะเห็นภาพตั้งแต่ชนนายทวี<MARK>ก็บอกว่ามองแล้วมองซ้ายมองขวาแล้วไม่เห็นมีอะไร
8-8276-4.wav	ตั้งแต่ชนเลยชนเสร็จแล้วรถของนายทวี<MARK>ทำยังไงต่อ
8-8276-52.wav	หาข้อสรุปเกี่ยวกับกรณีที่นายทวี<MARK>พาดพิงเกี่ยวกับอุปกรณ์สกปรก
8-8276-57.wav	ทำเพื่อตอบแทนคุณแผ่นดินถามว่าจะฟ้องร้องนายทวี<MARK>ไหม
8-8276-63.wav	โดยเฉพาะนายวิไลวงศ์ประเสริฐ<MARK>ผู้จัดการสว่างราชบุรี
8-8276-64.wav	มีการมอบกระเช้าทำความดีให้กับนายยงยุทธ์ริ้วงาม<MARK>
8-8276-65.wav	เจ้าของรถสีแดงที่ไปช่วยคนเจ็บกรณีนายทวี<MARK>ค่ะ
8-8276-67.wav	นี่ค่ะก็ให้กำลังใจกันส่วนที่นายทวี<MARK>พาดพิงว่าแฝงด้วยผลประโยชน์หรือเปล่า
8-8276-6.wav	คือตั้งแต่เหตุการณ์นี้ก็คือรถเบนท์ของนายทวีไกรคุปต์(ไกรครุบ,ไกรคุปต์)<MARK>
8-8276-70.wav	รถเป็นรถของนายทวี<MARK>ที่เกิดเหตุเขาใช้รถสไลด์ของเขาไปยก
8-8276-85.wav	ทีมข่าวก็เลยไปคุยกับนายเดชทน<MARK>
8-8277-34.wav	โดยนายสมคิดจาตุศรีพิทักษ์<MARK>รองนายกรัฐมนตรีด้านเศรษฐกิจนะครับ
8-8282-4.wav	มือที่ถืออยู่ก็คือรูปของลูกสาวนางสาวธัญลักษณ์<MARK>หรือว่าน้องแอร์นะคะ
8-8283-10.wav	ตรวจสอบแล้วพบว่าผู้ตายชื่อนางสาวบัวทองปินพัง(ปินพัง,ปิ่นพงษ์)<MARK>
8-8283-46.wav	ผู้กำกับการสภ.เมืองพัทยาบอกว่านายสง่า<MARK>เนี่ย
8-8283-52.wav	นายสง่า<MARK>สารภาพว่าเป็นผู้ก่อเหตุจริง
8-8285-96.wav	ก็คือนายทักษิณสุขเอียด<MARK>อายุยี่สิบสอง(ยี่สิบสอง,22)ปี
8-8285-97.wav	และนายพรเทพพุ่มพวง<MARK>อายุยี่สิบสาม(ยี่สิบสาม,23)ปี
8-8292-43.wav	เดินหน้ายื่นร้องนายชาญวิทย์<MARK>ต่อกกต.
8-8292-42.wav	นายปลอดประสพสุรัสวดี<MARK>รองหัวหน้าพรรค
8-8292-61.wav	ขณะที่นางสาวสฤณีอาชวานันทกุล<MARK>
8-8292-9.wav	นายธนาธรจึงรุ่งเรืองกิจ<MARK>หัวหน้าพรรคอนาคตใหม่
8-8293-33.wav	ขณะที่นายสินชัยตระกูลทิพย์<MARK>ประธานชมรมผู้ปลูกมะม่วง
8-8294-0.wav	อยู่ดีเพลงนี้ของพี่ตินา<MARK>ก็ขึ้นมาเมื่อเพื่อนของนางตั้งกลุ่มรับเมาส์มอย
8-8292-37.wav	รวมไปถึงนางสาววัฒนยาวงโอภาษี(วัฒนยาวงโอภาษี,วทันยาวงโอภาสี)<MARK>
8-8292-34.wav	นายชาญวิทย์วิภูศิริ<MARK>กรรมการบริหารพรรค
8-8289-16.wav	ทีนี้จากการสอบถามกับสามีของผู้เสียชีวิตคือนายวิทยา<MARK>
8-8288-15.wav	ได้ลาออกนะครับโดยหลังจากที่นายเปรมชัย<MARK>ถูกแจ้งข้อหา
8-8288-12.wav	รวมทั้งนายเปรมชัย<MARK>ทันทีว่าจะแสดงความรับผิดชอบต่อสังคม
8-8295-11.wav	โดยมีพลตำรวจเอกสมยศพุ่มพันธุ์ม่วง<MARK>นายกสมาคมกีฬาฟุตบอลแห่งประเทศไทยเดินทางมาให้โอวาท
16-16497-19.wav	เจ้าของร้านก็คือนายอดุลกันเอ้ย
8-8313-0.wav	ทีนี้ติดตามกันต่อเลยเรื่องของนายสมคิดพุ่มพวง<MARK>นะคะ
8-8313-100.wav	นายสมคิดพุ่มพวง<MARK>ไปขอเงินค่าเดินทางกลับภูมิลำเนา5
8-8307-37.wav	ผู้ก่อเหตุชื่อว่านายอัครวัฒน์มณีบัวรัฐ(มณีบัวรัฐ,มณีบัวรัตน์)<MARK>อายุสามสิบเจ็ด(สามสิบเจ็ด,37)ปี
8-8307-8.wav	ผู้เสียชีวิตที่นอนอยู่ตรงนี้เนี่ยนะคะนี่คือศพของนายสันเพชรทองช่วย<MARK>อายุสามสิบเอ็ด(สามสิบเอ็ด,31)ปี
8-8308-62.wav	คุณผู้ชมค่ะคุณนุ๊ก<MARK>เนี่ยเขาจะจัดวันเกิดขึ้นที่หอประชุมจังหวัดขอนแก่น
8-8312-40.wav	พนมคัมมี่(พนมคัมมี่,พนมคำมี)<MARK>ปัจจุบันเป็นนายพุทธสิริมงคล(สิริมงคล,ศิริมงคล)<MARK>
8-8312-41.wav	นายพุทธศิริมงคล<MARK>นามสกุลมหาวิมุติธรรม<MARK>
8-8313-105.wav	กลับภูมิลำเนาให้กับนายสมคิดพุ่มพวง<MARK>
8-8313-132.wav	และไม่เคยทราบมาก่อนเลยนะคะว่านายสมคิด<MARK>เดินทางไปตระเวน
8-8313-16.wav	เป็นภาพตอนที่นายสมคิด<MARK>ถูกคุมตัวอยู่ที่สภ.กระนวน
8-8313-17.wav	ชาวบ้านเขามารอดูหน้านายสมคิด<MARK>กันตั้งแต่เช้า
8-8313-19.wav	พอรู้ว่านายสมคิด<MARK>ขอไม่ให้ไปทำแผนที่บ้านที่จุดเกิดเหตุเท่านั้นแหละ
8-8313-26.wav	นำตัวนายสมคิดพุ่มพวง<MARK>ไปชี้จุดที่
8-8313-3.wav	เพื่อที่จะคุมตัวนายสมคิด<MARK>ไปชี้จุดเกิดเหตุต่างต่อเนื่องเลยนะคะ
8-8313-48.wav	คุณผู้ชมค่ะแต่ว่าที่สุดแล้วกำลังตำรวจก็สามารถนำตัวนายสมคิด<MARK>
8-8313-50.wav	ซึ่งเป็นจุดที่นายสมคิด<MARK>ได้เดินเท้าหลบหนีภายหลังจากที่ฆ่าผู้ตาย
8-8313-51.wav	ก็คือนางรัศมี<MARK>หรือไฟล์แล้วก็ขึ้นรถโดยสารหลบหนีไปที่โรงพยาบาล
8-8313-53.wav	ตำรวจก็นำตัวนายสมคิด<MARK>ไปถึงบริเวณโรงพยาบาลขอนแก่น
8-8313-69.wav	ซึ่งจุดนี้เป็นจุดที่นายสมคิด<MARK>มาแวะพักรถจักรยานยนต์
8-8313-71.wav	แล้วก็นำตัวนายสมคิด<MARK>ลงจากรถตู้มาชี้จุด
8-8313-73.wav	จากนั้นนำตัวนายสมคิด<MARK>ไปชี้จุดร้านสะดวกซื้อที่ด้านหน้าโรงพยาบาลมหาสารคาม
8-8313-77.wav	ซึ่งเป็นบ้านของนางรัศมี<MARK>ผู้ตายที่อำเภอกระนวนจังหวัดขอนแก่น
8-8313-80.wav	แต่ก็มีข่าวออกมาว่านายสมคิด<MARK>ปฏิเสธ
8-8313-85.wav	จริงแล้วอยากจะมาดูหน้าของนายสมคิด<MARK>ฆาตกรต่อเนื่อง
8-8313-92.wav	คือก่อนหน้านี้หลังจากที่นายสมคิด<MARK>ออกมาจากเรือนจำแล้ว
8-8314-3.wav	เป็นชาวตำบลหนองเต็งอำเภอกระสังจังหวัดบุรีรัมย์ชื่อว่านายพิชิตจชนรำ(จชนรำ,จันทร์ชะรำ)<MARK>
8-8316-17.wav	คือคนที่บาดเจ็บเนี่ยคือนายอานนท์มณีวง(มณีวง,มณีวงศ์)<MARK>อายุยี่สิบสี่(ยี่สิบสี่,24)ปี
8-8322-1.wav	ในจังหวัดตรังเป็นภาคิน<MARK>ชื่อดังในพื้นที่
8-8322-14.wav	ช่วยตามหาหน่อยนายภาคินสอนาราย(สอนาราย,ศรนารายณ์)หายตัวไปออกจากบ้านตั้งแต่วันที่28ธันวาคม
8-8322-12.wav	ในอำเภอเมืองตรังหลังพบศพมีการนำร่างนายภาคิน<MARK>ส่งไปผ่าพิสูจน์ที่โรงพยาบาลสงขลานครินทร์
8-8322-0.wav	คดีการเสียชีวิตของนายภาคินศรนารายณ์(ศรนารายณ์,ศรนารายณ์)<MARK>หรือว่าเจ้าของภาคินเวดดิ้ง
8-8318-16.wav	ทราบว่าเป็นของนายปรีชา<MARK>เป็นนามสมมุตินะคะ
8-8317-77.wav	ทางครอบครัวจะเดินทางไปรับร่างคุณแตงโม<MARK>
8-8323-13.wav	นายวัลลภอุมะเสถียร<MARK>อายุ67ปีเป็นอดีตผู้จัดการธนาคารนครหลวงไทย
8-8325-22.wav	อุบัติเหตุที่เกิดขึ้นทำให้นางสุกัญญาจำจรัส(จำจรัส,จำจรัส)<MARK>อายุเจ็ดสิบเจ็ด(เจ็ดสิบเจ็ด,77)ปี
8-8326-1.wav	ไว้หากไม้(ไม้,ไมค์ พิรัชต์)ต้องการขอสิทธิ์ในการปกครองลูกร่วมกันบอกไว้แบบนี้คุณผู้ชมข้อแรกเลยค่ะขอให้ไมค์จ่ายค่าเล่าเรียนที่โรงเรียนนานาชาติจังหวัดภูเก็ตที่ซาร่า<MARK>เคยจ่ายไปแล้วคืนให้หน่อยและจ่ายเงินค่าเล่าเรียนในอนาคตต่อไปของลูกจนกว่าลูกจะจบปริญญาเอกค่ะข้อแรกผ่านไปมาดูข้อที่สองกันบ้างข้อสองค่ะจ่ายค่าคนขับรถและพี่
8-8331-29.wav	คือนายประพฤติ(ประพฤติ,ประพฤทธิ์)สินทักทรัพย์<MARK>อายุสี่สิบ(สี่สิบ,40)ปีค่ะ
8-8331-31.wav	ส่วนภรรยาของคนเจ็บเนี่ยคือนางสาววาสนาตาคม<MARK>นะคะ
8-8331-64.wav	คือนายประพล(ประพล,ประพฤทธิ์)สินทักทรัพย์<MARK>อายุสี่สิบเก้า(สี่สิบเก้า,49)ปี
8-8333-44.wav	คือนางทัพทิม(ทัพทิม,ทับทิม)<MARK>ที่กำลังเมาสุราอย่างหนัก
8-8333-41.wav	ว่านายหาร<MARK>พยายามจะลุกเดินด้วยไม้เท้า3ขา
8-8334-10.wav	พอเจอรถยนต์คันนี้ก็แสดงตัวนายธิรพงศ์(ธิรพงศ์,ธีรพงศ์)<MARK>ยิงปืนขู่เจ้าหน้าที่ด้วยนะ
8-8334-3.wav	จากแม่และภรรยาของนายธิรพงศ์(ธิรพงศ์,ธีรพงศ์)<MARK>หรือในหลำอายุ33
8-8334-47.wav	คือบอกว่าวันนี้ช่วงประมาณสัก10โมงเช้านายธิรพงศ์(ธิรพงศ์,ธีรพงศ์)<MARK>มาขอรับลูกที่โรงเรียน
8-8334-50.wav	ผอ.โรงเรียนบอกว่าลักษณะท่าทีของนายธิรพงศ์(ธิรพงศ์,ธีรพงศ์)<MARK>ตอนแรกดูคุยปกติ
8-8331-98.wav	ตำรวจคัดค้านการประกันตัวแล้วเดี๋ยวจะส่งตัวนายประจวบ<MARK>
8-8331-77.wav	นี่ค่ะนายประจวบ<MARK>บอกกับตำรวจแบบนี้
8-8333-18.wav	แล้วก็มีนางทัพทิม(ทัพทิม,ทับทิม)พร้อมทอง<MARK>อายุหกสิบหก(หกสิบหก,66)ปีเป็นอดีตภรรยาของคุณตา
8-8333-20.wav	จากการสอบสวนลูกสาวของคุณตานะครับชื่อว่านางสาวยุพิน<MARK>อายุสี่สิบหก(สี่สิบหก,46)ปี
8-8332-27.wav	นายสมพรใช้บางยาง<MARK>นายกสมาคมก็ยืนยันว่าเพียวกับบุ๋มบิ๋ม
16-16499-106.wav	เพราะว่าก่อนหน้านี้ก็เคยเดินทางไป
8-8170-19.wav	คนซ้อนคือนายมิกมาจอดติดไฟแดงคุณผู้ชมจำไว้ก่อนนะ
8-8170-23.wav	จังหวะนั้นเองนะคุณผู้ชมรถคันที่2เนี่ยที่มีนายไทยใน
8-8170-24.wav	กับนายอนุวัฒน์ก็ลงไปพยายามที่จะชกต่อยนายมิก
8-8170-29.wav	เอาล่ะนายอนุวัฒน์เห็นแบบนั้นแหมผมไม่น่าวิ่งหนีวิ่งไปทันเนี่ยนะ
8-8170-30.wav	ก็เลยเอาระเบิดหยิบขึ้นมาแล้วปาระเบิดไปที่นายเอื้องกับนายมิก
8-8170-31.wav	พอเป็นแบบนั้นคุณผู้ชมนายเอื้องกับนายมิ๊กคือสู้ไม่ได้ไง
8-8170-32.wav	ระเบิดไงนายเอื้องก็เลยควักปืนขึ้นมาค่ะ
8-8170-33.wav	ควักปืนยิงตอบโต้ไปที่นายไทยกับนายอนุวัฒน์ปรากฏว่าจังหวะนั้นแหละค่ะ
8-8170-37.wav	หลังเกิดเหตุนายท้ายก็เดินทางเข้าให้ปากคำกับตำรวจนะคะ
8-8170-40.wav	นายไทยเล่าให้ฟังแบบนี้บอกว่าก่อนเกิดเหตุ
8-8170-46.wav	คำให้การของนายไทยแล้วก็ภาพจากกล้องหน้ารถ
8-8174-16.wav	นายนัทชัยก่อเหตุเผาได้รับความเสียหาย
8-8174-41.wav	สภาพบ้านที่นายนนทชัยก่อเหตุเผา
8-8174-47.wav	หลังจากที่นายนนทชัยหรือโอ๊ตนะครับ
16-16501-9.wav	พากันแห่ศพของนางสมบูรณ์อินสันอายุ61ปี
8-8177-103.wav	เพราะฉะนั้นมันมีความผูกพันสำคัญหมดไม่ว่าจะการท่องเที่ยวการเดินทาง
8-8194-9.wav	นายวิเชน(วิเชน,วิเชียร)โพชนุกูล(โพชนุกูล,พงศธร)เลขาธิการมูลนิธิไทยรัฐกล่าวว่า
8-8197-193.wav	นายกอไปในขอหรือไปถึงงองูก็ตามแต่
8-8197-223.wav	คือวันพอเอาละวันนั้นไปที่สภ.วังสะพุงจังหวัดเลยตำรวจช่วยประสานงานกับทางแบงก์อะไรให้
8-8201-50.wav	ไปประมาณ3นาทีมีกระบะขาวมาประกบข้างฟอร์จูเนอร์ของนายโจ
8-8201-67.wav	แล้วก็ตำรวจก็เลยไปขอดูกล้องวงจรปิดทั้งหมดรวมถึงกล้องหน้ารถของนายโจด้วย
16-16509-89.wav	อันนี้เป็นห่วงมากเลยเด็ก8ขวบที่ไปโดนลูกหลงนายสมจิตมุสิกวงอายุ61ปีเจ้าของรถกระบะที่ถูกลุกหลง
16-16513-10.wav	นายบุญยฤทธนิปวนิษฐ์ประธานสหพันธ์ประหลัดอำเภอแห่งประเทศไทย
16-16513-11.wav	ก็เดินทางไปยื่นหนังสือต่อพลตำรวจโทษสะอาดสุนทร
16-16513-45.wav	จากนี้นายบุญยฤทธิก็บอกด้วยนะคะว่า
16-16515-23.wav	ใช่ครับเดินทางเข้าพบคนตำรวจเอกวิราชัย
16-16519-2.wav	ใช่ว่าผมไปทำอะไรให้คุณไอ้เราก็อุตส่าห์ให้นายมาเล่นสนุกด้วยกับเรา
16-16519-4.wav	สุดท้ายนายเอาไม้สนุกมาตีหน้าเรา
16-16520-0.wav	ส่วนที่จังหวัดชลบุรีในวันนี้เกิดเหตุฟ้าผ่าลงมากลางสู่ศาล
16-16524-15.wav	ปลอยตีชดาดวงของนางจะมีโอกาสเจริญลอยตามอย่างนั้นไหมคะ
16-16527-39.wav	แล้วยิงใส่หัวนายพันธชัยจนเขาบาดเจ็บสาหัส
8-8212-11.wav	อยู่ในซากรถตอนหน้าพบศพของนายสุบันชมพูนิมิตร<MARK>
16-16530-3.wav	เห็นคู่นี้เขาเดินทางไปไหนมาไหนด้วยกันบ่อย
8-8226-2.wav	จิตอาสาแหมน่าชื่นชมจริงที่จังหวัดสุราษฎร์ธานี
8-8229-836.wav	แล้วก็มีเพลงเราและนายจากวันนี้จะมีเราเราและนายอย่างนี้ค่ะ
8-8232-31.wav	ส่วนทางด้านสำนักงานสภาเกษตรกรจังหวัดลำปางบอกว่า
8-8232-32.wav	ปีนี้เนี่ยผลผลิตมันมีกว่าสองร้อยตันนะคะครับทางสภาเกษตรกรจังหวัดลำปาง
8-8239-6.wav	เมื่อวานเนี้ยเดินทางเข้าไปในบ้านกกกอกอ่ะมาจากหลายจังหวัดมากเลยคนที่เข้าไปเนี่ย
8-8247-185.wav	เขาบอกว่าต้องดำเนินคดีให้ถึงที่สุดแล้วก็เดินทางไปลงบันทึกประจำวันเอาไว้นะคะ
8-8247-204.wav	ผลตรวจจากทางโรงพยาบาลศรีนครินทร์จังหวัดขอนแก่นอยู่
8-8248-1.wav	ที่จังหวัดตากเกิดอุบัติเหตุรถกระบะขนของเก่าเสียหลัก
8-8248-3.wav	รถกระบะคันนั้นมีครูอาสาที่เดินทางกลับมาจากการสอนเด็กในพื้นที่ห่างไกล
8-8267-1.wav	ที่วัดท่าไคร้อำเภอแม่ริมจังหวัดเชียงใหม่
8-8267-72.wav	ชื่อวัดอีกทีไหมคุณวัดท่าไคร้ในจังหวัดเชียงใหม่
8-8268-31.wav	จังหวัดนครนายกพอมันแข็งแรงดีหายหวาดกลัวเดี๋ยวก็จะหาทางปล่อยคืนสู่ธรรมชาติต่อไป
16-16533-17.wav	เพื่อต้องการที่จะให้เด็กได้ร่วมกันอนุรักษ์ผ้าไหมพื้นบ้านที่เป็นผ้าไหมขึ้นชื่อของจังหวัดสุริน
16-16536-11.wav	เชื่อว่าการตายของนางสาวสุภานีสินอนันตกูล
16-16536-17.wav	ล่าสุดวันนี้นายอัจฉริยะพร้อมนายบัญญัติสินอนันตกูล
16-16536-18.wav	พ่อของเบ้นเดินทางมายังสถานีตำรวจภูธรคูคศ
16-16536-3.wav	ล่าสุดมีนายอาจริยะเรืองรัตนพงศ์เข้ามาช่วยเหลือเรื่องนี้ด้วย
16-16541-43.wav	ด้วยการที่ให้นายองค์อาจคล้ามภัยบูรณรองหัวหน้าพักเนี่ย
16-16541-49.wav	ตัวของนายอภิษฎเองก็พยายามแล้วที่จะหาวิธีประสานงาน
16-16541-52.wav	ล่าสุดตอนนี้มีการเชิญนายวิราชแล้วก็นายวัชระเพชรทองมาพูดคุยกันนะคะว่า
16-16545-11.wav	นายธีรพันธ์ทองสูงเดินอายุ43ปี
16-16559-101.wav	ตัวของนายธนบดีก็ไปนะครับนะก็ไปนะครับ
16-16559-110.wav	นี่นายธนบดีบอกกับเราซึ่งเขาบอกว่าวันนั้นเขาก็ไม่รู้
16-16559-128.wav	ให้กับยายของนายธนบดีที่ป่วยติดเตียงจ้างมาส่งอาหารให้กับยายที่ป่วยติดเตียง
16-16559-32.wav	ก็ไปตรวจค้นบ้านพักของนายธนบดีนามสกุลอิ่มชัยหรือว่าในตัว
16-16559-37.wav	เป็นตึกแถวสี่ชั้นนะครับไม่เจอนายธนบดีนะ
16-16559-39.wav	จากการตรวจค้นบ้านหลังนี้นะครับของในตัวนายธนบดีนะครับ
16-16559-89.wav	คือนายธนบดีนะฮะคู่กรณีของเสียโป้นี่ฮะเราได้วีดีโอคอลไปคุยด้วยนะครับ
16-16560-10.wav	ที่ตั้งใจเดินทางมาขับกล่อมให้กับประสบกรณิกรชาวไทย
16-16560-27.wav	อย่างนายนัทดลและนางพัชวีเย็นใจมาบอกว่า
16-16560-41.wav	เช่นเดียวกับนายภูมินสิงกวางบอกว่า
16-16560-8.wav	เพลงพระราชนิพลแสงเทียนถูกถ่ายทอดผ่านการสีไวโอลินของนายโรธภัยศาลเอี่ยมสุวรรณ
16-16561-24.wav	สลักหน้าผาเขาจีจันทร์นะคะที่อำเภอสัตหิบจังหวัดชลบุรีค่ะ
16-16561-26.wav	นายสุขุมเขาขี่มอเตอร์ไซค์มากับลูกชายเขาบอกว่าตอนนั้นเขาเห็น
16-16563-5.wav	โดยนายประเสริฐและนางวรีรัฐบอกว่า
16-16564-44.wav	ทอดพระเนธเห็นนางฟ้านางสวรรค์
16-16565-12.wav	คืองานนี้แย่งซีนนางรำสาวรำวงไปเลยลีลาไม่ธรรมดา
16-16568-37.wav	ก็คือนายปรณสิทธโกศลเป็นพนักงานขนเงิน
16-16568-40.wav	ต่อมานะครับนายปรณสิทธิ์นั้นได้โพสต์ขอโทษกับสิ่งที่ทำลงไป
8-8275-35.wav	ถือว่าเป็นบ้านไม้ไผ่หลังแรกในจังหวัดพะเยาเลยนะคะ
16-16568-45.wav	สำหรับข้อได้จริงที่เกิดขึ้นนะครับนายปรณสิทธิ์นั้นมีธนบัตรในครอบครองเพียง10ใบ
8-8279-0.wav	แล้วเรื่องนี้มันกลายเป็นเรื่องใหญ่ของจังหวัดเลยนะ
8-8280-19.wav	เท่าที่รู้นะไม่มีต้องไปถามนางเอ๊ะ
16-16580-9.wav	พระมหาค่ะแล้วก็มีนายพานุวิทย์หรือในอันอายุ26นายพิชัยหรือในชัยอายุ42
16-16583-109.wav	จากนี้นางสาวธิดารัฐยังยืนยันด้วยว่า
16-16583-26.wav	ก็คือนางสาวปริมระตาใจสุขอายุ30ปี
16-16583-78.wav	ขออภัยนะคะนางธิดารัฐดาราตาย
16-16586-79.wav	จากนั้นเนี่ยทางกู้ภัยก็รีบเดินทางไป
8-8302-4.wav	หมอช้าง<MARK>นั้นจะมาคาดการณ์แล้วก็ทำนายพยากรณ์ว่าในปี2559นี้ราศีไหนจะรุ่งเรือง
8-8305-182.wav	เราไม่สามารถบอกก่อนได้เลยว่าจังหวัดไหนหนักจังหวัดไหนเบา
8-8305-190.wav	ซึ่งอย่างที่บอกมันมี2จังหวัดที่เราเป็นห่วงกันอยู่ตอนนี้
8-8305-71.wav	บอกคนอื่นหรือยังว่าคุณจะไปไหนเดินทางเมื่อไหร่เดินทางโดยอะไร
8-8306-18.wav	อาศัยอยู่ที่แก่งกระจานจังหวัดประจวบคีรีขันธ์นะคะ
8-8313-116.wav	ก็เลยมอบหมายให้นิติกรพม.จังหวัดอุดรธานีให้ข้อมูลในเบื้องต้นนะคะ
8-8315-9.wav	มาร่วมงานบุญตอนสายแล้วก็เดินทางกลับไปเรียบร้อยแล้วค่ะคุณ
8-8319-15.wav	เพราะว่าหลายคนถามบอกโอ้โหถ้าของจริงนี่เรื่องใหญนะรุ่นพี่นายสิบตำรวจคนนี้นะคะ
8-8323-4.wav	ราชบุรีราชบุรีของเก่าเขาก็มีเยอะเหมือนกันที่จังหวัดราชบุรี
8-8325-6.wav	รัมย์ที่เกิดเหตุพบผู้บาดเจ็บสามคน(สามคน,3คน)ซึ่งเป็นพ่อแม่ลูกกันที่เดินทางมากับรถบรรทุก6ล้อ
8-8331-74.wav	คือฝั่งลูกค้าตัวนายประจวบ<MARK>มามอบตัวกับตำรวจค่ะคุณผู้ชม
16-16601-146.wav	ว่าตัวของคุณแซนนั้นจะเดินทางไปรอเจอกับพนักงานสอบสวนที่สำนักงานอายการจังหวัดนนทบุรีเลย
16-16601-148.wav	ส่วนอีก4คนคือนายปอโรเบิร์ตจ๊อปและกติกนั้น
16-16601-160.wav	คุณแซนนั้นไม่มาที่นี่แน่นอนครับไปนัดเจอที่อายการจังหวัดนนทบุรี
16-16603-3.wav	ในการเดินทางกลับรุนโยก็ปิดหน้าตาไม่ให้สื่อนั้น
16-16604-88.wav	นายธนกรบอกว่าไม่ใช่การวางยาแต่เป็นการพูดบิดเบือน
16-16604-94.wav	เหมือนที่ท่านนายกรรมตรีเคยให้นโยบายไว้นะครับว่า
16-16605-47.wav	นายภัยทูลมหาชื่นใจครับในอำเภอด่านคุณทศจังหวัดนครราชสีมา
16-16607-55.wav	ก่อนจะไปหยิบเอามีดพระจะไปทำร้ายเมียนายหัสดีบอกว่าพอเห็นแบบนั้นตะโกนห้ามไปบอกว่าอย่าไปทำ
16-16607-61.wav	หัสดีบอกว่าอัดอั้นใจที่ผ่านมาลูกชายเนี่ยมักทำร้ายตัวพ่อเนี่ยคือนายหัสดีกับลูกสะพ้าย
8-8334-6.wav	ธีรพงศ์<MARK>คนนี้หวาดระแวงว่าภรรยาจะพาลูกหนีกลับจังหวัดนครราชสีมา
8-8334-9.wav	จังหวัดนครศรีธรรมราชอยู่ใกล้ใกล้(ใกล้ใกล้,ใกล้ๆ)พอดีครับก็เข้าไปเนี่ยค่ะ
8-8335-14.wav	ที่เกิดเหตุเนี่ยเป็นบริเวณบ่อน้ำติดกับคลองบ้านกรดก็พบศพของนายมนตรีพิรมปาน<MARK>อายุ53ปี
8-8335-18.wav	และสายไฟที่นายมนตรี<MARK>ลากมาจากบ้านแม่ของตัวเองที่อยู่ห่างจากจุดเสียชีวิต15เมตร
8-8335-20.wav	ชาวบ้านในจุดเกิดเหตุคนหนึ่งเขาเล่าให้ฟังนะคะว่าเห็นนายมนตรี<MARK>เดินลงมาจากบ้านแม่
8-8335-22.wav	นายมนตรี<MARK>ก็ม้วนสายไฟแล้วก็ค่อยค่อยลากสายไฟเดินมาตามทางคิดว่าจังหวะที่ลากสายไฟเนี่ย
8-8335-24.wav	จนถึงที่เกิดเหตุนายมนตรี<MARK>คงกำลังจะหย่อนตะแกรงลงไปในเบาะน้ำ(เบาะน้ำ,บ่อน้ำ)
8-8335-28.wav	ไฟมันช็อตเข้าร่างก่อนเลยนายพายับละมูลศักดิ์<MARK>เพื่อนบ้านที่ออกพายเรือหาปลาผ่านจุดเกิดเหตุเนี่ยเขาบอกว่า
16-16611-9.wav	เสียชีวิตอยู่กลางทุ่งนาค่ะนายปรัชญากรแลดีอายุ71ปีนะคะ
16-16612-47.wav	นี่นะคะน้องพนักงานร้านสะดวกซื้อนายพัทธมนต์
8-8335-32.wav	อืมนายมนตรี<MARK>ถือสายไฟมาสองมือ(สองมือ,2มือ)อย่างเงี้เลยมือนึง(มือนึง,1มือ)มีทั้งสายไฟและคัทเอาท์
8-8335-37.wav	ทำได้แค่กำไว้แนบอกทีนี่นายพายับ<MARK>บอกว่าพอได้ยินแม่ให้ตามหาก็ลงเรือ
8-8335-39.wav	เจอร่างนายมนตรี<MARK>นอนเป็นศพไปแล้ว
8-8335-48.wav	กับบ้านแม่ของผู้ตายนางละม่อม<MARK>บอกว่าในวันเกิดเหตุเนี่ย
8-8335-74.wav	นายมนตรี<MARK>เป็นลูกชายคนที่2คุณแม่เนี่ยมีลูกทั้งหมดหกคน(หกคน,6คน)นะคะ
8-8335-88.wav	รวมถึงนางเฉลียวพิรมปาน<MARK>ภรรยาของนายมนตรี<MARK>เนี่ย
8-8335-90.wav	คือนางบุ๋ม<MARK>น่าจะอยู่กรุงเทพมหานคร(กรุงเทพมหานคร,กทม.)
8-8335-91.wav	ส่วนอีกคนคือนายหานชัยพิรมบาล(พิรมบาล,พิรมปาน)หรือว่านายโป<MARK>
8-8335-93.wav	นายมนตรี<MARK>เสียชีวิตแล้วนะเพราะว่าแม่ไม่สามารถติดต่อลูกทั้งสองคนได้เลย
8-8335-95.wav	มาร่วมพิธีศพแล้วก็ส่งนายมนตรี<MARK>เป็นครั้งสุดท้าย
8-8338-13.wav	การสอบถามนางมาลาสุวรรณศรี<MARK>อายุ54ปี
8-8338-40.wav	ทีนี้ทางด้านของนางพิมยุดีสุวรรณศรี<MARK>อายุ34ปี
8-8339-30.wav	พบผู้ได้รับบาดเจ็บคือนางกิมเลี้ยงมารสี<MARK>อายุ44ปีเธอเป็นเจ้าของบ้านครับ
8-8339-47.wav	แต่ตอนเกิดเหตุนางกิมเลี้ยง<MARK>คงไม่ได้
8-8341-1.wav	ร้านนี้เด็ดดวงแค่ไหนมีเมนูอะไรพาไปถึงร้านเลยนะคะครับร้านนี้เป็นของนางจินดานรงฤทธิ์<MARK>หรือจีเป้า(จีเป้า,เจ๊เป้า)ค่ะ
8-8347-109.wav	นารอด(นารอด,น้ารอด)เนี่ยชื่อจริงชื่อว่านายอดุลหมั่นทรัพย์<MARK>มีอาชีพเป็นคนขับรถบรรทุกอยู่ที่นครสวรรค์
8-8347-156.wav	นายตรการศักดิ์ปัดสา(ตรการศักดิ์,ตระการศักดิ์)นะครับเป็นคนขับรถกระบะ
8-8347-196.wav	ไปคุยกับผู้เสียหายก่อนนะคะผู้เสียหายชื่อว่านายดวงเนธมาลัยนาค(ดวงเนธ,ดวงเนตร)ค่ะ
8-8347-71.wav	ร่างของนายสมชาย<MARK>ถูกพบว่าลอยไปไกล
8-8347-77.wav	คือตอนนี้ยังไม่พบร่างของนางนรมน<MARK>ก็คือเมียของคุณสมชาย<MARK>ครับ
8-8347-78.wav	ค่ะนางสาวปุญญาพรธารกุล<MARK>อายุ35ปีลูกสาวนะคะ
8-8348-37.wav	หนึ่งก็คือนายมุธมัติอาริยะเลาะหมัด<MARK>อายุ38ปี
8-8348-46.wav	คือนายนิเฮงประเปะ<MARK>อายุ27ปี
8-8348-75.wav	คนตายคนนี้คือนายมูเซ็งยะโกะ<MARK>อายุ32ปี
8-8348-88.wav	ยกเว้นนายอัศรีมือลี<MARK>ที่ไม่พบประวัตินะครับ
8-8351-23.wav	นายเพทาย<MARK>กับนางสาววิมล<MARK>เขาเคยอยู่กินด้วยกันมีลูกกันสองคน(สองคน,2คน)
8-8350-61.wav	แต่ว่าจากการสอบปากคำนายจำนง<MARK>คนขับรถแท็กซี่
8-8350-73.wav	ทำให้ทราบว่าในช่วงเวลาเกิดเหตุรถนิสสันของนายธวัชชัย<MARK>นั้น
8-8350-91.wav	แล้วก็แจ้งข้อหาเพิ่มกับนายจำนง<MARK>ในฝั่งของคนขับแท็กซี่
8-8351-12.wav	อายุ30ปีนะครับชื่อนางสาววิมล<MARK>นะครับ
8-8351-18.wav	ก็เป็นอดีตแฟนของผู้ตายก็คือนนางสาววิมล<MARK>
8-8351-21.wav	นายเพทาย<MARK>ก็มีอาการบาดเจ็บที่ฝ่ามือด้านขวาที่ถูกมีดบาดนะครับ
8-8351-26.wav	นายเพทาย<MARK>ก็ตามมานะฮะพยายามมาง้อขอคืนดีนะครับ
8-8353-17.wav	ของนางดวงใจ<MARK>จันพักดี(จันพักดี,จันทร์ภักดี)ที่นั่งน้ำตาไหลรอการช่วยเหลือโดยน้ำพัดบ้านสูญหายไปทั้งหลังครับ
8-8355-11.wav	นายสุวิทย์ใจป้อม<MARK>นายกสมาคมขัวศิลปะบอกว่า
8-8355-38.wav	ได้เดินทางไปกราบนามัศกาล(นามัศกาล,นมัสการ)ขอพรจากครูบาบุญชุ่ม<MARK>
8-8355-54.wav	มีผู้ที่ร่วมกันก่อตั้งขัวศิลปะเชียงรายนายอภิรักษ์ปันมูลสิน<MARK>นะครับ
8-8355-60.wav	นายจิรยุทธ์เจียนสถิต<MARK>เป็นคุณปู่วัย92ปีแล้ว
8-8358-10.wav	นางหนูเล็ก<MARK>ยายของน้องไบร์ท(น้องไบร์ท,วชิรวิชญ์)นะครับเล่าบอกว่าทำงานอยู่ที่กรุงเทพมหานคร(กรุงเทพมหานคร,กทม.)
8-8369-19.wav	เนื่องจากว่าภรรยาไปบอกว่าถูกกลุ่มของนายนัทพัฒน์<MARK>ลวนลาม
8-8369-14.wav	โดยนายเสริมวุฒิ<MARK>ได้เซ็นชื่อรับทราบหมายเรียกด้วยความสมัครใจ
8-8369-13.wav	เรียกเป็นหมายของนายเสริมวุฒิ<MARK>เองหมายเรียกของพ่อของนายเสริมวุฒิ<MARK>คือนายแสงไทย<MARK>
8-8369-23.wav	นายนัทพัฒน์<MARK>เองไม่ได้เป็นคนลวนลามแต่เป็นคนทำร้ายร่างกายนายเสริมวุฒิ<MARK>
8-8369-24.wav	คือเพื่อนคนในกลุ่มของนายนัทพัฒน์<MARK>เป็นคนไปลวนลาม
8-8369-26.wav	นายนัทพัฒน์<MARK>นี่แหละที่เป็นคนทำร้ายเขา
8-8369-31.wav	พอไปเห็นหน้าคู่อดีตก็คือนายนัทพัฒน์<MARK>เป็นยังไง
8-8373-15.wav	จะเห็นว่านายทองเติม<MARK>ที่เป็นช่างไฟเขานั่งอยู่ข้างหน้าเห็นไหม
8-8373-11.wav	นี่อันนี้เป็นกล้องวงจรปิดนะนายทองเติม<MARK>ช่างไฟเดินมาแล้วรองนายกประตอ(ประตอ,อบต.)อยู่ตรงนี้
8-8373-19.wav	เอาทางนายทองเติม<MARK>ก่อนนะนายทองเติม<MARK>วันนี้เนี่ยไปแจ้งความที่สภ.(สภ,สภ.)คลองกลิว(คลองกลิว,คลองกิ่ว)
8-8373-20.wav	เพื่อให้ตำรวจดำเนินคดีกับรองนายกอบต.คลองกิวที่ชื่อนายทรงวุฒิน้อยบัวงาม<MARK>
8-8373-21.wav	ฐานทำร้ายร่างกายเขาแล้วนายทรงวุฒิ<MARK>เนี่ยคือตามข้อมูลเหมือนกับเขาเคยมีคดี
8-8373-24.wav	แต่ถ้าทางนายทองเติม<MARK>เนี่ยเขาอ้างว่าวันเกิดเหตุเข้ามาทำงานตามปกติ
8-8373-26.wav	แล้วถามเขาว่าทำงานที่นี่หรือเปล่านายทองเติม<MARK>บอกว่าเขาก็บอกไปว่าใช่ผมทำงานที่นี่
8-8373-27.wav	หลังจากนั้นนายทรงวุฒิ<MARK>นะก็พูดว่าถ้าทำงานที่นี่เนี่ยไม่รู้จักเขาเหรอ
8-8373-30.wav	ต้องหยุดการปฏิบัติงานตกเย็นเขาเลยไปนั่งรอนายทรงวุฒิ<MARK>
8-8373-31.wav	พอเห็นนายทรงวุฒิ<MARK>เดินออกมาเนี่ยเขาบอกว่าเขาก็เนี่ยฮะเดินเข้าไปหา
8-8373-33.wav	แต่นายทองเติม<MARK>เขาอ้างว่าเขาป้องกันตัวเอง
8-8373-36.wav	เพราะหลังเกิดเหตุนายทรงวุฒิ<MARK>เนี่ยยังมาข่มขู่เขาเพิ่มเติมด้วย
8-8373-40.wav	อ้าวนี่ฝั่งของนายทองเติม<MARK>นะฮะเขาบอกเขาก็บาดเจ็บนะ
8-8373-41.wav	ฟังทางฝั่งของนายทรงวุฒิน้อยบัวงาม<MARK>รองนายกอบต.คลองกิวนะฮะ
8-8373-43.wav	นายทองเติม<MARK>นั่งรออยู่ด้านหน้านะ
8-8373-47.wav	สาเหตุที่เกิดขึ้นนายทรงวุฒิ<MARK>บอกเขาก็ไม่ทราบเหมือนกัน
8-8373-49.wav	บรรดาช่างทั้งหลายที่ทำงานเนี่ยขึ้นไปมีนายทองเติม<MARK>ขึ้นไปด้วย
8-8373-51.wav	ทราบทุกวันนายทองเติม<MARK>อาจจะไม่พอใจตรงนี้หรือเปล่า
8-8373-55.wav	แม้นายทองเติม<MARK>ช่างไฟฟ้าของอบต.จะมาขอโทษก็จะไม่ยอมความ
8-8377-18.wav	โดยนายจองแสงอุไร<MARK>อายุ78ปีที่เป็นพ่อตาของนายทวีศักดิ์<MARK>
8-8378-224.wav	นายสมบูรณ์ขวัญอ่วม<MARK>หัวหน้าแผนกบรรเทาสาธนภัย(สาธนภัย,สาธารณภัย)มูลนิธิป่อเต็กตึง(ป่อเต็กตึง,ป่อเต็กตึ๊ง)
8-8380-9.wav	ก็สอบถามนายเกรียงศักดิ์<MARK>ผู้เป็นพ่อเนี่ยนะ
8-8380-46.wav	แล้วก็ผู้เป็นพ่อคือนายเกรียงศักดิ์<MARK>เนี่ยนะฮะ
8-8380-45.wav	ตำรวจก็ต้องนำทั้งตัวนายเกรียง<MARK>ซึ่งเป็นพานโรง
8-8380-41.wav	แต่ปรากฏว่านายเกรียงศักดิ์<MARK>ผู้เป็นพ่อของน้องออกัส
8-8381-502.wav	ซึ่งเป็นไร่มันสัมปะหลังของนายถาวร<MARK>
8-8383-106.wav	ตัวคนที่โดนหนักเลยก็คือนางสาวดาวทิพย์<MARK>นะคะ
8-8383-145.wav	แต่ถ้าเกิดว่านางสาวดาวทิพย์<MARK>เขาเจ็บหนักเจ็บสาหัสเนี่ย
8-8383-39.wav	เพราะสาดไปปุ๊บนางสาวดาวทิพย์<MARK>เนี่ย
8-8383-51.wav	นางสาวสุภาพรมณีพันธ์<MARK>เป็นพนักงานขายกีต้าร้าน
8-8383-82.wav	มีผู้ชายคนหนึ่งมาติดพันธุ์นางสาวดาวทิพย์<MARK>
8-8383-83.wav	นางสาวดาวทิพย์<MARK>เขาเป็นคนสวยค่ะหน้าตาดี
8-8401-83.wav	พร้อมกับทนายแก้ว<MARK>เดินทางไปที่สอ(สอ,สภ.)
8-8401-58.wav	ส่วนนายบุญลือ<MARK>ครูคนขับรถ
8-8415-35.wav	คือนายจตุพลปิ่นทองพันธ์<MARK>อายุ38ปี
8-8415-1.wav	คดีใหญ่คดีหนึ่งคือคดีของซ้อปลา<MARK>ในพื้นที่จังหวัดสงขลานะครับ
8-8415-11.wav	เพื่อจับกุมนางสาวกมลวันปิ่นทองพันธ์<MARK>อายุ25ปีหรือว่าซ้อปลา<MARK>
8-8415-44.wav	ว่าสามีของซ้อปลา<MARK>คือนายจตุพล<MARK>
8-8415-49.wav	เรื่องต้นตำรวจควบคุมตัวนายจตุพล<MARK>
8-8415-65.wav	ต้องส่งมอบตัวนายจตุพล<MARK>สามีของซ้อปลา<MARK>ไปคนเดียว
8-8421-8.wav	พยานปากสำคัญ2คนก็คือนางทัศนีย์หานพยักษ์(หานพยักษ์,หาญพยัคฆ์)และนางทองเรศวงศรีชา<MARK>
8-8421-6.wav	ศาลจังหวัดนครพนมส่งหมายนัดสืบพยานปากสำคัญในคดีนางจอมทรัพย์แสนเมืองโคตร<MARK>
8-8427-141.wav	ก็คือนายทักษิณสุขเอียด<MARK>อายุ22ปี
8-8427-117.wav	วันเกิดเหตุนายปรีชา<MARK>หรือว่าตั้ม<MARK>
8-8427-142.wav	และนายพรเทพพุ่มพวง<MARK>อายุ23ปี
8-8427-144.wav	เข้าไปสอบปากคำนายพรเทพ<MARK>
8-8427-152.wav	ฝั่งของนายพรเทพ<MARK>ได้รับบาดเจ็บนะครับ
8-8427-157.wav	เพื่อขออายัดตัวนายพรเทพ<MARK>และนายทักษิณ<MARK>
8-8427-169.wav	แล้วก็นายชามาธรรมอินทรา<MARK>
8-8429-18.wav	มิถุนายนวันนั้นนายธนายุทธ์<MARK>กับภรรยาคือนางสาวนาดียะ(นาดียะ,นาเดีย)เดชคัมภู(เดชคัมภู,เดชะคำภู)
8-8429-21.wav	นายธนายุทธ์<MARK>บอกว่าเขาได้ขี่จักรยานยนต์แล้วก็ภรรยาเนี่ยซ้อนท้าย
8-8429-33.wav	นายธนายุทธ์<MARK>บอกว่าตอนนี้ยังทำใจไม่ได้กับเหตุการณ์ที่เกิดขึ้น
8-8429-40.wav	นายธนายุทธ์<MARK>บอกว่าภรรยาเนี่ยท้อง5เดือนนะครับ
8-8429-53.wav	แม่ของนายธนายุทธ์<MARK>นะครับบอกว่าหดหู่สะเทือนใจมาก
8-8429-78.wav	สำหรับศพของผู้ที่เสียชีวิตนะครับก็คือนางสาวนานิยะ(นานิยะ,นาเดีย)เดชะคำภูหรือว่าปาน<MARK>
8-8432-25.wav	เราส่งคุณไกด์ธนคร(ธนคร,ธนกร)นักข่าวของเราไปที่จุดเกิดเหตุไปคุยกับนางสาวจำปา<MARK>อายุสี่สิบ(สี่สิบ,40)
8-8432-35.wav	คุณผู้ชมคะนางสาวจำปา<MARK>เนี่ยให้ข้อมูลบอกว่าตรงนี้มีวัยรุ่นไล่ฟันกันบ่อยมาก
8-8432-44.wav	นายนัทธวุฒิ<MARK>คนที่อยู่ในเหตุการณ์อีกคน
8-8437-83.wav	โดยนายอำนวย<MARK>อายุ51ปีและนางสุดตาแหวนหล่อ<MARK>อายุ49ปี
8-8441-20.wav	สอบถามเจ้าของรถนะคะก็คือนายอนันสิต(อนันสิต,อนันตสิทธิ์)มุ่งพึ่งกลางและนางวาสนามุ่งพึ่งกลาง<MARK>
8-8442-10.wav	นายนันธนกรแสงลม<MARK>อายุ20ปี
8-8446-15.wav	นายประสิทธิ์<MARK>เป็นคุณครูเกษียณอายุ50เก้า(50เก้า,59)นะครับนายประสิทธิ์<MARK>เนี่ย
8-8442-40.wav	คนนี้แหละแต่ว่าเป็นนายนะคุณผู้ชมนายสิริวัตร<MARK>บอกว่า
8-8449-5.wav	ทีนี้ค่ะก็เป็นไปได้ว่านายสันติ<MARK>คงยังอยู่ในประเทศนั่นแหละเดี๋ยวลองฟังเสียงตำรวจดูนะ
8-8450-12.wav	จากนายธนาธรจึงรุ่งเรืองกิจ<MARK>หัวหน้าพรรค
8-8450-34.wav	เหตุผลที่พรรคอนาคตใหม่ต้องกู้ยืมเงินจากนายธนาธร<MARK>หัวหน้าพรรค
8-8450-49.wav	ขณะที่พลเอกประยุทธ์จันทร์โอชา<MARK>นายกรัฐมนตรีปฏิเสธว่าไม่มีส่วนเกี่ยวข้องกับกระบวนการที่กำลังจะเกิดขึ้นกับพรรคอนาคตใหม่นะครับ
8-8451-16.wav	ต่อมานะคะพลตำรวจตรีถาวรแสงฤทธิ์<MARK>ผู้บังคับการตำรวจภูธรจังหวัดพิษณุโลก
8-8449-15.wav	แล้วก็บอกว่าไม่เชื่อด้วยนะว่านายสันติ<MARK>ก่อเหตุคนเดียวน่าจะมีคนอื่นเกี่ยวข้องหรือมาร่วมด้วยค่ะ
8-8449-12.wav	ทีมข่าวโทรศัพท์ไปสอบถามพ่อของนายสันติ<MARK>นะคะพ่อบอกว่าพ่อไม่รู้ข่าวเลย
8-8449-11.wav	ก็ไปที่บ้านของนายสุชาติ<MARK>พ่อของนายสันติ<MARK>ก็ปิดเงียบ
8-8449-0.wav	คุณผู้ชมคะนายสันติ<MARK>ผู้ต้องหาที่ไปก่อเหตุฆ่าสองสามีพระยา(พระยา,ภรรยา)และลูกในท้องเสียชีวิตยกครัว
8-8446-27.wav	ถูกนายประสิทธิ์<MARK>ลวงไปฆ่านะครับ
8-8446-25.wav	หลานถูกยิงตายแล้วเพราะถูกนายประสิทธิ์<MARK>ยิง
8-8449-17.wav	นายสุชาติ<MARK>พ่อของนายสันติ<MARK>ผู้ต้องหาไปรับตัวนายสันติ<MARK>ลูกชายนะคะเพราะเขาติดต่อขอมอบตัว
8-8457-60.wav	เรียนรู้การทำอาหารด้วยนะครับเรื่องนี้ทางด้านนายทัศน์พลยังมี<MARK>
8-8461-23.wav	ลุงของผู้บาดเจ็บชื่อว่านายอภิเชษ(อภิเชษ,อภิเชษฐ์)บัวบาน<MARK>
8-8467-19.wav	นะครับนายกอบต.ไทรน้อยคุณประพันธ์ศรีชื่น<MARK>บอกว่าวันศุกร์ที่18ที่ผ่านมาเนี่ย
8-8476-236.wav	ผมคิดว่าท่านนายกรัฐมนตรีพลเอกประยุ(ประยุ,ประยุทธ์)จันทร์โอชา<MARK>
8-8480-12.wav	สุดท้ายไปเจอศพนางสุกัญญา<MARK>จริง
8-8480-17.wav	ส่วนของตำรวจควบคุมตัวนายสนั่น<MARK>ไว้ในห้องขังแล้ว
8-8480-31.wav	ผู้สื่อข่าวติดต่อไปทางญาติของนางสุกัญญา<MARK>เผยออกมาบอกว่าตอนนี้ตำรวจได้ประสานเรื่องขอรับศพแม่แล้ว
8-8480-6.wav	รอยกันไปจากคดีนายสนั่น<MARK>อายุ83ปี
8-8480-7.wav	สารภาพกับตำรวจว่าเป็นคนนำร่างของนางสุกัญญา<MARK>
8-8483-0.wav	ครับแม้ว่าความสัมพันธ์อดีตพระกาโตะ(กาโตะ,พงศกร จันทร์แก้ว)กับนางสาวตอง<MARK>จะจบลงไปแล้ว
8-8483-106.wav	นายสุเมฆ(สุเมฆ,สุเมธ)บอกว่าปี63พระดอน<MARK>มาว่าจ้างนะครับ
8-8483-16.wav	แล้วก็เชิญนายบำรุงยอดมณี<MARK>อบต.กะเปียด
8-8483-18.wav	เอามาคืนวัดเนี่ยนายสันติจงราช(จงราช,จงรักษ์)หรือว่าช่างบ่าว<MARK>
8-8483-19.wav	แล้วก็นนายโชคดีนุมาตร<MARK>กรรมการวัด
8-8483-54.wav	พร้อมกับนายภัยทูล(ภัยทูล,ไพฑูรย์)อินทศิลา<MARK>นักข่าวท้องถิ่น
8-8483-93.wav	แล้วนายภัยทูล(ภัยทูล,ไพฑูรย์)ก็บอกว่าขอให้หยุดโจมตีพระย้อย<MARK>
8-8483-9.wav	เบิกเงินออกไปอะไรยังไงไปเข้าพบนางสาวพีทยาทองเสพี(พีทยา,พัทยา)<MARK>นะครับ
8-8484-131.wav	ร้อยเอกธรรมนัฐ(ธรรมนัฐ,ธรรมนัส)ก็เข้าพบนายสมคิดจตุศรีพิทักษ์<MARK>ด้วยนะฮะ
8-8486-47.wav	ทีนี้อีกหนึ่งคนสำคัญที่ผู้สื่อข่าวไปเจอคือนายแผน<MARK>
8-8486-63.wav	แต่สุดท้ายแล้วนายแผน<MARK>ก็ไปกลับคำให้การที่กองปราบ
8-8487-22.wav	พบนายวิโรธ(วิโรธ,วิโรจน์)วงเดชอนันต์<MARK>อายุ56ปี
8-8492-21.wav	จากการสอบถามนายสมเกียจ(สมเกียจ,สมเกียรติ)คงแสงโชว์<MARK>อายุ50ปี
8-8487-34.wav	ส่วนที่จังหวัดยโสธรกู้ภัยเข้าช่วยเหลือนายอ้อยภาริการ<MARK>อายุ43ปี
8-8487-8.wav	อุบัติเหตุที่เกิดขึ้นทำให้นายอเนกนาคนาคา<MARK>อายุ37ปี
8-8492-30.wav	ชนวนเหตุเกิดจากนายเนย<MARK>ได้เข้าไปตักเตือนนายตั้ม<MARK>
8-8492-35.wav	ทำให้นายตั้ม<MARK>เกิดความไม่พอใจก็เลยมีปากเสียงกัน
8-8492-42.wav	แต่ก็มีกลุ่มของนายตั้ม<MARK>ประมาณ9คน
8-8492-96.wav	แต่ทีนี้ทางด้านของนายตั้ม<MARK>เอง
8-8494-8.wav	นางสาวกันวรี(กันวรี,กนกวรรณ)แจ่มจันทร์หรือว่าคุณแอม<MARK>เล่าบอกว่า
8-8495-54.wav	นางสาวกระหนกวัน(กระหนกวัน,กนกวรรณ)วิริยสหกิจ<MARK>
8-8508-24.wav	จากการสอบถามนางสาวสรินทร(สรินทร,สรินทร์ทิพย์)ชวนนอก<MARK>อายุ29ปี
8-8508-57.wav	นักโทษชายรายนี้ทราบชื่อคือนายกฤษณะแก้วชิงดวง<MARK>อายุ30ปี
8-8516-0.wav	ก็วันนี้นะคะก็มาทำอาหารค่ะเป็นบูธของนางสาววิรัติ<MARK>นะคะ
8-8520-23.wav	ที่สูญหายก็คือนายอัครพลพัตรานนท์<MARK>
8-8523-22.wav	ฟาฮัทพดุงชาติ<MARK>อายุ16ปีเป็นชาวจังหวัดละนอง(ละนอง,ระนอง)
8-8521-35.wav	แม่ของนายวรวุฒิวีรศักดิ์<MARK>หรือว่าน้องแม็กซ์<MARK>นะคะเล่าว่า
8-8521-34.wav	ท่ามกลางการเฝ้ารอของกลุ่มญาตินะคะซึ่งนางสาวกิรติ(กิรติ,กีรติ)แก้ววัด<MARK>อายุ50ห้าปี(50ห้าปี,55ปี)
8-8525-4.wav	ที่ว่าก็คือศพของนางสาวจารินีจำจ้า<MARK>หรือว่าแอน<MARK>วัย36ปี
8-8525-11.wav	ทีนี่นางประยูน(ประยูน,ประยูร)จำจ้า<MARK>แม่ของน้องแอน(น้องแอน,จารินี)วัย63ปี
8-8525-9.wav	ครอบครัวของนางสาวจารินี<MARK>ได้เดินทางไปรับศพที่สถาบันนิติเวชโรงพยาบาลตำรวจแล้วนะคะ
8-8529-40.wav	เราก็ไม่ได้อาจบอกได้ว่าเป็นเสียงของครูปีชา(ปีชา,ปรีชา)หรือเสียงของนายแผน<MARK>จริง
8-8529-105.wav	ทำไมถึงเอาตัวนายแผน<MARK>มาเป็นพยานในคดีนี้ได้ยังไง
23-23000-4.wav	ทนายนิด้าหรือว่านางสาวสารัญญาหวังสุขเจริญเนี่ยนะคะเขาก็โพสต์วิเคราะห์เคสนี้
16-16618-103.wav	เป็นคนฆ่านางสาวมนชายาเขาตายจริงสารภาพแล้วสารภาพแล้ว
16-16618-19.wav	ระหว่างที่นางสาวมนชายาขี่จักรยานยนต์ออกไปจากบ้าน
16-16618-28.wav	นำตัวนายสุภาชัยสามีไปสอบปากคำเพิ่มเติมนะครับ
16-16618-29.wav	นายสุประชัยบอกกับทีมข่าวของเรานะครับบอกว่า
16-16618-43.wav	นายสุภาชัยบอกว่าเขากลับไปดูที่เดิมอีกครั้งนะครับ
16-16618-47.wav	นายสุประชัยบอกว่าอยู่กินกับภรรยามาได้ประมาณ10ปี
16-16618-53.wav	นายสุประชัยบอกว่ามีลูกด้วยกัน2คน
23-23002-11.wav	ชายหนุ่มคนนี้นะคะคือนายจิระวุฒิลิมปนาศภัยศาลอายุ28ปี
23-23002-17.wav	ขณะนั้นโลกออนไลน์มีการแชร์ภาพของนายจีรวุฒิสวมใส่รองเท้าที่มีรูขนาดใหญ่
23-23002-37.wav	ขณะที่บางส่วนก็ให้กำลังใจนายจีรวุฒินะคะ
16-16621-12.wav	คนเจ็บชื่อว่านายสุพรอายุ61ปี
23-23004-11.wav	นายวันนาดานพงศ์อายุ55เอามีดปาดคอแม่เธอ
23-23004-54.wav	ส่วนที่เหลืออีก300นางตุ๋มไปซื้อกับข้าวมาทำ
16-16622-226.wav	แล้วก็ของกลางเนี่ยอาจจะอยู่ไม่ครบต่อมานางเอ่อนายวิชัยนะฮะ
16-16622-397.wav	นายจงคล้ายวรพงศธรรองอธิบดีกรมอุทยานแห่งชาติสัตว์ป่าและพันธุ์
16-16622-399.wav	ก็เปิดเผยบอกว่านายสำเร็จภูแสนศรี
16-16622-402.wav	โดยนายมนูนามสมมุติขอสงวนนามสกุลด้วยนะคะอายุ62ปี
16-16622-550.wav	รถพยาบาลคันที่ไปรับศพของนายกกล้างนะครับพังเสียหายทั้งคัน
16-16622-554.wav	นายสมพงศรีอนานายกเทศมนตรีเทศบาลตำบลหลัก6ฮะ
23-23004-9.wav	เรื่องนี้ก็คือคนที่ไปแจ้งความคือนางสาวจิตติยายุ35ปี
23-23007-22.wav	ลงพื้นที่ที่จังหวัดแม่ฮ่องสอน
16-16622-633.wav	นางเตรียมกล้องเตรียมกล้องมาแล้วกูไล่กลับบ้านใช่ไหม
16-16622-638.wav	ปรากฏว่านางมาปุ๊บแล้วนางไล่ไล่ฉันไล่กับนางกลับบ้านนะ
16-16622-643.wav	เพราะว่านางก็ดูแบบเอ็กทีนเทียร่าอยู่
23-23007-4.wav	มีตำรวจมาซื้อบริการในพื้นที่อำเภอแม่เสรียงจังหวัดแม่ฮ่องสอน
16-16623-17.wav	ดูแลความปลอดภัยให้กับตัวเองส่วนคู่กรณีคือนายนวัดล่าสุดออกมา
16-16625-7.wav	นี่เป็นช่วงเวลาที่นายศักดิ์ชัยสุพรรณฑมาสหนุ่มชาวอุดรธานีนะครับ
16-16627-12.wav	ผลตำรวจตรีธรรมจักรคงมงคลนะครับท่านผู้ประคับการตำรวจภูธรจังหวัดบึงกาฬ
16-16627-13.wav	เปิดเผยบอกว่าได้สอบปากคำนายนัทพงศ์คนยิงแล้วนะฮะ
16-16627-58.wav	ท่านผู้ประคับการตำรวจภูธรจังหวัดบึงกาฬนะครับ
23-23008-3.wav	พาทีมลงฝึกซ้อมเป็นวันที่3ที่แคมปิเลนวาเลสจังหวัดนครราชสีมา
23-23009-28.wav	เพราะว่าผู้ตายก็คือนายสุยจ่าพระเลนอยชาวจังหวัดเชียงใหม่นะคะ
16-16627-7.wav	และนายนัทพงศ์หรือตั้มเสาทองหลางอายุ23ปีเขาบอก
23-23009-50.wav	และตัวเขาที่อยู่หน้ารถตัวนายสุยจา
23-23009-56.wav	คราวนี้ก็ไปสอบถามนายพงวรวุฒิจันทนา
16-16627-9.wav	หลังก่อเหตุยิงคู่อลิเสียชีวิตหนึ่งศพคือนายทศพรแสงเลขหรือว่าเบนส์
23-23010-166.wav	สำนวนแรกก็คือนายอภิรักษ์โกธิเนี่ยค่ะ
23-23010-362.wav	ก่อนที่จะระบุบอกว่าเงินช่วยงานที่ลือกันว่านายอภิรักษ์ให้มาจำนวน10ล้าน
23-23013-154.wav	ประหลัดกรุงเทพมหานครนายนรงเริงศรี
23-23013-185.wav	เก้าไกลวีดีโอคอร์ผ่านทางนายชุมพลหลักคำ
23-23013-195.wav	กงหลาจังหวัดพัทลุงในวันพรุ่งนี้
23-23014-12.wav	นายกัญญาศรีชุมอายุห้าสิบปีบุกไปยิงในป่ายชมพูราชอายุหกสิบสามปี
23-23014-13.wav	สามีใหม่ก่อเหตุต่อหน้านางดวงสุราริสอายุ46ปีอดีตภรรยา
23-23014-1.wav	ตำรวจสภ.นกรุงศรีจังหวัดกาฬสินธุ์ได้รับแจ้งว่ามีคนถูกยิงเสียชีวิตอยู่ที่บ้านหลังหนึ่งนะคะ
16-16629-9.wav	นางสาวหลิวชื่อจริงชื่อว่านางสาวมะยุรียอดพะเนาค่ะ
23-23014-22.wav	เขาหนีเข้าไปอยู่ในป่าไร่อ้อยในพื้นที่สภ.ท่ากระนวลจังหวัดขอนแก่นค่ะ
23-23014-29.wav	เริ่มที่ในป่ายกับนางดวงสุราริสภรรยานั่งอยู่บนแคร่ไม้ไผ่
16-16631-37.wav	ในอำเภอเกรียงไกรและนางสาวสวครครับ
23-23014-40.wav	แล้วมาอยู่กินกับในป่ายแล้วก็ตกลงกับนายกัญญาว่า
23-23014-45.wav	ไม่มีเงินมากขนาดนั้นนายกัญญาก็เลยไม่พอใจ
23-23014-46.wav	เมื่อวานนี้นายกัญญามาที่บ้านถามหาเธอถามหาในป่าย
16-16632-32.wav	ของนางคำผันสุวรรณสาราราคุณแม่ของน้องเมย
16-16635-15.wav	แล้วก็จ้วงแทงเข้าลำตัวของนายวรรณญา23ครั้ง
16-16635-31.wav	เราได้คุยกับแม่ยายของนายวรรณญานะฮะที่เสียชีวิตนะครับ
16-16635-51.wav	ส่วนนายวรรณญาตอนนี้ญาติรับศพจากสถาบันนิติเวชโรงพยาบาลตำรวจไปประกอบพิธีทางศาสนาแล้วนะครับ
16-16638-25.wav	เขาต้องการที่จะมีการเลือกนายกรรมตรีใหม่
23-23014-87.wav	ทำแผนในกัญญาบอกว่าสาเหตุที่ลงมือมาจากเรื่องความหึงห่วงในป่ายกับนางดวง
16-16638-26.wav	โดยนายกรรมตรีจะต้องมาจากเสียงของพี่น้องประชาชน
23-23014-91.wav	แต่นางดวงไม่ยอมไปถ่ายถอนออกมาสักทีหนึ่งบอกว่าขอเอาเงินหน่อย
23-23016-18.wav	นางสาวไอลาดาสุกเกษมชื่อเล่นไอซ์อายุ32ปี
23-23016-19.wav	กับนางสาวณทินีสุกเกษมชื่อเล่นเมย์อายุ28ปี
23-23016-51.wav	วันนี้เดียนะครับหรือว่านางสาวชัชชะนันเสพาไม่ได้มาพบตำรวจนะครับ
16-16645-7.wav	มาขอรับวัคซีนพาสปอร์ตนะครับที่สำนักการสาธารณสุขจังหวัดสระแก้ว
23-23019-6.wav	สี่หลังคาค่ะเหตุการณ์เกิดขึ้นที่อำเภอเฝ้าไร่จังหวัดหนองคายนะคะ
16-16646-35.wav	อาจจะต้องเช็คตารางให้ดีแล้วก็เผื่อเวลาในการเดินทางด้วยนะคะ
23-23023-79.wav	นางเหงาก็จะบอกว่าโมมาหาหน่อย
23-23024-18.wav	คนก่อเหตุนายกริตภาษณ์อายุห้าสิบสามปีครับใช้ด้ามจอบกระหน่ำตีนาย
23-23025-142.wav	ว่าทุกคนสามารถเดินทางไปฉีดได้เมื่อไหร่ก็ได้
23-23025-343.wav	กรณีนะครับที่นายสิครินสง่ำลำนะฮะ
8-8369-22.wav	ตัวเองก็ถูกนายนัทพัฒน์<MARK>นั้นและเพื่อนทำร้ายร่างกายบาดเจ็บเหมือนกัน
8-8373-25.wav	นายทรงวุฒิ<MARK>รองนายกอบต.เรียกเขาไปหาที่ห้องทำงาน
8-8335-97.wav	วัดขนอนเหนือตำบลบ้านกรดอำเภอบังปะอิน(บังปะอิน,บางปะอิน)จังหวัดพระนครศรีอยุธยานะคะ
16-16655-12.wav	ไปเจอศพของนางสาวสุพัฒนศรอายุ31ปี
16-16655-25.wav	ลูกอีกคนนึงก็เห็นพ่อยิงแม่ตัวเองนะครับนางดามรุณีซึ่งเป็นป้าของผู้ตายก็บอกว่าที่ผ่านมาเนี่ย
16-16656-128.wav	วันนี้นายถากูลอินทรชมเป็นภูมิในการฝ่ายปฏิบัติการ
16-16656-168.wav	นายนัทพงศิริชนะผู้ว่าราชการจังหวัดนครนายก
16-16662-48.wav	ชื่อจริงคือนายดำรงพลศาลเมืองอายุ52ปี
8-8336-15.wav	เชิญชวนให้นางรำมาเต้นโยกย้ายสายสะโพกกันแบบนี้นั่นดิ
8-8336-3.wav	แดนเซอร์นี่นะแดนเซอร์นางรำนักเต้นก็แล้วแต่จะเรียก
8-8336-8.wav	แต่งานนี้คุณผู้ชมมาเป็นแบบเป็นนางรำเป็นนักเต้นเป็นเต้นแบบรำวงย้อนยุค
8-8337-5.wav	ศาลากลางจังหวัดนครศรีธรรมราช
16-16664-7.wav	พลตำรวจตรีนันทชาติสุพมงคลลงพื้นที่ไปด้วยตัวเองเลยนะคะไปจับกลุ่มนายนิรันดิคำหล่น
8-8339-39.wav	ขณะที่นายวินัยชิ้ววง(ชิ้ววง,ชิ้ววงศ์)นะครับท่านผู้ใหญ่บ้านหมู่2บอก
16-16664-9.wav	ไปแจ้งความกับตำรวจว่านายนิรันดิทารุณกรรมสัตว์โดยการนำม้ามาฆ่าเพื่อชำแหละเนื้อขาย
8-8342-15.wav	คุณผู้ชมค่ะวันนี้เนี่ยเราอยู่ที่จังหวัดขอนแก่นค่ะ
16-16667-24.wav	นายสุวพันธัญญุวัฒนะรัฐมนตรีประจำสำนักนายกรัฐมนตรี
16-16667-5.wav	เดินทางเข้ายื่นหนังสือให้นายชะยะพลพงศรีดา
16-16670-42.wav	ส่วนทางรัชธรรมนะครับอธิบดีกรมราชธรรมนายอายุทธ์สินทบพันธ์
23-23025-368.wav	เป็นป้าของนายสิครินหรือว่าคุณลิฟต์เนี่ยก็บอกว่าเสียใจมากนะครับ
8-8343-81.wav	แต่อยากรู้ว่านางคิดมันได้ยังไงด้วยคำว่าพิตตี้(พิตตี้,พริตตี้)รถทัวร์เนี่ย
8-8344-1.wav	ในสภาพเปลือยนะครับทิ้งศพหมกข้างป่าถนนเรียบด่วนมอเตอร์เวย์ในพื้นที่อำเภอเมืองจังหวัดชลบุรี
16-16672-150.wav	เกี่ยวกับการออกหมายจับนายนารินเชื้อคมตา
16-16672-160.wav	แต่ถ้าเกิดว่าตัวนายนารินจะไปรู้จักกับครอบครัวน้องชมพู่
16-16672-162.wav	ไอ้ที่มีการพูดว่ามีการสงสัยในตัวนายนาริน
16-16672-164.wav	ไม่รู้ว่าใครสงสัยจริงประเด็นนายนารินเนี่ย
16-16672-169.wav	พอสืบไปเรื่อยก็รู้ว่านายนารินไปทำความผิดอีกเรื่องหนึ่ง
16-16672-171.wav	แล้วก็ยืนยันด้วยบอกว่าการออกหมายจับนายนารินเนี่ย
16-16672-174.wav	นายนารินเป็นผู้ต้องสงสัย
8-8345-1.wav	ไปกันเลยที่จังหวัดสุรินทร์นะคะร้านข้าวแกงร้านเนี้ยที่จะพาไปนะ
8-8346-23.wav	มาจับกุมแหรือว่าครูใหญ่
8-8347-198.wav	เอามาร้องทุกข์ที่ศูนย์ดำรงธรรมจังหวัดพระนครศรีอยุธยานะคะ
23-23025-386.wav	ลูกสาวของทางด้านนายวีรวัตรซึ่งเป็น1ใน2แรงงาน
23-23025-840.wav	วินาทีนี้คนก็รู้จักกับนางหมดแล้วพิมพ์ริพาย
8-8347-338.wav	คนนี้ครับนางสาวรำระดา(รำระดา,รำรดา)นะครับ
8-8348-25.wav	จากการตรวจเช็คไปตามสพ(สพ,สภ.)ต่างในพื้นที่3จังหวัดชายแดนใต้เลยนะคุณนะ
23-23028-72.wav	คนร้ายก็คือนายพีรณัทขติยะวงเป็นชาวอำเภอเมืองชมบุรี
23-23029-22.wav	ขณะที่นายสนิทพรมวงอธิบดีกรมการขนส่งทางบก
8-8348-52.wav	ส่วนนายอัศวีมือลี(อัศวี,อัศรี)อายุ19ปีเท่านั้นนะครับ
23-23029-26.wav	คนขับรถชื่อนายรื่นดุจการ
23-23029-41.wav	อกจากนี้นายสนิทพรมวงยังกล่าวเพิ่มเติมอีกด้วย
23-23032-28.wav	เหตุการณ์เกิดขึ้นเมื่อเช้าวันนี้นะ6โมงครึ่งในซอยโรงน้ำมันมะพร้าวเก่าหรือว่าซอยเปเป้ถนนกะอำโรมตำบลโพเสด็จที่อำเภอเมืองจังหวัดนครศรีธรรมราช
23-23033-115.wav	บนบ่าด้วยอีกคนมีภาพไหมคะอ่าแล้วก็เดินตรงไปที่บ้านพักของนายจรวด
23-23033-116.wav	เช่นเดียวกันนี่คือทั้งสองคนนะคะก่อนที่จะไปอุ้มตัวนายจรวดออกมา
8-8349-3.wav	ที่จังหวัดนี้นะครับเพชรชบูรณเพชรบูรณ์(เพชรชบูรณเพชรบูรณ์,เพชรบูรณ์)
23-23033-118.wav	ของนายจรวดเนี่ยเล่าแบบนี้ว่าณวันนั้นจริงมีกลุ่มชายชะกันมาทั้งหมด8คน
23-23033-52.wav	นายหนึ่งช่วยเหลือเสียแป้ง
23-23033-98.wav	ใช่ย้ายให้ไปที่อื่นแต่สุดท้ายตำรวจนายนี้ก็ได้ย้ายกลับมาที่เดิมอีก
23-23033-9.wav	ใช่ฮะเรียนถึงนายกรัฐมนตรีรองนายกนะฮะคุณสมศักดิ์เทพสุธินดรธนกฤษจิตอารีรัฐผู้ช่วยรัฐมนตรีนี่ที่มารับจดหมายด้วยตัวเองข้าพเจ้านายชาวลิศทองด้วงเป็นนักโทษชายที่หลบหนีออกจากเรือนจำกลางนครศรีธรรมราชขอร้องเรียนมายังผู้บริหารประเทศไทยนี้มีข้อความที่จะบอก
23-23034-58.wav	หลวงขุนน้ำนางนอนนี่เป็นถ้ำหินปูนเพราะฉะนั้นความหนาแน่นของหินนี้ก็อาจจะไม่หนามากนะครับ
8-8350-17.wav	หน้าร้านสะดวกซื้อสาขาพัทยาใต้จังหวัดชลบุรีค่ะ
8-8350-54.wav	นายจำนงทองโชชัด(ทองโชชัด,ทองโชติ)อายุ51ปีคนขับรถแท็กซี่
8-8352-12.wav	อย่างไรก็ตามนายประจักรชัย(ประจักรชัย,ประจักษ์ชัย)โพสต์เฟซบุ๊คแบบนี้คุณผู้ชมเป็นรูปล่าสุดเลยนะ
23-23038-24.wav	คุณแม่ที่ขี่จักรยานยนต์มาชื่อนางสาวลักษมีแสงสังอายุ30ปีนะครับลูกสาวอายุ7ขวบชื่อน้องมีนานั่งอยู่ด้านหน้าจักรยานยนต์ที่แม่ขี่มานะฮะ
16-16672-57.wav	ซึ่งบ้านของนายสมคิตอยู่ใกล้กับภูผาพางนะครับ
23-23038-38.wav	คนขับรถเมคันนี้ชื่อนายทองชัยอายุ62ปี
23-23039-22.wav	ด้านนางธัญญาธีรวงศกรประชาชนที่มาเขียนแสดงความอาลัยนะคะ
23-23039-26.wav	สำหรับใครที่อยากเดินทางไปลงนามร่วมแสดงความอาลัยต่อพลเอกเปรมนะคะ
23-23039-4.wav	เพื่อให้ประชาชนสามารถเดินทางไปเขียนลงน้ำไว้อะไรได้
23-23040-10.wav	ทำให้น้องหญิงวิวาสกับนายตำรวจคนดังกล่าวเรื่องหึงหวง
23-23040-25.wav	แม่น้ำแควร์น้อยจังหวัดกาญจนบุรี
23-23041-40.wav	เทศบาลเมืองแสนศุกร์หรือบางแสนจังหวัดชลบุรี
23-23043-13.wav	ตำรวจสภ.รัฐนาธิเวศทราบชื่อภายหลังคือนายปิยพรครับ
23-23045-0.wav	สวัสดีครับท่านผู้ชมครับมาจนถึงวันเสาร์วันนี้สุดสัปดาห์เรื่องของนายบอสก็ชัดเจนขึ้นมาในหลายมุมครับโดยเฉพาะมุมที่จะให้มีการลื้อคดีขึ้นมาทำไมสอบใหม่
23-23045-63.wav	นี่คือสิ่งที่คาใจประชาชนคาใจเรื่องนายบอสก็พอจะหายคลายใจขึ้นมาได้หน่อยหนึ่ง
23-23046-21.wav	ที่วัดบ้านแก่ตำบลศรีพรานอำเภอแสวงหาจังหวัดอ่างทอง
23-23046-3.wav	หนึ่งเดียวในโลกคำนี้ยังใช้ได้กับประเพณีไทยที่เป็นพิธีกรรมท้องถิ่นประจำพื้นที่หรือจังหวัดนั้นให้ลูกหลานได้สืบทอดกันมาอย่างช้านาน
23-23046-50.wav	กลายเป็นประเพณีประจำจังหวัดและสืบทอดกันมาจนถึงปัจจุบัน
16-16675-27.wav	โดยนายชัดชัยสิริไลกรรมการผู้จัดการธนาคารอาคารสงเคราะห
23-23047-4.wav	นี่ที่บ้านเลขที่33หมู่6ครับตำบลบางรกรรมอำเภอโพทองที่จังหวัดอ่างทอง
23-23050-36.wav	เผื่อเวลาในการเดินทางด้วยค่ะ
23-23051-27.wav	นายชัยพฤษจรูนพงศ์ท่านรองผู้ว่าราชการจังหวัดสมุทรปราการ
23-23051-41.wav	ขณะที่นายประพิษจันมาท่านอธิบดีกรมชลประธานครับ
23-23052-6.wav	วันนี้ผมจะพาไปดูเหล็กไหลอีกที่หนึ่งที่จังหวัดพิษณุโลก
8-8352-6.wav	ฟังคำพิพากษานายประจักรชัย(ประจักรชัย,ประจักษ์ชัย)นะครับยื่นคำร้องขอประกันตัวเพื่อสู้คดีในชั้นอุทธรณ์
8-8352-7.wav	ฟ้องนายประจักรชัย(ประจักรชัย,ประจักษ์ชัย)นะครับที่ออกมาเคลื่อนไหวช่วยเหลือ
23-23054-51.wav	ห้าแยกฉลองมุ่งหน้าหาดราวัยนะครับที่อำเภอเมืองจังหวัดภูเก็ตยังไงขับรถก็
23-23054-8.wav	อำเภอบางบานจังหวัดพระนครศรียุธยาครับเห็นกันไปแล้วใช่ไหม
23-23055-23.wav	ส่วนนางอารีคงเลิศแม่ของผู้ตายครับก็อยู่ในที่เกิดเหตุ
23-23057-14.wav	ตอนที่นักร้องอย่างนายศรีสุวรรณจัญญา
23-23057-24.wav	สารก็พิเคราะห์ว่าการกระทำของนางสาวพันนิกาเนี่ย
23-23059-0.wav	ผลตำรวจโทนันทเดชย้อยนวลผู้บัญชาการตำรวจภูธรภาค9แถลงจับกลุ่มขบวนการค้ายาบ้ารายใหญ่ในพื้นที่6จังหวัดภาคใต้ตอนล่าง
23-23059-5.wav	ปฏิบัติการจับกลุ่มยาเสพติดล็อตใหญ่ครั้งนี้เจ้าหน้าที่วางแผนล่อซื้อยาบ้าห้าหมื่นเมตรจากนายทรงยศและนายวรวรรณ
8-8354-1.wav	เพราะว่าอะไรคุณเวย์(คุณเวย์,เวย์ ไทเทเนียม)เนี่ยกระโดดตกเวทีระหว่างเล่นคอนเสิร์ตที่จังหวัดระยองเข้าเฝือกไปเลยจ้า
23-23059-9.wav	พักเอาไว้ในพื้นที่อำเภอป่าบอนจังหวัดพัทลุง
23-23061-11.wav	และพบว่ามีนายมามะรุสลันเป็นสามีที่ถูกทางการมาเลเซียจับกลุ่มที่โคตาบารู
8-8357-32.wav	ล่าสุดนะคะมีรายงานเรื่องของนายพระฤทธิวรักษ์(พระฤทธิวรักษ์,พริษฐ์ ชิวารักษ์)
8-8365-176.wav	เป็นเงินของลูกทั้งหมดของนางนี่แหละ
23-23061-4.wav	อำเภอจนะจังหวัดสงขลาเข้าตรวจค้นรถยนต์คันหนึ่ง
23-23061-5.wav	โดยมีนายจิตพานุแซ่เห่งคนขับรถรถแล้วก็นางบุหลันทารีสืบที่โดยสารมาด้วย
23-23061-8.wav	ให้กับนักค้ายาเสพติดในอำเภอสุงหายโกลกจังหวัดนราธิวาส
23-23062-164.wav	จังหวัดพะเยาเกิดขึ้นเมื่อวันที่28พฤศจิกายนที่ผ่านมานี้เองนะครับ
23-23062-176.wav	นี่แหละครับคุณผู้ชมฮะยังคงอยู่ที่จังหวัดพะเยานะครับช่วงลมหนาวมาเยือนแบบนี้พาเข้าวัดไปส่องนกยูงป่ากันนะครับ
23-23062-190.wav	คุณผู้ชมฮะดูของสวยงามแล้วเราไปดูกันต่อที่จังหวัดแพร่ครับมาถึงฤดูการเก็บใบไม้ทองคำ
23-23062-217.wav	จังหวัดนครราชสีมาบอกพี่กัดแบบนี้แล้ว
8-8369-12.wav	เดินทางไปที่บ้านของนายเสริมวุฒิโฆษมบัติ(โฆษมบัติ,โฆษิตสมบัติ)พร้อมแสดงหมายเรียก
23-23062-244.wav	คุณผู้ชมฮะเราไปล่องใต้กันบ้างไปดูทะเลหมอกที่อำเภอเบตงจังหวัดยาราที่นั่นเนี่ยสวยงามไม่แพ้ทางภาคเหนือจริงจริงนะครับ
23-23064-19.wav	ก็น้องแยมนธิรานางเอกยิ้มสวยนะคะดีเจเจมส์นะคะก็ได้เดินทางมาใช้สิทธิ์ก่อนหน้านี้แล้วค่ะ
23-23064-1.wav	คุณเบลล่าราดีเธอก็เดินทางมาใช้สิทธิ์การเลือกตั้งครั้งนี้ด้วยนะคะ
23-23065-45.wav	ก็คือนางสาวอัญญานีท้ายนาวา
8-8369-18.wav	คนนั้นคือนายนัทพัฒน์คุณเถื่อน(คุณเถื่อน,ขุนเถื่อน)ช่วงเย็นของวันที่13เมษายน
8-8370-52.wav	พอท่องเที่ยวและกีฬาของจังหวัดคุณกัญญารัฐท่วมไทยสงฆ์(ท่วมไทยสงฆ์,ท่วมไธสง)บอกว่า
8-8370-78.wav	พรุ่งนี้วันแรกแล้วนะคะช่วงนี้ก็มีคนเดินทางจากระนองจากสงขลา
8-8373-12.wav	ไปถึงก็ซัดกันเลยอ้าวนี่รองนายกอบต.ก็ซัดตอบเห็นไหมฮะค่ะ
23-23065-53.wav	ระงับการออกอากาศของเธอก็คือนางสาวอัญญานีท้ายนาวาทั้งหมด
23-23065-7.wav	นี่ภายในห้างดังของจังหวัดเชียงใหม่
23-23066-22.wav	นาการพิเศษสำนักงานขนส่งจังหวัดราชบุรีเขาบอกว่ามีการเรียกเจ้าของรถกระบะมาแล้ว
23-23066-2.wav	จังหวัดราชบุรีจะไปขอเจ้าสาว
23-23067-17.wav	ท่านพูดนะครับมันเป็นเรื่องของไตภาคีจังหวัดนะครับ
23-23070-19.wav	กระทั่ง8ธันวาคมนายสิทธาเบี้ยบังเกิด
23-23070-28.wav	นายสิทธาพร้อมร้อยตำรวจโทจรูล
23-23070-34.wav	ธันวาคมนายปรีชาเดินทางไปที่สถาบันนิติวิทยาศาสตร์
23-23070-4.wav	เรื่องราวของหวยอลละเวง30ล้านที่จังหวัดกาญจนบุรี
23-23070-5.wav	ได้เริ่มต้นจากนายปรีชาไคร่ครวนครูชำนาญการพิเศษ
23-23070-66.wav	ขณะที่นางปนัญชยาสุขภูลหรือเจ๊เกียว
8-8377-10.wav	ชื่อว่านายทวีศักดิ์มาสวิจิตร(มาสวิจิตร,มาศวิจิตร)อายุ54ปี
8-8378-32.wav	กลางถนนพบนายชุดสนะโชธพรม(ชุดสนะโชธพรม,ชุติศร โชติพรม)อายุ25ปี
23-23070-7.wav	วันที่1พฤศจิกายน2560จากนางรัตนาพรสุภาทิพย์
23-23072-15.wav	อนุญาตให้นำนายอัธพรบุญมากช่วยอายุ38ปีผู้ที่ป่วย
23-23072-52.wav	ด้านภรรยานั่นก็คือนางสาวสาวิตรีชูยัง
23-23075-8.wav	ส่วนฝ่ายผู้หญิงชื่อนางสาวนันทิชาสอนบุญช่วย
23-23076-179.wav	โดยนายสนทยาคุณปลื้มนายกเมืองพัทยาก็ได้ลงพื้นที่
23-23076-17.wav	รายละเอียดปลีกย่อยของแต่ละจังหวัดนี้
8-8380-32.wav	ตำรวจก็สอบปากคำนายเกรียงยะสวุฒิ(เกรียงยะสวุฒิ,เกรียงยศ วรวุฒิ)อายุ53ปี
23-23077-288.wav	เข้าใจว่าความรู้สึกของผู้กำกับนายนั้นน่าจะเครียดมาก
23-23077-292.wav	สำหรับปมของผู้กำกับนายนั้นที่มาคมขู่
23-23077-43.wav	ที่เกี่ยวข้องตำรวจที่เข้าไปเจอศพทั้ง5นาย
8-8380-4.wav	ผู้ปกครองท่านนี้ก็คือนายเกรียงศักดิ์แก้วตายาศ(แก้วตายาศ,แก้วตายศ)
8-8381-201.wav	ฝ่ายยุทธการฝูงบิน701กองบินที่7จังหวัดสุราษฎร์ธานี
23-23078-10.wav	แทงเข้าที่ไทยทอยนายทวีศักดิ์ชูขัน
23-23078-15.wav	ตามถนนในหมู่บ้านและระหว่างทางทวงเงินกับนายทวีศักดิ์
23-23078-32.wav	อาการยังสาหัสค่ะอยู่ที่โรงพยาบาลทุ่งสงศ์มีภรรยาก็คือนางสาวพัชรีหิรันรัฐ
23-23078-6.wav	นายประสิทธิ์จันมณีกำนันตำบลกุระได้นำตัวนายไกรสอนบุญมาหรือบิลลี่
8-8381-310.wav	จริง1617181920บางจังหวัดด้วยก็อาทิตย์นี้ทั้งอาทิตย์
23-23078-8.wav	จังหวัดนครศรีธรรมราชช่วงค่ำสิบแปดตุลาคมที่ผ่านมา
8-8381-312.wav	พรุ่งนี้ผมตอนเช้าเดินทางไปอะไรนะบุรีรัมย์
23-23079-21.wav	ขณะที่นายมานิดสังพุ่มสสสุรินทร์พักเพื่อไทย
8-8381-360.wav	อยู่ในสวนของนายสินทิโชคสุวรรณคิรี(สุวรรณคิรี,สุวรรณคีรี)อายุ35ปีชาวอำบ้านอำเภอน้ำพุง(น้ำพุง,น้ำโสม?)
8-8381-361.wav	หมู่6ตำบลด่านซ้ายจังหวัดเลย
23-23080-11.wav	ทีนี้กู้ภัยก็ต้องใช้อุปกรณ์ตัดทางแล้วก็นำร่างคนตายคือนายพิทักษ์เตชะนัน
8-8381-504.wav	ชาวบ้านได้มีการทยอยเดินทางมารวมถึงจุดทูบ(ทูบ,ธูป)
23-23081-100.wav	โดยพี่ชายของเสียเต้ยก็คือนายสนองสุรรณกุลนะครับ
23-23081-15.wav	ถ่ายรูปคู่กับนายสมภารสุรรณกุลหรือว่าเสียเต้ย
23-23081-172.wav	อายุ39ปีคือนางสาวหัตตีนะครับ
23-23081-213.wav	แล้วก็ในวันนี้ที่เดินทางมานั้นก็เพื่อจุดทูปขอเคารพศพเพื่อขออโหสิกรรมต่อกันนั่นเองนะครับ
23-23081-65.wav	อ๋อก็คือนางวันนาลีปัญญาสัยอายุ48ปี
8-8384-0.wav	เดินทางค้นหาเมนูเส้นอนาชาติ(อนาชาติ,นานาชาติ)บนทางหลวงหมายเลขสิบสอง(สิบสอง,12)กันต่อค่ะซึ่งระหว่างการเดินทางเราก็จะได้สัมผัสกับบรรยากาศแม่กไม้และเมฆหมอกบนยอดเขาตลอดสองข้างทางเลยทีเดียวตอนนี้ก็เดินทางมาถึงร้านที่สอง(ที่สอง,ที่2)กันแล้วจะเป็นอะไรไปชมกันค่ะ
23-23081-66.wav	ส่วนเสียเต้ยนายสมภารสุรรณกุลอายุน้อยกว่า
23-23081-95.wav	ทีมข่าวของเราก็เดินทางไปที่บ้านของเสียเต้ย
23-23081-96.wav	ที่บ้านคำบรตำบลหนองแสงอำเภอหนองแสงจังหวัดอุดรธานี
23-23084-15.wav	ไปที่บ้านของนายคมกริจชมบัวก่อน
23-23084-16.wav	หรือว่าคุณนนท์อายุ29อยู่ที่อำเภอลำดวนจังหวัดสุรินทร์ครับ
23-23084-20.wav	มาให้กำลังใจพ่อและแม่ของนายคมกริจ
23-23084-23.wav	หลังจากที่พ่อกับแม่ของนายคมกริจนั้น
23-23084-32.wav	ขอให้นายคมกริจนั้นกลับมาโดยสวัสดีภาพ
23-23084-34.wav	นายคมกริจเคยถ่ายเอาไว้ด้วยนะฮะ
23-23084-53.wav	น้องชายเห็นว่าภูมิลำเนานั้นเป็นคนบ้านแสนศุกร์อำเภอนาน้อยจังหวัดน่านด้วย
23-23084-55.wav	วันนี้นักข่าวลงพื้นที่ไปไปคุยกับครอบครัวนายคมกริจ
23-23084-5.wav	คนแรกนายคมกริจชมบัวชาวจังหวัดสุรินทร์ครับ
8-8385-48.wav	อ่ะใครชอบอะไรก็แบบนั้นนะครับนางสาวนัทรดาปราบประชา(ปราบประชา,ปราบปรีชา)ลูกของ
8-8385-66.wav	นางสาววิลัยลักษณ์(วิลัยลักษณ์,วิไลลักษณ์)สิงศรีทา(สิงศรีทา,สิงห์ศรีทา)
8-8386-30.wav	รวมการผ่าตัดออกและการนำไปใส่และเดินทาง
8-8389-0.wav	ส่วนที่จังหวัดชุมพรและจังหวัดระนองในช่วงเวลานี้
23-23084-72.wav	โดยงานที่เกี่ยวข้องเร่งช่วยเหลือเราเดินทางไปที่บ้าน
23-23084-8.wav	อุดรเหมือนกันคือนายมณีจิรชาติ
23-23084-9.wav	และคนที่4ครับนายนัทพรอ่อนแก้ว
23-23085-20.wav	ก็มาท่องเที่ยวมาทำกิจกรรมตามปกติ
8-8389-4.wav	มีบางคนนำรถจักรยานยนต์ติดตัวมาด้วยเพื่อว่าสะดวกในการเดินทาง
8-8389-6.wav	แต่ที่จังหวัดชุมพรกลับมีกลุ่มวัยรุ่นอายุ1416ปี
23-23085-24.wav	โดยหัวหน้าอุทยานแห่งชาติไซโยกก็คือนายพนัชกรโพธิบัณฑิต
23-23087-17.wav	ทางด้านของนางช่วยมังสุกนะครับซึ่งเป็นหลานสะพ้ายของคุณตาสมบูรณ
8-8393-6.wav	ขาใหญ่ขาใหญ่ในพื้นที่ของบ้านในทอนตำบลทุ่งค่ายอำเภอย่านตะขาว(ตะขาว,ตาขาว)จังหวัดพัทลุง
23-23087-18.wav	เล่าให้ฟังบอกว่าเมื่อ2ปีก่อนนางช่วยเอง
23-23087-29.wav	เสาร์ที่1พฤษภาคมก็เห็นผู้ชายชรารูปร่างคล้ายกับนายสมบูรณ์นี่แหละครับ
23-23087-37.wav	ล่าสุดญาติพี่น้องก็พากันไปหานายคำปองเหล่าศรีชัย
23-23087-4.wav	เหตุการณ์นี้เกิดขึ้นในพื้นที่ของตำบลบ้านจันทร์อำเภอเมืองจังหวัดอุดรธานีนะครับ
23-23087-5.wav	ญาติพี่น้องออกตามหานายสมบูรณกาศีอายุ75ปี76ปีนะครับ
23-23094-10.wav	ไปพบนายคมสรรเสนารายอายุ35ปีคมสรรเนี่ยถูกยิงที่สะโพกได้รับบาดเจ็บสาหัสนะคะ
23-23094-11.wav	แล้วก็พลเมืองดีในงานกระถิ่นเนี่ยรีบนำตัวนายคมสรรคนนี้ส่งโรงพยาบาลค่ะ
23-23094-8.wav	นัดด้วยกันนะครับทีเนี้ยไปตรวจสอบเบาะคนขับไปพบร่างของนายขวัญชัยทองคำ
23-23096-20.wav	รับน้องนอกสถานที่ที่กลางทุ่งนาในอำเภอแม่บริมจังหวัดเชียงใหม่
23-23098-1.wav	คือคนนึกว่าเล่นน้ำได้บางคนวันนี้เดินทางไปถนนเข้าสาร
23-23098-38.wav	ผู้ที่เดินทางมาที่ถนนเข้าสาร
23-23101-5.wav	สู้วัย21ปีเปิดเผยว่าตื่นเต้นกับการเดินทางไปชกที่จีนครั้งแรก
23-23101-6.wav	และทุกครั้งที่ได้เดินทางไปชกต่างประเทศการไปประเทศใหม่เปรียบเสมือนการเปิดประสบการณ์ใหม่นะครับ
23-23102-11.wav	โดยเจ้าของรถคือนายกู้เกียจได้รับบาดเจ็บมีแผลถลอกตามร่างกายศีรษะแตก
23-23103-0.wav	คุณผู้ชมครับที่จังหวัดปราจีนบุรี
23-23103-9.wav	แถวนี้คือวัดด่านตะกัวสามัคคีหมู่ที่14ตำบลนาดีอำเภอนาดีจังหวัดปราจีนบุรี
23-23104-108.wav	ถูกต้องเขาชื่อนายสายยนศรีบุรินอายุ30ปีเป็นพ่อค้าผลไม้
23-23104-129.wav	นายสายยนก็โพสต์เอาไว้เหมือนกันนี่อ่าหยุดไว้หน่อยหยุดหน่อยอ่า
23-23104-197.wav	ชื่อเป็นมงคลมากอ่าคุณรวยเป็นแฟนของนายสายยนบอกว่า
23-23104-1.wav	ถ้าท่านยังจำได้สกลนครนะฮะป้าภัยเขาอยู่แถวพระธาตุแล้วก็เป็นนางรำ
23-23104-31.wav	นายรณรงค์เขาใส่เอาไว้คือฟังไปฟังมาเนี่ยยุ่งเข้าไปอีก
23-23105-242.wav	อ่าป้าเล็กนางกูซูมาปังเซ็นนะฮะ
23-23105-277.wav	เหมือนกันครับคุณผู้ชมที่จังหวัดสมุทรปราการมีผู้ชายคนหนึ่งท่าทางคือ
8-8407-27.wav	พอคุยกันปุ๊บเอาล่ะถูกคอกันเกิดความรักนัดเจอกันที่อำเภอธาตุพนมจังหวัดนครพนม
23-23105-32.wav	เป็นอดีตในแพทย์ประจำโรงพยาบาลกรตาจังหวัดกระบี่
23-23105-496.wav	ที่วัดเกาะหงจังหวัดนครสวรรค์
23-23105-6.wav	ก็ขอให้มีความสุขมากมากในวันหยุดยาวแบบนี้นะครับยังไงก็เดินทางไปไหนมาไหนก็ขอให้ปลอดภัยกันด้วย
23-23106-143.wav	จังหวัดตากอันนี้มหัศจรรย์จริงคุณอยากนำเสนอข่าวนี้มากเลย
23-23106-48.wav	เพราะว่านายกอบตหนองขาบอกว่าจริงมันก็เหมือนกับ
23-23110-14.wav	ปทุมวันนางเริงจึงมีเรื่องราวมาแชร์กันในโลกทวิตเตอร์
23-23110-154.wav	หนาวร้อนกันเลยทีเดียวอ่ะนะคะที่แม่สอดก็ระทึกประกาศตามหาตัวชายคนหนึ่งที่ขับรถพาหญิงที่ติดโควิดข้ามมาจากพม่าเนี่ยแล้วก็หายไปคือตอนนี้เขาประกาศตามหาตัวคนนี้มากมากจากกรณีที่ผู้ป่วยติดเชื้อไวรัสโควิด19เป็นหญิงอายุ17ปีนะคะเขามีการลักลอบเดินทางจากประเทศเมียนมาเข้ามาทางประเทศไทยคือมาทางน้ำเดินทางมาทางน้ำ
23-23110-296.wav	ตามหาเงินก็คือนางสาวชาลาลัย
23-23110-406.wav	ใช่ใช่ใช่นางบอกนางเกรงใจแฟนใหม่แล้วนางก็ยังส่งรูปแฟนใหม่ของนางมาให้ดู
23-23110-407.wav	เหรอเธอคือแบบนางก็บอกว่าอ่าเนี่ยวิธีการทำบุญของนางตอนนั้น
23-23110-457.wav	กรณีการเสียชีวิตของนายสมภารนะครับ
23-23110-458.wav	นายสมภารเนี่ยอายุ41ปีหรือเสียต้อย
23-23110-469.wav	วันนี้นางเปิดใจนางบอกอย่างแรกนางต้องพูดก่อน
23-23110-470.wav	นางส่งพวงหลีดเป็นรูปหัวดอกกุหลาบสีแดงไปให้
23-23110-471.wav	นางบอกเลยว่านางเสียใจต่อการจากไปของเต้ย
23-23110-489.wav	สินนางก็บอกว่าอย่ามามองนางอย่างนั้นว่านางอยากจะได้แบบว่า
23-23110-490.wav	มรดกมรดกนางไม่ได้อยากได้
23-23110-516.wav	ท่านผู้ชมครับผู้สื่อข่าวรายงานมาจากจังหวัดเพชรชบูรณ์
23-23110-555.wav	กลายเป็นนางเอกเนื้อหอมแต่คนก็ไปบอกเฮ้ยนางเนี่ยเราคุยกับช่องเจ็ดหรือเปล่า
23-23110-560.wav	มารินนางก็มีอยู่เรื่องหนึ่งของพี่ชอต
23-23110-569.wav	นางก็มาแล้วก็มีอีกหลายเรื่องรู้สึกจะเป็นของทางช่อง8
23-23110-584.wav	ปรากฏคนก็แบบว่าดราม่าใส่นางอ่ะมีชาวเน็ตคนนึงว่าไม่ดูค่ะฝากให้แม่ดูเถอะค่ะ
23-23110-66.wav	เดินทางไปสำนักงานทรัพย์สินส่วนพระมหากษัตริย์นะครับ
23-23112-21.wav	นางสาวเจษฎาพรวงสกุลเกียรติอายุ37ปี
23-23113-0.wav	ไปดูเรื่องโหดที่เกิดขึ้นที่จังหวัดพัทลุงกันหน่อยนะฮะ
23-23113-23.wav	ชื่อว่านางจิราภาเพชรสุขจิรภาเนี่ยอาศัยอยู่ที่บ้านหลังใกล้กัน
23-23113-35.wav	พันธุ์ตำรวจเอกโชควัดเหลือวิลัยเป็นรองผู้บังคับการตำรวจภูธรจังหวัดพัทลุงนะครับ
23-23114-54.wav	ทางด้านของมูลนิธิร่วมกับตันยูนะครับล่าสุดเนี่ยมีการเดินทางไปรับศพแม่ลูกคู่นี้ออกจากโรงพยาบาลบรามาธิบดีจากกรีนริบดินสมุทรปราการแล้วเอาไปให้ครอบครัวตั้งบำเพ็ญกุศลที่วัดบางพีใหญ่กลางนะโดยทางด้านของท่านเจ้าอาวาสก็ให้ความอนุเคราะห์รับศพไปบำเพ็ญกุศลให้แล้วก็สวดปุ๊บชาปนกิจ
23-23117-11.wav	นายสุธิพงศ์ทัศน์พิทักกุลหรือฮาร์ดนักร้องพิธีกรชื่อดัง
23-23117-12.wav	เดินทางไปที่สถานีตำรวจนครบานสุธิศาล
23-23117-14.wav	ที่ตำรวจยึดมาได้จากนายทองหล่อวิทย์ไทยสงฆ์
23-23117-52.wav	ตำรวจขยายผลจับกลุ่มจับนายอัครเดชลาบกิจดีผู้ต้องหาที่รับซื้อจักรยานจากนายทองหล่อได้ด้วยนะคะ
23-23120-2.wav	อีสานเนี่ยหลายจังหวัดเลยค่ะไม่ว่าจะเป็นนครราชสีมาสุรินทร์บุรีรัมย์ศรีสะเกษค่ะ
23-23120-4.wav	จังหวัดนครนายกชลบุรีปราจีนบุรีระยองฉะเชิงเทราจันทบุรีสระแก้วตราดค่ะ
23-23122-19.wav	รับปากกับนายเป้ไปลุงถอนตัวก็ได้จ้ะ
23-23124-23.wav	ข้อหาลุกป่าสงวนในพื้นที่จังหวัดราชบุรี450ไร่
23-23126-26.wav	และที่สำคัญคนที่ก่อเหตุคือลูกแท้นายธีรพงศ์นี่แหละค่ะ
23-23126-9.wav	พยายามจะเกลี้ยกล่อมผู้ชายคนนี้นายเปิ้ลเนี่ยเขาชื่อว่านายธีรพงศ์ทองแจ้งอายุ39ปี
23-23127-28.wav	ว่าราชการจังหวัดพังงาออกมา
23-23128-1104.wav	นี่นะคะก็มีพ่อปู่ฤษีมณีโชธศิวเทพค่ะจากอาสมในจังหวัดนครราชสีมา
23-23128-11.wav	นี่คือนางสาวิตรีวงศรีชาแม่น้องชมพู่
23-23128-136.wav	แล้วก็มีชาวบ้านเดินทางมาจากอำเภอประทุมรัฐจังหวัดร้อยเอ็ด
23-23128-228.wav	สืบสวนตำรวจภูธรจังหวัดมุกดาหารห่างจากบ้านที่บ้านกอกก็
23-23128-257.wav	แต่ก็อยู่ในจุดเดียวกันนี่แหละที่กองกับการสืบสวนภูธรจังหวัดมุกดาหาร
23-23128-375.wav	นี่เป็นภาพที่บ้านนะทีนี้นายสมคิดเนี่ยนะครับเมื่อวานนี้ถ้าท่านจำได้
23-23128-383.wav	นายสมคิดกับญาติออกมาพูดถึงเรื่องนี้เขาก็รีบไปเลยเมื่อคืนนี้เขารีบไปเลย
23-23128-386.wav	พูดกันปากต่อปากพูดต่อกันไปหาว่าเขาไปกล่าวหานายสมคิดก็เลยเข้าใจผิด
23-23128-476.wav	คนที่สองชื่อนายรินนะครับเขายืนยันว่าเขาไม่ใช่คนก่อเหตุแน่
23-23128-848.wav	แล้วก็เดินทางต่อนี่ค่ะผมมีวาดอีก
23-23130-62.wav	เดินทางไปที่วัดพุทธประทีปกรุงลอนดอนประเทศอังกฤษ
23-23131-11.wav	เขาทำไปตามกฎแล้วไม่ได้นี่แหละค่ะคือนายมาเชลเลอองโบเรล
23-23131-16.wav	ญาติของนายมาเชลก็เลยโทรศัพท์ไปบอกบอกแม่ของเด็ก
23-23131-24.wav	ญาติของนายมาเชลที่เป็นล่ามภาษาไทย
23-23131-26.wav	ที่นายมาเชลยังคลางแคลงใจก็คือเรื่องของสาเหตุการตายของลูกชายคนเล็ก
23-23133-106.wav	จากการสอบถามนายสุธิเกียจนนนทิจันทร์อาของน้องการเปิดเผยว่า
23-23133-112.wav	ขณะที่นายเกรียงวุฒิเจ้าของสวนยางที่มาพบศพน้องคนแรกก็กล่าวว่า
23-23133-218.wav	นายจุลินลักษณะวิสิทธิ์รัฐมนตรีว่าการกระทรวงพาณิชย์
23-23133-366.wav	แต่บอกว่านางบอกว่าตื่นขึ้นมาจากห้องดับจิตค่ะไม่มีญาติมารับศพหรอกค่ะเป็นงงแมส
23-23133-377.wav	ครูชายเนี่ยตัดผมจนเว้าแหว่งก็กรณีที่นางสาวจินนามสมมุติ
23-23133-379.wav	หนึ่งในเขตอำเภอยางชุมน้อยจังหวัดศรีสะเกษใช้มีดกัน
23-23133-420.wav	ของจังหวัดชุมพรก็เพื่อที่จะถ่ายภาพเก็บข้อมูลไก่ฟ้าหน้าเขียว
23-23133-796.wav	สบูรนนะคุณเนี่ยน่ากลัวจริงนี่มีคนหนึ่งแบบว่านางลงเฟซบุ๊คอีเกลือ
23-23133-96.wav	ที่เป็นของลูกสาวของนางสาวจันทนาผู้เป็นอาย
23-23133-98.wav	วางอยู่บนหน้าสารพระภูมิแล้วมีรูปปั้นนางรำ56ตัวอยู่ในสภาพที่ถูกจับหักหัว
23-23134-16.wav	พบนายเปรี้ยวถูกยิงหายใจรวยรินเพิ่งสูญเสียสามีแท้ยังมาเกิดเหตุร้ายที่บ้านอีกจนได้
23-23134-29.wav	จนเกิดปืนลั่นเจาะอกนายสัญชัยจนล้มคว่ำ
23-23134-9.wav	หมู่บ้านหินไก่เขียตำบลทุ่งโพอำเภอหหนองฉางจังหวัดอุทัยธานี
23-23135-115.wav	เขาก็เลยมาดำเนินคดีนายอัชริยะ
23-23135-11.wav	การไลฟ์ครั้งนี้นายอาชิริยะเรืองรัตนพงศ์
23-23135-129.wav	ทยอยเดินทางไปหาลุงพลแล้วก็ป้าแตนนะฮะ
23-23135-131.wav	ลุงพลป้าแตนไม่อยู่บ้านเดินทางไปที่จังหวัดอุบลราชธานี
23-23135-160.wav	ก็คือนางสาวิตรีแล้วก็นายอนามัยวงศรีชารวมถึงน้องสดิ้ง
23-23135-161.wav	แล้วก็ยังมีน้องก๋วยเจ๋งแล้วก็นายนาบรินหลาโพหรือว่านาแต
23-23135-4.wav	แต่เมื่อวานนายอาชียะเรืองรัตนพงศ์ประธานชมรมช่วยเหลือเหยื่ออาจยกรรมเนี่ย
23-23135-80.wav	นี่แหละครับคุณผู้ชมฮะสิ่งที่นายอาชียะพูดมาทั้งหมด
23-23136-14.wav	แล้วก็นี่เลยขนาดคลิปที่เจ้าตัวเนี่ยอำลาทีมงานแล้วก็กำลังจะเดินทางกลับมาไทยค่ะ
23-23136-5.wav	ติดอยู่ในถ้ำหลวงขุนน้ำนางนอนจังหวัดเชียงรายค่ะ
23-23140-13.wav	เป็นโจทย์ฟ้องนายอภิดิษฐ์อินทุลักษณ์
23-23140-21.wav	นายอภิดิษฐ์ให้การปฏิเสธแล้วก็ต่อสู้คดีมาโดยตลอด
23-23140-25.wav	ซึ่งเมื่อวานนี้นายสิทธาเบี้ยบังเกิดหรือทนายตั้ม
23-23140-28.wav	ต่อมาธนายความของนายอภิดิษฐ์ครับ
23-23145-16.wav	จากการสอบถามนายเอกรินถุระพัฒน์อายุ19ปีผู้ได้รับบาดเจ็บ
8-8414-10.wav	เพราะฉะนั้นเมื่อเรื่องราวเดินทางมาถึงจุดนี้
23-23146-118.wav	ส่วนที่อำเภอแกลงจังหวัดระยองหมดแล้วนะฮะ
23-23146-125.wav	ศิลปินท่านอื่นแสดงสื่อให้จังหวัดยะลา
23-23146-152.wav	เพราะว่าทุกอย่างปกติเหมือนบ้านเราเหมือนกรุงเทพเหมือนหลายจังหวัดนี่แหละ
23-23146-179.wav	คือคุณอุดมแต้พาณิชย์ลงไปจังหวัดยะลา2ปีแล้ว
23-23146-27.wav	ซึ่งนายราชิตสุดพุ่มรองผู้ว่าราชการจังหวัดยะลา
23-23146-31.wav	เพราะว่านายราชิตสุดพุ่มรองผู้ว่าราชการจังหวัดยะลา
23-23146-34.wav	เล่าประสบการณ์ในการเที่ยวที่จังหวัดยะลา
23-23146-42.wav	แล้วก็นายราชิตบอกว่าเข้าใจว่าโน้ตอุดมมีอาชีพเป็นนักพูด
23-23146-80.wav	ก่อนหน้านี้นายดายุดีนอุสมาน
23-23146-81.wav	นักวิชาการใน3จังหวัดชายแดนภาคใต้
23-23146-88.wav	ด้านของนายคลองธรรมแทร่เจนปราศชาวบ้านยาลา
8-8415-68.wav	เพื่ออะไรคุณเพื่อพาตัวเดินทางมาที่กรุงเทพมหานคร(กรุงเทพมหานคร,กทม.)เพียงคนเดียว
8-8416-27.wav	นายธนวัฒนพลวิชัย(ธนวัฒนพลวิชัย,ธนวรรธน์ พลวิชัย)กรรมการและโฆษกคณะกรรมการสลากินแบ่ง(สลากินแบ่ง,สลากกินแบ่ง)รัฐบาลเปิดเผยว่า
8-8418-10.wav	นางสาววันนลี(วันนลี,วรรณลี)แสนชาติอายุ56ปี
8-8418-12.wav	ผู้เสียหายคือนางสาวสินวพร(สินวพร,ศิริพร)หอมกลางอายุ33ปี
8-8419-10.wav	โดยการตายของนายคลัสเติ้ล(คลัสเติ้ล,ฟิลันโด คาสตีล)นั้นเกิดขึ้นเพียงวันเดียวหลังจากที่นายอัลตันสเตอร์ลิง(อัลตันสเตอร์ลิง,อัลตัน สเตอร์ลิง)
8-8419-19.wav	ทางด้านนายบารักษ์(บารักษ์,บารัค)โอบามาประธานาธิบดีสหรัฐ
8-8419-24.wav	แสดงความเสียใจกับครอบครัวของนายคัสติน(คัสติน,คาสตีล)
8-8419-25.wav	พร้อมกับกล่าวถึงกรณีที่ภรรยาของนายคัสติน(คัสติน,คาสตีล)นั้นโพสต์
23-23147-13.wav	และครอบครัวของครูออสก็เดินทางมาพบสภาธนายความ
23-23147-27.wav	เพื่อศึกษาและให้คำปรึกษาข้อกฎหมายเกี่ยวกับเหยื่อคดีแอมสายนายนะครับ
23-23147-2.wav	เพราะวันนี้ครอบครัวเหยื่อคดีแอมสายนายเนี่ย
23-23147-8.wav	ครอบครัวของเหยื่อในคดีแอมสัยนายจำนวน14ราย
23-23148-27.wav	นายเสรีสุพราธิตนะคะซึ่งเป็นผู้ว่าการประปาส่วนภูมิภาค
23-23148-36.wav	เอาไปฟังเสียงนายเสรีค่ะ
23-23149-47.wav	ผู้บังคับการตำรวจภูธรจังหวัดเพชรชบุรีต้องมาสอบปากคำน็อตด้วยตัวเอง
23-23150-52.wav	เช่นเดียวกับนายนพัฒน์ด้วยนะคะคุณผู้ชมค่ะ
23-23150-71.wav	อ่าและอีกหนึ่งคนนะคะที่สดร้อนเลยเพิ่งจะเดินทางไปใช้สิทธิ์
23-23151-47.wav	ปรากฏว่านี่นายบุญกองและนางบุญกองและนายคำรณ
23-23153-17.wav	ส่วนคนที่รอดชีวิตเนี่ยคือนายอรุณมามาตรนะคะ
23-23153-22.wav	นายอรุณมามาตรนะคะเขาก็ขี่มอเตอร์ไซค์มาจอด
23-23153-27.wav	เหมหรือว่านายอรุณเขาก็เดินไปเอาถังที่อยู่หน้าเบาะ
23-23153-31.wav	ที่กู้ภัยจะมาถึงคุณระวีการได้คุยกับนายประสานเจ้าของบ้าน
23-23153-37.wav	เสือคือคนรอดนะคะบางเสือคือนายอรุณนะคะ
23-23153-38.wav	ปรากฏว่านายกอล์ฟหลานเจ้าของบ้าน
23-23153-3.wav	นี้เป็นแบบเดียวกันเลยนะคะเกิดขึ้นที่จังหวัดกระบี่ค่ะ
23-23154-28.wav	รอยต่อระหว่างอำเภอด่านซ้ายจังหวัดเลย
23-23154-45.wav	ซึ่งนายสำเนียงกัญญาประสิทธิ
23-23154-86.wav	อำเภอหลมเก่าจังหวัดเพชรชบูรณ์
23-23155-11.wav	บึงกุยสดืออีสานตำบลหัวขวางอำเภอโกสุมพิสัยจังหวัดมหาสารคามค่ะ
8-8423-363.wav	ซึ่งเราจะทำนายเป็น3หน้าเหมือนเดิมแล้วกัน
23-23156-11.wav	แต่รับสารภาพเพิ่มเติมว่าได้นำสายนายให้กับก้อย
8-8423-526.wav	ผลที่ตัวเองทำนายมันจะแม่นหรือไม่แม่น
23-23156-17.wav	บอกว่าอย่างแด้ก็นำสายนายใช้กับสารเสพติดเพื่อเสพเช่นเดียวกัน
23-23156-18.wav	แล้วก็อ้างว่าสายนายก็มาจากแด้นี่แหละ
8-8423-95.wav	มาทำนายกันเป็นอีกหนึ่งองค์ประกอบ
23-23156-20.wav	แอมเอาสายนายไปให้ทั้งก้อยและแด้ใช้ในการผสมกับยาเสพติด
23-23156-23.wav	แต่ก็บอกว่าการรับสารภาพว่านำสายนายไปมอบให้
23-23156-28.wav	แล้วก็พบสายนายทุกศพซึ่งการให้การเนี่ยเป็นสิทธิของผู้ต้องหา
23-23156-40.wav	ในเรื่องของที่มาของสายนาย
8-8427-167.wav	นายเขาวงศา(เขาวงศา,เขาวง)โทนแก้วชาวลาว
23-23159-0.wav	ส่วนที่จังหวัดเชียงใหม่นะคะมีประเพณีผีมดผีเมง
23-23159-10.wav	ของนายเทพฤษปาลีเป็นร่างทรงมา67ปีแล้วนะคะ
23-23162-109.wav	นายตั้มก็จะช่วยลุงพลทั้งเรื่องของคดีน้องชมพู่
8-8427-77.wav	ว่าตอนนี้สั่งให้ชุดสืบสวนตำรวจตรวจคนเข้าเมืองและตำรวจท่องเที่ยว
23-23162-263.wav	วันนี้ทีมข่าวธรรมรัฐทีวีก็เลยไปถามนางรำที่ลุงพลอ้างถึงนะครับ
23-23162-55.wav	ทีนี้ค่ะทนายสิทธาเบี้ยบังเกิดทนายตั้มค่ะเดินทางด้วยเครื่องบินนะคะ
23-23162-57.wav	บ่าย220นะคะก็มีทีมทนายความมีในแพทย์ร่วมเดินทางไปด้วย
8-8430-52.wav	ผันพุทธศรี(ผันพุทธศรี,ผัน พุทธศรี)ซึ่งเดินทางมาจาก
8-8431-35.wav	เอาล่ะคุณผู้ชมครับสำหรับการจัดงานในครั้งนี้ก็เป็นการส่งเสริมการท่องเที่ยวของจังหวัดเชียงใหม่นะครับ
8-8437-10.wav	นี่ค่ะนางสูเนตรา(สูเนตรา,สุนัตตา)คิดเสนวัย61ปี
16-16675-33.wav	ส่วนทางด้านนายอภิรมสุขประเสริฐผู้จัดการธนาคาร
8-8438-2.wav	หนึ่งในวิชาภาคบังคับขั้นพื้นฐานของนักเรียนชั้นประถมศึกษาปีที่2โรงเรียนวัดบางใหญ่(บางใหญ่,บางใหญ่)อำเภอบางปะม้า(บางปะม้า,บางปลาม้า)จังหวัดสุพรรณบุรี
16-16679-10.wav	สมาชิกภาพสอสอของนายพิธาลิ้มเจริญรัฐ
23-23162-63.wav	หลักเกณฑ์ของทางจังหวัดถ้าคุณมาจากพื้นที่ที่เป็นพื้นที่เสี่ยง
16-16681-10.wav	หลังเกิดเหตุนายนัทวุฒิได้ขับรถกระบะป้ายแดงหลบหนี
16-16681-11.wav	สำหรับนายนัทวุฒิและนายนัทพงศ์ก่อนหน้านี้เป็นเพื่อนรักกันมาก่อน
16-16681-15.wav	แต่มาระยะหลังนายนัทวุฒิมักคิดไปเอง
16-16681-16.wav	นายนัทพงศ์แอบชอบนางสาวอุ้มแฟนสาวของตัวเอง
23-23162-73.wav	แล้วก็เดินทางด้วยรถอีกสักประมาณ40กิโลเมตรก็จะถึงบ้านกกอกที่มุกดาหารคือพื้นที่ควบคุมสูงสุดและเข้มงวดของโควิด19
23-23162-74.wav	ตอนนี้พื้นที่สีแดงมีอยู่5จังหวัดสมุทรสาครชลบุรีระยองจันตราดทนายตั้มสำนักงานกลับบ้านอยู่สมุทรสาคร
16-16681-17.wav	ขณะที่นางสาวอุตสากล่องเงินแฟนสาวของผู้ตายบอกว่า
23-23162-77.wav	คือตรงนี้มันเป็นเรื่องของความเข้มงวดของแต่ละจังหวัดที่จะเพิ่มเติมแล้ว
16-16681-28.wav	อายุ53ปีแม่ของนายนัทพงศ์
16-16681-40.wav	หลังเกิดเหตุตำรวจชุดสืบสวนได้กระจายกำลังออกติดตามนายนัทธวุฒิ
16-16681-43.wav	สารจังหวัดนครปฐมจะออกหมายจับนายนัทธวุฒิ
16-16681-46.wav	ได้พานายนัทวุฒิเข้ามอบตัวกับพนักงานสอบสวน
16-16681-4.wav	ถุนบ้านของนายนัทธวุฒิไทยยิ้มตำบลดอนยายหอมอำเภอเมืองนครปฐม
16-16681-6.wav	เมื่อการพูดคุยกับนายนัทพงศ์มณีโชธหนึ่งในเพื่อนสนิทเกิดปัญหา
8-8442-39.wav	แล้วก็ทางด้านของนายสิริวัตรฝั่น(ฝั่น,ฝั้น)บ้านไร่อายุ21ปีก็บอก
16-16681-7.wav	ประกอบกับความมืนเมาจากฤทธเบียร์ทำให้นายนัทธวุฒิก่อเหตุใช้ปืนขนาด9มมยิงนายนัทพงศ
8-8442-3.wav	ที่แรกที่จะพาคุณผู้ชมไปดูคือที่จังหวัดกำแพงเพชรค่ะ
23-23164-15.wav	นางสุชีราละอองนวลอายุ55ปี
23-23164-27.wav	ขณะที่นายพงศธรพัทรศรีอายุ27ปีเป็นเพื่อนของผู้เสียชีวิตเล่าบอกว่า
23-23164-7.wav	ควานหาศพนายอภิวัฒน์กุญชัยอายุ37ปีเขาเป็นช่างซ่อมรถยนต์
23-23165-119.wav	นางสาวอิสเบลผู้หญิงคนนี้มาบอกว่าถูกวางยาในเครื่องดื่ม
8-8444-5.wav	ตำบลครูยายหมี(ครูยายหมี,คูยายหมี)อำเภอสนามชายเขตจังหวัดฉะเชิงเทรา
8-8445-0.wav	ข่าวแรกพาคุณผู้ชมไปที่จังหวัดชัยนาทกันก่อน
23-23165-127.wav	เพื่อนชายคนสนิทของผู้หญิงคนนี้มาปรึกษาว่ายังสามารถแจ้งความให้นางสาวอิสเบนได้ไหม
8-8445-3.wav	จิ๊กนวรัฐ(จิ๊กนวรัฐ,จิ๊ก นวรัตน์)เดินทางไปที่วัดทรงเสวยอยู่ที่อำเภอวัดสิงห์จังหวัดชัยนาท
23-23165-134.wav	นายมาตินได้ชกต่อยกับแฟนของนางสาวอิสเบลที่ก่อพงันด้วย
23-23165-140.wav	โดยนางสาวอิสเบลมาบ่นกับคุณพัทราเจ้าของที่พักว่า
23-23165-38.wav	ได้สอบถามนางซาล่า
8-8446-18.wav	ที่อำเภอบรรจาคิรี(บรรจาคิรี,มัญจาคีรี)นะครับทางด้านของนางสมพงศ์เปธา(เปธา,เปถา)ครับ
16-16683-29.wav	ล่าสุดค่ะนายวัชิระเชษรุ่งธวัฒน์วงศ์นายกเทศมนตรีตำบลเทพารักษ์นะคะ
23-23165-52.wav	ก็ต้องรีบเดินทางไปที่เกาะพงัน
8-8449-18.wav	นัดหมายรับตัวกันที่สถานที่แห่งหนึ่งในจังหวัดเชียงใหม่นั่นแหละ
16-16684-11.wav	นางสาวชนทิชาท่าหินอายุ30ปีเล่าเหตุการณ์เมื่อวันที่8เมษายนที่ผ่านมาบอกว่า
23-23168-1.wav	เอ็มสองจุดห้าลุกลามไปทั่วไทยกระทบหกสิบสามจังหวัดแล้วค่ะโดยเฉพาะแม่ฮ่องสอนนะคะ
23-23168-4.wav	เกินค่ามาตรฐานกว่าหกสิบสามจังหวัดจากข้อมูลของจิสด้าเปิดเผยว่าค่าเฉลี่ย
8-8456-46.wav	นายอิสรานานาวิชิต(นานาวิชิต,นานาวิชิต)ผู้ช่วยนายแพทย์สาธารณสุขจังหวัดเชียงใหม่ก็บอกว่า
8-8457-160.wav	นางจรัสนภาอินดี<MARK>นะครับ
8-8457-31.wav	โรงเรียนสอ(สอ,สอน)ทำอาหารในจังหวัดเชียงใหม่
8-8457-98.wav	แม่ค้าตลาดสดเทศบาลตำบลสังขะจังหวัดสุรินทร์
8-8462-3.wav	ตรงนี้เป็นรอยต่อพื้นที่หมู่5ตำบลไซทอง(ไซทอง,ไทรทอง)อำเภอชัยบุรีจังหวัดสุราษฎร์ธานีนะคะ
8-8464-50.wav	แล้วผู้ว่าจังหวัดกาญจนบุรีบอกว่า
8-8464-51.wav	ทางสสจจังหวัดจะช่วยประสานกับญาติ
8-8464-85.wav	แล้วก็พูดถึงประเด็นของกลุ่มตำรวจในหลายจังหวัดเนี่ยมันมีส่วนเกี่ยวข้อง
23-23174-29.wav	แล้วแต่ที่ใต้ตู้โดยสารนะครับพบศพนายนำมนต์อายุ24ปี
23-23174-30.wav	ตำบลท่าศาลาอำเภอเมืองจังหวัดลพบุรีนี่แหละครับเขานอนคว่ำอยู่
23-23174-35.wav	แล้วก็รองเท้าผ้าใบสีดำตกอยู่ข้างหนึ่งสอบถามนายนัทวุฒิอายุสี่สิบเก้าปี
23-23176-13.wav	ถึงสี่สิบปีวัดที่เกิดเหตุคือวัดขวัญสะอาดอำเภอเมืองจังหวัด
23-23176-1.wav	จังหวัดฉะเชิงเทราบอกคุณนักข่าวมาช่วยหน่อยสิ
23-23178-9.wav	ไปเจอนางสาวอ่อนจันทิพโชธอายุ45ปีเป็นคุณยายของน้อง
23-23181-16.wav	ที่วัดบางกระเบาตำบลบางกระเบาอำเภอบ้านสร้างจังหวัดปราจีนบุรี
23-23181-18.wav	วัดบางกระเบาจังหวัดปลาจินบุรีแห่งนี้
23-23185-220.wav	แต่เม็ดนี้เก้าสิบจุดหนึ่งศูนย์กรัฐฮะแต่อยู่ในจังหวัดเดียวกันเลย
23-23185-292.wav	ที่อำเภอเสม็ดอำเภอเสม็ดนะจังหวัดชลบุรีนะคะ
23-23185-337.wav	กรณีที่นายวิชาณมะลิทองหรือว่าแดงเป็นครูสอนมวยนะคะ
23-23185-367.wav	แต่ผู้ตายก็ไล่ติดตามมาก่อนที่นายวิชาณจะเสียชีวิต
23-23185-406.wav	พบศพนายวิชาญหรือแดงอายุ46ปีเนี่ย
23-23185-415.wav	เขาบอกช่วงเวลานั้นก็ได้ยินเสียงรถจักรยานยนต์ขี่เข้ามาบริเวณนางกล่าว
23-23185-430.wav	ก่อเหตุขับรถชนนายวิชันจนบาดเจ็บมาแล้วเคยแล้วก็คือก่อเหตุจนได้รับบาดเจ็บตอนนั้นเนี่ยมีการไปแจ้งความกันที่สน.ประเวท
23-23185-431.wav	หลังจากเหตุการณ์แรกไม่กี่เดือนนายวิชาณถูกกลุ่มคนร้ายหลอกให้มาพบอ้างว่าจะฝึกมวยนะครับ
23-23185-433.wav	นายวิชาณก็ไปแจ้งความเอาไว้ตอนนั้นลูกเสือไปที่สน.อุดมศุกร์หลังเกิดเหตุครั้งนั้นทำให้วิชาเนี่ย
23-23185-491.wav	ซึ่งนายยุทธศักดิ์สุพศรผู้ว่าการการท่องเที่ยวแห่งประเทศไทย
23-23185-593.wav	ในรายการสามีโอเคนะไม่นางเคยทำวาเลตี้อยู่แล้ว
23-23185-603.wav	ตั้งแต่เปิดตัวคบหาดูใจนางก็โดนกระแสอะไรมากมาย
23-23185-66.wav	ให้ความสนใจเยอะเหลือเกินค่ะเพราะว่าคุณทักษิณชินวัฒนอดีตนายกรัฐมนตรีเนี่ย
23-23187-58.wav	เดินทางออกจากสารรัฐธรรมนูญจนหมดค่ะ
23-23188-8.wav	ตำบลขุนแก้วอำเภอนครชัยศรีจังหวัดนครปฐมค่ะ
23-23189-21.wav	ญาติพี่น้องเดินทางมาให้กำลังใจกันด้วย
16-16687-19.wav	ติดข้อจังขอป้ายทะเบียนจังหวัดตราก
23-23191-25.wav	คือนายวิชาญนายวิชานี่เป็นพี่ชายคนโตอ่าวิชานี้ผู้ชายคนโต
8-8464-91.wav	ก็เหมือนกับนายจิตติเศษวงอาสา(เศษวงอาสา,เศษวงศ์อาสา)ตำรวจสภ.(สภ,สภ.)สุวรรณภูมิ
23-23191-27.wav	ที่ถูกยิงอ่านายวิชาญก็พยายามวิ่งเข้าไปห้ามปราม
23-23191-40.wav	บอกว่าค่ำเมื่อวานนี้นายปริญญาซึ่งเป็นพี่ชายของนายวิเชียนนะครับ
23-23191-44.wav	หลังจากนั้นฝ่ายน้องชายนะครับฝ่ายพี่ชายนะฮะคือนายปริญญานะครับ
23-23191-47.wav	เปี๊ยกหรือนายปริญญาก็เลยทิ้งมีดแล้วก็วิ่งหนีไปนะทิ้งมีดเอาไว้แล้ววิ่งหนีไป
8-8468-22.wav	แต่ที่สำคัญก็คือนายคิมจองอึน(คิมจองอึน,คิม จอง-อึน)แทบจะไม่พูดภาษาอังกฤษกับนายโดนัลด์ทรัมป์(โดนัลด์ทรัมป์,โดนัลด์ ทรัมป์)เลย
8-8468-27.wav	การที่นายคิมจองอึน(คิมจองอึน,คิม จอง-อึน)เลือกที่จะสื่อสารผ่านทางล่ามเพียงอย่างเดียวนั้นมีนัยยะอะไรหรือไม่
8-8468-32.wav	ทำให้เชื่อได้ว่าภาษาอังกฤษของนายคิมจองอึน(คิมจองอึน,คิม จอง-อึน)นั้นน่าจะอยู่ในขั้นที่ดีมาก
8-8468-43.wav	ประธานาธิบดีทรัมป์(ทรัมป์,โดนัลด์ ทรัมป์)ได้ต่อสายตรงถึงนายชินโซอาเบะ(ชินโซอาเบะ,ชินโซ อาเบะ)นายกรัฐมนตรีของญี่ปุ่น
8-8468-44.wav	และนายมุนแจอิน(มุนแจอิน,มุน แจ-อิน)ประธานาธิบดีของเกาหลีใต้
8-8468-52.wav	การที่ได้เห็นภาพของสองผู้นำทั้งตัวเขาและนายโดนัลดทรัมป(โดนัลดทรัมป,โดนัลด์ ทรัมป์)
8-8468-57.wav	คิมจองอึน(คิมจองอึน,คิม จอง-อึน)มีกำหนดการเดินทางกลับเกาหลีเหนือเวลาบ่าย2โมง(บ่าย2โมง,14.00น.)
8-8468-58.wav	และนายโดนัลด์ทรัมป์(โดนัลด์ทรัมป์,โดนัลด์ ทรัมป์)มีกำหนดการที่จะออกมาแถลงผลสรุปการประชุมในครั้งนี้เวลา4โมงเย็น(4โมงเย็น,16.00น.)
8-8468-64.wav	ก็คือเรื่องของนายคิมจองอึน(คิมจองอึน,คิม จอง-อึน)ผู้นำสูงสุดเกาหลีเหนือที่ไม่ยอมใช้ภาษาอังกฤษนะฮะ
8-8468-67.wav	ส่วนทรัมป์(ทรัมป์,โดนัลด์ ทรัมป์)เองก็กล่าวกับนายคิมจองอึน(คิมจองอึน,คิม จอง-อึน)นะครับว่าสหรัฐกับเกาหลีเหนือนั้นจะมีความสัมพันธ์ที่ดีต่อกันครับ
8-8468-74.wav	จะต้องรอให้ผู้นำเดินทางกลับมาถึงกรุงเปียงยางก่อน
8-8468-77.wav	คิมจองอึน(คิมจองอึน,คิม จอง-อึน)เดินทางมาถึงที่สิงคโปร์เลยนะคะ
8-8468-9.wav	มีการพาไปดูรถยนต์ของนายโดนัลด์ทรัมป์(โดนัลด์ทรัมป์,โดนัลด์ ทรัมป์)
8-8469-0.wav	เพราะฉะนั้นพูดถึงเรื่องของหยิบจับทำมาหากินก็ไปหาอะไรกินกันต่อดีกว่าที่จังหวัดกาฬสินธุ์
8-8469-1.wav	พูดถึงจังหวัดนี้ก็มีของกินมากมายอย่างหนึ่งที่จะแนะนำก็คือหม่ำค่ะ
16-16691-8.wav	ระหว่างออกไปท่องเที่ยวตามสถานที่ต่างๆในกรุงเทพมหานคร
16-16692-11.wav	หลังจากที่เจ้าหน้าที่นำร่างของนายอดิเชษมุกอิ่มอายุ18ปี
8-8470-42.wav	สาเหตุที่บ่อนนี้ต้องถูกปราบทางด้านของนายลนลง(ลนลง,รณณรงค์)ทิพย์สิริเป็นผอ.ศูนย์ปฏิบัติการพิเศษบอกว่า
16-16697-1.wav	ขออนุญาตชี้แจงครับชี้แจงเป็นข้อนะข้อแรกไม่ใช่ประหลัดอำเภอข้อสองไม่ใช่ประหลัดเทศบาลแต่เป็นหัวหน้าสำนักงานประหลัดเทศบาลเป็นแค่หัวหน้าสำนักงานเป็นหัวหน้าสำนักงานเฉยนะฮะของอบตแห่งหนึ่งที่อำเภอจุนจังหวัดพะเยานี่เรื่องแรกแจงสองแล้วพี่มาทำไมอ่ะพี่อยู่ไหนนะพะเยาอยู่จุน
8-8476-267.wav	อันนี้ไม่รวมกับของปศ(ปศ,ปคม.)กับสภ.(สภ,สภ.)เมืองอุดรธานีหรือว่าจะเป็นจังหวัดอื่นก็แล้วแต่
8-8476-528.wav	ยกตัวอย่างเช่นเกิดแชร์ลูกโซ่ในพื้นที่จังหวัดอุดร(อุดร,อุดรธานี)
16-16697-62.wav	7676จังหวัดบวก1เขตการปกครองกรุงเทพ
16-16698-29.wav	นายคำปิงชั่วชัยภูมิอายุ39ปี
16-16698-37.wav	นายวัญชัยสุพรรณและนางสาวโรมณียาเสือราช
16-16698-66.wav	ชื่อว่านายมานพหวังปัญญา
16-16704-11.wav	พร้อมด้วยกับนางสาวพัศกรยาชูชีพค่ะเป็นลูกสาวบุญธรรมนะคะ
16-16705-6.wav	จริงค่ะเป็นไอเดียของนายนรงฤทธิกรยานะคะ
23-23191-8.wav	ซึ่งก็คือนายอ่านายวิเชียนเพชรจีนพะเนาชื่อเล่นชื่อปอนะครับ
23-23196-120.wav	หมอดูทิพย์คนนี้เป็นคนท่ามกาจังหวัดกาญจนบุรี
23-23196-137.wav	ธรรมกาจังหวัดกาญจนบุรีแต่ไม่เจอนะฮะนี่ฮะไม่เจอนะครับ
23-23197-28.wav	คนงานก่อสร้างอำเภอหัดใหญ่จังหวัดสงขลา
23-23197-52.wav	รู้จักกับนายตั้มยังไงอ่ะครับพ่ออ่าน้องก็มากับหลาน
23-23197-60.wav	ปราบก็บอกว่าเดี๋ยวจะตามเรื่องให้แต่ว่าวันนี้ทางพ่อทางนางสาวปุ้ยและทางน้องผู้เสียหาย
23-23197-65.wav	ใกล้กับจุดเกิดเหตุนางสาวปุ้ยเขามีศักดิ์เป็นพี่สาวของเด็กผู้หญิงวัย14ผู้เสียหายอ่ะค่ะ
23-23197-69.wav	แล้วทีนี้น้องสาวที่เป็นผู้เสียหายเนี่ยกลับมามาบอกกับนางสาวปุ้ยว่าถูกข่มขืน
23-23198-1.wav	เหตุการณ์รุนแรงที่มัศยิตรือเซะจังหวัดปัตตานีนะครับ
23-23198-28.wav	เดินทางไปยังบ้านพักของนายรุษลันดาโอ
23-23198-33.wav	โดยภรรยาของนายรุษลันกล่าวทั้งน้ำตาว่า
23-23198-66.wav	นายสุริยะอมรรวดวรวุฒิ
23-23199-0.wav	ตอนนี้เดินทางมาถึงนัดที่25ของลูกกาแล้วนะครับ
23-23200-19.wav	ตำบลสำรงกลางอำเภอพระประแดงจังหวัดสมุทรปราการนะฮะ
23-23201-18.wav	แล้วก็ผู้เสียชีวิตก็คือนางสาวประพัดศรมั่นคงอายุ50ปี
23-23201-44.wav	โดยคนขับรถบัตรก็คือนายมานะขาเคน
23-23201-52.wav	ตำรวจสภ.เมืองนครนายกก็ได้นำตัวนายมานะ
23-23203-5.wav	โดยมีพระครูปริยกิจธรรมรงค์รองเจ้าคณะจังหวัดสุรินทร์เป็นประธานในพิธียกเสาเอกบ้าน
16-16716-105.wav	ส่วนร่างของนางสาวรัฐนั้นทางครอบครัวนำร่างไปประกอบพิธีกรรมทางศาสนา
16-16716-13.wav	หญิงชาวกัมพูชายุ36ปีทราบชื่อคือนางสาวรัฐค่ะ
16-16716-27.wav	ตัวนายรัฐาจริงเขาไม่ได้หนีไปไหนนะ
23-23204-1.wav	วันนี้ก็จับตากันไปที่การเคลื่อนไหวของพักรวมพลังประชาชาติไทยของนายสุเทพเทือกสุบันนะครับ
16-16716-39.wav	เขาก็เล่าให้ฟังค่ะบอกว่าก่อนเกิดเหตุทางด้านของนางเสารัฐอ่ะ
16-16716-43.wav	แล้วหลังจากนั้นนางสาวรัฐสุดตัวลงไปนอนกับพื้นทันทีค่ะ
16-16716-44.wav	ผู้สื่อข่าวนะคะคุณผู้ชมคะจากตอนแรกที่บอกว่านางสาวรัฐเนี่ยบาดเจ็บสาหัสนะ
16-16716-55.wav	นายรัฐาอาจจะมีการพกปืนไปเดินตลาดหรือเปล่า
16-16716-64.wav	นี่นะคะตัวทางด้านของนางสาวรัฐคนตายซ้อนมอเตอร์ไซค์ซาเล้งของสามีสามีเป็นคนขี่
16-16716-66.wav	แต่ตัวสามีนายรัฐาเนี่ยยังนั่งอยู่ที่ซาเล้งอยู่ครู่นึงแล้วก็เดินตามภรรยาตัวเองเข้าไป
16-16716-67.wav	ตอนเกิดเหตุกระสุนปืนปริศนาอย่างที่บอกพุ่งเข้าเจาะเข้าบริเวณช่วงท้องของนางเสารัฐ
16-16716-72.wav	พยายามเข้าไปช่วยเหลือนางสาวรัฐผู้ตายค่ะ
16-16716-77.wav	แล้วก็เป็นหนึ่งคนที่ไปช่วยประถมพยาบาลนางสาวรัฐด้วย
23-23204-48.wav	เช่นเดียวกับนางสาวออนอนงกาญจนาชูศักดิ์อดีตสสกรุงเทพมหานครพักประชาธิปัตย์
23-23204-5.wav	เคลื่อนไหวของนายสุเทพและพักของนายสุเทพในครั้งนี้
23-23207-7.wav	เพราะว่าตัวจริงของสาวพิมเนี่ยนางเป็นคนฮา
23-23208-18.wav	ส่วนวันพรุ่งนี้ดวงอาทิตย์ขึ้นที่ผาชนะใดอำเภอโขงเจียมจังหวัดอุบลราชธานี
23-23209-55.wav	กระทั่งจังหวัดที่ผู้ใหญ่บ้านวิ่งหนี
23-23211-31.wav	คล้องกับข้อมูลของตำรวจท่องเที่ยวที่พบว่าหลังก่อเหตุ
23-23211-39.wav	เดินทางมาก่อนผู้ตายอันแรกนะครับ
23-23211-7.wav	ที่นายโดเลฟกระโดดลงจากรถวิ่งไล่แทงผู้ตาย
23-23211-8.wav	ส่วนนายอียานั่งอยู่ภายในรถเพื่อรอจังหวะ
23-23212-14.wav	เรื่องเกี่ยวกับสิทธิของผู้เสียชีวิตครับเชิญเลยครับท่านพมจอจังหวัดครับ
8-8483-17.wav	นายกอบต.กะเปียดเป็นคนกลางที่รับเงินจากอดีตพระกาโตะ(กาโตะ,พงศกร จันทร์แก้ว)
23-23212-31.wav	ราชการจังหวัดท่านหัวหน้าส่วนราชการและพี่น้องประชาชนและสื่อมวลชนทุกท่านนะคะ
8-8483-90.wav	ขณะที่นายภัยทูล(ภัยทูล,ไพฑูรย์)ค่ะนักข่าวท้องถิ่นนะคะ
23-23212-6.wav	จังหวัดและคุ้มครองสำนักงานอายการคุ้มครองสิทธิ
8-8484-83.wav	และงดเดินทางไปต่างจังหวัดนะคะ
23-23212-94.wav	เปิดบริการในพื้นที่หรือชุดจังหวัดเนี่ยต้องมีความพร้อมในการที่จะทำงานในด้านนี้นะครับ
23-23212-95.wav	ในระดับจังหวัดเขาทำกันโดยทำกันไว้เลยนะครับหลังจากแจ้งเหตุมานะครับ
23-23214-121.wav	ทางด้านของนายอนุทินชาญบริกูลรัฐมนตรีว่าการกระทรวงสาธารณสุข
8-8487-23.wav	ตเลขานุการ(ตเลขานุการ,เลขาพนักงาน)นายกอบต.พนมสารคามถูกทับเสียชีวิตอยู่ที่นั่งคนขับ
8-8487-26.wav	ตำรวจสอบสวนทราบว่าก่อนเกิดเหตุนายวิโรธ(วิโรธ,วิโรจน์)ผู้ตาย
8-8487-2.wav	แล้วก็ข้ามถนนเพื่อเข้าไปในสำนักงานประปาสาขาบังปะกง(บังปะกง,บางปะกง)จังหวัดฉะเชิงเทรา
8-8487-5.wav	กล้องวงจรปิดริมถนนบางนาตราดหน้าสำนักงานประปาสาขาบางมะกง(บางมะกง,บางปะกง)จังหวัดฉะเชิงเทรา
8-8488-10.wav	ฝ่ายปกครองอำเภอแม่เสรียง(แม่เสรียง,แม่สะเรียง)จังหวัดแม่ฮ่องสอน
8-8489-0.wav	แล้วนะคะที่จังหวัดภูเก็ตเมื่อมีนักท่องเที่ยวฝ่าฝืนทง(ทง,ธง)แดงที่เจ้าหน้าที่ปักเอาไว้ว่าไม่ให้ลงเล่นน้ำ
8-8489-10.wav	ตรวจสอบนะคะคนที่เสียชีวิตคนหนึ่งคนเป็นแม่ชื่อว่านางห่วงไห่เหวน(ห่วงไห่เหวน,Hoang Hai Van)อายุ52ปี
8-8489-11.wav	และคนเป็นลูกอายุสิบหกปี(สิบหกปี,16ปี)ชื่อนางสาวนวลชูอัน(นวลชูอัน,Nguyen Chu Anh)ค่ะเป็นนักท่องเที่ยวชาวเวียดนาม
8-8489-4.wav	จมน้ำค่ะเนี่ยอยู่ในหาดในทอนนะคะที่อำเภอทะลาง(ทะลาง,ถลาง)จังหวัดภูเก็ต
8-8492-26.wav	ระหว่างนายอาวุธรวมไทย(รวมไทย,รวมทรัพย์)หรือว่านายตั้ม<MARK>
8-8497-1.wav	แล้วก็เรือล่มตอนจอดหลบพายุอยู่ในพื้นที่อำเภอยริง(ยริง,ยะหริ่ง)จังหวัดปัตตานี
8-8497-6.wav	บริเวณอ่าวปัตตานีตำบลแหลมโพอำเภอยริง(ยริง,ยะหริ่ง)จังหวัดปัตตานี
8-8505-149.wav	เด็ด(เด็ด,เนย)ก็บอกกับนายเนธ(เนธ,เนท)ถึงสาเหตุที่มาอยู่ตรงนี้ว่า
8-8509-173.wav	นอกเหนือจากพื้นที่กาฬสินธุ์ด้วยแต่ท่านจะเดินทางมาในพื้นที่กาฬสินธุ์
16-16724-27.wav	มีนางสาวจิราพรจุ้ยเสงี่ยมเป็นคนขับขี่
8-8509-87.wav	เป็นการขยายผลจากการเข้าตรวจค้นในครั้งแรกนะครับในพื้นที่จังหวัดขอนแก่นนะครับ
8-8511-10.wav	แล้วก็มีขาดคนนี้ไม่ได้เลยค่ะนางสาวปารินา(ปารินา,ปารีณา)ไกรคุบ(ไกรคุบ,ไกรคุปต์)
16-16724-29.wav	ซึ่งเดี๋ยวต้องเรียกนางสาวจิรพรมาสอบปากคำ
8-8511-2.wav	คุณปวิทย์(ปวิทย์,ประวิตร)ไปที่จังหวัดสระแก้วไปติดตามสถานการณ์น้ำท่วม
16-16724-54.wav	คุณผู้ชมครับหลังจากที่เกิดเหตุคนขับรถคือนางสาวจิมราพร
16-16724-60.wav	ต้นก็ได้มีการพูดคุยกับนางสาวจิราพรบ้างแล้ว
16-16725-11.wav	เหตุการณ์นี้นายอิฟานหนีโซะอายุ22ปี
16-16725-20.wav	นายอารฟัสมหมัติอายุ22ปีครับ
16-16725-24.wav	ต่อมานายอารฟาสผู้ต้องหาก็เดินทางไปมอบตัวต่อพนักงานสอบสวนแล้ว
16-16725-29.wav	ตอนนั้นเนี่ยนายอิดฟานเนี่ยเป็นผู้เสียหายขี่รถมาเห็นรถรุ่นเดียวกันยี่ห้อเดียวกันสีเดียวกันกับคนร้ายที่ทำร้ายน้องชายเขา
8-8525-5.wav	เป็นเจ้าหน้าที่องค์การบริหารส่วนตำบลวังตะโนธ(วังตะโนธ,โตนด)อำเภอนายายอามจังหวัดจันทบุรี
8-8526-0.wav	พาไปที่จังหวัดพิษณุโลกพาไปเที่ยวกันดีกว่านะครับ
8-8529-0.wav	คุณผู้ชมฮะตามนัดหมายครับของนายอาชิริยะ(อาชิริยะ,อัจฉริยะ)นะฮะ
8-8529-103.wav	แล้วก็ข้อ3ที่นายอัจฉริยะ(อัจฉริยะ,อัจฉริยะ เรืองรัตนพงศ์)ตั้งข้อสังเกตไว้
8-8529-109.wav	เพราะว่านายอัชริยะ(อัชริยะ,อัจฉริยะ)บอกว่าเดี๋ยวสัปดาห์หน้า
8-8529-37.wav	และเสียงคล้ายนายแผน<MARK>
8-8529-88.wav	ดังนั้นจะ533726ได้ไงแต่ว่าในคลิปเสียงที่ปรากฏนี้นายอาชญะ(อาชญะ,อัจฉริยะ)เปิดเผยว่าเป็นคลิปเสียงของวันที่9พฤศจิกายนปี66
8-8530-28.wav	นายกอบต.(นายกอบต.,นายกอบต.)บ้านตุ่นก็คือนายรัฐวุฒิชัยใจกล้า<MARK>
23-23214-62.wav	คือมีจังหวัดที่เป็นสีแดงเข้มด้วยแดงเข้มก็แน่นอน
23-23214-67.wav	คณะกรรมการโรคติดต่อประจำจังหวัด
23-23214-68.wav	ใช่สำหรับจังหวัดที่มันเป็นพื้นที่เสี่ยงมาก
23-23217-9.wav	โนนม่วงอำเภอเมืองจังหวัดขอนแก่นกล้องวงจรปิดสามารถจับภาพชายสวมหน้ากากอนามัย
23-23219-13.wav	เมื่อช่วงเช้าที่ผ่านมานายยิ่งยศแซ่หลีนะครับพี่ชายของนางสาวพจนี
23-23219-18.wav	นายยิ่งยศบอกกับนางสาวพจนีกับนายสันติเนี่ยสนิทกันมากเลยโตมาด้วยกัน
23-23219-38.wav	พี่เขยของนายสันติเล่าบอกว่าเย็นวันที่9มิถุนายน
23-23219-3.wav	มาดูความคืบหน้าครับคุณผู้ชมครับกรณีที่ไปพบศพนายประเสริฐโนราช
23-23219-42.wav	นายสันติใช้เวลาอยู่ที่บ้านครู่เดียวเท่านั้นแหละ
23-23219-4.wav	แล้วก็นางสาวพจนีแซ่หลีสามีภรรยาชาวไทยนะครับอยู่ท้ายรถคันนี้
23-23227-111.wav	ได้ให้พมจังหวัดนครราชสีมาไปเปิดบัญชีเอาไว้
23-23227-121.wav	ทำให้ผู้คนในจังหวัดรวมถึงนักท่องเที่ยว
23-23227-90.wav	เดินทางไปเยี่ยมให้กำลังใจผู้บาดเจ็บ
23-23230-120.wav	นางสาวธัญพัฒนิธิโชธนกิจนะครับอายุ39ปี
23-23230-12.wav	เจ้าของสวนชื่อว่านางสาวกูซูมา
23-23233-28.wav	ทีมข่าวเราไปคุยกับคนในภาพคือนางสาวปิยนุษ
23-23236-19.wav	นายโอภาษชื่นจิตจับตัวได้พร้อมของกลาง
23-23240-19.wav	พยายามปลุกปล้ำนางสาวพลอยสัญชาติเมียนมาร์
23-23240-22.wav	นายสมบัติหลบหนีเข้าป่า
23-23240-33.wav	ตัวเองกับนางสาวพลอยทำงานอยู่ร้านเดียวกัน
8-8531-14.wav	นางสาวโชติกา<MARK>อายุ27ไปเล่นน้ำสงกรานต์
8-8532-31.wav	ผู้ชายคนนี้ละ(ละ,นะ)ก่อเหตุทำร้ายนางสาวเอลีน่าไวซูโคว่า(เอลีน่าไวซูโคว่า,ElenaVzyukova)
8-8532-46.wav	นี่ครับนางสาวเอลีน่า(เอลีน่า,Elena)พยายามวิ่งขอความช่วยเหลือครับ
102-102091-181.wav	ให้กลับบ้านมือเปล่าครับผมไม่เกี่ยวกับเรื่องของการดูแลเรื่องการเดินทางนะครับที่พักค่ารถค่าลาอันนี้เราดูแลต่างหากอยู่แล้วนะครับเป็นเงินทุนปลอบใจให้คุณสุเทพไปนะครับ500บาทครับ
16-16741-139.wav	ส่วนคุณแม่อายุ80ปีของนางสาวเจนจิลานะ
16-16741-23.wav	นางสาวเจนจีรายุ53ปีบอกหมอปลาช่วยหน่อยแม่80แล้ว
8-8535-183.wav	ถ้าใช้ได้ใช้ได้ที่ไหนบอกต่อบอกจังหวัดมาด้วย
8-8535-208.wav	โดยนายสุชาติชมกลิ่น(สุชาติชมกลิ่น,สุชาติชมกลิ่น)รัฐมนตรีว่าการกระทรวงแรงงาน
8-8535-54.wav	นางสาวกุลยาตันติเตมิตร(กุลยาตันติเตมิตร,กุลยาตันติเตมิตร)นะครับโฆษ(โฆษ,โฆษก)กระทรวงบอกว่า
8-8536-26.wav	สต(สต,สภ.)ที่อำเภอแม่แตงจังหวัดเชียงราย(เชียงราย,เชียงใหม่)
8-8536-4.wav	คือต้องเล่าให้ฟังแบบนี้นะคะคุณพ่อคือนายวรเชษ(วรเชษ,วรเชษฐ์)จันทพันธ์อายุ62
8-8537-59.wav	กำนันหมอตำรวจจับนายอัญวุฒิหรือว่าแมนนาดี(แมนนาดี,แมนนาดี)เป็นมือปืนได้
8-8540-11.wav	อยู่ที่จังหวัดอ่างทองนะคะชายหนุ่มคนนี้แหมจะเรียกว่าชายหนุ่มก็ไม่ได้
8-8540-17.wav	แต่นี่คือจักรยานที่ใช้พลังงาน3ระบบของนายวิเชียนเรือนไทย<MARK>อายุ67ปี
8-8540-21.wav	ที่บริเวณตำบลโผงเพงอำเภอป่าโมกจังหวัดอ่างทอง
8-8540-93.wav	ที่จังหวัดนครพนมนะครับเดี๋ยวจะไปดูความอลังการของประสาทรัว(ประสาทรัว,ปราสาทรวงข้าว)
8-8540-98.wav	ก็เดินทางกันไปไปร่วมทำบุญน้องใบตอง<MARK>
8-8549-37.wav	ห้ามพูดใส่ร้ายป้ายสีผมเรียนว่าที่ท่านผู้หญิงคนนี้พูดเลยครับว่าอยู่อยู่นายก(นายก,นายกฯ)นำรถถังมายึดอำนาจที่ผ่านมาปี57ไม่มีรถถังสักคันหนึ่งผมว่าให้ถอนครับพูดอย่างนี้มันเท่ากับดูถูกท่านนายกรัฐมนตรีว่านำรถถังมาผมไม่เห็นจะมีแต่โตปาน(โตปาน,ตัวเป็นๆ)ครับแล้วที่ออกมา
16-16769-82.wav	อารยาโภจาข่าวไทยรัฐทีวีรายงานจากตำบลภาวะอำเภอแก่งหางแมวจังหวัดจันทบุรีค่ะ
16-16774-35.wav	โดยนางสาวจันฉายเทียมดวงแก้วป้องกันท้องถิ่นอำเภอชะอวด
16-16774-51.wav	ด้านนายจำเรินทิพยพงธาดา
16-16785-133.wav	ก็นายไซสนะแก้วพิมพา
16-16785-139.wav	โจทยื่นฟ้องนายไซสนะแก้วพิมพาอายุ42ปี
16-16785-166.wav	ซึ่งวันนี้สารก็เบิกตัวนายไซสนะจากทันทะสถานพิเศษ
16-16785-238.wav	บอกว่าขณะนี้ได้รับรายงานว่ามีผู้เสียชีวิตรายที่6ที่จังหวัดบุรีรัมย์นะคะ
16-16785-63.wav	โดยที่นายเปรมชัยพร้อมกับนายยงโดดเคลือ
16-16785-729.wav	เกิดที่วัดหนองยาวใต้จังหวัดสระบุรีนะคะ
16-16785-90.wav	มาประมาณ30ปีและทำหน้าที่ขับรถให้นายเปรมชัยเป็นประจำ
16-16785-96.wav	พร้อมกับนางสาวนีสมภูมิซึ่งเป็นผู้ที่ลงเซ็นชื่อ
16-16787-5.wav	คนเสียชีวิตชื่อว่านางสาวนรมนจุยประโคนอายุ47ปี
1-1001-17.wav	ก็คือนางสาวทศพรทิพยสุภราชมีอาการกระดูกหัก
1-1002-147.wav	นายนารินหลาโพบอกว่าสงสัยเป็นเพราะตาชาญติดโซเชียลคุณภาคภูมิโซเชียลเหรอ
1-1002-36.wav	นายชัยพลกับป้าแตนฟรีก็ได้ถ้าคุณเป็นคนดีจริง
1-1002-51.wav	นายสิทธาเบี้บังเกิดก็มีการโพสต์ผ่านเพจเฟซบุ๊ก
1-1002-64.wav	ความรู้สึกจากลุงพลหรือนายชัยพลวิพาคนนี้
16-16802-103.wav	นางอยู่กันเป็นปีนะแล้วยิ่งละครช่องเจ็ด
1-1010-40.wav	ส่วนทางด้านของนายพนมใจเขียวครับ
1-1012-10.wav	เจอตัวนายประมุกค่ะไม่เจอสิ่งผิดกฎหมายด้วย
1-1012-12.wav	บ้านที่นายประมุกเคยไปซ่อนตัวหลังเกิดเรื่อง
1-1012-14.wav	คนในบ้านก็ยอมรับว่าไม่รู้จริงว่านายประมุกไปไหน
1-1012-16.wav	มีแนวโน้มเหมือนกันว่านายประมุกจะเข้ามอบตัวในภายหลัง
1-1012-5.wav	นายประมุกวิเชียนดิหลกกุลหัวหน้าวินรถจักรยานยนต์ซอยอุดมศุกร์1
1-1013-299.wav	นายฤทธิรัตนทนทีอายุ66ปีเจ้าของบ้านบอกว่าปลาบูตัวนี้
1-1013-362.wav	ใช่ค่ะซึ่งทางนางสาวเวียงตาวงสวรรค์นะคะ
8-8552-20.wav	ก็พบว่าพบกับนางสาวรัตนาแหลมหลัก<MARK>เจ้าของเฟซบุ๊ก(เฟซบุ๊ก,Facebook)
8-8555-58.wav	บ้านวังหูดิน(บ้านวังหูดิน,บ้านวังหินดิน)ที่ตำบลหนองแจงอำเภอบึงสามพันธ์(บึงสามพันธ์,บึงสามพัน)จังหวัดเพชรบูรณ์นะฮะ
8-8556-10.wav	นายสำรวยแซ่อัง<MARK>ก็เป็นพนักงานขับรถทัวร์ในคลิปเข้ามารายงานตัวทันที
8-8556-26.wav	จังหวัดนครศรีธรรมราชไปยังจังหวัดประจวบคีรีขัน(ประจวบคีรีขัน,ประจวบคีรีขันธ์)
8-8556-3.wav	ช่วงวันอยู่ยาว(วันอยู่ยาว,วันหยุดยาว)ที่ผ่านมาหลายคนถือโอกาสนี้ในการเดินทางกลับบ้านต่างจังหวัดหรือว่าเดินทางไปท่องเที่ยวกันนะคะ
1-1013-459.wav	เหตุการณ์เนี่ยเกิดขึ้นเมื่อช่วงเช้านะฮะแล้วทางตำรวจสภ.เมืองตราดได้รับแจ้งจากนางอัญชันพยักษ์
8-8559-12.wav	ตำบลหนองพันธา(หนองพันธา,หนองพันทา)อำเภอโซ่พิสัยจังหวัดบึงกาฬค่ะ
8-8559-29.wav	ผู้ใหญ่บ้านอย่างนายสงวนปัดสูงเนิน<MARK>บอกว่า
8-8572-129.wav	เดี๋ยวเอาตัวภรรยาคือนางพินทอง<MARK>ไปสอบสวนเพิ่มเติมที่สถานีตำรวจ
8-8568-3.wav	ที่วัดรุ้งอำเภอเมืองจังหวัดอ่างทองเป็นสถานที่จัดงานศพของพี่เบิ้ม<MARK>นะคะ
8-8569-6.wav	นายสมศักดิ์สุขสวัสดิ์<MARK>อายุสามสิบห้า(สามสิบห้า,35)ปีสภาพร่างสภาพศพเนี่ย
8-8570-10.wav	และครอบครัวแรกนะครับบ้านหลังแรกในวันนี้นะครับเป็นบ้านครอบครัวของคุณเจี๊ยบ<MARK>จากจังหวัดอ่างทองที่ต้องทนอยู่ในบ้านที่แสนจะสุดโสม(สุดโสม,ทรุดโทรม)อีกทั้งพื้นบ้านก็ขุดขระ(ขุดขระ,ขรุขระ)ทำให้น้องชายที่ต้องนั่งรถเข็นที่พิการเนี่ยนะครับเกิดอุบัติเหตุบ่อย
8-8570-209.wav	ยังจำคุณแม่อัญชัน<MARK>จากจังหวัดสุโขทัยได้ใช่ไหมครับ
8-8572-69.wav	ชื่อว่านางพินทอง<MARK>อายุ41ปีนะคะ
8-8572-120.wav	ถามนายสุประโชคเอกรักษา(สุประโชค,ศุภโชค)เพื่อนข้างห้องของคนเจ็บ
8-8577-36.wav	แต่ปรากฏว่าตัวนายเอกชัย<MARK>เนี่ยนะเขาไม่ยอมเขาเหมือนมีอาการคลุ้มคลั่งมา
8-8577-40.wav	ต้องเร่งนำตัวนายเอกชัย<MARK>ไปส่งที่โรงพยาบาลแสวงหา
8-8577-58.wav	ถามญาติของผู้ตายฝ่ายหญิงญาติของนางพัชชา<MARK>
8-8577-62.wav	ส่วนทางฝ่ายหญิงนางพัชชา<MARK>เนี่ยช่วงหลังจะมาหยิบยืมเงินแม่ของเธอเป็นประจำเลย
8-8577-75.wav	หมู(หมู,กู้)บอกแบบนี้เจ้าหน้าที่น่ะเอาศพของนางพัชชา<MARK>ไปชันสูตรที่สถาบันนิติเวช
8-8577-81.wav	อาการของนายเอกชัย<MARK>เป็นยังไง
1-1013-68.wav	หนึ่งนะครับนายวรวิทย์กังศาสีเทียม
8-8580-21.wav	พอนายกิติพบ(กิติพบ,กิตติภพ)เห็นว่านายนิมิตร<MARK>กำลังปีนร้านเขาอยู่เขาก็วิ่งเข้าไป
1-1013-69.wav	สองนายปัญญาอุจชาชน
1-1013-70.wav	สามนายอุดมสิทธิวิรัติธรรม
1-1013-72.wav	คนที่5นะครับก็คือนายบรรจงศักดิ์วงปราศ
1-1013-73.wav	และ6นะครับนายวิรุธแสงเทียนครับ
8-8584-14.wav	ไปเจอแล้วนะคะคือนางสาวชุลีกรอินตะรัฐ(อินตะรัฐ,อินต๊ะรัตน์)
8-8584-16.wav	ให้นางสาวทิพย์สุคลอภินันโท(อภินันโท,อภินันทโชติ)อภินันทโน
1-1013-75.wav	จากตำแหน่งก็คือ1ครับนายนครินเมฆไตรรัฐ
8-8584-8.wav	ซึ่งผู้โพสต์บอกว่าซื้อสลากมาจากบริเวณสวนตุงและโคมเฉลิมพระเกต75พันศา(พระเกต75พันศา,พระเกียรติ75พรรษา)จังหวัดเชียงราย
8-8585-41.wav	ก็คือนนายจักรพันธ์วัฒนะแสนศุกร์(วัฒนะแสนศุกร์,วัฒนะแสนสุข)อายุ24ปี
8-8585-80.wav	ก็นำตัวนายจักรพันธ์<MARK>ผู้ก่อเหตุ
8-8587-12.wav	ตั้งอยู่ในตำบลวังกระแจ(วังกระแจ,วังกระแจะ)อำเภอเมืองจังหวัดตราดนะคะ
8-8590-110.wav	และได้ไพ่พารี(ไพ่พารี,ไพ่พาลี)พบนางมนโท(นางมนโท,นางมณโฑ)
8-8592-31.wav	พักผ่อนหัวหินชะอำลงไปทางใต้ถ้าเดินทางช่วงสายสาย(สายสาย,สายๆ)วัน
8-8593-11.wav	และแม่และลูกสาวของนางสาวดารุณี<MARK>ที่ถูกฆ่าปาดคอเสียชีวิตในห้องนี้
8-8594-118.wav	คุณพ่อของน้องเทม<MARK>นะฮะชื่อว่านายนโรงปกรณ์(นโรงปกรณ์,ณรงค์ปกรณ์)นะครับ
8-8594-13.wav	นายอรุณศักดิขันทอง(อรุณศักดิขันทอง,อรุณศักดิ์ขันทอง)พ่อน้องอาชิ<MARK>ค่ะเอาคลิปนี้ไปมอบให้กับตำรวจสภ.(สภ,สภ.)ชัยพฤกษ์วันนี้เลย
8-8594-181.wav	จุ๋ม<MARK>นี่แหละเป็นคนส่งเสียเงินมาให้แม่ทุกเดือนแล้วก็เดินทางกลับมาดูแม่ที่บ้านอยู่ตลอด
8-8594-230.wav	แล้วก็พาครูจุ๋ม<MARK>กลับไปที่บ้านที่จังหวัดอ่างทองแล้วนะฮะ
8-8594-52.wav	ถ้าคุณผู้ชมจำได้หนึ่งในผู้ปกครองที่เดือดมากกับการกระทำของครูจุ๋ม<MARK>ก็คือนายชาญวิทย์น้อยสุกยิ่ง<MARK>
8-8601-12.wav	พนักงานอายการ(อายการ,อัยการ)สำนักงานคดีอายามีคำสั่งไม่ฟ้องนายธนาธร<MARK>ตามที่พนักงานสอบสวนทำความเห็นมา
8-8601-24.wav	ทีมทนายความก็ระบุสั้นว่านางสมพร<MARK>มารายงานตัวตามหมายเรียก
8-8601-28.wav	ส่วนทางฝั่งตำรวจบอกว่านางสมพร<MARK>ให้การปฏิเสธตลอดข้อกล่าวหา
8-8603-6.wav	ก็นำโดยนายไกรสอนกองฉลาก(ไกรสอนกองฉลาก,ไกรสรกองฉลาด)ผู้ว่าราชการจังหวัดกาฬสินธุ์นะคะ
8-8601-7.wav	นายธนาธร(ธนาธร,ธนาธรจึงรุ่งเรืองกิจ)ถือครองหุ้นสื่อบริษัทวีลักษณ์มีเดีย(วีลักษณ์มีเดีย,วี-ลัคมีเดีย)จำกัด
8-8604-19.wav	นางสาวราตรีจันทรังศรี(จันทรังศรี,จันทรังษี)ลูกสาวของผู้เสียชีวิต
8-8604-14.wav	พบศพของนายสังเวียนส้มเกลี้ยง(ส้มเกลี้ยง,ส้มเกลี้ยง)อายุ69ปี
8-8604-27.wav	ต่อมาชุดสืบสวนสามารถจับนายบรรยง<MARK>ได้บริเวณใกล้เคียงที่เกิดเหตุ
8-8604-22.wav	ส่วนผู้ก่อเหตุก็คือนายบรรยงเฟื่องเจริญ<MARK>อายุ26ปี
8-8604-37.wav	พอเบลอแบบนี้ก็เดินไปหานายสังเวียน<MARK>ผู้เป็นลุง
8-8607-21.wav	อย่างเธอคนนี้นางสาวสมบุญแสงอาทิตย์<MARK>ทำอาชีพขายหมูปิ้ง
8-8610-28.wav	นายเอกชัย<MARK>ซึ่งเป็นคุณครูนะคะ
8-8608-23.wav	ทีนี้ไปสอบถามนายฉัดเฉลิม(ฉัดเฉลิม,ชัชเฉลิม)ว่าเกิดอะไรขึ้น
8-8613-30.wav	ได้2คนค่ะนายจักริน<MARK>อายุ37คนนี้เป็นคนขับ
8-8623-34.wav	ทีนี้ค่ะคนที่เขาไปต่อแถวอะค่ะนางหยุย<MARK>บอกว่าโอ้โหบอกตรงเลยนะเงินก็อยากได้
8-8623-27.wav	นายอภิรักษ์ชัดอานนท์(อภิรักษ์ชัดอานนท์,อภิรักษ์ชัชอานนท์)เวลาจะอธิบายความเป็นมาของเสียโป้(เสียโป้,เสี่ยโป้)นี่
8-8623-41.wav	นางหยุย<MARK>บอกวุ่นวายจริงจริงก็กลัวว่าคือจะไปกระทบกับคนที่เขามาต่อแถวอะไรกันเยอะเยอะ
8-8624-10.wav	คือครอบครัวนายสุวรรณ<MARK>เขาแจ้งความคนหายเอาไว้นะฮะ
8-8624-12.wav	เพราะว่านายสุวรรณ<MARK>หายตัวไปตั้งแต่วันอาทิตย์ที่10มกราคมนะครับ
8-8624-19.wav	สมี(สมี,รัศมี)หนึ่งกิโลเมตร(หนึ่งกิโลเมตร,1กิโลเมตร)ไปเจอรองเท้าแตะแบบสวมหนึ่งคู่(หนึ่งคู่,1คู่)ของนายสุวรรณ<MARK>
8-8624-26.wav	แล้วเจอศพนายสุวรรณ<MARK>จริงนะครับค่ะจมน้ำอยู่ในลำห้วย
8-8624-28.wav	เนื่องจากที่ใต้น้ำที่ไปงมได้เนี่ยลักษณะนายสุวรรณ<MARK>ศพเขานอนคว่ำหน้า
8-8624-31.wav	นายสุวรรณ<MARK>ขี่จักรยานยนต์ออกจากบ้านไปจะไปหาหนูสะพายย่ามทำจากถุงปุ๋ยสีเขียวไปด้วย
8-8624-34.wav	ลงพื้นที่ไปนะฮะไปจุดที่เจอศพนายสุวรรณ<MARK>เมื่อวานนี้
8-8624-55.wav	กับแม่ของนายสุวรรณ<MARK>เนี่ยบอกว่าหลังจากเจอศพก็ไปหาร่างทรงนะฮะ
8-8624-64.wav	ซึ่งหลังจากที่นายสุวรรณ<MARK>หายตัวไปวันแรก
1-1015-97.wav	ประธานอนุกรรมการนางสาวแนนบุญยธิดาสมชัยยืนยันว่าไม่มีส่วนรู้เห็นกับเรื่องนี้
8-8624-66.wav	เจ้าหน้าที่เนี่ยเอาศพนายสุวรรณ<MARK>ขึ้นมาจากน้ำ
8-8624-67.wav	แต่ตอนนั้นเขาไม่กล้าเล่าให้ครอบครัวนายสุวรรณ<MARK>ฟัง
8-8624-84.wav	ทีมข่าวของเราก็ไปดูที่เถียงนาที่นายสุวรรณ<MARK>ขี่รถจักรยานยนต์ไปจอดทิ้งไว้ก่อนจะหายตัวไปนะคะ
8-8624-97.wav	ไม่คิดว่านายสุวรรณ<MARK>จะเดินเท้ามาฆ่าตัวตายนะคะ
8-8552-19.wav	สิทธิ์เดินทางไปตรวจสอบพื้นที่
8-8553-61.wav	เฉพาะในช่วงเทศกาลแห่งการเดินทาง
8-8555-57.wav	ลูกวัดเขาเรียกไว้แบบนี้ที่วัดถ้ำวังนางที่หมู่8(หมู่8,หมู่ที่8)
1-1018-8.wav	ขี่รถจักรยานยนต์หลบหนีไปนางเพนธิวามะลิผลประธานสหกรณเครดิตยูเนียนอีมังยืนยันว่า
16-16810-10.wav	สูงเนี่ยนะ37เมตรเขาว่ากันว่าสูงแล้วก็ใหญ่ที่สุดในจังหวัดพะเยา
1-1023-10.wav	ก็คือนายกิตดิทัศน์แสงธนโยธินนั่นเองค่ะ
1-1031-10.wav	คือนายชัดชัยเพชรไทยอายุ73ปี
1-1032-17.wav	เป็นบ้านพักของนายหม่องปุ๊ภายในบ้านพบกองเลือดไหลทั่วบริเวณ
1-1032-21.wav	ส่วนสาเหตุนั้นนายหม่องปุ๊ก็สารภาพนะครับว่า
1-1032-34.wav	ชาวบ้านก็เลยแจ้งตำรวจให้มาจับกลุ่มนายหม่องปุ๊นะครับ
1-1032-3.wav	ที่เกิดเหตุบริเวณข้างถนนพบนายหม่องปุ๊ไม่มีนามสกุล
8-8557-144.wav	ที่อยู่บริเวณนางกล่าว(นางกล่าว,ดังกล่าว)ก็ระวังด้วยนะครับ
8-8559-1.wav	กรณีที่พระสมจิต(สมจิต,สมจิตร)ถูกไฟคลอกมรณภาพในกุฏิที่จังหวัดบึงกาฬ
8-8559-3.wav	ซึ่งชาวบ้านในจังหวัดบึงกาฬแล้วก็พื้นที่ใกล้เคียง
8-8560-19.wav	ได้มอบหมายให้ผู้ช่วยผู้บัญชาการตำรวจแห่งชาติ10นาย
8-8569-17.wav	สมทรงวงเสือ(วงเสือ,วงษ์เสือ)บอกขับรถเปล่ามาจากจังหวัดสระบุรี
8-8573-1.wav	ครับไปดูกลุ่มแม่บ้านที่จังหวัดเชียงใหม่กันดีกว่า
8-8573-2.wav	เขาเตรียมพร้อมรับเทศกาลนี้อย่างไรกันค่ะไปกันที่นี่ผิดจังหวัด(ผิดจังหวัด,พิจิตร)นะคุณผู้ชม
8-8575-11.wav	ต่อมาหลังเกิดเหตุนางประพัดศร(ประพัดศร,ประภัสสร)ภรรยาของผู้ตายให้สัมภาษณ์ทั้งน้ำตากับสื่อมวลชน
8-8575-27.wav	ตำรวจชุดคลี่คลายคดีบุกจับกุมนางประพัดศร(ประพัดศร,ประภัสสร)ที่บ้านพัก
8-8575-42.wav	แต่เป็นนางประพัดศร(ประพัดศร,ประภัสสร)ภรรยาของผู้ตาย
8-8575-50.wav	คือนางประพัดศร(ประพัดศร,ประภัสสร)ซึ่งเป็นพี่สะใภ้
8-8575-62.wav	ส่วนนางประพัดศร(ประพัดศร,ประภัสสร)เท่าที่รู้จักก็เป็นคนดี
8-8575-8.wav	ขณะขับรถกระบะมาส่งนางประพัดศรโทประยูน(ประพัดศรโทประยูน,ประภัสสรโทประยูร)อายุ60ปีซึ่งเป็นภรรยา
16-16811-626.wav	คุณแม่ของน้องชมพู่นายอ่านายนารินหลาโพนะฮะ
8-8577-32.wav	บุกเข้าไปชาร์จตัวผู้ชายคนนี้นายเอกชัยล้อมไร่(ล้อมไร่,ล้อมรื่น)อายุ46ปีค่ะ
8-8577-34.wav	คือนางพัชชาภูนทองคำ(ภูนทองคำ,พูนทองคำ)อายุ59ปีจนเสียชีวิตในร้านที่ตลาดแสวงหา
8-8579-177.wav	ก็จะเป็นการจัดรางวัลให้ร้านที่ต้องแวะมาชิมในแต่ละจังหวัดแต่ละประเทศแต่ละพื้นถิ่นของที่นั้นนะครับการจัดอันดับคือการส่งคนมาชิม
8-8579-205.wav	เป็นสัปดาห์สุดท้ายของการออนทัวร์(ออนทัวร์,OnTour)ค้นหาที่มาและเรื่องราวของเมนูเส้นอนาชาติ(อนาชาติ,นานาชาติ)ในจังหวัดภูเก็ตกันแล้วนะคะ
8-8580-10.wav	ส่วนคนก่อเหตุเนี่ยชื่อนายนิมิตรสายพิน(นิมิตรสายพิน,นิมิตรสายพิณ)อายุ38ปี
8-8580-11.wav	นายนิมิต(นิมิต,นิมิตร)นี่นะฮะผู้ก่อเหตุเป็นลูกชายเจ้าของร้านขายข้าวมันไก่
8-8580-23.wav	แต่นายนิมิตร<MARK>เนี่ยไม่ฟังนะฮะเอาปืนที่พกติดตัวมายิงใส่ไป5นัดครับเขาเสียชีวิตคาที่เลยฮะ
8-8580-4.wav	นายกิติพบเทพศิริ(กิติพบเทพศิริ,กิตติภพเทพศิริ)อายุ53ปีเป็นเจ้าของร้าน
8-8585-93.wav	เราและนายก็มีด้วยกันเสมอ
16-16821-100.wav	คุณแม่แจ้งข้อหาร่วมรู้สมคิดกับนายบดิน
8-8590-186.wav	ส่งข้อความที่ทำนายของเราไปให้เขาดูบ้าง
8-8590-206.wav	เออใช่แต่ว่าถ้าคนยังไม่มีคู่จะได้แฟนจากการเดินทาง
8-8590-208.wav	ได้แฟนจากทางการเดินทางการติดต่อกันการเดินทางการประสานงาน
8-8590-210.wav	มีแฟนแล้วก็ปกติก็ได้เดินทางด้วยกันได้ไปท่องไปเที่ยวกัน
8-8592-104.wav	นายสุริยะ(สุริยะ,สุริยะจึงรุ่งเรืองกิจ)รัฐมนตรีอุตสาหกรรมก็ลุยงานพบภาคเอกชนทั่ว
8-8593-10.wav	นางสมจิต(สมจิต,สมจิตร)อายุ59ปีและนางสาวมณัตตนัน(มณัตตนัน,มนัสนันท์)อายุ17ปี
8-8593-19.wav	ทำไมฆ่ากันสอดคล้องกับนางสาวมณัตนัน(มณัตนัน,มนัสนันท์)นะครับ
1-1034-56.wav	ฟ้าเดินทางมาด้วยนะคะนางสาวกระหนกพันธ์หมวกสวัย
8-8594-171.wav	ครูจุ๋ม(ครูจุ๋ม,ครูพี่เลี้ยงจุ๋ม)เนี่ยอยู่ที่ตำบลหลักแก้วอำเภอวิเศษชัยชาญจังหวัดอ่างทองนะฮะ
8-8594-178.wav	จุ่ม(จุ่ม,จุ๋ม)เขาเป็นคนดีนะบ้านอยู่ที่จังหวัดอ่างทองเนี่ยนะฮะ
1-1036-350.wav	ชื่อว่านายภัยทูลเสาหลวงอายุ43อยู่ที่เชียงราย
8-8596-9.wav	ตุงคณิวาส(ตุงคณิวาส,คุ้งคณิวาส)อำเภอเมืองจังหวัดสุรินทร์นะครับเขาจัดงานกระถิ่น(กระถิ่น,กฐิน)นะฮะ
8-8601-1.wav	นายธนาธรจึงรุ่งเรืองกิจ(ธนาธรจึงรุ่งเรืองกิจ,ธนาธรจึงรุ่งเรืองกิจ)ผิดกฎหมายเลือกตั้งจากกรณี
8-8601-23.wav	หลังเข้าพบพนักงานสอบสวนนานกว่า2ชั่วโมงนางสมพร(สมพร,สมพรจึงรุ่งเรืองกิจ)ปฏิเสธที่จะให้สัมภาษณ์
8-8601-4.wav	นายธนาธรจึงรุ่งเรืองกิจ(ธนาธรจึงรุ่งเรืองกิจ,ธนาธรจึงรุ่งเรืองกิจ)อดีตหัวหน้าพรรคอนาคตใหม่ในความผิด
8-8607-73.wav	เกี่ยวกับเรื่องนี้อยู่นะครับแล้วก็คลังจังหวัดเขาประสานอยู่
8-8608-17.wav	ที่เกิดเหตุบนถนนข้างตึกไปพบนายฉัดเฉลิมคูณสมบัติ(ฉัดเฉลิมคูณสมบัติ,ชัชเฉลิมคูณสมบัติ)อายุ30ปี
8-8609-30.wav	ดำรงศักดิ์เสงี่ยมโคกรวด(เสงี่ยมโคกรวด,เสงี่ยมโคกกรวด)เดินทางมาจากจังหวัดชัยภูมิ
8-8612-31.wav	โดยเฉพาะน้ำตกตนแพร่ทอง(ตนแพร่ทอง,โตนแพรทอง)ปีนี้จังหวัดพัทลุงเนี่ย
8-8613-31.wav	นายยูมาตร(ยูมาตร,ยุมาตร)อายุ60นั่งมาด้วย
8-8617-13.wav	เหตุการณ์เกิดขึ้นบนถนนเพชรเกษม4แยกครูหา(ครูหา,คูหา)ฝั่งขาเข้าตำบลครูหา(ครูหา,คูหา)ใต้อำเภอรัฐภูมิ(รัฐภูมิ,รัตภูมิ)จังหวัดสงขลา11โมง(11โมง,11.00น.)เมื่อวานนี้นะคะ
8-8617-19.wav	ช่างโครงการก่อสร้างทางแยกต่างระดับจุดตัดทางหลวงใหม่(ใหม่,หมาย)เลข4กับทางหลวงหมายเลข406ที่สงขลานายสมพงศ์ฮิรันประจักษ์(ฮิรันประจักษ์,หิรัญประจักษ์)ชี้แจงนะคะ
16-16835-73.wav	เป็นพี่ชายคนก่อเหตุชื่อว่านายสุเนธอายุ36
16-16835-74.wav	นายสุเนธบอกว่าเมื่อคืนนี้ตอนที่เขาหลับไปแล้ว
8-8618-0.wav	จังหวัดสกลนครคนมีโชคแห่ไปแก้บนท้าเวสวัน(ท้าเวสวัน,ท้าวเวสสุวรรณ)ทันใจองค์ใหญ่ที่สุดในประเทศ
8-8618-1.wav	โดยที่วัดอำลการาม(อำลการาม,อัมลการาม)ที่บ้านมะขามป้อมในตำบลธาตุนาแวง(ธาตุนาแวง,ธาตุนาเวง)อำเภอเมืองจังหวัดสกลนคร
8-8619-31.wav	น่าจะเป็นการเดินทางล็อตสุดท้ายของสงกรานต์ในการเดินทางออกนะคะ
1-1040-12.wav	แล้วก็เดินทางมาเลยครับอดุลลาโซจากชลบุรีครับ
8-8621-129.wav	ขณะที่ลูกศิษย์คนสนิทครับอย่างนายนัดกัมพล(นัดกัมพล,ณัฐกัมพล)บอกว่า
8-8621-135.wav	แล้วส่วนตัวของลูกศิษย์เนี่ยตัวของนายนัดกัมพล(นัดกัมพล,ณัฐกัมพล)เขามองว่า
8-8624-7.wav	ก็เป็นครอบครัวของนายสุวรรณเชิญบ่อแก่น(เชิญบ่อแก่น,เชิญบ่อแก้ว)นะครับ
1-1042-11.wav	นายเจริญขุมทองกระจ่างอายุ46ปีเจ้าของบ้านค่ะ
1-1042-12.wav	เล่าว่านายธีรพงศ์เป็นอดีตลูกเขย
1-1042-15.wav	คืนวันจันทร์ที่ผ่านมานายธิรพงศ์เมามาเลย
1-1042-21.wav	นายวงศกรขุมทองกระจ่างอายุ20
1-1042-23.wav	เอาไม้ฟาดหัวเลยนายธิรพงศ์ก็หัวแตกนั่งอยู่หน้าบ้านแบบเนี้ยค่ะ
1-1042-46.wav	แล้วก็นำตัวนายเทียรพงศ์ส่งโรงพยาบาล
1-1042-8.wav	นายธีรพงศ์จันทองอายุ25เนี่ยนั่งหัวแตกอยู่เนี่ยค่ะ
8-8624-9.wav	บนรอบเมืองอำเภอหนองพอกจังหวัดร้อยเอ็ดนะครับ
8-8628-10.wav	เป็นแหล่งปลูกหอมสำคัญของจังหวัดอุตรดิตถ์ครับ
8-8628-115.wav	จากสำนักงานวัฒนธรรมจังหวัดสงขลาอบต.นาหมอศรีแล้วก็วัดนาธวี(นาธวี,นาทวี)
8-8628-11.wav	ซึ่งนายทาตรี(ทาตรี,ทาตรี)บุญมากนายอำเภอลับแลนะครับ
8-8628-125.wav	ส่วนที่เห็นนะครับเมื่อสักครู่คุณสุธี(สุธี,สุธี)สังทอง(สังทอง,แสงทอง)นายกอบต.นาหมอศรีนะครับ
8-8630-24.wav	คือที่วัดค้อ(วัดค้อ,วัดคอแล)ที่ตำบลวังตะเคียนอำเภอเขาสมิงจังหวัดตราดนะฮะ
8-8633-13.wav	เมื่อถึงที่เกิดเหตุก็พบกับนางสาวอัญชาลีแสงขำ(อัญชาลีแสงขำ,อัญชลีแสงขำ)
8-8633-29.wav	โดยนางสาวอัญชาลี(อัญชาลี,อัญชลี)ผู้ช่วยพยาบาลคนนี้นะฮะ
1-1044-16.wav	เพื่อค้นหานายการุณวันสว่างอายุ55ปี
1-1044-48.wav	นายการุณเสียชีวิตอยู่ที่ก้นเหวลึกกลางป่า
1-1044-59.wav	ที่ไม่พอใจการทำงานของนายการุณที่ไปชี้เป้า
8-8639-5.wav	ซึ่งนายสมบัติ(สมบัติ,สมบัติบุญงามอนงค์)บอกเพียงสั้นว่าเสร็จสิ้นภารกิจและจะแถลงข่าวในวันที่21ธันวาคมนี้
8-8640-34.wav	ตอนแรกนายต้น<MARK>ก็เริ่มใจเย็นเตรียมเปลี่ยนเสื้อผ้า
8-8641-3.wav	วัดป่าวังน้ำเย็นจังหวัดมหาสารคามนะคะ
8-8646-20.wav	ทราบชื่อผู้ตายคือนายสมนึกพิมธารา(พิมธารา,พิมพ์ธารา)อายุ57ปีท่านเสียชีวิตในท่านั่งนะ
8-8647-23.wav	และจากการสอบถามนายสุบินศรีสุดดี<MARK>อายุ31ปีชาวบึงกาฬ
8-8647-29.wav	ทีนี้นายสุบิน<MARK>มองไปตามที่เพื่อนชี้
8-8647-52.wav	ตำบลตะพงอำเภอเมืองจังหวัดระยองเมื่อช่วงเย็นเมื่อวานนี้
8-8648-17.wav	นายอนุชาบูรพชัยศรี(อนุชาบูรพชัยศรี,อนุชาบูรพชัยศรี)ออกมาพูดออกมาชี้แจง
8-8648-63.wav	เพราะว่าวันนี้นายอนุทินชาญวีรกูล<MARK>รองนายกรัฐมนตรี
8-8655-13.wav	เจ๊ติ๋ม<MARK>อยู่ตลาดไผ่ในพื้นที่ของจังหวัดเชียงใหม่เช่นเดียวกันนะฮะ
8-8655-8.wav	แม่ค้าร้านทำลวดอยู่อำเภอสรรกำแพง(สรรกำแพง,สันกำแพง)จังหวัดเชียงใหม่
8-8657-43.wav	อรุณประเสริฐตำบลบุง(บุง,บุ่ง)อำเภอเมืองจังหวัดอำนาจเจริญ
8-8658-49.wav	จังหวัดบุรีรัมย์ค่ะพี่หญิงลี(พี่หญิงลี,หญิงลีศรีจุมพล)ก็อัดคลิปส่งมาให้บันเทิงไทยรัฐ
8-8661-10.wav	เดี๋ยวนายศิระ(ศิระ,สิระ)ว่ายังไงเดี๋ยวอีกครู่เดียวนะคะ
8-8661-48.wav	วันนี้นายสุรา(สุรา,สิระ)เจนจาคะนะครับวันนี้ก็มาที่บ้านนะครับ
8-8661-9.wav	เปลี่ยนจุดหมายปลายทางไปที่บ้านนายศิระ(ศิระ,สิระ)เจนจาคะ<MARK>สส(สส,ส.ส.)กรุงเทพมหานครพรรคพลังประชารัฐ
16-16846-6.wav	นายเพียรณัชช่างทองเครือนางสาวปิยชัดหมาดสตู
16-16847-12.wav	มีนายสุพศอยู่เล็กเป็นเจ้าของอู่
8-8663-24.wav	จากการสอบถามนายวิราชัย(วิราชัย,วิลาชัย)ชายมงที่รับเป็นผู้ดูแลร้านเปิดเผยนะครับว่า
8-8665-11.wav	พลเมืองดีเนี่ยเขารีบไปช่วยนำตัวนายอนุวัฒน์(อนุวัฒน์,อนุวัติ)คนขับออกมาจากซากรถได้ทันแล้วก็รีบโทรแจ้งกู้ภัยให้นำตัวส่งโรงพยาบาลจุฬารัฐสิบเอ็ด(สิบเอ็ด,11)
8-8665-6.wav	คือเป็นรถกระบะของนายอนุวัติหินชัยศรี(อนุวัติหินชัยศรี,อนุวัติหินชัยศรี)ค่ะเขาขับแซงรถเก่ง(รถเก่ง,รถเก๋ง)แล้วก็พยายามจะปาดเข้าขวา
16-16847-22.wav	นายอมรินและนายตะวันเนี่ยสองคนนี้นายตะวันขี่รถนายอมรินเป็นคนลงมือ
8-8668-43.wav	ซัปโปโร(ซัปโปโร,Sapporo)เดินทางจากญี่ปุ่นครับสู่ไทยแล้วนะครับ
8-8668-50.wav	สองสอง(สองสอง,22)ในวันเดียวกันนะครับส่วนการเดินทางกลับมาของสองนักเตะไทย
8-8669-1.wav	เกิดขึ้นในปั๊มน้ำมันแห่งหนึ่งในจังหวัดชลบุรี
8-8669-35.wav	ไปเจอกับนางสาวกุณฑิดาน้อมเจริญ<MARK>เป็นคนเห็นเหตุการณ์ค่ะ
8-8670-11.wav	ผู้เสียชีวิตชื่อว่านางรัตนาสาพลทัน<MARK>อายุ54ค่ะ
8-8670-22.wav	คือเริ่มที่ตัวผู้ตายนางรัตนา<MARK>เนี่ยค่ะ
8-8670-33.wav	ส่วนโอ่งน้ำที่นางรัตนา<MARK>ตกลงไปเสียชีวิตญาติบอกว่าทิ้งไปแล้ว
8-8670-36.wav	บอกว่าปกติทุกวันตอนเช้ามืดนางรัตนา<MARK>ก็จะเป็นคนไปนึ่งข้าวเหนียว
8-8670-38.wav	วันเกิดเหตุเนี่ยนะเดินมาที่ห้องครัวเห็นนางรัตนา<MARK>นอนคว่ำหน้าอยู่ในโอ่งน้ำ
8-8670-39.wav	อยู่ในลักษณะที่แตกเหลือแค่ครึ่งใบก็เลยเอามือดึงแขนเสื้อของนางรัตนา<MARK>ขึ้นมา
8-8670-41.wav	ก็เลยรีบตะโกนบอกลูกสาวของผู้เสียชีวิตอีกทีลูกสาวของนางรัตนา<MARK>ให้รีบมาดู
8-8670-42.wav	แม่ของนางรัตนา<MARK>บอกว่าโอ่งใบนี้ซื้อมาหลายปีแล้วมันก็ซุดโทรม(ซุดโทรม,ทรุดโทรม)ไปตามการเวลาจนโอ่งมันร้าว
8-8670-45.wav	มานึ่งข้าวเหนียวนี่แหละนะนางรัตนา<MARK>คงไม่รู้ว่าคือโอ่งมันร้าวอยู่แล้ว
8-8673-113.wav	การเกิดฝนร้อยละหกสิบ(ร้อยละหกสิบ,60%)ของพื้นที่ส่วนใหญ่บริเวณจังหวัดกระบี่ตรังแล้วก็สตูล
8-8673-12.wav	วันนี้มีจังหวัดด้วยนะครับที่ต้องย้ำเตือนกันจังหวัดไหนบ้างติดตามดี
8-8673-4.wav	ตอนนี้ใครที่จะเดินทางไปพื้นที่ตอนบนของประเทศไทย
8-8675-10.wav	ทราบชื่อคือนางสาวสมจิต(สมจิต,สมจิตร)อายุ49ปีนะครับเธอเล่าบอกว่า
8-8675-16.wav	ตำรวจคุมตัวนางสาวสมจิต(สมจิต,สมจิตร)นะครับส่งพนักงานสอบสวนสภ.(สภ,สภ.)เมืองพัทยาครับ
8-8675-5.wav	นายสุจิน(สุจิน,สุจินต์)เนี่ยเมาด้วยนะต้องรีบพาส่งโรงพยาบาลครับ
1-1047-131.wav	นำกำลังบุกเข้าไปอายัดทรัพย์สินของนายวิสุทธิ์ชัยนรุนนะฮะ
8-8676-0.wav	มาที่จังหวัดปราจีนบุรีกันก่อนเลย
8-8676-10.wav	เราไปสอบถามเจ้าของบ้านชื่อว่านางปูชิตาจีนวง(จีนวง,จินวงศ์)อายุ56ปี
1-1047-134.wav	แล้วนายวิสุทธิ์กับพวกเนี่ยก็เป็นผู้ต้องหาตามหมายจับคดีช่อโกง
1-1047-46.wav	บ่อยครั้งที่อีกท่านหนึ่งจะพูดแบบนี้คือนายสมคิตจาตุศีพิทักษ์รองนายกรัฐมนตรี
8-8680-16.wav	ชื่อนางชาดาธานธันวาพักดี(ธานธันวาพักดี,ธันย์ธันวาภักดี)อายุ66ปีนะครับ
8-8682-13.wav	ที่เล่นให้กับทีมชาติไทยถือว่าเป็นตำนาย(ตำนาย,ตำนาน)หนึ่งคนนะครับที่แฟนไม่เคยลืม
1-1047-59.wav	ไปฟังนายอุตมะสวนายนหัวหน้าพรรคพลังประชารัฐกันหน่อยนะคะ
1-1047-94.wav	นายอิทธิพรก็บอกว่าไม่น่าทำได้นะเพราะถือว่าเป็นความผิดเหมือนกันนะครับ
1-1052-22.wav	ตำรวจสอบปากคำนายทงชัยทองมูลอายุ39ปีสามีของผู้ตาย
1-1052-26.wav	ระยะหลังนางมณีสุดามีท่าทีเปลี่ยนไป
1-1052-30.wav	ซึ่งก็เคยพูดคุยและให้โอกาสกับนางมณีสุดามาตลอด
1-1052-51.wav	ต้นทางพนักงานสอบสวนได้นำตัวนายทงชัยตัวสามี
1-1052-55.wav	ของนางมณีสุดาที่ชัดเจนและดำเนินคดีต่อไปนะครับ
1-1053-5.wav	คุณเอกลักษณ์เป็นหัวหน้ามูลนิธิกระจกเงาให้ข้อมูลครับบอกว่าผู้ก่อเหตุรายนี้ชื่อนายแก้ว
1-1054-4.wav	เสียชีวิตตรงนี้เลยนะครับตรวจสอบชื่อเนี่ยทราบว่าชื่อนายโอภาษนะฮะอายุ34ปีมีกระเป๋าเป้สะพายอยู่1ใบในตัวมีเงินสดอยู่2600บาทอันนี้สันนิษฐานเบื้องต้นนะครับว่าเขาน่าจะเข้ามาขโมยของหรือเปล่านะฮะกู้ภัยบอกว่าทางโรงแรมแจ้งว่ามีผู้เสีย
1-1061-36.wav	โดยมีนายวอเตอร์อิเลียสดิสนี่ผู้ก่อตั้ง
1-1063-12.wav	เจ้าหน้าที่ตำรวจนะคะก็ทราบว่าตัวนี้คนก่อเหตุเนี่ยคือนายมีนวัย24ปีอายุยังน้อยนะ
1-1063-13.wav	ก็คือนางซีนวัย23ปีนะคะในขณะเดียวกันก็ช่วงจังหวะที่มีการจับตัวไว้ก็ด่าทอเป็นภาษาพม่าต่างนานาตบใบหน้าเมียไปหลายครั้ง
1-1063-33.wav	ทีนี้ทางผู้ใหญ่นะคะก็คือนายสราวุฒิเนี่ย
1-1065-24.wav	ขณะที่นายศิระเจนจาคะประธานคณะกรรมการตรวจสอบการทำงานของตำรวจ
1-1065-32.wav	นายศิระยืนยันว่าการที่กตรและชาวบ้านออกมาเคลื่อนไหว
8-8685-62.wav	รับร่างของนายเฉลียวไก่อ่ำ<MARK>
8-8685-85.wav	ชื่อเพลงว่าสาวงามเมืองตากคุณหมอเบิร์ต(คุณหมอเบิร์ต,คุณหมอเบิร์ท)เป็นคุณหมอที่อยู่ในโรงพยาบาลแม่ระมาทจังหวัดตากค่ะ
1-1067-472.wav	เล่าขานสืบมาเท่าปาจิบนางอรพิม
1-1070-14.wav	ด้านของนายชัยชาญพึ่งสิริอายุ19ปีชาวอำเภอพระประแดงจังหวัดสมุทรปราการ
1-1070-9.wav	ครอบครองก็คือนายอภิชาติทุระธาอยู่ตำบลคลอง6อำเภอคลองหลวงจังหวัดปทุมธานี
1-1072-30.wav	กลุ่มแรกเป็นกลุ่มของนายจิรัฐนินนาคหมื่นวัยกับพวกประมาณ10คน
1-1075-199.wav	พิวัตรจำกัดเนี่ยโดยมีนายสุพีบุญพรมอายุ44ปีเป็นหัวหน้าฝ่ายขนส่งบริษัทชัยพิวัตรจำกัด
1-1075-200.wav	เขาก็บอกว่าเขาก็ไม่ได้ทราบมาก่อนว่านายเอกพฤษเนี่ยคนที่เคยคนที่เกาะคดีนี้นะคะ
1-1077-24.wav	คือนายพินชัยหรือว่าในหมีอายุ40
1-1077-51.wav	ถนนแม่น้ำคูขี่ไปเพียงคนเดียวแล้วมีกระบะของนายพินชัยหรือในหมีขับตามไป
1-1077-60.wav	กระบะของนายพิมชัยหรือนายหมีก็เลี้ยวตามมาติดเลยครับ
1-1077-74.wav	หลังจากนั้นนางสาวสุภกรหรือนุ่นก็บอกว่า
8-8687-1.wav	ประพาพันธ์อายุ25ปีกลุ่มนักเคลื่อนไหวทางการเมืองชาวจังหวัดลพบุรี
8-8687-22.wav	ด้านนายพุทธิพงษ์ปุณณกันต์(พุทธิพงษ์ปุณณกันต์,พุทธิพงษ์ปุณณกันต์)รัฐมนตรีว่าการกระทรวงการดิจิตอล(ดิจิตอล,ดิจิทัล)
8-8687-6.wav	นายสาธิพัฒน์ถูกตำรวจปอท(ปอท,ปอท.)จับกุมได้ที่บ้านพัก
8-8688-141.wav	แล้วก็เมื่อวานที่นายศิรา(ศิรา,สิระ)บอกว่าผมกระพริบตาอะไรนั่นนะฮะ
8-8688-146.wav	ว่าจะไปดักรอเจอนายศิระ(ศิรา,สิระ)หรือว่าจะดำเนินการอย่างไรต่อนะฮะ
8-8688-19.wav	บอกว่าผมก็ขอรับคำท้าจากนายศิระ(ศิรา,สิระ)แล้วก็ยินดีให้ตรวจที่ไหนก็ได้
8-8688-20.wav	ให้นายศิระ(ศิระ,สิระ)เตรียมเงินสดเอาไว้ด้วยเลย
8-8688-38.wav	ไปเจอกับนายศิระ(ศิระ,สิระ)เจนจาคะ<MARK>สสกมภักดิ์(สสกมภักดิ์,ส.ส.พรรค)พลังประชาบรัฐ(ประชาบรัฐ,ประชารัฐ)
8-8688-3.wav	และหลังจากนั้นคือนายศิระ(ศิระ,สิระ)เขามาท้า
8-8688-42.wav	คือนายศิระ(ศิระ,สิระ)ให้สัมภาษณ์ใหม่คุณให้สัมภาษณ์ใหม่แบบนี้นะครับ
8-8688-65.wav	แล้วก็นายศิระ(ศิระ,สิระ)ก็พูดถึงเงินทั้ง1ล้านบาทและเงิน10ล้านบาทด้วย
8-8688-86.wav	แล้วก็ตรวจสอบพร้อมกันกับทั้งนายธนัด(ธนัด,ธนัตถ์)และกับนายศิระ(ศิระ,สิระ)เลย
8-8688-95.wav	คือความเคลื่อนไหวของไฮโซลูกนัด(ลูกนัด,ลูกนัท)เนี่ยพอเมื่อวานนี้ได้เห็นนายศิระ(ศิระ,สิระ)ท้าแล้ว
8-8688-97.wav	เป็นสักขีพยานในการทวงเงินจากนายศิระ(ศิระ,สิระ)
16-16851-19.wav	แจ้งข้อกล่าวหาเพิ่มเติมกับนายนันมณัฐสิริวัฒนสกุล
8-8694-11.wav	ในพื้นที่อำเภอบางปะอินจังหวัดพระนครศรีอยุธยา
8-8696-2.wav	โดยนายจงรักวัชรินรัก(วัชรินรัก,วัชรินทร์รัตน์)รักษาการแทนอธิการบดีมหาวิทยาลัยเกษตรศาสตร์
8-8697-19.wav	ส่วนคนขี่รถจักรยานยนต์ที่ก่อเหตุคนเสื้อเขียวเนี่ยค่ะนายจรูน<MARK>นะคะเขาบอกว่าวันเกิดเหตุเขากำลังจะไปงานเลี้ยงปีใหม่ที่ร้านอาหารแห่งหนึ่งในตัวเมืองหนองคายเขาก็ยืนยันว่าเขาไม่ได้เมา
8-8697-6.wav	ธันวาคมเหตุการณ์เกิดขึ้นริมถนนในหมู่บ้านหินงมอำเภอเมืองจังหวัดหนองคาย
8-8697-9.wav	หลังจากนั้นนายจรูนลุนนาริน(จรูนลุนนาริน,จรูญลุนนารินทร์)อายุ20ปีเป็นพนักงานห้างสรรพสินค้าแห่งหนึ่งที่จังหวัดขอนแก่นมามอบตัวกับตำรวจนะคะ
8-8700-43.wav	ก็มางานศพของน้อง<MARK>ที่บ้านพักที่จังหวัดสุโขทัยนะครับ
8-8700-6.wav	นี่คือนางยศ<MARK>อายุ59ปีคุณย่าของน้องโดม<MARK>อายุ11ขวบ
8-8700-9.wav	นางยศ<MARK>เนี่ยเล่าบอกว่า7ตุลาคมเนี่ย
8-8703-40.wav	ปลายทางที่โอนไปคือบัญชีของนางสาวนารีรัฐ<MARK>สาขาสุรินทร์ซึ่ง
8-8706-104.wav	ตมตรี(ตมตรี,พล.ต.ต.)สุกริตบุญทรง(สุกริตบุญทรง,สุกฤษฎิ์บุญทรง)ผู้บังคับการตำรวจภูธรจังหวัดนครสวรรค์บอกว่าก๊อฟ(ก๊อฟ,กอล์ฟ)กับนัท<MARK>นะ
8-8706-11.wav	มีนายสุภวัฒน์วิมารทอง(วิมารทอง,วิมานทอง)นายสุภวัฒน์<MARK>เนี่ยเขาชื่อเล่นชื่อหน่อย<MARK>
8-8706-22.wav	ค่อยไล่ไปตัวละครเยอะหน่อยนะนายสาธิตหรือหนึ่ง<MARK>กับนายสุภวัฒน์หรือหน่อยหน่อย<MARK>
8-8706-13.wav	อีกศพหนึ่งคือนายสาธิตกลิ่นทรัพย์<MARK>ชื่อเล่นชื่อหนึ่ง<MARK>อายุ32ปี
8-8706-12.wav	มีฉายาว่าหน่อยหน้าขาวอายุ35ปีนี่นะฮะนายสุภวัฒน์<MARK>
8-8714-15.wav	ส่วนผู้เสียชีวิตชื่อว่านายสมพงศ์สามหมอ<MARK>อายุ46ปี
8-8714-34.wav	ออกมาแจ้งญาติบอกว่านายสมพงศ์<MARK>เสียชีวิตเพราะเส้นเลือดอุดตัน
8-8716-17.wav	ช่วงเย็นของเมื่อวานนี้นายจรรย์<MARK>กับภรรยา
8-8716-23.wav	นายจรรย์<MARK>และภรรยาก็เป็นห่วงเด็ก
8-8716-26.wav	ทีนี้นายจรรย์<MARK>ก็เลยตัดสินใจแบบนี้
8-8716-36.wav	ตัวภรรยาขาดการติดต่อกับนายจรรย์<MARK>ทันที
8-8716-47.wav	นายจรรย์<MARK>ขับรถเข้ามาส่งนักเรียน
8-8718-40.wav	จุดนี้เองรุ้งนางสาวปนัสยา<MARK>หนึ่งในแกนนำลงจากรถ
8-8718-58.wav	ที่สุดรุ้ง<MARK>ค่ะนางสาวปนัสยา<MARK>อ่านข้อเรียกร้องทั้งหมด
8-8722-101.wav	เจอกับนายสนอง<MARK>เจ้าของวัวเนี่ยนะคะ
8-8724-0.wav	มาดูความคืบหน้าคดีหญิงไก่<MARK>หรือว่าคดีนางไก่<MARK>กันบ้างนะคะ
8-8724-13.wav	พระครูปลัดสุรสิทธิ์<MARK>เป็นขบวนการต้มตุ๋นเครือข่ายเดียวกับนางมนตายกรัตนการ(มนตายกรัตนการ,มณตาหยกรัตนกาญ)หรือว่าหญิงไก่<MARK>
8-8724-15.wav	แต่รู้จักกับนางสาวสายใย<MARK>เนื่องจากว่าเคยเข้ามาที่วัดยี่ป่า(ยี่ป่า,ญี่โถ)
8-8724-17.wav	ต่อมานางสาวสายใย<MARK>แอบอ้างเบื้องสูงเพื่อเรียกรับเงิน
8-8724-19.wav	ด้วยความเกรงกลัวนะคะจึงนำเงินไปมอบให้กับนางสาวสายใย<MARK>
8-8724-20.wav	แต่ต่อมาได้ปรากฏเป็นข่าวว่านางสาวสายใย<MARK>
8-8724-25.wav	ก็คือนายวรากร<MARK>ก็เปิดเผยด้วยนะคะว่า
8-8726-15.wav	ผู้ที่ก่อเหตุชื่อนายอุทิศมาสทอง(มาสทอง,มาศทอง)ชื่อเล่นชื่อโหน่ง<MARK>อายุ29ปี
8-8726-1.wav	สิบตำรวจเอกอลงกรเพ็งกลัด(อลงกรเพ็งกลัด,อลงกรณ์เพ็งกลัด)หรือว่าหมู่โน้ต<MARK>สังกัดตำรวจท่องเที่ยวระนองนะฮะถูกยิงเสียชีวิตที่หน้าบ้านเช่าหลังนี้นะครับ
8-8726-2.wav	พร้อมกับนางสาววลิสารอดใหญ่(วลิสารอดใหญ่,วริศรารอดใหญ่)หรือว่าน้องกิ๊ก<MARK>ที่เป็นนักศึกษาของมหาวิทยาลัยแห่งหนึ่ง
8-8731-11.wav	สาขานางรองที่จังหวัดบุรีรัมย์จากการตรวจสอบเจอรกเด็กจริงคุณภาคภูมิ<MARK>คุณผู้ชมค่ะ
8-8736-85.wav	พนักงานร้านสะดวกซื้อหรือนายนิว<MARK>
8-8740-52.wav	ทางด้านของนายชนะชัยบุญธรรม<MARK>อายุ55ปี
8-8740-91.wav	บอกว่าก่อนหน้านี้นายประจวบ<MARK>มาสังสรรค์ในวันปีใหม่
8-8745-10.wav	มีรถสิบล้อมีรถแบ็คโฮ(แบ็คโฮ,แม็คโคร)และก็ที่เกิดเหตูก็เป็นนาข้าวของนายมานะ<MARK>เอง
8-8745-11.wav	นายมานะ<MARK>คือภาพซ้ายมือนี้นะคะครับวันนี้ก่อนที่จะถูกยิงเนี่ยค่ะ
8-8745-12.wav	นายมานะ<MARK>ออกจากบ้านแต่เช้ามืดเลยขับรถไถเป็นรถไถเล็กพ่วงอ่ะนะคะ
8-8745-15.wav	เหนือราวนมด้านซ้ายนายมานะ<MARK>ล้มหงายตายคานา
8-8741-20.wav	ซึ่งเป็นมือฆ่านายนัทธวัฒน์เพียรสกุล(นัทธวัฒน์,ณัฐวัฒน์)หรือว่าโบ๊ท<MARK>
8-8741-28.wav	ซึ่งจุดนี้เป็นจุดที่นายสุรสิทธิ์<MARK>นำศพติวเตอร์
8-8741-32.wav	นายสุรสิทธิ์<MARK>ก็คือผู้ต้องหาระบุสาเหตุบอกว่า
8-8745-27.wav	ถูกยิงตายอยู่ในหนา(หนา,นา)นายดอกรัก<MARK>บอกว่าคนยิงน่าจะรู้ว่า
8-8745-9.wav	คือนายมานะ<MARK>เนอกจากเป็นผู้ใหญ่บ้านเป็นคนมีฐานะค่ะ
8-8746-92.wav	ทีมข่าวก็ไปคุยกับคนที่อยู่ข้างข้างวัดอ่ะนะคะนางรุ่งเพชร(รุ่งเพชร,รุ่งเพชร)บุญเมือง<MARK>
8-8747-265.wav	หลวงปู่พุทธะ(พุทธะ,พุทธะ)คนนี้หรือนายพุทธ<MARK>คนนี้
8-8751-55.wav	แล้วนายธีรพงศ์<MARK>คนก่อเหตุก็เดินตามออกมาด้วย
8-8751-56.wav	กระทั่งตำรวจเดินทางมาถึงแล้วก็คุมตัวนายธีรพงศ์<MARK>ไปสอบสวนนะคะ
8-8751-58.wav	ล่าสุดนางสาวมณีขวัญ<MARK>แจ้งความดำเนินคดีกับสามีนะครับบอกว่า
16-16855-65.wav	คนแรกคือนายพงปะนดจันคามิอายุ34ปี
8-8747-404.wav	อึงอ่าง(อึงอ่าง,อึ่งอ่าง)เผือกกันอย่างคึกคักเลยนางอรไทย<MARK>นะฮะอายุ50ปีเปิด
8-8758-33.wav	แล้วก็ไปจับกุมตัวคือนนายสมชายศรีหิน<MARK>อายุ54ปีหรือว่าชายหาดวัดใต้<MARK>
8-8758-26.wav	มีบ้านของนายแหนะ(แหนะ,แห)ครับแหบ้านขาม<MARK>อายุ35นี่เป็นน้องของเป็ด<MARK>
8-8758-20.wav	แล้วไปค้นบ้านพ่อของนายโชค<MARK>นะครับนายพิวัฒนามสิริ(พิวัฒนามสิริ,พิวัฒน์นามสิริ)ผู้ต้องหาที่ถูกควบคุมตัวได้
8-8758-44.wav	ตำรวจยังไปยึดรถกระบะสีขาว4ประตูของนายสมชาย<MARK>ที่ถูกจับในวันนี้มาไว้ที่โรงพัก
8-8758-46.wav	ปลอกกระสุน1ปลอกที่ข้างประตูคนขับด้วยแล้วก็ยึดปืน9มม(9มม,9มม.)และเสื้อผ้าของนายสมชาย<MARK>
8-8753-32.wav	ผู้บาดเจ็บชื่อว่านายสิทธิพรสุขน้อย<MARK>ค่ะอายุ19ปี
8-8758-18.wav	ที่สอง(ที่สอง,ที่2)เป็นบ้านของนายสมเกียจ(สมเกียจ,สมเกียรติ)จันทาสัย<MARK>สมาชิกแก๊งหาดวัดใต้
8-8758-38.wav	ส่วนตัวนายสมชาย<MARK>วันนี้ถูกจับได้ถูกคุมตัวมาสอบต.ั้งแต่เช้านะครับ
8-8758-47.wav	ที่ใส่ในวันเกิดเหตุด้วยช่วงที่นายสมชาย<MARK>ถูกนำตัวมาสอบปากคำนะครับ
8-8758-49.wav	ก็เลยไม่รู้ว่าตัวของนายสมชาย<MARK>เนี่ยเกี่ยวข้องหรือเปล่านี่ญาติมาหานะฮะ
8-8758-61.wav	ร่วมกับกองปราบและชุดสืบสวนบอกว่าวันนี้สามารถจับกุมตัวนายสมชาย<MARK>และนายแห่(แห่,แห)ได้นะครับ
8-8758-72.wav	และจากการรับสารภาพของนายโชค<MARK>นะ
8-8758-75.wav	ซึ่งยืนยันว่าตัวนายโชค<MARK>ยิงจริงนะฮะ
8-8766-24.wav	กระสุนเข้าที่นิ้วกลางข้างขวาของนายกิติภูมิ<MARK>
8-8766-11.wav	ส่วนนายกิติภูมิ<MARK>อายุ16ปีเท่ากัน
16-16855-69.wav	นายพงปะนดสาวประเภท2บอกว่าทำอาชีพขายขนมจีน
16-16855-87.wav	อีกรายคือนางชวีวันแก่นหมั่นอายุ45ปี
8-8773-255.wav	วันนี้มีนายศิรา(ศิรา,สิระ)เจนจาคะ<MARK>อดีตส.ส.กม(กม,พปชร.)
8-8786-2.wav	แล้วก็นายสุภกิจเกิดซ้ำ<MARK>หรือว่าโจ้ที่เป็นเพื่อนนะฮะ
8-8786-23.wav	ไปชนเขาจนเสียชีวิตเนี่ยเดินทางมาขอเข้ามา(ขอเข้ามา,ขอขมา)ศพน้องเซนติเมตร<MARK>ทางครอบครัวบอกว่าก็ให้อภัย
8-8786-22.wav	นางสาววิจิตรา<MARK>คือคนขับรถยนต์ฮอนด้ารถยนต์โยต้า(โยต้า,โตโยต้า)วีออสสีดำ
8-8786-21.wav	เมื่อวานนี้หลังจากที่นางสาววิจิตราปุกบุญเรือง<MARK>พร้อมกับพี่สาว
8-8789-7.wav	ผู้ตายก็คือนางสาววลัยพันธ์ชำนาญธรรม<MARK>หรือว่าเต๋าอายุ43ปีนะคะ
8-8803-127.wav	รับไม่ได้จริงที่นายแจ๊บ<MARK>โหดร้ายกับหลานสาวท่านถึงเพียงนี้คุณผู้ชม
8-8803-157.wav	เอส่งข้อความหาแม่บอกแม่ไม่ยอมจ่ายเงินแม่ก็เลยบอกให้นางสาวมิ้น<MARK>มาคุยด้วย
8-8803-123.wav	ส่วนที่นายแจ๊บ<MARK>กล่าวหาหลานเอนะครับหลานเอว่าแหมชอบลักเล็กขโมยน้อย
8-8808-16.wav	ซึ่งระหว่างนำตัวของนางสาวพลอยไพริน<MARK>
8-8808-24.wav	ตัวของฝ่ายชายคือครูมวยครูแดงนายวิชาญ<MARK>
8-8808-27.wav	หลังจากที่นางสาวพลอยไพริน<MARK>
8-8808-60.wav	หลังจากนั้นคำรับสารภาพต่อไปของนางสาวพลอยไพริน<MARK>ก็คือ
8-8808-63.wav	ก่อนจะโทรหานายโอ๊ต<MARK>ซึ่งเป็นแฟนหนุ่ม
8-8808-65.wav	โดยนายโอ๊ต<MARK>ได้ขับรถยนต์มารับออกจากที่เกิดเหตุ
8-8808-66.wav	ระหว่างที่นั่งในรถเองนายโอ๊ต<MARK>ก็ซักถามถึงเรื่องราวที่เกิดขึ้น
8-8808-67.wav	ตัวผู้หญิงคือตัวนางสาวพลอยไพริน<MARK>
8-8808-68.wav	เล่าเรื่องราวทั้งหมดให้นายโอ๊ต<MARK>ฟัง
8-8808-69.wav	โอ๊ต<MARK>ก็เลยพาตัวนางสาวพลอยไพริน<MARK>
8-8808-73.wav	นายโอ๊ต<MARK>ก็ถามว่าพลอยไพริน<MARK>ตัดสินใจจะมอบตัวหรือไม่
8-8808-74.wav	แต่สุดท้ายนางสาวพลอยไพริน<MARK>ไม่ยอมมอบตัวครับ
8-8808-75.wav	นายโอ๊ต<MARK>ก็เลยต้องพานางสาวพลอยไพริน<MARK>หลบหนี
8-8808-76.wav	ตัวนางสาวพลอยไพริน<MARK>ยอมรับจากการตรวจสอบรถคันเกิดเหตุ
8-8808-78.wav	นางสาวพลอยไพริน<MARK>บอกแบบนี้
8-8808-79.wav	บอกว่าคล้ายกับว่านายวิชาญ<MARK>ผู้ตายเตรียมผ้านี้มาขึง
8-8808-89.wav	หน้านั้นคือตำรวจก็สงสัยนายโอ๊ต<MARK>ด้วยเหมือนกัน
8-8808-8.wav	ก็คุมตัวนางสาวพลอยไพรินคุณาอนุกรกุล<MARK>
8-8808-91.wav	ก็คำรับสารภาพของนางสาวพลอยไพริน<MARK>ว่านายโอ๊ต<MARK>ขับรถมารับ
8-8808-92.wav	ตำรวจก็ต้องเชิญนายโอ๊ต<MARK>มาสอบปากคำนะครับ
8-8808-93.wav	โดยขณะที่นายโอ๊ต<MARK>ไปรับผู้ต้องหาออกจากจุดเกิดเหตุนั้น
8-8808-94.wav	ตำรวจจะสอบปากคำแบบนี้ว่านายโอ๊ต<MARK>รู้เรื่องของการเตรียมการมาก่อนหรือไม่
8-8808-96.wav	แต่หากนายโอ๊ต<MARK>ไม่เข้ามาพบพนักงานสอบสวนจะมีการออกหมายเรียก
8-8808-97.wav	ส่วนจะมีการออกหมายจับนายโอ๊ต<MARK>หรือไม่นั้น
8-8808-9.wav	อายุ32ปีเป็นผู้ต้องหาฆ่าปาดคอนายวิชาณมะลิทอง(วิชาณมะลิทอง,วิชาญ มะลิทอง)หรือว่าแดง
8-8814-327.wav	จนกระทั่งไปพบร่างของนายสุน<MARK>
8-8814-496.wav	โทนี่<MARK>แล้วก็นายอดำ(อดำ,Adam)สามีของเธอเนี่ยเดินทางไปท่องเที่ยวที่สระน้ำด้วยกันเป็นสวนน้ำ
8-8820-87.wav	พยายามจะแย่งปืนจากนายสนชัย<MARK>กลายเป็นว่านายสนชัย<MARK>ก็ไม่รู้ปืนลั่นหรืออะไรนั่นแหละค่ะ
8-8820-88.wav	นายจิราวัตร<MARK>เนี่ยถูกยิงแล้วนายสนชัย<MARK>ก็พยายามวิ่งหนี
8-8820-90.wav	สิบเอกเทวิน<MARK>ก็ถูกยิงแล้วสุดท้ายนายสนชัย<MARK>วิ่งตกลงไปในร่องน้ำ
8-8820-97.wav	ได้คุยกับนายอมรินเสนาพรม(อมริน,อมรินทร์)พ่อของนายจิราวัตร<MARK>คนเจ็บนะคะเขาบอกว่า
8-8822-12.wav	โพทอง(โพทอง,โพธิ์ทอง)จังหวัดอ่างทองเป็นสำนักของอาจารย์สังคมเวท(สังคมเวท,สังคมเวท)หรืออาจารย์บอย<MARK>นั่นเองนะคะ
8-8824-88.wav	ตอนนี้สำนักที่พระรามสอง(พระรามสอง,พระราม2)ซึ่งเป็นบ้านเช่าที่นายเน<MARK>เขาเช่าอยู่
8-8820-17.wav	นายจิราวัตรเสนาพรม<MARK>อายุ28ปีคนนี้ถูกยิงที่ขาครับ
8-8820-20.wav	แล้วก็นายสนชัยเสนาพรม<MARK>อายุ30ปีคนก่อเหตุคนนี้
8-8820-56.wav	แต่ว่าปืนของนายสนชัย<MARK>บรรจุกระสุนมาแค่ห้านัด(ห้านัด,5นัด)
8-8827-100.wav	เราได้คุยกับนายสายชนอินคง(สายชนอินคง,สายชลอินคง)แล้วก็นายนางสายชน(สายชน,สายชล)กับนายสุธา<MARK>นะคะ
8-8698-42.wav	เดินทางตามรอยประวัติศาสตร์ของบ้อวันท้าย(บ้อวันท้าย,พ่อพันท้าย)มาตามคลองโฆขาม(โฆขาม,โคกขาม)
8-8705-157.wav	ขอเลขเด็ดนั่นคือผู้สื่อข่าวเนี่ยได้รับแจ้งจากนายเทียนทราย(เทียนทราย,เทียนทราย)ด้วย
8-8705-184.wav	เกิดขึ้นที่นู่นเลยนะฮะจังหวัดนครศรีธรรมราชที่อำเภอเฉลิมพระเกียรติ
8-8705-61.wav	เกี่ยวกับเจนี่เทียนโพสุวรรณ(เจนี่เทียนโพสุวรรณ,เจนี่เทียนโพธิ์สุวรรณ)อย่างที่บอกว่านางโสดแล้วเนอะ
8-8705-63.wav	แต่ไม่ยอมบอกนางอย่างที่บอก
8-8708-9.wav	สายสุนีจ๊ะนะ(สายสุนีจ๊ะนะ,สายสุนีย์จ๊ะนะ)รวมถึงนายจุธินัน(จุธินัน,จุตินันท์)พิรมพักดี(พิรมพักดี,ภิรมย์ภักดี)
8-8709-30.wav	ทำให้นางสาวสุธนีพุทธศิริ(สุธนีพุทธศิริ,สุนทนีพุทธศิริ)อายุ28ปี
8-8711-28.wav	ด้านนางอังกาล่าเมเคิล(อังกาล่าเมเคิล,อังเกลาแมร์เคิล)นายกรัฐมนตรีเยอรมนีเปิดเผย
8-8712-24.wav	คือนายคมสรร(คมสรร,คมสัน)หรือว่าปลัดคมสรร(คมสรร,คมสัน)สุรณัฐกุล(สุรณัฐกุล,สุรณัฎฐกุล)อายุ47ปี
16-16860-17.wav	นายสุภาพแข็มคำวัย30ปีเจ้าของเบ็ดเล่าให้ฟังว่า
16-16860-21.wav	จนกระทั่งนางสาวนันทกาเรืองกันวัย30ปีขี่มอเตอร์ไซค์ไล่ตามมา
8-8712-46.wav	เขาเดินทางจะไปวัดพวงนิมิตรเขาชะกัน(เขาชะกัน,เขาฉกรรจ์)ที่สระแก้ว
8-8715-18.wav	นายประกาศิษย์(ประกาศิษย์,ปากาศิต)สารภาพเลยมันทำอะไรไม่ได้แล้วล่ะนอกจากสารภาพอ่ะ
8-8715-27.wav	แต่เบื้องต้นนายปากาศิษย์(ปากาศิษย์,ปากาศิต)โดนดำเนินคดีเรียบร้อยแล้วค่ะ
8-8715-8.wav	เออแถมยังพกติดตัวไว้อีกด้วยเนี่ยค่ะเหตุการณ์ที่เกิดขึ้นในพื้นที่จังหวัดชลบุรี
8-8722-74.wav	เหลืออีก4จังหวัดที่ยังไม่ได้มีประกาศคำสั่งกำหนดโทษ
8-8723-0.wav	ที่อำเภอเสรภูมิ(เสรภูมิ,เสลภูมิ)จังหวัดร้อยเอ็ดค่ะ
8-8723-10.wav	อยู่ที่อำเภอเสรภูมิ(เสรภูมิ,เสลภูมิ)จังหวัดร้อยเอ็ด
8-8723-29.wav	ของอำเภอเสรภูมิ(เสรภูมิ,เสลภูมิ)จังหวัดร้อยเอ็ดซึ่งถือว่าตำบลนี้ก็ได้รับผลกระทบอย่างหนักที่สุดอีกตำบลเช่นเดียวกันนะครับ
8-8723-30.wav	สมศักดิ์ศรีชุ่ม(ศรีชุ่ม,สีชุ่ม)รายงานจากอำเภอเสรภูมิ(เสรภูมิ,เสลภูมิ)จังหวัดร้อยเอ็ดครับ
8-8723-5.wav	เพราะว่ายังคงมีมวลน้ำก้อนใหญ่จากเขื่อนลำเปล่า(ลำเปล่า,ลำปาว)ที่จังหวัดกาฬสินธุ์นะคะ
8-8723-8.wav	รายงานสดมาจากอำเภอเสรภูมิ(เสรภูมิ,เสลภูมิ)จังหวัดร้อยเอ็ดค่ะ
8-8724-10.wav	เพื่อให้ดำเนินคดีกับนางสาวสายใยเอี่ยมภูมิ(เอี่ยมภูมิ,เอี่ยมภูมินทร์)นายสงการอัจฉริยทรัพย์(สงการอัจฉริยทรัพย์,สงกานต์อัจฉริยะทรัพย์)
8-8724-1.wav	ล่าสุดอดีตประธานสงฆ์วัดยี่ป่า(ยี่ป่า,ญี่โถ)จังหวัดพระนครศรีอยุธยา
8-8724-4.wav	เพื่อให้ดำเนินคดีกับนายสงการอัจฉริยศัพย(สงการอัจฉริยศัพย,สงกานต์อัจฉริยะทรัพย์)
8-8724-8.wav	จังหวัดพระนครศรีอยุธยาพร้อมนายวรากรพงธนากุล(พงธนากุล,พงษ์ธนากุล)ทนายความ
8-8726-14.wav	โดยศาลจังหวัดระนองขออนุมัติอนุมัติ(อนุมัติอนุมัติ,อนุมัติ)หมายจับให้กับทางตำรวจแล้วนะครับ
8-8726-27.wav	นั่งเรือข้ามไปฝั่งจังหวัดเกาะสอง(เกาะสอง,เกาะสอง)ของเมียนมาแล้วนะครับ
8-8726-48.wav	เป็นวัดที่ตั้งบำเพ็ญกุศลศพของนางสาววลิสา(วลิสา,วริศรา)นะครับฝ่ายของนักศึกษาที่เสียชีวิตนะฮะ
8-8726-5.wav	เป็นแฟนเก่านะฮะเป็นอดีตแฟนของฝ่ายหญิงนะครับนางสาวลิสา(ลิสา,วริศรา)นะครับ
8-8728-627.wav	เรือนจำสั่งโรงพยาบาลไม่ได้ครับเรือนจำได้รับความ(ความ,คุม)ตัวนาย
8-8729-0.wav	พังงาน(พังงาน,พังงา)จังหวัดสุราษฎร์ธานีนะคะเขามีการจัดสร้างสนามบินขึ้นมา
8-8731-15.wav	มีข้อมูลจากแม่บ้านทำความสะอาดห้องน้ำนะคะนางบุญเลี้ยงรุคชาติ(รุคชาติ,รุกขชาติ)อายุ50สี่ปี(50สี่ปี,54ปี)คนนี้ล่ะค่ะ
8-8731-1.wav	อยู่ในห้องน้ำเป็นห้องน้ำหญิงหมายเลข7ที่ห้างโลตัสสาขานางรองจังหวัดบุรีรัมย์
8-8733-20.wav	เหรอช้าง(เหรอช้าง,เกาะช้าง)จังหวัดตราดอ่ะคุณ
8-8734-43.wav	กรอบศักดิภูตระกูล(กรอบศักดิภูตระกูล,กอบศักดิ์ภูตระกูล)รัฐมนตรีประจำสำนักนายกรัฐมนตรี
8-8736-141.wav	ก็คือนายประสานมหาลิตระกูล(ประสานมหาลิตระกูล,ประสารมหาลี้ตระกูล)
8-8740-114.wav	ผู้ได้รับบาดเจ็บสองคัน(สองคัน,2คัน)เนี่ยสิบสามคน(สิบสามคน,13คน)นายธนวัฒน์จูบ้ง(จูบ้ง,จูบ้อง)อายุสามสิบแปดปี(สามสิบแปดปี,38ปี)
8-8740-12.wav	ห่างออกไปพบศพของนายพรชัยชัยอ้าย(ชัยอ้าย,ไชยอ้าย)
8-8740-14.wav	เป็นชาวอำเภอศพปราบ(ศพปราบ,สบปราบ)จังหวัดลำปาง
8-8740-88.wav	ผู้ตายก็คือนายประจวบสิมวิเศษ(สิมวิเศษ,สิมวิเศษ)อายุ48ปี
8-8741-19.wav	วันนี้ล่าสุดค่ะตำรวจนำตัวผู้ต้องหาก็คือนายสุรสิทธิ์จันวงสกุล(จันวงสกุล,จันทร์วงศ์สกุล)
8-8741-21.wav	นายนัทธวัฒน์(นัทธวัฒน์,ณัฐวัฒน์)เป็นติวเตอร์สอนพิเศษวิชาคณิตศาสตร์
8-8742-6.wav	ทะเบียนจังหวัดภูเก็ตเพื่อรับศพพลตำรวจโทปัญญาปิ่นสุข(ปัญญาปิ่นสุข,ปัญญาปิ่นสุข)
8-8745-1.wav	ตำรวจสภ.(สภ,สภ.)ธาตะโก(ธาตะโก,ท่าตะโก)จังหวัดนครสวรรค์ได้รับแจ้งนะคะว่ามีคนถูกยิงเสียชีวิตเนี่ยค่ะ
8-8745-4.wav	นายมานะอยู่จันทร์(อยู่จันทร์,อยู่จันทร์)อายุ53เสียชีวิตคาคันนาแบบนี้เลยค่ะ
8-8746-104.wav	ท่านผู้ชมครับก็คือนางพวงเพชรภูลเกิด(ภูลเกิด,พูลเกิด)นะอ่าบอกว่าปกติเนี่ย
8-8746-108.wav	คุณนัทพงศ์(นัทพงศ์,ณัฐพงศ์)เรียบสันเทีย(เรียบสันเทีย,เรียบสันเทียะ)ก็ลงพื้นที่ไปดูมานะครับซึ่งนางพงเพชร(พงเพชร,พวงเพชร)เนี่ยบอกว่า
8-8746-51.wav	ว่าน(ว่าน,ว่า)ท่านเจ้าอาวาสวัดหนองเข้จังหวัดอุทัยธานีออกมาร้องเรียนว่า
8-8746-5.wav	ได้รับการเปิดเผยจากพระครูพิสารอุทัยกิจ(พิสารอุทัยกิจ,พิศาลอุทัยกิจ)เจ้าอาวาสวัดหนองเข้ตำบลไผ่เขียวอำเภอสว่างอารมณ์จังหวัดอุทัยธานี
8-8747-206.wav	นายสุพัฒนภงพันมีเช่า(สุพัฒนภงพันมีเช่า,สุพัฒนพงษ์พันธ์มีเชาว์)เนี่ย
8-8747-309.wav	นางก็ไปถ่ายรูปแล้วก็ไปก้มกราบไปอะไรอย่างเงี้ยนางก็ทำเป็นอยู่บนเขาบก(เขาบก,เขาสก)
16-16863-23.wav	ทราบชื่อคือนายอัศดาวุฒิบุญช่วงอายุ24ปี
8-8747-360.wav	พอการ(พอการ,ผอ.)โรงเรียนแห่งหนึ่งในจังหวัดนครศรีประมาณนั้นโดยเจ้าหน้าที่คนดังกล่าวนะครับ
8-8747-367.wav	สอบถามนายศักดิ์ชัยจงกิจวิวัตร(จงกิจวิวัตร,จงกิจวิวัฒน์)นะครับพอการ(พอการ,ผอ.)สำนักป้องกันรักษาป่าและการควบคุมไฟป่า
8-8747-401.wav	ตำบลบ้านราชอำเภอเสิงสางจังหวัดนครราชสีมาเนี่ย
16-16866-5.wav	อำเภอเชียงคำจังหวัดพะเยานะฮะนายนัทธวุฒิโพพรมศรีอายุสี่สิบสองปี
16-16866-8.wav	บอกว่าตัวเองกับนายนัทวุฒิเป็นช่างเชื่อมได้รับการว่าจ้างจากทางโรงเรียนเชียงคำวิทยาคม
16-16868-4.wav	ทีมข่าวตรวจสอบคลิปนี้จนได้พูดคุยกันกับหนุ่มเสื้อแดงในคลิปชื่อว่านายนัทธวุฒิเอี่ยมสะอาด
16-16870-10.wav	ผู้ชายคนนี้ชื่อว่านายเทิดพันธ์วะรังคณากุล
8-8747-548.wav	พอส(พอส,โพสต์)เขาก็บอกว่าเฮ้ยนางก็นอย(นอย,นอยด์)เหมือนกันนะ
8-8751-47.wav	เบื้องต้นตำรวจคุมตัวนายธิรพงศ์(ธิรพงศ์,ธีรพงศ์)
8-8751-60.wav	ที่ผ่านมาถูกนายธิรพงศ์(ธิรพงศ์,ธีรพงศ์)ทำร้ายทุบตีอยู่บ่อยครั้ง
8-8752-11.wav	ตำบลบางแก้วที่อำเภอนครชายศรี(นครชายศรี,นครชัยศรี)จังหวัดนครปฐม
8-8752-27.wav	วุ่นทั้งจังหวัดดูสิว่าไปตรงไหนขับรถไปตรงไหน
8-8752-31.wav	เนี่ยนะคะเนี่ยนี่คันนี้เนี่ยนายคนนี้เนี่ยนั้นใส่ใส่หน้ากากอ
8-8752-34.wav	จับกุมได้อายุยี่สิบเก้า(ยี่สิบเก้า,29)เท่านั้นชื่อว่านายนัทธวุฒิจันทมรังศรี(จันทมรังศรี,จันทรังษี)
8-8757-18.wav	มาพักอยู่ที่แถวว่านางสาว
8-8757-50.wav	เพราะเชื่อว่าการได้เดินทางมากราบไหว้ขอพรที่สารเจ้า(สารเจ้า,ศาลเจ้า)
8-8758-16.wav	จุดที่นายตะวันธรรมจัย(ธรรมจัย,ธรรมใจ)หรือว่าในคิง(คิง,คิง)หนึ่งในผู้เสียชีวิตนะที่มีการยิงกันแล้วก็เสียชีวิตนะครับ
8-8761-84.wav	สี่ราศี(สี่ราศี,4ราศี)นี้ท่านก็ไปทำบุญหน่อยอยู่จังหวัดไหนก็ไปสาร(สาร,ศาล)หลักเมืองจังหวัดนั้นก็ได้
8-8764-13.wav	ห้องพักพบศพของนายลินโมออง(ลินโมออง,LinMoAung)นะคะวัย44ปีเป็นคนงานก่อสร้าง
8-8764-16.wav	คนก่อเหตุไม่ได้หนีไปไหนด้วยนะคะนายอองลิน(อองลิน,AungLin)วัยสามสิบปี(สามสิบปี,30ปี)ยืนรอมอบตัวอยู่หน้าห้องพักนั่นแหละค่ะ
8-8764-17.wav	สอบสวนนายสมมาตรโพมี(โพมี,โพธิ์มี)หัวหน้าแคมป์คนงานเขาก็เล่าให้ฟังว่า
8-8764-21.wav	ลินโมออง(ลินโมออง,LinMoAung)คนตายเนี่ยค่ะชอบดื่มสุราแล้วก็ทะเลาะกันกับนายอองลิน(อองลิน,AungLin)คนก่อเหตุอยู่บ่อยครั้ง
8-8764-26.wav	แต่นายอองลิน(อองลิน,AungLin)เนี่ยคนก่อเหตุเนี่ยถ้าไม่ปิดไฟนอนไม่หลับ
8-8766-14.wav	หลังเกิดเหตุนางสาวเกษลา(เกษลา,เกศรา)แม่ของนายกระหนกชัย(กระหนกชัย,กนกชัย)
8-8766-28.wav	เพราะว่าน้องเพิ่งเริ่มหายใจเองได้ครับนางสาวเกษลา(เกษลา,เกศรา)บอกว่า
8-8766-9.wav	ทำให้นายกระหนกชัย(กระหนกชัย,กนกชัย)อายุ16ปี
8-8769-60.wav	ยังได้เป็นการจัดระเบียบรถโดยสารและเพิ่มความปลอดภัยในการเดินทางด้วยค่ะ
8-8773-130.wav	นายเดชา(เดชา,เดชากิตติวิทยานันท์)บอกว่าการที่กระติก(กระติก,อิจศรินทร์จุฑาสุขสวัสดิ์)ออกมาให้การรับสารภาพในตอนนี้
16-16872-16.wav	นางสาวจุรายรัฐรักบรรจงอายุ49ปี
8-8773-305.wav	นายวิสาพัฒน์มโนมัยรัฐ(วิสาพัฒน์มโนมัยรัฐ,วิศาพัช มโนมัยรัตน์)
8-8780-25.wav	อยู่ริมถนนสุขประยูน(สุขประยูน,สุขประยูร)อำเภอพานทองจังหวัดชลบุรี
16-16872-18.wav	ส่วนผู้ชายคือนายนพนัทมณีชาตรีอายุ26ปี
16-16874-24.wav	นางรำตอนนี้เป็นหวัดหมดแล้ว
1-1077-22.wav	พบร่างนางสาวสุภกรหรือว่านุ่นอายุ38มีแผลที่เอว
8-8785-2.wav	เมื่อวานนี้นางบุษบายอดบังเตย(ยอดบังเตย,ยอดบางเตย)นายกสมาคมกีฬายกน้ำหนักแห่งประเทศไทยพร้อมคณะ
8-8786-0.wav	กรณีของเซนติเมตร(เซนติเมตร,เซนติเมตร)นายจตุรพัฒน์เข็มนาค(จตุรพัฒน์,จตุรภัทร)วัย28ปีนะฮะ
8-8786-10.wav	วันนี้ทีมข่าวไทยรัฐทีวีเดินทางไปที่วัดรังศรีโสพล(รังศรีโสพล,รังสีโสภณ)
8-8786-9.wav	เดินทางไปโครบ(โครบ,เคารพ)ศพของเซนติเมตร<MARK>แล้วนะครับ
8-8789-17.wav	ผู้ชายคนนั้นที่ปรากฏในภาพชื่อว่านายเกม
8-8789-21.wav	เราไปตามหานายเกมคนนี้จนกระทั่งเจอค่ะ
8-8789-9.wav	ส่วนมือปืนคนก่อเหตุชื่อนายสุชาติเรืองภัยศาล(เรืองภัยศาล,เรืองไพศาล)หรือว่าจอกอายุ52ปี
8-8790-10.wav	ดูสิคุณผู้ชมโดยนี่แหละค่ะคือนายศรัทธามีสมบัติประเสริฐ(มีสมบัติประเสริฐ,มีสมบัติตระกูล)
8-8792-24.wav	ล่าสุดเจ้าหน้าที่ประสานไปยังนายสันตินินลวัฒน์(นินลวัฒน์,นิลวัฒน์)แล้ว
8-8792-7.wav	ซึ่งคณะเจ้าหน้าที่นำโดยนายสมหมายชนละสิน(ชนละสิน,ชลสินธุ์)นะคะ
8-8793-0.wav	อย่างร้านร้านนี้อยู่ที่จังหวัดพะเยานะคะเป็นร้านขายกาแฟค่ะแต่เขามีไอเดียดีดี(ดีดี,ดีๆ)โดยการนำย่า(ย่า,หญ้า)คามาตกแต่งหลังคารถนะคะจะสวยงามจะสุดปังขนาดไหนไปติดตามเลยในช่วงตลอดกิน(ตลอดกิน,ตลาดกิน)
8-8795-10.wav	ดีไซน์ของชุดนี้เหมือนจะไม่มีอะไรแต่มีอะไรสุดฤทธิ์นะเวลายิ่งนางนั่งอย่างเงี้(อย่างเงี้,อย่างนี้)
8-8797-7.wav	ไล่ตีอีกกลุ่มเอาไว้ได้แล้วชื่อว่านายจริสัก(จริสัก,จริศักดิ์)ชาวเวียงอายุยี่สิบปี(ยี่สิบปี,20ปี)
8-8798-35.wav	คุณผู้ชมครับบ้านหนองอ้ออำเภอโนนสูงจังหวัดนครราชสีมา
8-8798-56.wav	รายงานจากบ้านหนองอ้ออำเภอโนนสูงจังหวัดนครราชสีมาครับ
1-1080-18.wav	ทราบชื่อผู้เสียชีวิตคือนางนัทธิดาคันทชาอายุ38ปี
16-16883-9.wav	พยายามสอบถามนายหัสชัยชาญทุ่มนุ่มอายุ25ปี
1-1082-13.wav	พ่อตาไปสองครั้งจนเสียชีวิตนะครับนางสาวปวีนาสร้อยนายา
1-1082-7.wav	เป็นบ้านของนายวิโรธสร้อยนายางอายุ50ปี
1-1082-8.wav	ถูกนายชาญลักษณะงามอายุ62ปีซึ่งเป็นอดีตลูกเขยถูกแทงจนเสียชีวิต
8-8807-31.wav	ก็ต้องไปพักรักษาตัวต่อที่ศูนย์อภิบาลผู้ติดเชื้อโควิด-19จังหวัดสงขลาอยู่ที่โรงพยาบาลนาม่อม(นาม่อม,นาหม่อม)อำเภอนาม่อม(นาม่อม,นาหม่อม)
8-8807-36.wav	ทีมแพทย์และพยาบาลก็ใส่ชุดป้องกันเชื้อโรคแล้วก็ดูแลผู้ป่วยแบบตลอด24ชั่วโมงนะคะส่วนที่จังหวัดปัตตานีนายไกรสอนวิสิตวงศ์(วิสิตวงศ์,วิศิษฎ์วงศ์)ผู้ว่าราชการจังหวัดปัตตานีก็บอกว่าจากการตรวจเนี่ยค่ะคนไทยที่กลับมาจากอิน(อิน,อินโดนีเซีย)
8-8807-56.wav	ในพื้นที่ที่จังหวัดยะลเขากำหนดขึ้นนะคะ
8-8807-58.wav	หลังจากเดินทางมาจากต่างประเทศ
8-8808-100.wav	ถ้าหากนายโอ๊ต<MARK>รู้เรื่องราวก่อนเกิดเหตุ
8-8808-104.wav	ทีนี้รอตัวนายโอ๊ต<MARK>ก่อน
8-8814-166.wav	ตรวจสอบทราบชื่อคือนายจะจือจะอ๋อ(จะจือจะอ๋อ,จะจือจะอ๋อ)
8-8814-451.wav	ผลปรากฏว่าไม่สะใจนาง
1-1087-0.wav	กลับเรียนท่านประธานสภาผู้แทนที่เคารพกับผมนิยมเวชกามาสมาชิกสภาผู้แทนราชดรจังหวัดสกลนครเขต2พรรคเพื่อไทย
8-8814-490.wav	ไซต์(ไซต์,เว็บไซต์)ที่ประเทศอังกฤษก็รายงานว่านางโทนี่สตีทแมน(สตีทแมน,Steadman)ชื่อเหมือนผู้ชายนะ
8-8814-776.wav	ออกมาโพสต์เรื่องกฎหมายกฎหมายเกี่ยวกับเรื่องนี้ว่าอีนาย(อีนาย,อีเนย)สองปีบจะแยะ(สองปีบจะแยะ,สองปี๊บจะแยะ)
8-8817-33.wav	แต่ว่าอยากจะรู้ว่ามาจากไหนเพราะว่านี่พื้นที่ทำนาง(ทำนาง,ทำนา)นะครับ
16-16890-32.wav	เช่นเดียวกับนายจรโคบาร่าค่ะ
8-8820-86.wav	และมีอีกคนนึงคนเจ็บคือนายจีราวัตร<MARK>ก็เข้าไปห้ามเหมือนกัน
8-8824-0.wav	ดูเรื่องราวของนายเวชสุวรรณลักษณะเมคาจันนัฐกาศ(ลักษณะเมคาจันนัฐกาศ,มัครราชนัดกาศ)
8-8825-213.wav	สมมุติผมจะถามว่าท่านนายกท่านนายกมีนโยบายสามจังหวัด(สามจังหวัด,3จังหวัด)ภาคใต้ยังไงครับ
8-8825-218.wav	มานั่งเป็นนายกรัฐมนตรีมันคงยากตรงนั้น
8-8825-293.wav	ผมต้องสำนวน(สำนวน,สนับสนุน)หัวหน้าพรรคของผมเป็นนายกรัฐมนตรีเท่านั้น
8-8825-76.wav	แล้วเลือกคนในนี่แหละเป็นนายกรรม(นายกรรม,นายกฯ)
8-8827-110.wav	ซึ่งแม่ของผู้ต้องหาคือนางบังออนจ้อยร่อย(บังออนจ้อยร่อย,บังอรจ้อยร่อย)ค่ะ
8-8827-213.wav	เราได้คุยกับนายนิทิศเนรนาธี(เนรนาธี,เนรนาที)ค่ะ
8-8827-245.wav	อันนี้คือจังหวัด(จังหวัด,จังหวะ)เจรจากันว่าจะให้หลานมาขอโทษที่เอาเล่า(เอาเล่า,เอาเหล้า)ไปอย่างนั้นอย่างนี้
8-8827-296.wav	ลูกสาวชื่อนางสาวกติกาแก้วพิน(กติกาแก้วพิน,กติกาแก้วพิน)
8-8827-42.wav	ชื่อนายพิพัฒน์แก้วพิน<MARK>ชื่อเล่นชื่อนอมอายุ54ปี
8-8827-85.wav	ตำรวจบอกเลยว่าได้ตัวคนก่อเหตุแล้วคือนายเอ็มหรือนายธนัดจ้อยร่อย(ธนัดจ้อยร่อย,ธนัตถ์จ้อยร่อย)อายุ40ปีนะคะ
8-8827-94.wav	บวชเช้าวันนี้อยู่แล้วพระเต้พระเต้หรือว่านายจักริตอินคง(จักริตอินคง,จักรกฤษณ์อินคง)ค่ะ
8-8828-43.wav	รายละเอียดไม่ได้บอกพี่กัด(พี่กัด,พิกัด)ว่าเหตุการณ์นี้อยู่ที่จังหวัดไหนครับ
8-8831-71.wav	เราก็ได้รับการบริจาคมาจากพวกเพื่อนนักก๊อฟ(นักก๊อฟ,นักกอล์ฟ)ที่อยู่ในระดับจังหวัดระดับประเทศ
8-8834-14.wav	จากนั้นขบวนรถไฟก็สามารถเดินทางต่อไปได้ครับคุณผู้ชมอ่า
8-8836-15.wav	นายจำเรินทิพยพงธาดา(จำเรินทิพยพงธาดา,จำเริญทิพญพงศ์ธาดา)ผู้ราชการจังหวัดบอกว่าพบแล้วนะครับ
1-1087-320.wav	บริษัทพอแมคจำกัดนายวิโรธตั้งเกตนาพรกรรมการผู้มีอำนาจ
16-16897-32.wav	ใช่ค่ะมีพื้นที่ไหนบ้างตำบลโผงเพงอำเภอป่าโมกจังหวัดอ่างทองหนึ่งล่ะ
1-1091-10.wav	เจ้าของรถก็คือนางสาวปิยนุษยพาแก้วอายุ29ปีค่ะ
1-1091-27.wav	ไปเจอนายพงศ์และนางสาวกบแสดงตัวเป็นเจ้าของบ้าน
1-1091-28.wav	แต่ชายคนนี้ก็คือนายพงศ์กับนางสาวกบปฏิเสธว่า
1-1091-42.wav	ขณะที่ตำรวจเองเชิญตัวในพงศ์และนางสาวกบมาสอบถามนะคะ
8-8836-29.wav	ที่ผู้หญิงคนนี้เขาจะเดินทางกลับจังหวัดกระบี่ไป
16-16898-13.wav	ได้ยินแต่เสียงชื่อของเธอก็คือนางนัทธนิกาใบบัวหรือคุณกระแตค่ะคนนี้ค่ะ
16-16900-133.wav	ผู้เกี่ยวข้องคือนายจุมพลสัมเภาพล
8-8837-44.wav	ก็สามารถมากันได้ที่สำนักสงฆ์ผู้น้ำร้อน(ผู้น้ำร้อน,พุน้ำร้อน)จังหวัดราชบุรีได้นะครับ
8-8839-16.wav	นายพจนาฏมณีนัทธกุล(พจนาฏมณีนัทธกุล,พจนาฏมณีนัทธกุล)นะครับ
8-8839-47.wav	ด้านนางศรีรานป้องนน(ศรีรานป้องนน,ศรีรานป้องนนท์)อายุห้าสิบปี(ห้าสิบปี,50ปี)ครับหนึ่งใน(หนึ่งใน,1ใน)คนเจ็บ
8-8840-13.wav	มากราบไหว้พระสาย(พระสาย,พระใส)ก็ถือว่าเดินทางมาไม่ถึงครับ
8-8840-39.wav	โดยหนึ่งบุคคลที่เดินทางมาร่วมชมบั้งไฟพญานาคที่พลพิสัย(พลพิสัย,โพนพิสัย)ก็คือนางเอกสาวเบลล่างรานี(เบลล่างรานี,เบลล่า ราณี)ครับ
16-16900-140.wav	นายสมชายฉัดสกุลเพลอดีตผอสำนักสิ่งแวดล้อม
16-16900-24.wav	เมื่อวานี้นางสาวรัตนชัดอายุ61ปี
8-8845-35.wav	ที่ผ่านมาจะมีนักท่องเที่ยวเดินทางมาปฏิบัติธรรมและครอบครัวที่อาสมฤษี(อาสมฤษี,อาศรมฤาษี)แห่งนี้ตลอดทั้งปีเลยค่ะ
8-8847-10.wav	แล้วก็มีคุณบีมนางสาวชนนิการโตชนก(ชนนิการโตชนก,ชนนิกานต์โตชนก)คนนี้อายุยี่สิบสอง(ยี่สิบสอง,22)
8-8847-11.wav	นางสาวยาสุมินโจมฤทธิ์รุ้ง(ยาสุมินโจมฤทธิ์รุ้ง,ยาสุมินโจมฤทธิ์รุ้ง)อายุยี่สิบสองปี(ยี่สิบสองปี,22ปี)
16-16900-25.wav	และนางสาวมณีรัฐแสงพัทรโชธอายุ57ปี
8-8847-14.wav	แบงค์หรือว่านายลมกรดแสงสว่าง<MARK>แฟนของนางสาวชนนิกา<MARK>เนี่ยค่ะ
16-16900-29.wav	พร้อมกับนายอนัญชัยชัยเดชทนายความ
16-16900-86.wav	และตอนนี้ได้แจ้งความดำเนินคดีกับนางสาวรัชนิกรเลิศวาสนาอายุ37ปี
16-16900-90.wav	ส่วนคู่กรณีคือนางสาวรัชนิกรถ้าจะมาปรณีประนอมจะอโหสิให้หรือไม่
8-8847-23.wav	แล้วก็คนขับนะคะชื่อว่านายนพดลแสงเมืองอิน(แสงเมืองอิน,แสงเมืองอินทร์)อยู่ในจังหวัดพะเยาก็เลยเอามาสอบสวน
8-8847-38.wav	ส่วนตัวนายแบงค์<MARK>รูปประพันธ์ก็คือมีรูปลักษณะรูปร่างอ้วน
8-8847-43.wav	หลังจากนั้นนายแบงค์<MARK>ก็มีคนมารับอีกคันนึง
8-8849-23.wav	ตำบลวังตะเข้(วังตะเข้,วังตะเฆ่)อำเภอหนองบัวระเวจังหวัดชัยภูมิเนี่ย
8-8849-2.wav	อำเภอหนองบัวระเวจังหวัดชัยภูมิค่ะเมื่อหลายวันก่อนเนี่ย
8-8849-311.wav	เพื่อเป็นการยืนยันค่ะนางสำราญปรึกษา<MARK>วัยห้าสิบแปดปี(ห้าสิบแปดปี,58ปี)ชาวบ้านวังไอ้จีด(ไอ้จีด,ไอ้จีด)
8-8849-316.wav	ไปถึงไร่นางสำราญ<MARK>ก็พาไปดูเลยนะคะเป็นไร่มันสำปะหลัง
8-8849-320.wav	เลยแตะเป็นชิ้นเล็กชิ้นน้อยแบบเนี้ยค่ะนางสำราญ<MARK>ก็บอกนะคะว่าตอนที่มาเจอเนี่ย
8-8849-90.wav	จนกระทั่งนายฉลอมโพแสง(โพแสง,โพธิ์แสง)
16-16905-19.wav	ซึ่งสอบถามสามีของนางสาวเนธภาพผู้เสียชีวิตนะคะ
16-16905-6.wav	ร่วมกับตันยูก็เข้าตรวจสอบที่เกิดเหตุทันทีนะคะในที่เกิดเหตุพบศพนางสาวเนธนภาษาสุจริต
8-8850-11.wav	ตั้งแต่เมื่อวานที่ผ่านมาทยอยเดินทางถึงกรุงเทพ(กรุงเทพ,กทม.)แล้ว
8-8850-21.wav	เดินทางกลับเข้ากรุงเทพ(กรุงเทพ,กทม.)ไม่ต่ำกว่าหนึ่งแสนคน(หนึ่งแสนคน,100,000คน)
16-16909-12.wav	ก็คุมตัวนายภัยบูลไปสอบปากคำเพิ่มนะคะ
16-16909-23.wav	นายภัยบูลก็บอกว่าเครียดมากนอนไม่หลับ
8-8850-37.wav	แนะนำให้ประชาชนนะคะวางแผนการเดินทางแล้วก็วางแผนต่อรถเพื่อกลับบ้านด้วยค่ะ
16-16909-8.wav	ผู้เสียชีวิตคือนายสุพรรณญาติบันทุงอายุห้าสิบเจ็ด
8-8850-3.wav	หนึ่งช่องทางที่ประชาชนใช้ในการเดินทางกลับเข้ากรุงเทพ(กรุงเทพ,กทม.)ค่ะ
8-8850-5.wav	เพราะว่าประชาชนจำนวนมากเดินทางกลับกรุงเทพ(กรุงเทพ,กทม.)
8-8851-139.wav	ก็เดินทางมาเพื่อที่จะลองเมนูข้าวดังโดยเฉพาะเลยนะคะ
8-8851-169.wav	ตำบลทุ่งไซทองอำเภอลำทับจังหวัดกระบี่
8-8851-326.wav	วัฒนธรรมจังหวัดตราดประจำปีสองพันห้าร้อยหกสิบสอง(สองพันห้าร้อยหกสิบสอง,2562)
8-8853-6.wav	บ้านเลขที่เก้าสิบห้า(เก้าสิบห้า,95)หมู่ที่เก้า(หมู่ที่เก้า,หมู่ที่9)ตำบลนิคมพัฒนาอำเภอมะนังจังหวัดสตูล
8-8856-5.wav	โดยมีนายชัยวัฒน์ชัยเวชพิสิฐ<MARK>รองผู้ว่าราชการจังหวัดร้อยเอ็ดเป็นประธานในพิธี
8-8857-31.wav	นี่แหละค่ะนายรังสิมัน(รังสิมัน,รังสิมันต์ โรม)บอกว่า
8-8857-36.wav	ส่วนกรณีที่นายสมชายแสวงการ<MARK>สมาชิกวุฒิสภา
8-8859-52.wav	ด้านของนายนิพิษ(นิพิษ,นิพิฏฐ์)อินทรสมบัติ(อินทรสมบัติ,อินทรสมบัติ)บรอง(บรอง,รอง)หัวหน้าพรรคประชาธิปัตย์
8-8859-58.wav	พร้อมแนะนำให้ไปปรึกษานายวิษณุเครืองาม(วิษณุเครืองาม,วิษณุ เครืองาม)รองนายกรัฐมนตรี
8-8860-245.wav	ครอบครัวของน้องเจ็ด<MARK>จากจังหวัดเชียงใหม่
8-8861-51.wav	คุณหมอยืนยันนะคะนายศิระ(ศิระ,สิระ เจนจาคะ)ยืนยันบอกว่า
8-8862-24.wav	ประดาน้ำมาช่วยกันหานะครับผู้ที่สูญหายไปชื่อนายพรพิรม(พรพิรม,พรภิรมย์)
8-8862-25.wav	นามสกุลแทร่จือ(แทร่จือ,แซ่จือ)อายุสามสิบหกปี(สามสิบหกปี,36ปี)ส่วนภรรยาชื่อนางสาววันวิสายิ้มย่อง<MARK>
8-8862-78.wav	ทีนี้ค่ะจากการพูดคุยกับภรรยาของนายพรพิรม(พรพิรม,พรภิรมย์)นางสาววันวิสา<MARK>ค่ะ
8-8867-10.wav	นางสาวพันธุ์<MARK>บอกว่ามันมาจากปัญหาที่กลุ่มผู้หญิงที่มีเรื่องเข้าใจผิดกัน
8-8867-8.wav	ทางฝั่งบางพลีเนี่ยได้รับบัตรเจ็บสามคน(สามคน,3คน)คือนางสาวพันธุ์<MARK>นางสาวเอิม<MARK>
8-8868-112.wav	นางจันทร์<MARK>บอกว่าถูกพาไปรุมโทรมมานะฮะ
8-8868-118.wav	ไม่ได้เป็นไปตามที่นางจันทร์<MARK>เนี่ยอ้างเลยนะแต่ตอนนี้ยังไม่ขอให้ข้อมูลอะไรเพิ่มเติม
8-8868-75.wav	ต้อน(ต้อน,ต้น)บอกให้เธอแชทไปหานายอู๊ด<MARK>อีก
8-8868-79.wav	ทีนี้นางจันทร์<MARK>ด้วยความรักแล้วก็เชื่อว่านายต้อน(ต้อน,ต้น)จะทำตามที่พูด
8-8868-86.wav	นายต้อน(ต้อน,ต้น)ให้เงินเธอมาห้าร้อยบาท(ห้าร้อยบาท,500บาท)
8-8868-90.wav	บอกกับนายต้น<MARK>บอกว่าไม่อยากอยู่ที่ห้องเช่านี่แหละ
8-8868-93.wav	สุดท้ายนายต้อน(ต้อน,ต้น)ก็ยอมรับสารภาพบอกว่าเคยเป็นน้องใน(น้องใน,คนใน)
8-8869-30.wav	ทั้งนี้นายนัชนก(นัชนก,ณัชนก)ยืนยันว่าปัญหานี้ย่อมเกิดขึ้นได้ทุกร้านอาหาร
8-8869-9.wav	ล่าสุดนายนัชนก(นัชนก,ณัชนก)รัตนธารส(รัตนธารส,รัตนทารส)นะคะผู้บริหารร้านอาหารชิงช้าชาลีก็เปิดเผยกับผู้สื่อข่าวทางโทรศัพท์ค่ะ
8-8876-13.wav	แล้วก็ยังมีนายศิลาวัตร(ศิลาวัตร,ศิลาวัตร)สุมมาตร(สุมมาตร,สุมมาตร)อายุสามสิบสี่ปี(สามสิบสี่ปี,34ปี)
8-8876-14.wav	นายนาราเศษฐาวร(เศษฐาวร,เศษฐาวร)โพธิวัฒน์(โพธิวัฒน์,โพธิวัฒน์)อายุสามสิบสองปี(สามสิบสองปี,32ปี)
8-8876-15.wav	ทั้งสามคน(ทั้งสามคน,ทั้ง3คน)เข้ามอบตัวต่อตำรวจภูธรสำโรงเหนือจังหวัดสมุทรปราการ
8-8876-18.wav	ทำร้ายร่างกายนายปรีดาแสนสุข<MARK>
8-8876-21.wav	แล้วก็มีชาวบ้านที่เห็นเหตุการณ์ได้ถ่ายภาพของนายปรีดา<MARK>
8-8877-104.wav	ก็ในศักดิ์(ในศักดิ์,นายศักดิ์)นี่แหละแล้วคนที่มาคอยดูแลพ่อของนายนัฐกร(นัฐกร,ณัฐกร)ที่ป่วยเป็นอัมพาตครึ่งล่างก็ใครอ่ะ
8-8877-18.wav	นายนัฐกรสิงแก้ว(นัฐกรสิงแก้ว,ณัฐกรสิงแก้ว)อายุยี่สิบหกปี(ยี่สิบหกปี,26ปี)
8-8877-20.wav	อยู่กันที่กระท่อมภายในสวนลำไยที่พักของนายศักดิ์<MARK>วัยยี่สิบแปดปี(ยี่สิบแปดปี,28ปี)
8-8877-23.wav	นายนัฐกร(นัฐกร,ณัฐกร)กับนายศักดิ์<MARK>ดื่มกันต่อ
8-8877-26.wav	นายนัฐกร(นัฐกร,ณัฐกร)ก็เอ่ยปากถามนายศักดิ์<MARK>เลยว่า
8-8877-30.wav	นายศักดิ์<MARK>อันนี้นายนัฐกร(นัฐกร,ณัฐกร)บอกนะคะว่านายศักดิ์<MARK>ตอบเขามาว่า
8-8877-41.wav	ตำรวจก็ไปตามจับตัวนายนัฐกร(นัฐกร,ณัฐกร)ได้ที่บ้านของเขาเองนั่นแหละ
8-8877-53.wav	ไปไหนเฮนั่นสังสรรค์กันอยู่เป็นประจำและแฟนของผู้ก่อเหตุก็รู้จักกับนายศักดิ์<MARK>หลานชายของลุงเหมือนกัน
8-8877-60.wav	ทีนี้ทีมข่าวก็ไปพูดคุยกับน้าสาวของนายนัฐกร(นัฐกร,ณัฐกร)
8-8877-64.wav	แท้นี่แหละเพราะเธบอกว่าจริงนายนัฐกร(นัฐกร,ณัฐกร)เนี่ยมีอาการทางประสาทนะคะ
8-8877-68.wav	ระหว่างที่อยู่ในคุกเนี่ยก็ติดต่อหาแฟนผ่านทางโทรศัพท์ของนายศักดิ์<MARK>
8-8877-69.wav	ตาย(ตาย,ก็)ให้ยืมอ่ะเพราะว่าตัวนายนัฐกร(นัฐกร,ณัฐกร)ไม่มีโทรศัพท์
8-8877-74.wav	แล้วไปเจอว่าแฟนเก่าเนี่ยติดต่อกับนายศักดิ์<MARK>เป็นประจำ
8-8877-76.wav	มีความสัมพันธ์ชู้สาวอะไรกันกับนายศักดิ์<MARK>
8-8877-97.wav	นายนัฐกร(นัฐกร,ณัฐกร)ผู้ก่อเหตุกับผู้ตาย
1-1095-10.wav	นางสาวกัญญานัทดีคลันนะครับเธอโพสต์ข้อความ
1-1095-15.wav	จากการสอบถามนางสาวกัญญนัทเล่าแบบนี้บอกว่าขี่รถมาจอดที่บริเวณทางขึ้นสะพานลอย
1-1095-23.wav	นำกำลังเข้าตรวจสอบที่เกิดเหตุไปพบนายสายันสังเสนผู้เสียหายยืนเซ็งอยู่
1-1095-33.wav	ทราบชื่อคือนายผู้ชงผลสิริอายุ35ปี
1-1095-38.wav	ขโมยมาจากนางสาวกัญญานัทนะครับ
1-1095-42.wav	ขี่รถของนางสาวกัญญานัทมาเจอด่าน
8-8878-199.wav	มาที่จังหวัดสระบุรีมาที่ร้านของป้าน้อย<MARK>
8-8878-258.wav	อยู่ที่ตำบลบางพุษา(บางพุษา,บางพุทรา)อำเภอเมืองจังหวัดสิงห์บุรีครับอยู่ตรงข้ามแยกไฟแดงบุ้งกี่(บุ้งกี่,บุ้งกี๋)อยู่ติดกับรั้ววิทยาลัยเทคนิคสิงห์บุรีถนนอ่างทองสิงห์บุรีสายเก่าเล่าละเอียดขนาดนี้ไปถูกแน่แน่นอน(แน่แน่นอน,แน่ๆ)เอาล่ะไปถามคนนี้ครับนางสาวจงจิตจันคล้อย(จงจิตจันคล้อย,จงจิตจันทร์คล้อย)นะครับเจ้าของร้านก็เล่าว่าที่เปิดร้านก๋วยเตี๋ยวเรือชนิดบุฟเฟ่(บุฟเฟ่,บุฟเฟต์)แบบ
8-8878-45.wav	นายภัยบูล(ภัยบูล,ไพบูลย์)ถิระเรืองรัฐ(ถิระเรืองรัฐ,ถิระเรืองรัฐ)นะคะกรรมการวัดก็เล่าให้ฟังบอกว่า
8-8878-81.wav	สุดเก๋นะครับของนายพิษฉิมแก้ว(พิษฉิมแก้ว,พินิจฉิมแก้ว)
8-8880-30.wav	ผู้ที่ถูกยิงเสียชีวิตชื่อนายกิตติศักดิ์อัดประจง(อัดประจง,อรรถประจง)อายุยี่สิบแปดปี(ยี่สิบแปดปี,28ปี)นะครับ
8-8880-68.wav	ตอนนั้นเห็นว่านายกิติศักดิ์(กิติศักดิ์,กิตติศักดิ์)เนี่ยเขานั่งฟุบอยู่ที่ประตูห้องครัว
8-8881-6.wav	อันนี้เป็นข้อมูลอีกมุมหนึ่งนะคะมาดูเรื่องราวนี้นะคะเมื่อวานนี้ค่ะเพจดังได้โพสต์ภาพผู้ใช้เฟซบุ๊ค(เฟซบุ๊ค,Facebook)ลาย(ลาย,ราย)หนึ่งนะคะมีข้อความในธรรมนอง(ธรรมนอง,ทำนอง)ที่ว่าผู้ใหญ่บ้านแห่งหนึ่งในจังหวัดปัตตานีทุบตีทำร้ายร่างกายเด็กผู้หญิงอายุสิบสี่ปี(สิบสี่ปี,14ปี)จนต้องเข้าโรงพยาบาลเนื่องจากมีคนแจ้งผู้ใหญ่บ้านว่าเด็กขโมยเงินญาติของผู้ใหญ่บ้านซึ่งเด็กป(เด็กป,เด็กปฏิเสธ)
8-8883-134.wav	ในสามจังหวัด(สามจังหวัด,3จังหวัด)นี้อยู่ตรงไหน
8-8883-68.wav	ครับผมเรียนอย่างนี้ครับว่าในเบื้องต้นเขาได้แรงเงาไว้สามจังหวัด(สามจังหวัด,3จังหวัด)
8-8885-629.wav	แต่ส่วนใหญ่เราจะไม่ได้ยินสองจังหวัด(สองจังหวัด,2จังหวัด)นี้นะพี่
8-8885-671.wav	ชื่อว่านายกี่แทร่ฝัก(กี่แทร่ฝัก,กี่แซ่ฟัก)ชาวจีนกวางตู้(กวางตู้,กวางตุ้ง)
1-1108-5.wav	เพื่อต้อนรับนายกรอบเกียรติกษิวิวัฒน์อธิบดีกรมราชธรรมนะครับ
1-1108-6.wav	รวมไปถึงนายชัยพักษริวัฒน์รองประธานคณะกรรมการโอลิปิกแห่งประเทศไทยในพระบรมราชุปธรรม
8-8149-494.wav	หมอปลายพายกระซิบ(พายกระซิบ,พรายกระซิบ)เขาทำนายว่าโรคโควิดจะหนักมากขึ้นในช่วงเดือนกันยายน(กันยายน,9)
8-8201-56.wav	จังหวะนี้คือนนายโจเขาอยู่ในรถฟอร์จูเนอร์แล้วก็มีกระบะขาวขับมาประกบ
8-8201-58.wav	แล้วก็รถของนายจเนี่ยที่จอดอยู่และนายโจงอยู่ในรถก็พยายามถอยหลังนะครับ
8-8201-60.wav	แล้วมากันท้ายเอาไว้และก็กลายเป็นเหตุการณ์ไล่ล่ารถฟอร์จูเนอร์ของนายโจ
8-8201-69.wav	มันเป็นอุบัติเหตุจากการถูกไล่ล่านะฮะใช่ค่ะทีนี้พอฟังจากเพื่อนของนายโจ
8-8204-196.wav	จังหวัดเดียวกันคือย้ายจังหวัดนี้ไปจังหวัดนู้น
8-8423-285.wav	ในเรื่องเกี่ยวกับจักราศีในการทำนาย
8-8878-242.wav	นายนัทธวุฒิประดิษฐทอง(นัทธวุฒิประดิษฐทอง,นัทธวุฒิประดิษฐทอง)เจ้าของร้านนะคะเล่าให้เราฟังบอกว่าสูตรเด็ดที่มัดใจลูกค้าก็คือ
8-8893-23.wav	บอกว่าจากการพูดคุยกับทางครอบครัวของนางสาวแองจี้(แองจี้,Angie)ได้ข้อมูลแบบนี้ครับ
8-8893-15.wav	แล้วที่เชียงใหม่ประเทศไทยก็คือผู้หญิงคนนี้ครับนางสาวแองจี้ชองซัมยี(แองจี้ชองซัมยี,Angie Chong Sum Yee)อายุยี่สิบสองปี(ยี่สิบสองปี,22ปี)
8-8889-4.wav	อย่างจังหวัดอุดรธานีค่ะแน่นอนว่าตอนนี้ไม่มีใครต้านความขลังของพ่อปู่ศรีสุโธ(ศรีสุโธ,ศรีสุทโธ)ได้จริง
8-8889-15.wav	คือถ้าจะให้เราชมทั้งเจ็ดสิบเจ็ดจังหวัด(เจ็ดสิบเจ็ดจังหวัด,77จังหวัด)เนี่ยชมไม่หมดจริงแต่สวยทุกจังหวัดเลยนะคุณผู้ชม
8-8893-24.wav	นางสาวแองจี้(แองจี้,Angie)เดินทางมาจากกุลาลัมเปอร์(กุลาลัมเปอร์,กัวลาลัมเปอร์)ประเทศมาเลเซียมาถึงจังหวัดเชียงใหม่
8-8893-34.wav	ก็คือหนึ่งมิถุนายน(หนึ่งมิถุนายน,1มิถุนายน)ที่จังหวัดเชียงรายเท่านั้นเลย
8-8895-103.wav	บิ๊ก<MARK>คือนายจักรี<MARK>นะและนายปอย<MARK>คือนายจีรวุฒิ<MARK>ซึ่งเป็นลูกน้อง
8-8895-110.wav	หนึ่งในนั้นก็คือบ้านพักของในปอย(ในปอย,นายปอย)หรือนายจีรวุฒิ<MARK>นะคะอยู่ที่อำเภอควนขนุน
8-8895-115.wav	แล้วก็บ้านของนางสาวหมวย<MARK>ซึ่งก็มีรายงานว่าตอนตำรวจไปเนี่ย
8-8895-116.wav	ตำรวจก็เจอตัวของนางสาวหมวย<MARK>ด้วยก็เลยนำตัวมาสอบสวนนะคะ
8-8895-102.wav	ตอนนี้ชุดสืบสวนลงพื้นที่ติดตามครับขณะที่นายบิ๊ก<MARK>กับนายปอย<MARK>นะฮะ
8-8895-125.wav	เดินทางไปที่บ้านปรากฏว่านายเฉลิมพงศ์<MARK>ยืนยันไม่มีส่วนเกี่ยวข้องนะครับ
8-8895-129.wav	ชื่อว่านายเฉลิมพงศ์<MARK>ครับเป็นลูกน้องคนสนิทเลยอืม
8-8895-130.wav	วันนี้ทีมข่าวคุณผู้ชมครับเดินทางไปที่บ้านนายเฉลิมพงศ์<MARK>
8-8895-58.wav	สอบปากคำนางสาวิลาวัน(สาวิลาวัน,ศิลาวรรณ)หรือว่าไหม<MARK>
8-8895-61.wav	มีคนเกี่ยวข้องในสามคน(สามคน,3คน)ชื่อว่านายจีรวุฒินายจักรีแล้วก็นางยุวเรศ<MARK>
8-8895-79.wav	จริงก็คือเงินแค่สองพันบาท(สองพันบาท,2,000บาท)ที่นางหมวย<MARK>เนี่ยโอนมาให้นะฮะ
8-8896-25.wav	นี่ครับก็คือนนางสุนัดดาพิมพ์คำมูล(สุนัดดาพิมพ์คำมูล,สุนัดดาพิมพ์คำมูล)อายุสามสิบแปดปี(สามสิบแปดปี,38ปี)แล้วนะครับ
8-8897-2.wav	โดยนายพิพัฒน์รัชกิจประการ(พิพัฒน์รัชกิจประการ,พิพัฒน์ รัชกิจประการ)รัฐมนตรีว่าการกระทรวงการท่องเที่ยวและกีฬารวมถึง
8-8898-180.wav	ซึ่งผมก็อยากจะให้กลับเรียน(กลับเรียน,กราบเรียน)ว่าแล้วในเรื่องของการแก้ปัญหาจังหวัดชายแดนภาคใต้
8-8904-11.wav	โดยปีนี้มีนางสาวสุดารัฐบุตรพรม(สุดารัฐบุตรพรม,สุดารัตน์ บุตรพรม)หรือว่าคุณตุ๊กกี้(คุณตุ๊กกี้,ตุ๊กกี้ สุดารัตน์)
8-8904-28.wav	เห็นเลยว่าทำไมจังหวัดอุดรธานีถึงเป็นอีกหนึ่งจังหวัด(หนึ่งจังหวัด,1จังหวัด)ใหญ่ของภาคอีสาน
8-8904-41.wav	โดยนายอินทิพลตรีวัฒนสุวรรณ(อินทิพลตรีวัฒนสุวรรณ,อิทธิพล ตรีวัฒนสุวรรณ)
8-8904-7.wav	เพื่อน้อมสำนึกนะครับโดยชาวจังหวัดอุดรธานีพร้อมใจการบรำ(การบรำ,มารำ)บวงสรวงสะดุดี
8-8905-28.wav	สะเทือนขวัญมากมาก(มากมาก,มาก ๆ)นะครับเหตุการณ์นี้จังหวัดสุพรรณบุรีเกิดขึ้น
8-8905-32.wav	แล้วคนตายที่มีลูกศรเชีย(เชีย,ชี้)คืออ๊อฟนายอ๊อฟ<MARK>
8-8908-2.wav	กลายเป็นว่าจังหวัดระยองตอนนี้มีผู้ป่วยทั้งหมดสองร้อยเจ็ดสิบเก้าราย(สองร้อยเจ็ดสิบเก้าราย,279ราย)แล้วแล้วก็มีบุคลากรทางการแพทย์ติดเชื้อแล้วหนึ่งราย(หนึ่งราย,1ราย)นะคะ
8-8909-12.wav	ซึ่งผู้เคราะหร้าย(เคราะหร้าย,เคราะห์ร้าย)รายนี้คือนายวีรพัฒน์คำพิรานนท์<MARK>อายุหกสิบสามปี(หกสิบสามปี,63ปี)ค่ะ
8-8909-37.wav	แต่ว่าหลังจากที่นายวีรพัฒน์<MARK>ออกมาจากโรงพยาบาล
8-8909-41.wav	นายวีรพัฒน์<MARK>ได้กู้เงินจากหญิงคนหนึ่ง
8-8909-48.wav	ช่วงสองปี(สองปี,2ปี)ที่ผ่านมาเนี่ยคุณผู้ชมนายวีรพัฒน์<MARK>บอกว่าไม่ได้พูดคุยกับเจ้าหนี้เลย
8-8911-62.wav	ครอบครัวนำศพของนายพีรพัฒน์<MARK>นะครับ
8-8912-10.wav	จังหวัดพังงาซื้อมาแปดพัน(แปดพัน,8,000)มีคนเห็นพอเห็นในโลกโซเชียลมีเดีย(โซเชียลมีเดีย,SocialMedia)
8-8913-14.wav	เป็นรถตำรวจจราจรของสภ.(สภ,สภ.)บ้านเข้า(บ้านเข้า,บ้านเขว้า)จังหวัดชัยภูมิ
8-8919-21.wav	ชื่อว่านางหนึ่งฤทัยกองยอด<MARK>อายุสามสิบเก้าปี(สามสิบเก้าปี,39ปี)
8-8919-33.wav	โดยเจ้าของอย่างนางหนึ่งฤทัย<MARK>ก็บอกว่าตอนกลางดึกได้ยินเสียงนะ
8-8926-23.wav	บอกว่าพอไปตรวจสอบประวัติย้อนหลังนายพิสาร<MARK>เนี่ยโอ้โหไม่ธรรมดานะฮะ
8-8926-18.wav	คือนายพิสาร<MARK>ผู้ต้องหายังหลับอยู่เลยค่ะ
8-8926-28.wav	คือนายพิสาร<MARK>ได้ก่อเหตุบุกยิงนายสาคอนจันสองแสง(สาคอนจันสองแสง,สาครจันทร์ส่องแสง)อายุห้าสิบสี่ปี(ห้าสิบสี่ปี,54ปี)
8-8926-46.wav	แต่เอาล่ะตำรวจเบื้องต้นบอกว่าได้มีการส่งตัวของนายพิสาร<MARK>
8-8929-102.wav	ตกดึกก็เริ่มทยอยเดินทางกันมามีการประกาศทางเฟซบุ๊ก(เฟซบุ๊ก,Facebook)ทางออนไลน์(ออนไลน์,Online)
8-8929-103.wav	ให้ประชาชนที่อยู่ทางออนไลน์(ออนไลน์,Online)เดินทางมาที่หน้าเวทีนะครับเพื่อมาดูบรรยากาศสดแล้วก็มาร่วมนะครับ
8-8943-13.wav	ครอบครัวของนางสาวช่อลัดดา<MARK>
8-8943-135.wav	ก็นายอาชิริยะ(อาชิริยะ,อัจฉริยะ)เรืองรัตนพงศ์<MARK>ประธานชมรมช่วยเหลืออาจยากรรม(อาจยากรรม,อาชญากรรม)นะครับ
8-8943-109.wav	ประเด็นในเรื่องของนางสาวช่อลัดดา<MARK>เนี่ย
8-8943-110.wav	ก็รอการชันสูตรพลิกศพของนางสาวช่อระดา(ช่อระดา,ช่อลัดดา)ก่อน
8-8943-2.wav	เกิดจากกรณีที่นางสาวช่อลัดดา<MARK>
8-8943-158.wav	อันนี้นายอัจฉริยะเรืองรัตนพงศ์<MARK>ประธานชมรมช่วยเหลือเหยื่ออาจยากรรม(อาจยากรรม,อาชญากรรม)
8-8943-37.wav	ปฏิเสธการรักษานางสาวช่อลัดดาธารวรรณ(ธารวรรณ,ทารวัน)
8-8946-10.wav	วันนี้คุณเศรษฐานี่(เศรษฐานี่,เศรษฐา)พาไปที่จังหวัดสุโขทัย
8-8942-6.wav	นายเอมมี่<MARK>กำลังทำเรื่องร้องไปที่สาร(สาร,ศาล)ว่า
8-8941-9.wav	อยู่ในพื้นที่ถนนเกษตรอุดมตำบลคลองคอยอำเภอปักเกร็จ(ปักเกร็จ,ปากเกร็ด)จังหวัดนนทบุรี
8-8949-108.wav	หลังจากนี้เราจะไม่ได้เห็นคุณทีม(ทีม,ทิม)พิธา<MARK>เป็นนายรบบนดี(นายรบบนดี,รัฐมนตรี)
16-16921-8.wav	แล้วที่เราเห็นก็คือนายสุกริจใจเฟื่อยนะคะก็เดินเข้ามาหาคุณพิรุณลักษณ์นะคะ
16-16922-28.wav	นี่นางสาวเก๋จำนวน1700เมตร
16-16922-49.wav	ร่วมกันแถลงผลการจับกลุ่มนางสาวสุวรรณรัฐทองชิดอายุ26ปี
16-16922-62.wav	เหลือเพียงนางสาวสุวรรณรัฐที่วิ่งหนีไม่ทัน
16-16922-9.wav	ไปจับกลุ่มนางสาวพิมประพาพรมประโคน
16-16926-0.wav	คุณผู้ชมไปดูอุบัติเหตุที่เกิดขึ้นที่จังหวัดกำแพงเพชรนะครับ
16-16927-38.wav	ได้ไปสอบถามจากนายทิติพลผู้ประเสริฐเป็นผู้เห็นเหตุการณ์
16-16930-1.wav	หาตัวไม่ค่อยเจอเพราะว่าตอนนี้อยู่ในโซเชียลก็มีไปท่องเที่ยวนู่นนี่นั่นอะไรจะว่ากันไปนะ
16-16935-98.wav	บอกว่าคนที่ไปยิงเนี่ยคือนายสิทธิกรเสาโป๊อายุ17ปี
16-16940-12.wav	ได้สอบถามนางเลิศลักนามสมมุตินะคะอายุ59ปี
16-16940-16.wav	ชื่อว่านางสาวสิริวัลขอใช้เป็นนามสมมุติก็แล้วกันนะคะ
16-16940-18.wav	ตัวนางสาวสิริวัลคนเจ็บเนี่ยทำงานอยู่ร้านสะดวกซื้อขนาดใหญ่แห่งหนึ่ง
16-16943-4.wav	หนังตะลุงขออภัยหนังตะลุงเป็นนายหนังตะลุงนะครับ
16-16943-9.wav	หรือว่านายวีรพัฒน์อรันอายุ16ปีครับ
16-16947-7.wav	คุณหมอจรัสพงศ์สุกรีสาธารณสุขจังหวัดนะครับ
16-16951-12.wav	ส่วนคู่กรณีคือนางพรทิพย์ปาละวงซึ่งเป็นคนที่นำสลากรางวัลที่1ไปขึ้นเงิน
16-16951-14.wav	ขณะที่นางพรทิพย์คำเจริญนางจำเนียนใช้อรุณและเพื่อนบ้าน
16-16951-18.wav	โดยนางพรทิพย์และนางจำเนียนรวมถึงคนที่ชื่อตูนก็ไปซื้อด้วย
16-16951-24.wav	ระหว่างครัวกับศาลาที่ตั้งบำเพ็ญกุศลศพและมีภาพนางพรทิพย์
16-16951-31.wav	ด้านนายสกลเศรษฐภัยบูลคนขายลอตเตอรี่ก็ยืนยันอีกคนว่าคนที่ซื้อสลากรางวัลที่1ไปคือนางประดับเพราะรู้จักกับคนชื่อตูนที่พามาซื้อจึงจำได้
16-16951-32.wav	ส่วนกรณีสลาก30ล้านบาทของนายประยูนคันขาวอายุ61ปีคนขับรถแท็กซี่ที่แจ้งความไว้ที่สภ.คองคอยจังหวัดนนทบุรี
16-16951-35.wav	และมีอยู่เพียงหมายเลขเดียวที่ใกล้เคียงคือ5533จึงเป็นไปได้ว่านายประยูนอาจจำผิดเพราะไม่น่าจะถูกรางวัลใหญ่
16-16951-7.wav	กรณีนางประดับจันอ่วมอายุ71ปีชาวอำเภอสามชุกจังหวัดสุพรรณบุรี
23-23241-14.wav	แต่ว่านายฮีรันเนี่ยเสียชีวิตตอนที่ญาตินำตัวส่งโรงพยาบาลนะคะ
23-23242-23.wav	ตำรวจเองก็บอกนะคะว่าคืออยากรู้ว่าน้องอินไปที่จังหวัดพระนครสิทธิยาเพราะอะไร
23-23244-12.wav	เข้าแจ้งความดำเนินคดีกับนายอัจฉริยะที่สน.ประชาชื่นฐานหมินประมาท
23-23248-0.wav	เชิญดวงวิญญาณแล้วก็นำศพไปบำเพ็ญกุศลแล้วนะคะญาติและครอบครัวของนางสาวน้ำค้างกลมกล่อมวัยสามสิบปี
16-16962-16.wav	นายสาคอนดีครันคนขับรถสามล้อรับจ้าง
16-16962-53.wav	เชิญตัวนายกฎจพรอายุ25ปี
16-16962-57.wav	และจากการสอบสวนทราบว่านายกฎชพร
16-16962-63.wav	หลังจากเจ้าหน้าที่สอบสวนเสร็จจึงได้ปล่อยนายกฎจพรไป
16-16963-16.wav	ถูกนายรัฐที่มีศักดิ์เป็นพี่เขยข่มขืนอย่างรุนแรง
16-16966-86.wav	แล้วก็เรื่องของไปที่จังหวัดหนองเมฆ
16-16972-13.wav	นายประพันธ์ศรีพิไลแล้วก็นายบุญช่วยจูงกลาง
16-16972-18.wav	ซึ่งคนจ้างวันที่ว่าคือนายนวัฒน์ต่อเจริญศุกร์
16-16972-20.wav	ซึ่งนายนวัฒน์ตอนนี้ดำรงตำแหน่งเป็น
16-16972-24.wav	ภรรยานายนวัดก็เลยเป็นประเด็นเรื่องชู้สาว
16-16972-27.wav	หนึ่งในมือสังหารกับนายนวัดด้วย
16-16972-41.wav	หลังจากที่สารพิพากษาแล้วค่ะทางญาติของนายนวัฒน์ก็ยื่นคำร้อง
16-16972-47.wav	เจ้าหน้าที่ราชธรรมจากเรือนจำก็มารับตัวนายนวัด
16-16972-49.wav	นั่นหมายถึงว่าสถานะสอสอของนายนวัด
16-16972-64.wav	เพราะฉะนั้นนายนวัฒน์พ้นจากตำแหน่งสอสอทันทีเลยนะคะ
23-23248-1.wav	นายอนันสิตบุญอยู่วัย48ปีวางยาพิษจนเสียชีวิตในหอพักอำเภอเสนาจังหวัดพระนครศรีอยุธยาจากนั้นนายอนันสิตก็ผูกคอตายตาม
23-23248-3.wav	นางบุญเรือนพาหนุษย์แม่ของนางสาวน้ำค้างก็บอกว่าตั้งแต่ลูกสาวคบหากับนายอนันสิตเนี่ยก็ได้แยกออกไปอยู่ข้างนอก
23-23249-0.wav	ฆ่ากันตายที่จังหวัดพะเยากันหน่อยนะคะ
23-23249-10.wav	ขออภัยค่ะอำเภอเชียงคำจังหวัดพะเยา
23-23249-13.wav	ไปพบศพนายสมบูรณ์สะอิ้งแก้วอายุ57ปีพื้นเพลเป็นชาวจังหวัดแพร่
23-23249-24.wav	เดินทางมาทำงานที่จังหวัดพะเยาได้สักประมาณ2สัปดาห์แล้ว
23-23249-35.wav	พร้อมกับควบคุมตัวนางสาวอุศนีไปสอบปากคำที่สภ.เชียงคำ
23-23250-7.wav	เป็นเหตุการณ์ที่ตำรวจสภ.เมืองขอนแก่นสกัดจับนายบวรวงไกรเลิกค่ะ
23-23251-5.wav	เอาเครื่องตัดถ่างไปนายอ่อนตาโชคชัยอายุห้าสิบสองปีเป็นคนขับ
23-23252-11.wav	ท่านบอกว่าจะไม่ควบรวมอยู่ภายใต้สำนักนายกรัฐมนตรี
23-23258-53.wav	ขณะเดียวกันจนถึงขณะนี้ตำรวจภูธรจังหวัดเชียงใหม่
23-23258-56.wav	เพิ่งจะเกิดเหตุการณ์ดังกล่าวในพื้นที่จังหวัดปทุมธานี
23-23258-60.wav	นั่นแหละครับดาวตกชนิดระเบิดที่เกิดขึ้นที่จังหวัดปทุมธานีเมื่อปี2559
23-23259-0.wav	สวัสดีครับสวัสดีครับเรื่องรอบขอบสนามเห็นบรรยากาศการเดินทางไปของชนะทิพย์สงกระสินมีป้ายไฟด้วยอืม
23-23264-25.wav	พอหมอปลาได้หลักฐานแบบนี้ก็ไปพบกับพระเทพรัตนายกเจ้าคณะจังหวัดลำพูน
23-23264-27.wav	จำพระทุกรูปในจังหวัดไม่ได้หรอกนะ
23-23264-64.wav	ทีมข่าวของเราเดินทางไปที่บ้านของอดีตพระเอนะคุณนะ
23-23265-1.wav	ตำบลนาโต้หมิงอำเภอเมืองจังหวัดตรังกันก่อนนะคะเป็นกรณีที่คนร้ายค่ะ
23-23265-24.wav	นายธีรยุทธ์มีอาชีพก็คือเป็นลูกจ้างกรีดยางพารา
23-23265-25.wav	อาศัยอยู่ใกล้กับขนำใกล้บ้านของแม่ของนายรัชพล
23-23265-31.wav	ได้มาขอต่อพ่วงกระแสไฟฟ้าจากบ้านแม่ของนายรัชพล
23-23265-6.wav	พอไปที่จุดเกิดเหตุเนี่ยไปพบศพนายธีรวัตรบูรณชนะอายุสิบหกปีเป็นนักเรียนชั้นมสี่
23-23265-7.wav	โรงเรียนเอกชนชื่อดังของจังหวัดตรังคือสภาพศพนอนหงายสวมหมวกกันน็อก
23-23267-27.wav	กรอกอยู่ในพื้นที่จังหวัดชลบุรีต้องบอกว่าเขาผลิตที่ชลบุรีแล้วมีแม่ค้า
23-23267-28.wav	มารับแล้วขายต่อกระจายไปหลายจังหวัดคุณผู้ชมตอนนี้ไม่รู้ไปอยู่ที่ไหนบ้าง
23-23267-34.wav	นางสามรักทวียอมรับไอ้สิ่งที่มันเกิดขึ้นเนี่ยน่าจะเกิดจาก
23-23269-14.wav	นางสาวพนิพิมคุ้มไกรสอนนักวิชาการเงิน
23-23269-23.wav	ให้ทางสัตวแพทย์ประจำสถานีเพาะเลี้ยงสัตว์ป่าเขาสนจังหวัดราชบุรี
23-23272-0.wav	แล้วก็ไม่ถึงวินาทีที่จะตัดสินชีวิตและลมหายใจของครอบครัวป้าแป๋วจากจังหวัดฉะเชิงเทรานะครับกับการตอบคำถามไปเมื่อช่วงที่แล้วนะฮะว่าจะสามารถฝ่าวิกฤตไปได้ไหมจะได้เงินทุนไปต่อลมหายใจสูงสุดหนึ่งล้านบาทได้หรือไม่ขึ้นอยู่กับเฉลยที่อยู่ในมือผมนี่นะครับ
23-23272-53.wav	จังหวัดฉะเชิงเทรามีอนาเขตติดกับจังหวัดต่างรวมกี่จังหวัด
23-23273-23.wav	นายเดชาราชคำอายุ33ปีเจ้าของร้าน
23-23274-119.wav	ที่วัดสรรมะเกียงจังหวัดเชียงใหม่เอาไปดู
16-16977-102.wav	นางพิกุลจิราบอกว่าไม่อยากให้สังคมมองว่าพี่ชายเขาเป็นพ่อเลี้ยงโหด
23-23279-11.wav	ตำบลหนองไผ่อำเภอหนองหาญจังหวัดอุดรธานีช่วง8โมงกว่านะฮะช่วงเช้า
23-23281-37.wav	ไปแจ้งความกับตำรวจสภ.มาพตะพุธจังหวัดระยอง
23-23282-46.wav	เหนือประกอบไปด้วยจังหวัดตาก
23-23284-23.wav	ทยอยเดินทางกันตั้งแต่วันที่9สิงหาคมนี้นะครับ
23-23284-28.wav	ท่านอดีตนายกรัฐมนตรีท่านนี้ด้วยนะครับ
23-23285-31.wav	เป็นของนางนิลุบลนีเมลอายุ42ปี
23-23289-0.wav	เจ้าหน้าที่และหน่วยงานที่เกี่ยวข้องร่วมพิธีเปิดโรงเรียนบ้านเขาแก่งเรียงตำบลท่ากระดานอำเภอศรีสวรรค์จังหวัดกาญจนบุรี
23-23290-21.wav	นายสุธิพงศ์จุนเจริญประหลัดกระทรวงมหาดไทยค่ะมอบหมายให้นิติกรมการปกครองในฐานะหน่วยงานที่มีอำนาจหน้าที่ในการรับจดทะเบียนมูลนิธิ
23-23290-37.wav	มีกำหนดการเดินทางไปราชการต่างประเทศคือ1315กุมภาพันธ์
23-23290-3.wav	แล้วก็มีกระแสข่าวว่าเขาจะเดินทางถึงท่ากาศยานสุวรรณภูมิวันพรุ่งนี้
23-23290-40.wav	เดมอนจะเดินทางกลับมาประเทศไทยพรุ่งนี้
23-23293-10.wav	แล้วไปพุ่งชนนายสุพรรณญาติบันทุงอายุ57ปี
23-23293-15.wav	สารจังหวัดพระนครสิทธิยาอ่านคำพิพากษาคดีนี้นี่ค่ะ
23-23293-17.wav	กับผู้ต้องหาที่อยู่ในเรือนจำจังหวัดพระนครศรีอุทิยา
23-23293-25.wav	แต่นายภัยบูลรับสารภาพสารลดโทษหนึ่งในสาม
23-23293-7.wav	แล้วก็เหตุการณ์เกิดขึ้นที่อำเภอพระนครศรีธุยาจังหวัดพระนครสิทธิยา
23-23293-9.wav	นายภัยบูลส่างสารอายุ56ปีคนนี้เป็นคนขับรถเก๋ง
23-23297-1.wav	พันธุ์สีขาวเช่นขาวตาแห้งขาวตาไปขาวตาเจือขาวนางแจ่มขาวนางจีนขาวอุทัยขาวสุราษฎร์
23-23301-13.wav	นี่คือถนนสุขุมวิทยพัทยาใต้ที่อำเภอบางละมุงจังหวัดชลบุรีช่วงเที่ยงวันนี้เลย
23-23301-23.wav	นายจิรายุทธ์อำนวยปริสุทธิ์อายุ24เจ้าของรถ
23-23301-39.wav	เหลืออยู่บ้างไหมครับโอ้โหนายจิรายุทธ์บอก
16-16977-55.wav	ลูกชายนางสุภาพรลูกสะพ้ายแล้วก็เด็กหญิงกรยาพรวัย5
23-23303-8.wav	อำเภอเมืองจังหวัดเชียงใหม่รองผู้ว่าราชการจังหวัดเชียงใหม่ครับ
23-23306-301.wav	ก็คือนายสันทนาประยูณรัฐอดีตนายตำรวจสันติบาลครับ
23-23306-378.wav	อายการจังหวัดนนทบุรีน่ะ
23-23306-395.wav	นายเดชาแกโฟนอินเข้ามาคุณแต๊งบอกว่า
23-23306-457.wav	นายกฤษณะที่ปรึกษากฎหมายของภักดิ์ไทยศิวิลัยก็ไปฟังด้วยนะ
23-23309-34.wav	คนแรกชื่อว่านายชัดชัยหรืออ้ำพินโยอายุ32ปี
23-23309-37.wav	นางสาวรุจิราสิริวราวาสอายุ30ปี
23-23309-40.wav	ส่วนคนที่3นายพรเมธาสุริยนต์อายุ31ปี
23-23311-64.wav	เพราะดีที่เหตุการณ์นี้ไม่มีใครบาดเจ็บหรือเสียชีวิตทางด้านของนายล่องลมกองโตกลาง
23-23312-64.wav	ในเรืองศรีจังหวัดเพชรบูรณ์
23-23317-21.wav	ฉบับนายบวรศักดิ์ให้รัฐต้องดำเนินนโยบายการเงินการคลังและงบประมาณภาครัฐ
23-23317-25.wav	ส่วนฉบับนายบวรศักดิ์ใช้ถ้อยคำที่ชัดเจนกว่า
23-23317-3.wav	กรรมธิการยกร่างรัฐธรรมนูญชุดนายบวรศักดิอุวันโนได้ร่างเอาไว้บ้างไปติดตามจากรายงานกันค่ะ
23-23317-4.wav	ที่ของรัฐร่างรัฐธรรมนูญฉบับคณะกรรมการร่างรัฐธรรมนูญชุดนายมีชัยฤชุพันธ์
23-23317-7.wav	ส่วนฉบับคณะกรรมธิการยกร่างรัฐธรรมนูญชุดนายบวรศักดิ์อุวันโนกำหนดมาตราดังกล่าวไว้ในหมวดแนวนโยบายพื้นฐานแห่งรัฐ
23-23318-10.wav	เวลาผ่านไปเพียงไม่กี่ชั่วโมงเจ้าหน้าที่ตำรวจสภ.นบัวก็จับกลุ่มนายสมพงศ์อุปเสริฐ
23-23318-8.wav	โดยบัตรก็เสียบคายอยู่ที่ตู้ก่อนที่คนร้ายจะนำบัตรเอทีเอ็มของนางสาวปอยติดตัวไปด้วยค่ะ
23-23318-9.wav	จากนั้นนางสาวปอยก็เข้าแจ้งความที่สภ.นบัวจังหวัดนครราชสีมา
23-23319-12.wav	แม่สอดจังหวัดตากครับโพสต์ผ่านเฟซบุ๊กบอกว่า
23-23320-54.wav	ผมจริงจังกับนางเสาเอนะ
23-23322-20.wav	ในรถพบนายชะดาริสแพรกปานอายุ32ปี
23-23322-26.wav	ลูกชายได้เดินทางมาหาที่สวนยางพาบรานในพื้นที่อำเภอไซโยก
23-23322-43.wav	เลียจากการเดินทางก็เลยทำให้เสียหลัก
23-23322-60.wav	คอนเสิร์ตในตัวจังหวัดและอาจขับรถมาด้วยความเร็วสูง
23-23322-64.wav	เทศกาลปีใหม่ของจังหวัดมุกดาหารนะครับ
23-23322-79.wav	อำนวยความสะดวกในการเดินทางแก่ประชาชน
23-23330-14.wav	แด่เจ้าคณะจังหวัดจันทบุรี
23-23334-173.wav	ทางคณะกรรมการวัดป่าอรัญญาวิเวกที่จังหวัดอำนาจเจริญ
23-23334-118.wav	ส่วนบรรยากาศที่วัดป่าอรัญญาวิเวกที่จังหวัดอำนาจเจริญนะฮะ
23-23334-17.wav	ไปร่วมหาหลักฐานที่สำนักสงฆ์ดงสว่างธรรมอำเภอป่าติ้วจังหวัดยโสธรกระทั่งเกิดคลิปและภาพข่าวพาดพิงถึงหลวงปู่แสงยานวโลจนมีการเผยแพร่ภาพรายงานข่าวทางสถานีโทรทัศน์ไทยรัฐทีวีเมื่อวันที่11พฤษภาคม2565จนกลายเป็นที่วิพากษ์วิจารณ์การทำงานของสื่อมวลชนว่า
23-23334-191.wav	นี่คือนายทวีชัยพลธานีอายุ53ปี
23-23334-32.wav	นายภัยศาลเรืองฤทธนายความนายอัธพลไข่ทองหรือว่าเบลขอบสนาม
23-23335-16.wav	เสนอนายพิธาริมเจริญรัฐหัวหน้าพักเก้าไกลในครั้งถัดไป
23-23335-46.wav	นายอนุทินชาญวีรกูลหัวหน้า
23-23336-18.wav	คนคนไหนบ้างที่จะเข้ามาร่วมเดินทางไปจำลองเหตุการณ์กับตำรวจสถานีตำรวจภูธร
23-23336-46.wav	ควรจะต้องมีเพื่อนที่อยู่ในเหตุการณ์ร่วมเดินทางไปจำลองเหตุการณ์ด้วย
23-23337-18.wav	ส่วนอีกหนึ่งจังหวัดนะคะเป็นจังหวัดท่องเที่ยว
23-23337-4.wav	พื้นที่ปิดหมู่บ้านปิดตำบลปิดอำเภอบางจังหวัดปิดจังหวัดไปล็อกดาวน
23-23339-30.wav	ฝ่ายผู้เสียหายคือนางสาววันนภาแพงบุตรดีอายุ20ปี
23-23339-34.wav	และรับสารภาพว่าทำร้ายนางสาววันนภาจริง
23-23339-42.wav	กระทั่งอาของนางสาววรรณภาผู้เสียชีวิตโพสต์เฟซบุ๊ก
23-23339-55.wav	วันนี้นี่เองนะคะครอบครัวและญาติของนางสาววรรณภาที่เสียชีวิตด้วยโรคมะเร็งปากมดลูก
23-23340-15.wav	กบดานอยู่ในพื้นที่อำเภอเมืองจังหวัดขอนแก่นนะครับ
23-23340-52.wav	นายเจริญบอกว่าเอาไปใช้จ่ายกับการเที่ยวเตร
23-23340-63.wav	นายเจริญเนี่ยยังบอกว่า7ปีกว่าที่หนีมาเนี่ย
23-23341-105.wav	ถ้าเกิดว่าเดินทางโดยรถเนี่ยแต่เสียอ้วนเขาอำพลางตัวค่ะ
23-23341-95.wav	ทีนี้สองคนนี้ก็เลยพาเสียอ้วนไปพบกับนายสิง
23-23342-7.wav	เจ้าของร้านแกงป่าผู้ใหญ่นึกก็คือนายสมนึกปิ่นบัวอดีตผู้ใหญ่บ้านหมู่2ตำบลบางเสร่อำเภอสัตหีบจังหวัดชลบุรี
23-23343-57.wav	ส่วนร่างของนายบุมคนตายเจ้าหน้าที่ส่งไป
23-23343-7.wav	บริเวณหน้าบ้านก็พบร่างของนายสรษักจงกิจหรือว่าบูมอายุแค่17ปี
23-23344-6.wav	ซึ่งอยู่ตรงข้ามกับโรงน้ำแข็งวังสิงคำถนนรัฐนาโกศิลปะบนช้างม่อยอำเภอเมืองจังหวัดเชียงใหม่
23-23345-180.wav	คงไม่ยอมให้ลูกเขยนายตำรวจ
23-23345-188.wav	จังหวัดนั้นพระกำลังสวดให้สินให้พรหลายคนก็มีการตั้งข้อสังเกตว่าทำไมพระไม่หยุดสวด
23-23345-191.wav	จังหวัดนั้นแม่ของหมู่เปล่าก็บุกเข้าไปผลักศีรษะลูกชายต่อหน้าพระอยู่
23-23346-23.wav	ว่าราชการจังหวัดแม่ฮ่องสอนและไม่มีผู้เสียหายหรือเจ้าทุกข์ไปแจ้งความ
23-23346-5.wav	นางสาวปัธมะพรอิ่มแก้ว
23-23346-6.wav	นางสาวกระหนกวันรัตนภักดีและนายมงคลเกียรติพักดีพงศ์
23-23347-12.wav	นั่นก็คือจังหวัดนครศรีธรรมราชนะคะพัทลุงสงขาปัตตานี
23-23348-28.wav	นายวิริยาธรรมเรืองรอง
23-23350-15.wav	วันนี้ทั่วฟ้าเมืองไทยเดินทางมาเป็นศึกษากิวิทยา
23-23350-31.wav	น้องนะคะน้องเด็กหญิงธัญญานุษย์ลาดแลนด์จังหวัดจากจังหวัดขอนแก่นค่ะ
23-23357-1.wav	เป็นควายแคะครับผมที่จังหวัดสกลนคร
23-23359-6.wav	จังหวัดนครราชสีมาที่มีอายุกว่า
23-23364-10.wav	บอกนายสมชัยสัจพงศ์ประหลัดกระทรวงการคลังค่ะ
23-23365-24.wav	แสดงว่านางไม่ได้เป็นเก้งกวาง
23-23365-2.wav	ตัวร้ายตีหล่อแห่งวงการบันเทิงได้ผ่านบททดสอบความร้ายจากนางร้ายรุ่นพี่ไปเรียบร้อยแล้ว
23-23368-13.wav	ผู้สื่อข่าวก็ต้องไปถามนายกสิคะว่ามันเป็นเรื่องราว
23-23368-71.wav	โดยนายอภิษฎได้เห็นว่าคำสั่งฉบับนี้
23-23369-27.wav	ศรีคิ้วจังหวัดนครราชสีมา
16-16978-35.wav	ชื่อบัญชีนางสาวมิตรเกรียมมะเริงธนาคารกรุงศรีอยุธยาสาขา
23-23371-6.wav	ในบ้านเนี่ยมี2คนอยู่ในนั้นคือนายยอดชายชะโลปพรรมวัย66ปี
23-23372-5.wav	ก็คือกลุ่มที่เดินทางมาจากอินเดีย1คนนะครับ
23-23372-8.wav	กลุ่มที่2เดินทางกลับมาจากกาต้า6คน
23-23373-15.wav	จากตลิงไป10เมตรก็นำศพของนายธิรพลขึ้นมาจากน้ำอ่ะนะคะ
23-23373-8.wav	จมน้ำคือนายธิรพลกุขุนทศอายุ40
23-23376-14.wav	สร้างความโศกเศร้าเสียใจของหลายหลายคนนะครับแล้วก็ล่าสุดนั้นก็เดินทางกลับมาถึงไทยและลงเครื่องบินของสายการบินไทยที่ท่ากาศยานสุวรรณภูมิ
23-23376-15.wav	แล้วก็มีคุณแม่คือนางธนพรนะฮะและครอบครัวเดินทางมาจากเชียงบรายไปรอรับเท่าอาธินะครับ
23-23376-1.wav	ดีสมาชิกหมูป่าที่เคยไปติดถ้ำหลวงขุนน้ำนางนอนจังหวัดเชียงบราย
23-23376-26.wav	หลังจากที่คุณแม่เดินทางไปรับอัฐิของดอมที่สุวรรณภูมิช่วงบ่ายครับนะฮะ
23-23376-28.wav	เดินทางกลับไปถึงบ้านเกิดที่เชียงบรายเลยนะครับ
23-23376-4.wav	คุณแม่ก็เดินทางมาจากเชียงบรายแล้วก็ไปรับด้วยตัวเอง
23-23378-15.wav	ชื่อว่านายอภิลักษ์ยิ่งยวดอายุ31ปี
23-23378-41.wav	แล้วยังไม่จบค่ะครูคนดังกล่าวแนะนำให้เหยื่อไปรู้จักกับนายอภิรักษ์
23-23378-43.wav	แล้วให้นายอภิรักษ์ล่วงละเมิดทางเพศซ้ำอีก
23-23380-3.wav	เยือนเมืองสองแควร์จังหวัดพิษณุโลก
23-23381-17.wav	กระบาดคันนี้ก็ขับมาจากฝั่งในเมืองมุ่งหน้าไปทางบางประกงของจังหวัดในจังหวัดนะครับ
16-16985-52.wav	เป็นเจ้าหน้าที่เวรเปรย์ชื่อนายวิทยาเพชรสุขใจบอกว่าอ๋อนี่เลยคือคุณตาการปฐมเนี่ยนะ
23-23381-8.wav	ถนนสิมริโสธรอำเภอฉะเชิงเทราจังหวัดฉะเชิงเทรานะครับคลิปนี้ถูกโพสต์โดยแฟนเพจเฟซบุ๊ก
23-23382-28.wav	เราอยากให้มีกระจายความเจริญไปทุกจังหวัดตำบลหมู่บ้าน
23-23385-277.wav	นางสาวพัชรินชำสิริพงศ์สสกรุงเทพภักดิ์พลังประชารัฐ
23-23385-5.wav	คือกระทรวงสาธารณสุขบอกแล้วนะคะว่าคนที่เดินทางไปจีนหมากเกาะฮ่องกง
23-23387-37.wav	จังหวัดอ่างทองทราบข่าวขอซื้อในราคา4000บาท
23-23388-9.wav	ซึ่งเนี่ยก็อยู่ที่พื้นที่หมู่2ตะมนตลิ่งชันอำเภอเหนือคลองจังหวัดกระบี่
23-23391-5.wav	ตำบลหัวเขาอำเภอสิงหะนครจังหวัดสงขา
23-23401-10.wav	คือตรงนี้เนี่ยคือห้องพักนะครับแห่งหนึ่งที่ย่านบางคุรัฐจังหวัดนนทบุรี
23-23401-8.wav	ไปเจอกับนางอรวรรณชาญเชิดศักดิ์อายุ49ปี
23-23404-33.wav	นายพินถูกนำตัวส่งโรงพยาบาลอานันทมหิดล
23-23404-39.wav	ได้มีนายวนิษพงศ์อุอิ่มหรือว่านายกล้าอายุ28ปี
23-23404-46.wav	เพราะว่านายกล้าต้องการมาตามหาภรรยาของเขา
23-23404-49.wav	แล้วก็นางสาววิพาหลบหนีนายกล้ามาขอพึ่งพ่อ
23-23404-53.wav	ซึ่งในขณะที่นายกล้ากับนายกุ้งเข้ามาภายในบ้าน
23-23404-54.wav	อดีตสามีเก่าของนางสาววิพา
23-23404-55.wav	มักจะแวะเวียนมาเยี่ยมเยี่ยนนายพินอดีตพ่อตาอยู่เสมอ
23-23404-56.wav	แม้ว่าจะเลิกรากันไปกับนางสาววิพาแล้วก็ตามนะครับ
23-23404-65.wav	เห็นว่ามีอดีตสามีของนางสาววิพามาคุยกับพ่อตา
23-23404-66.wav	นางสาววิพาหลบมาอยู่ที่บ้านแห่งนี้มาอยู่ตรงนี้ด้วย
23-23404-72.wav	แต่นายกล้าไม่ฟังเสียงใดทั้งสิ้นนะครับ
23-23404-73.wav	นายพินก็ขอร้องบอกหยุดเถอะหยุดเถอะไม่เป็นผลนะครับ
23-23404-74.wav	นายกล้าชักปืนที่พกมายิงพ่อตาล้มคว่ำเลยฮะ
23-23404-76.wav	ที่นายกล้าและนายกุ้งจะซ้อนรถจักรยานยนต์
16-16990-18.wav	ประมาณนั้นซึ่งนางจุรายรัฐลาบเจริญอายุ40ปีผู้พบเรือโบราณคนแรกบอกว่า
23-23405-31.wav	ในจังหวัดวาซูลูนาธาน
23-23406-5.wav	ชาวบ้านตำบลนอนคาอำเภอบางแพรจังหวัดราชบุรีออกมาร้องเรียนถึงปัญหาที่รถบรรทุกพ่วงวิ่งบนถนนในหมู่บ้าน
23-23407-49.wav	บอกว่าเดิมทีผู้เสียชีวิตเป็นคนจังหวัดอุดรธานี
16-16992-19.wav	ชื่อนางสาวกันวราพัฒน์นะคะเป็นคนที่ไปยื่นหนังสือ
16-16996-15.wav	นายวิโรธคงเหลาหนึ่งในชุดทีมรังนกเกาะลิบง
102-102092-30.wav	แม่ของน้องเนี่ยชื่อว่านางสาวรุ่งทิพย์ก็บอกกับนักข่าวว่า
102-102093-8.wav	ผู้ชายที่ว่าก็คือนายรัฐพงศ์รัฐจินดามณีคงอายุ42ปีนะคะ
23-23407-67.wav	ผ่าพิสูจน์อย่างละเอียดที่โรงพยาบาลในจังหวัดอุบลราชธานี
23-23408-13.wav	ที่บริเวณบ้านโพนทองตำบลนวลประดูกอำเภอศรีดาจังหวัดนครราชสีมา
102-102093-14.wav	นางสาวสุกัญญาแน่นอุดรวัย35ปีผู้เสียหายเล่าให้ฟังบอกว่า
102-102093-18.wav	เธอบอกเธอไม่มีนายรัฐพงศ์ก็เลยกระชากสร้อยคอทองคำที่คอเธอ
102-102093-20.wav	นายรัฐพงศ์พยายามจะผลักเธอตกลงไปในร่องน้ำข้างทางด้วย
102-102093-21.wav	เธอก็เลยจับมือนายรัฐพงศ์ไว้
102-102093-25.wav	ก็รวบตัวนายรัฐพงศ์ไว้ได้ก็ให้การว่าไงรู้ไหม
102-102094-64.wav	เรื่องนี้นายเรืองชัยระดาริส
102-102094-92.wav	ภูมิลำเนาอยู่อำเภอหนองใหญ่จังหวัดนครราชสีมา
102-102094-132.wav	ซึ่งตัวนายสมศักดิ์เนี่ยเขาก็มีอาชีพรับจ้างทั่วไปดูผอมแบบนี้แต่แข็งแรงนะ
102-102098-44.wav	ทางรองนายกรัฐมนตรีที่จะเดินทางตรวจเยี่ยมพื้นที่อำเภอปากพนัง
102-102099-9.wav	ซอยถนอมสุขสำราญที่ตำบลแหลมใหญ่อำเภอเมืองจังหวัดสมุทรสงคราม
102-102099-15.wav	พบผู้บาดเจ็บอาการหนัก2คนก็คือนางสมปรุงนาคประเสริฐอายุ77ปี
102-102099-19.wav	คนในบ้านอีกคนคือนางสาวอริสราอายุ32ปีเล่านาทีชีวิตให้ฟัง
102-102100-136.wav	พ่อก็คือนายระยองอินต้นวงนะคะ
102-102100-238.wav	ทั้งหมดเหล่านี้เป็นพฤติกรรมที่ชัดเจนว่ากำนันนกมีอิทธิพลและใช้อำนาจดึงตำรวจดึงนายนั้นนายนี้มาเป็นลูกน้อง
102-102100-306.wav	นายกกำชับเรื่องการปราบปรามมาเฟียทุกพื้นที่
102-102101-0.wav	อีกหนึ่งผลงานนะคะตำรวจภูธรจังหวัดหนองบัวลําภู
102-102101-5.wav	สุดท้ายใช่จริงจริงนะคะผู้ตายคือนางสาววันเพ็ญนะคะ
102-102102-8.wav	ของคันที่ผู้ตายนั่งมาขับออกมาจากตลาดบ้านศักดิ์สรรเชียงใหม่ตำบลป่างิ้วอำเภอเวียงป่าเป้าจังหวัดเชียงราย
102-102102-13.wav	ผู้ที่เสียชีวิตชื่อนางสาวสาวิตรีพรมวงอายุ27ปีเป็นชาวเชียงรายส่วนรถคันที่ถูกตามไล่ยิงมีรอยกระสุนปืนถูกยิงเข้าที่กระจกนั่งหลังด้านขวาแล้วก็ที่นั่งด้านซ้ายข้างคนขับมีร่องรอยเลือดผู้เสียชีวิตติดอยู่ตามเบาะด้านนอกรถก็มีร่องรอยเฉี่ยวชนที่ด้านข้างของล้อรถด้านขวาข้างคนขับส่วนคนขับและเป็นสามี
102-102102-15.wav	ค่ายาบ้า3เม็ดจำนวน300บาทที่ตัวเองติดค้างอยู่ยังไม่ได้จ่ายแฟนผู้ตายติดค่ายาบ้าเขาอยู่แล้วก็ยังมีเรื่องที่ตัวเองแอบคุยไลน์กับแฟนสาวของนายเอกอุดมนี่นะฮะวันนั้นก็คือเจอกันเมื่อวานเนี่ยนะฮะเจอที่ตลาดก็เลยมีปากเสียงกันหลังจากนั้นตัวเองก็เลยขับรถจะกลับบ้านนายเอกอุดมก็ขับกระบะมาดักรอเลยนะครับที่ทางออกตลาด
102-102102-16.wav	เพิ่มผลบอกว่าเห็นนายเอกอุดมมาดักรอแล้วทางออกตลาดแล้วก็ถือปืนลูกซองยาวอยู่ด้วยนะครับอยู่ตรงที่นั่งคนขับนี่แหละแล้วก็มีแฟนสาวของนายเอกอุดมนั่งอยู่ด้วยในรถก็ได้ตะโกนบอกนายเอกอุดมว่าให้ใจเย็นเอาปืนลงก่อนมีอะไรค่อยคุยกันแล้วก็รีบขับรถหนีออกมาจากตลาดนะฮะแต่ว่านายเอกอุดมยังขับรถตามหลังมาครับ
102-102102-37.wav	ที่เสียชีวิตก็เพราะว่านายเอกอุดมเนี่ยตั้งใจจะยิงเขา
102-102102-44.wav	แล้วก็ติดต่อไปยังครอบครัวของนายเอกอุดมแล้ว
102-102106-9.wav	อำเภอผาขาวจังหวัดเลยคุณแม่ก็เล่าให้ฟังว่าเหตุการณ์มันเกิดขึ้นยี่สิบสองสิงหาคม
102-102106-71.wav	อย่างไรก็ตามตำรวจก็แจ้งข้อหาพยายามฆ่ากับนายโอ๊คครับ
102-102107-3.wav	ลุ้นละกันคู่ใบเฟิร์นไงคะกับน้องนายนพัฒน์ค่ะ
102-102107-16.wav	อีกคลิปนึงนะคะหนุ่มนายโพสต์อวยพรวันคล้ายวันเกิด29ปีใบเฟิร์นค่ะ
102-102107-20.wav	ปิดท้ายที่ภาพใบเฟิร์นค่ะซบไหล่หนุ่มนายเมื่อวันเปิดกล้อง
102-102108-50.wav	นายอานนท์วิรมาชาซึ่งเป็นที่ปรึกษากฎหมายนะคุณฮะ
102-102110-9.wav	ผู้ใช้เฟซบุ๊คเขาโพสต์คลิปจากกล้องวงจรปิดค่ะบอกว่าจุดที่เกิดเหตุเนี่ยคือที่ตำบลปากแรตอำเภอบ้านโป่งจังหวัดราชบุรี
102-102110-12.wav	คือนายถนอมบุญเกิดอายุ45ปีนายถนอมเนี่ยนะคะเขาเป็นเจ้าของร้านอาหาร
102-102112-5.wav	ก็ทางพันธ์ตำรวจโทสำรวมสมานตำรวจตรวจคนเข้าเมืองจังหวัดระยอง
23-23408-34.wav	พลทองตำบลนวลประดูกอำเภอศรีดาจังหวัดนครราชสีมา
23-23409-11.wav	นายความก็คุยด้วยอ่าทนายความก่อนนะทนายความบอกว่าวันนี้เนี่ย
23-23409-32.wav	กับสิ่งที่นายสันทนะเนี่ยกล่าวออกมานะครับ
102-102113-0.wav	จังหวัดสมุทรปราการนะครับมีเหตุสัปเหร่อวัดบางบ่อถูกฆ่าตาย
23-23409-33.wav	แล้วขอยืนยันว่าเธอไม่เคยทำอะไรอย่างที่นายสันทนาพูด
23-23409-36.wav	ทีนี้เราก็ถามว่าถ้าเกิดว่าท่านได้เจอนายสันทนาเนี่ยอยากจะบอกอะไรกับเขา
23-23413-43.wav	นายทิตินนสิงหานะครับ
23-23417-8.wav	สามีของสาวมาสเนี่ยนะคะได้เดินทางไปรับตัวสามารถ
102-102113-14.wav	ค่ะนายนิรัติแย้มทัพอายุสี่สิบสองปีคนงานในวัดเล่าแบบนี้คุณผู้ชม
102-102113-22.wav	ก่อนหน้านี้ไม่กี่วันนายกิจสดาผู้ตายก็เคยมีปากเสียงกับนุษย์มาแล้ว
102-102113-23.wav	ส่วนนางวลีเทียนสิรินะครับอายุ60ปี
102-102113-34.wav	แล้วก็ทำแผนประกอบคำรับสารภาพนายรุธเอะอะโวยวายครับ
102-102113-40.wav	เขาก็สารภาพแหละว่าเขาเคยทะเลาะกับนายกิจสดา
23-23422-70.wav	จังหวัดโดยเฉพาะจังหวัดสกลนคร
102-102116-24.wav	กรอกข้อความโดยไม่ต้องเดินทางไปที่กระทรวงการคลัง
102-102116-48.wav	ไม่ต้องเดินทางไปที่ไหนใดทั้งสิ้นนะคะ
23-23424-0.wav	หลังจากที่สารจังหวัดเกาะสมุยตัดสินออกมาสำหรับเรื่องนี้
23-23424-7.wav	พม่าพร้อมจะสนับสนุนนายซอลินและนายวินซอตุล
23-23424-9.wav	ฆาตกรรมนางสาวฮันน่าวิชริตและนายเดวิดมิลเลอร์
23-23426-7.wav	ที่ช้างตอนนี้เข้าไปหลบอาศัยอยู่นะครับในเขตเทศบาลเมืองแกลงที่จังหวัดมรยอง
23-23430-10.wav	ชกจากจังหวัดนครสวรรค์กับวิกชัยอแสนศึก
23-23431-23.wav	นี่ค่ะทีมข่าวไปคุยกับนายประเทืองอุ่นจิต
102-102117-16.wav	คุณสุดาวันหวังสุภกิจโกศลนั่งรัฐมนตรีว่าการกระทรวงท่องเที่ยวนะครับ
23-23431-41.wav	นางเจนจิราบอกว่าตกใจมากทำอะไรไม่ถูกเลย
23-23432-199.wav	คิดว่านายผู้บังคับบัญชาปกป้องได้
23-23432-210.wav	อันดับแรกก่อนนายปกป้องไหม
23-23433-158.wav	ประชาชนต่างลุ้นว่านางสาวแซนวิชประพาดาน
23-23433-163.wav	ส่วนนางสาวอีฟซึ่งคุณการก็บอกว่า
23-23433-343.wav	กรณีที่เกิดขึ้นที่จังหวัดชัยภูมินะฮะ
23-23433-372.wav	หน่วยงานพัฒนาสังคมและความมั่นขนของมนุษย์จังหวัด
23-23433-373.wav	หน่วยงานบ้านพักเด็กและครอบครัวจังหวัด
23-23433-380.wav	โดยที่นายประโมทภูมิพันธ์ผู้อำนวยการสำนักเขตพื้นที่
102-102124-28.wav	ชื่อนางสาวสะสะพันธ์สวรรครานนท์อายุ48กับนางชัยรัฐทิมทองอายุ43
102-102124-61.wav	แต๋ก็บอกว่าผมชื่อนายประเกียบขุนแก้วชื่อเล่นชื่อแต๋
102-102125-12.wav	ของผู้เสียชีวิตเนี่ยทราบชื่อต่อมาคือนายยาว
23-23433-484.wav	แล้วก็หมู่เกาะพีแจ้งต่อนายวรพฤษล้อมลิ้ม
23-23433-615.wav	หน่วยงานพัฒนาสังคมและความมั่นขนของมนุษย์จังหวัด
102-102125-20.wav	ตัวนายยาวคนตายอยู่ชั้น3ของหอพักแห่งนี้แหละ
23-23433-616.wav	หน่วยงานบ้านพักเด็กและครอบครัวจังหวัด
23-23433-623.wav	โดยที่นายประโมทภูมิพันธ์ผู้อำนวยการสำนักเขตพื้นที่การศึกษา
102-102125-21.wav	ก่อนหน้านี้จริงนายยาวเขาเคยอยู่กับเพื่อนเขาสอนคนนะ
23-23433-674.wav	แหมแต่ก่อนหน้านี้แจ้งว่าเป็นหมออยู่โรงพยาบาลที่จังหวัดประจีน
23-23433-709.wav	แล้วก็หมู่เกาะพีแจ้งต่อนายวรพฤษล้อมลิ้ม
23-23433-715.wav	ท่องเที่ยวเนี่ยนะเวลาจะไปดำน้ำดูปากการังเนี่ย
23-23433-81.wav	ก็ส่งผลให้น้ำป่าเนี่ยพื้นที่อำเภอสนามชายเขตจังหวัดฉะเชิงเทรานะ
102-102125-38.wav	ทีนี้ทีมข่าวของเราค่ะก็เลยไปได้มีโอกาสไปพบกับทางด้านของนางเสานี
23-23434-19.wav	ไม่ว่าจะเป็นทหารตำรวจหรือผู้ว่ารายการจังหวัด
23-23434-35.wav	ของนางองซานซูจีที่ปรึกษาแห่งรัฐ
102-102125-44.wav	แล้วก็รู้มาว่านายยาวคนนี้ทำงานอยู่ตลาดสี่มุม
23-23435-18.wav	ขณะที่ศิษยานุสิตยังคงเดินทางออกจากพื้นที่เป็นระยะ
23-23435-48.wav	ได้เดินทางมาตรวจความเรียบร้อยในการวางกำลังตำรวจบริเวณนี้นะคะ
23-23436-31.wav	จังหวัดสระบุรีครับนี่มาแล้วนี่เออโอ้โหเมียมาถอยกรูดเลย
23-23436-33.wav	อีกคนก็คือนายฉัดชัยกองลาพงศ์อายุสามสิบสาม
23-23436-37.wav	วายแล้วมีท่าทางคลุ้มคลั่งขึ้นมาเลยนะฮะนางนางสุวารีพี่สุวารีเนี่ย
102-102125-80.wav	ต้นคาดว่านายยาวคนตายอาจจะเสียชีวิตจากโรคฮีทสโตรกค่ะคุณ
23-23436-47.wav	แล้วจะเอาเงินที่ไหนมาจ่ายค่าห้องอ่าสงสัยว่านายชัดชัยเนี่ยจะเสพ
102-102128-25.wav	จะเดินทางกลับมาถึงประเทศไทย
102-102129-13.wav	หนึ่งเดินทางเปลี่ยนแปลงแต่ลักษณะราศีกันเนี่ยมันเป็นตัวแปรเปลี่ยนนะ
102-102133-16.wav	หน่วยเฉพาะกิจอโณทัยจังหวัดปัตตานี
23-23437-8.wav	กอดร่างของลูกชายซึ่งก็คือนายพานุวัฒน์จีนอยู่
23-23439-109.wav	หยิบเอาเรื่องนางไก่หรือหญิงไก่มาเป็นอุทาหรณ์
15-15001-13.wav	หลังจากที่นายปิติพงศ์คงถาวรคนร้ายที่ยิงดาบตำรวจเกรียงศักดิ์คงแจ่ม<Mark>
23-23439-134.wav	ไม่ใช่นายฝากมายังไงก็ไปพินอบพิเทา
102-102138-45.wav	เมื่อเช้าคุณผู้ชมทีมข่าวของเราก็เลยเดินทางไปที่บ้านเขาเลยนะฮะ
23-23439-149.wav	ไม่ใช่เรื่องนางไก่เงียบไปเฉย
102-102138-46.wav	นายสายันเนี่ยอยู่ที่จังหวัดบุรีรัมย์นะฮะก็เป็นญาติของผู้เสียชีวิตก็อยู่ที่บุรีรัมย์ใช่ไหม
23-23439-20.wav	ลั่นแกล้งรังแก่คนร่วมกับนายตำรวจ
23-23439-33.wav	ชะนี้นางไก่ยังจะต้องทำเรื่องเลวร้ายอย่างนี้กับใครต่อใครอีกเท่าไหร่
23-23439-41.wav	ทำไมคนอย่างหญิงไก่หรือนางไก่จึงมีความสำคัญขึ้นมาได้
102-102138-53.wav	ผมเดินทางกลับมาจากเกาหลีแล้วนะพ่อเดี๋ยวผมขอแวะเที่ยวกรุงเทพหนึ่งคืนนะ
23-23439-51.wav	ประกอบที่ทำให้คนมีความสำคัญคนอย่างนางไก่มีความสำคัญขึ้นมาอยู่ดีมีเงินมีตำแหน่งมีเงินทำไม่ได้หรอกครับ
102-102139-5.wav	ภายในบ้านป่าบงหมู่8ตำบลบอกโพอำเภอนครไทยจังหวัดพิษณุโลก
23-23439-52.wav	ต้องมีองค์ประกอบด้วยองค์ประกอบก็คือคนของรัฐเจ้าหน้าที่นี่แหละครับที่ไปพินอบพิเทาทำให้คนเชื่อว่านางไก่มีความสำคัญจริง
102-102139-22.wav	ตำรวจภูธรจังหวัดพิษณุโลกก็สันนิษฐานว่า
23-23439-53.wav	ก็ในข่าวที่ว่าไปบ้านเศรษฐินีคนหนึ่งเนี่ยมีรถตำรวจท่องเที่ยวนำหน้าครับขับรถไปมีรถตำรวจนำหน้าเอาใครจะไม่เชื่อล่ะครับมีรถนำหน้ามีรถนำมีรถตามมีข้าราชการคอยนอบน้อมค้อมคูโค้งคำนับ
23-23439-54.wav	เอ๊ะใครจะไม่เชื่อล่ะครับไปงานไหนประธานใหญ่นั่งโซฟาอยู่ข้างหน้าคุณหญิงไก่ลงจากรถประธานก็ไปตามมานั่งโซฟาอยู่ข้างหน้าเอาแล้วใครจะไม่เชื่อล่ะครับนี่ความวิปริตของสังคมไทยก็อยู่ตรงนี้ไม่รู้เป็นใครมาจากไหนเห็นเขาคนเคารพนอบฉันก็เคารพนบนอบด้วยเห็นมีรถนำมาฉันก็เชื่อว่าเป็นคนสำคัญนางไก่รู้จุด
23-23440-122.wav	เดินไปที่กระท่อมที่นายสองเมืองอดีตสามี
15-15003-34.wav	โดยที่นายวโรชาจันทโชธผู้รับผิดชอบการปลูกดาวเรือง<Mark>
102-102140-24.wav	เหตุเกิดก็คือน้องลำไยเนี่ยเดินทางไปงานที่สุราษฎร์ค่ะ
23-23440-127.wav	แกก็เดินตามนายสองเมืองเพื่อจะคุยให้รู้เรื่อง
102-102140-38.wav	ค่ะก็เรามันกระทันหันอย่างที่พูดนะคะพี่คืองานมันก็รับไว้แล้วเราก็ยังไม่สามารถเดินทางไปร่วมงานได้ตอนนี้ก็เดี๋ยวจะไปวันเผาทีเดียวเนี่ย
23-23440-12.wav	อำเภอชายวันจังหวัดอุดรธานี5ทุ่มครึ่งเมื่อคืนที่ผ่านมาครับ
15-15004-34.wav	โดยนายนบรงสิริเลิศวรกุลผู้มนวยการสำนักงานพัฒนาวิทยาศาสต<Mark>
23-23440-157.wav	นตรีพิศนุอุณเสรีผู้บังคับการตำรวจภูธรจังหวัดอุดรธานี
102-102141-15.wav	และจากการสอบถามผู้ที่เห็นเหตุการณ์อย่างนางสาวเพชรลัดดาพุ่มบุญธริก
23-23440-158.wav	วันนี้ก็มาสอบปากคำทางนางสาวปริยาเพิ่มเติมนะครับ
102-102141-26.wav	ก็คือนายปรัชญาอ้อนช้าง
23-23440-23.wav	ส่วนศพถูกส่งไปชนะสูตรอย่างละเอียดตามขั้นตอนก่อนนะครับที่โรงพยาบาลศรีนครินทร์จังหวัดขอนแก่น
102-102142-10.wav	ท่านเป็นนายกมนตรีของทุกพรรคของทุกคนที่มารวมกันเป็น
102-102142-33.wav	การที่ท่านพลเอกประยุทธ์นายกมนตรีมาอยู่กับพรรครวมไทยสร้างชาติ
102-102146-10.wav	เดินทางไปพรรครอยพระพุทธบาทวัดพระพุทธบาทจังหวัดสระบุรี
102-102151-15.wav	โดยนายวิชามหาคุณอดีตกรรมการป้องกันและปราบปราม
15-15007-43.wav	ล่าสุดนายวัลลบจินดาเงินในอำเภอโพนทองออกประกาศ<Mark>
23-23440-56.wav	เจอกับนายสองเมืองนะอดีตสามีของป้าปรียาแกโอ้โหเครียดเลยนะฮะนี่
15-15007-48.wav	งานแต่งงานที่บ้านนางหนูเพียรโพกุฎศรี<Mark>
23-23440-95.wav	เพราะช่วงหลังเนี่ยถูกนายสองเมืองอดีตสามี
102-102151-29.wav	และบริษัทที่ร่วมทุจริตกับนายวัฒนาเป็นผู้ชดใช้
102-102152-42.wav	จังหวัดใกล้เคียงหรือทั่วประเทศไทย
23-23441-40.wav	นายนวรัฐพงภัยบูลออกจากการเป็นศิลปินแห่งชาติ
102-102153-35.wav	คุณนางคนนี้ก็อัพเลเวลความหวานขึ้น
102-102154-8.wav	สำหรับ2สาวขายกล้วยทอดที่จังหวัดขอนแก่น
102-102154-23.wav	ตำบลบ้านเป็ดอำเภอเมืองจังหวัดขอนแก่น
15-15011-28.wav	นายสุชิตชมพูวงสั่งให้โรงเรียนในสังกัดตรวจสอบนะคะครับว่าคลิปนี้อ่ะค่ะ<Mark>
23-23442-11.wav	ชื่อว่านางสาวสมหมายเสริมคุณทศอายุ53
15-15012-30.wav	จนกระทั่งนายภัยบูลมาเห็นก็เลยเดินเข้าไปห้าม<Mark>
102-102158-13.wav	ที่ก่อเหตุยิงนายสาธิตช่วยนาเขตหรือว่าเอ็มว่าที่ลูกเขยนะ
23-23442-24.wav	ที่พี่สาวอีกคนนึงชื่อว่านางพรก็บอกว่า
15-15012-31.wav	นายภัยบูลก็เลยซวยไปเลยค่ะโดนฟันเข้าที่หน้าผากนะคะ<Mark>
23-23442-32.wav	จากนั้นพี่สาวคือนางสาวสมหมายก็ลุกขึ้นมา
102-102158-26.wav	ผมก็ไม่คิดเรื่องที่ว่าเขาจะเป็นอย่างอื่นนะนะผมคิดว่านายเอ็มก็บอกว่าตอนแรกเขาก็บอกลงรถ
102-102158-28.wav	นายเอ็มบอกว่าเขาตกรถผมก็ตอนแรกก็เชื่อนะฮะเขาก็ไปเยี่ยมที่โรงพยาบาล
23-23442-33.wav	หนีไปวิ่งหยิบมีดนะฮะส่วนนายสนิทนั้นก็เหมือนจะเข้าไปทำร้ายต่อครับ
23-23442-7.wav	ตำบลสัตว์จราเข้อำเภอด่านคุณทศจังหวัดนครราชสีมาครับ
23-23442-8.wav	เมื่อช่วงค่ำของเมื่อวานก็ไปพบศพนายสนิทเสริมคุณทศอายุ45ปี
15-15016-12.wav	จะมีนายจตุพัฒน์บุญพัฒนารักษาหรือภัยดาวดิน<Mark>
102-102161-1.wav	เป็นพวกอาหารป่าตอนนี้เนี่ยที่จังหวัดพิษณุโลกนะ
102-102161-14.wav	ขายกันอยู่ที่ตลาดใต้หรือตลาดเทศบาล1อำเภอเมืองพิษณุโลกจังหวัดพิษณุโลก
23-23446-17.wav	มันจะเป็นพื้นที่เชื่อมต่อกับอำเภอระโนธจังหวัดสงขลาด้วย
102-102162-3.wav	ชาวบ้านอำเภอกบินบุรีจังหวัดศึกษาธิการจังหวัด
23-23446-30.wav	ทีนี้ค่ะนายชาติอายุ62กับเพื่อน45คนเขาก็ทอดแห่หาปลา
102-102162-7.wav	ถูกนายปรีชาอายุ41ปีเพื่อนบ้านอยู่ติดกันนี่แหละแอบถ่ายคลิปด้วยนะ
23-23447-61.wav	นายบัวผันเชิดชัยภูมิก็บอกว่า
23-23449-16.wav	คดีนายสุภาชัยศรีสุภาอักษร
23-23452-103.wav	นายคนนี้ไปทำโพลโดยใช้กลุ่มตัวอย่างเป็นแสนคน
23-23452-158.wav	แล้วนายกรัฐมนตรีในช่วงนั้นนายลาจิปลาซักเนี่ยก็ทุจจริต
102-102162-20.wav	นายปีชานอกจากจะแอบถ่ายแล้วเนี่ยถ่ายคลิปแล้วเนี่ย
102-102163-31.wav	ซึ่งเจ้าของก็คือนางสาวสรรญาอายุ30ปี
102-102163-41.wav	แล้วก็ต้องมีการควบคุมตัวนางสาวสรรญาเจ้าของรถเก๋งมาที่โรงพัก
23-23457-10.wav	ส่วนตัวผู้ปกครองที่เป็นคนขับรถชนคือนายเอกสิทธิ์ทัพสิทธ
23-23458-9.wav	นี่คือผอมแล้วเหรอดูซั่วทรงองค์เอวนางดูแบบว่าสลบลือฮึ่มมากเลยนะคุณ
102-102163-52.wav	เกิดขึ้นที่จังหวัดนครนายกบนถนนสุวรรณสอนแยกเจริญผลนะครับซึ่งเป็นสามแยกไฟแดง
102-102163-61.wav	เกิดขึ้นที่ตำบลโนนชัยศรีอำเภอโพนทองจังหวัดร้อยเอ็ด
23-23463-0.wav	คริสตศาสนิกชนคาทอลิกจำนวนมากเดินทางเข้าร่วมพิธีมิซาตั้งจิตอธิษฐานน้อมถวายเป็นพระราชกุศลแด่พระบาทสมเด็จพระปรมินมหาภูมิพลอดุลยเดชนณอัศนวิหารอสัมชันบางรักษ์
23-23465-52.wav	แล้วเธอเองก็ได้ไปขอคำมาศพของนางวิไลแล้วนะไปในฐานะตัวแทนของแม่นะคะ
102-102163-81.wav	โดยเหตุการณ์นี้กล้องวงจรปิดของวัดศรีสุพรรณที่ตำบลประตูป่าอำเภอเมืองจังหวัดลำพูนจับภาพไว้ได้แล้วฮะ
102-102163-91.wav	ขโมยรายนี้คือนายพินโยหรือว่าสนอายุ38ปี
23-23465-53.wav	เราไปคุยฝั่งของนางวิรัยด้วยเหมือนกันนะคือนางวิไลเองก็มีลูกกับสามีคนก่อน
102-102163-174.wav	ตำบลบ้านโพอำเภอเมืองจังหวัดตรังแล้วครับ
102-102163-194.wav	วาดลวดลายบนกำแพงบ้านกลายเป็นจุดเช็คอินแห่งใหม่ของจังหวัดเลยนะครับ
102-102163-196.wav	ที่บ้านเดื่องกที่อำเภอสารภีจังหวัดเชียงใหม่ครับ
102-102163-246.wav	รสินนะครับยังอยู่กันที่อีสานอยู่ที่จังหวัดเลย
102-102163-272.wav	ตำบลคลองท่อมเหนืออำเภอคลองท่อมจังหวัดกระบี่นะครับ
102-102164-22.wav	ขณะที่หลานสาวของนายสอยเนี่ยเขาบอกว่า
102-102164-49.wav	ไปถามต่อคุณผู้ชมไปถามต่อกับนายสุรพลทศแก้ว
102-102164-65.wav	ที่บ้านของนายสอยจุดที่จับภาพดวงไฟประหลาดได้
102-102165-50.wav	มีคนเจออยู่จังหวัดนี้ไปดูอ้าวไม่ใช่
102-102166-6.wav	พร้อมด้วยนายนรงบัณฑิตอายุ58ปีเป็นอดีตพระลูกวัดแสงแรง
102-102167-23.wav	เป็นของนายสารันวิทย์บ้านศาลแห้วหรือว่าอ้นอายุ27ปี
102-102167-34.wav	นายสรรวิทย์ผู้ต้องหารับสารภาพเป็นคนก่อเหตุจริงนะคะ
102-102169-15.wav	นางสาวรัสสิตาจันทนานะครับเจ้าของฟาร์ม
102-102170-14.wav	พานทองจังหวัดชลบุรีมุ่งหน้าอำเภอบางปะกงจังหวัดฉะเชิงเทรา
102-102170-28.wav	นายสุทัศน์คำแสงอายุ45ปีนะคะ
102-102170-31.wav	นายสิทธิพลยังรอดอายุ42ปีคนนี้เป็นเจ้าของรถบรรทุก6ล้อค่ะ
102-102171-12.wav	ก็เลยทดลองปลูกดูว่าจะได้ผลผลิตเหมือนที่จังหวัดจันทบุรีหรือเปล่า
102-102174-7.wav	กู้ภัยตรวจสอบพบนายอนุลักษ์ศรีแก้วอายุ30ปีนอนคว่ำหน้าเสียชีวิตอยู่ในพงหญ้า
102-102174-11.wav	ว่าคืนที่ผ่านมานายอนุลักษ์ผู้ตาย
102-102175-12.wav	แม่สายจังหวัดเชียงรายนี่เลย
102-102176-0.wav	มีเรื่องมาเตือนกันแล้วก็ให้เตรียมพร้อมรับมือกันในจังหวัดภาคใต้
102-102176-1.wav	เพราะพรุ่งนี้จะมีคนไทยที่ทำงานที่มาเลเซียเดินทางกลับเข้ามาหลายพันคน
102-102176-3.wav	แล้วก็เข้าไปตามจังหวัดต่างตอนนี้มีการต้องเตรียมความพร้อม
102-102176-7.wav	ไปดูกันก่อนที่ด่านศุลกากรสุไหงโก-ลกอำเภอสุไหงโก-ลกจังหวัดนราธิวาส
102-102176-9.wav	นายบุญภาษณ์รักนุ้ยนะฮะเป็นรองผู้ว่าราชการจังหวัดนราธิวาส
102-102176-21.wav	ซึ่งคนที่จะเดินทางข้ามพรมแดนเข้ามา2จุดเนี่ยก็จะมีที่ด่านพรมแดนวังประจันทร์อำเภอควนโดน
102-102176-23.wav	ซึ่งคนที่จะเดินทางกลับเข้ามาทางทะเลผ่านทางรัฐเคดาของมาเลเซียเหมือนกัน
102-102176-25.wav	ส่วนที่ยะลาครับนายชัยสิทธิพาณิชย์พงศ์ผู้ว่าราชการจังหวัดยะลาก็มีการเรียกประชุมเจ้าหน้าที่จากทุกหน่วยงาน
102-102176-28.wav	ซึ่งสถานที่ที่จะใช้สังเกตอาการระดับจังหวัดก็จะมีที่วิทยาลัยสาธารณสุขสิรินทรยะลา
102-102176-30.wav	ส่วนที่สงขลามีการประสานงานแล้วว่าจะมีคนไทยเดินทางกลับเข้ามาทางด่านพรมแดนสะเดา
102-102178-9.wav	แถวไหนบ้านเลขที่101หมู่12ตำบลแสวงหาอำเภอแสวงหาจังหวัดอ่างทอง
102-102179-19.wav	นายสายชนบอกว่าเขาเนี่ยคือดั้งเดิมนี่ก็เลี้ยงไก่ชนขาย
102-102182-12.wav	และนักเตะ16คนที่เดินทางมาทั้งหมด
23-23466-107.wav	แล้วจำได้ไหมคุณวันที่คุณกันเดินทางเข้าไปช่วย
23-23466-117.wav	กับจุ๋มพ่อและแม่เด็กเดินทางมารับไปดูแลที่กรุงเทพ
102-102183-33.wav	แต่นายพิชิตชัยยังเหยียบคันเร่งรถคล้ายกับดริฟท์รถนะคะ
102-102183-57.wav	เขาบอกว่าไปหัดขับรถกันนะคะนายวันเฉลิมพัดทองอายุสามสิบปีค่ะ
102-102183-58.wav	เขาบอกว่าเขาให้นายพิชิตชัยซึ่งเป็นน้องมาสอนเขาขับรถ
102-102183-65.wav	ทีนี้ค่ะตัวน้องชายนายพิชิตชัยชมเมฆอายุ28
23-23466-17.wav	ส่วนคนที่4คือนางสาวสริญญาหรือว่ายา
23-23466-18.wav	และคนที่5ก็คือนางสุนันหรือว่าจุ๋มนั่นเองนะคะ
102-102185-11.wav	วารินชำราบจังหวัดอุบลราชธานีนะครับ
23-23466-27.wav	กรณีของนางสาวเจษดาซึ่งเป็นแม่ของเด็ก5คน
23-23466-28.wav	รวมถึงเด็กชาย4คนที่คาดว่านายเอ็มและนางสาวเจษดา
23-23466-32.wav	ในการพิจารณาออกหมายจับนางสาวเจษดาด้วย
23-23466-35.wav	มีหลักฐานทั้งจากคำรับสาภาพของนางสาวเจษดาเอง
23-23466-51.wav	กับนายเอ็มและนางสาวเจษดาเท่ากับว่าเป็นลูก
102-102185-15.wav	จำเลยในคดีฆ่านางสาวจุธาพรอุ่นอ่อนหรือผอ.อ้อยอายุ38ปี
23-23466-53.wav	ตอนนี้จึงต้องขอออกหมายจับทั้งนายเอ็มเพิ่มแล้วก็นางสาวเจษดาด้วย
23-23466-89.wav	ที่เกิดระหว่างในเอ็มกับนางเสาจุ๋มจุ๋มก็คือสุนันถูกไหมนั่นแหละค่ะ
102-102185-21.wav	มีนายบุญเลิศนางแหลมอุ่นอ่อนพ่อและแม่ผอ.อ้อย
102-102185-22.wav	รวมถึงนายวิทยาเกรดแก้วสามี
102-102186-1.wav	อันนี้เป็นนักเรียนม1นะคะโรงเรียนแห่งหนึ่งในพื้นที่อำเภอจอมทองจังหวัดเชียงใหม่
102-102186-5.wav	ในพื้นที่อำเภอจอมทองจังหวัดเชียงใหม่ส่งมาเป็นหลักฐานนะคะครับ
23-23470-35.wav	เจ้าคณะจังหวัดร้อยเอ็ดและนายธรรมนูญแจ่มใสนายอำเภอจตุรพักษ์พิมาร
102-102187-37.wav	นายนัทพลชัยการอายุ37ปีคือเขาเรียกกันว่าเสี่ยนัทเสี่ยนัท
102-102187-56.wav	นายนัทพลหรือเสี่ยนัทอายุ37ปี
23-23470-5.wav	จัดที่วัดบ้านหนองคูอำเภอจตุรพักษ์พิมารจังหวัดร้อยเอ็ดนะคะ
102-102188-206.wav	จากวัดช้างคำจังหวัดเชียงใหม่ค่ะ
23-23472-8.wav	สาธารณสุขจังหวัดขอนแก่นนะคะก็ลงพื้นที่ไปตรวจสอบด้วย
23-23473-20.wav	แล้วเดินทางต่อไปในซอยใกล้ตลาด
23-23473-31.wav	เมนูยำขนมจีนจากร้านส้มตำป้านาง
23-23474-16.wav	มาสอบเครียดเลยหลังจากนายนัทเชษศรีสุวรรณหรือว่าในปอน
102-102194-69.wav	อัศวินขวัญเมืองนะครับได้เดินทางมาแล้วก็เข้าห้องประชุมนะครับ
23-23474-22.wav	คือนายราเชนนะฮะลูกชายเจ้าของบ้านเป็น1ใน5ของสมาชิกในบ้าน
23-23474-23.wav	คนที่เอาปืนไปฝังนะครับคือนายลาเชนเนี่ย
102-102195-3.wav	นายประยูนช่วยแก้มรองผู้อำนวยการฝ่ายการเดินรถองค์การขนส่งมวลชนแห่งประเทศไทยหรือขสมก.นะครับ
23-23474-35.wav	เอาปืนไปฝังทำไมไม่ใช่นายราเชนนะฮะนายนัทเชษนะครับผู้ตาย
102-102195-5.wav	เส้นทางละ10คันเป็นการอำนวยความสะดวกให้กับประชาชนพ่อแม่พี่น้องที่จะเดินทางไปร่วมกิจกรรมในวันพรุ่งนี้คือ13ตุลาคม2559
102-102195-26.wav	คุณผู้ชมสามารถเดินทางมาได้ก็คาดว่าน่าจะมีการเดินทางมาตั้งแต่วันนี้เลย
102-102196-5.wav	กับที่จะรับคนไทยที่จากฝั่งจังหวัดเมียวดีของเมียนมาเนี่ย
23-23474-45.wav	ชื่อว่านางศรีสาคอนภูลสวัสดิ์หรือว่าป้าแดงนะครับป้าแดงอายุห้าสิบเอ็ดนะฮะ
23-23476-3.wav	กรมทหารพรานที่47ร่วมกันกับอำเภอยหาจังหวัดยะลาและตำรวจภูธรยหาครับ
102-102196-39.wav	หรือว่าใช้แพทย์พยาบาลที่โรงพยาบาลอื่นในจังหวัดตากมาเสริมกำลังหรือเปล่า
23-23476-8.wav	ขณะที่ในอำเภอยหาญจังหวัดยะลาก็ระบุว่าปัญหาในพื้นที่ตอนนี้ชาวบ้านส่วนใหญ่
23-23478-0.wav	คนปีใหม่ปีนี้เดินทางไปที่จังหวัดนครราชสีมา
23-23478-5.wav	วัดบ้านไร่อำเภอด่านคุณทศจังหวัดนครราชสีมา
23-23478-9.wav	อย่างเช่นครอบครัวของนายผสมบาดโพเป็นชาวบ้านตำบลท่าซ้ายอำเภอเฉลิมพระเกียรตินะครับ
102-102197-37.wav	ทำให้นางพันธงชัยอายุ69ปีคนขับขี่รถจักรยานยนต์ได้รับบาดเจ็บสาหัส
102-102197-39.wav	แต่นางพันธุ์ก็เสียชีวิตในเวลาต่อมา
102-102197-58.wav	อุบัติเหตุที่เกิดขึ้นทำให้นายนครินศรีคะอายุ20ปีนักศึกษาปวชปี2สาขาช่างกล
23-23479-4.wav	หนึ่งยังมั่นใจในเสียงสนับสนุนนายพิธาเป็นนายกรัฐมนตรี
102-102200-15.wav	แล้วสภาพร่างกายของนายบุญยฤทธิ์เนี่ย
102-102200-20.wav	ทีนี้เราไปคุยกับพ่อของนายบุญยฤทธิ์ค่ะ
102-102200-74.wav	ชื่อบัญชีคือนายอิงเทพเผานะคะเป็นบัญชีของคุณพ่อ
23-23483-21.wav	ตกแบบนี้มันสามารถทำนายตัวเลขได้ไหมคะ
102-102201-34.wav	ทำให้นางสุธิดาสุขมาภัยอายุ35ปี
23-23485-12.wav	คุณน้ำนางนอนจังหวัดเชียงรายได้อย่างปลอดภัย
23-23485-23.wav	จะจัดโปรแกรมท่องเที่ยวในกรุงเทพมนครและจังหวัดเชียงรายให้
102-102202-7.wav	และนางต้องขอโทษทุกคนที่ติดตามมาตลอด
102-102203-10.wav	อำเภอสามพรานเขาชื่อนายเพียวตูยาโซ
102-102203-17.wav	กลับมาที่ห้องพอดีก็คือนายตูคาออง
102-102204-32.wav	นอกจากนี้นายกรัฐมนตรีกล่าวตอนหนึ่ง
23-23485-52.wav	ด้านของพลเอกประวิทย์วงสุวรรณบรองนายกรัฐมนตรี
102-102204-42.wav	ฟังเสียงนายกรัฐมนตรีพูดประเด็นนี้หน่อย
23-23486-0.wav	คดีอนาจารย์ที่เกิดขึ้นในพื้นที่จังหวัดพระนครศรีอยุธยา
102-102206-20.wav	นางเหมือนที่ท่านเห็นอยู่นี่แหละหลายที่หลายเหตุการณ์เหลือเกิน
102-102208-14.wav	นายสมศักดิ์เทพสุธินรัฐมนตรีว่าการกระทรวงยุติธรรมบอกว่า
102-102208-44.wav	ขณะที่นายประสานมหาลีสกุลอธิบดีกรมคุมประพฤติบอกว่า
23-23488-0.wav	ดูความคืบหน้าคดีการเสียชีวิตของนายธวัชชัยอนุกูลอดีตเจ้าหน้าที่กรมที่ดินจังหวัดพังงากันหน่อยนะคะ
102-102209-0.wav	ช่วงนี้พาไปดูสะพานกันหน่อยค่ะคุณผู้ชมค่ะนักท่องเที่ยวเขาแห่ไปเที่ยวสะพานแขวนลาวาเพื่อชมวิวทิวทัศน์แล้วก็ความสวยงามของเมฆหมอกบนยอดภูเขาไฟกระโดงในจังหวัดบุรีรัมย์ในช่วงที่กำลังจะเข้าฤดูหนาวแบบนี้ค่ะ
23-23488-2.wav	นำไปวิเคราะห์สาเหตุการเสียชีวิตของนายธวัชชัยก่อนที่จะสรุปกันว่าจำเป็นที่จะต้องมีการผ่าชนะสูตรศพรอบ2หรือไม่
23-23488-3.wav	การประชุมเนี่ยนะคะคณะกรรมการตรวจสอบข้อเท็จจริงการเสียชีวิตของนายธวัชชัยอนุกูลอดีตเจ้าหน้าที่กรมที่ดินจังหวัดพังงาเป็นครั้งที่สาม
23-23488-6.wav	กระบวนการ4ทีสแกนทีมแพทย์ได้นำศพของนายธวัชชัย
23-23491-10.wav	มีนายอัฟฟานแก้วเรืองศรีหรือว่าในบีนายธีรวุฒิหัวแหวนหรือว่าเลี่ยม
23-23491-11.wav	มีนายกัมปนาศหมัดอดำหรือว่าบังดลแล้วก็นายเสริมศักดิ์ศรีสุวรรณ
23-23491-16.wav	อีกคนนึงเป็นเจ้าของบ้านที่ใช้ประชุมวางแผนก่อเหตุก็คือนายธีรวุฒิหัวแหวนหรือว่าในเลี่ยมนะฮะ
102-102210-2.wav	ล่าสุดก็เดินทางไปที่ปอทรับทราบข้อกล่าวหา
102-102210-6.wav	นายชายรัฐยอดพรมหรือว่าปู่มหาหมุณี
102-102210-13.wav	ร่วมกับทางด้านของนายโชนี่
102-102210-14.wav	นายชายรัฐหรือว่าปู่มหาหมุณีบอกว่า
23-23491-74.wav	ส่วนบ้านของนายเสริมศักดิ์ที่เป็นหนึ่งในผู้ต้องหาที่ถูกจับกลุ่มได้นะครับ
102-102211-8.wav	ทราบชื่อว่านายมนตรีศรีวิเศษอายุ35ปีเป็นพนักงานบริษัทค่ะ
102-102211-9.wav	จากการสอบถามแม่ยายของผู้ตายนะคะชื่อว่านางพิมนิพาไพรศาลเวชกรรมค่ะ
102-102212-16.wav	น้ำเพชรบุรีไหลจากทิศใต้ไปทิศเหนือใช้แค่จังหวัดเดียว
102-102213-15.wav	คุณผู้ชมฮะเมื่อวานนี้ท่านประธานวันนอร์ครับนายวันมุธมัธนอมธาประธานรัฐสภา
102-102213-24.wav	เกือบ3เดือนแล้วเราไม่มีนายกมนตรีที่จะมาบริหารประเทศซึ่งทำให้การบริหารต่างในเรื่องงบประมาณความเดือดร้อนของประชาชนรวมทั้งกฎหมายที่จำเป็นจะเข้าสู่สภา
102-102215-79.wav	นอกจากนี้ถ้าให้คุณพ่ออ่านคุณพ่อคงอ่านยี่ห้อนิเก้เนอะถ้างั้น
102-102217-6.wav	ของผู้สูงอายุที่จังหวัดพิษณุโลกค่ะ
102-102218-4.wav	จังหวัดตรังเพราะว่าไปดูเรื่องของการระบายน้ำในแม่น้ำตรัง
102-102220-19.wav	ก็คือนายนิสันดีเลิศอายุ33ปี
102-102220-28.wav	ตำบลหนองข้างคอกอำเภอเมืองจังหวัดชลบุรี
102-102220-40.wav	ทางด้านของคนขับรถยนต์นะฮะก็คือนายพาราดรศรีบัวอ่อน
102-102221-0.wav	อยากจะให้คุณผู้ชมรีบไปดูที่ท่องเที่ยวแห่งนี้เลย
102-102223-30.wav	ส่วนทางด้านนายประทีเพ็งตะโกอธิบดีกรมศิลปากรบอกว่า
102-102223-37.wav	และทับหลังจากปราสาทน้องหงษ์จังหวัดบุรีรัมย์
102-102224-0.wav	ทางตำรวจสภ.เมืองฉะเชิงเทรานะคะได้เข้าคุมตัวนายสุรฤทธภูลเฉลิม
102-102224-1.wav	บอลอายุยี่สิบเก้าปีหลังจากที่เขาได้ใช้อาวุธมีดดาบแทงคอนางสาวเนย
102-102224-9.wav	คำสารภาพของนายสุรฤทธภูลเฉลิมหรือนายบอลวัย29ปี
102-102224-10.wav	อ้างว่าที่ลงมือใช้มีดดาบแทงคอนางสาวเนยอายุ23ปี
102-102224-16.wav	อำเภอเมืองจังหวัดฉะเชิงเทราเมื่อตรวจสอบในห้องที่เกิดเหตุ
102-102224-26.wav	นางสาวเนยเคยทะเลาะกับนายบอลจนไปกระโดดแม่น้ำบางปะกงมาแล้ว
102-102224-32.wav	การก่อเหตุครั้งนี้ทำให้พ่อของนายบอลยอมรับว่าลูกชายทำเกินกว่าเหตุ
102-102224-54.wav	ทำให้พ่อของนางสาวเนยยังคงคาใจ
102-102224-66.wav	หลังตำรวจสภ.แปดริ้วรวบตัวนายสุรฤทธภูลเฉลิม
102-102225-11.wav	ก็ส่งตัวมาที่โรงพยาบาลบ้านนาแล้วนี่เขาเล่าให้ฟังได้นะนายอเนกเนี่ย
102-102225-3.wav	ถนนเส้นนี้สายบ้านวังน้ำวังไซนะคะที่อำเภอบ้านนาจังหวัดนครนายก
102-102226-4.wav	ขับไล่พลเอกประยุทธ์จันโอชาออกจากตำแหน่งนายกมนตรีนะครับ
102-102226-8.wav	มีกลุ่มของนายนัทวุฒิสายเกลืออดีตแก่นำนปชด้วย
102-102226-9.wav	มีกลุ่มคาร์ม็อบของนายสมบัติบุญงามอนงด้วยนะฮะ
102-102226-37.wav	นัดรวมตัวกันอีกครั้งก็คือ7สิงหาคมนะฮะแต่มีบางส่วนที่ยังไม่ได้เดินทางกลับนะครับ
102-102226-43.wav	ก็มีหลายจังหวัดที่มีความเคลื่อนไหวของคาร์ม็อบนะคะ
102-102226-52.wav	เรียกร้องให้กระจายวัคซีนโควิด-19ให้ทั่วถึงนะคะส่วนที่จังหวัดระยองค่ะ
102-102226-53.wav	ระยองหรือนายพานุวัฒน์จัดนอกก็มีคาร์ม็อบร้อยกว่าคันนะคะ
102-102226-54.wav	ก็มีการจอดปราศัยหน้าวัดเขาสัมเภาทองริมถนนสุขุมวิทอำเภอเมืองจังหวัดระยอง
102-102226-56.wav	ดอกไม้จันทร์ไปวางหน้าจวนผู้ว่านะคะจี้ให้นายสาธิตปิตุเตชะรัฐมนตรีช่วยว่าการกระทรวงสาธารณสุข
15-15026-31.wav	ผู้ต้องหาตามหมายจับฐานฟอกเงินเครือข่ายของนายวีระหมื่นจดา<Mark>
15-15026-46.wav	ซึ่งมีเป้าหมายสำคัญก็คือนางสุดาหามเจริญชัยกูลอายุ37ปี<Mark>
23-23491-88.wav	คุมตัวนายกัมปนาศหรือว่าบังดลกับนายเสริมศักดิ์ไปหาปืนที่ใช้ก่อเหตุ
23-23493-16.wav	ซึ่งกระทรวงท่องเที่ยวและกีฬานะคะก็จะหารือถึงการเล่นน้ำสงกรานในที่ประชุมในครั้งนี้ด้วยค่ะ
15-15026-51.wav	สิบสองจุดสิบสี่หมายจับด้วยกันนะคะซึ่งเป็นเครือข่ายของนายวีระหมื่นจดาลูกเคยของพันเอกจลอโบ<Mark>
15-15028-20.wav	แต่ก็เป็นเพราะว่าความเครียดจากงานแล้วก็บอกว่าของขวัญที่นางนราพรจันโอชาภรรยาของนายกรัฐมนตรีมอบให้<Mark>
15-15030-36.wav	ชีชุตินันเนี่ยเดินทางจาก<Mark>
23-23495-29.wav	เล่าให้ฟังบอกว่าจริงแล้วเนี่ยนายซูบินคลั่งแล้วถือปืนออกมาเดินรอบบ้าน
23-23495-34.wav	เช้าวันนี้ครับนายซูบินก็เดินถือปืนออกมารอบบ้านอีกครั้งหนึ่ง
23-23495-37.wav	จนกระทั่งนายวีรชัยขับรถผ่านหน้าบ้านนายสุบิน
23-23495-58.wav	จังหวะนี้นะครับจู่นายสุบินคนก่อเหตุเดินออกมา
23-23495-77.wav	ทีมข่าวของเราคุณบอมอภิวัตเดินทางไปที่บ้านของผู้ตายครับ
23-23495-94.wav	คิดมากเธอยืนยันว่าไม่ขออโหสิกรรมให้กับนายซูบินเด็ดขาด
23-23495-95.wav	และอยากให้นายสุบินตายตกไปตามกันกับสามีของเธอครับ
23-23495-97.wav	คุณบอมอภิวัตได้ไปคุยกับแม่ของผู้ก่อเหตุครับแม่ของนายสุบิน
15-15031-42.wav	เพราะว่ารถของคนร้ายไปจอดอยู่ที่อู่ซ่อมรถของนายสุวิทย์ตรีโพคา<Mark>
15-15031-45.wav	นายสุวิทย์เจ้าของอู่บอกว่าเมื่อวานตอนเย็นนายอักขพลเลิศพันธ์หรือในกั๊ก<Mark>
15-15031-57.wav	บอกว่าน่าจะเป็นนายอักขพลแน่เพราะว่าเห็นรถที่นายอักขพลใช้ในการก่อเหตุอยู่ที่อู่เขา<Mark>
15-15031-63.wav	ถ้านายอัธพลมีความชำนาญในเรื่องของการดัดแปลงปืนอะไรต่าง<Mark>
15-15031-69.wav	เหมือนกับนายอัธพลอ้างว่าผู้ตายไปจีบแฟนสาวของเขา<Mark>
23-23496-28.wav	ในมือนายสาโรธเนี่ยยังมีปืนอยู่นะจึงรีบช่วยกันพยุงร่างทั้งสองคนไปส่งโรงพยาบาลครับ
23-23496-35.wav	เมื่อไม่กี่วันที่ผ่านมาแต่แต่นายสาโรธเนี่ย
23-23496-6.wav	ริมถนนโรจนะอำเภอบางปะอินจังหวัดพระนครศรีอยุธยาครับ
15-15034-18.wav	ว่าการกระทรวงเกษตรและสหกรของนายนิวัตรศัลยกรรมธร<Mark>
102-102226-83.wav	เจ้าที่ก็ควบคุมสถานการณ์เอาไว้ได้ในพื้นที่จังหวัดสุราษฎร์ธานี
102-102227-24.wav	คุยกับนายกอบต.ผักแพลวค่ะท่านนายวรเทพวารินนะคะ
102-102228-9.wav	คุณผู้ชมไม่ต้องมาดูดิฉันไปดูไปดูเลยนะร้านนี้เนี่ยอยู่ที่แยกแม่กวงอำเภอสันทรายจังหวัดเชียงใหม่
102-102229-22.wav	แล้วก็เลยจับกลุ่มนายดะนุนันเลี้ยงสอนอายุ19ปีค่ะ
102-102229-23.wav	เอิร์ทอายุ17ปีและนายบิ๊กอายุ15ปี
102-102230-12.wav	ก็เพราะว่านายบรรหารศิลปะอาชา
102-102230-86.wav	พรรคชาติไทยนายบรรหารเป็นพักฝ่ายค้าน
102-102230-88.wav	ถามว่านายบรรหารดูดไหม
102-102230-95.wav	นายอภิษฎจะจัดตั้งพักเพื่อจะจัดตั้งรัฐบาล
102-102230-96.wav	ก็ดูดกลุ่มนายเนวินไงจำไม่ได้เลยครับ
102-102230-98.wav	กลุ่มนายเนวินได้กระทรวงมหาดไทย
102-102230-172.wav	กระทั่งปี54นางสาวยิ่งลักษณ์ได้เป็นนายกรัฐมนตรี
23-23466-196.wav	ซึ่งน่าจะหมายถึงนางจุ๋มออกรถให้เอ็ม
102-102230-196.wav	งบประมาณซึ่งเอาไปสามารถไปดลบันดาลโครงการต่างในจังหวัดคุณ
102-102230-251.wav	ทั้งกลุ่มโคราชทั้งจังหวัดสมุทรปราการทั้งจังหวัดวาดะทั้งหมดกลุ่มราชครู
102-102230-318.wav	ทีนี้คนที่ตั้งคำถามก็คือนายจาตุรนต์ฉายแสง
102-102236-52.wav	นายกจะเดินทางไปต่างประเทศก็ไปได้ใช่ไหม
102-102237-9.wav	เพิ่งจะเดินทางกลับมาจากประเทศสิงคโปร์
102-102238-0.wav	ที่เป็นสายพญานาคก็ตามดิฉันมาต่อเลยเพราะเดี๋ยวจะพาไปลอดพญานาคเสริมสิริมงคลที่วัดบางจากจังหวัดนนทบุรี
102-102240-0.wav	ไปต่อเนื่องที่จังหวัดลพบุรีกันต่อนะครับ
102-102241-0.wav	นายมีชัยรุชุพันธ์ประธานกรรมการร่างรัฐธรรมนูญ
102-102241-8.wav	จากรายงานบทสัมภาษณ์พิเศษของนายมีชัยกันค่ะ
102-102241-88.wav	คณะกรรมการร่างรัฐธรรมนูญจะเอาคนนอกมาเป็นนายกมนตรี
102-102246-11.wav	นี่คือนางบุญจันทร์คำสิงนอกอายุ49ปี
102-102246-17.wav	หลังจากสูญเสียลูกสาวเพียงคนเดียวในเหตุการณ์ที่นายประดิษฐ์แดงศรี
102-102246-24.wav	นางสาวจิราพรด้วยบรรยากาศค่ะโศกเศร้า
102-102246-26.wav	นายประภาษณ์ห้วยไทยสมลุงของผู้ตายเล่าเรื่องที่มันเศร้ามากกว่านี้นะคะ
102-102246-33.wav	นางสาวจิราพรณตอนนี้วันที่เสียชีวิตเนี่ยนะคะ
102-102247-8.wav	แต่ท่านที่เดินทางไปแล้วก็ไปบริเวณพื้นที่ท้องสนามหลวงในขณะนี้
102-102247-30.wav	เช่นเดียวกับนายโชคและนางศาสินพันธ์โสรัสกุลค่ะ
23-23500-17.wav	ผู้เสียชีวิตทราบชื่อคือนางสาววรวลันสังวิเศษอายุ31ปี
23-23500-18.wav	แม่ยายที่นั่งรถมาด้วยชื่อว่านางถวันรัฐธัญญาดีอายุ54ปีค่ะ
23-23500-19.wav	ส่วนผู้ก่อเหตุเป็นอดีตสามีของผู้เสียชีวิตก็คือนางสาววรวะลันนั่นเองค่ะ
23-23500-1.wav	เหตุการณ์นี้เกิดขึ้นที่อำเภอบังปะอินจังหวัดพระนครศรีอยุธยานะคะ
23-23504-0.wav	ครับแน่นอนนะฮะตัวเลขของผู้ติดเชื้อยังเพิ่มสูงขึ้นอย่างต่อเนื่องล่าสุดมีผู้เสียชีวิตหนึ่งรายครับเป็นนักดนตรีทำงานในกรุงเทพเดินทางกลับไปที่บ้านนะฮะที่มหาสารคามครับแล้วก็ไปเสียชีวิตที่บ้านคุณผู้ชมครับแต่ว่าเขาก็มีโรคประจำตัว
23-23504-118.wav	รวมไทยพัฒนาในอำเภอพบพระจังหวัดตากค่ะผู้นำหมู่บ้านเขาร่วมใจกันตั้งจุดตรวจคัดกรองคนเข้าออกในพื้นที่สิบห้า
102-102247-57.wav	สำหรับประชาชนที่จะเดินทางเข้ามาร่วมรับชมริ้วขบวน
102-102247-62.wav	ก็มีประชาชนเดินทางมาชมพระเมรุมาตรค่ะซึ่งทำให้การจราจรบางช่วงติดขัดนะคะ
102-102250-19.wav	และระดมเจ้าหน้าที่รักษาความปลอดภัยทั้งตำรวจและทหารมากกว่า900นาย
23-23504-153.wav	เพราะว่านายสมบัติชุมมณี
23-23504-18.wav	มีความใกล้ชิดกับผู้ป่วยที่ติดโควิด19ที่เดินทางกลับมาจากทำงานที่กรุงเทพตั้งแต่20มีนาคม
102-102251-13.wav	ลูกอีกคนนึงเสียฝ่ายชายเนี่ยก็เลยเดินทางไปรับศพลูกที่โรงพยาบาลเจ้าพระยายมราช
23-23504-191.wav	นายสมรเจ้าของอาสมที่ไปอ้างในคลิปว่า
102-102252-13.wav	ทราบชื่อภายหลังคือนางนภากรพฤกษประมูลเป็นเจ้าของบ้านมีเด็กด้วยนะคะ
102-102252-17.wav	สอบถามทราบว่าขณะเกิดเหตุนางนภาพรเจ้าของบ้านเป็นยายของเด็กทั้งสองคน
23-23504-1.wav	มีทั้งเรื่องของเบาหวานทั้งเรื่องของมะเร็งครับเพิ่งจะไปตรวจรู้ผลว่าตัวเองเป็นโควิด5วันหลังจากนั้นเสียชีวิตเลยครับไปดูความขึ้นหน้าของเรื่องนี้กันหน่อยต้องย้ำเตือนกันนะฮะสำหรับชาวมหาสารคามแล้วก็บุคคลที่เดินทางกลับจากกรุงเทพทุกคน
102-102255-60.wav	นางสาวอัญชาลีอายุ42ปีมาร้องกับนักข่าว
23-23504-2.wav	จากว่าสำนักงานสาธารณสุขจังหวัดมหาสารคามก็เนี่ยมีการโพสต์เฟซบุ๊คเอาให้ได้ชมกันเนี่ยนะบอกว่ามีผู้ป่วยโควิด19รายแรกของจังหวัดเสียชีวิตแล้วครับนะผู้ป่วยรายนี้เป็นชายอายุ48ปีทำงานเป็นนักดนตรีเขาเล่นดนตรีในร้านอาหารแถวปิ่นเกล้าแถวสิริราชคุณผู้ชมแล้วก็ออกจากกรุงเทพเนี่ย
23-23504-30.wav	เพราะว่าราชการจังหวัดสั่งยกระดับมาตรการคุมเข้ม
102-102255-72.wav	แล้วนางสาวพีก็ยืนยันว่าไม่ได้เป็นกิ๊กไม่ได้ไปโอ้โหไปทำเรื่องผิดศีลธรรมอะไรเลย
23-23504-34.wav	ท่องเที่ยวตามธรรมชาติสถานบันเทิง
102-102257-1.wav	ความคืบหน้าคำร้องของนายวัชระเพชรทองกรณียื่นให้วุฒิสภาเนี่ย
102-102259-27.wav	พื้นที่ตำบลปาฝาอำเภอเมืองจังหวัดร้อยเอ็ด
102-102259-46.wav	ทางจากจังหวัดศรีสะเกษเพื่อไปงานศพที่จังหวัดลำปางแต่พอมาถึงช่วงจังหวัดร้อยเอ็ดที่จุดเกิดเหตุนี่แหละ
23-23504-6.wav	แหล่งท่องเที่ยว20รายส่วนใหญ่ก็เป็นจังหวัดที่เป็นจังหวัดที่มีแหล่งท่องเที่ยวแหละ
23-23504-7.wav	คนเดินทางไปเยอะก็เลยพบผู้ติดเชื้อเยอะหน่อยนะครับในหลายหลายพื้นที่เขาก็มีการออกมาตรการคุมเข้มนะคะ
23-23504-8.wav	คือนอกจากว่าตอนนี้ประเทศไทยเราจะมีพรกรฉุกเฉินครอบเอาไว้แล้วเนี่ยแต่ละจังหวัดก็มีนโยบายของจังหวัดนั้นนะคะ
23-23505-15.wav	นายสรรเองก็ยอมรับสารภาพค่ะว่าต้องการทรัพย์สิน
23-23505-7.wav	ชื่อว่านายสันสิทธิชัยหรือว่านายแจ๊คอายุ39ปีนะคะ
102-102262-4.wav	นี่ค่ะนางหนูเพียรปู่ทาสวมเสื้อ
23-23508-21.wav	เจอนายคมรบเพ็งแจ่มอายุ62ปีคุณลุงเจ้าของบ้านค่ะ
102-102262-8.wav	ก็โผล่เข้ากอดลูกสาวนางสุพัตราปูทา
102-102262-13.wav	ตำรวจสภ.ช้างเผือกจังหวัดเชียงใหม่เขาประสาน
102-102262-14.wav	ให้นางหนูเพียรผู้เป็นแม่แล้วก็ญาติเดินทางไปพร้อมกัน
23-23512-19.wav	กรณีของนางสาวนิตยาสวัสดีวัน
102-102262-16.wav	ก่อนหน้านี้แม่ของนางสาวสุพัตราเนี่ยนะคะ
102-102262-24.wav	แล้วไปเจอเบาะแสว่านางสาวสุพัตราลูกสาวแม่เนี่ย
23-23512-95.wav	ทีนี้นายพัฒระดันัยนุ่มศรีนาฏ
102-102262-25.wav	มีการเคลื่อนไหวอยู่ในพื้นที่จังหวัดเชียงใหม่นู่นแน่
102-102262-30.wav	กระทั่งเช้าวันนี้ล่ะค่ะตำรวจสภ.ช้างเผือกเขาก็ตามจนเจอว่านางสาวสุพัตราเนี่ยอาศัยอยู่ในระแวกนั้น
102-102263-8.wav	พร้อมอ้างว่าระหว่างที่เดินทางมาศาล
102-102263-19.wav	ทางด้านของนายอภิชาติครัวเชื้อครับ
102-102263-20.wav	ทนายความความเปิดเผยว่าได้เตรียมเงินมาประกันตัว
102-102263-77.wav	เพียงแต่ว่าเราไม่ทราบว่ามีหมายจับมาเมื่อทราบเนี่ยครับเราก็รีบเดินทางกลับ
23-23517-11.wav	ตอนนี้ก็ตกเป็นผู้ต้องหาใช้ปืนยิงนายชาญศักดิ์อายุ35น้องชายแท้เสียชีวิต
23-23517-140.wav	แจ้งข้อหานายยอดชายฆ่าผู้อื่นโดยเจตนานะครับพรุ่งนี้จะพาคุมตัวไปฝากขังที่ศาลจังหวัดขอนแก่นนะฮะตำรวจก็แนะทางญาติว่าก็ให้เตรียมหลักทรัพย์ไปยื่นขอประกันตัวในชั้นศาลนะครับก็ต้องขึ้นอยู่กับศาลว่าจะอนุญาตให้ประกันตัวหรือไม่อย่างไรนะครับ
102-102264-56.wav	ส่วนอัยการค่ะนายขจรศักดิ์พุทธานุภาพ
23-23517-22.wav	พ่อกับแม่แบ่งให้นายยอดชายผู้ต้องหานะครับตอนนั้นนายยอดชายบอกว่า
102-102266-5.wav	จตุรพักตรพิมานจังหวัดร้อยเอ็ดไปเจอบ้านแล้วก็ลักษณะแบบนี้
102-102267-17.wav	สภาพศพของนายองค์อาจมีร่องรอยถูกของแข็งตีเข้าที่ศีรษะ
102-102268-33.wav	อะไรใหญ่ของจังหวัดของคุณในบ้านของคุณนะคะ
102-102269-9.wav	ลูกเขยก็คือนายประวิทย์อายุสามสิบเจ็ดปีบ้านเขาอยู่ติดกันน่ะนะคะ
23-23517-66.wav	เป็นของนายยอดชายตรงนี้เป็นที่ดินที่พ่อและแม่แบ่งให้ทั้งคู่
102-102269-22.wav	ไปคุยกับนางวรรณรัฐเธอก็พาไปดูสุนัขทั้งสองตัว
102-102269-32.wav	อมเบนี่แหละที่กัดลูกสาวกับลูกเขยของนางวรรณรัฐ
102-102269-43.wav	ต้องผ่าตัดนะคะนี่นะคะแล้วก็อยู่ที่โรงพยาบาลในพื้นที่จังหวัดปทุมธานี
102-102271-1.wav	จังหวัดชลบุรีมีอุบัติเหตุรถบรรทุกน้ำมันชนกับรถพ่วง18ล้อ
102-102271-10.wav	นายกิติเดชศรีจันทร์อายุ42ปีคนขับรถพ่วง18ล้อระบุว่า
23-23517-68.wav	ตัวน้องชายนายชันศักดิ์เนี่ยได้ไปตั้งสิบสามไร่แต่ว่าพี่ชายเขาไปทำมาค้าขายอยู่กรุงเทพ
23-23518-15.wav	เขื่อนเจ้าพระยาจังหวัดชัยนาทเพื่อเตรียมรับมือกับน้ำเหนือ
23-23518-20.wav	17กันยาลงพื้นที่ที่จังหวัดชลบุรี
102-102271-21.wav	สอบถามนายโอลานสมนึกอายุ45ปีคนขับรถบรรทุกคันหนึ่งทราบว่า
102-102271-25.wav	จังหวัดสงขลาเกิดอุบัติเหตุรถบรรทุกสินค้าเสียหลักพลิกตะแคง
23-23518-22.wav	แต่ตรงนี้เขาบอกว่าเป็นฐานที่มั่นสำคัญของนายสุชาติชมกลิ่นรัฐมนตรีแรงงาน
102-102271-38.wav	ใต้ท้องรถพบศพนางพรทิพย์เพชรคงอายุ61ปี
23-23518-29.wav	ตอนแรกจะไปสุโขทัยใช่ไหมสุโขทัยก็ฐานที่มั่นของนายสมศักดิ์เทพสุธินรัฐมนตรียุติธรรม
23-23518-41.wav	แล้วก็บำรุงรักษาบางบานจังหวัดพระนครสิทธิยาเพื่อเตรียมแผนในการรับมือกับ
102-102271-44.wav	อาศัยช่วงชุลมุนเดินทางไปพบพนักงานสอบสวน
102-102271-52.wav	และนางพรทิพย์ผู้ตายซึ่งเป็นญาติกันนั่งอยู่
102-102272-0.wav	อ่ะมาแล้วค่ะเรื่องของนายพุทธะค่ะ
102-102272-4.wav	พุทธหายไปเลยครับผู้ใหญ่บ้านที่อยู่ในพื้นที่ที่จังหวัดบุรีรัมย์
102-102272-6.wav	นายพุทธะนายพุทธะบอกว่าเดี๋ยวจะเข้าป่าเดี๋ยวจะธุดงค์เดี๋ยวจะไปเข้าป่าธุดงค์เนี่ย
102-102272-26.wav	เป็นเจ้าของชุมชนทะธรรมชาติที่อำเภอหลมเก่าจังหวัดเพชรบูรณ์นะคะ
23-23520-0.wav	มาดูเหตุการณ์รักเป็นพิษที่จังหวัดพิษสนุโลกค่ะ
102-102272-29.wav	หลังจากที่นายพุทธะเนี่ยซึ่งเป็นลูกศิษย์เนี่ยนะ
102-102272-58.wav	เรื่องราวของนายพุทธลูกศิษย์ของอาจารย์ชาเนี่ย
102-102272-87.wav	เคยไปปฏิบัติธรรมกับนายพุทธะ
102-102272-89.wav	ตอนนั้นนายพุทธะยังมีสำนักอยู่ศรีสะเกษ
102-102272-92.wav	ปฏิเสธแล้วไม่ได้รู้จักกับนายพุทธะ
102-102272-95.wav	แต่นายพุทธะก็ปฏิเสธนะ
23-23520-14.wav	นางสาวสุธิมนต์เมืองแผนถูกยิงด้วยอาวุธปืนลูกซองยาวที่กลางใบหน้าเลย
102-102272-97.wav	ส่วนสำนักของนายพุทธที่ศรีสะเกษ
102-102272-101.wav	แล้วนายพุทธะก็หายตัวไปนะครับ
23-23520-18.wav	นางสาวฟ้าเป็นเพื่อนของฝ่ายหญิงอยู่ในเหตุการณ์เล่าให้ฟังบอกว่าวันนั้นเธอกับเพื่อน
102-102272-103.wav	อาจารย์ชาบอกโอ้โหหมอปลากับพระมหาภัยวันบุกไปถึงสำนักของนายพุทธที่บุรีรัมย์เนี่ย
102-102272-112.wav	เป็นเจ้าอาวาสวัดวังหอมพุทธารามที่ตำบลวังอ่างอำเภอชะอวดจังหวัดนครศรีธรรมราช
102-102272-125.wav	ปฏิบัติธรรมพร้อมกับลูกศิษย์ที่อำเภอสุขสำราญจังหวัดระนอง
102-102272-131.wav	โปรเจกต์ชุมชนทะธรรมชาติที่อำเภอหลมเก่าจังหวัดเพชรบูรณ์
23-23521-24.wav	เดินทางกลับวงกลับบ้านปลอดภัยด้วยนะคะ
102-102272-139.wav	เขาก็เงียบหายอะไรของเขาไปจนกระทั่งมีข่าวเรื่องนายพุทธะ
102-102272-140.wav	ใช่ค่ะมีข่าวเรื่องนายพุทธอาจารย์ชาก็เลยโพสต์คลิป
23-23521-45.wav	ผู้ใดเดินทางไปใส่การเดินทางปลอดภัยด้วยค่ะ
102-102272-141.wav	พูดถึงนายพุทธะในฐานะเป็นลูกศิษย์ตัวเอง
102-102272-143.wav	คือนายพุทธะนี่เขาก็เคยบวชค่ะบวชแล้วก็สึกใช่ค่ะแล้วก็บอกว่าจะมาสร้างศาสนาใหม่อะไรของเขาเนี่ย
102-102272-151.wav	ทะธรรมชาติอำเภอหลมเก่าจังหวัดเพชรบูรณ์ก็เป็นที่พักของอาจารย์ชาหรือในชานะคะ
102-102272-153.wav	แม่ของนายพุทธะได้พามาบวชที่วัดที่เขาบวชอยู่นายพุทธมีปัญหาด้านสุขภาพ
23-23523-440.wav	จริงแล้วลุงเกิดจังหวัดอะไรครับ
102-102272-158.wav	ตอนบวชอยู่ด้วยกันนายพุทธะเป็นคนชอบหลีกวิเวก
102-102272-173.wav	ที่ออกมาปกป้องนายพุทธะก็เพราะมองว่า
102-102272-174.wav	นายพุทธะเนี่ยเป็นเพียงคนคนนึง
102-102272-179.wav	ถ้าเกิดจะมาช่วยนายพุทธะหรือว่าทำให้สังคมกระจ่างหรืออะไรเนี่ย
102-102272-198.wav	เพราะว่านายชาที่บอกว่าเป็นอาจารย์ของนายพุทธะเขาออกมาปกป้องลูกศิษย์
102-102272-202.wav	โดยหมอปลาบอกว่าเคยได้ยินชื่อเสียงของนายชามาก่อนว่าชอบอวดอุตริผิดหลักความเป็นจริง
102-102272-204.wav	เรื่องที่นายชาบอกว่าหมอปลาเป็นคนที่ไม่ได้มีจิตสัมผัสอะไรที่เห็นทั้งหมดคือการแสดง
102-102272-203.wav	ต่างกับนายพุทธที่เป็นลูกศิษย์นั่นแหละ
102-102272-220.wav	พระมหาภัยวันบอกว่าได้ฟังคลิปของนายชาจนจบแล้ว
102-102272-221.wav	ก็ไม่รู้ว่านายพุทธะเนี่ยจะเป็นสิทธิ์แท้หรือว่าสิทธิ์ปลอมของนายชานะ
23-23524-105.wav	เชิญป้าแอ๋วนะคะจากจังหวัดพิษณุโลกค่ะ
102-102272-223.wav	ออกมาบอกว่าเป็นอาจารย์ของนายพุทธะก็ไปหาข้อมูลสืบค้นข้อมูลดูจนอ๋อ
102-102272-243.wav	ก็ไม่เป็นไรอาจารย์ชาที่บอกว่าตัวเองเป็นอาจารย์ของนายพุทธะอีกที
23-23524-599.wav	ป้ารู้ไหมว่าจังหวัดที่ป้าอยู่พิษณุโลกเนี่ย
102-102272-244.wav	แล้วก็ออกมาปกป้องนายพุทธะนะก็ว่ากัน
102-102272-245.wav	แต่ทีนี้ตัวของนายพุทธะเองอยู่ไหนอยู่ที่ไหน
102-102272-248.wav	ทีมข่าวของเราบอกว่าลูกศิษย์ของนายพุทธะขอแถลงข่าว
102-102272-253.wav	ข้าวของเครื่องใช้ของนายพุทธะถูกเก็บออกไปนะคะ
23-23524-741.wav	ในวันนี้เราขอถ่ายของให้กับคุณสุธินจากจังหวัดพระนครศรีอยุธยาครับ
102-102272-259.wav	ทีมข่าวไปเจอกับนายกรกฎมุมกลางอายุ40ปี
102-102272-270.wav	ให้นายกรกฎที่เป็นลูกศิษย์แถลง
102-102272-280.wav	ขอขอบคุณหมอปลาขอขอบคุณพระมหาภัยวันที่อุตส่าห์เดินทางมา
102-102272-284.wav	อยากจะยุติเรื่องทั้งหมดนายกรกฎบอกว่าเนี่ยก็ผมแถลงแทนเลย
102-102272-301.wav	นี่ค่ะลูกศิษย์คนนี้ก็ยังเรียกนายพุทธว่าหลวงปู่นะคะแล้วก็เรียกว่าท่านนะคะ
102-102272-302.wav	แล้วก็ออกมาชี้แจงแทนแบบนี้อ่ะค่ะนายอัธพลเอี่ยมนางรองอายุสี่สิบปี
102-102272-310.wav	นี่นะคะแล้วนายอัฐพลก็บอกว่าข่าวที่ว่าหลวงปู่พุทธไปมีสัมพันธ์กับผู้หญิงจนมีลูกอ่ะ
102-102272-318.wav	คือมันผ่านมาแล้วแต่นี่เป็นเสียงสะท้อนจากผู้ชายสองคนที่เป็นลูกศิษย์ที่เลื่อมใสนายพุทธะนะฮะ
102-102272-323.wav	ไม่ได้เป็นที่ของนายพุทธะไม่ได้ขออนุญาตสร้างสำนักสงฆ์อะไรด้วยนะครับ
102-102272-325.wav	อยู่ในถ้ำหินเพลิงจุดที่นายพุทธะเข้ามาสร้างสำนักอยู่ตรงนี้ครับท่านผู้ชมครับ
102-102272-330.wav	แต่หลังจากนายพุทธมาปักหลักมาทำสำนักอยู่ตรงนี้
102-102272-333.wav	ก็เลยเชื่อว่าสงสัยนายพุทธะมาอยู่แล้วทุบทิ้งไปแล้ว
102-102272-334.wav	นี่นะครับคือนายพุทธะลงจากเขามาก็ได้นะฮะจะชี้แจงเพิ่มเติม
102-102272-336.wav	ไม่ได้บอกเรื่องนี้เผื่อนายพุทธดูไทยรัฐนิวโชว์อยู่
102-102272-343.wav	นายพุทธะเคยนั่งพูดคุยกับหมอปลาแล้วก็พระมหาภัยวัน
102-102272-356.wav	เพิงพักของนายพุทธะนะฮะที่ลูกศิษย์เขาเรียกอาศรมเนี่ย
102-102272-365.wav	แต่ตอนนี้หยุดหมดนะฮะหยุดไปโดยปริยายเพราะนายพุทธไม่อยู่
102-102272-366.wav	บริเวณลานหินขนาดใหญ่กลางสำนักเป็นจุดที่ตั้งรูปหล่อของนายพุทธขนาดใหญ่
102-102272-368.wav	นายพุทธะเคยนิมนต์พระมานิมนต์หลวงพ่อมาร่วมพิธี
102-102272-377.wav	ค่ะโอ้โหและรูปหล่อที่เป็นหน้าตาของนายพุทธะเนี่ยนะ
102-102272-380.wav	รูปปั้นต่างเหล่านี้ค่ะคือเป็นหน้าของนายพุทธะ
102-102275-15.wav	อำเภอเมืองจังหวัดนครราชสีมานะก็มีบรรดาผี
102-102275-36.wav	แต่เอาจริงนะหลายพื้นที่ในหลายภาคหลายจังหวัดของประเทศไทย
102-102276-16.wav	นี่คือนางสาวอารินดาอายุ29ปี
102-102276-57.wav	แล้วตอนที่มาฉีดก็เจอกับหมอปลอมเนี่ยนางสาวอารินดานี่แหละ
102-102280-0.wav	คุณผู้ชมครับและวินาทีต่อไปนี้นะครับเป็นวินาทีที่สำคัญที่จะตัดสินอนาคตครอบครัวของพ่อนพจากจังหวัดตากว่าจะได้รับทุนไปต่อชีวิตเท่าไหร่
102-102280-38.wav	ครอบครัวของพ่อนพจากจังหวัดตากได้รับทุนไปต่อชีวิต1000บาท
102-102280-77.wav	เอาละฮะครอบครัวของพ่อนพนะครับจากจังหวัดตาก
102-102280-126.wav	วันนี้ครอบครัวของพ่อนพจากจังหวัดตากนะครับ
102-102281-21.wav	สืบสวนจึงมั่นใจว่าขณะนี้นายสมชาย
102-102281-29.wav	ที่คนร้ายคือนายสมชายแก้วอ่อนโมสุรารวาส
102-102281-37.wav	ขณะที่ญาติของนายถาวรเขจรสายนะครับวันนี้ไปที่สภ.สำโรงเหนือนะครับ
102-102281-40.wav	พี่สาวของนายถาวรบอกว่าปกติแล้วนายถาวรไม่ค่อยพูดเรื่องที่ทำงานให้ฟัง
102-102281-38.wav	ไปขอเอกสารแล้วก็ติดต่อรับศพนายถาวรที่สถาบันนิติเวช
102-102281-44.wav	นิสัยของนายถาวรปกติเป็นคนเงียบขรึมไม่ค่อยพูด
102-102281-47.wav	ก็พอรู้ข้อมูลมาจากที่ทำงานว่านายถาวรโทรศัพท์ไปฟ้องหัวหน้า
102-102281-48.wav	นายสมชายแก้วอ่อนที่หายตัวไปเนี่ยชอบดื่มเหล้าขณะปฏิบัติหน้าที่
102-102281-50.wav	พี่สาวของผู้ตายยังบอกว่าที่นายถาวรไปฟ้องหัวหน้างานก็เพราะว่า
102-102281-55.wav	ด้านนายทองดาวงเสนาเป็นเพื่อนร่วมงานนะคะ
102-102281-57.wav	ถาวรผู้เสียชีวิตกับนายสมชายผู้ต้องหาเนี่ยนะคะ
102-102281-60.wav	นายจ้างก็เลยบอกนายถาวรว่าไปบอกสมชายหน่อยว่าต้องเกษียณอายุการทำงานแล้วนะไม่ต้องมาทำงานแล้วนะ
102-102281-64.wav	ถาวรก็เลยโทรศัพท์ไปบอกหัวหน้ารปภ.ให้หาคนมาช่วยกันห้ามก็เลยยิ่งทำให้นายสมชายไม่พอใจ
102-102281-65.wav	สองคนนี้เขาเลยมีปากเสียงกันนะคะระหว่างนายสมชายกับนายถาวรเนี่ยมีปากเสียงกันถึงขั้นชกต่อยกันด้วยนะ
102-102281-72.wav	เรียกเจ้าหน้าที่มาตรวจสอบเปิดดูอ้าวเป็นศพของนายถาวร
102-102286-20.wav	ด้านนายสุวพันธ์ตันยุวัฒนารัฐมนตรีประจำสำนักนายกรัฐมนตรี
102-102288-0.wav	ไปดูเหตุการณ์ที่จังหวัดชลบุรีนะคะมีรถบรรทุกน้ำมันบนมอเตอร์เวย์ค่ะ
102-102288-30.wav	อุบัติเหตุที่เกิดขึ้นทำให้นายสุริยาพิมพาอายุ42ปี
102-102289-22.wav	คณะลงพื้นที่จังหวัดขอนแก่นไปติดตามสถานการณ์น้ำท่วม
102-102292-61.wav	และล่าสุดครับนายสุนทรเปิดใจกับทีมข่าวเลยนะว่า
102-102294-20.wav	นางเพิ่งไปถ่ายแบบมีซิกแพค
102-102294-33.wav	นางก็แฮปปี้ของนางนะน่ารักดี
102-102294-58.wav	เดินทางมาที่หน่วยตรวจคัดเลือกห้องประชุมโรงเรียนวัดดีสลานุการามค่ะ
102-102294-66.wav	เร็วนะคะก็สมัครนะคะที่อำเภอเสาให้นะคะจังหวัดสระบุรีนะคะ
102-102296-0.wav	อยู่กันยากจริงเลยติดยามาตั้งหลายข่าวมาเจอข่าวนี้ที่จังหวัดเลย
102-102296-11.wav	นางสาววิไลวันงามดีอายุ43ปีชาวบ้านชุมชนบ้านติ้วเนี่ย
102-102297-4.wav	มีชั้นบนด้วยเป็นบ้านของนางสาวมายุรินอายุห้าสิบเก้าหกปีครับ
102-102297-6.wav	อำเภอเมืองจังหวัดพะเยาพอดับเพลิงจนสงบแล้วครับ
102-102298-3.wav	เช้าวันนี้ใครที่จะเดินทางท่องเที่ยววางแผน
23-23527-11.wav	ที่บ้านเกาะบรเพชรที่อำเภอวิเชียนบุรีจังหวัดเพชรบูรณ์
23-23527-16.wav	ตัวนายสุริยะเดินออกมาเองมาถึงบ้านได้อย่างปลอดภัย
102-102299-13.wav	นับแสนตัวที่บุกเข้าไปในบ้านของนางสาวเนธดาวสากร
23-23528-503.wav	คดีฆาตกรรมในส่วนเรื่องเกี่ยวข้องเนี่ยก่อนที่นายพระธิดาก็ต้องยื่นถอนฟ้องไป
23-23528-667.wav	ลงคะแนนเสียงยังเป็นเอกฉันให้กับนายศรีจิ้นผิง
23-23531-34.wav	นี่เป็นข้อมูลจากทางด้านนายกอบตสาครูแล้วก็หัวหน้าแผนกปฏิบัติการทางน้ำ
23-23531-3.wav	เจอเบาะแสแจ้งได้เลยโรงพักในพื้นที่จังหวัดภูเก็ต
23-23534-133.wav	แล้วก็ผู้ที่เป็นอยู่กับตัวท่านนายกรอบเนี่ย
23-23536-21.wav	รองประธานกลุ่มท่องเที่ยวดอยพาหมีบอกว่า
23-23536-24.wav	ซึ่งพามีก็อยู่ตรงมวยผมของดอยนางนอนนั่นเองครับ
23-23536-26.wav	แล้วเราอยู่ปลายของถ้ำของนางนอนนะคะ
23-23536-69.wav	โดยผาหมีเดินทางสะดวกห่างจากตัวอำเภอแม่สาย7กิโลเมตร
23-23536-7.wav	กิจกรรมโลชิงช้าคือการละเล่นที่เป็นจุดขายของดอยผาหมีอเภอแม่สายจังหวัดเชียงรายครับ
102-102302-9.wav	ตำบลซึ้งอำเภอขลุงจังหวัดจันทบุรีไว้ได้
102-102302-38.wav	เรื่องนี้นะคะทีมข่าวก็ไปสอบถามจากนางเพนทิวามะลิผล
102-102306-26.wav	จากการที่บ้านของนางทวีบุญทวี
23-23538-9.wav	น้องเนี่ยเรียนอยู่ที่โรงเรียนบ้านอาขุนตำบลกระโพอำเภอท่าตูมจังหวัดสุรินทร์
102-102308-0.wav	คุณผู้ชมครับวันนี้ภรรยาของนายนาจิปราศักดิ์
102-102308-19.wav	สัปดาห์หลังจากที่นายนาทิพย์ถูกเรียกตัว
102-102308-23.wav	โดยในตอนนี้นายนาทิพย์ถูกตั้งข้อหามากถึง32ข้อหา
102-102308-35.wav	ส่วนชะตากรรมของนางลอสมามีความเป็นไปได้ว่า
102-102308-39.wav	ชีวิตของนายนาจิปนางลอสมาและครอบครัว
102-102308-44.wav	ก่อนจะมีปฏิบัติการตรวจค้นที่พักของนายนาจิปครั้งใหญ่
102-102310-18.wav	นายเกียรติอรันวันใสอายุ30ปีสามีของผู้ตาย
23-23550-12.wav	อำเภอกันธรรลักษณ์จังหวัดศรีสะเกษ
102-102313-25.wav	พลตำรวจตรีไพศาล วงศ์วัชรมงคลผู้บังคับการตำรวจภูธรจังหวัดนนทบุรี
102-102315-0.wav	ต่อกันที่นายสังเวียนบุญโตนะคะรักษาการผู้ว่าการการกีฬาแห่งประเทศไทยค่ะ
102-102315-1.wav	พร้อมด้วยนายสันติตันแสงวิลัยนะคะนายกสมาคมการค้าเครื่องกีฬา
102-102315-10.wav	โครงการบ้านวติรัฐอำเภอไทรน้อยจังหวัดนนทบุรีค่ะ
23-23550-17.wav	ก็เลยทำให้ทางครอบครัวนางสาวจุธาพรตอนนี้
23-23550-1.wav	การหายตัวไปของผู้อำนวยการกองการศึกษาอบตชำที่จังหวัดศรีสะเกษ
102-102316-4.wav	เหนือเขาก็มีน้ำตกสวยให้ไปท่องเที่ยว
102-102316-10.wav	อำเภอเชียงม่วนจังหวัดพะเยาเจ้า
23-23550-56.wav	กระทั่งตอนเช้าค่ะก็แจ้งว่าตอนนี้นางสาวจุธาพรคิดถึงลูกสาวมาก
102-102319-0.wav	คุณผู้ชมดูความคืบหน้าคดีนี้ค่ะที่มีนายอันนันต์แสงอุไรอายุ66ปี
102-102319-3.wav	แต่นายอันนันต์คนนี้ไม่ได้เสียชีวิตเพราะไฟไหม้อย่างเดียว
102-102319-6.wav	คนร้ายลากร่างของนายอนันต์ไปทิ้งเอาไว้ในบ้านที่ไฟกำลังลุกไหม้
23-23550-6.wav	กว่า1เดือนที่ผ่านมาครอบครัวของนางสาวจุธาพรอุ่นอ่อน
102-102319-11.wav	โดยได้มีการประสานลูกสาวของนายอนันต์ให้เปิดบ้านเข้าไปทำแผน
23-23550-8.wav	อำเภอกันทรลักษณ์จังหวัดศรีสะเกษ
102-102319-15.wav	แต่เขาบอกว่าเขาไม่ได้ไปขโมยทรัพย์สินของนายอนันต์นะคะ
102-102319-16.wav	แต่เหมือนกับไปทวงเหมือนกับพระอะค่ะไปทวงพระจากนายอนันต์
102-102319-17.wav	แล้วก็ทะเลาะกันสุดท้ายโมโหแล้วก็รัดคอนายอนันต์
102-102319-23.wav	ก็คือขอถ่ายพระเครื่องคืนจนสุดท้ายบีบคอนายอนันต์
23-23551-106.wav	เวลาประมาณ2นาฬิกาจึงพากันทยอยเดินทางกลับบ้านเพื่อไปพักผ่อน
23-23551-13.wav	เพื่ออำพลางคดีที่จังหวัดพังงานะครับ
102-102321-15.wav	ชาวบ้านที่เห็นเหตุการณ์บอกว่าก่อนหน้านี้เนี่ยเห็นนายรัชพลผู้ตายเขาขี่จักรยานยนต์มาจากทางสี่แยกคลองตัน
23-23551-15.wav	พบตรนั้นสามารถจับกลุ่มคนร้ายได้แล้วก็เดินทางมาที่บ้านของผู้เสียชีวิต
102-102321-21.wav	คุณสุดปรีดามหายศผู้สื่อข่าวของเราก็ได้คุยด้วยนายทองใสยังตกใจอยู่เลยนะฮะ
15-15034-26.wav	แต่การประกาศจุดยืนที่ผ่านมาของนายนิวัฒน์<Mark>
15-15034-31.wav	ที่สุดแล้วนายนิวัตรจะลาออกจากตำแหน่งรัฐมนตรี<Mark>
102-102321-43.wav	ขับรถดีมากขับช้าค่อยค่อยขับเจอกับเหตุการณ์แบบนี้ก็สงศาลนายทองใสนะ
102-102321-44.wav	ทองใสคงตกใจก็นายทองใสคงมองไม่เห็นจริงจริงอ่ะ
23-23551-5.wav	แล้วก็นำตัวไปควบคุมไว้ที่ร151อำเภอคลองท่อมจังหวัดกระบี่
102-102322-41.wav	แล้วก็ที่ขาดไม่ได้เด่นของจังหวัดบุรีรัมย์
23-23551-75.wav	บัตรประชาชนของนางอัญชรีน้องภรรยาผู้ใหญ่บ้าน
23-23551-7.wav	รายงานสดมาจากจังหวัดกระบี่เชิญครับ
102-102325-11.wav	ครองสารเพชรตำบลหนองหัวแร็ดอำเภอหนองบุญมากจังหวัดนครราชสีมานะคะ
102-102331-54.wav	พอจะรู้อยู่บ้างว่าเหมือนกับนายน้อยคนก่อเหตุ
102-102331-61.wav	นายน้อยไปมาหาสู่กับเจนีอยู่เป็นประจำ
102-102331-62.wav	คาดว่าสาเหตุที่ทำให้นายน้อย
23-23556-15.wav	นายพิสุทธิ์สิริจันโสดา
23-23556-28.wav	ตำรวจต้องเอากำลังตำรวจมาเป็นร้อยนาย
23-23557-10.wav	คนขับเนี่ยทราบชื่อว่านายทิติวัฒน์นะคะ
102-102331-75.wav	ต้องตรวจสอบนะฮะจังหวะการเดินของนายน้อยหลังจากก่อเหตุแล้วยังเดินเป๋
23-23557-20.wav	คือนายทิติวัฒน์เป็นคนขับชาวจังหวัดพิษณุโลก
23-23557-5.wav	เหตุการณ์เกิดขึ้นที่ถนนดอนศรีนนท์แหลมประดูนะคะที่อำเภอบ้านโพจังหวัดฉะเชิงเทรา
102-102333-96.wav	ใช่ช่วงนี้หลายคนหลายจังหวัดก็ไปทอดกฐินกันนะ
102-102334-61.wav	เดินทางมาถึงโอ้ต้องมาเลือกตัวเองเข้าทำงาน
102-102338-35.wav	นายจีรุษวิสานจิตอธิบดีกรมเจ้าท่าเปิดเผยว่า
23-23559-29.wav	ส่วนพฤติการที่นายสาธาดาล่อลวงนางสาวเอไปดื่มกินที่สถานบันเทิงจนเกิดอาการมืนเมาเนี่ยนะคะ
23-23559-2.wav	หลังนี้ไปกบดานถึงจังหวัดเพชรชบุรีนะครับเมื่อกลางดึกที่ผ่านมาตำรวจก็มีการนำตัวนายสาธาดาบัวทองหรือว่าท็อปอายุยี่สิบแปดปีนะครับ
23-23559-30.wav	นายสาธาดาบอกว่าไม่ขอให้การใดในชั้นพนักงานสอบสวนจะขอให้การในชั้นศาลเท่านั้นค่ะ
23-23559-31.wav	กระทั่ง10โมงเช้าที่ผ่านมาพนักงานสอบสวนสนตลิ่งชันให้นายสาธาดาเซ็นบันทึกการจับกลุ่มแล้วก็นำตัวนายสาธาดาไปฝากขังต่อสารจังหวัดตลิ่งชัน
23-23559-36.wav	เพราะว่าญาติมองว่านายท็อปนั้นไม่ได้มีพฤติการหลบหนีนะครับ
23-23559-37.wav	อีกทั้งการจับกลุ่มในครั้งนี้ก็เป็นการมอบตัวต่อตำรวจที่จังหวัดเพชรชบุรีเอง
102-102346-19.wav	ข้างมีนางคำพันธาจันดาภรรยานั่งจับมือน้ำตาคลออยู่ตลอดเวลา
102-102346-29.wav	ภรรยาของผู้ตายนางคำพันธ์เล่าบอกว่า
23-23559-39.wav	เพราะตำรวจยืนยันข้อหาที่นายท็อปหรือว่านายศาสดากระทำเป็นโทษสถานหนัก
23-23561-15.wav	โดยนายบรรยงยอดแก้วหัวหน้าหมวดทางหลวงเศรษฐกิจแขวงทางหลวงสมุทรสาครกรมทางหลวง
23-23562-27.wav	็อกแรกก็คือลดจำนวนจังหวัดที่เป็นแดงเข้ม
102-102349-8.wav	นายกมลดิตสมุทรโคจรรองกรรมการผู้จัดการ
102-102351-5.wav	ตำบลกึ๊ดช้างอำเภอแม่แตงจังหวัดเชียงใหม่
23-23562-30.wav	ส่วนจังหวัดสีส้มจาก11ให้เพิ่มเป็น20
23-23563-0.wav	ไปดูเหตุจักรยานยนต์บอมที่เกิดขึ้นที่จังหวัดสงขลากันหน่อย
23-23563-10.wav	ในพื้นที่หมู่2ตำบลสบาย้อยอำเภอสบาย้อยจังหวัดสงขลา
102-102352-9.wav	จังหวัดศรีสะเกษต่อในวันเดียวกันด้วยนะคะ
102-102352-33.wav	แล้วก็มอบให้กับโรงพยาบาลวารินชำราบจังหวัดอุบลราชธานี
102-102354-21.wav	เรื่องนี้ครับนายนิกรศรีวงเจ้าของร้านแพรไอซี่บอกว่า
102-102354-75.wav	ตำบลยางอำเภอศรีขอรภูมิจังหวัดสุรินทร์ค่ะ
23-23563-38.wav	มีนายเจษฎากรศรีจันทร์ประหลัดอำเภอสบาย้อยเป็นหนึ่งในนั้นด้วย
102-102354-85.wav	นางรำภัยรำพินีนินนะคะหลานสาวผู้เสียชีวิต
102-102354-101.wav	และด้านนางกรธิดาบุญสุข้าราชการครูบำนาญบอกว่า
23-23563-56.wav	เจ้าหน้าที่เชื่อว่าคนร้ายน่าจะเป็นเครือข่ายของนายรอสรีหลำซก
23-23563-57.wav	นำก่อความไม่สงบที่เคลื่อนไหวในพื้นที่จังหวัดสงขลาสั่งการมา
102-102354-166.wav	ชาวบ้านหมู่4ตำบลทุ่งไซทองอำเภอลำทัพจังหวัดกระบี่บอกว่า
23-23566-197.wav	ในส่วนเมืองของแต่ละจังหวัดให้ตรงกันการกระจายครูที่มีความรู้ความเชี่ยวชาญ
102-102356-3.wav	ซึ่งมีนางสุพัทธาจันทรรังศรีเป็นประธานกรรมการครับ
23-23568-20.wav	นายนัตวิทย์สวนเสน่หรองนายกเทศมนตรีตำบลเกรดชายโย
102-102359-14.wav	นายประทีบเองชวนผู้อำนวยการสำนักงานนิคมอุตสาหกรรมบางปู
102-102362-19.wav	เช่นเดียวกับที่วัดภูตภาวทองตำบลกุฎหมากไฟอำเภอหนองวัวสอดจังหวัดอุดรธานีค่ะ
102-102362-78.wav	จ้างวงกลองยาวพร้อมกับนางรำไปแสดงแก้บนไอ้ไข่วัดครอง2
23-23568-7.wav	หมู่5ที่ตำบลเกรดชายโยอำเภอชายโยจังหวัดอ่างทอง
102-102362-83.wav	พาไปดูเสือที่คุ้มเสือตรการที่อำเภอแม่ริมจังหวัดเชียงใหม่
102-102362-112.wav	แล้วก็มามอบให้กับนางอัญชาลีกัลละมาพิจิตรเจ้าของสถานที่เดือดช้างแห่งนี้
102-102364-1.wav	ฉันจะพาไปดูการประกวดที่ตาสที่สุดของจังหวัดนนทบุรี
102-102366-0.wav	ส่วนการเสียชีวิตของนายชวีอินทระยุติธรรมจังหวัดพังงา
102-102366-6.wav	จากกรณีที่หญิงสาวลวงนายชวีอินทระเจ้าหน้าที่ยุติธรรมจังหวัดพังงาอายุ57ปี
102-102366-10.wav	ด้านนางสาวอนุอินทระอายุ50ปีน้องสาวของนายชวีบอกว่า
102-102366-13.wav	แต่เชื่อว่าลึกแล้วน่าจะมาจากเรื่องของหน้าที่การงานที่พี่ชายทำอยู่ที่จังหวัดพังงา
102-102366-27.wav	แล้วก็อาจจะเป็นอิทธิพลที่เกี่ยวข้องกับนายชวีอินทระ
102-102366-30.wav	การขัดผลประโยชน์การทำบ่อทรายในจังหวัดพังงา
102-102366-32.wav	เรื่องต้นพบว่าในส่วนของการทำงานของนายชวีตามตำแหน่งหน้าที่
102-102366-34.wav	แล้วก็จากการตรวจสอบการทำงานของนายชวีที่ผ่านมาพบว่า
102-102367-1.wav	โดยตำรวจกองปราบปรามได้บุกไปจับกลุ่มพระในจังหวัดอุดรธานี
102-102370-20.wav	ที่จะเดินทางไปกับสูตรการจัดตั้งรัฐบาลแบบนี้
102-102372-28.wav	พนันส่วนใหญ่ชาวบ้านก็มาพระจากจังหวัดใกล้เคียง
102-102374-2.wav	คราวนี้จะพาไปดูการแข่งขันเรือยาวที่จังหวัดนครนายก
102-102374-37.wav	ก็เป็นกิจกรรมดีกิจกรรมน่ารักที่ชาวตำบลท่าช้างจังหวัดนครนายกเขารวมกันจัดขึ้นมา
102-102376-10.wav	ของนายพระฤทธิวารักษ์หรือว่าแพนกวินแก่นำกลุ่มแนวร่วมธรรมศาสตร์และการชุมนุมที่บอกเอาไว้
102-102378-15.wav	ชื่อนายวิโรธสุภาแดนหรือชื่อเล่นชื่อหนึ่ง
102-102380-14.wav	ผู้สื่อข่าวเดินทางไปที่วัดธรรมธีรารามหรือว่าวัดป่าหลังโรงเลื่อยซึ่งเป็นวัดที่พระทั้งสองรูปถูกฉีดน้ำเนี่ยนะคะ
102-102381-13.wav	เดือดเลยนะนี่โทรไปหาตามเบอร์ของนายเอกเลยนะในเอกเขารับสายนะครับ
102-102381-39.wav	ก็คือนายวัชรพลศรีอวนเนี่ยในเอกเนี่ยก็เคยไปขอคำปรึกษาต่าง
102-102381-49.wav	คือให้โอกาสคือยังไม่แจ้งความเพราะนายเอกเขาบอกเดี๋ยว11พฤษภาคมเขาจะมาเคลียร์เจอกันที่สภ.นาดี9โมงเช้า
102-102381-57.wav	ถ้านักขนาดนี้ก็ทำตัวแบบนี้เนี่ยตอนนี้ไม่ได้เป็นลูกน้องแล้วแล้วถ้ายังทำตัวแบบนี้อีกก็ไม่ช่วยเหลืออยู่แล้วแล้วตัวนายเอกเองก็มีปัญหาเรื่องเงินบ่อยมีปัญหาเรื่องผู้หญิงมาตลอดตัวของสจป๋องบอกว่าผมก็ไม่รู้ว่าตอนนี้ในเอกเขาไปหลบอยู่ที่ไหนยังไงถ้าฟังข่าวอยู่ออกมารับผิดชอบแบบลูกผู้ชายจะดีกว่าถ้าคุณจะอยู่ยังไงในสังคม
102-102383-16.wav	มันหลงมาอยู่ที่ร่องระบายน้ำหลังศาลพระภูมิที่ท้ายหมู่บ้านแห่งหนึ่งในอำเภอสัตหีบจังหวัดชลบุรี
102-102383-19.wav	จนกระทั่งนายวิชัยคำสิริรักษ์แสดงตัวเป็นเจ้าของหมา
102-102384-50.wav	เขาชื่อนายสุริยาวีรสุชาตินะเป็นสามีของคนเจ็บ
23-23569-25.wav	และปิดท้ายที่ประชาชนชายหญิงประเภทกอดที่จังหวัดศรีสะเกษนะครับ
102-102385-7.wav	อยู่ที่หมู่4ตำบลขามเท่าอำเภอเมืองจังหวัดนครพนม
23-23573-3.wav	เขาบอกว่าเมื่อคืนพี่นางดูข่าวใส่ไข่ลีลาน
23-23574-13.wav	เร่งค้นหาร่างของนายสิริแต่เมื่อวานนี้ยังไม่พบค่ะ
102-102387-8.wav	มีทั้งนางเอกนางร้ายนะโดนกันเกือบหมดเลย
102-102388-9.wav	ทีมข่าวไปสอบถามนายกฎกิติพัฒน์ภูแย้มใส
23-23574-28.wav	ขณะที่นายวรวิทย์ขุนต่างตายุ37ปี
102-102390-4.wav	จะไปช่วยลูกที่จังหวัดขอนแก่นคุณผู้ชมนักข่าวก็ลงไปดูนะฮะ
102-102390-14.wav	ที่อำเภอฝางจังหวัดขอนแก่นใช้มีดฟันหัวและทำร้ายร่างกาย
102-102390-19.wav	ระหว่างเดินเท้ากลับบ้านถูกนายบุ๋มนายโจกับนายหมูดักทำร้าย
102-102391-1.wav	เมื่อวานนี้เรานำเสนอกลุ่มวัยรุ่นที่จังหวัดกาฬสินธุ์
102-102391-25.wav	นามูลจังหวัดกาฬสินธุ์บ้านป่าเมืองเทือน
23-23574-5.wav	กรณีที่มีคนร้ายใช้อาวุธปืนยิงนายสิรินุ้ยสุด
23-23575-0.wav	คุณผู้ชมไปดูงานหนักของตำรวจที่จังหวัดสุรินทร์ค่ะ
102-102392-4.wav	เป็นการท่องเที่ยวเชิงนิเวศนะอยู่ที่ไหนที่จังหวัดระนองตำบลม่วงกลวงค่ะ
23-23575-14.wav	รองผู้บังคับการตำรวจภูธรจังหวัดสุรินท
102-102393-23.wav	ขอให้เราเดินทางไปด้วยกันเคียงข้างกันจับมือกันแน่นอย่างนี้
102-102394-12.wav	นายวีระนัทภูมิคำสุยะชื่อเล่นชื่ออูอายุ21ปี
102-102394-16.wav	คือนี่ฮะนายอู๋นี่สารภาพว่าทำคนเดียวนะ
102-102394-22.wav	บอกว่าออกอุบายว่าจ้างรถของนางเกดยุคลโชเฟอร์หญิงวัย50ปี
102-102394-31.wav	ตัวของนายอู๋ยอมรับว่าติดยาเสพติดแล้วก็มีอาการหลอนและคลั่งยาเสพติด
102-102394-87.wav	คืออดีตพ่อตาของนายอู
102-102394-117.wav	นายอู๋วางแผนให้เขามารับแล้วก็ไปฆ่าชิงรถเอารถเขาไปขาย
102-102394-138.wav	ผู้โดยสารเนี่ยจะเป็นผู้หญิงให้ไปรับที่แฟลตปลาทองในจังหวัดปทุมธานี
102-102394-139.wav	ซึ่งก็คือนายอู๋นั่นแหละนะเป็นคนที่ล่อลวงนะครับ
102-102394-146.wav	กระทั่งไปติดตามจับกลุ่มตัวในอู่ได้พร้อมกับควบคุมตัวแฟนสาวของนายอู่ได้ด้วย
102-102394-148.wav	พร้อมกับคนที่ซื้อรถจากนายอู
102-102394-177.wav	ณขณะนี้นะฮะเพราะว่ามีหลักฐานก็คือไปรับเงินจากนายอู๋ก็เป็น
102-102394-182.wav	นำตัวไปฝากขังต่อศาลจังหวัดนนทบุรีขณะเดียวกันนะครับท่าน
102-102394-218.wav	คือลูกสาวของผู้ตายบอกว่าพฤติกรรมของนายอู๋เนี่ยเชื่อเลยว่า
23-23580-0.wav	ตำรวจงงในงงเพราะว่าไปเจอผู้ชายคนหนึ่งจังหวัดเลยฮะ
102-102395-8.wav	ตอนเดินทางกลับไทยแล้ว300กว่าคนขีดความสามารถนำคนไทยกลับมาต่อวันอยู่ที่ประมาณ800คนครับและยังเพิ่มได้อีก
102-102395-36.wav	วันนี้ที่อำเภอหนองสองห้องจังหวัดขอนแก่นเมื่อช่วงบ่ายโมงที่ผ่านมาค่ะ
23-23580-16.wav	นี่คือภารกิจของตำรวจภูธรด่านซ้ายจังหวัดเลยไปคุมตัวยุทธนาชัยสิงพาอายุ42ปี
102-102395-51.wav	อีก1ชั่วโมงต่อมาญาติพี่น้องของนายพิชิตนาจันทร์
102-102395-57.wav	มีแพทย์เดินทางมาดูแลนะคะของญาติพี่น้องของทั้งสองคน
102-102395-59.wav	ขณะที่ครอบครัวของนายคมกริจชมบัวค่ะ
23-23581-31.wav	นี่ฮะบริเวณโครงการก่อสร้างถนนแพร่กษาอำเภอเมืองจังหวัดสมุทรปราการนะครับ
23-23582-16.wav	ซึ่งในจำนวนนี้มี2ตายายก็คือคุณตานายอุดมสิริสร
23-23582-17.wav	คุณยายก็คือนางแดงสองสามีภรรยานะคะที่ถูกจับกลุ่มในคดีบุกรุกเข้าไปยึดถือครอบครอง
102-102390-16.wav	ลูกชายคือนายชัชวานอายุยี่สิบปีมูลเหตุมันเกิดขึ้นตั้งแต่ยี่สิบเก้าธันวาคม
102-102384-39.wav	สี่กันยายนการไฟฟ้าส่วนภูมิภาคเขตสามภาคตะวันออกเฉียงเหนือจังหวัดนครราชสีมา
23-23583-56.wav	สมัครใจเข้าร่วมโครงการค่ะโดยมีนายนิมิตรทัพพวาน
102-102399-30.wav	ชื่อว่านางซิงหลิวชาวจีนสัญชาติไทยนะคะ
102-102399-44.wav	ปมเหตุมาจากความเครียดสะสมของนายเควินเองนั่นแหละค่ะ
102-102399-50.wav	ตอนเกิดเหตุนายเควินยอมรับสารภาพว่าดื่ม
102-102399-58.wav	จริงแล้วสิ่งที่นายเควินพูดใช่หรือเปล่า
23-23583-63.wav	ที่วัดราชนิยมธรรมหรือว่าวัดคลอง4หมู่12ตำบลบางปลาในอำเภอบางพลีจังหวัดสมุทรปราการ
23-23583-65.wav	โดยมีประสบกรณิกรชาวจังหวัดสมุทรปราการเข้าร่วมบวชพระ13รูปและสามเณรจำนวน3รูป
23-23583-70.wav	พระบาทสมเด็จพระปรมินทรมาฮาภูมิพลอดุลยเดชเคยเสด็จพระราชดำเนินไปวางแผนงานให้ชาวจังหวัดสมุทรปราการหลายต่อหลายครั้ง
23-23583-71.wav	ให้ผ่านพ้นวิกฤตไปได้ทุกครั้งตัวเองและชาวจังหวัดสมุทรปราการ
23-23584-0.wav	อีกหนึ่งคลิปนะคะเป็นคลิปที่เกิดขึ้นที่จังหวัดระยองค่ะ
102-102400-132.wav	นี่เป็นภาพของเจ้าหน้าที่ที่ไปทำความสะอาดให้นางบุญธิดาอัคราอายุสี่สิบแปดปี
102-102401-408.wav	นางแก้วธรรมะดีใจสุดขีดจึงร้องขึ้นว่า
23-23584-11.wav	ทางจังหวัดได้สั่งการให้สำงานเขตพื้นที่การศึกษา
102-102403-15.wav	นางสาวสุภาปิยจิตินายสุรศักดิ์คิรีวิเทียนพลตำรวจเอกสถาพร
102-102403-37.wav	และนายนรงชัยว่องธนวิโมกรองกรรมการผู้อำนวยการใหญ่
102-102403-40.wav	กรณีนายจรัมพรอนุมัติการเดินทาง
102-102403-41.wav	ซึ่งมีข้าววีซ่าระยะเวลา10ปีให้นายนรงชัย
23-23584-15.wav	ของเด็กและเยาวชนในส่วนของจังหวัดดีรองเราเองได้มีการให้ความสำคัญในเรื่องค่อนข้างมาก
102-102403-45.wav	ทั้งที่นายนโรงชัยเป็นพนักงานจ้างตามสัญญา4ปี
23-23585-17.wav	ฉายาศรีกุมารภายใต้สังกัดนายสมคิตจาตุศรีพิทักษ์
23-23585-1.wav	เพราะว่ากลุ่ม4กุมารนำโดยนายอุตมาสสาวนายน
23-23585-3.wav	แล้วก็นายสนทิรัฐสนทิจิระวงอดีตเลขาธิการพักเนี่ย
23-23586-3.wav	นายตั้มก็ยังบอกด้วยว่าอยากจะคุยกับแม่น้องชมพู่นะฮะ
102-102407-2.wav	แต่ก่อนอื่นไปปักหมุดกันก่อนที่จังหวัดเชียงใหม่
102-102407-6.wav	หมู่บ้านแม่กำปองที่จังหวัดเชียงใหม่
102-102407-31.wav	อยู่ที่ตำบลห้วยแก้วอำเภอแม่อ่อนจังหวัดเชียงใหม่
102-102407-54.wav	ก็จะเป็นชุมชนเล็กของจังหวัดเชียงใหม่ค่ะ
102-102408-1.wav	อำเภอเซกาจังหวัดบึงกาฬกันหน่อยนะคะเป็นศึกสายเลือดนะคะ
102-102408-5.wav	เข้าไปตรวจสอบจุดเกิดเหตุไปพบศพนายปียะเถาชาลีอายุ39ปีค่ะ
102-102408-9.wav	ทีนี้จากการสอบสวนทราบว่าคนก่อเหตุก็คือนายประทวนเถาชาลีอายุ36ปี
102-102408-12.wav	นายประทวนยอมรับสารภาพนะคะว่าผมนี่แหละก่อเหตุก่อเหตุจริง
102-102408-14.wav	บอกว่าเมื่อ3วันก่อนเขาให้พี่ชายก็คือนายปียะ
102-102411-28.wav	ขณะที่นายธนวัฒน์พลวิชัยผู้อำนวยการศูนย์พยากรณ์เศรษฐกิจและธุรกิจ
102-102416-1.wav	ล่าสุดนางหงาเขากำลังจะมีคอนเสิร์ตใหญ่อีกครั้ง
102-102416-15.wav	นางหงาก็บอกว่าพร้อมเต็มที่เลยแล้วก็ถามไปถึงคลิปบุญต่างด้วยนะ
102-102416-16.wav	นางหงาเดินทางไปมูมาทั่วประเทศเลย
102-102416-19.wav	ที่คุณผู้ชมเห็นนะนางหงาเขาบอกว่าเขามีนี่ขุนแผนวัดระฆัง
102-102416-21.wav	สมัยนั้นนะนี่นางหงาเล่าสมเด็จวัดระฆังหรือว่าหลวงปู่โตเนี่ย
102-102416-27.wav	เอออ่ะเดี๋ยวไปฟังนางงาเล่าหน่อยค่ะ
102-102417-90.wav	พระมหาภัยวันโพสต์ภาพพระอาจารย์พาสกรภูริวัฒโนเป็นพระดังที่เชียงใหม่ยกมือไหว้นายพุทธะค่ะ
102-102417-135.wav	ผู้ชายอยู่จังหวัดกระบี่นี่แหละพื้นเพลเนี่ยไม่ใช่เนปงเนปาลที่ไหนหรอก
102-102417-170.wav	นายวรแสนประสงค์ปลัดอำเภอประคำจังหวัดบุรีรัมย์
102-102417-178.wav	ที่ถูกถามเรื่องหญิงสาวที่ว่าเขามาบอกว่าเคยมีปัญหาอะไรกับนายพุทธะเนี่ย
102-102417-186.wav	นายพุทธบอกกับปลัดอำเภอประคำ
102-102417-200.wav	นายพุทธะเริ่มแสดงท่าทางฉุนเฉียวนะครับ
102-102417-219.wav	นายพุทธโชว์บัตรประชาชนนะครับวันนี้นะครับท่านผู้ชมครับ
102-102417-225.wav	จากนั้นก็ออกธุดงค์ไปเรื่อยจนตัดสินใจสึกแล้วเปลี่ยนชื่อเป็นนายพุทธเทพสุริยะจักรวาล
102-102417-226.wav	แล้วเดินทางมาอยู่ที่จังหวัดบุรีรัมย์นายพุทธบอกว่าไม่เคยขอรับเงินบริจาคจากใคร
102-102417-272.wav	ที่ตั้งของสำนักของนายพุทธะเนี่ยครับทุกผู้ชมครับ
102-102417-274.wav	นายพุทธเข้ามาอยู่ที่นี่สี่ห้าปีนะครับปลัดอำเภอประคำบอกว่าที่ดินตรงนี้เป็นที่ส.ป.ก., ภ.บ.ท. 5นะ
102-102417-277.wav	รวมทั้งยังต้องตรวจสอบด้วยว่าพฤติกรรมของนายพุทธะเข้าข่ายหลอกลวงประชาชนหรือไม่ค่ะ
102-102417-281.wav	ได้รับนิมนต์จากลูกศิษย์ของนายพุทธะให้ไปร่วมฉลองรูปหล่อพระประธานของสำนัก
102-102417-288.wav	ฉลองรูปหล่อเนี่ยกลายเป็นรูปของนายพุทธะเป็นรูปปั้นนายพุทธ
102-102417-290.wav	นายพุทธะก็บอกว่าอ๋อเป็นฤาษีลูกศิษย์บอกเป็นรือสี
102-102417-294.wav	โอ้โหนี่นายพุทธะมาสร้างถึงขนาดนี้เลยเหรอ
102-102417-340.wav	ก็ยอมรับว่าศรัทธามากศรัทธาในองค์ปู่เทพหรือว่านายพุทธคนนี้มาก
102-102417-345.wav	แต่เชื่อนายพุทธพอมาเจอมาปฏิบัติธรรมกับนายพุทธะเนี่ย
102-102417-351.wav	ท่านผู้ชมครับเราทราบมาว่านายพุทธะเนี่ย
102-102417-352.wav	ภูมิลำเนาก็คือคนจังหวัดกระบี่คุณวิมลวันธรรมพักดี
102-102417-354.wav	ท่านผู้ชมครับนี่คือบ้านของนายพุทธะนะฮะค่ะ
102-102417-355.wav	ได้เจอกับพ่อกับแม่ของนายพุทธะได้เจอญาติ
102-102417-357.wav	กับแม่นายพุทธะเนี่ยบอกว่านายพุทธะ
102-102417-362.wav	เรียกนายพุทธะหรือว่านายบังเนี่ยเมื่อก่อนชื่อสายันแก้วมั่งเนี่ย
102-102417-373.wav	แล้วก็ไม่เชื่อว่านายพุทธจะไปหลอกลวงใครเพราะปกติเวลากลับมาบ้านนะ
102-102417-378.wav	แถวบ้านเนี่ยเลยลักษณะเหมือนกับเรียกนายพุทธว่าท่านท่าน
102-102420-6.wav	ซึ่งกรกฐพยายามจะเสนอแนวคิดให้ไปจัดในจังหวัดที่ใกล้เคียง
102-102421-4.wav	นายมุสตาฟาอารีมามะผู้ต้องหาตามหมายจับศาลจังหวัดยะลา
102-102421-12.wav	ล่าสุดเจ้าหน้าที่ได้คุมตัวทั้งสองคนไปยังศูนย์ซักถามค่ายอิงคยุทธบริหารจังหวัดปัตตานีเรียบร้อยแล้ว
102-102421-14.wav	กระดับมาตรการรักษาความปลอดภัยในพื้นที่เสี่ยงทั้ง7อำเภอของจังหวัดสงขลาในระดับสูงสุดอีกครั้ง
102-102423-28.wav	โดยนายพัทรพลแซ่อ้านะคะเจ้าของร้านเขาเล่าว่า
102-102423-188.wav	ลิ้นหมานับเป็นปลาประจำถิ่นของจังหวัดชัยนาท
102-102423-224.wav	คุณผู้ชมครับนายตันติกรสุขุม
102-102424-8.wav	นางยานีนะคะหลังจากนั้นเนี่ยตัวเองก็หลบหนีไป
102-102425-4.wav	อยู่ในอำเภอท่าปลาจังหวัดอุตรดิตถ์นะคะเพราะว่าเอามีดพร้าฟันพ่อแท้ค่ะ
102-102425-3.wav	นายจักริตอายุ20นี่นะคะคนนี้ไปทำแผนประกอบคำรับสารภาพที่บ้าน
102-102425-17.wav	พบศพนายจำลองค่ะแล้วก็เห็นนายจักริตเดินอยู่หลังบ้านพอดี
102-102425-18.wav	ถามนะถามนายจักริตว่าฆ่าพ่อหรือเปล่าเนี่ย
102-102425-19.wav	นายจักริตตอบว่าไม่ได้ฆ่าแต่ชาวบ้านเขาบอกว่าโอ้โหมันพิรุธมากเลยอ่ะ
102-102425-20.wav	เพราะว่าเห็นคราบเลือดนะคะคือนายจักริตพยายามจะล้างแต่ล้างไม่หมด
102-102426-21.wav	ถูกรองนายกรัฐมนตรีด้านเศรษฐกิจ
102-102426-27.wav	แนวทางในการพัฒนา55จังหวัด
102-102427-10.wav	นางสาวพิชภาบุญยฤทธิ์นางสาวอนุสราชาวณสกุลนะครับ
102-102427-11.wav	แล้วก็ที่สาหัสอีกหนึ่งคือนางสาวพัทรพรศรีสุวรรณทั้งหมดอายุ16ปี
102-102427-35.wav	อย่างนายสนามยิงปืนรัชนาวีตรงจุดเกิดเหตุนะอยู่ตรงข้ามถนนตรงซอยที่รถเขาจะออกมาเนี่ย
102-102428-55.wav	จากนั้นนะครับญาติก็พานายวิชิตนะครับ
102-102430-48.wav	โดยคุณแม่ค่ะนางจันเพ็ญศรีสะอาดวัย38ปีบอกว่า
102-102432-0.wav	คุณผู้ชมไปที่บ้านกกอกที่จังหวัดมุกดาหาร
102-102432-3.wav	ไปบ้านแรกก็คือบ้านของนายชัยพลวิพาหรือ
102-102432-17.wav	ไปพูดคุยกับนายนารินหลับโพหรือว่านาแตนะคะ
102-102434-84.wav	แล้วก็ท่องเที่ยวแบบนวัดไม่มีแบบนี้เนี่ยก็เป็นอีกทางเลือกหนึ่งนะคะ
102-102439-81.wav	จากท่านจะหลอกให้นายวิชามาเป็นหนังหน้าไฟ
102-102439-94.wav	ปปทส่งเรื่องที่เกี่ยวข้องกับนายตำรวจส่งไปให้สำนักงานตำรวจแห่งชาติไปสอบตำรวจด้วยกัน
102-102443-36.wav	ก็คือร่างของนายยุทธพงศ์ศรีสว่าง
102-102443-51.wav	นายสุเทพบุญบวรอายุ47ปีนะคะ
102-102443-68.wav	สอบสวนเบื้องต้นนายสุเทพบอกว่า
102-102443-172.wav	ใช้คำว่าลูกพ่อคบหาอยู่กับนางสาวนัชพรภรรยาคนก่อเหตุ
102-102444-21.wav	เป็นเจ้าอาวาสวัดสามัคคีธรรมที่ตำบลสะแจงอำเภอบางระจันจังหวัดสิงห์บุรีนะครับ
102-102444-89.wav	เพื่อมาตรวจค้นกุฏินะฮะมีตำรวจสามนายนี่นิมนต์มานะ
102-102444-103.wav	จากการตรวจค้นกุฏิของพระศิรวัตรเจ้าอาวาสวัดสามัคคีธรรมที่อำเภอบางระจันจังหวัดสิงห์บุรี
102-102447-4.wav	นายวรวิทย์ชัยสวัสดิ์นะครับท่านรองผู้ว่าราชการจังหวัดเชียงใหม่
102-102450-8.wav	เป็นการลอกซื้อยาไอซ์จากนายพดุงศิลป์โลหากาศอายุ38ปี
102-102450-13.wav	พอตำรวจแสดงตัวปุ๊บนะฮะนายพระดุงศิลป์ไหวตัวเลยครับ
102-102450-24.wav	ขอไปฮะถนนแก้งสนามนางบัวใหญ่แต่ว่าล่าสุดเองก็ยังไม่พบตัวนะครับ
102-102450-26.wav	รับตัวแม่ของนายพดุงศิลป์มาจากที่ตำบลหนองมะนาว
102-102450-29.wav	แต่นายพระดุงศิลป์ก็ไม่ออกมามอบตัวนะครับไปฟังคุณแม่ช่วงนี้หน่อยนะครับ
102-102450-40.wav	ก็แบ่งกำลังกันตำรวจกว่าร้อยนายเฝ้ากดดันคนร้ายอย่างต่อเนื่อง
102-102453-3.wav	คนขับรถกระบะก็คือนายนัทพงศ์มาสงูเหลือมค่ะ
102-102453-14.wav	เหตุการณ์วันนั้นจริงแล้วเนี่ยนายนัทพงศ์ไม่ใช่เจ้าของรถกระบะนะคะ
102-102453-15.wav	เจ้าของรถคือนายสราวุฒิขวัญกลางค่ะ
102-102453-16.wav	ซึ่งก็เดินทางมาพร้อมกับนายนัทธพงศ์ด้วย
102-102453-19.wav	ขอให้นายนัทพงศ์เพื่อนที่นั่งมาในรถด้วยกันขับให้หน่อย
102-102454-0.wav	ไปที่จังหวัดสงขลาเหตุการณ์นี้เกิดขึ้นเมื่อตีหนึ่งคืนที่ผ่านมานะคะ
102-102454-18.wav	นัดตกอยู่ในที่เกิดเหตุส่วนคนเจ็บอีก2คนคือนายสมศักดิ
102-102454-22.wav	คนก่อเหตุค่ะชื่อว่านายถาวรเกลาฉีดอายุ44ปีคนนี้ค่ะ
102-102454-30.wav	เกือบตีหนึ่งค่ะคุณผู้ชมนายวิวัตรผู้ตายเมา
102-102454-43.wav	เก้ามอมอกระหน่ำยิงนายวิวัฒน์นายวิวัตรล้มจมกองเลือดเสียชีวิตอยู่
102-102454-44.wav	หันไปยิงเพื่อนของนายวิวัฒน์ที่นั่งอยู่ด้วยกันนายสมศักดิ์กับนายจุติกร
102-102454-60.wav	จังหวัดนาทวีที่ศาลก็ทำได้
102-102457-9.wav	ว่าเขาถูกปาดคอจนเสียชีวิตนะคะผู้ตายคือนางสาววันนา
102-102457-18.wav	มีนางบุญล้อมพี่สาวสามีคนตายมีนายวิพัฒน์หลานของนางบุญล้อม
102-102457-19.wav	นายทวีศักดิ์หลานสามีคนตายสามคนที่อยู่ในที่เกิดเหตุนะคะ
102-102457-20.wav	แล้วตำรวจก็เชิญสามีคนตายก็คือนายสุโธมาสอบปากคำด้วย
102-102457-21.wav	ตอนสอบปากคำก็ต้องมีการตรวจร่างกายเบื้องต้นปรากฏว่านายวิพัฒน์กับนายทวีศักดิ์ค่ะ
102-102457-22.wav	ครอบครองเพื่อเสพไปอีกนะคะคุยกับนายสุโธสามีเขาก็บอกว่า
102-102457-36.wav	ประคำนางบุญล้อมพี่สาวสามีนะคะก็บอกว่าวันเกิดเหตุไม่เห็นคนตายมาเปิดร้าน
102-102457-40.wav	ส่วนนายทวีศักดิ์หลานชายของสามีผู้ตายนายสุโธเมื่อกี้นี้ค่ะ
102-102457-42.wav	นายทวีศักดิ์ไม่เคยมีปัญหากับคนตายเลยไม่ได้มีปัญหาเรื่องเงินด้วย
102-102457-44.wav	เพราะว่าเวลานายทวีศักดิ์จะใช้เงินทีไรเนี่ยก็จะมาเบิกกับคนตายนี่แหละ
102-102458-23.wav	นายกุฤษสมบัติสิริครับปลัดกระทรวงพลังงาน
102-102462-3.wav	เขาเดินทางไปทำบุญที่วัดจุกกระเชอ
102-102462-27.wav	ว่าจะเดินทางไปในวันที่13มีนาคมนี้
102-102463-13.wav	แซนด์บ็อกซ์เฟส2ใน5จังหวัดก็คือกรุงเทพพัทยาหัวหินชะอำเชียงใหม่เนี่ย
102-102463-18.wav	ใช่ค่ะส่วนคณะกรรมการโรคติดต่อแห่งชาติที่มีนายอนุทินชาญวิรากูล
102-102463-23.wav	ก็คือในประเทศไทยคือวันที่เดินทางถึงและวันออกจากที่กักตัว
102-102463-107.wav	จุดนี้คือชุมชนร่วมศรัทธาพัฒนาตำบลสำโรงอำเภอพระประแดงจังหวัดสมุทรปราการนะคะ
102-102463-124.wav	คนที่ลงมายิงนายบีคนแถวนั้นบอกเลยว่าเขาไม่รู้จัก
102-102463-151.wav	ก่อนถึงตรงสี่แยกสี่แยกไฟแดงเขาน้อยหมู่2ตำบลแซนด์บ็อกซ์อำเภอปลวกแดงจังหวัดระยองนี่แหละ
102-102463-161.wav	ไปสอบถามนายซูมพรเป็นชาวกัมพูชา
102-102463-291.wav	โขงเจียมจังหวัดอุบลราชธานีอืม
102-102463-296.wav	เมื่อวานเนี่ยขณะที่ทีมของนายศักดาทองอ่อนนะครับชุดรักษาความปลอดภัยประจำหมู่บ้าน
102-102463-300.wav	เดินมายังจุดที่เขากำลังนั่งพักทานข้าวกันอยู่ค่ะแล้วนายศักราก็ตะโกนเรียก
102-102463-302.wav	ที่เป็นทีมค้นหาตัวนายสาธิตเดินผ่านมาไม่มีเสียงตอบรับ
102-102463-324.wav	แต่ทีมค้นหาก็เลยนำนายสาธิตลงจากป่านะ
102-102463-366.wav	เอาเล่าให้ฟังตรงนี้ก่อนเป็นภาพบรรยากาศที่ภรรยาของนายชาติชายเนี่ย
102-102463-368.wav	หลังจากนายชาติชายนำต้นตะเคียนพร้อมต่อเข้าบ้านโดยไม่รู้ว่าเป็น
102-102463-372.wav	ใช่ค่ะถึงจริงก่อนหน้านี้นายชาติชายเนี่ยนะคะ
102-102463-376.wav	ก็เลยแนะนำให้นายชาติชัยไปขอขมา
102-102463-409.wav	ค่ะไปถามอาจารย์เริงบ้างนายเริงนายสำเริงดีรบรำนะคะ
102-102463-411.wav	แต่ว่าทางนางรุ่งทิพย์และครอบครัวไม่เชื่อ
102-102464-7.wav	แต่ว่าล่าสุดนะครับนายวิทยาลาฮกุลประธานอุปนายกสมาคมฝ่ายเทคนิค
102-102468-9.wav	เราไปพูดคุยกับครอบครัวของน้องไนท์จากจังหวัดกาญจนบุรีอยู่บนเวทีชีวิตแห่งนี้แล้วครับ
102-102470-33.wav	สอบคอย้ำว่า5จังหวัดที่จะมีการจัดงาน
102-102470-77.wav	เพราะว่าการเดินทางต่างจังหวัดแล้วหลังปีใหม่กลับมาทำงาน
102-102471-24.wav	เมืองพัทยาขนส่งจังหวัดชลบุรีให้มาตรวจสอบหน่อย
102-102472-131.wav	กดดันจะอะไรก็ว่ากันไปแต่ก็เป็นดุลพินิจของนายกว่าจะออกหรือไม่ออก
102-102472-256.wav	มันจะมีมาตราหนึ่งก็ยังคือมาตราหนึ่งมันเคยมีประเด็นที่สามจังหวัดชายแดนภาคใต้ใช่ไหมพอพอเขาพูดถึงเรื่องของการทำเขตพื้นที่พื้นที่ปกครองพิเศษก็ไปบอกเขาว่าเขาจะแบ่งแยกดินแดงอย่างเงี้ยคือหมายความว่า
102-102474-27.wav	ให้กับนักเรียนผู้ปกครองเด็กที่เดินทางไปโรงเรียนช่วงเช้าแบบนี้นะครับ
23-23589-14.wav	เงินเยียวยาเมื่อเช้าที่ผ่านมานี่เองขณะที่นายสมศักดิ์ม่วงวังนะครับ
23-23589-9.wav	แต่ผมไม่อยากให้ใครได้เลยอืมนะฮะนายสถาพรม่วงวังลูกชายของนายสมชายเนี่ย
23-23590-1.wav	นายศรีสุวรรณสุตันตั้งใจชาวบ้านอำเภอโขงเจียมจังหวัดอุบลราชธานี
23-23590-36.wav	คุณนฤทธิ์ข่าวของเราไปคุยกับร่างทรงในหมู่บ้านด้วยนะคะนางรัฐดาวันวันลาคน
23-23590-37.wav	ทำพิธีให้แล้วก็ทำพิธีเสร็จก็เจอศพของนายศรีสุวรรณเลยค่ะ
23-23590-46.wav	อย่างนั้นเจ้าที่ไม่ยอมปล่อยตัวนายศรีสุวรรณขึ้นมาจากน้ำแน่เธอก็ไปทำให้เมื่อวานนี้นะครับ
23-23590-6.wav	คุณนฤทธบุญนิ่มทีมข่าวของเราไปคุยกับภรรยาของนายศรีสุวรรณอีกครั้งหนึ่งนะคะ
23-23593-5.wav	หอยตำบลนานังอำเภอโพนพิสัยที่จังหวัดหนองคายนะครับ
102-102478-15.wav	เปรียบเทียบคดีของตัวเองและนายดอนประมัติวินัย
23-23597-11.wav	พนมสรคามจังหวัดฉะเชิงเทรานะครับเหตุการณ์เกิดขึ้นช่วงที่เที่ยง
23-23597-13.wav	มีชาวบ้านกับคนงานเนี่ยตอนนั้นนะครับก่อนเกิดเหตุกำลังช่วยกันนำท่อปูนซีเมนขนาดใหญ่ที่กำลังทับร่างนายสุบันเนี่ย
23-23597-15.wav	แล้วก็อันตรายด้วยนะครับมีเหล็กโผล่มาจากท่ออีกด้วยนะครับเยอะแยะไปหมดนะฮะคนที่เห็นเหตุการณ์บอกว่านายสุบันกำลังมัดลวดเหล็กอยู่ในบ่อแล้วอยู่อยู่ดินมันสไลด์ลงมาจากนั้นท่อปูนซีเมนขนาดใหญ่ก็ไหลลงมาพร้อมกับดินโครนแล้วทับนายสุบันคือนายสุบันเนี่ยก็พยายามตะโกนร้องขอความช่วยเหลือนะฮะชาวบ้านกับเพื่อนคนงานก็พ
23-23598-6.wav	ด่านประกอบอำเภอนาทวีจังหวัดสงขลา
102-102480-82.wav	ก็คือนายธนากรพันธองคำเดินทางมาเยี่ยม
23-23599-16.wav	จังหวัดเพชรบูรณ์คุณหลายคนบอกพีรมิตรเมืองไทย
102-102480-114.wav	จังหวัดพระนครศรีอยุธยาครับคุณผู้ชมเห็นไอ้รอยแดงแดงนี่ไหม
23-23599-61.wav	ก็คือบริเวณเขาคลังนอกที่อำเภอศรีเทพจังหวัดเพชรบูรณ
102-102481-7.wav	ท่านคณะกรรมการท่านแรกนะครับท่านท้องถิ่นจังหวัดแพร่นะครับ
23-23600-23.wav	ตำบลลาดหลุมแก้วอำเภอลาดหลุมแก้วจังหวัดปทุมธานีนะครับ
23-23600-42.wav	นายนัทจักรพันธ์เป็นผู้นำมาเก็บไว้
23-23600-46.wav	ได้นำตัวของนางวันนิดา
102-102483-16.wav	ก็คือนายนัทธวุฒิพินิษฐ์ใหม่อายุ24ปี
23-23602-34.wav	แต่หมอปลาบอกไม่รู้สึกสัมผัสพิเศษอะไรได้เลยส่วนนี้คือพี่ชายของหมอสายยนชื่อนายออสฮะ
102-102484-57.wav	แต่ถ้าจะไปทั้งจังหวัดของอุตรดิตถ์นะคุณมีหลายที่ท่องเที่ยวนะ
23-23602-57.wav	คุณสุชาดาก็เลยบอกกับนายออสพี่ชายของหมอสายยนนะครับ
23-23602-72.wav	บางคนไม่มีเงินเนี่ยน้องเขาให้เงินค่ารถเดินทางกลับบ้านเนี่ยก็ยังมี
23-23602-94.wav	แม่ของหมอสายยนในวันนี้อยู่นะครับแม่ชื่อนางบุญส่ง
23-23603-7.wav	ตำบลนาจอมเทียนจังหวัดชลบุรีพอคลิปแชร์ต่อกันเยอะเข้าเยอะเข้า
23-23604-14.wav	ทีนี้คนโพสต์เขาบอกแบบนี้นะคะเหตุการณ์เกิดขึ้นซอยศรีวิชัยอำเภอเมืองจังหวัดสุราษฎร์ธานี
23-23605-17.wav	มีนายชัดชาติเป็นคะแนนนำ
23-23606-14.wav	ผ้าเนี่ยเป็นร้อยปีอ่ะตอนนี้ก็มีแพลนเรื่องการเดินทางอะไรพวกนี้ไว้บ้างประมาณนึงค่ะ
23-23607-13.wav	ในพื้นที่อำเภอคีรีรัฐนิคมจังหวัดสุราษฎร์ธานีเมื่อวานนี้
23-23607-18.wav	คือนายพรศักดิ์หรือผู้ใหญ่เกราะอายุ53
102-102487-16.wav	รวมถึงนางสาวศิรดาบีเสนอายุ22ปีซึ่งเป็นลูกค้าด้วยนะครับ
102-102487-18.wav	แล้วก็เป็นคนที่เมาด้วยคือนายกรระพีหอมพักดีอายุ55ปี
102-102489-4.wav	ต่อมานายสมเดชเทศนานะคะเป็นพลเมืองดีอยู่ในหมู่บ้านมัสเตอร์เขาดิน
102-102489-5.wav	บนท่าตูมอำเภอศรีมหาโพธิจังหวัดปราจีนบุรีเขาไปพบรถคันนี้
102-102489-8.wav	หลังจากตำรวจสภศรีมหาโพธิเดินทางไปตรวจสอบพร้อมเจ้าของรถก็พบว่า
102-102490-39.wav	ฉายาของนายสมคิตจาตุศีพิทักษ์รองนายกรัฐมนตรี
102-102490-62.wav	ต่อมาค่ะนายจุรินลักษณะวิสิทธิ
102-102490-88.wav	ส่วนนางสาวมนัญญาไทยเศษค่ะ
102-102490-123.wav	เดินทางเข้าร่วมแข่งขันกีฬา4เกมที่ทำเนียบรัฐบาล
23-23607-33.wav	และอย่างที่บอกว่าดาบตำรวจอัธพรใช้รถเก๋งสีบรอนเทาหนีไปกับนางสาวพะนิดาซึ่งเป็นลูกสาวผู้ใหญ่โรงที่เกิดกับเมียเก่า
102-102491-7.wav	ไม่ว่าจะเป็นทหาร ตชด.แล้วก็ฝ่ายปกครองในจังหวัดสกลนคร
23-23607-37.wav	ซึ่งทางด้านของนายธรรมรัฐวิเชียนหนึ่งในผู้ตายซึ่งเป็นพี่ชายของดาบตำรวจอธพรไปช่วยน้องเจรจาด้วย
23-23607-9.wav	นายธรรมรงค์นินนิยมอายุ60ปี
102-102491-13.wav	ผู้ชายที่เห็นเมื่อกี้นี้คือนายปัญญาวงพาคำอายุ48ปี
23-23608-11.wav	กราบแม่คือนางชิ้นโมลีอายุ80ปี
102-102491-14.wav	ส่วนผู้หญิงอีกคนนึงคือนางสาวพรชิตาสรรพโสอายุ19ปี
23-23608-18.wav	นางชิ้นป่วยเป็นมะเร็งแล้วก็ติดโควิด
23-23608-9.wav	คือนางอุเรวัลจำนงจิตอายุ46ปีเป็นลูกสาว
23-23609-28.wav	นางสวยคุณพี่ผู้หญิงคุณจะสวยมากนะ
23-23611-7.wav	ป๊าบนี่แหละครับก็เริ่มมาตั้งแถวเพื่อทำพิธีเปิดในงานกิจกรรมของการแข่งขันกีฬาพื้นบ้านสารสัมพันธ์ชุมชนประจำปี2562ของนครแหลมชะบังอำเภอศรีราชาจังหวัดชลบุรี
102-102491-27.wav	อย่างนางสาวพรชิตาผู้ต้องหาอีกคนนึงที่จับกลุ่มตัวได้ด้วย
102-102491-29.wav	มาพักอยู่ที่บ้านของนายปัญญาเพื่อที่จะขายบริการทางเพศให้กับลูกค้า
23-23623-32.wav	ขณะที่นายอดินันปากบาราเลขาธิการสำนักงานคณะกรรมการส่งเสริมการศึกษาเอกชนหรือสชออกมาระบุว่า
102-102492-4.wav	ได้ไปดำเนินคดีสองข้อหาต่อนายอัจฉริยะเรืองรัตนพงศ์
102-102494-12.wav	ตำรวจคุมตัวนายเอกพฤษครองยุทธ์อายุ33ปี
102-102494-16.wav	นายเอกพฤษผู้ต้องหามีอาการเครียด
102-102494-22.wav	ที่เข้าไปในห้องจู่ๆนายเอกพฤษมีอาการหน้ามืด
102-102494-48.wav	รีบหนีไปจังหวัดปทุมธานีจนสุดท้ายก็มาถูกจับกุม
102-102495-14.wav	นางสำเนียงรัตนวันอายุ40ปี
102-102495-28.wav	ซึ่งมีนายนัฐกรอินเพชรแท้อายุ38ปีเป็นผู้ขับรถ
102-102495-36.wav	จากการสอบสวนนายนัฐกรคนขับรถเก๋ง
102-102495-62.wav	คือนางสำเนียงรัตนวันนั้นเสียชีวิตแล้ว
102-102496-6.wav	จากหลากหลายเรื่องราวนะคะจากเพลิงนางด้วยก่อนหน้านี้นะคะ
102-102496-18.wav	ซึ่งคุณหญิงวันนี้นางก็ถ่ายละครอยู่นะคะ
102-102497-7.wav	ก็ไปพบกันแล้วค่ะที่โรงพักหาดใหญ่จังหวัดสงขลา
102-102497-21.wav	ก็คือนายประสิทธิ์แทร่เฮ้งหรือว่าเฮียเชียงอายุ64ปี
102-102497-24.wav	แล้วก็นายพิพบเจียวงตระกูลหรือว่าเฮียมหาอายุ60ปี
102-102499-8.wav	จากเหตุการณ์ที่นางสาวฮาไทยพัฒน์ตันตะซิริน
102-102499-13.wav	ถูกรถจักรยานยนต์ของนายมักควัฒน์จันภัยจิต
102-102499-28.wav	ก็นางสาวฮาไทพัฒน์หรือว่าน้องใบหม่อนได้เสียชีวิตแล้ว
102-102499-30.wav	โดยมีนางหนึ่งฤทัยตันตสิรินอายุ40ปี
102-102091-204.wav	ป้าเป็นคนจังหวัดเพชรบูรณ์ค่ะมาอยู่เกาะพะงันนี่สิบหกปีแล้วค่ะ
23-23634-9.wav	ไปจุดตรงไปที่เล้าไก่เลยบ้านหลังนี้เป็นของนายพบไกรอาวุธ
23-23635-6.wav	โดยนายนัทวัฒน์ชื่อสัตว์หรือว่าน้องกวานอายุ17ปี
102-102499-53.wav	โดยจะต้องแจ้งนายมักควัฒน์ให้มารับทราบข้อกล่าวหาใหม่นี้ด้วยนะครับ
102-102499-55.wav	จะมีการเดินทางมาขอขมาหรืออย่างไร
102-102500-7.wav	ซึ่งเป็นรถของนางสาวปียนุษยผ่าแก้วพนักงานร้านขายโทรศัพท์
102-102500-22.wav	ซึ่งก็พบกับนายพงศ์และนางสาวกบนามสมมุติ
102-102500-24.wav	โดยนายพงศ์ได้ให้การปฏิเสธ
102-102500-26.wav	ขณะที่นายวุฒิไกรสังคลมสามีของนางสาวปิยนุษย์ก็จำได้ว่า
102-102500-28.wav	ครั้งนั้นนายพงศ์เป็นคนเอารถมาส่งให้ที่บ้าน
102-102500-31.wav	เบื้องต้นตำรวจให้นายพงศ์และนางสาวกบมาสอบปากคำ
102-102500-34.wav	ถูกนำมาซ่อนอยู่ฝั่งตรงข้ามบ้านที่นายพงศ์อาศัยอยู่
102-102501-14.wav	นี่ค่ะนายบัญญัติ rอดวินิตอายุ38ปี
102-102502-15.wav	กล้องวงจรปิดเนี่ยจับภาพได้ชัดเจนเลยตอนที่นายจรัสอ่อนนวลอายุคือ60ปีแล้วนะคะ
102-102502-47.wav	ไปสักประมาณสิบกว่านาทีได้ค่ะหลังจากที่นายจรัสเดินเข้าร้านไปแล้วเนี่ย
102-102502-50.wav	นั่นคือเจ้าของร้านนะคะวิ่งไปขอความช่วยเหลือส่วนนี้นายจรัส
102-102502-68.wav	เธอก็เห็นว่าผู้ตายยังพยายามเกลี้ยกล่อมแล้วก็จูงมือนายจรัส
102-102502-82.wav	คุณแม่ก็เล่าบอกว่าลูกแม่เนี่ยเคยมีสามีมาก่อนที่จะมาคบกับนายจรัสนะ
102-102502-84.wav	เสร็จแล้วเนี่ยก็มาคบหากับนายจรัสคบหลายปีเลยจดทะเบียนสมรสกันด้วย
102-102502-87.wav	ก็ถามว่าแม่แล้วทำไมลูกแม่กับนายจรัสถึงเลิกกันคบมาตั้งหลายปี
102-102502-88.wav	แม่บอกลูกแม่ไม่ทนแล้วอ่ะเพราะว่านายจรัสเมาแล้วชอบทำร้ายร่างกายลูก
102-102502-92.wav	นายฉลาดชอบขู่ลูกแม่หลายครั้งเลยบอกจะฆ่าให้ตายแล้วจะฆ่าตัวเองตายตามไปด้วย
102-102502-95.wav	แม่บอกแม่ทั้งโกรธทั้งแค้นใจวันนี้ตำรวจก็เชิญตัวลูกสาวของนายจรัสมาด้วยนะคะ
102-102502-96.wav	ก็คือจะให้พยายามติดต่อให้นายจรัสมามอบตัวนี่แหละคือลูกสาวนายจรัสเนี่ยก็ให้ข้อมูลบอกว่า
102-102502-107.wav	คือสุดท้ายมันก็มันก็ต้องถามตัวของนายจรัสเขาเองด้วยว่าเขาทำแบบนี้มันเกินไปหรือเปล่าใช่ไหม
102-102502-126.wav	ตอนตำรวจเนี่ยปูพรมล่าตัวนายจรัสอยู่นะคะ
102-102504-6.wav	นายเดชาธรมูลมณีกับพวกรวม16คนนะคะ
102-102504-7.wav	ที่ก่อเหตุร่วมกันใช้ไขควงแทงศีรษะนายธิรพงศ์ธิตฐาน
102-102504-17.wav	พิเคราะห์แล้วเห็นว่านายเดชาธรมีพฤติการร้ายแรงอุกอาจไม่เกรงกลัวต่อกฎหมาย
102-102507-1.wav	คุณผู้ชมคือนายสมควรพันธ์สะอาด
102-102507-11.wav	คุณเคนเขาเดินทางไปทำงานที่อิสราเอลเมื่อปลายปีที่แล้ว
102-102507-60.wav	เงินเพื่อเดินทางไปทำงานไปต่างประเทศ
102-102507-71.wav	อยู่กับนายบุญถมพันคล้องคนที่เป็นสามีของเธอ
102-102507-109.wav	คนนี้ก็ถูกจับไปชื่อว่านายมณีจิรชาติ
102-102507-119.wav	ไปที่สุรินทร์หน่อยคุณผู้ชมครับนักข่าวไปคุยกับครอบครัวของนายคมกริจชมบัวนนคือหนึ่งในแรงงานที่ถูกจับเป็นตัวประกันเหมือนกันนะครับ
102-102507-120.wav	นายสุนันชมบัวพ่อของพ่อของดนเนี่ยโอ้โหคุณผู้ชมเราไม่ใช่ญาติเรายังกังวลเลย
102-102509-8.wav	นายเสกสรรสุขพิมายหรือเสกโลโซ
102-102513-16.wav	เขตอุเทนถวายเสียชีวิตเนี่ยหลบหนีมากบดานอยู่ที่บ้านแห่งหนึ่งในจังหวัดสมุทรปราการค่ะ
102-102514-120.wav	มีท่านผู้การจังหวัดมีฝ่ายธนารักษ์
102-102517-13.wav	มีอดีตนายกรัฐมนตรีนายอานันต์ปัญญารชุน
102-102517-23.wav	เราไปถามรองนายกรัฐมนตรีนายวิษณุเครืองามนะคะ
102-102517-24.wav	ซึ่งนายวิษณุเองก็ออกมาบอกว่า
102-102517-45.wav	ส่วนนายอนุชาบุรพชัยศรีโฆษกประจำสำนักนายกรัฐมนตรี
102-102518-5.wav	สามสิบเอ็ดมีนานะครับนายสายันแสวงคนนี้เป็น
102-102518-12.wav	พอตำรวจได้ข้อมูลแบบนี้ก็เลยเดินทางไปตรวจสอบที่บ้านพักของนายโกต่องครับ
102-102518-34.wav	ขณะนี้ทำอะไรล่ะอยู่ระหว่างติดตามตัวนายโกต่องมาสอบปากคำ
102-102520-25.wav	แล้วก็ผู้เสียชีวิตอีกรายก็คือนางวิพางชุมภัยจิต
102-102520-21.wav	ก็คือนายประวิทย์คล้ายพยักษ์นางบุญช่วยกังสุกุล
102-102521-14.wav	เข้าเจรจาครับกรณีที่นายวีรพงศ์เกิดอาการคุ้มคลั่ง
102-102521-17.wav	ที่ตำบลกุดแข้ที่อำเภอเมืองจังหวัดมุกดาหารนะครับ
102-102521-28.wav	นายจำนงบุญทวีพ่อของผู้ก่อเหตุเปิดเผย
102-102521-49.wav	กลับมาทางจังหวัดกาฬสินธุ์คุณ
102-102521-50.wav	ว่าจะมุ่งหน้ากลับมาที่จังหวัดมุกดาหาร
102-102522-10.wav	คนหนึ่งเสียชีวิตก็คือนายนราธิบ
102-102524-1.wav	คอเพราะเสียงเพราะของพี่ตำรวจจราจรนายหนึ่ง
102-102524-2.wav	อยู่ที่จังหวัดนครศรีธรรมราชนะคะ
102-102526-2.wav	นพงศ์สุมนพันธ์อายุ58ปีชาวจังหวัดสุพรรณบุรีพ่อค้าขายสลากกินแบ่งรัฐบาลอารมณ์ดีที่ไม่ย่อท้อต่อโชคชะตา
102-102526-30.wav	ผมชี้ชัดไปเลยนี่ที่จังหวัดกระบี่เขาบอกว่าช่วงนี้น่าไปเที่ยวมากกับที่เลย
102-102526-31.wav	ต้องไปไหนไกลเมืองไทยก็มีที่จังหวัดกระบี่
102-102526-50.wav	ทั้งนี้ครับนายวุฒิพงศ์ชูสังราช
102-102529-3.wav	ข้าวซอย2เมนูเป็นข้าวซอย2ร้านดัง2จังหวัด2สูตร
102-102529-14.wav	ตั้งอยู่ที่หมู่3ริมถนนสายสนามบินตำบลคลองกระจงจังหวัดสุโขทัยนี่แหละค่ะ
102-102529-102.wav	ผมบอกพิกัดไปแล้วนะอยู่ที่จังหวัดพะเยาแต่ว่าถ้าไปไม่ถูกแล้วก็โทรไป3ก็ได้นะครับ
102-102531-4.wav	คิวตัวเองที่จะไปปฏิบัติธรรมที่ศูนย์ปฏิบัติธรรมสวนเวฬุวันจังหวัดขอนแก่น
102-102533-2.wav	เหตุการณ์นี้เกิดขึ้นที่บ้านพักของนางสาวจิมรพันธ์แก้วชนิดอายุ33ปีครับในพื้นที่หมู่9ตำบลคลองเปี๊ยะอำเภอจะนะจังหวัดสงขลา
102-102533-4.wav	ใช้ปืนอากาศไปยิงนางสาวจิมรพันธ์ซึ่งเป็นแฟนสาวแต่ว่าเธอคนนี้นั้นเป็นแม่ม่ายลูกติดนะฮะ
102-102533-7.wav	ล่าสุดเมื่อวานนี้นายอภิเชษเข้ามอบตัวกับตำรวจภูธรควนมีดแล้วนะครับ
102-102534-31.wav	ทั้งนี้นายสุริยันหงวิลัยโฆษกศาลยุติธรรมกล่าวว่า
102-102534-43.wav	ซึ่งรวมกับศพของนางสาววรินทรชัยเชศหรือกุ๊กกิ๊ก
102-102536-15.wav	คนนี้คือนายเอราวันคุมพวิพาทอายุ53ปีแล้วนะคะ
102-102536-19.wav	นายเอราวันคนนี้ก่อเหตุก่อคือล่อลวงผู้หญิงผ่านเว็บไซต์เดทอย่างนี้6รายแล้วนะคะ
102-102536-39.wav	ตำรวจเขาก็ตามตามจนได้เบาะแสของนายเอราวัน
102-102536-41.wav	นายเอราวันก็รับสารภาพนะคะว่า
102-102536-52.wav	แล้วเอาค้อนเนี่ยค่ะตีเขาจนได้รับบาดเจ็บแล้วไปปล่อยเขาทิ้งเอาไว้ที่ร้านอาหารแห่งหนึ่งในจังหวัดสมุทรสาคร
102-102536-88.wav	มาเห็นข่าวนี้แหละค่ะว่านายเอราวันถูกควบคุมตัวได้
102-102538-9.wav	กลุ่มคนร้ายค่ะกระหน่ำยิงใส่นายบุญธรรมพุทธสุขา
102-102538-15.wav	วันที่24มกราคมนะคะมีนายพานุพงศ์ผอมเกลือหรือว่าปอนวัย30ปี
102-102538-16.wav	มีนายทวีศักดิ์จรัสกูลหรือ1วัย35ปี
102-102538-18.wav	เพื่อชี้เป้าแล้วก็คุ้มกันให้กับนายเอกชัยจงราช
102-102538-58.wav	สามมิถุนายนปีหกห้าก่อเหตุยิงนายสุชาติขวัญเกลือนหรือในไข่
102-102540-17.wav	นางสาวสุพิชยาหรือไฟล์อายุ32ปี
102-102540-19.wav	ส่วนคนที่2นางสาวอมรรัฐหรือคุณน้ำฝน
102-102540-65.wav	ส่วนคุณแม่ของนายธินกรที่นั่งอยู่เบาะหลังแล้วก็เสียชีวิตไปด้วย
102-102543-16.wav	ใส่เสื้อยืดสีดำคือนายสุชาติอุ่นศรี
102-102544-17.wav	แล้วก็มีเกณฑ์เดินทางอีกเกิดขึ้นด้วย
102-102546-2.wav	ดงหลวงจังหวัดมุกดาหาร5657วันแล้ว
102-102546-37.wav	จะเจอลูกแน่นอนจากคำทำนายนี้นะเราต้องรีบไปถวายแล้ว
102-102546-197.wav	ก็มีนางสาวนิทาดาแสนอุบลบอกว่ามาจากอุดรธานีมาหาป้าแตน
102-102546-203.wav	มาให้กำลังใจทราบซึ้งใจนางสาวนิทาดาที่เดินทางมาจากอุดรธานีเนี่ย
102-102546-313.wav	ถอนกับลุงม็อกที่อยู่ในรถกับลุงพลระหว่างที่ลุงพลเนี่ยเดินทางไปส่งพระ
102-102546-436.wav	นายเจริญบอกว่าเขาได้คุยกับเรื่องกับพ่อน้องชมพู่เนี่ยนะคือเรื่องกระเป๋าเสื้อผ้าน้องชมพู่
23-23638-34.wav	ก็นางสาวดวงพรธรรมนิติเวศอายุ34ปี
102-102546-748.wav	ฝากชาร์จแบตเอาไว้นางอุดพิศเขาบอกว่าเขาก็เลยถือวิสาสะรับโทรศัพท์แทน
102-102546-785.wav	ก่อนจะเผาอะไรพวกเนี้ยนะครับอ่านางอุดพิษเขาบอกกับเราว่า
102-102549-4.wav	นี่แหละนายจีรวัตรสิงห์โสดาเสื้อยืดคอกลมสีขาวนี้
102-102549-10.wav	ตำรวจนครบาลแถลงจับกุมนายเจรวัตรสิงโสดายุ36ปี
102-102549-17.wav	ผู้ต้องหาได้ก่อเหตุชิงทรัพย์นางสาวสุภาวดีประสบโชค
102-102549-49.wav	ตำรวจจับกุมตัวนายอาคมชินดาอายุ33ปี
102-102551-2.wav	ชาวตลอดข่าวมากันที่บ้านหนองโบสถ์หมู่16ตำบลโคกระชายอำเภอครบุรีจังหวัดนครราชสีมา
102-102552-48.wav	อำเภอวังน้ำเขียวจังหวัดนครราชสีมา
102-102555-20.wav	เที่ยงกว่าเกือบบ่ายคนก่อเหตุผู้ชายคนนี้ชื่อนายโจนะ
102-102555-25.wav	เรียกตำรวจให้มาช่วยเพราะว่านายโจเนี่ยบุกมาที่บ้านอดีตสามี
102-102555-47.wav	เมื่อคืนนี้เนี่ยตำรวจไปตามเจอนะครับนายโจพาอุ๋มไปอยู่นู่นนะฮะ
102-102555-74.wav	อย่างเช่นเพื่อนของนายโจที่มาขับรถรับพาไป
102-102555-121.wav	ทางครอบครัวก็โทรติดต่อไปหานายโจนะบอกให้พาอุ๋มเนี่ยมาส่ง
102-102559-12.wav	ส่วนนายพิศิษฐ์ลีลาวัชิโรภาสผู้ว่าการตรวจเงินแผ่นดินหรือว่าสตงบอกว่า
102-102560-11.wav	ตามจับได้ก็คือนายวัลลบพุทธิพันธ์ฤทธิ
102-102560-16.wav	ผู้เสียหายคือนางสาวนิถิตาเจนจัดการ
102-102560-35.wav	คำให้การของนายวัลลบว่าทำเป็นครั้งแรก
102-102560-41.wav	แล้วก็ส่งตัวนายวัลลบไปดำเนินคดีค่ะ
102-102562-11.wav	ของนายพัศธรหรือว่าหนุนชัยการอายุ25ปี
102-102562-45.wav	หลังจากนั้นนายพัศธรก็ไม่ออกมาอีกเลยครับ
102-102565-228.wav	แต่ปรากฏว่าบริษัทเอาเงินไปให้นายศักดิ์สยามชิดชอบ
102-102565-263.wav	นายเอเป็นนายศักดิ์สยามชิดชอบครับและบริษัทศิลาชัยเนี่ยก็เหมือนเป็นกงสี
102-102565-271.wav	เราเปลี่ยนชื่อจากนายเอเป็นท่านรัฐมนตรีศักดิ์สยาม
102-102565-369.wav	ล้านบาทจริงแปลว่าท่านรัฐมนตรีจะต้องได้เงินสดเงินโอนหรือสัญญากู้เงินจากนายเออย่างไรอย่างหนึ่งครับ120ล้านบาทในวันนั้นครับ
102-102567-5.wav	ตอนที่ออกตรวจเนี่ยนะคะก็ปรากฏว่าร้านเลเวลไนน์ก็เห็นว่ายังเปิดไฟ
102-102567-8.wav	มีการขายเครื่องดื่มแอลกอฮอล์มีนายเรืองศักดิ์พงธีรทันเป็นผู้จัดการร้านนะคะดูแลร้านอยู่
102-102567-13.wav	ซึ่งมีรายงานว่าร้านนี้เนี่ยนะคะอันนี้คือตามรายงานบอกว่าโอ้โหเส้นใหญ่อันดับต้นของจังหวัด
102-102567-18.wav	ท่านภูมิครับการตำรวจภูธรจังหวัดเชียงใหม่ก็บอกว่าการตรวจจับผับเปิดเกินเวลาในครั้งนี้ไม่ได้เอาคืนนะแต่ว่าเป็นการปฏิบัติการตามนโยบายหลังจากเชียงใหม่นั้นเปิดปฏิบัติการเชียงใหม่คิกออฟจัดระเบียบสังคมปราบปรามผู้มีอิทธิพล
102-102567-31.wav	ชื่อว่าร้านเลเวลไนน์ใช่ไหมเมื่อสักครู่นี้นะครับ
102-102568-8.wav	ตอนนี้คือนายสมปองนครไธสงแล้วนะครับท่านผู้ชมครับ
102-102568-21.wav	นายสมปองนครไธสงวัย43ปี
102-102568-53.wav	นายสมปองนครไธสงหรือว่าทิศสมปองเนี่ย
102-102568-59.wav	ว่าบุตรของนางตานตานก็คือชื่อของคุณแม่ของอดีตพระมหาสมปอง
102-102568-64.wav	วัดแห่งหนึ่งที่อำเภอฮอดจังหวัดเชียงใหม่แล้วได้โพสต์คลิปบรรยากาศบนเครื่องบินด้วย
23-23638-22.wav	แต่เขาขับหนีครับมุ่งหน้าไปอำเภอพนัฐนิคมจังหวัดชลบุรี
102-102569-9.wav	แล้วก็ไปเจอกลายเป็นศพอยู่ที่น้ำตกโตนอ่าวยนตำบลวิชิตอำเภอเมืองจังหวัดภูเก็ต
102-102569-12.wav	บังหลีหรือว่านายธีรวัตรอายุ27ปี
102-102570-77.wav	นายสารสอังคณาพิราชบอกว่ายังไง
102-102571-6.wav	ลอยอยู่ในคลองในพื้นที่อำเภอสามควายเผือกอำเภอเมืองจังหวัดนครปฐม
102-102571-20.wav	บอกว่าเนี่ยคือนางเตี้ยหรือว่าอ้อมนี่ฮะแล้วเขามีเพื่อนสนิทนะ
102-102571-26.wav	คนหนึ่งชื่อนางสาวสมคิดมอนเก่าอายุสี่สิบสอง
102-102571-36.wav	เพราะว่านางเตี้ยขโมยลอตเตอรี่ของนางสาวสมคิดไป7ใบ
102-102571-45.wav	ส่วนลูกชายก็คือนายธนาวัฒน์ที่อยู่ในเหตุการณ์ด้วย
102-102571-47.wav	แล้วนายธนาวัฒน์ก็ลองเอามือไปอังที่จมูก
102-102571-52.wav	นายธนาวัฒน์เป็นคนขี่นะฮะ
102-102572-53.wav	ชื่อนายนิกรกองเกิดอายุ27ปี
102-102573-13.wav	นี่ค่ะนี่คือร่างของนายสักรินสักกรินบุหลันอายุ47ปีนะคะ
102-102573-22.wav	ศพของนายสักกรินอยู่ในซอกหินลึก
102-102573-29.wav	ถึงจะนำร่างของนายสักกรินขึ้นมาได้ค่ะ
102-102573-33.wav	ว่าสามีก็คือนายสักกริน
23-23643-18.wav	ทั้งสองรายถูกแจ้งข้อกล่าวหาร่วมกันทำร้ายร่างกายส่วนนายจิตกร
102-102573-46.wav	เบื้องต้นก็มีการนำร่างไปประกอบพิธีที่มัสยิดแล้วแล้วก็เห็นบอกว่าเดี๋ยวจะนำร่างไปประกอบพิธีอีกรอบหนึ่งที่อำเภอหาดใหญ่จังหวัดสงขลานะคะ
102-102574-17.wav	รวมถึงจังหวัดต่างส่วนหนึ่งต้องยอมรับค่ะ
102-102575-30.wav	กิมฟายังบอกอีกว่าปัจจุบันที่จังหวัดสุโขทัย
102-102576-8.wav	นั่นก็คือน้องเนยนะครับหรือว่านายจีรติกาลนอบไทยนะครับ
102-102576-32.wav	ก็เดินทางไปที่พร้อมบ้านของน้องเนยบ้านเลขที่88
102-102576-33.wav	หมู่บ้านสิริสุขวิลเลจที่ตำบลหนองจบกอำเภอเมืองจังหวัดนครราชสีมานะครับ
102-102581-25.wav	ฉลับไปชนกับรถยนต์ของนางสาวขวัญยืนเหล่าวราพันธ์
102-102582-247.wav	ใครที่เดินทางมาศรีราชาก่อนที่จะผ่านไปอำเภออื่น
102-102584-24.wav	ส่วนดาราล่ะดาราก็มาสมัครกับเขาเหมือนกันสนามนี้นายกรุณพลนะฮะ
102-102584-30.wav	ให้กำลังใจนายสุรชาติเทียนทอง
102-102584-45.wav	นางสาวกุลรัฐกลิ่นดีพรรคยุทธศาสตร์ชาติได้เบอร์4
102-102586-29.wav	ผู้อำนวยการคนดังกล่าวไปปฏิบัติราชการที่จังหวัดอื่นก่อน
102-102586-40.wav	ท่านผู้อำนวยการสำนักงานเขตพื้นที่การศึกษามัธยมศึกษาเขต30จังหวัดชัยภูมิยืนยันว่าจะลงโทษตามขั้นตอน
102-102587-12.wav	ความคืบหน้าเรื่องนี้พันธุ์ตำรวจโทชวนสวิงสุวรรณรองผู้กำกับการสถานีตำรวจภูธรเวียงชัยจังหวัดเชียงราย
102-102589-14.wav	ผู้ที่เสียชีวิตชื่อว่านายวัฒนศิลปูลาศหรือในฟลุ๊กอายุ26ปีค่ะ
102-102589-26.wav	หนึ่งในเจ็ดที่อยู่ในรถกระบะยิงใส่นายอธิวัฒน์ตั้งใจจะยิงใส่นายอธิวัฒน์คนซ้อน
102-102589-27.wav	แต่กระสุนไปโดนนายวัฒนศิลป์คนขี่โอ้โห
102-102589-29.wav	เรื่องราวมันเป็นแบบนี้ค่ะนายอธิวัฒน์คนซ้อนท้ายรถจักรยานยนต์เนี่ยนะ
102-102589-30.wav	ชอบผู้หญิงคนเดียวกันกับนายนัชชาหนึ่งในผู้ก่อเหตุตอนนี้
102-102589-33.wav	23กรกฎาคมที่ผ่านมานายนัชชาส่งข้อความทางเฟซบุ๊ก
102-102589-35.wav	นายอธิวัฒน์ก็เลยชวนนายวัฒนศิลป์ช่วยขี่รถจักรยานยนต์พาไปส่งหน่อย
102-102589-37.wav	อีกกลุ่มนึงเขายิงใส่ไงครับนายอธิวัฒน์ที่แค่แบบ
102-102589-39.wav	แต่ว่าตัวนายอธิวัฒน์เนี่ยกระสุนมันไม่โดนไปโดนคนขี่
102-102589-40.wav	ก็คือนายวัฒนศิลป์ผู้ต้องหาทั้งสี่คน
23-23646-165.wav	ที่อำเภอแม่จันทร์จังหวัดเชียงรายเป็นเวลา2คืนนะครับ
102-102590-18.wav	อยู่แถวตลาดสดอำเภอศรีมาโพธิจังหวัดปราจีนบุรีมีโอกาสลองแวะไป
102-102595-12.wav	อำเภอวิเศษชัยชาญจังหวัดอ่างทอง
102-102595-17.wav	เป็นครอบครัวของนายวัญชัยแล้วก็นางศิริพรใหญ่โต
102-102595-35.wav	มาเดี๋ยวฉันจัดให้ไปที่วัดศรีเมืองมูลอำเภอดอกคำใต้จังหวัดพะเยานะคะ
102-102595-48.wav	สัญจรไปที่ศาลาประชาคมจังหวัดพะเยา
102-102595-55.wav	มันคือเลขจังหวัดลำดับไงเลขลำดับจังหวัด
102-102595-56.wav	เนี่ยเป็นจังหวัดที่เจ็ดสิบสองของประเทศไทยรวมถึงเลขการก่อตั้งจังหวัด42ปี
102-102595-57.wav	แล้วก็โยงไปนู่นเลยค่ะนายกมลเชียงวงผู้ว่าราชการจังหวัดพะเยา
102-102595-68.wav	เพราะว่าจู่มีนางสาวจามรึกลือชัยอายุ41ปีคนนี้
102-102595-73.wav	จากนางสาวจารึกมีท่าทีเริ่มสงบลงไป
102-102595-78.wav	เพื่อนแม่ค้าบอกว่าตัวเขาเองเนี่ยนางสาวจาลึกเขาบูชากุมารทองที่บ้าน
102-102595-82.wav	แล้วทันใดนั้นนางสาวจารุก็เกิดอาการแบบนี้ขึ้นมา
102-102595-89.wav	ชาวบ้านชื่อว่ากุมารทองที่เข้าร่างนางสาวจาลึก
102-102596-37.wav	บางทีจะถามเรื่องอื่นร้านอาหารถามเรื่องธุรกงธุรกิจนางหายไปเลย
102-102597-24.wav	บ้านนาแกตำบลลำพูอำเภอเมืองจังหวัดหนองบัวลําภู
23-23646-196.wav	วันนี้ก็นำมาตั้งบำเพ็ญกุศลนะฮะศพของพ่อแม่ลูกนะครับนายอุดมนางนัชชานางสาวสาวรสกิมศรี
102-102597-29.wav	ระบุว่าเมื่อตำรวจไปถึงที่เกิดเหตุครับพบศพผู้ตายคือนายธรรมกรวังปรีชาถูกบรรจุอยู่ในโลงศพแล้ว
102-102597-30.wav	และมีนายบุญเชิดบุญรอดคนนี้มาบอกว่าเขาเนี่ยเป็นคนเจอ
23-23646-19.wav	ชื่อว่านายณวราธรคุณะแสงคำหรือว่านายโออายุ27ปี
23-23646-200.wav	ทีมข่าวไทยรัฐทีวีได้คุยกับพี่ชายของนายอุดมพี่ชายก็คือร้อยตำรวจเอกดุสิตกิมศรีอายุ59ปี
102-102597-31.wav	ศพเป็นคนแรกแล้วก็เป็นพี่น้องเป็นน้องท้องเดียวกับนาย
102-102597-97.wav	เดินทางไปถึงในวันที่เกิดเหตุ
23-23646-25.wav	ก่อเหตุฆ่านายอุดมกิมศรีอายุ57นางนัชชากิมศรีอายุ51ภรรยาของนายอุดม
23-23646-26.wav	แล้วก็นางสาวสาวรสอายุ29หรือว่าน้องแป้งลูกสาวของนายอุดมกับนางนัชชาถูกยิงเสียชีวิตทั้ง3ศพ
23-23646-28.wav	อย่างนางอัชราเกรดสุวรรณอายุ57เป็นญาติของผู้ตายนะครับ
102-102597-129.wav	ขณะที่มีผู้ชายคนหนึ่งนะฮะนายกุศลศรีอริยะศรีอารยะวงศาเนี่ยจำได้ใช่ไหมว่าก่อนหน้านี้เขาอ้างตัวเป็นอะไร
102-102597-130.wav	เขาอ้างตัวว่าเป็นพระศรีอริยเมตไตรยพระศาสดาองค์สุดท้ายก็นี่ฮะเมื่อวานเดินทางมาที่สำนักสงฆ์แห่งนี้ด้วย
23-23646-47.wav	จังหวัดเชียงใหม่แล้วก็จับได้พร้อมกับแม่แล้วก็แฟนสาวของนายโอ
102-102597-131.wav	บอกว่าที่เดินทางมาเนี่ยเพราะอะไรเพราะเมื่อเช้าเนี่ยพระธรรมกรสื่อศาลทางจิตมาให้รับรู้ว่าท่านได้ทำพิธีถวายศีรษะเป็นพุทธบูชาแด่องค์พระสัมมาสัมพุทธเจ้าเสร็จแล้ว
102-102597-133.wav	นายกุศลก็ยังบอกอีกว่าพระศรีอริยเมตไตรยเนี่ยนะได้มารับสิ่งที่พระธรรมกรได้ทำทานบารมีเอาไว้ให้แล้วในครั้งนี้แล้วก็ยังบอกอีกว่าตอนนี้เนี่ยวิญญาณของพระธรรมกรเนี่ยนะฮะได้ไปชดใช้กรรมที่นรกแล้วแต่ด้วยมีเจตนาดีทำให้พระธรรมกรเนี่ยจะตกนรกเพียง10ปีเท่านั้นนะฮะแล้วก็จะเกิดใหม่
1-1112-24.wav	นายสมบัตินาคศุกร์อายุ73ปี
1-1113-18.wav	ยายของน้องเนี่ยชื่อนางบัวพันธ์มาเสมออายุ50ปี
1-1113-33.wav	ได้คุยกับแม่ของน้องโจนัสชื่อนางสาวบังออนจูหลายอายุ26ปีนะครับ
1-1113-45.wav	นี่ฮะนางบังออนบอกว่าตอนนั้นก็สะดุ้งตื่นตกใจสะดุ้งตื่น
1-1113-54.wav	นางบังออนบอกว่าเป็นชุดเดียวกับที่เห็นลูกชายในฝันเลย
102-102602-17.wav	เป็นเหตุให้มีผู้ได้รับบาดเจ็บจำนวนมากส่วนนายเกรียงไกรบุญส่งอายุยี่สิบแปดปี
102-102604-4.wav	ในการมีวงสมอายุ30ปีแล้วก็นายชุมพลนาคนาคาอายุ34ปี
102-102604-11.wav	คนนี้เป็นสาวประเภท2ส่วนผู้บาดเจ็บอีก1รายเป็นนักร้องร้านอาหารคือนางสาวเพชรรัฐดาเจริญวัยอายุ43ปี
102-102604-16.wav	ขณะที่นายบรรจงพุทธบุตรซึ่งเป็นพ่อของนางสาวเพชรดาผู้บาดเจ็บก็บอกว่าลูกสาวเป็นนักร้องร้องตามร้านอาหารต่าง
1-1113-71.wav	เรียบร้อยก็ได้เดินทางไปที่จุดเกิดเหตุนะครับ
1-1113-94.wav	ซึ่งนางบัวพันธ์ยังกล่าวด้วยน้ำตาคลอเบ้านะครับ
102-102605-9.wav	ส่วนผู้ตายคือนายสำราญถลางอายุ50ปีนะคะ
102-102606-28.wav	ให้บริการข้ามฟากจากจังหวัดภูเก็ต
102-102609-9.wav	จุดเกิดเหตุอยู่บริเวณคอกผสมไก่ชนพบศพของนายฤทธิชัยสงแทนอายุสิบเจ็ดปี
102-102609-14.wav	ทราบว่าก่อนเกิดเหตุนายฤทธิชัยผู้ตายเดินทางออกจากบ้านเพื่อไปชมการแสดงมโนราห์ที่วัดเขาวง
102-102609-23.wav	ทราบชื่อต่อมาคือนายมอสแล้วก็เป็นลูกชายผู้ช่วยผู้ใหญ่บ้าน
102-102609-26.wav	นายฤทธิชัยเสียชีวิตคาที่หลังจากเกิดเหตุ
102-102610-18.wav	เป็นซากของปลิงที่กัดนายเสน่ห์มีสี
102-102610-35.wav	โดยนางลำดวนมีศรีภรรยาของผู้เสียชีวิตก็เล่าให้ฟังย้อนเหตุการณ์ไป
102-102610-72.wav	ก็เพราะว่านายซูบินยินดีอายุ65ปีเป็นชาวบ้านตำบลเดียวกันกับคนที่เสียชีวิตเลย
102-102610-94.wav	ประมงจังหวัดอ่างทองนายบันเทิงโชธพ่วงก็รู้ข่าวก็ลงพื้นที่เลยครับ
102-102610-95.wav	ไปสอบถามรายละเอียดกับนายสุบินเพื่อขอดูซากปลิงด้วย
102-102610-123.wav	ซึ่งเรื่องนี้นายแพทย์สาธารณสุขจังหวัดอ่างทองนายวรงรุ่งเรือง
102-102614-3.wav	เขามีการจัดงานศพคุณย่าคือนางเสมียนอุ่นใจตั้งแต่วันที่18พฤศจิกายนที่ผ่านมา
102-102614-7.wav	มาอีกทีช่วงกลางดึกก็เห็นนายประเสริฐบุญนินเนี่ยมานอนที่ปลายเท้า
102-102614-17.wav	พอไปสอบถามตัวนายประเสริฐเนี่ยนายประเสริฐปฏิเสธนะคะ
102-102614-21.wav	ตำรวจเองบอกว่าก่อนหน้านี้นายประเสริฐเคยถูกจับข้อหาลักทรัพย์มาแล้ว
102-102615-22.wav	จังหวัดพระนครศรีอยุธยาคนขี่ที่เขาถ่ายคลิปคลิปนี้ไว้
102-102615-29.wav	ทราบชื่อผู้ชายคนที่ขี่รถเซไปเซมานะคะชื่อว่านายวสันแสนโหน่งอายุ34ปี
102-102616-11.wav	หน้ารถแห่งานบุญพระเวสบึงพลาญชัยจังหวัดร้อยเอ็ด
102-102617-64.wav	สิรินทิพย์คลีบเขียวรายงานจากในพื้นที่อำเภอเมืองจังหวัดอุบลราชธานีค่ะ
102-102617-70.wav	แล้วมีพลทหารนายหนึ่งนะครับเขาเป็นอ่าชาวจังหวัดสุรินทร์ค่ะนะฮะ
102-102617-73.wav	โอ้โหนี่ฮะคือน้ำกับไฟนะไปช่วยชาวบ้านนะครับพลทหารนายนี้นากรับ
8-8878-35.wav	ไปกันที่วัดดอนหวายตำบลดอนหวายอำเภอโนนสูงจังหวัดนครราชสีมานะคะ
102-102618-29.wav	ซึ่งก็จะเป็นตามรายชื่อของประเทศที่ทางกระทรวงสาธารณสุขจะประกาศทุกวันว่าเดินทางมาจากประเทศไหนบ้างนะครับ
8-8878-67.wav	แต่ละพื้นที่แต่ละจังหวัดมันก็มีความแปลกแล้วก็แตกต่างกันออกไป
8-8883-106.wav	การเดินทางก็สะดวกสบายมากยิ่งขึ้นไม่ได้ไปสร้างปัญหาให้กับคนในพื้นที่
102-102627-4.wav	ศพของนายโรธนรเบศหัดสดินเดชดำรงอายุ53ปี
102-102627-9.wav	ก็คือนายทัศพงศ์สุขพรมอินอายุ32ปีเป็นคนงานก่อสร้างค่ะ
102-102627-15.wav	ตอนนี้ศาลอนุมัติหมายจับนายทัศพงศ์สุพรมอิน
102-102627-20.wav	ซึ่งก็จะเห็นนายทัศพงศ์เดินลักษณะการเดินแบบเดินไปโวยวายไป
102-102627-27.wav	ก็เห็นนายทัศพงศ์เนี่ยเดินตะโกนโวยวายลักษณะมึนเมาคือลักษณะสติหลุดนะคะ
102-102627-31.wav	อีกมุมหนึ่งจะเห็นภาพวงจรปิดนะคะนายทัศพงศ์ขึ้นรถแท็กซี่สีชมพู
102-102627-38.wav	ขณะที่นายสมพงศ์นนทชัยซึ่งเป็นผู้ใหญ่บ้านหมู่10ตำบลไทรน้อยบอกว่า
102-102627-41.wav	พบว่านายทัศพงศ์เนี่ยโวยวายเหมือนคนเมาเหล้ากำลังด่าทอและขู่ทำร้ายแม่ตัวเอง
102-102627-53.wav	นางสาวกริตติกาบอกว่ากระเป๋าเงินพ่อหายไป
8-8889-0.wav	ค่ำคืนที่ผ่านมาแต่ละสาวงามเขาก็มาอวดชุดประจำจังหวัดกันโอ้โหอลังการมากนะคะ
8-8889-11.wav	ขอหยิบชุดส้มโอทัพทิม(ทัพทิม,ทับทิม)สยามค่ะของดีประจำจังหวัดมาประยุกต์เป็นชุดสุดเก๋นะคะ
15-15035-80.wav	โดยสาธารณสุขอำเภอบรรนังสตาคือนายปียพลอุเซงแมน<Mark>
15-15036-47.wav	ทางด้านของนายขจรศักดิ์เลิศอำนวยลาบอายุ73ปี<Mark>
15-15038-48.wav	นั่นก็หมายถึงนายภูวนัยหรือว่านายสิงสิริอายุ20ปีผู้ต้องหาคนนี้<Mark>
1-1115-22.wav	กรวดน้ำพระสงฆ์ให้พรเสร็จนะครับนายอนุทินก็ได้พบปะพูดคุยกับครอบครัวผู้เสียชีวิต
8-8895-101.wav	ไปพบสัญญาณอยู่ในพื้นที่จังหวัดสตูลนะครับ
8-8895-123.wav	แล้วบอกมีคนพาหนีแล้วก็บอกว่าคนนี้ชื่อว่านายเฉลิมพงศ์<MARK>เนี่ย
1-1116-57.wav	เป็นตัวแทนผู้บริหารมอบประกาศเกียรติคุณให้กับนางสาวแมะดะ
23-23671-123.wav	นายวัชระบอกว่าหลังมีโอกาสได้รู้จักกับนายทุนผู้ค้าตุ๊กแก่ส่งออก
1-1116-7.wav	เจ้าของก็คือนางสาวกระหนกวันบวรรัตนธรรมนะครับ
8-8895-120.wav	ตานิดรามดิตภูมิครับการตำรวจภูธรจังหวัดพัทลุงบอกว่า
1-1118-14.wav	แม่ค้าที่รับฝากจดหมายคือนางละมุนถ้าเกิดผลนะฮะ
23-23671-55.wav	สัปดาห์ที่ผ่านมานะครับทางเจ้าของก็คือนายมานะคุณโชธ
23-23672-32.wav	ตามไปจับกลุ่มตัวนายสการหรือในการอายุ27
23-23672-33.wav	และอีก1คนคู่หูของเขานายพานุเดชหรือนายแซมอายุ28
23-23672-49.wav	นายการหรือนายสการครับ
1-1120-16.wav	ครับทีนี้คนที่เป็นพ่อในครอบครัวนี้คือนายสุทัศน์อายุ58ปีเนี่ย
1-1120-22.wav	เราขึ้นเป็นผังครอบครัวให้คุณผู้ชมดูนะนายสุทัศน์กับภรรยา
1-1120-55.wav	ทีนี้ภรรยาของนายสุทัศน์อย่างนางอัญชาลา
1-1120-77.wav	ฟังเสียงคุณอัญชาลาภรรยาของนายสุทัศน์หน่อยค่ะ
1-1120-99.wav	ส่งรถฉุกเฉินมารับตัวนายสุทัศน์ไปแล้ว
8-8895-157.wav	บอกว่าอยู่ในพื้นที่จังหวัดสตูลเดี๋ยวรอติดตาม
23-23674-4.wav	ตอนนี้ครอบครัวหันไปพึ่งสิ่งศักดิ์สิทธิ์แล้วค่ะนางนิดดากอทรัพย์อายุเจ็ดสิบสามปี
23-23674-5.wav	น้องสาวของคนที่หายตัวไปนะคะคนที่หายตัวไปชื่อว่านายภัยบูลเอ๋งเอียงอายุ81ปีค่ะ
23-23675-38.wav	คือทั้งลูกสาวแล้วก็ลูกเขยลูกเขยคือนายบุญถมพันคล้อง
23-23675-72.wav	เป็นคลิปตอนที่คุณคมกริจชมบัวเป็นชาวจังหวัดสุรินทร์
23-23675-81.wav	คมกริจชมบัวอายุ29ปีเป็นชาวอำเภอลำดวนจังหวัดสุรินทร์
8-8908-0.wav	อยากให้ไปดูคือที่จังหวัดระยองหน่อยนะคะเพราะว่าตัวเลขยังคงเพิ่มขึ้นอย่างต่อเนื่อง
8-8908-13.wav	ไม่ได้ห้ามเดินทางเข้าออกจังหวัดระยองนะแต่ถ้าไม่จำเป็นจริงขอให้งดการเดินทาง
8-8909-32.wav	ก็เลยรีบเรียกรถพยาบาลให้มารับตัวนายเวียรพัฒน์(เวียรพัฒน์,วีรพัฒน์)
8-8909-45.wav	แต่นายวิรพัฒน์(วิรพัฒน์,วีรพัฒน์)เนี่ยมีปัญหาทางด้านการเงินมีปัญหาด้านรายได้ก็เลยหยุดส่งไป
8-8911-21.wav	นายพีรพัฒน์บุญมาเลิศ(พีรพัฒน์บุญมาเลิศ,พีรพัฒน์บุญมาเลิศ)อายุสามสิบแปดปี(สามสิบแปดปี,38ปี)
8-8911-37.wav	ไปเจอกับนางสาวมาลารินโต๊ะมิ(มาลารินโต๊ะมิ,มาลารินโต๊ะมิ)
8-8911-93.wav	นายธีรพันธ์สารพงศ์(ธีรพันธ์สารพงศ์,ธีรพันธ์สารพงศ์)นะครับ
23-23679-31.wav	บ่อใบไม้ชชิง2753กระบี่ของนายสุคล
23-23679-38.wav	ซึ่งเป็นบ้านที่นายสุคลอาศัยอยู่
1-1127-1.wav	วัยรุ่นที่ไปก่อเหตุรุมทำร้ายในแบงค์หรือนายนพรัชบุญรัฐ
1-1127-23.wav	คนที่มอบตัวประกอบไปด้วยนายวรพลกงประโคนหรือมอสอายุ23
1-1127-24.wav	นายวิกรมกงประโคนหรือกล้าอายุ22เป็นพี่น้องกันร่วมกันก่อเหตุ
1-1127-26.wav	นายสนทยากงทองหรือโจอายุ22ค่ะ4คนนี้นะคะ
1-1129-10.wav	บอกว่าจากการสอบปากคำนายสุพศผู้ต้องหาอ้างบอกว่า
1-1129-13.wav	ก่อนเกิดเหตุผู้ต้องหาก็คือนายสุพศเป็นผู้ต้องหา
8-8914-51.wav	อย่างไรก็ตามการเดินทางไปที่แขวงอัตตปือ(อัตตปือ,อัตตะปือ)
1-1129-23.wav	แล้วก็ไปล็อกคอพ่อของนายสุพศพ่อของผู้ต้องหาเอาไว้
1-1129-3.wav	หลังจากนั้นค่ะตำรวจก็ไปสอบปากคำพยานที่อยู่ในเหตุการณ์มีพยานบุคคลบอกว่าเห็นมือปืนก็คือนายสุพฤษสงวนพงศ์อายุ35ปีหรือว่าโหน่งเนี่ย
1-1129-42.wav	เพราะว่าตำรวจเองก็กลัวว่านายสุพศมือปืน
23-23681-3.wav	นายสุรชัยสร้อยทองหรืออิจฉายาหนึ่งคือต้นห้องน้ำถูกตำรวจคอมมันโดกองปราบคุมตัวมาบุคคลห้องพักแห่งหนึ่งย่านประชาชื่น
1-1129-46.wav	ถึงแม้ว่านายสุพศผู้ต้องหานะตอนนี้
1-1129-7.wav	ผู้ตายก็คือนายวิรัติศรีสวัสดิ์อายุ34ปีเป็นเซียนไก่ชนที่เป็นฝั่งผู้ชนะเนี่ยนะคะ
8-8914-65.wav	ว่าราชการจังหวัดอุบลราชธานีนายสริตวิทูล(สริตวิทูล,สฤษดิ์ วิทูรย์)ได้ตั้งกลุ่มไลน์(ไลน์,Line)ขึ้นมานะคะ
8-8914-66.wav	และตั้งศูนย์ช่วยเหลือผู้ประสบภัยแขวงอัตปือ(อัตปือ,อัตตะปือ)ที่ศาลากลางจังหวัดอุบลราชธานี
1-1132-11.wav	แล้วก็ถูกเจ้าหน้าที่ทางกัมพูชาจับตัวได้ที่จังหวัดประเวงค่ะ
8-8914-75.wav	สามารถเดินทางคว่า(คว่า,ข้าม)แขวงได้เป็นกรณีพิเศษ
23-23688-4.wav	นายธานีทองพักดีรองประหลัดกระทรวงการต่างประเทศนะคะ
15-15038-84.wav	นายสุภวิทย์หรือว่าบาสมริตอายุ22ปี<Mark>
8-8919-22.wav	แล้วก็สามีของนางหนึ่งฤทัยก็คือนายธีรยุทธ์(ธีรยุทธ์,ธีรยุทธ)กองยอดอายุสี่สิบปี(สี่สิบปี,40ปี)
8-8920-11.wav	คือนายละมูล(ละมูล,ละมวล)เป็นครูภูมิปัญญาท้องถิ่น
8-8920-9.wav	นายละมวลเมฆกระจาย(เมฆกระจาย,เมฆกระจาย)นะคะเรียกว่าเป็นครูภูมิปัญญาท้องถิ่นการแทงหยวก
1-1132-26.wav	ก็เดินทางมาพบกับพันธุ์ตำรวจเอกเบนจพล
15-15041-0.wav	นายคณะชนศรีเจริญนายอำเภอปากช่องเป็นประธานในพิธีเปิดโรงเรียนเบาหวานวิทยาคลินิกหมอครอบครัวเมืองปากช่อง<Mark>
8-8921-21.wav	ซึ่งพบว่านายธีระแทร่ตัน(แทร่ตัน,แซ่ตัน)อายุสามสิบสองปี(สามสิบสองปี,32ปี)
8-8922-10.wav	นายวิทยาวัฒน์(วิทยาวัฒน์,วิทยาวัฒน์)เปิดเผยกับทีมข่าวไทยรัฐทีวีว่า
8-8922-8.wav	โดยวันนี้ที่สภ.(สภ,สภ.)ปลายพระยาทางเจ้าหน้าที่ได้เชิญตัวนายวิทวัฒน์(วิทวัฒน์,วิทวัฒน์)พักสุธีโกศล(พักสุธีโกศล,พักสุธีโกศล)
8-8923-46.wav	ว่าราชการจังหวัดค่ะนายวิชวุฒิจินโต(วิชวุฒิจินโต,วิชวุฒิ จินโต)ลงพื้นที่ให้กำลังใจนะคะ
8-8923-48.wav	แต่ท่านนี้ค่ะนางสาวนีสะสนะ(นีสะสนะ,นิศนะ)อายุหกสิบปี(หกสิบปี,60ปี)นะคะ
8-8924-45.wav	เดินทางไปร่วมพิธีกดพิมพ์นำฤกษ์พระผงเสียงโตน
23-23698-146.wav	แต่ทีนี้พี่ผู้เสียหายทั้งสองคนคือพี่พงศกรแล้วก็นางสาวเพชรระวี
23-23698-21.wav	ผู้เสียหาย2คนคือนายพงศกรปาสาเนยุ35ปี
8-8926-13.wav	ผู้ต้องหาก็คือนนายพิสารทองมุนี(พิสารทองมุนี,พิศาลทองมุนี)อายุสามสิบแปดปี(สามสิบแปดปี,38ปี)ค่ะ
8-8926-37.wav	คือนายสาคอน(สาคอน,สาคร)มีด้วยกันสามคน(สามคน,3คน)
8-8927-10.wav	ก็เป็นจังหวะที่คุณแม่เดินทางมาจากต่างจังหวัดพอดี
8-8927-20.wav	อย่างพี่ไปเดินทางเดี๋ยวนี้มันก็มีถึงเจ็ดคนแปดคน(เจ็ดคนแปดคน,7-8คน)
8-8927-6.wav	รถตู้คันใหม่มาเพื่อความสะดวกสบายในการเดินทางเนี่ยเวลาเขาไปทำบุญเนี่ยตามที่เห็นหน้าจอเลยไปกันแน่นเลยค่ะ
1-1132-8.wav	เป็นการเตรียมรับตัวนายปัญญายิ่งดังหรือว่าเสี่ยอ้วนผู้ต้องหาคดีฆ่าฟอส
8-8928-3.wav	ติดตามจากคุณสมศักดิ์ศรีชุ่ม(ศรีชุ่ม,สีชุ่ม)รายงานมาจากอำเภอเมืองจังหวัดนครศรีธรรมราชค่ะ
102-102627-68.wav	ตอนตำรวจเนี่ยตำรวจภูธรจังหวัดนนทบุรีกับตำรวจสืบสวนภูธรภาค1
1-1134-28.wav	มีนางสมหมายอยู่เล่ซึ่งไปขอเลขเด็ดที่วัด
23-23702-14.wav	ชื่อนายอภิเชษศรียานเกมวัย23ปี
23-23702-15.wav	นายสุธิชัยขาวเหลือ21ปี
23-23702-16.wav	แล้วก็นายสุภกิจรักจำรูนอายุ32ปีนะคะ
23-23704-128.wav	ทีนี้มันก็เลยทำให้สุมนทากับนายทนงเนี่ยเขาก็ยิ่งใกล้ชิดกันอีก
23-23704-139.wav	กับนางสาวสุมนทาที่เป็นคนเจ็บนะเขาก็สนิทกันสามคนนี่แหละ
8-8929-50.wav	โดยนายจตุพัฒน์บุญพัฒระรักษา(บุญพัฒระรักษา,บุญภัทรรักษา)หรือภัย(ภัย,ไผ่)ดาวดิน
8-8929-77.wav	นายพระฤทธิวรักษ์(พระฤทธิวรักษ์,พริษฐ์ ชิวารักษ์)เรือนจำพิเศษกรุงเทพนางสาวปรัศดาสิทธิจิระวัฒนากุล(ปรัศดาสิทธิจิระวัฒนากุล,ปนัสยา สิทธิจิรวัฒนกุล)
8-8929-80.wav	ซึ่งตัวของนายอานนท์นำพา<MARK>นั้นสาร(สาร,ศาล)อุทธรณ์ให้ประกันตัวไปแล้วตั้งแต่เมื่อวานนะครับ
23-23704-155.wav	ส่วนนางสาวสุมนทาตอนนี้ก็เจ็บหนักยังอยู่โรงพยาบาล
23-23704-19.wav	ชื่อนางสาวสุมนทาอายุ42เป็นอดีตภรรยาของนายอำนาจผู้ตาย
8-8931-0.wav	วัดพระปรางมุณี(ปรางมุณี,ปรางค์มุนี)แห่งนี้ที่ตำบลม่วงหมู่(ม่วงหมู่,ม่วงหมู่)อำเภอเมืองจังหวัดสิงห์บุรีครับโดดเด่นไม่เหมือนใครจริงคุณผู้ชมดูฮะทองอร่ามแบบนี้เลยทั้งพระอุโบสถศาลาการเปรียญกุฏิเจดีย์ห้องน้ำก็ถูกทาให้เป็นสีเหลืองทองไม่เว้นแม้แต่อะไรรู้ไหมฮะเมรุเผาศพครับเมรุที่ใช้เผาศพโรงศพ(โรงศพ,โลงศพ)แล้วก็ราชรสไม้ที่ไว้ใช้แห่ลง(แห่ลง,แห่โลง)
23-23704-20.wav	และเป็นแฟนของนายธนงผู้ที่ก่อเหตุนายทนงที่เป็นแฟนใหม่นะครับ
8-8932-34.wav	บอกเขาว่าจะไปที่จังหวัดนี้ตำบลนี้เดี๋ยวเขาก็จะแนะนำให้
8-8932-38.wav	ผมด้วยความที่ไม่เคยเดินทางป1ป2คืออะไร
15-15050-15.wav	นายสมเกียจอนุราชรองประธานกรรมการหอการค้าไทยระบุว่า<Mark>
1-1139-17.wav	รวมถึงนางนภาพรพึ่งวรังคณาค่ะ
8-8934-20.wav	ปลัดอบต.(อบต.,อบต.)เขาเห็นว่ามีการรายงานว่าพี่น้องประชาชนที่จะเดินทางกลับสู่ภูมิลำเนาเนี่ยหลายคนไม่กล้าที่จะจอดแวะพักผ่อนตามจุดบริการของ
23-23704-21.wav	นี่ครับจากนั้นอีกไม่กี่นาทีตรงนี้ฮะนายทนงก็เอามีดไปแทงนายอำนาจ
23-23704-22.wav	นะฮะนี่เป็นหน้าโบสถวัดช่องลมอำเภอเมืองจังหวัดรัชบุรีเมื่อคืนนี้นะครับ
8-8938-16.wav	นายวิรัติ(วิรัติ,วิรัตน์)หารชัยวัยห้าสิบสามปี(ห้าสิบสามปี,53ปี)ลูกชายของหลวงปู่บอกว่า
15-15050-43.wav	โดยมีนายสมคิตจาตุศีพิทักษ์รองนายกรัฐมนตรี<Mark>
1-1139-48.wav	ขณะที่ครอบครัวศรีแพ้วค่ะที่เดินทางมาจากเกาะสมุยจังหวัดสุราษฎร์ธานีนะคะ
1-1142-79.wav	ร่วมกับนายอาชริยะเรืองรัตนพงศ์แม่บอกว่าแม่ตกใจนะ
23-23704-31.wav	ส่วนนางสาวสุมนทาที่เป็นอดีตภรรยาของผู้ตายแล้วก็เป็นแฟนของผู้ก่อเหตุ
23-23704-34.wav	นายถนงคนก่อเหตุหลังก่อเหตุหนีไปนะครับก่อนจะกลับมามอบตัวกับตำรวจ
1-1148-11.wav	ส่วนนายภูวริสแซ่ลีหรือไร้เพื่อนสนิทซึ่งมากับตำรวจ
8-8941-11.wav	เป็นห้องเช่าชั้นเดียวนะคะพบศพนายเฉลิมบัวอ่อน<MARK>อายุสี่สิบหกปี(สี่สิบหกปี,46ปี)หรือในปาน(ปาน,ปาน)ค่ะ
1-1148-13.wav	จากนั้นนายนิวออกมาเอาเสื้อเกาะของดาบตำรวจชินเข้าไปในห้อง
23-23704-55.wav	บอกว่าพ่อกับแม่แล้วก็นายถนงคนแทงคนก่อเหตุเนี่ย
23-23704-58.wav	ก็คือนายอำนาจที่เสียชีวิตกับนางสาวสุมนทาที่บาดเจ็บสาหัสอยู่
23-23704-62.wav	จากนั้นพ่อกับนายถนงก็มีปัญหามาเรื่อย
8-8941-63.wav	ภายในมีตำรวจสี่นาย(สี่นาย,4นาย)ขับไปที่บ้านเช่าที่คนร้ายซ่อนตัวอยู่
1-1148-20.wav	เพื่อจับนายนิวเอเย่นค้ายาเสพติด
8-8943-148.wav	นายอาชิริยะ(อาชิริยะ,อัจฉริยะ)บอกว่าเขาจะต้องตรวจสอบโรงพยาบาลพระรามสอง(พระรามสอง,พระราม2)นะครับ
8-8943-152.wav	แล้วยี่สิบพฤศจิกายน(ยี่สิบพฤศจิกายน,20พฤศจิกายน)นายอาชิริยะ(อาชิริยะ,อัจฉริยะ)บอกว่า
8-8946-0.wav	ที่ได้ดูบรรยากาศนะคะการเดินทางไปขอโชคลาภในหลายจังหวัดแล้วนะคะ
1-1148-2.wav	ก็คือดาบตำรวจชิงเก่งสิริตำรวจสภ.เสม็จจังหวัดชลบุรี
8-8947-1.wav	ที่วัดป่าประดูก(ประดูก,ประดู่)พระอารามหลวงจังหวัดระยอง
8-8948-5.wav	มีแล้วคุณผู้ชมครับไปเลยครับที่จังหวัดเชียงใหม่ครับ
8-8950-20.wav	เราได้เจอกับพยาบาลท่านนี้นะฮะก็คือนางสาวนัตยา(นัตยา,ณัฐยา)ทวีผลอายุสามสิบสองปี(สามสิบสองปี,32ปี)
23-23705-36.wav	แล้วก็มีนายเรืองไกรลีกิจวัฒนะ
23-23705-51.wav	นายประยงปรียาจิตเลขาธิการ
23-23706-4.wav	เริ่มต้นกันที่ป่าไปที่บริเวณน้ำน้ำมูลที่สวนเฉลิมพระเกียรติสมเด็จพระบรมราชนีนาฏจังหวัดสุรินทร์
8-8952-15.wav	เมื่อวานเมื่อวันก่อนทางด้านของนายมนูลอาสาวัง(มนูลอาสาวัง,มนูญ อาสาวัง)
8-8952-26.wav	ทางด้านของนายสยามสิริมงคล(สยามสิริมงคล,สยาม ศิริมงคล)ผู้ว่าราชการจังหวัดนครพนมก็สั่งการให้สำนักโยธาและผังเมืองเร่งหาทางป้องกันไม่ให้ชาวบ้านเดือดร้อนอีกนะครับ
1-1157-10.wav	ก็ประกอบด้วยนายอดีลักษณ์ทรงวัดนางสาวพัทรสุดาบัวผัน
1-1157-11.wav	และนางสาววันวิสาอุดมวัฒนาล่าสุดทั้งสามคนปลอดภัยแล้วนะคะ
8-8956-21.wav	ขณะที่สิบตำรวจตรีเจ็ดนริน(เจ็ดนริน,เจษฎา)โหมแพน(โหมแพน,หอมแพน)สังกัดตชด.(ตชด.,ตชด.)124ตาพระยาพร้อมเพื่อนตำรวจตชด.(ตชด.,ตชด.)124อีกสักประมาณสามสี่นาย(สามสี่นาย,3-4นาย)
1-1160-6.wav	นี่เขาพูดแบบนี้นะนะฮะนายจรินธรรมวัฒนะหรือว่าจินนะครับ
8-8957-27.wav	ชื่อนางจรัสวิชาราช(จรัสวิชาราช,จรัสวิชาราช)อายุห้าสิบสามปี(ห้าสิบสามปี,53ปี)นะคะ
1-1160-7.wav	สามีของคุณหนิงปณิตานะครับไปกับนายสิทธาเบี้ยบังเกิดหรือทนายตั้มครับ
1-1160-9.wav	นางสาวอิสรินจุธาสุขสวัสดิ์หรือคุณกระติก
1-1162-6.wav	ค้ายาข้ามชาติตำรวจสอบสวนนายเฉินยู่หนิงอายุ33
1-1162-8.wav	คือนายอภิญญาอายุยี่สิบสี่ปีครับก่อนหน้านี้บุกไปรวบตัวทั้งหมดได้
8-8959-26.wav	นางสาวธัญชนกสะศรี(สะศรี,สะสิก)อายุสามสิบห้าปี(สามสิบห้าปี,35ปี)เจ้าของรถ
1-1165-14.wav	นายโดนัลด์ทรัมป์ผู้แทรกนางฮิลาลีคลินตัน
1-1165-18.wav	สนับสนุนนางฮิลาลีได้แปรเปลี่ยนวลีผู้หญิงน่ารังเกียจของทรัมป์
1-1165-19.wav	ให้กลายเป็นการเสริมสร้างพลังหญิงและการสนับสนุนนางคลินตัน
1-1166-16.wav	นางบุญฤทธิ์จ้องการเจ้าของร้านขายของชำที่เป็นจุดเกิดเหตุเนี่ย
1-1166-19.wav	ผู้ตายก็คือนายเอกธวัชชัยกับลูกชายของเธอเนี่ย
1-1166-7.wav	ผู้ตายเนี่ยชื่อนายเอกธวัชชัยชูบุญศรี
1-1168-12.wav	แต่ว่านายสมเกียจเห็นว่าน่าจะเป็นระเบิดก็ได้ห้ามไว้นะคะ
1-1168-3.wav	เดินทางไปตรวจสอบระเบิดนะคะที่บ้านของนายสมเกียจคุยมา
1-1168-9.wav	จึงช่วยกันนำขึ้นไปวางไว้ที่ลานหน้าบ้านของนายสมเกียจ
1-1179-18.wav	ก่อนหน้านั้นนายตนุพัฒน์เลิศทวีวิทย์หรือว่าปอน
1-1179-19.wav	แล้วก็นายภัยบูลศรีกาญจนานันต์หรือว่าโรเบิร์ตเนี่ย
1-1183-27.wav	ปรากฏมีโทรศัพท์เข้ามาโทรศัพท์นั้นน่ะปลายสายคือนางสาวรัชนกวงศะ
1-1184-14.wav	นักบุญเปรโตอำเภอสามพลานจังหวัดนครปฐม
1-1184-60.wav	นัทชายกิตโมข่าวไทยรัฐทีวีรายงานจากจังหวัดนครปฐมค่ะ
1-1186-10.wav	เธอเล่าบอกว่าฝากลูกเอาไว้กับนายอังคาเทเป็นลุงของน้องนะคะ
1-1186-12.wav	คืนวันที่12นายอังกาเทกับพระยักษ์ก็ต้องไปทำงานกลางคืนเหมือนกัน
1-1186-18.wav	แต่ปรากฏว่าลูกชายของนายอังคาเทอายุ6ขวบ
1-1186-25.wav	ขณะที่ผู้ดูแลห้องเช่านี้นะคะนายสุพศค่ะบอกว่าเชื่อว่า
1-1186-37.wav	นายอังคาเทลุงของเด็กชายวัยและนางสาววินซอทักแม่ของน้องเซน
1-1191-12.wav	ด้านนายสุจิตวงเทศนักเขียนชื่อดังด้านประวัติศาสตร์
1-1195-4.wav	โกแปดบนถนนรัฐกาลอำเภอหาดใหญ่จังหวัดสงขลาครับเมื่อช่วงเช้าที่ผ่านมานะครับ
1-1206-30.wav	ชื่อว่านายสมพรวุฒิมาอายุ32
1-1206-36.wav	กู้ภัยชื่อว่านายณัฐพลบุญมีเขาบอกว่า
1-1213-17.wav	นายสุวรรณเครือคำอายุ64ปี
1-1214-26.wav	นายธนากรพุนนิติพร
1-1216-32.wav	พ่อของนายธีรเดชสมศักดิ์อายุ43ปีซึ่งเป็นผู้ก่อเหตุนะฮะ
1-1216-34.wav	เพื่อจับกลุ่มลูกชายก็คือนายธิรเดช
1-1218-27.wav	นายสิริสักบุญเพ็งอายุ23ปี
1-1220-133.wav	นายรณรงค์แก้วเพชรนะครับที่เข้ามาช่วยเหลือตรงนี้นะครับ
1-1221-16.wav	เจ้าของร้านคือนายปริญญาปานซิงนะคะเขาก็แจ้งความกับตำรวจที่สภ.เมืองพัทยา
1-1221-8.wav	คนที่นั่งอยู่ที่เก้าอี้นี่นะคะคือนายนามินคิมค่ะ
1-1223-18.wav	ชื่อว่านายอนุพงศ์กล้าวเกรดอายุ30
1-1223-41.wav	นายอนุพงศ์คนขับกระบะเร่งเครื่องหนีออกมาจากด่านตรวจ
1-1226-28.wav	คนขับรถบัตรชื่อว่านายอานนท์คำดีวันอายุ37ปี
8-8963-18.wav	นางสาวศิริพรวงพระจันทร์<MARK>คนเห็นเหตุการณ์บอกว่า
23-23709-303.wav	ตำบลกระทู้อำเภอกระทู้จังหวัดภูเก็ตนะฮะส่วนทางฝั่งนี้ก็คืออุตสนใช่ไหมอุตสนในฐานะตัวแทนก็มาดูแลที่นะครับผมจะรับเรื่องไว้เพราะว่าอ้างถึงลำลางสาธารณะโฉนดเลขที่6867แล้วก็อีก34โฉนดคุณพอรู้เรื่องไหมถนนนี้แปลงเดียวกันหรือเปล่า
23-23714-18.wav	เจ้าของชื่อว่านางสาวยานิกาศรีรอดค่ะเธอบอกว่านี่คือการทำตามความฝันของตัวเองที่อยากเปิดร้านอาหาร
23-23719-50.wav	ทีนี้อีกหนึ่งท่านเราไปสอบถามก็คือนายจักรพันธ์เพ็งประโคน
23-23721-47.wav	เพื่อนบ้านที่อยู่บ้านใกล้กันนางหลีฟ่าใจตรงอายุ81ปี
23-23730-11.wav	โดยนางสิริพันธ์นกสวนสวัสดี
23-23739-19.wav	นางสาวจุธาทิพย์ขวัญเพ็งอาสาตำรวจคุมงานในพื้นที่ก็เล่าให้ฟังนะคะว่า
8-8963-40.wav	ระบุชื่อของเขาแหละนายสุรชัยมิ่งขวัญ<MARK>
23-23741-3.wav	จากล้องวงจรปิดจับภาพไว้ได้ครับชื่อว่านายปาร์คเกอร์วิวสันบิชอบนะครับ
8-8963-42.wav	ก็เพราะว่านางสาวนิสาชนสังขะ<MARK>เป็นพี่สะใภ้
8-8963-9.wav	สกัดจับนายสุรชัยมิ่งขวัญ<MARK>หรือว่าเบนซ์อายุ25ปีค่ะ
8-8964-35.wav	ก็เพราะว่าเป็นจังหวัดที่มีความเสี่ยง
8-8965-13.wav	อันนี้คือเรื่องราวที่คุณตาหรือว่านายเที่ยงอุ่นรำ<MARK>วัย80ปี
8-8965-34.wav	พอเราถามไปนายน้อยก็บอกว่าไม่จริงเลยไม่เคยไล่เลย
8-8966-22.wav	ท่านหนึ่งที่พูดเรื่องนี้คือทางด้านของนายเฉลิมพลเพชรสูตร<MARK>ครับ
8-8966-5.wav	ทีนี้ทางด้านของนายชายชาญเจริญสุข(ชายชาญเจริญสุข,ชัยชาญเจริญสุข)ครับ
8-8974-10.wav	ตั้งอยู่เลขที่168หมู่12ตำบลหนองไผ่อำเภอหนองภัย(หนองภัย,หนองไผ่)จังหวัดเพชรบูรณ์นะ
8-8974-2.wav	สำนักศักยันต์อาจารย์เหล็กดำ<MARK>จังหวัดเพชรบูรณ์
8-8976-24.wav	ส่วนนางรำคณะนี้ก็ยิ่งใหญ่ไม่แพ้กัน
8-8978-9.wav	คนเสียหายเนี่ยชื่อว่านางสาวเวรุรีบิสยาเฉลิมวง<MARK>อายุ32ปี
8-8984-0.wav	ช่วงนี้ต้องระวังค่ะเดินทางนะคะ
8-8989-14.wav	ซึ่งนายบุญจันทร์นาบ้านทรง<MARK>นะครับหัวหน้าคณะแล้วก็ผู้จัดการ
8-8989-15.wav	รวมถึงนายคำปุ่นมาบ้านทรง<MARK>ก็บอกนะครับว่ามั่นใจว่ามีทีเด็ดที่มากกว่า
8-8992-35.wav	พูดว่ามนุษย์ต่างดาวพร้อมจานบินมาลงที่จังหวัดเลย2อาทิตย์แล้ว
8-8993-0.wav	กรณีของนายภูล่า<MARK>ที่ไปฆ่าคุณยายมะลิกับน้องจิลโดยใช้มีดปาดคอ
8-8993-2.wav	แล้วก็ภรรยาของนายภูล่า<MARK>ก่อนหน้านี้เขาเคยให้สัมภาษณ์กับสื่อนะ
8-8993-42.wav	คือนางสาวนิรมนต์อิ่มสวัสดิ์<MARK>
8-8993-55.wav	ส่วนทางด้านภรรยาทางด้านญาติของนายภูล่า<MARK>
8-8993-5.wav	จริงเขาไม่ได้ติดใจอะไรเพราะว่าก็รู้ว่าภรรยานายภูล่า<MARK>
8-8993-61.wav	แต่สำหรับตัวผู้ต้องหาคือนายภูล่า<MARK>
8-8993-9.wav	ก็ถูกนายภูล่า<MARK>ชาวลาวปาดคอเสียชีวิต
8-8994-16.wav	ถ้าเขาใช่แล้วมือของเจ้าหน้าที่แต่ละนาย
8-8994-3.wav	ไปกันสัก45(45,4-5)นายได้มั้งฮะพร้อมไม้กระบองกุญแจมือ
8-8997-28.wav	พยายามนำเชือกไปคล้องที่ตัวของวัวจากนางโบ๊ท
8-8999-47.wav	ให้ทั้งนายบุญทรงนายภูมิและนายมณัฐ(มณัฐ,มนัส)
9-9002-16.wav	ฝ่ายสามีคือนายพยักษ์บัวพรมมา<MARK>อายุ29ปี
9-9002-17.wav	แล้วก็ภรรยาคือนางชนะพรนาดี<MARK>อายุ27ปี
9-9002-22.wav	แล้วก็นายพยักษ์<MARK>ก็เล่าปกติก็จะเร่ขายลอตเตอรี่ที่ศรีสะเกษ
9-9004-23.wav	พยาบาลสาวคนนี้คือนางสาวพรสวรรค์<MARK>
9-9008-37.wav	ก็คือนายชัยวัด(ชัยวัด,ชัยวัฒน์)ชัชเวศ(ชัชเวศ,ชัชเวช)
9-9010-11.wav	ให้พิจารณาเพิ่มข้อหาต่อนายเจนพบ(เจนพบ,เจนภพ)
9-9010-7.wav	เปิดเผยหลังการประชุมติดตามความคืบหน้าการดำเนินคดีกับนายเจนพบ(เจนพบ,เจนภพ)วิรพร(วิรพร,วีรพร)
9-9012-153.wav	แล้วก็ล่าสุดนะนายมงคลกิจ(มงคลกิจ,มงคลกิตติ์)หรือว่าสส(สส,ส.ส.)เต้นะ
9-9013-12.wav	นายสมชาติ<MARK>เนี่ยสะบักสบอมร่างกายในบอบช้ำมีเลือดออกทางจมูกศีรษะก็บวม
9-9013-8.wav	เหตุการณ์นี้เนี่ยนะฮะก็เป็นวัยรุ่น5คนไปรุมทำร้ายร่างกายนายสมชาติชัยเดชะ<MARK>
9-9014-34.wav	วัดบันไดทองจังหวัดเพชรบุรี
9-9020-27.wav	เดินทางไปร่วมพิธีอาบน้ำมนต์มายราบ(มายราบ,ไมยราพ)ค่ะพร้อมลงคาถาปัดเป่าสิ่งไม่ดีที่ฝ่ามือ
9-9020-31.wav	แล้ววัดแห่งนี้พี่ยิ่งยงแล้วก็ครอบครัวเดินทางมาทำบุญเป็นประจำอยู่แล้วค่ะ
9-9021-31.wav	เราก็เลยไปคุยกับชาวบ้านในพื้นที่นะฮะก็คือนายธนสารสมบัติ<MARK>
9-9026-34.wav	นางสมบูรณ(สมบูรณ,สมบูรณ์)แตงบู่<MARK>เจ้าของบ้านบอกว่าได้ไปว่าจ้างทวีโต๊ะจีน
9-9030-68.wav	นางสาวจิตรวรรณภัยพนา<MARK>คนที่โพสต์เรื่องนี้บอกว่า
9-9032-2.wav	บุกเข้าทำร้ายนายสามารถหงกลาง<MARK>คนขับรถประจำทางสายดังกล่าว
9-9032-60.wav	กล่าวว่าวันเกิดเหตุนายสามารถ<MARK>ได้โทรศัพท์มาแจ้งว่ารถเกิดอุบัติเหตุเฉียวชน(เฉียวชน,เฉี่ยวชน)กับรถเก๋ง
9-9032-62.wav	ส่วนนายสามารถ<MARK>ได้กลับมาที่อู่โดยพบว่ามีแผลถูกทำร้ายที่เบ้าตาซ้าย
9-9032-65.wav	พบมีรถจอดกีดขวางนายสามารถ<MARK>จึงได้วิ่งเลนกลาง
9-9032-7.wav	นางสาวสุกัญญาชื่นชูเดช<MARK>อายุ48ปีหญิงสาวคนขับรถเก๋ง
9-9033-26.wav	พบศพนายขบวน<MARK>ถูกยิงด้วยปืนลูกซอง
9-9033-82.wav	การตายของนายขบวน<MARK>สร้างความโศกเศร้าเสียใจให้กับภรรยาและญาติ
9-9033-85.wav	ศพของนายขบวน<MARK>ถูกนำไปบำเพ็ญกุศลที่วัดชะอวดอำเภอจุฬาภรณ์
9-9035-46.wav	เมื่อมาถึงก็พบเรือเครื่องของนายสมพงศ์<MARK>จอดอยู่จริง
9-9035-48.wav	ก็เลยคาดว่าระหว่างที่นายสมพงศ์<MARK>กำลังจอดเรืออยู่กลางคลอง
9-9035-54.wav	จนเกิดการที่ไฟช็อตนายสมพงศ์<MARK>ตกน้ำ
9-9037-2.wav	ชื่อว่าข้าวแสนน้ำแตงโมนางเล็ก<MARK>ค่ะ
9-9039-10.wav	เด้ง5เสือบุบผาราม(บุบผาราม,บุปผาราม)ค่ะ5นายด้วยกันนะคะ
9-9040-31.wav	ก็มีนางสาวนิราพรอ่อนขาว<MARK>นักศึกษาปี3คณะศิลปศาสตร์
9-9040-36.wav	นางสาวนิรพร(นิรพร,นิราพร)<MARK>ได้รับการประกันตัวไปเป็นจำเลยที่2
9-9041-19.wav	อำเภอโนนสุวรรณจังหวัดบุรีรัมย์ครับเมื่อวันที่19กรกฎาคมที่ผ่านมา
9-9041-21.wav	พบนายฉลอม<MARK>อายุ66ปีพ่อของผู้ก่อเหตุ
9-9041-58.wav	นางสาวธิดารัฐ<MARK>ฟังแม่บ้าง
9-9042-49.wav	โรงเรียนกีฬาโคราชชื่ออนุภาพเทียประสงค์<MARK>อายุเป็นชาวจังหวัดนครราชสีมา
9-9042-51.wav	ส่วนฝ่ายน้ำเงินนะครับเผาดง(เผาดง,เพชรดง)นงลักษ์กุ้งเผาชื่อสุพลแสงเพ็ง<MARK>อายุ17ปีเป็นชาวจังหวัดสุรินทร์ชกมาแล้ว68ครั้งชนะ50ครั้งแพ้16ครั้งและเสมอ2ครั้ง
9-9044-108.wav	ย้ำนะฮะนี่คือการให้สัมภาษณ์ของนายกรัฐมนตรี
9-9044-110.wav	เพราะว่าที่ทำเนียบรัฐบาลนายกรัฐมนตรี
9-9044-29.wav	นางสาวกุลยาตันติเตมิตรนะคะ
9-9044-79.wav	ตัวของนายวิโรธ(วิโรธ,วิโรจน์)เองบอกก็ค่อนข้างกังวล
9-9044-86.wav	วันนี้ล่าสุดเลยดีกว่าคุณคงอยากจะฟังเสียงท่านนายกว่า
9-9045-110.wav	จากการซื้อกล่องสุ่มพิมพิธิพาย(พิมพิธิพาย,พิมรี่พาย)ไปแจ้งความที่สภ.ปากเกร็ดจังหวัดนนทบุรี
9-9045-116.wav	นายรณรงค์บอกว่าอยากให้ตำรวจช่วยตรวจสอบว่าคนที่แอบอ้างให้โอนเงินเป็นใครเกี่ยวข้องกับคุณพิมพิริพาย(พิมพิริพาย,พิมรี่พาย)จริงหรือไม่
9-9046-99.wav	เรื่องเหล่านี้นายเนติวิทย์ก็บอกว่าให้นายกสโมสินกรรม(สโมสินกรรม,สโมสรนิสิต)มาตอบด้วยนะคะ
9-9047-11.wav	ทีมข่าวไทยรัฐทีวีก็โทรศัพท์ไปสอบถามนายธนโชธ(ธนโชธ,ธนโชติ)แซ่อึ้ง<MARK>เจ้าของร้าน
9-9047-14.wav	จังหวัดพระนครศรีอยุธยาแล้วก็เข้ามาหยิบบันไดแซนเล็ต(แซนเล็ต,สแตนเลส)ออกไปอย่างไม่ลังเลค่ะ
9-9051-13.wav	นั่นก็คือนายศักดาจินดาทรัพย์<MARK>ซึ่งเป็นเสีย(เสีย,เสี่ย)เจ้าของโรงน้ำแข็งอายุ68ปี
9-9051-14.wav	กับภรรยาก็คือนางบุญเรือง<MARK>อายุ65ปีนะคะก็ประสบอุบัติเหตุ
9-9051-15.wav	ทั้งตัวเสีย(เสีย,เสี่ย)ศักดา<MARK>และภรรยาคือนางบุญเรือน(บุญเรือน,บุญเรือง)<MARK>ไม่ได้รับบาดเจ็บอะไรนะ
9-9052-12.wav	นางสาวปริยาเพียรสูงเนิน<MARK>นะคะบอกว่า
9-9052-18.wav	นายสมศักดิ์บุญชม<MARK>อายุ34ปีค่ะ
9-9052-35.wav	นางสาวนัทธรรมนัฐ<MARK>นี่บอกว่า
9-9052-4.wav	และเกิดภาพนี้ขึ้นมาที่โรงพยาบาลเจ้าพระยาอภัยภูเบศ(อภัยภูเบศ,อภัยภูเบศร)อำเภอเมืองจังหวัดสมุทรปราการค่ะ
9-9054-44.wav	นักข่าวบอกว่านางคำฟอง<MARK>ปากสั่น
9-9054-47.wav	แล้วตอนนั้นนางคำฟอง<MARK>ก็บอกว่า
9-9054-81.wav	มีตำรวจเดินเข้าไปสอบถามนางคำฟอง<MARK>
9-9054-83.wav	ดูสินางคำฟอง<MARK>ไม่ได้กลับนะคะ
9-9054-85.wav	เรียกนางคำฟอง<MARK>ไปคุยพักหนึ่ง
9-9055-0.wav	ครับคลิปต่อไปนี้ดูแล้วก็เห็นอกเห็นใจตำรวจโดยเฉพาะเป็นตำรวจชั้นผู้น้อยเขาทำงานอย่างหนักแล้วก็ปฏิบัติตามหน้าที่มีกลุ่มคนกลุ่มหนึ่งหัวกินเกียร(หัวกินเกียร,หัวเกรียน)หน่อยนะฮะไปเปิดเพลงเสียงดังตอนประมาณสักตีหนึ่งครับที่จังหวัดนครพนมตำรวจเข้าไปตักเตือนเอาเบาเสียงหน่อยได้ไหมชาวบ้านเขารำคาญสุดท้ายโดนท้า
9-9057-29.wav	เดินทางไปที่สน.ยานาวา(ยานาวา,ยานนาวา)แล้วครับ
9-9060-1.wav	ที่ติดเชื้อคนแรกโดยไม่มีประวัติเดินทางไปต่างประเทศมาก่อนเลย
9-9066-55.wav	ไปคุยกับทางอาสาป่อเต็กตึงที่เข้าช่วยเหลือนายเฉลิมนาค<MARK>และนายสมเกียจ(สมเกียจ,สมเกียรติ)นะคะ
9-9070-18.wav	ตลอดทั้งวันที่ผ่านมาภารกิจการค้นหานายโกวิทมังคลาด<MARK>
9-9070-22.wav	พร้อมกับนายวรพฤษ(วรพฤษ,วรพฤกษ์)<MARK>เพื่อนสนิท
9-9070-64.wav	เดี๋ยวจะเร่งสอบปากคำนายวรพฤษ(วรพฤษ,วรพฤกษ์)<MARK>เพื่อนของผู้สูญหาย
9-9070-66.wav	เพราะจากการสอบปากคำนายวรพบ(วรพบ,วรพฤกษ์)<MARK>เบื้องต้นเนี่ยนะคะ
9-9070-72.wav	ผู้ชายคนนี้นายวรพฤษ(วรพฤษ,วรพฤกษ์)<MARK>พูดจาให้การวกไปวนมา
9-9075-22.wav	เป็นชาวบ้านหมู่5ตำบลเขาไม้แก้วอำเภอกบินทร์บุรีจังหวัดปราจีนบุรีครับ
9-9075-24.wav	ตอนนี้ก็อายุ1ปีแล้วตัวเขานะครับเวลาไปไหนเนี่ยเจ้านางเนี่ยสุนัขตัวนี้จะไปด้วยแล้วนี่เขาทำอะไร
9-9075-41.wav	มาขอซื้อเจ้านางบอกขอซื้อไปเลี้ยงต่อได้ไหม
9-9077-21.wav	4คนคือนายโจนายโจคือคนผมยาวแล้วก็มัดผมที่เห็นในกล้องวงจรปิดเมื่อสักครู่
9-9081-10.wav	แล้วตัวนักธุรกิจนายชางคุณ<MARK>เขาไม่อยู่เขาไปกัมพูชา
9-9081-51.wav	นอกจากนั้นก็จะมีนายนรนาศ(นรนาศ,นรนาถ)ชูจิต<MARK>หรือว่าขลุยอายุ37ปี
9-9081-52.wav	อีกคนนึงคือนายอัครพันธ์ภูผา<MARK>หรือว่าแฟรงค์อายุ29ปี
9-9081-8.wav	คือนายชางคุณ<MARK>อายุ40ปี
9-9083-23.wav	เพียงต้นเดียวที่อยู่หน้าบ้านของนายอรุณหนูรอด<MARK>ตั้งอยู่เลขที่259
9-9083-4.wav	คุณเขมสอนอยู่ในพื้นที่หมู่10ตำบลนาโนธ(นาโนธ,นาโหนด)อำเภอเมืองจังหวัดพัทลุงนะฮะ
9-9085-39.wav	ซึ่งมีความเห็นมาจากนายชาวลิศ(ชาวลิศ,ชวลิต)วิชยสุทธิ(วิชยสุทธิ,วิชยสุทธิ์)
9-9086-24.wav	นายขจรพินิศศักดิ์<MARK>คนนี้เป็นเพื่อนของนายคณิน<MARK>
9-9086-7.wav	หลังมีคนแจ้งเหตุไปถึงไปพบค่ะกับนายสุวิทโต(สุวิทโต,สุวิทย์)อมรพันธ์<MARK>อายุ50ปี
9-9086-8.wav	นายคนนี้นะคะคุณลุงท่านนี้เนี่ยคุณลุงสุวิทย์<MARK>มีอาชีพขับรายเดอร์ส่งอาหาร
9-9090-39.wav	ท่านนายกอบต.ดาวเรืองครับท่านสว่างสามเปรม<MARK>
9-9093-0.wav	คุณผู้ชมคะยังมีอีกหนึ่งคดีที่เราก็ยังคงเกาะติดแล้วก็ตามอัปเดตความคืบหน้าให้อยู่สำหรับกรณีอุ้มฆ่าเสีย(เสีย,เสี่ย)สุชาติ<MARK>ที่จังหวัดกระบี่นะคะ
9-9093-10.wav	ตำรวจได้ข้อมูลเพิ่มเป็นข้อมูลใหม่ว่านายสุริยาหรือบังฟิศ(บังฟิศ,บังฟิต)เนี่ยใช้ปืนยิงเสีย(เสีย,เสี่ย)สุชาติ<MARK>
9-9093-114.wav	เข้ามอบตัวกับตำรวจเป็นคนที่2ต่อจากนายสูวิทย์(สูวิทย์,สุวิทย์)<MARK>
9-9093-156.wav	นายอาลิฟต์(อาลิฟต์,อาลิฟ)<MARK>ช่างเรืออายุ27ปีนายคนนี้เนี่ยเป็นคนที่อยู่ในเหตุการณ์
9-9093-159.wav	คือนายสุรชัยหรือว่ากิบหลีพี่ชายของบังฟิศ(บังฟิศ,บังฟิต)นายสุริยาหรือว่าบังฟิศ(บังฟิศ,บังฟิต)
9-9093-160.wav	เป็นคนลงมือทั้งหมดเลยนะครับตัวต้นเรื่องเลยนายสุริยัน(สุริยัน,สุริยา)หรือว่าบังหนี(บังหนี,บังฟิต)
9-9093-162.wav	ตั้งแต่14พฤษภาคมและวันนี้หมายจับเพิ่มอีกหนึ่งคนคือนายอาลิฟต์(อาลิฟต์,อาลิฟ)นะครับ
9-9093-18.wav	พันตํารวจเอกตานิดรามดิต(ตานิดรามดิต,ตานิตย์รามดิษฐ์)รองผู้บังคับการจังหวัดกระบี่บอกว่าชุดสืบสวนได้ข้อมูลจากการสอบปากคำพยานสำคัญที่เข้ามอบตัวค่ะ
9-9093-4.wav	แล้วก็เผาอำพรางอยู่ที่กลางสวนปาล์มอะค่ะครับหลังจากที่ได้ข้อมูลมาว่านายบังฟิศ(บังฟิศ,บังฟิต)หรือว่านายสุริยาเนี่ย
9-9093-55.wav	หลังก่อเหตุบังฟิศ(บังฟิศ,บังฟิต)หนีไปบ้านญาติที่เกาะยาวจังหวัดพังงานะครับจนกระทั่งเช้าอีกวันหนึ่ง
9-9094-12.wav	แต่ทีนี้ครับนายกฤษณะมีจุ้ย<MARK>อายุ31ปี
9-9095-15.wav	อาจารย์เจรนัน(เจรนัน,?)นายสะสินเฉลิมลาบ(สะสินเฉลิมลาบ,ศศินเฉลิมลาภ)นะคะ
9-9096-5.wav	เหมือนแบบป่วยจะตายให้ได้อย่างนี้ค่ะนายกิติพงศ์<MARK>ค่ะเป็นอาสาที่เคยเห็นลุง
9-9099-2.wav	รวมทั้งกุ้งมังกรในหมู่เกาะซีมิลันจังหวัดพังงา
9-9101-1.wav	สัปดาห์นี้เราอยู่ที่จังหวัดชลบุรีค่ะ
9-9102-13.wav	ก่อนที่สุดท้ายก็จะเห็นว่านายรัติภูมิ<MARK>นั้นมีอาการชักเกร็ง
9-9102-21.wav	เพราะว่าสภาพของนายรัติภูมิ<MARK>ในวันที่เข้าไปช่วยเหลือ
9-9105-35.wav	เพราะว่านายอำเภอบึงสัมพันธ์(บึงสัมพันธ์,บึงสามพัน)นายสมพงศ์ทองหนูนุ้ย<MARK>
9-9105-36.wav	แล้วก็มีตำรวจสภ.บึงสัมพันธ์(บึงสัมพันธ์,บึงสามพัน)จังหวัดเพชรบูรณ์เข้าไปลงพื้นที่
9-9105-40.wav	คือจริงเจ้าหน้าที่ฝ่ายปกครองของทางอำเภอทางจังหวัดเขาไปสุ่มตรวจนะคุณนะ
9-9106-3.wav	นายชัยวัดโควาวิสารัฐ(ชัยวัดโควาวิสารัฐ,ชัยวัฒน์โควาวิสารัช)นะครับเป็นประธานเจ้าที่บริหารกลุ่มบริษัทบางจาก
9-9109-1.wav	เพราะว่าราชการจังหวัด(ราชการจังหวัด,ผู้ว่าราชการจังหวัด)นครนายกท่านก็บอกว่าระดับน้ำในพื้นที่ต่างมันเริ่มลดลงแล้วล่ะ
9-9112-207.wav	เพราะฉะนั้นมันเทียบไม่ได้กับเงินที่ได้ท่องเที่ยวเปลือก(เปลือก,เม็ด)คนที่ได้มา
9-9112-25.wav	ท่องเที่ยวจากจากต่างประเทศแต่เอาแค่การท่องเที่ยวที่คนไทยต้อง
9-9112-270.wav	ที่เดินค้า(เดินค้า,เดินทาง)เข้ามาในจังหวัดภูเก็ตในปีที่แล้วนะครับ
9-9112-286.wav	ท่องเที่ยวจังหวัดอื่นไหมคะคือเหมือนกับตอนที่เกิด
9-9112-294.wav	ถ้านักผู้โดยสารหรือนักท่องเที่ยวเดินทางจากต่าง
9-9112-31.wav	เป็นช่วงที่คนไทยสามารถหายใจหายคู่(หายคู่,หายคอ)มาเดินทางท่องเที่ยวได้
9-9112-407.wav	ก็มองว่าจริงถ้าเกิดอนุญาตให้เดินทางมาได้
9-9112-414.wav	มันมันเราต้องเข้าใจเขาด้วยนะถ้าเราจะเดินทางไปไหนแล้ว
9-9112-452.wav	อันนี้คงอีกพักใหญ่คือขณะนี้เราพูดเรื่องการเดินทางระหว่างประเทศก่อน
9-9112-453.wav	คือหมายความว่าวันนี้ประเทศไทยเนี่ยเราปิดไม่ให้เกิดการเดินทางเข้ามาเนี่ย
9-9112-96.wav	มันคือแปลว่าเที่ยวไปนู่นมานี่ระหว่างจังหวัดไปเหนือร่องใต้อะไรอย่างนี้
9-9113-37.wav	ตอนตี4แล้วเนี่ยขับมาตรงนี้เห็นนางลำ(นางลำ,นางรำ)ยืนลำ(ยืนลำ,ยืนรำ)อยู่ตรงนี้
9-9114-35.wav	นางสาวจิรารัสแช่มรำ<MARK>บอกว่า
9-9117-139.wav	คือนางสาววารุณีพิมพบุตร<MARK>เนี่ย
9-9117-160.wav	คือนางสาวพรตะวันปังขบุตร<MARK>นะฮะเป็นหมอนวดสาว
9-9117-163.wav	นะฮะแล้วก็เอ่ออีกคนนึงก็คือนางสาวสมปองพิมพรพิรม<MARK>
9-9126-123.wav	ทีมข่าวของเราวิดีโอคอลไปคุยกับนายโกมน<MARK>หรือเรส
9-9126-116.wav	ตกใจมากที่เห็นภาพนายแมน<MARK>ถือปืนไปยิงสองพี่น้องฝาแฝด
9-9126-17.wav	แมนหรือนายพานุพงศัพพนา(พานุพงศัพพนา,ภาณุพงศ์จิรวัฒนา)<MARK>หรือแมนงิ้วลายเนี่ยโวยวายแบบนี้ตลอดเวลาเลยนะคะ
9-9126-218.wav	กลับไปเถอะอืมบอกนักข่าวแบบนี้ทีนี้ค่ะบรรยากาศที่วัดที่มีการประกอบพิธีทางศาสนาให้กับนายโกมิน<MARK>แฝดผู้พี่ที่ถูกยิงตายนะคะ
9-9129-19.wav	แล้วก็นายจิรยุทธ์(จิรยุทธ์,จีรยุทธ)<MARK>ผู้แจ้ง191
9-9129-4.wav	ซึ่งคนที่แจ้งตำรวจก็คือนายจีรายุทธ์ชนอิสระปัดกุล(ชนอิสระปัดกุล,ชลอิสระพัฒน์กุล)<MARK>
9-9132-10.wav	บันทึกภาพขณะที่นายชะลันทรนินพันธ์<MARK>หรือว่าเอก
9-9137-192.wav	โดยญาติของนายวรากร<MARK>นะครับบอกว่าเขาเป็นผู้ป่วยทางจิต
9-9137-197.wav	แต่พักหลังนายวรากร<MARK>ไม่ได้ไปรับยาต่อเนื่อง
9-9141-10.wav	ถ้าเกิดว่านับเวลาจากการที่นายสุกเกษม<MARK>
9-9141-16.wav	ก็คาดว่านายสุกเกษม<MARK>อาจจะเดินหลงเข้าไปแล้วก็ยังไม่พบ
9-9141-18.wav	คือนายสุกเกษม<MARK>อาจจะตกใจแล้วก็วิ่งหนีตะเลิศ(ตะเลิศ,เตลิด)
9-9141-1.wav	คือกรณีนายสุกเกษม<MARK>คือเขาเป็นชาวอุดร
9-9140-21.wav	คือรถยนต์ที่เขาวิ่งมาพุ่งชนแล้วชนแบบเต็มนางสาวนรมน(นรมน,นฤมล)<MARK>เสียชีวิตทันที
9-9140-18.wav	นางสาวนรมน(นรมน,นฤมล)<MARK>ผู้ตายรวมถึงนายไพโรธ(ไพโรธ,ไพโรจน์)<MARK>อายุ42
9-9140-11.wav	นางสาวนรมนมิ่งนุกูล(นรมนมิ่งนุกูล,นฤมลปิงขุนทด)<MARK>อายุ55ก็คือลูกสาว
9-9140-42.wav	ลูกสาวคนกลางของยายแอ๋วค่ะนางจำลอง<MARK>อายุ50เอ็ด(50เอ็ด,51)
9-9140-16.wav	เราถามเรื่องนี้จากญาตินะคะนางอนันต์<MARK>อายุ65เป็นหลานของยายแอ้ว
9-9144-56.wav	และเขตที่4นายพิเชษชุ่มฤทธิ์<MARK>ลงชิงชัยในสนามกันด้วย
9-9151-17.wav	คนแรกคือนายเสริมศักดิ์การุณ<MARK>นี่แหละ
9-9151-22.wav	ส่วนอีกคนนึงนะคะก็คือพันรยา(พันรยา,ภรรยา)ของนายเสริมศักดิ์<MARK>
9-9151-25.wav	นายเสริมศักดิ์<MARK>นั้นได้ขับรถจากบ้านที่อำเภอแกลง
9-9151-9.wav	นายเสริมศักดิ์การุณ<MARK>อายุ75ปีค่ะ
9-9154-19.wav	ทราบชื่อก็คือนางสาวมิงเมียซู(มิงเมียซู,มิเงซู)<MARK>อายุ23ปี
9-9172-17.wav	นางสาวชิระดา<MARK>เธอทำงานเป็นเจ้าหน้าที่ดูแลลิขสิทธิ์เพลงนะครับ
9-9164-17.wav	นางสกาวรัฐ<MARK>บอกว่าตอนนี้หมอตัดเอาเหล็กก้านร่มออกแล้ว
9-9172-25.wav	ก่อนจะขับรถออกมาเขาบอกว่าเขาก็ขี่รถตามนางสาวชิรดา<MARK>ออกมานะ
9-9174-4.wav	บอกว่าคนที่เอะอะโวยวายชื่อนายเอกลักษณ์หรือบอลวารนุษย์<MARK>
9-9181-12.wav	ซึ่งจากการสอบปากคำเบื้องต้นของตำรวจนะคะนางสาวจริยพร<MARK>
9-9181-36.wav	พฤติกรรมแล้วก็การจับกุมนางสาวจริยาพร<MARK>ต่อไปค่ะ
9-9181-42.wav	ตอนนี้นะคะตำรวจอยู่ระหว่างการขยายผลนะคะว่ามีคนที่ร่วมกับนางสาวจริยพร<MARK>หรือไม่นะคะ
9-9181-43.wav	ไม่ว่าจะเป็นทั้งนางสาวสร้อยเพชร<MARK>นะคะที่เป็นเป็นผู้ที่ถูกนางสาวจริยพร<MARK>เนี่ย
9-9181-46.wav	ตำรวจก็อยู่ระหว่างการสอบปากคำนะคะว่ามีส่วนในการช่วยเหลือนางสาวจริยพร<MARK>ในการที่จะหลอกลวงผู้เสียหายต่างด้วยหรือไม่ค่ะ
9-9181-53.wav	ก็คือเบื้องต้นเนี่ยผู้ชายคนนี้ได้มีการแต่งงานกันเมื่อปี2558ค่ะแล้วก็เป็นคนที่นางสาวน้ำมนต์<MARK>อยู่ด้วยตลอดระยะเวลาที่หลอกผู้ชาย
9-9181-55.wav	ตอนนี้ค่ะทางตำรวจก็เลยมีการสอบปากคำผู้ชายคนนี้อยู่นะคะว่าจะมีส่วนรู้เห็นด้วยหรือไม่ว่านางสาวน้ำมนต์<MARK>ไปหลอกผู้ชายคนอื่นนะคะแล้วก็กลับมาหาตัวเองค่ะ
9-9181-58.wav	คือจากที่ฟังเนี่ยมันพอจะประมวลได้บ้างว่านางสาวน้ำมนต์<MARK>กับสามีเนี่ยอาจจะร่วมมือกันหรือเปล่า
9-9191-10.wav	และผู้เสียชีวิตคนนี้ก็คือนางกะมงคลศาล<MARK>
9-9193-34.wav	ชื่อจริงคือนายเดชนายเดชผ่องแพ่ว<MARK>ครับ
9-9194-9.wav	นายสัมฤทธิ์บุญเพ็ง<MARK>อายุ65นี่ค่ะคนที่เจอหินประหลาดคล้ายอุกาบาท(อุกาบาท,อุกกาบาต)
9-9199-44.wav	เป็นของนายปรีชา<MARK>จริงตามที่กล่าวอ้าง
9-9191-20.wav	ก็คือนายก้าวหน้าแสงเพชรภัยบูรณ์<MARK>อายุ60ปี
9-9201-20.wav	นายวรฤทธิ์<MARK>ค่ะเขาก็เล่าให้ฟังว่าคืนเกิดเหตุเนี่ย
9-9206-19.wav	เหตุการณ์เกิดขึ้นหกโมงเย็นเมื่อวานนี้นะคะนางอุ่นเรือนดีกระจ่าง<MARK>เจ้าของบ้านบอกว่า
9-9214-26.wav	ไปสอบถามนายนบพลบุตรหา<MARK>อายุ32ปี
9-9221-27.wav	สำหรับเสีย(เสีย,เสี่ย)แป้ง<MARK>คนนี้นะคะแล้วยังมีคดีร่วมกันฆ่าอดิษฐ(อดิษฐ,อนันต์)รองนายกอบจ.ด้วยของนครศรีธรรมราชคุณผู้ชม
9-9221-16.wav	ทีมข่าวเองอย่างที่บอกว่าพยายามสอบถามนางสาวหมวย<MARK>ว่าตกลงเป็นคนจ้างไหมที่เฝ้าไข้เนี่ย
9-9221-14.wav	อย่างที่บอกว่าคุมตัวนางสาวหมวย<MARK>หนึ่งในผู้ต้องหาร่วมกันพาทางด้านของเสีย(เสีย,เสี่ย)แป้งนาโน(แป้งนาโน,แป้งนาโหนด)หลบหนีไป
9-9117-155.wav	ไปถึงนักร้องคาเฟ่อีกคนนึงพี่หนุ่มอยู่ที่จังหวัดตรัง
9-9117-668.wav	อย่างที่นายอาจารย์พูดถูกเลย
9-9117-743.wav	ส่วนคลื่นลมบริเวณอ่าวไทยตอนล่างนะคะตั้งแต่จังหวัดสุราษฎร์ลงไป
9-9119-11.wav	แล้วเขาก็จะแต่งตัวแบบนี้แล้วก็จะไปถ่ายรูปกันแต่ทางด้านขวามือเนี่ยอันนี้คือที่จังหวัดน่าน
9-9134-3.wav	ผลักดันกฎหมายนะคะวันนี้ก็นำโดยนายพระฤทธวัชรสินทุ(พระฤทธวัชรสินทุ,พริษฐ์วัชรสินธุ)
9-9135-5.wav	กิติคุณ(กิติคุณ,กิตติคุณ)ในอำเภอสัตหีบไปร่วมกับนายกนรงบุญบันเจิดศรี(นรงบุญบันเจิดศรี,ณรงค์บุญบรรเจิดศรี)
9-9137-207.wav	ช่วยพาไปอยู่โรงพยาบาลจิตเวชทีเถอะที่จังหวัดนครสวรรค์
9-9137-479.wav	แล้วไฟมันลุกโชนเลยอ่ะคุณแต่ผมนึกถึงโขนเรื่องนางเบญกายที่ฮานุมาน(ฮานุมาน,หนุมาน)ย่างอย่างนี้
9-9137-51.wav	ก็เดินทางมากับผู้หญิงคนหนึ่งก็คือคุณพระคออน(พระคออน,ภัคอร)นะคะ
9-9137-58.wav	แล้วก็เล่าในไลฟ์นะคะว่าเขาเนี่ยได้นั่งสมาธิแล้วเห็นนางธาระมาตรี(ธาระมาตรี,ธารมาตี)
9-9144-76.wav	นางสาวนรมนพินโยสินธวัฒน์(นรมนพินโยสินธวัฒน์,นฤมลภิญโญสินวัฒน์)นะครับ
9-9144-77.wav	นายณัฐพลทีปสุวรรณแล้วก็นายชัยวุฒิธนาคมมานุสร(ธนาคมมานุสร,ธนาคมานุสรณ์)
9-9144-81.wav	แล้วก็นายพุทธิพงษ์ปุณณกันต์ที่เป็นอดีตแก่นำ(แก่นำ,แกนนำ)กลุ่มกปศ(กปศ,กปปส.)
9-9144-92.wav	เมื่อวานนี้นายพิสิทธิเวชาชีวะ(พิสิทธิเวชาชีวะ,อภิสิทธิ์เวชชาชีวะ)หัวหน้าพรรคประชาธิปัตย์นะครับ
9-9147-10.wav	ขุนแก้วอำเภอนครชัยศรีจังหวัดนครปฐมเริ่มต้นด้วยสมเด็จพระธีรยานมุณี(ธีรยานมุณี,ธีรญาณมุนี)
9-9147-11.wav	เจ้าอาวาสวัดเทพสิรินธราวาสราชวรวิหารค่ะท่านเดินทางมาเป็นประธานในพิธีเททองหล่อสมเด็จพระเจ้าตากศิลปมหาราช(ตากศิลปมหาราช,ตากสินมหาราช)
9-9147-14.wav	ยังมีพลตรีศิรพบสุภวานิส(ศิรพบสุภวานิส,สิรภพศุภวานิช)กับดรเกรดทิพย์สุภวานิส(เกรดทิพย์สุภวานิส,เกศทิพย์ศุภวานิช)เดินทางมาเป็นประธานฝ่ายคาราวาส(คาราวาส,ฆราวาส)ด้วยนะคะ
9-9153-37.wav	บอกขอให้ตรวจสอบพฤติกรรมของนายปิยบุตรแสงกระหนกกุล(แสงกระหนกกุล,แสงกนกกุล)เลขาธิการพรรคอนาคตใหม่
9-9153-38.wav	ว่าการกระทำหลายอย่างของนายปียบุตร(ปียบุตร,ปิยบุตร)เข้าข่ายหมิน(หมิน,หมิ่น)สถาบันเบื้องสูง
9-9155-21.wav	เดินทางมาจากมหาสารคาม
9-9162-11.wav	ไปถามคุณซูมก็คือนายภูมิสิทธิ์เลิศจรุลวิทย์(เลิศจรุลวิทย์,เลิศจรูญวิทย์)
9-9162-4.wav	ที่จังหวัดพิษณุโลกครับนี่พาออกมาพาออกมา
9-9162-54.wav	ถ้าไปไม่ถูกไปลองดูในเพจสละเป๋าโบราณ(สละเป๋าโบราณ,ซาลาเปาโบราณ)จังหวัดพิษณุโลก
9-9170-39.wav	แต่ว่าใครที่จะไปท่องเที่ยวนะครับในพื้นที่ภาคเหนือภาคอีสานไปดูหมอกแบบนี้อาจจะต้องระวังนิดหน่อยในระยะนี้นะครับ
9-9176-2.wav	ศาลาสาธัยสมาคม(สาธัยสมาคม,สหทัยสมาคม)ในพระบรมหาราชวังยังคงมีประสบกรณิกร(ประสบกรณิกร,พสกนิกร)เดินทางหลั่งไหลเข้ามาอย่างต่อเนื่องนะครับ
9-9177-19.wav	ตอนที่มีคนโทรไปบอกแม่ว่าเจอศพน้องแล้วแม่เดินทางมาเลย
9-9181-0.wav	ซึ่งเมื่อคืนที่ผ่านมาพนักงานสอบสวนก็ได้มีการสอบสวนนางสาวน้ำมนต์<MARK>ไปแล้วล่ะ
9-9181-1.wav	แล้ววันนี้ผู้บัญชาการตำรวจสอบสวนกลางเดินทางมาสอบปากคำด้วยตัวเองเลยนะคะ
9-9181-41.wav	มีการกระทำเป็นกระบวนการไหมคะมีใครร่วมด้วยกับนางสาวจริยพร<MARK>ไหมคะ
9-9181-48.wav	ตอนนี้นะคะพ่อแม่ของนางสาวจริยพร<MARK>เนี่ยก็คือมีการเข้ามาพบกับตำรวจนะคะ
9-9185-317.wav	นายอานันต์จงแก้ววัฒนา(อานันต์จงแก้ววัฒนา,อนันต์จงแก้ววัฒนา)ภูมิในการ(ภูมิในการ,ผอ.กลุ่ม)กลุ่มวิจัยนวัตกรรมสุขภาพสัตว(สัตว,สัตว์)
9-9193-48.wav	ส่วนที่จังหวัดเพชรบูรณ์ครับเพชรบูรณ์อย่างพี่สมมณีนะ
9-9201-14.wav	อำเภอถลาก(ถลาก,ถลาง)จังหวัดภูเก็ตนี่ตอนนี้ก็ตะโกนนี่ฮะใช่ค่ะ
9-9204-21.wav	มีประวัติความเป็นมาที่เชื่อมโยงกับจังหวัดบุรีรัมย์และจังหวัดนครราชสีมา
9-9204-27.wav	นี่ไงพูดถึงจังหวัดบุรีรัมย์ก็จะเป็นอีกจังหวัดหนึ่งที่มีประวัติศาสตร์
9-9204-31.wav	เรียนรู้ประวัติศาสตร์กันด้วยไปท่องเที่ยวได้ด้วยนะคะ
9-9204-6.wav	ตั้งอยู่ที่บ้านดงยางตำบลกู่สวนแตงอำเภอชัยพฤษจังหวัดบุรีรัมย์
9-9207-5.wav	นี่ค่ะเป็นจังหวะที่พนักงานสอบสวนนะคะเบิกตัวนายเมธาชะลิงสุกหรือว่าบอล<MARK>
9-9211-1491.wav	ไปเชื่อลุงมีป้ามาหรือนายสุธิน(สุธิน,สุทิน)พูดใครเชื่อ
9-9211-1504.wav	ท่านประธานครับถ้าท่านนายกอยู่ถามนายกถามลำตี(ลำตี,ดนตรี)ผมหน่อย
9-9213-15.wav	นายสราวุฒิเบนจกุล(เบนจกุล,เบญจกุล)เลขาธิการสำนักงานสารยุติธรรม(สารยุติธรรม,ศาลยุติธรรม)
9-9213-20.wav	ก็คือในคลิปเนี่ยชื่อว่านายไกลรัฐวีรพัฒนาสุวรรณ(ไกลรัฐวีรพัฒนาสุวรรณ,ไกรรัชวีระพัฒนาสุวรรณ)
9-9213-31.wav	จึงเห็นควรมีหนังสือว่ากล่าวตักเตือนนายไกลรัฐ(ไกลรัฐ,ไกรรัช)คนในคลิปนี้นะคะ
9-9213-34.wav	กรณีที่นายไกรรัฐ(ไกรรัฐ,ไกรรัช)เป็นอธิบดีผู้พิพากษา
9-9214-19.wav	จูเนอร์คันนี้มีนายโจ<MARK>นี่จังหวะนี้ค่ะเห็นไหมฮะมีนายโจ<MARK>อายุ22ปีเป็นชาวลาวเป็นคนขับ
9-9214-37.wav	มีแต่เขาก็คือนายนบพล<MARK>เป็นเพื่อนของผู้ตาย
9-9214-47.wav	ตัวเขาก็คือนบพลกับนายโจ<MARK>รวมถึงเพื่อน
9-9221-5.wav	ตามความคืบหน้าเรื่องนี้และอย่าลืมนะท่านนายกกำชับมาด้วยนะคะคดีนี้
9-9223-14.wav	คือเดินทางมาจากจังหวัดนนทบุรีมาพร้อมกับครอบครัวนี่ค่ะ
9-9224-124.wav	กว่า30นายขึ้นฮอไปสมทบในป่าอีกค่ะ
9-9224-20.wav	ล่าสุดตำรวจสอบสวนกลางไปตรวจค้นบ้านของอดีตสจเขตอำเภอเขาชัยสนจังหวัดพัทลุง
9-9228-11.wav	โดยนายกิติศักดิ์<MARK>ก็รับสารภาพตามข้อกล่าวหานะ
9-9228-12.wav	โดยในบ้านพักของนายกิติศักดิ์<MARK>ตำรวจพบของกลางที่ถูกแจ้งหายด้วยนะฮะ
9-9228-15.wav	จากนั้นนางพนิดา<MARK>แม่ค้าขายปลาส้มซึ่งเป็นผู้เสียหาย
9-9228-33.wav	แล้วก็ยังเสนอให้นายกิติศักดิ์<MARK>อีก1000บาท
9-9228-35.wav	หากนายกิติศักดิ์<MARK>บอกมาเถอะ
9-9228-40.wav	นายกิติศักดิ์<MARK>ไม่ยอมบอกนะครับ
9-9228-44.wav	คือนายกิติศักดิ์<MARK>มีประวัติเข้าคุกมาแล้ว3ครั้ง
9-9228-48.wav	นายกิติศักดิ์<MARK>รับสารภาพทุกข้อกล่าวหา
9-9228-7.wav	ตำรวจสภ.เมืองบึงกาฬนำตัวนายกิติศักดิ์สุภา<MARK>อายุ29ปี
9-9228-9.wav	หลังจากมีหลักฐานว่าได้เข้าไปงัดบ้านของนางพนิดาจันทาชัย<MARK>แม่ค้าขายปลาส้ม
9-9229-46.wav	โอ้โหหลังจากเธอและครอบครัวเดินทางไปอยู่ที่
9-9229-87.wav	คุณนิพิษ(นิพิษ,นิพิฏฐ์)ยืนยันว่าพร้อมจะจ่ายค่าตัวเดินทางไปต่างประเทศ
9-9231-9.wav	ยังไทยรัฐทีวีของเราจากนางสาวฮาไทยการ(ฮาไทยการ,หทัยกาญจน์)เกื้อสกุล<MARK>นะครับ
9-9233-0.wav	ก็อย่างที่บอกนะตอนนี้หลายคนก็เริ่มอยากจะเดินทางท่องเที่ยวแล้ว
9-9235-13.wav	นายประสิทธิ์ดวงมาลัย<MARK>พ่อของน้องทัพทิมอายุ2ขวบเล่าทั้งน้ำตา
9-9235-41.wav	ทำให้นางสาวประหยัดมวลประเสริฐ<MARK>ผู้เป็นแม่สัญชาติลาว
9-9241-0.wav	เสีย(เสีย,เสี่ย)แป้ง<MARK>นะครับอย่างที่บอกไปเนี่ยนะครับพอหนีไปอยู่บริเวณเทือกเขาบรรทัดเนี่ยโอ้เป็นอุปสรรคกับการค้นหาของเจ้าหน้าที่นะครับเอาแค่เทือกเขาบรรทัดอย่างเดียวในครอบคลุมพื้นที่4จังหวัดด้วยกันนะครับแล้วก็ตอนนี้เนี่ยหลังจากที่มีการรู้แล้วว่าเสีย(เสีย,เสี่ย)แป้ง<MARK>นั้นอยู่ที่เทือกเขาบรรทัดวันนี้เข้าสู่วันที่8
9-9243-29.wav	นายจ่อลุงทุน<MARK>นะคะอายุ32ปีเป็นชาวไทยใหญ่คุณผู้ชมค่ะ
9-9245-63.wav	เพราะว่าไม่ฟังคำเตือนปลัดกระทรวงมหาดไทยก็มีการลงนามหนังสือด่วนที่สุดถึงผู้ว่าราชการทุกจังหวัดเมื่อวานนี้ด้วย
9-9245-64.wav	ให้ทุกจังหวัดจัดระเบียบแนวทางการปฏิบัติกำชับผู้ประกอบการให้ทำตามมาตรการโดยเร่งครัด
9-9246-297.wav	คือในกรุงเทพเนี่ยเราก็จะมีเจ้าที่ออกไปตรวจสอบหรือในต่างจังหวัดเนี่ยเรามีคณะอนุประการ(อนุประการ,อนุกรรมการ)คุ้มครองผู้โภค(ผู้โภค,ผู้บริโภค)ประจำจังหวัดซึ่งท่านผู้ว่าราชการจังหวัดเนี่ยเป็นประธาน
9-9255-1.wav	เป็นวัตถุมงคลที่มาจากจังหวัดชลบุรีเลย
9-9255-232.wav	รุ่นย้อนยุคจากวัดสัตหีบจังหวัดชลบุรีแล้วก็จะเป็นพระบูชาหน้ารถ
9-9256-12.wav	เขายอมรับค่ะบอกว่าเป็นผู้ที่ใช้ค้อนตีที่หน้าผากของนายกรศักดิ<MARK>
9-9260-10.wav	ควบคุมตัวนายคณากรมูลมั่ง<MARK>วัยสามสิบปีพ่อเลี้ยงของเด็กชายวัยสามขวบห้าเดือนนะคะ
9-9260-12.wav	หลังจากที่สาร(สาร,ศาล)อนุมัติหมายจับนายคณากร<MARK>ข้อหาดทำร้ายร่างกายผู้อื่นจนเป็นเหตุให้ถึงแก่ความตาย
9-9260-33.wav	ซึ่งเมื่อวานนี้สอบปากคำนายคณากร<MARK>อีกรอบให้การพักเศษ(พักเศษ,ปฏิเสธ)นะคะแบ่งรับแบ่งสู้
9-9262-71.wav	คลิปนี้ค่ะเป็นคลิปจากนาย
9-9268-0.wav	ต่อที่เรื่องของกล้องวงจรปิดเหมือนกันนะคะกล้องวงจรปิดที่ร้านค้าแห่งหนึ่งในจังหวัดพระนครศรีอยุธยา
9-9268-12.wav	นางสาวนัทรดาสุวรรณรัน<MARK>เป็นเจ้าของรถ
9-9270-55.wav	ของคนร้ายนะคะแม่ของนายพดุงศักดิ์(พดุงศักดิ์,ผดุงศักดิ์)<MARK>บอกว่า
9-9276-57.wav	ก็ลองไปไหว้ได้ที่วัดริมขานอำเภอแม่วางจังหวัดเชียงใหม่นะครับ
9-9277-0.wav	ที่ถนนในชุมชนเส้น1ที่จังหวัดอุดรธานี
9-9277-10.wav	ที่มีนายสุวิทย์แก้วอำนาจ<MARK>อายุ47ปียืนรอให้การกับเจ้าหน้าที่ตำรวจนะครับ
9-9277-11.wav	นายสุวิทย์<MARK>คนขับรถเล่าให้ฟังบอกว่าตัวเขาเองและครอบครัวเนี่ยรวมถึงญาติ6คนนะครับ
9-9277-20.wav	แล้วก็ตัวของนายสุวิทย์<MARK>บอกว่าถ้าไม่มีรถกระบะที่จอดไหลทาง
9-9277-25.wav	ด้านของยายของน้องกัน<MARK>นะฮะคือนางสาวพิมพิไล<MARK>
9-9277-34.wav	แม่ของน้องกัน<MARK>เดินทางมาจากกรุงเทพเพื่อร่วมงานศพลูกชาย
9-9277-53.wav	ส่วนนายสุวิทย์<MARK>คนขับรถกระบะที่ชนแล้วก็ทับเด็ก
9-9277-54.wav	ก็เดินทางมาร่วมงานศพเหมือนกันนะครับ
9-9287-26.wav	แล้วก็มีคนเจ็บอีก2คนคือนายเอกรินทร์บุญรอด<MARK>วัย44ปี
9-9287-30.wav	พ่อของนายเอกรินทร์<MARK>ถูกยิงหัวไหล่ซ้ายแล้วก็ข้อมือขวานะคะ
9-9287-43.wav	เบื้องต้นตาหวาน<MARK>บอกว่าเป็นคู่เขยกับนายนรง(นรง,ณรงค์)<MARK>คนเจ็บ
9-9287-45.wav	แต่เดิมมันเป็นที่ดินของตาหวาน<MARK>ค่ะแต่ต่อมามีการแบ่งที่ดินกันกับนายนรง(นรง,ณรงค์)<MARK>ที่เป็นคู่เขย
9-9287-46.wav	ทีนี้ที่ดินของนายนโรง(นายนโรง,ณรงค์)<MARK>เนี่ยเป็นที่ตาบอดคือไม่มีทางเข้าออกก็ต้องเข้าออกผ่านทางซอยเข้าวัดหูช้าง
9-9287-47.wav	มีการฟ้องร้องให้ซอยนั้นเนี่ยเป็นที่สาธารณะแล้วปรากฏว่าศาลก็ตัดสินให้ฝ่ายนายนรง(นรง,ณรงค์)<MARK>ชนะด้วย
9-9287-50.wav	วันนี้ทั้งฝ่ายของนายนรง(นรง,ณรงค์)<MARK>คนเจ็บแล้วก็นายเอกรินทร์<MARK>กับนางวิไล<MARK>มีการจ้างรถหกล้อนำดินมาถมที่ที่อยู่หลังบ้านของตาหวาน<MARK>อ่ะ
9-9287-54.wav	แต่แกชักปืนที่แกพกมาด้วยยิงใส่ทั้งสามคนนางวิลัย(วิลัย,วิไล)<MARK>โดนยิงเข้าหัวนะคะก็คือตายตรงนั้นเลยค่ะ
9-9287-55.wav	นายสุเทพตายจันทร์(ตายจันทร์,ต่ายจันทร์)<MARK>อดีตกำนันตำบลมหาสวัสดิ์ที่เป็นคนรู้จักกับตาหวาน<MARK>แล้วมาไกลเกลี่ย(ไกลเกลี่ย,ไกล่เกลี่ย)ให้แกมอบตัวเนี่ยนะคะ
102-102631-13.wav	พื้นที่ตำบลอำเภอโพธิ์ทองที่จังหวัดอ่างทอง
9-9295-15.wav	ภรรยาของผู้ตายคือนางสาวสุมาลีชะโน<MARK>อายุ30ปี
9-9298-18.wav	ถามนายเพิ่มพันธ์จันไทย<MARK>วัย62ปี
9-9298-31.wav	และสามารถช่วยได้ทันนะคะครับนายเพิ่มพันธ์<MARK>บอกเลยนะว่า
9-9307-22.wav	นายคนนี้นะคะชื่อว่านายบิ๊ก<MARK>หรือนายอภิชาบุญสวัสดิ์<MARK>
9-9307-48.wav	เขาก็เลยพยายามเรียกให้ทางด้านนายเนลูอิส(เนลูอิส,เนลลูอิส)<MARK>เนี่ย
9-9308-13.wav	แล้วก็นำคนเจ็บก็คือนายทศพรกมลวรรณยู(กมลวรรณยู,กมลวรยู)<MARK>อายุ29ปี
9-9308-16.wav	ก็คือนางสาววันนิดากลิ่นสุวรรณ<MARK>อายุ26ปี
9-9308-24.wav	ก็คือนายกิจการบุญสุข<MARK>ยืนรอให้การกับตำรวจ
9-9311-14.wav	โดยนางอัศมะเอ็มดู<MARK>บอกว่าหอยท้ายเผาจะมีมาก
102-102631-27.wav	ก็ฝากบอกมาตำรวจครับเข้าไปตรวจสอบจับกุมด้วยในพื้นที่อำเภอโพธิ์ทองจังหวัดอ่างทอง
9-9312-18.wav	พลอย<MARK>หรือนางสาวยนฤดีปียทัศน์(ปียทัศน์,ปิยะทัต)<MARK>ได้โพสต์ข้อความในเฟซบุ๊คส่วนตัวบอกว่า
9-9312-47.wav	มันเป็นเรื่องระดับจังหวัดระดับกระทรวงมหาดไทยระดับประเทศแล้ว
9-9312-73.wav	ผู้อำนวยการกลุ่มบริหารวิชาการโรงเรียนสตรีระนองนางจุลนิษฐ์สังธาดา<MARK>ก็บอกว่า
9-9312-93.wav	ทีนี้ค่ะทางด้านของนายบุญชัยสมใจ<MARK>นายอำเภอเมืองระนองนะคะก็บอกว่าเรื่องของขั้นตอนการยื่นเอกสารก็ได้รับการติดต่อจากทางอาจารย์ประจำโรงเรียนสตรีระนองได้มาปรึกษาถึงเรื่องของการขออนุมัติการมีสัญชาติไทยแต่ติดตรงเงื่อนไขและระยะเวลาตามระเบียบปฏิบัติและไม่สามารถขอสัญชาติไทยได้ในตอนนี้ก็เลยจะ
9-9313-40.wav	วันเดินทางไปขาออกเนี่ยครับคือวันนี้น่าจะเยอะที่สุดแล้วใช่ไหมครับ
9-9315-100.wav	ค้ามนุษย์อยากจะให้นายคมสิทธิ์<MARK>ถูกดำเนินคดีให้ถึงที่สุดนะคะ
9-9315-117.wav	แจ้งความเพิ่มกับนายคมสิทธิ<MARK>เพราะว่ามันมีหลักฐานเพิ่มไงคะ
9-9315-226.wav	จังหวัดราชบุรีครับก็วัดนี้เนี่ยเขาบอกว่าทางครอบครัวของสิบตำรวจโทยิงกรสะสิ(ยิงกรสะสิ,หญิงกรศศิร์)<MARK>มาทำบุญเป็นประจำเลยสิบกว่าปีแล้วค่ะ
9-9315-46.wav	นายคมสิทธิ์<MARK>ที่เป็นแฟนหนุ่มของ10ตำรวจโทยิงกรสะสิ(ยิงกรสะสิ,หญิงกรศศิร์)<MARK>ค่ะ
9-9315-50.wav	ถูกนายคมสิทธิ<MARK>ยื่นข้อเสนอให้ทำงานในบริษัทรับเหมาของตัวเอง
9-9315-60.wav	ระหว่างนายคมสิทธิ์<MARK>กับตัวผู้เสียหายค่ะ
9-9315-66.wav	จากเรื่องงานนายคมสิทธิ์<MARK>สั่งให้ผู้เสียหาย
9-9315-83.wav	ผู้เสียหายส่งสลิปโอนเงินให้นายคมสิทธิ<MARK>
9-9315-90.wav	เงินที่นายคมศิษย์<MARK>ปรับจากผู้เสียหายร้อยหนึ่ง
9-9315-93.wav	เงินร้อยหนึ่งเงินอะไรอย่างนี้นายคมศิษย์<MARK>ยังไม่ยอมเลยอ่ะ
9-9315-96.wav	ก็อยู่ในพื้นที่จังหวัดราชบุรี
9-9315-98.wav	นายคมศิษย์<MARK>ก็รู้ว่าผู้เสียหายมีที่อยู่ตรงไหนอะไรยังไง
9-9316-10.wav	ซึ่งนายชาติชายเทียนหอม<MARK>พี่เขาเป็นผู้รับเหมา
9-9317-61.wav	ภาคตะวันออกก็อย่างที่เห็นเกือบทุกจังหวัดของภาค
9-9321-2.wav	มีคุณแม่คนหนึ่งไปร้องทุกข์กับนายอำเภอในจังหวัดอุดรธานี
9-9321-7.wav	อ๋อม<MARK>บุญประคม(บุญประคม,บุญประโคม)ชาวตำบลเมืองพานอำเภอบ้านผือจังหวัดอุดรธานี
9-9325-10.wav	ตำบลหนองช้างแล่นอำเภอห้วยยอดจังหวัดตรังเมื่อคืนวันศุกร์ที่ผ่านมา
9-9325-11.wav	นายชำนาญทวิสุวรรณ<MARK>อายุ54ปีนะครับตายแล้ว
9-9325-26.wav	แล้วเลิกกันเลิกกันนางแหม่ม<MARK>ไปบวชชีพราม(ชีพราม,ชีพราหมณ์)
9-9325-46.wav	เธอยืนยันว่าเธอเลิกกับนายประสิทธิ์<MARK>มาได้23เดือนแล้ว
9-9325-63.wav	พอดีนักข่าวเขาไปคุยกับพี่สาวนายประสิทธิ์<MARK>แล้วก็ชาวบ้าน
9-9325-68.wav	นะครับบางคนเนี่ยเคยถูกนายประสิทธิ์<MARK>ขู่ฆ่ามาแล้ว
9-9325-76.wav	นายประสิทธิ์<MARK>นะครับคนลงมือก่อเหตุตำรวจเขานำตัวไปฝากขังต่อสาร(สาร,ศาล)แล้วนะ
9-9327-11.wav	ทราบชื่อคือนายประวันวิทย์เพ็งจิต<MARK>และนายสิริยศนุษย์วงศ์(นุษย์วงศ์,นุชวงษ์)<MARK>
9-9327-20.wav	นายประวันวิทย์<MARK>หนึ่งในผู้บาดเจ็บเล่าให้ฟัง
9-9327-21.wav	บอกว่าผู้บาดเจ็บอีกคนคือนายสิริยศ<MARK>พร้อมกับกลุ่มเพื่อนเนี่ย
9-9327-24.wav	จู่นายสิริยศ<MARK>ไปหยิบกระเป๋าสะพายสีดำ
9-9330-25.wav	ส่วนของนายธนาธร<MARK>นั้น1เดือนเสร็จ
9-9332-17.wav	ก็คือภาพของนายอนุวัฒน์ผลจโปะ(ผลจโปะ,ผลจะโปะ)<MARK>หรือว่าไอ้แหบ<MARK>เนี่ยนะฮะ
9-9332-7.wav	คุณผู้ชมเมื่อคืนนี้ไปกันร้อยกว่านายเลยนะ
9-9332-95.wav	ก็พบว่านายแหบ<MARK>มีประวัติเคยต้องโทษในคดีข่มขืนเด็กชาย
9-9332-9.wav	ไปตามหาตัวไอ้แหบไอ้แหบคือนายอนุวัฒน์ผลจโปะผลจะโปะ<MARK>นะคะ
9-9334-25.wav	คนแรกชื่อนายยงยุทธ์<MARK>อายุ47ปีอีกคนชื่อเอก<MARK>เอายงยุทธ์<MARK>ก่อน
9-9334-6.wav	ผู้ตายเนี่ยชื่อนางวันดี<MARK>อายุ74ปีเสียชีวิตที่ห้องครัวตรงนี้ฮะ
9-9336-16.wav	นำร่างนายบุญเหลือศรีเภาระยะ(ศรีเภาระยะ,ศรีภารยะ)<MARK>อายุ54ปี
9-9336-33.wav	ชื่อนางสาวศิริพรแก้วประสิทธิ์<MARK>อายุ34ปี
9-9337-108.wav	น้องสาวบอกว่าก่อนเกิดเหตุนายอมรรัฐ<MARK>เนี่ย
9-9337-121.wav	นายอมรรัฐ<MARK>เสพยาเสพติดแล้วคลุ้มคลั่ง
9-9337-130.wav	ตอนนั้นต้องมาช่วยกันเจรจานะครับเอาน้องสาวของนายอมรรัฐ<MARK>นี่แหละ
9-9337-132.wav	สุดท้ายเนี่ยนายอมรรัฐ<MARK>ก็จี้น้องสาวตัวเองนี่แหละเป็นตัวประกัน
9-9337-164.wav	ส่วนตัวนายอมรรัฐ<MARK>ลูกชายตำรวจแจ้งข้อหากักขังนวงเหนียว(นวงเหนียว,หน่วงเหนี่ยว)
9-9337-23.wav	ตัวลูกชายที่เป็นคนก่อเหตุเนี่ยอายุ35ชื่อว่านายอมรรัฐ<MARK>
9-9337-24.wav	แม่แท้ค่ะนางสังวร<MARK>อายุ51ขังเอาไว้ในห้องน้ำ
9-9339-34.wav	ของพื้นที่นะครับโดยเฉพาะจังหวัดนครศรีธรรมราชพัทลุงสงขลา
9-9343-33.wav	เป็นจังหวัดแรกที่รับแสงอรุณของปี2561ที่ผาชนะใด(ชนะใด,ชะนะได)
9-9344-15.wav	ทีนี้นายประสิทธิ์<MARK>คนนี้เขามีอาชีพเป็นทำสวนยาง
9-9344-4.wav	เป็นศพของนายประสิทธิ์ผันแปรจิต<MARK>อายุ42ปีค่ะ
24-24000-29.wav	เจ้าสำนักชื่อนายทวีศรีเสมออายุ32ปี
24-24000-9.wav	เขาบอกว่าเขาอยากให้เห็นสำนักศักดิ์แห่งหนึ่งเหลือเกินอยู่ที่จังหวัดกำแพงเพชร
24-24002-29.wav	ใช้กล้วยในบางกล้วยในบางเป็นพันกล้วยที่ขึ้นชื่อของจังหวัดสุราษฎร์ธานีครับ
24-24003-110.wav	ได้คุยกับแม่ของผู้ตายนะครับชื่อว่านางสาวลักษณ์นะฮะ
24-24003-120.wav	ส่วนทางคดีนะครับท่านผู้ชมครับทางภูมิครับการตำรวจภูธรจังหวัดลพบุรี
24-24003-18.wav	พบศพนายชายชาญเจ้าของบ้าน
24-24003-44.wav	นางสุนัชยาอายุสามสิบห้า
24-24010-13.wav	ส่วนผู้เสียชีวิตคือนางสิริขวัญทองเล็กอายุ26ปีค่ะ
24-24010-44.wav	ทางด้านของนางพัทรดาผู้นาคแล้วก็นางขวัญเรียมผู้นาค
24-24011-22.wav	ผู้ตายชื่อว่านางสาววันลิกา
24-24011-43.wav	วันนี้นายเอกพบเหลืองประเสริฐผู้ก่อตั้งเพจสายใหม่ต้องรอดพร้อมทีมงานก็เลยพาครอบครัวผู้ตายไปพบกับผู้กำกับการสภ.สันคบุรีนะคะ
24-24014-0.wav	อาจนะคะเกิดขึ้นแถวปู่เจ้าสมินพรายจังหวัดสมุทรปราการนะคะ
24-24021-6.wav	นายมังกรลิขิตวาดอายุ31ที่เป็นสามีใหม่ของนางสำเนียง
24-24023-18.wav	โดยครอบครัวของนายอมรเทพเทศขันอายุ32ปีที่ศูนย์หาย
24-24023-21.wav	โดยเฉพาะผู้เป็นภรรยาชื่อว่านางสาวศิวพรก็ตั้งคันอยู่6เดือน
24-24023-37.wav	ขณะที่ช่วงบ่ายที่ผ่านมาวันนี้นายสมพงษ์เทศขันเป็นพ่อของนายอมรเทพ
24-24024-390.wav	เมื่อเดินทางไปที่บ้านก็ไปพบกับนายสุนทองเจ้าของบ้านเนี่ย
24-24024-409.wav	เดินทางมาถึงบ้านปุ๊บขออีกครั้งทำหน้าที่ประทับทรงอรณภา
24-24024-528.wav	คุณหิงปณิตาวันนี้ได้ไปเดินทางไปพร้อมกับสามีแล้ว
24-24032-29.wav	ทำให้นางนุคูณบอกว่าน้ำตาไหลออกมาด้วยความปลาปลื้มค่ะ
24-24032-4.wav	นางนุกูลเหล่าขวัญสถิตอายุ87ปี
24-24049-103.wav	คุณผู้ชมค่ะคุณย่าของนายธนาทิพย์ค่ะคุณย่าสมพิษเห็มหง
24-24049-16.wav	อยู่ด้านหลังมหาวิทยาลังศิษย์นะครับตำบลหลัก6อำเภอเมืองจังหวัดปทุมธานี
24-24049-17.wav	ผู้ที่เสียชีวิตเนี่ยมีสองคนนะครับคนหนึ่งชื่อนายธนาทิพย์เอี่ยมจำรูน
24-24049-21.wav	แล้วใกล้กันเนี่ยมีอีกหนึ่งศพนะครับนายธิรพัฒน์พิลาทาชื่อเล่นชื่อปุ้ย
24-24049-80.wav	คุณผู้ชมคะเมื่อช่วงบ่ายที่ผ่านมาค่ะญาติได้นำศพของนายธีรพัฒน์
24-24049-81.wav	และนายธนาทิพย์ไปประกอบพิธีทางศาสนาที่วัดศรีกันเขตดอนเมืองนะคะ
24-24052-15.wav	ัตนวาปีอำเภอพนมไพรครับจังหวัดร้อยเอ็ด
24-24052-25.wav	ระงับเหตุโดยมีนายชานนท์ศรีลาดลาวผู้ชายในคลิป
24-24054-21.wav	ขณะนั้นนายวรเชษผู้ก่อเหตุเกิดอาการคลุ้มคลั่งพังประตูบ้านบุกรุกเข้าไปในบ้าน
24-24054-24.wav	ทางญาติตามตัวแม่ของนายวรเชษให้เข้าไปห้ามปรามจนญาติช่วยเหลือลูกสาวออกมาได้
24-24054-32.wav	ทราบแน่ชัดว่านายวรเชษเป็นคนลงมือ
24-24054-34.wav	เช้าวันนี้นายวรเชษเข้ามอบตัวกับตำรวจสภ.วิภาวดี
24-24054-36.wav	ก่อนนำตัวนายวรเชษไปศูนย์พิสูจน์หลักฐาน8
24-24054-44.wav	ยืนยันว่าผู้ช่วยผู้ใหญ่บ้านกับนายวรเชษผู้ก่อเหตุ
24-24054-46.wav	เพียงแต่นายวรเชษหวั่นว่าผู้ช่วยผู้ใหญ่บ้านจะแจ้งตำรวจให้เข้าจับกลุ่ม
24-24054-48.wav	เมืองต้นนายวรเชษชมพูห้อยถูกตำรวจสภ.วิภาวดีแจ้งข้อหาฆ่าผู้อื่นโดยเจตนา
24-24055-55.wav	ก็นายประเสริฐบอกว่าหมอชนนั่นเหมาะสมอยู่แล้วล่ะ
24-24055-59.wav	ขณะที่นางสาวกัญจนาศิลปะอาชาประธานที่ปรึกษาหัวหน้าภักดิ์ชาติไทยพัฒนา
24-24055-7.wav	เชื่อว่าจะได้เสียงมากพอในการโหวตนายกัธมนตรี
9-9351-41.wav	เจ้าของคลิปค่ะนางสาวพิชยาดา<MARK>
9-9352-22.wav	ข้าพเจ้านายจรูลวิมูล(จรูลวิมูล,จรูญวิมูล)ขอสาบานต่อสิ่งศักดิ์สิทธิ์ทั่วสากลโลก
24-24063-14.wav	ก็คือนางสาวอาภาพรวัย31ปีเธอบอกวันเกิดเหตุต้องย้อนไปนู่น
24-24063-15.wav	คืนวันที่6มีนาคมวันมาคบูชานายไพรวันคนก่อเหตุมีบ้านอยู่ติดกัน
24-24063-22.wav	นายไพรวันเดินปรีเข้ามาที่บ้านถือมิดดาบยาวมาเลยนะฮะแล้วฟันใส่สามีเธอทันที
24-24063-57.wav	มีเพื่อนบ้านอีกหลายคนไปด้วยนี่ทางนายไพรวันเนี่ยเขาบอกกับทีมข่าวของเรา
9-9354-2.wav	ไปที่วัดป่าวังน้ำทิพย์จังหวัดยโสธรบ้านเกิดเพื่อนนี่แหละค่ะ
9-9355-19.wav	และเดินเข้าไปพูดคุยกับนายชวี(ชวี,ฉวี)<MARK>ที่ศาลาริมน้ำสักครู่หนึ่ง
9-9355-22.wav	ก่อนที่นายชวี(ชวี,ฉวี)<MARK>จะถูกฆ่าอย่างโหดเยี่ยม(โหดเยี่ยม,โหดเหี้ยม)
24-24063-91.wav	เคยไปตีสุนัขเพื่อนบ้านก็มีบางทีเหมือนหลอนก็มีเชื่อว่าที่นายไพรวันลงมือเนี่ย
24-24064-641.wav	จังหวัดเชียงรายครับโดยได้รับฉายาทางธรรมว่าอธิจิตโต
24-24066-10.wav	ในของพื้นที่อำเภอบ้านบึงจังหวัดชลบุรีแล้วหายตัวไปทุกหน่วยงานต้องมาจัดทีมค้นหากัน
24-24067-21.wav	ทราบชื่อคือนางสาวสุพมาศขวัญอยู่อายุ38ปีเป็นชาวแพร่
24-24067-23.wav	ตำรวจก็จะต้องนำตัวนางสาวสุภามาศไปทำแผนประกอบคำรับสารภาพที่ปั๊มน้ำมันต่าง
24-24067-26.wav	เกิดเหตุนางสาวจารุวรินขับรถไปรับผู้ต้องหาเนื่องจากจะนัดกันไปซื้อเครื่องทำกาแฟที่เชียงใหม่
24-24067-9.wav	รถเก๋งของนายวิชาญแก้วคำปาพันนักงานกฟภแม่เมาะ
24-24068-35.wav	ก่อนเกิดเหตุผู้ตายก็คือนายธนวัฒน์
24-24068-50.wav	ก็พานายธนวัฒน์เข้าไปในบ้านให้สงบสติอารมณ์
9-9355-6.wav	นักประดาน้ำมูลนิธิใต้เต็กตึง(ใต้เต็กตึง,ไต้เต๊กตึ๊ง)จังหวัด
9-9356-22.wav	เข้ามาคุยกับนายนัชศิษย์(นัชศิษย์,นัชชิต)<MARK>บอกว่าเพื่อนฝากขอโทษนะ
24-24072-27.wav	ทีนี้คุณภูนศักดิ์โสพลปทุมรักษ์ในอำเภอกเกาะพงันจังหวัดสุราษฎร์ธานีนะคะ
9-9358-42.wav	จิตใจนางผมพอเสร็จมาปุ๊บเนี่ย
24-24072-32.wav	เป็นภาพที่คุณพลอยเชอร์มานเดินทางไปที่ร้านอาหาร
9-9364-38.wav	ปรากฏว่าผู้ที่ถูกทำร้ายเนี่ยคือนางสาวพรพิมล<MARK>นะคะ
24-24073-13.wav	หนึ่งในผู้เสียหายคนหนึ่งชื่อว่านายบุญเอิบวันคง
24-24073-8.wav	แต่เป็นเรื่องว่ามีคนเดินทางไปแจ้งความกับพระอาจารย์ร้อนเนี่ย
24-24075-120.wav	นี่ทุกจังหวัดรวมกันในกอทมจะฉีดได้8000คนต่อวัน
24-24075-127.wav	นายกว่าบอกว่าจะปูพรมฉีดวัคซีนคนกอทมให้ได้5ล้าน3แสนคนภายใน2เดือน
24-24076-84.wav	แถมพารีพบนางมนโท
24-24077-11.wav	ทีมข่าวไปคุยกับนายมนต์ค่ะเจ้าของบ้านที่ตำรวจเดินทางมาที่สภ.อูทองนะคะ
9-9364-41.wav	แล้วทราบว่าผู้ก่อเหตุคือนายอานนท์<MARK>ที่เห็นภาพนี้นะคะ
9-9364-45.wav	แล้วก็3เดือนก่อนนางสาวพรพิมล<MARK>ต้องการจะบอกเลิก
9-9364-46.wav	ก็ไม่ทราบสาเหตุอะไรแต่นายอานนท์<MARK>ไม่ยอมจะบุกมาที่ร้าน
24-24077-5.wav	พร้อมกับทีมจำแหละที่จังหวัดสุพรรณบุรี
9-9364-606.wav	พร้อมกับคุณพ่อวะธีรัฐ(วะธีรัฐ,วธีรัตน์)และคุณแม่วะริยาคงยิ่งยง(วะริยาคงยิ่งยง,วริยาคงยิ่งยง)แล้วก็นางสาวจงจิตอินทุ่ง(จงจิตอินทุ่ง,จงกลอิ่นทุ่ง)
24-24078-4.wav	อำเภอเอราวันจังหวัดเลยอืมภาพวงจรปิดบันทึกเหตุการณ์ได้ช่วงกลางดึกคืนที่ผ่านมาค่ะ
9-9368-99.wav	และความมั่นคงของมนุษย์นางสุพัชชาสุธิพล<MARK>
9-9372-18.wav	ผู้หญิงคนนี้ชื่อว่านางสาวมะยุรีบุตรงาม<MARK>อายุ30ปีเป็นชาวจังหวัดกาญจนบุรี
9-9372-1.wav	เหตุการณ์นี้เกิดขึ้นที่จังหวัดสมุทรปราการอาสาไปกดเงินให้
9-9372-32.wav	พอจับนางสาวมะยุรี<MARK>ได้นะคะก็ยอมรับว่า
9-9372-50.wav	และช่วงบ่ายที่ผ่านมาตำรวจก็นำตัวนางสาวมายุรี(มายุรี,มะยุรี)<MARK>
9-9372-51.wav	นางสาวมะยุรี<MARK>ก็บอกแค่สั้นว่าเรื่องทั้งหมดเป็นเรื่องที่ตัวเธอกับลุงเล็ก
9-9372-55.wav	ไม่ได้ไปสนิทสนมอะไรกับนางสาวมะยุรี<MARK>เลย
9-9372-56.wav	คือนางสาวมะยุรี<MARK>กับแฟนหนุ่มเพิ่งมาเช่าห้องที่อยู่ติดกับลุงเนี่ย
9-9372-58.wav	มีแค่ฝ่ายสามีหรือว่าแฟนหนุ่มของนางสาวมายุรี(มายุรี,มะยุรี)<MARK>นี่แหละ
9-9374-10.wav	โดยนายโรบินดันบา(โรบินดันบา,โรบินดันบาร์)อาจารย์ประจำวิชาจิตวิทยามหาวิทยาลัยออกเฟิร์ต(ออกเฟิร์ต,ออกซ์ฟอร์ด)
9-9375-19.wav	เอาพบกับนางสาวลินดาคำรอดแก้ว<MARK>ซึ่งเป็นผู้ดูแลบ้าน
9-9375-21.wav	ก็คือนางสาวเพชรพรวงศาบุตร<MARK>อายุสามสิบเอ็ดปีเธอมีสามีเป็นชาวญี่ปุ่น
9-9375-24.wav	ก็เลยวานให้เธอนี่นะคะคือนางสาวลินดา<MARK>ผู้ดูแลบ้าน
9-9377-27.wav	ขาดใจซื้อให้ได้นายปรัชญา<MARK>เล่าให้ฟังนะครับ
24-24081-378.wav	ปิโตเรียมตั้งอยู่บริเวณสี่แยกไฟแดงศรีดาอำเภอศรีดาจังหวัดนครราชสีมาครับ
9-9377-38.wav	เอานายเฉลียว<MARK>นายเฉลียว<MARK>พนักงานเวทีของคณะลิเกสอนรามน้ำเพชร(สอนรามน้ำเพชร,ศรรามน้ำเพชร)นะครับ
24-24081-383.wav	ไปเจอกับนายสังเวียนแก้วดอนรีนะครับพนักงานเติมน้ำมันเนี่ยก็ยืนรอให้การ
9-9380-6.wav	ทางด้านของตำรวจนะฮะเบิกตัวเมฆรามา(เมฆรามา,เมฆรามา)หรือว่านายบรามารัศมีรามา(บรามารัศมีรามา,รามา)อายุ37ปี
9-9383-12.wav	นำตัวนายอาภา(อาภา,อาผะ)<MARK>ออกจากห้องขังไปสอบเครียดนานกว่า5ชั่วโมงค่ะ
9-9383-16.wav	เปิดเผยบอกว่าหลังจากที่มีการสอบปากคำนายอาผะ<MARK>
9-9383-21.wav	เย็นวันนี้รถของกรมราชทัณฑ์จะมารับตัวนายอาผะ<MARK>
9-9383-2.wav	ได้นำตัวนายอาผะ<MARK>ผู้ต้องหาคดีลักพาตัวน้องจีน่า
9-9383-46.wav	ทั้งของนายจบูสือ(จบูสือ,จะบูสือ)<MARK>ซึ่งเป็นลุงของน้องจีน่า
9-9383-47.wav	นางนาคะ(นาคะ,นาขะ)<MARK>ยายของน้องจีน่านะคะ
9-9383-48.wav	นางนาคาจู(นาคาจู,นาคะจู)<MARK>พี่สาวยายของน้องจีน่า
9-9383-54.wav	ส่วนการหาตัวหมอผีค่ะนายปะแต๋<MARK>
9-9383-5.wav	วันนี้นายอาผ่า(อาผ่า,อาผะ)<MARK>ผู้สื่อข่าวบอกว่าสีหน้าอยู่ในอาการเครียดนะคะ
9-9383-61.wav	นี่ค่ะนางนาคาจู(นาคาจู,นาคะจู)<MARK>และครอบครัวเข้ามาทำพิธีดูดวง
24-24081-451.wav	หมอปลาไม่รอช้าครับไปที่บ้านของนายอารันทร์นะครับ
9-9385-1924.wav	นางของน้องไปแล้ววันนั้นที่น้องตายเนี่ยน้องตายในชุด
24-24081-505.wav	ใครบ้างนายสิทธิศักดิ์ชิดไทยสงฆ์และช่างภาพเข้าไปพบกับนายประวิทย์อัศวินชัย
24-24081-511.wav	จริงป่ะหรือตัดต่อหรือเทคนิคยังไงนายพงพันธ์ย้ำว่าขอสงวนไว้
24-24085-21.wav	นายนัทพงศ์แสงเกิดเล่าให้ฟัง
9-9385-3014.wav	มิชาก็บอกว่าเฮ้ยชอนายจะว่าอะไรไหม
9-9385-3144.wav	ก็เดินลงไปที่เคาน์เตอร์ผมบอกมิชาเฮ้ยเดี๋ยวนายไปเลสตรอง(เลสตรอง,เรสเตอรองต์)ก่อน
24-24091-28.wav	โดยคนที่ก่อเหตุชื่อว่านายอานนท์บุญยีนะฮะ
24-24091-39.wav	นายอานนท์บุญยีผู้ก่อเหตุสารภาพว่าอย่างนี้นะครับ
24-24091-65.wav	ช่วงที่คบกับลูกสาวรู้ว่านายอานนท์แอบกลับไปหาพันรยาเก่า
9-9385-3969.wav	มันเป็นเรื่องที่เดินทางมาแบบครับและนี่คือเรื่องราวของเพื่อนผมลูกชาย
24-24091-68.wav	แล้วระหว่างที่ลูกสาวไปทำงานอยู่เนี่ยนายอานนท์ก็มาทำร้าย
24-24092-14.wav	เจ้าของร้านคือนายนัทธวุฒิสิริรัตนกุญชัย
24-24093-12.wav	ผู้เสียชีวิตคือนางบัวลีคำหอมอายุ68เป็นเจ้าของโรงศรีค่ะ
24-24093-18.wav	นายทองศูนย์ชัยยาสุกอายุ83ปีเป็นคนพบศพคนแรก
24-24097-31.wav	พนักงานปรายศนีย์จังหวัดบุรีรัมย์บอกว่า
24-24106-29.wav	ทางด้านของนายวิรศักดิ์ศรีสัจจังหัวหน้าอุทยานแห่งชาติธานหมวกธรณี
24-24107-10.wav	ชื่อจริงคือภูผาปราสุวรรณเป็นชาวบ้านที่บ้านสวนหลวงหมู่8ตำบลปงป่าหวายที่เด่นชัยจังหวัดแพร่
24-24108-0.wav	นักร้องดังค่ะคุณเบนชะลาทิศหรือนายชะลาทิศตันติวุฒิถูกแจ้งความดำเนินคดีที่สน.ทองหล่อข้อหาทำร้ายร่างกาย
24-24108-14.wav	ตัวนางสาวสวิตรีบอกว่าตัวเธอเองก็เดินไปหาคุณเบนชะลาทิศที่โต๊ะ
24-24108-6.wav	ก็เลยสงสัยไงว่าเออเกิดอะไรขึ้นน่ะเนี่ยค่ะเรื่องนี้นะคะนางสาวสาวิตรีว่องวัยอายุ24ปี
24-24110-38.wav	นางร้ายไซมินิกุ๊บกิ๊บสุมนทิพย์ตั้งขันได้10สัปดาห์
9-9385-564.wav	แล้วซึ่งเพลงนี้เนี่ยมันเป็นเพลงที่ต้องใช้ในการประกอบฉากตอนที่นางวันทองแปลงร่างจากอสูตรละกาย(อสูตรละกาย,อสุรกาย)เนี่ยเปรตอสูตรละกาย(อสูตรละกาย,อสุรกาย)มาเป็นหญิงสาวซึ่งเนื้อมันร้องว่าเสร็จจำแรงแปลงกายเยื้องกายมาในป่าครับผมพอหลังจากนั้นเสร็จปุ๊บเหตุการณ์นี้จบไปผมไม่ได้ไปบ้านเครื่องครูรัฐอีกเลยจนผ่านไปประมาณ2ปีพี่นะฮะ
9-9388-40.wav	นายบุญคล่องวงเสง(วงเสง,วงศ์เส็ง)<MARK>อายุ38ปีเป็นพ่อตา
9-9388-41.wav	นายพรชัยอบอุ่น<MARK>อายุ31ปีเป็นคู่เขย
9-9388-60.wav	คำให้การของนายศุภชัย<MARK>คนก่อเหตุนะคะเดี๋ยวพรุ่งนี้ตำรวจจะนำตัวทั้งสามคนนี้
9-9390-10.wav	อืมนางก็ตรวจค่ะก่อนออกจากบ้านคือเวลาออกไปอัดรายการอะไร
9-9390-11.wav	หรือกลับมาปุ๊บนางก็จะตรวจอ่าตอนห้าโมงเย็นอ่ะอืม
9-9390-12.wav	นางตรวจไม่เจอตรวจจากที่บ้านก่อนจะออกมารายการพี่ถูกไหมค
9-9390-879.wav	แค่แบบจริงเขาเข้าใจอย่างเหมือนสวนสัตว์นางอย่างนี้
24-24113-6.wav	โดยนายกรสิทธิ์พักคโชตานนท์ครับผู้ว่าการการไฟฟ้าฝ่ายผลิตแห่งประเทศไทยหรือว่ากรฟภบอกว่า
24-24115-5.wav	นายวิชัยรัตนาพักดีค่ะชายวัย84ปีที่เขาถูกผลักลงกับพื้น
9-9390-9.wav	นางก็กลับมาอยู่บ้านของนางนางก็เลยเพื่อความปลอดภัยอ่ะ
24-24115-8.wav	แม้ว่าในเวลาต่อมานะคะนายอองตวนวัดสรรชายวัย19ปีจะถูกจับกลุ่ม
9-9391-45.wav	ก็คือในส่วนของนายกอบจ.ด้วยนะครับ
24-24116-19.wav	ต่อมาตำรวจสภ.เมืองนครศรีธรรมราชจับกลุ่มนายคำรณสมยาพิทักษ์อดีตคนรักเก่า
24-24116-7.wav	ลูกสาวเขาเนี่ยนางสาววันนาศรียาภัยอายุ37แล้วตอนนี้
24-24117-36.wav	นายวีรศักดิ์วิจิตแสงสีวันนี้ดูผู้ว่าเดินออกมาแล้วนะ
9-9394-15.wav	และพิพากษาจำคุกผู้ร่วมขบวนการอีก4คนก็คือนายสุริยานวลเจริญ<MARK>หรือครูอ๋อง<MARK>เพื่อนสนิท
9-9394-18.wav	นางทองเรศวงศรีชา(วงศรีชา,วงศ์ศรีชา)<MARK>พยานปากสำคัญที่เคยมายืนยันว่าครูจอมทรัพย์เนี่ยไม่ได้ขับรถชนคนตาย
24-24118-63.wav	ก็สามารถที่จะเดินทางไปทำบุญกันได้ที่วัดม่านไหว้
9-9394-20.wav	และนายนิรันดิ์แสนเมืองโคตร<MARK>อดีตสามีครูจอมทรัพย์จำคุก2เดือน
9-9394-21.wav	ส่วนนางสาววาสนาเพชรทอง<MARK>หลานสาวของครูจอมทรัพย์
9-9394-22.wav	นายเสน่ห์สุพรรณ<MARK>และนางรจนาจันทรัฐ(จันทรัฐ,จันทรัตน์)<MARK>เพื่อนสนิทครูจอมทรัพย์จำเลยอีก3คน
24-24120-23.wav	เหตุการณ์นี้นะครับทางนายนโรงคงเอียดหัวหน้าอุทยานแห่งชาติหาดเจ้าไหมจังหวัดตรังนะครับ
9-9394-24.wav	ก่อนหน้านี้ค่ะนางจอมทรัพย์<MARK>เคยถูกพิพากษาจำคุกในคดีขับรถชนคนตายเมื่อปี2559
9-9394-2.wav	ศาลจังหวัดนครพนมก็พิพากษาจำคุก8ปีโดยไม่รอลงอาญาครูจอมทรัพย์<MARK>
9-9394-38.wav	และจำคุก1ปี9เดือนนางจันวาปี(จันวาปี,ทัศนีย์หาญพยัคฆ์)ภรรยาโดยไม่รอลงอาญา
9-9394-5.wav	จอมทรัพย์แสนเมืองโคตร<MARK>อายุ57ปีอดีตข้าราชการครูเดินทางไปที่ศาลจังหวัดนครพนมนะคะ
9-9396-217.wav	ตนกำลังกลับเดินทางกลับจากที่ทำงาน
9-9396-219.wav	เพื่อกลับบ้านที่จังหวัดอำนาจเจริญครับ
24-24121-22.wav	เมื่อไปถึงก็พบนางสาวบัวเรียนศรีล่า
9-9396-384.wav	ที่ทำให้บุคคลทั่วไปครอบครองไซยาไนด์ได้
9-9396-333.wav	ขวดยาไซยาไนด์ที่ไปเจอในถุงดำ
9-9396-609.wav	นายณัฐพล<MARK>เขาบอกว่าระบุถึงขั้นตอนการทำร้ายแล้วก็ฆ่าสาวเซลล์ขายรถนะ
9-9396-631.wav	อืมตำรวจเนี้ยก็ไม่ได้ปักใจเชื่อนะฮะในคำให้การของนายณัฐพล<MARK>อืม
9-9396-680.wav	โดยที่นายชัยวัด(ชัยวัด,ชัยวัฒน์)<MARK>เนี่ยเข้ามาแจ้งความกรณีที่ว่ามีคนมาขโมยกระถางต้นตะไคร้แล้วก็กระถางต้นพลูด่าง
9-9396-714.wav	ผู้รับมอบอำนาจโจทย์แล้วก็นางทิติมา(ทิติมา,ธิติมา)บุญประเสริฐ<MARK>
24-24121-48.wav	จากการสอบถามนายสงการกิจพิทักษ์อายุ59ปี
24-24123-30.wav	ด้านนายสถาพรเที่ยงธรรมผู้อำนวยการกองโบราณสถานกรมศิลปากร
24-24123-47.wav	มาแจ้งความให้ดำเนินคดีต่อนางสาวปนัสยา
24-24123-49.wav	นายอานนท์นำพาแล้วก็นายพระฤทธิวรักษ์หรือว่าเพนกวิน
9-9399-17.wav	จี่หอยโอ้โหจี้(จี้,จี่)หอยของจริงน้องใบตองที่จังหวัดนครพนมฮะเขาบอกว่าหนาวแล้ว
9-9401-11.wav	ที่ตามมาข้างหลังเป็นรถกู้ชีพของอบต.แหลมศักดิ์ที่มีนายชัยเชศ(ชัยเชศ,ชัยเชษฐ์)อาทิตย์ลับ<MARK>
24-24124-2.wav	เป็นสับปะเลอผู้หญิงที่วัดท่าหลวงจังหวัดพิจิตรแล้วเป็นมาแล้วตั้ง8ปีนะ
24-24124-8.wav	นี่คือนางสาวเพ็ญนภาอ่ำทัพหรือว่าน้องนิวน้องนิวอายุ18เองครับ
24-24124-9.wav	นิวทำหน้าที่สับปะเลออยู่ที่เมนวัดท่าหลวงพระอารามหลวงอำเภอเมืองจังหวัดพิจิตรฮะ
9-9401-8.wav	แล้วรถอีซูซูตอนครึ่งสีเทามีนายเสกสรรประเสริฐดี<MARK>เป็นคนขับ
9-9402-26.wav	นางสาวนัทธนัน(นัทธนัน,ณัฐนันท์)<MARK>อายุ43ค่ะ
9-9402-31.wav	ก็เลยได้ข้อมูลมาว่าในโจ๊ก(ในโจ๊ก,นายโจ๊ก)<MARK>ไปคำเมนต์กับสามีเธอนั่นแหละสามีนางสาวนัทธนัน(นัทธนัน,ณัฐนันท์)<MARK>นั่นแหละ
9-9402-80.wav	ก็คือสามีของนางสาวนัทธนัน(นัทธนัน,ณัฐนันท์)<MARK>
9-9406-30.wav	นายปฏิพาณ<MARK>อายุ30ขอมอบตัวพร้อมกับปืนของกลางขนาด9มมครับ
9-9406-8.wav	ผู้ตายทราบชื่อคือนายนัทธวุฒิ<MARK>อายุ25ปีเบนเจอร์(เบนเจอร์,แมสเซนเจอร์)เพศ(เพศ,เฟด)พอดีครับ
9-9407-10.wav	และเอาอาหารมาให้ที่หน้ารูปของนางสาวพัชรภาเกียวรำ(เกียวรำ,เกลียวรัมย์)<MARK>
9-9408-8.wav	บนกระเสียว(บนกระเสียว,บึงกระเสียว)อำเภอสามชุก(สามชุก,ด่านช้าง)จังหวัดสุพรรณบุรีส่วนนี้คือวงจรปิดตอนเขาขี่มอเตอร์ไซค์มาก่อเหตุ
9-9412-4.wav	เชื่อไหมที่ศูนย์พัฒนาเด็กเล็กโรงเรียนอื่นจังหวัดอื่นเนี่ยนะ
9-9414-0.wav	คุณผู้ชมคะมีเรื่องของคนหายค่ะหายออกไปจากบ้านตั้งแต่สิบสองสิงหาคมนะคะที่จังหวัดเพชรบูรณ์แต่ประเด็นก็คือคนในครอบครัวคนใกล้ชิดเขามองว่าเป็นเรื่องอาถรรพ์เกี่ยวกับงูเจ้าที่งูเพราะก่อนใช่ค่ะนี่คือคนหายคือก่อนที่เขาจะหายไปเนี่ยเขาไปฆ่างูครับแล้วเอางูมากินหลังจากนั้นเนี่ยหลอนว่าอุ้ยงูมาเต็มบ้านเยอะแยะเต็มไปหมดซึ่งไม่ได้มี
24-24127-44.wav	นายนรงเนี่ยเคยบวชเป็นพระที่วัดที่ตำบลท่าตูมอำเภอศรีมหาโพธินี่แหละค่ะ
24-24127-51.wav	ฝั่งทางด้านนายนรงเมื่อก่อนเป็นพระนรงค์ใช่ไหม
24-24128-18.wav	2รายที่ได้รับบาดเจ็บชื่อว่านายชะลิดเตนุรัติอายุ21ปีนะคะ
24-24131-281.wav	เดินทางไปที่กองปราบปรามเพื่อจะแจ้งความดำเนินคดีกับคุณกระติกอิสรินในข้อหาให้การเท็จ
24-24132-7.wav	เป็นสถานที่จัดงานศพของนางสาวหัทยาหงชารีหรือว่าน้องกุ๊กไก่วัย19ปีนะคะ
24-24133-116.wav	ซึ่งก็สนิทสนมกับเฮียหยูชื่อว่านางสาวสุดารัฐนะครับ
24-24133-140.wav	เพราะว่าเฮียหยูเนี่ยจะพาซ้อนท้ายไปทำงานต่างเพื่อสอนงานแต่ว่านายคนนี้เป็นคนอารมณ์ร้อน
24-24133-1.wav	เหตุการณ์ที่นายพรศักดิ์วัตตะวันนิชกุลหรือฮียูอายุ72ปี
24-24133-33.wav	แต่ตัวผู้ต้องหาอ้างว่าตัวนายพรศักดิ์หรือเฮียหยูเนี่ย
24-24133-80.wav	ก็ไปถูกคดีทำลายทรัพย์สินของนางราชการอีกอย่างนี้
24-24133-83.wav	ผู้ชายที่เป็นหลานชายของเฮียหยูนะครับคนที่ปีนขึ้นไปเนี่ยคือนายอนุรัติวงอนันต
24-24136-1.wav	ยังคงทยอยเดินทางมาร่วมแสดงความอาลัยกับครอบครัวฉิมทวมกันอย่างต่อเนื่องเลยนะคะ
24-24136-5.wav	โดยเฉพาะตะนะคะที่เดินทางมาร่วมฟังสวดเป็นวันแรกพร้อมกับแฟนสาวบุ๋มมินตยา
24-24139-103.wav	ส่งแท็กซี่ที่เขาไปเดินทางไปอีกนะ
24-24139-113.wav	แต่ว่าเป็นคนต่างประเทศที่เดินทางมาจากไนเจรีย
24-24139-14.wav	ผู้ป่วยรายนี้ชื่อนายออสมอนชิฮาซิริมเนเซเรม
24-24140-10.wav	ตำบลตากูกที่อำเภอเขาสินนรินจังหวัดสุรินทร์
24-24140-33.wav	ด้านของนายสาโรธชาวนา
24-24140-55.wav	ในพื้นที่อำเภอศรีขอรภูมิจังหวัดสุรินทร์
24-24141-575.wav	สมาชิกสภาพผู้แทนรัศดรจังหวัดนครศรีธรรมราช
24-24141-583.wav	ประท้วงพูดปลายเมื่อกี้ครับที่ก่อนท่านนายกกำลังอภิปรายอยู่ครับ
24-24141-590.wav	บครับผมนายวิรัติรัตนเศษสมาชิกสภาพผู้แทนรัศดร
24-24141-592.wav	ประธานนะครับว่าการที่ท่านนายกรรมตรีเนี่ยได้มาตอบ
24-24147-4.wav	คนที่โชคร้ายคนนี้ก็คือนายสุภกิจนะคะไม่รู้ใครก็ไม่รู้มาทำอะไรแบบนี้
24-24147-6.wav	มือดีที่มาพร้อมกับขวดคนนั้นก็คือนายสายชนเชษสกุลค่ะ
24-24148-46.wav	ชื่อว่านางแสงเดือนสุรินทร์โท
24-24149-19.wav	ตรงที่หมู่8ตรงที่อำเภอหัวไซจังหวัดนครศรีธรรมราช
24-24151-6.wav	นี่คือชุมชนบ้านสรรป่าม่วงคุณผู้ชมตำบลสรรป่าม่วงอำเภอเมืองจังหวัดพะเยา
24-24153-29.wav	โดยมีนายพิรมนินทยารองผู้ว่าราชการจังหวัดเป็นผู้บัญชาการเหตุการณ์
24-24157-11.wav	ถูกนายนิวัฒน์ที่เป็นสามีนายนิวัตรอายุ30ซ้อมต่อหน้าลูกวัย3ขวบในห้องเช่า
24-24157-13.wav	นายนิวัฒน์อ้างว่าอย่างนี้นะครับท่านผู้ชมครับบอกว่าเหตุการณ์มันเกิดขึ้นตีหนึ่งเก้าธันวาคม
24-24157-17.wav	เห็นข้อความไลน์สนทนากับผู้ชายคนอื่นนายนิวัฒน์อ้างว่าเป็นลักษณะข้อความ
24-24157-24.wav	นายนิวัฒน์บอกว่าตอนนั้นเตะภรรยาเข้าไป
24-24157-32.wav	อันนี้น้าของนายนิวัฒน์นะฮะ
24-24157-35.wav	ส่วนภรรยาของนายนิวัตรยังสาหัสนะครับ
24-24157-40.wav	ขณะที่ญาติฝั่งนางสาวสุพิชยาที่ถูกทำร้าย
24-24157-59.wav	ส่วนตำรวจสภ.นครชัยศรีบอกว่าที่ไม่ได้คัดค้างการประกันตัวเพราะนายนิวัฒน์ก็ยอมรับสารภาพ
24-24157-9.wav	คนเจ็บนะครับก็คือนางสาวสุพิชยาอายุ29ปีนะครับ
24-24158-14.wav	แล้วก็ไปถามเจ้าของร้านแม่ค้าแม่ขายครับก็คือนางสาวเดือนใจยา
9-9421-62.wav	ก็นำเสนอนำเหนอนำเหนอคุณให้ไปเที่ยวกันที่เกาะไม้ท่อนที่อำเภอเมืองจังหวัดภูเก็ตนะฮะ
24-24165-14.wav	นี่คือนางปรานีพันคลองเธออายุ48ปีนะฮะ
24-24165-21.wav	นางปรานีเล่าบอกว่าบ้านหลังนี้เป็นบ้านของนางทองคูณ
24-24169-23.wav	ชื่อว่านายถิ่นเคยถูกจับเรื่องของคดียาเสพติดและเพิ่งพ้นโทษออกมา
9-9430-69.wav	แล้วก็พี่เสถียรทำมือลงพื้นที่นะคะอำเภอราษีไศลจังหวัดศรีสะเกษนี่แหละ
24-24169-31.wav	ไม่ใช่สินายทินชื่อจริงชื่อว่านายพงศิริเกรดไทยสงศ์อายุ28ปีชื่อเล่นคือนายทิน
24-24170-15.wav	ทีนี้ค่ะจังหวัดนครสวรรค์มีการประกาศพื้นที่ประสบอุทธกภัยแล้ว14อำเภอนะคะ
24-24172-19.wav	นางสาวรุ่งทิพย์อาจไทยสงศ์อายุ45ปี
9-9432-12.wav	คนก่อเหตุก็คือผู้ชายเมื่อสักครู่นี้นายพนม<MARK>คำแลนด์เป็นผู้ชายที่มาจีบนางสาวสมพร<MARK>
9-9432-13.wav	หลังเกิดเหตุลูกชายของนางสาวสมพร<MARK>จับตัวนายพนม<MARK>ขังไว้ในห้องน้ำ
9-9432-17.wav	นางสาวสมพร<MARK>บอกว่านายพนม<MARK>คนก่อเหตุจีบเธออยู่23ปีได้แล้ว
9-9432-23.wav	ถึงขั้นบอกแบบนี้นะแต่ไปมาตัวนายพนม<MARK>ไม่ได้ดีอย่างที่คิด
9-9432-26.wav	ก่อนเกิดเหตุนางสาวสมพร<MARK>อาบน้ำอยู่ในห้องน้ำค่ะ
9-9432-28.wav	นายพนม<MARK>เมามาเลยมาแอบดูเธออาบน้ำ
9-9432-30.wav	นายพนม<MARK>โมโหเอามีดปลายแหลมที่วางอยู่ใกล้แทงเธอเลยค่ะ
9-9432-41.wav	นายพนม<MARK>คนก่อเหตุก็เมาจริงนะคะ
9-9432-42.wav	ก็ยอมรับกับเจ้าหน้าที่ว่าแอบชอบนางสาวสมพร<MARK>มานานแล้ว
24-24172-8.wav	จังหวัดสระแก้วครับขณะที่นายกมลจะเขียน
24-24174-13.wav	นายสิวาอายุ31ปีถูกในแมนใช้ปืนยิง1นัด
24-24174-14.wav	ที่ร้านอาหารในอำเภอกเกษตรวิสัยจังหวัดร้อยเอ็ดแล้วกระสุนมันเข้าหน้าทองด้านซ้าย
24-24174-55.wav	เฉลิมเกียรติชัยเสนาจับได้ที่อำเภอไซมูลจังหวัดยโสธร
9-9434-10.wav	นางราตรี<MARK>ศรีนวลละอองอายุ72ปี
24-24174-70.wav	เจ้าของโพสต์ค่ะนายชัยยศชัยพฤกษ์นะคะ
9-9434-13.wav	นางสาว(สุดาวัน,สุดาวัลย์)<MARK>เสกสรรหรือว่าปูอายุ30ปีหลานสาว
9-9434-18.wav	นาง(สุดาวัน,สุดาวัลย์)<MARK>เสกสรรกลับสู่ความเมตตาของพระองค์แล้ว
9-9434-19.wav	และที่น่าตกใจคือมีภาพของนางสาว(สุดาวัน,สุดาวัลย์)<MARK>เนี่ย
24-24176-21.wav	ภูมิครับการตำรวจภูธรจังหวัดสุราษฎร์ธานีพลตำรวจตรีเสริมพันธ์ศรีคง
9-9434-23.wav	พี่สาวของนางสาวสุดารัฐ<MARK>
9-9434-24.wav	นางสาว(สุดาวัน,สุดาวัลย์)<MARK>เป็นคนโพสต์เองนะครับ
9-9434-27.wav	แล้วก็ต้องไปถามคำยืนยันจากพี่สาวของนางสาว(สุดาวัน,สุดาวัลย์)<MARK>
9-9434-30.wav	แต่ปรากฏว่าพี่สาวของนางสาว(สุดาวัน,สุดาวัลย์)<MARK>
9-9434-43.wav	แต่วันที่1มีนาคมที่ผ่านมานางสาว(สุดาวัน,สุดาวัลย์)<MARK>เนี่ยหลานสาวเนี่ยนะครับ
9-9434-47.wav	และภาพที่พี่สาวของนางสาว(สุดาวัน,สุดาวัลย์)<MARK>คนหาย
24-24182-17.wav	ซึ่งนายปียพันธ์บุญช่วยนะคะผู้เป็นเจ้าของคลิปนี้ก็เปิดเผยว่า
9-9438-14.wav	เป็นหมอในโรงพยาบาลจังหวัดกาฬสินธุ์สั่งเป็น(สี่,4)เมนูค่ะอร่อยทั้งนั้นนะยำวุ้นเส้นรวมปลาช่อนลุยสวนกุ้งเผารวมต้มยำรวมโอ้โหอย่างดีทำให้อย่างดีทำให้เต็มที่นัดแนะกันแบบนี้คือตอนแรกเนี่ยบอกว่าจะให้เด็กไปรับที่ร้านหมอปุ้ย<MARK>บอกแบบนี้นะเดี๋ยวให้เด็กไปรับที่ร้านเลยแต่เขาก็บอกว่าเจ้าของร้านหมอ
24-24185-22.wav	คนก่อเหตุชื่อว่านายพาคินนันทชะลากรหรือบีอายุ26ปี
24-24185-28.wav	เขาเล่าให้ฟังแบบนี้นายสมพงศ์เขียวสมอายุ70นะคะ
9-9443-46.wav	ผู้ฝึกสอนนายอาริส<MARK>หนองใหญ่
9-9444-17.wav	ใช่ไหมล่าสุดนางก็บอกเลยว่า
9-9444-21.wav	คือนางเอาจริงนางก็ต้องใช้เวลาอยู่กับตัวเอง
9-9444-29.wav	อีกอย่างหนึ่งอย่าลืมว่านางไปอยู่ในเรือนจำ3เดือนนะ
24-24185-94.wav	นายนิกรและพระมหาประภาษณ์ทางคุณหมอโรงพยาบาลชลบุรี
9-9444-4.wav	คือตอนนี้นางได้ออกประกันตัวมาในวงเงิน5ล้านบาทเนี่ย
9-9444-5.wav	แต่รู้แต่ว่าก่อนหน้านี้ผู้จัดการเขาก็คือพยายามรวบรวมเงินละครที่นางเล่นเอาไป
9-9446-51.wav	พร้อมกับตัวของสามีก็คือนายพัฒนา<MARK>อายุ50ปี
24-24188-10.wav	นายสุขสรรค์ซึ่งเป็นผู้ช่วยผู้ใหญ่บ้านแล้วเป็นญาติกับสองตายายบอกว่า
24-24188-16.wav	ผู้ก่อเหตุนายสุขสรรค์บอกเขาไม่ได้เรียนหนังสือแล้วก็ติดยาด้วย
9-9450-11.wav	พูดง่ายมันถูกจริตจากคนไทยนะครับที่ชอบที่จะท่องเที่ยวนะครับ
9-9450-33.wav	แต่ตัวนี้ก็ถือว่าเป็นตัวที่น่าจะเป็นมาตรการระยะสั้นในช่วงท่องเที่ยวในช่วงของสงกรานต์นะครับ
9-9453-113.wav	อีกหนึ่งเรื่องวันก่อนเราเล่าว่าพี่ยุทธ์สรยุทธ์<MARK>(สุทัศนจิดา,สุทัศนะจินดา)เนี่ยเป็นพระนะครับที่เป็นพระบวชอย่างเงียบณวัดหนองกระทุ่มอำเภอปากช่องจังหวัดนครราชสีมา
24-24190-5.wav	นายกาศีหี่ปลานะคะ
24-24194-13.wav	เราได้คุยกับนายรังสิมันรื่นรมเจ้าหน้าที่กู้ภัยชุดประดาน้ำเขาบอกว่า
9-9453-195.wav	ลูกสาวนี้ถูกนายกีรติ<MARK>
9-9453-54.wav	คือล่าสุดนี้นะฮะนายวิรเดช<MARK>ซาตานะครับ
9-9456-12.wav	นายสมศักดิ์<MARK>บอกเลยนะคะว่ารถไฟทางคู่เส้นนี้มีระยะทาง187กิโลเมตร
24-24198-6.wav	ชื่อนายอัตภพลยอดนกแก้วอายุ15ปีเป็นชาวจังหวัดพัทลุง
24-24199-6.wav	และหลังจากเก็บตัวที่จีนแล้วทีมวอเล็กบอลหญิงก็จะเดินทางต่อไปยังประเทศญี่ปุ่น
24-24201-12.wav	โดยคุณอำพรภัยศูนย์เจ้าของไร่ภูฟ้าใสอำเภอภูเรือจังหวัดเลย
9-9457-21.wav	จากนั้นนายอำนวย<MARK>ได้คุยกับนาย(คมกริจ,คมกริช)<MARK>
9-9457-24.wav	ครั้งนี้นายอำนวย<MARK>เป็นคนจัดอยากให้นาย(คมกริจ,คมกริช)<MARK>ช่วยเหลือบ้าง
9-9457-25.wav	แต่นาย(คมกริจ,คมกริช)<MARK>ก็บอกว่าจะช่วยเท่าที่ช่วยได้
9-9457-48.wav	และศาลจังหวัดสุราษฎร์ธานีออก(ไม้จับ,หมายจับ)นายอำนวย<MARK>ในข้อหาฆ่าผู้อื่นโดย(ไตรตรอง,ไตร่ตรอง)ไว้ก่อน
9-9458-20.wav	ข่าวนี้มาจากนาย(วัญชัย,วันชัย)<MARK>พนมชัย
9-9458-22.wav	เลขา(วัญชัย,วันชัย)<MARK>บอกว่านายสมชาย<MARK>(หาดีลัน,หาญหิรัญ)รัฐมนตรีช่วยอุตสาหกรรม
9-9459-6.wav	อยู่ที่อำเภอไทรน้อยจังหวัดนนทบุรีไปพบกับนายเกียรติศักดิ์<MARK>รุ่งมณีเจ้าของร้าน
24-24201-38.wav	ลองทานดูเหมือนกันรับรองว่าคงจะหวานหอมลิ้นน่าดูเลยนะคะคุณผู้ชมค่ะช่วงนี้ต้องบอกว่าอากาศเนี่ยยังเย็นสบายเดี๋ยวพาไปเที่ยวที่เขาค้อจังหวัดเพชรชบูรณ์กันต่อนะคะพาไปติดตามความสวยงามของธรรมชาติรวมไปถึงวิถีชีวิตของคนเขาค้อกันด้วยติดตามได้กับคุณยุธยาตุ้มมีค่ะ
24-24202-157.wav	ชื่อว่านางสาวปรานีนำพา
24-24202-30.wav	ขอออกตัวก่อนวันนี้ไม่ได้มาหาเรื่องนะยืนยันจะไม่ให้นางสาวปรินา
9-9466-50.wav	ทีนี้ครับผู้เป็นแม่ก็คือนางพาวิพา<MARK>เปิดเผยกับสื่อ
24-24203-26.wav	ปีแล้วที่นางจักรไปคุณเบิร์ตบอกไว้แบบนี้
9-9466-58.wav	ก็เดินทางไปที่มุกดาหารบอกว่าจะไปที่บ้านของลุงพล<MARK>
24-24203-8.wav	และชาปนสถานที่จังหวัดปทุมธานีนั่นเองค่ะ
9-9466-61.wav	ทีนี้ครับพี่ชายของลุงพล<MARK>ก็คือนายสมพร<MARK>(วิพา,วิภา)
9-9466-74.wav	แล้วก็เป็นพ่อของทั้งนางสาวิตรี<MARK>แล้วก็(ป้าแตน,ป้าแต๋น)<MARK>ด้วยนะฮะ
9-9466-79.wav	ไม่ว่าจะเป็นฝั่งของนางสาวิตรี<MARK>นั่นก็ลูก
24-24204-21.wav	อายการบอยโทรให้ตามไปช่วยนายจรวดอะไรบ้างนะ
24-24204-39.wav	วันนี้ผมได้คุยกับทางนายกองคมนตรีดรธนกิจจิตอารีรัฐผู้ช่วยรัฐมนตรีประจำรองนายกรัฐมนตรี
24-24204-51.wav	นายชัชวานบอกว่าหลังจากเสียแป้งเปิดเผยคลิปวันศุกร์กับวันเสาร์
24-24207-10.wav	ซึ่งนางสาววันนี้พาเหลาดีอายุ31ปีภรรยาผู้ตายบอกว่า
24-24207-6.wav	นายสุรพงศ์กุบกลางอายุ46ปีเป็นชาวตำบลสามประทายจังหวัดประจวบคีรีขันธ์
24-24208-17.wav	นางสาวสลันรัฐนครศรีครับ
24-24211-596.wav	แต่ถ้าเป็นนายกรรมตรียิ่งลูกสาวเป็นนายกรรมตรีด้วย
9-9470-26.wav	นางสมจิต<MARK>สอนแก้วเป็นน้องสาวของป้าใจ<MARK>
24-24212-46.wav	คนแรกคือนายปียพงศ์มณฑาพงศ์อายุ26ปี
24-24212-50.wav	อายุ14ปีนะคะจากการสอบสวนนายปียพงศ์เนี่ยยอมรับสารภาพบอกว่า
24-24212-52.wav	ปากซอยใจเอื้อจังหวัดปทุมธานีแหมกตามกันข้ามจังหวัดเลยนะค่ะ
9-9473-15.wav	วันนี้มาแจ้งความดำเนินคดีกับนาย(สุกิตคุณศรีเกษม,สุกิจ พูนศรีเกษม)
9-9473-40.wav	แจ้งความเอาผิดนายอัจฉริยะคราวนี้นายอัจฉริยะแจ้งความเอาผิดดร(สุกิต,สุกิจ)และฟ้า<MARK>บ้างนะคะ
9-9473-43.wav	เป็นภาพของนายอัจฉริยะกับลูกและภรรยาไปนั่งประท้วงที่หน้าสำนักงานตำรวจแห่งชาติเมื่อปี2559
24-24217-100.wav	คนที่3นายพงศักดิ์ปรานีอายุ42ปีนะคะ
9-9475-40.wav	ภายใต้การนำของนาย(ทัศพลบาลาเวล,ทัศพล แบเลเว็ลด์)
24-24217-41.wav	ชื่อว่านางประจิมเจริญเมืองบอกว่าลูกชายไปทำงาน
24-24217-46.wav	นายสัญญากรกันนิกาอายุ27ปีหรือว่านายตี
9-9479-104.wav	เราได้คุยกับเพื่อนบ้านนะครับเพื่อนบ้านชื่อนางอุไร<MARK>ชัยนาอายุ53ปีนะครับ
9-9479-107.wav	เช้า11เมษายนเธอไปยืนคุยกับภรรยาของนายเมธี<MARK>ที่หน้าบ้าน
9-9479-108.wav	ถึงรู้ว่านายเมธี<MARK>เนี่ยเคยถูกนายวรวุฒิ<MARK>เอามีดฟันจนใบหูขาด
9-9479-110.wav	อยู่อยู่นายวรวุฒิ<MARK>ขับรถกระบะเข้ามาพอดีเธอก็รีบเดินกลับเข้าบ้านด้วยความกลัวนะ
9-9479-111.wav	กลัวว่านายวรวุฒิ<MARK>เนี่ยจะสงสัยว่ามายืนคุยอะไรกันจากนั้นได้ยินเสียงคนพังประตู
9-9479-115.wav	ตอนนี้ต้องเปิดไฟนอนทุกคืนคือขนาดนายเมธี<MARK>กับภรรยาเนี่ย
24-24217-98.wav	คนแรกคือนายสัลยกรกันนิกาหรือว่านายตีอายุ28ปี
9-9479-11.wav	หน้าอกด้านซ้ายมีรอยกระสุนปืนลูกซองยิงเข้า(หนึ่ง,1)นัดแล้วห่างจากศพของนายวรวุฒิ<MARK>(สอง,2)เมตรนะครับ
9-9479-18.wav	สามีภรรยากันนะครับวันนี้ญาติมาติดต่อขอรับศพนายวรวุฒิ<MARK>และนางสาวจิตรา<MARK>แล้วนะครับ
9-9479-20.wav	วันนี้พี่ชายของนางสาวจิตรา<MARK>นะครับบอกว่าพี่ชายชื่อ(ยาย,นาย)เมธี<MARK>นะฮะนายเมธี<MARK>นวลเวียงแก่เนี่ย
9-9479-22.wav	เพราะอาศัยอยู่ในบ้านหลังเดียวกันภาพขวามือคือภาพของนางสาวจิตรา<MARK>ที่เสียชีวิตนะครับ
9-9479-25.wav	นี่ฮะนายเมธี<MARK>นะครับที่ให้สัมภาษณ์กับผู้สื่อข่าวของเรา
9-9479-26.wav	นายเมธี<MARK>เขาบอกว่าเขาขอยืนยันนะครับแม้จะอยู่บ้านหลังเดียวกันแต่เขาแยกกันอยู่คนละห้อง
9-9479-33.wav	นี่นายเมธี<MARK>พี่ชายของนางสาวจิตรา<MARK>นะฮะ
9-9479-34.wav	ที่บอกนะครับเขาบอกว่าหลังเกิดเหตุเนี่ยเขาให้ภรรยาเขาไปแจ้งความข้อหาพยายามฆ่ากับนายวรวุฒิ<MARK>ที่เป็นน้องเขยนะฮะ
9-9479-36.wav	น้องสาวก็ยืนยันว่าเดี๋ยวจะเลิกกับนายวรวุฒิ<MARK>แล้วรับไม่ได้เหมือนกันถึงขั้นเนี่ย
9-9479-37.wav	เอามีดมาฟันพี่ชายจนใบหูขาดจากนั้นนายวรวุฒิ<MARK>น้องเขยก็เก็บข้าวของออกจากบ้านไป
9-9479-39.wav	นายเมธี<MARK>บอกว่านายวรวุฒิ<MARK>น้องเขยกลับมาที่บ้าน
9-9479-40.wav	โดยที่ตัวเขากับภรรยาเนี่ยไม่รู้เลยว่านายวรวุฒิ<MARK>เนี่ยมา
9-9479-41.wav	แล้วก็มาก่อเหตุสลดเกิดขึ้นเพราะว่าตอนที่นายวรวุฒิ<MARK>มาที่บ้านเนี่ย
9-9479-42.wav	ตัวของนายเมธี<MARK>กับภรรยาก็เข้าห้องปิดประตูล็อกกรอนทันทีนะฮะ
9-9479-45.wav	ในวันที่11เมษายนที่นายวรวุฒิ<MARK>กลับมา
9-9479-52.wav	เขาก็ยังเข้าใจว่านายวรวุฒิ<MARK>น้องเขยเนี่ยก็อยู่ในห้องกับน้องสาวของเขาอ่ะนะ
9-9479-53.wav	ก็เห็นรถนายวรวุฒิ<MARK>ยังจอดอยู่หน้าบ้านตั้งแต่11เมษายน
9-9479-73.wav	อยู่นายวรวุฒิ<MARK>นะขับรถกระบะเข้ามาที่บ้าน
9-9479-76.wav	เพราะกลัวนายวรวุฒิ<MARK>เนี่ยจะย้อนกลับมาทำร้ายสามีเธออีก
9-9479-78.wav	ประตูออกมาดูตอนนั้นนายวรวุฒิ<MARK>หันมามองเธอแบบตาขวางคล้ายจะเอาเรื่อง
9-9479-80.wav	หลังจากนั้นเธอกับสามีก็คือนายเมธี<MARK>ก็ใช้ชีวิตอยู่ในบ้าน
9-9479-82.wav	เข้าใจว่านายวรวุฒิ<MARK>เนี่ยยังอยู่ในบ้านเธอบอกว่าเวลาที่สามีจะอาบน้ำนะ
9-9479-83.wav	เธอต้องไปยืนเฝ้ายืนเฝ้าหน้าห้องน้ำกลัวว่านายวรวุฒิ<MARK>เนี่ย
9-9479-9.wav	ชื่อนายวรวุฒิ<MARK>ชัยชาติอายุ35ปีนะฮะหลังจากตรวจสอบแล้วนะครับ
9-9481-11.wav	เช่นเดียวกันภรรยาก็คือนางสาวสุภาพร<MARK>(พินวง,พินวงษ์)อายุ30ปีก็บาดเจ็บ
9-9481-9.wav	ในรถไปพบนาย(บุญจัน,บุญจันทร์)<MARK>(พินวง,พินวงษ์)อายุ32ปีซึ่งเป็นคนขับ
9-9482-68.wav	ทั้งนี้นายสนอง<MARK>ถูกตำรวจชุดจับกุมจับตัวได้
24-24221-12.wav	บนถนนสายอำเภอศรีธาตุอำเภอชายวานจังหวัดอุดรธานีครับ
24-24221-21.wav	นายสวิกรมคนนี้นะคะชั่วโมงชั่วโมงกว่าเลยค่ะ
24-24221-30.wav	ถามผู้เห็นเหตุการณ์นางดวงใจจันทวงศ
24-24221-47.wav	กลายเป็นว่าคนขับนายสวิกรมเนี่ย
24-24222-10.wav	ก็คือนางสิริกัญญานินเนธ
24-24222-115.wav	ผู้หญิงคนหนึ่งชื่อว่านางสายฝนฤทธิเรืองเดชนะฮะ
24-24222-71.wav	ก็คือพื้นที่หมู่ที่3บ้านชัยวันนอนอำเภอพิบูรณรักจังหวัดอุดรธานี
9-9487-21.wav	นาย(ไพโรธ,ไพโรจน์)<MARK>ซึ่งเป็นพ่อบ้านเขามีหน้าที่รับผิดชอบในการดูแลแคมป์พักคนงาน
9-9487-24.wav	นาย(ไพโรธ,ไพโรจน์)<MARK>เข้าไปพูดคุยเพื่อจะปรับความเข้าใจกัน
9-9488-14.wav	ว่าเด็กหญิงวีระสุดา<MARK>(ภูลสวัสดิ์,พูลสวัสดิ์)นะฮะโรงเรียนอยู่ที่จังหวัดปราจีนบุรีครับ
9-9488-23.wav	ไม่ติดใจ(สาเหตุการณ์,สาเหตุการ)ตายบ้านหลังนี้เป็นบ้านของนายชาลี<MARK>(ไกรสิง,ไกรสิงห์)
9-9490-10.wav	จังหวัด(พระนครศรียุธยา,พระนครศรีอยุธยา)แล้วก็เนี่ยค่ะมุดผ้าใบหน้าร้านเข้าไป
9-9490-29.wav	คนร้ายขับรถ(เก่ง,เก๋ง)ไปจอดหน้าบ้านของนางสาว(ชนทิชา,ชลธิชา)<MARK>(เกรดพลอย,เกร็ดพลอย)
9-9492-39.wav	เป็น(ชมพ่อ,คนชอบ)การเดินทางชีวิตชอบการเปลี่ยนแปลง
9-9495-39.wav	เพราะตอนนี้ก็มีอีกหลายจังหวัดที่ปลุกกระแสแบบนี้ขึ้นมาด้วยนะคะ
9-9496-16.wav	ซึ่งนายสุชาติ<MARK>แสงแก้วอายุ47ปี
9-9496-50.wav	นำเมล็ดพันธุ์นายสุชาติ<MARK>เก็บไว้ส่วนหนึ่ง
9-9499-0.wav	สวัสดีค่ะพบกับรู้ก่อนร้อนหนาวกับดิฉัน(นัทชายกิตโมก,นัฐชา กิจโมกข์)ค่ะสภาพอากาศในช่วงนี้นะคะเราให้ความสำคัญกับพื้นที่ทางปักษ์ใต้ค่ะเพราะว่าในวันพรุ่งนี้และมารืนนี้ค่ะหลายจังหวัดต้องเตรียมรับมือกับฝนตกหนักนะคะตกหนักจนอาจทำให้เกิดน้ำท่วมฉับพลันและน้ำป่าไหลหลากเลยคุณผู้ชมมี(สิบ,10)จังหวัด
9-9500-27.wav	ด้านนายจงยศ<MARK>พลพงศ์พ่อของนางสาวฟ้า<MARK>ก็บอกว่า
24-24223-63.wav	มีการเสนอชื่อนายสมคิตจาตุศรีพิทักษ์ให้เป็นหัวหน้าพัก
24-24227-14.wav	คาดว่าจะให้นายพักครทรเทียนชัยพ้นจากตำแหน่งผู้ว่าราชการจังหวัดชลบุรี
24-24227-21.wav	สลับกับนายธนาคมจงจิระผู้ว่าราชการจังหวัดนครสวรรค์
24-24228-7.wav	บ้านสวนอนิงบ้านเลขที่29หมู่3ตำบลวังแขมอำเภอคลองขลุงจังหวัดกำแพงเพชร
9-9505-11.wav	กับนาย(สุธิพงศ์,สุทธิพงศ์)<MARK>(จันทมาส,จันทมาศ)ซึ่งเป็นลูกพี่ลูกน้องกัน
24-24229-33.wav	คือนายทัศน์ประสงค์อายุ22ปีเป็นชาวจังหวัดพิจิตร
9-9505-9.wav	รางวัลที่12ใบงวดวันที่16ตุลาคมปีที่แล้วเดินทางเข้าพบ
24-24233-67.wav	สอบสวนนายชาคริสปันทองอายุ24ปี
24-24234-18.wav	ส่วนกรณีที่นายภูมิธรรมเวชยชัยรองหัวหน้าพักเพื่อไทยที่ให้สัมภาษณ์ไปเมื่อช่วงเช้านะคะ
24-24234-45.wav	ออกจากสนามบินมาก็เดินทางมาที่ตึกไทยสมิตรค่ะ
24-24237-10.wav	ร่างของนางสาวอุไรวันอายุ50
24-24241-122.wav	ไม่ว่าจะเป็นนางศรีดาทศกัณฐ์พระลักษณ์ฮานุมานและนางเบนจกาย
9-9507-13.wav	มีผู้เสียชีวิตคือนายจิม<MARK>(รัฐขจรกิติยากุล,รัตนขจรกิติยากุล)อายุ26ปี
9-9507-17.wav	ถามคนขับแท็กซี่ชื่อว่านายมาวิน<MARK>อายุ36ปีบอกว่า
24-24241-289.wav	แล้วก็สงครามเนี่ยเป็นจังหวัดหนึ่งซึ่งทำเป็นจรงก่อนเพื่อนเลย
24-24245-26.wav	คนขับคือนายประเสริฐสิริปรุนะคะเขาเล่าให้ฟังว่าผมอ่ะ
9-9509-2.wav	สมาชิก(สภาพ,สภา)ผู้แทนราษฎรจังหวัดราชบุรีเขต4
24-24248-11.wav	ลูกสาวของผู้เสียชีวิตค่ะนางสาวเอิญอายุ17ปี
9-9514-34.wav	นายประสาท<MARK>กล่าวอีกว่าเหตุการณ์นี้จะเกิดขึ้นเป็นประจำทุกปี
24-24248-7.wav	ผู้เสียชีวิตคือนางสาวสุรีพรคนโททองอายุ38ปีค่ะ
9-9516-21.wav	ใกล้กันมีพลเมืองดีช่วยกันจับตัวนางสาว(กระหนกวัน,กนกวรรณ)<MARK>อายุ40ปี
9-9516-28.wav	ขณะนั่งรถมาครับคุณผู้ชมครับ(จู่,จู่ๆ)นางสาว(กระหนกวัน,กนกวรรณ)<MARK>ตะโกนขึ้น
24-24249-23.wav	นะครับไปจับนายธนพัฒน์
9-9516-37.wav	ส่วนนางสาว(กระหนกวัน,กนกวรรณ)<MARK>ว่ายน้ำลงไปในป่ากกครับ
9-9516-40.wav	ขณะที่เจ้าหน้าที่ควบคุมตัวนางสาว(กระหนกวัด,กนกวรรณ)<MARK>
9-9516-42.wav	เพื่อจะนำตัวเข้าห้องขังนางสาว(กระหนกวัน,กนกวรรณ)<MARK>อ้อนเจ้าหน้าที่
9-9518-38.wav	เพราะว่านางสาว(นัทธิชานามวง,ณัฐธิชา นามวงษ์)หรือ(เก๋ไก่,เก๋ไก๋)
24-24249-24.wav	คนนี้เป็นประหลัดเทศบาลตลุกดูแล้วก็นายกุณฑัศน์
9-9525-14.wav	ไม่มีการลงมาเจรจากันนำมาสู่การที่นางสาว(พัฒนัน,ภัทรนันท์)<MARK>เนี่ย
9-9525-33.wav	ใช้เหตุผลคุยกันสุดท้ายนางสาว(พัทรนัน,ภัทรนันท์)<MARK>ยอมขอโทษกับนายเทิดเกียรติ<MARK>ค่ะ
9-9525-40.wav	ส่วนนาย(เทิดเกียจ,เทิดเกียรติ)<MARK>โชเฟอร์แท็กซี่พอได้ยินคู่กรณีขอโทษ
9-9525-57.wav	(เทิดเกียจ,เทิดเกียรติ)<MARK>โชเฟอร์แท็กซี่ขอให้นางสาว(พัทรนัน,ภัทรนันท์)<MARK>ลบโพสต์
9-9525-60.wav	ซึ่งนางสาว(พัฒนานัน,ภัทรนันท์)<MARK>ก็รับปากค่ะบอกว่าจะลบโพสต์ให้
9-9525-64.wav	แต่ว่านายสมชัย<MARK>ราชแก้วหัวหน้าฝ่ายตรวจการขนส่ง
9-9525-65.wav	ก็ต้องเรียกตัวนายเทิดเกียรติ<MARK>มาสอบสวนข้อเท็จจริงแล้วก็เปรียบเทียบปรับเป็นเงิน(หนึ่งพัน,1000)บาทนะคะ
9-9525-7.wav	เป็นกรณีที่นางสาว(พัฒนันพัฒนาวิริยากูล,ภัทรนันท์ พัฒนาวิริยากุล)<MARK>ค่ะโพสต์เฟซบุ๊คว่า
9-9525-8.wav	ลืมโทรศัพท์มือถือไว้บนรถแท็กซี่ที่มีนาย(เทิดเกียจโคงดี,เทิดเกียรติ คงดี)<MARK>เป็นคนขับ
9-9525-9.wav	แล้วเธอก็กล่าวหาว่านาย(เทิดเกียจ,เทิดเกียรติ)<MARK>มีเจตนาที่จะขโมยโทรศัพท์มือถือของเธอ
9-9527-25.wav	แต่ว่าพ่อของผู้ตายซึ่งคือนายอานนท์<MARK>หรือว่าโฟลกอายุเพิ่ง18ปีนะครับ
9-9527-30.wav	ผู้ที่มามอบตัวนะครับคือนาย(วรุษ,วรุฒ)<MARK>ชาวเนินอายุ23ปี
9-9527-32.wav	ทีมข่าวไทยรัฐทีวีไปคุยกับนายอาทิตย์<MARK>(พึงอำพล,พึ่งอำพล)พ่อของชายวัย18ปีที่เสียชีวิตนะครับ
9-9529-7.wav	โดยมีนาง(อาภานี,ภาณี)<MARK>เพชรเศษอายุ55ปี
24-24252-3.wav	เหตุการณ์นี้นางสาวสุจัยสิทธิมนต์นะฮะอยู่ที่บ้านบากันตำบลครองท่อม
9-9531-14.wav	ด้านหน้าพังยับเลยคนขับคือนายสมชาย<MARK>(เวโรธพิพัฒน์,เวโรจน์พิพัฒน์)อายุ57ปี
9-9531-17.wav	ขณะนำตัวส่งโรงพยาบาลนายสมชาย<MARK>ก็ตะโกนเอะอะโวยวายด่ากู้ภัยด่า
9-9531-21.wav	ตนก็ถูกแจ้งข้อหาเมาแล้วขับกับนายสมชาย<MARK>แล้วนาย(สมชัย,สมชาย)<MARK>ก็ไม่ขอให้การใด
9-9533-26.wav	โดยนาง(วันนาชื่นจิต,วรรณา ชื่นจิตร์)<MARK>พี่สาวของผู้ตายพร้อมกับภรรยาของผู้ตาย
9-9534-16.wav	เป็นนายช่างโยธาชื่อนายสุพรรณ<MARK>นะคะ
24-24255-26.wav	นายพีระสันกวิเศษอายุ50เจ้าของลานจอดรถเล่าบอกว่า
24-24261-16.wav	ส่วนด้านล่างเจอผู้หญิงคนนี้ชื่อว่านางสาวประพัดศรโควิ
24-24261-24.wav	ทีนี้เราไปพูดคุยสอบถามนายแสงสุวรรณมโรงมืด
9-9534-25.wav	ตั้งใจขับรถพุ่งชนนายสุพรรณ<MARK>จนตายจริงจริงแต่เขาบอกว่าที่เขาทำเนี่ยเป็นเพราะเขา(บันดาลโทษะ,บันดาลโทสะ)
9-9556-3.wav	ประกวดสาวไม่งามเทพีตีนธาตุที่จังหวัดลำปาง
24-24263-60.wav	และไม่เป็นอย่างที่นายอาชิริยะพูดรวมถึงเส้นผมตำรวจก็ได้ดำเนินการหมดแล้วค่ะ
9-9558-12.wav	(พงศักดิ์,พงษ์ศักดิ์)<MARK>เล่าว่าเดินเท้าออกจากบ้านเกิดที่อำเภอท่าแซะจังหวัดชุมพร
9-9558-14.wav	และมีเพื่อนร่วมเดินทางมาอีก(หนึ่ง,1)คนก็คือนายสุวรรณ<MARK>
9-9558-29.wav	คือนาย(จิตติวัตร,จิตติวัฒน์)<MARK>(เตชะรัตนายืนยง,เตชะรัตนยืนยง)
9-9558-31.wav	พร้อมด้วยนายนพัฒน์<MARK>ชื่นทองคำกุล
9-9558-7.wav	(สอง,2)หนุ่ม(ปักใต้,ปักษ์ใต้)ก็คือนาย(พงศักดิ์,พงษ์ศักดิ์)<MARK>(รังวิเรน,รังวิเรนทร์)อายุ38ปีชาวจังหวัดชุมพร
9-9558-8.wav	และนายสุวรรณ<MARK>สุวรรณรักษ์อายุ46ปีชาวจังหวัดสุราษฎร์ธานี
9-9559-47.wav	โดยนายสุชาติ<MARK>ชมกลิ่นรัฐมนตรีว่าการกระทรวงแรงงาน
9-9559-65.wav	เรื่องนี้นาย(เอกวัตร,เอกวัฒน์)<MARK>ผสมทรัพย์หัวหน้าห้องปฏิบัติการไวรัสวิทยา
9-9562-150.wav	นครสวรรค์กำแพงเพชรสุโขทัยพิษณุโลกรวมทั้งที่พิจิตรด้วยซึ่งนายใบเล่<MARK>ก็มีเครือข่ายอยู่ทางนี้นี่แหละ
9-9562-17.wav	แล้วก็มียาเสพติดอยู่ที่ตัวด้วยนะคะและนาย(อนุสัก,อนุศักดิ์)<MARK>คนนี้ซัดทอดไปว่า
9-9562-18.wav	คนที่จ้างเขาชื่อว่านายใบเล่<MARK>อืมตำรวจก็เลยตรวจสอบพบว่านายใบเล่<MARK>
9-9562-19.wav	มีตัวตนจริงจริงและเปิดเผยภาพให้ดูแบบนี้ค่ะนายใบเล่<MARK>ชื่อว่านายสัญญา<MARK>สาลางาม
9-9562-21.wav	เป็นคนที่นาย(อนุสัก,อนุศักดิ์)<MARK>ซัดทอดว่าเป็นคนว่าจ้างให้ส่งกล่องพัสดุที่มียาเสพติดทั้ง6กล่องไปจริง
9-9562-230.wav	ใช่ต้องเหมือนเวลาเดินทางไปต่างประเทศมีเครื่องสแกนว่าเห็นว่าข้างในเป็นอะไร
24-24272-156.wav	ก็ไปร่วมกิจกรรมจิตอาสาที่มหาวิทยาลัยรัชพัฒน์วัลัยอลงกรที่จังหวัดปทุมธานีนะครับท่านผู้ชมครับ
24-24272-168.wav	ค่ะเดี๋ยวให้คุณผู้ชมไปฟังเสียงนางสาวพันนิกาวานิสค่ะ
9-9562-35.wav	ใบเล่<MARK>เป็นคนในพื้นที่จังหวัดนครสวรรค์
24-24272-57.wav	มีนายศิราเจนจาคะและนางสาวปรินาไกรคุบ
9-9562-42.wav	เพื่อจัดส่งไปยังที่หมายปลายทางต่างๆแบบนี้ก็เหมือนที่นาย(อนุสัก,อนุศักดิ์)<MARK>ได้มา
24-24272-64.wav	ก็มีกลุ่มของนายสุเทพเทือกสุบันอดีตแก่นำกปศ
9-9562-97.wav	บอกว่าจากการไปตรวจสอบกลุ่มของนายใบเล่<MARK>นะครับท่านผู้ชมครับ
9-9565-23.wav	(เดมี่,ที่)ตำบลห้วยข้าวก่ำอำเภอจุนจังหวัดพะเยา
9-9567-6.wav	ตามที่นาย(นรง,ณรงค์)<MARK>(บุญบันเจิดศรี,บุญบรรเจิดศรี)
9-9568-21.wav	อยากจะออกรายการดังนี่แหละครับผู้สื่อข่าวก็เลยไปเจอกับนางสาวพิชชาพร<MARK>
9-9569-29.wav	ผู้ก่อเหตุก็คือนาย(นบรงชัย,ณรงค์ชัย)<MARK>นพคุณวัฒนากุลอายุ45ปีนี่คนนี้
9-9569-35.wav	ที่คนก่อเหตุคือนาย(นรงชัย,ณรงค์ชัย)<MARK>
9-9569-73.wav	ซึ่งศพที่พบก็คือนางสุกัญญา<MARK>สวัสดีเวทินแล้วก็นายจตุพร<MARK>(กุลอึ้ง,กุลอึ๊ง)นะครับ
9-9569-82.wav	ก็คือนาย(นรงชัย,ณรงค์ชัย)<MARK>นพคุณวัฒนากุลนะครับ
9-9570-20.wav	นี่สุดท้ายตำรวจค่ะจับได้จริงค่ะแล้วก็บุกเข้าไปพอรู้ตัวสืบทราบว่าตัวนายโอม<MARK>(ครอง2,คลองสอง)อายุ29ปีนาย(สุภาการ,ศุภการ)<MARK>(ขานสันเทีย,ขันสันเทียะ)ไปจับเลยค่ะที่ร้านแห่งนี้ฐานข่มขืนกระทำชำราวผู้อื่นโดยขู่เข็นและใช้กำลังประทุษร้ายอย่างที่บอกเหตุการณ์เกิดขึ้นนะคะเมื่อ11สิงหาคมที่ผ่านมาโดยพฤติการเนี่ยของ(ใน,นาย)โอม<MARK>(ครอง2,คลองสอง)
9-9573-48.wav	ไปสอบถามกับนางปานทิพย์<MARK>(สุธิประพา,สุทธิประภา)
9-9575-16.wav	เมื่อคนไทยก็คือนายนาคิน<MARK>ศิลาชัยน้องชายนะครับ
9-9575-25.wav	โดยนายนาคิน<MARK>เกิดอาการหอบอย่างรุนแรงจากการวิ่งหนี
9-9575-33.wav	ติดต่อกับนางสาวอัญชนาดวง<MARK>สร้อยทอง
9-9576-38.wav	ค่ะยังไงก็เดินทางก็เมาอย่าขับอันนี้ก็ต้องเน้นย้ำด้วยนะคะ
24-24276-11.wav	ชัยโชคสะทองโนผู้กำกับการสภ.เวียงสะจังหวัดสุราษฎร์ธานี
24-24276-13.wav	ผู้ชายคนนี้คือนายจักรินนิมนต์เป็นคนงานของเหมืองแห่งนี้ล่ะค่ะ
9-9582-10.wav	ร้อยเอ็ดมหาสารคามและสุรินทร์ได้รับผลกระทบครับนี่ทางรายชื่อจังหวัดนี้นะ
24-24276-15.wav	นายจักรินรับสารภาพว่าเป็นคนในคลิปจริง
24-24276-17.wav	นายจักรินเขาอ้างแบบนี้เขาบอกว่าหมาที่อยู่ในคลิปเนี่ยเป็นหมาจรจัด
24-24279-28.wav	ผู้ที่เสียชีวิตคือนางออนอายุ56ปี
24-24279-296.wav	ของนางออนนะฮะอยู่ที่เชิงเขาช่วงเวียงป่าเป้าพร้าว
24-24279-309.wav	นายวิสุทธิ์ที่เป็นเจ้าหน้าที่กู้ภัยสว่างเวียงป่าเป้าบอกว่า
24-24279-30.wav	ในพื้นที่บ้านทั้งหมดของนางออนเนี่ย
9-9583-10.wav	(ปูนยวจนา,ปุนยวัจนา)<MARK>(วันคาวิสัน,วรรคาวิสันต์)แม่ของนาย
9-9583-28.wav	ตัดสินใจเรื่องนี้อีกครั้งหนึ่งค่ะส่วนนายกฤษณะ<MARK>(อมิสูร,อมิตรสูญ)หรือบอลแฟนของ
9-9583-29.wav	ดาราสาวอุ้ม<MARK>(ลักษณะ,ลักขณา)ซึ่งเป็นหนึ่งในผู้ต้องหาคดีรุมทำร้ายนาย(อิสระอิสราชนุวัฒน์,อิศราชนุวัฒน์)<MARK>บอกว่า
24-24279-315.wav	เพื่อขอเจ้าที่เจ้าทางในการนำเอาศีรษะของนางออนขึ้นมาจากดิน
9-9584-13.wav	นายวิทยา<MARK>ประชากุลผอโรงเรียนก็บอกว่าปกติเนี่ย
24-24279-324.wav	นี่ฮะส่วนกู้ภัยอีกคนนึงนะครับชื่อนายพรธวัฒน์นะฮะที่พาคุณวิมลวันผู้สื่อข่าวของเราไปดูจุดฝังศีรษะเนี่ยนะครับ
24-24279-336.wav	ซึ่งนายพรธวัฒนกู้ภัยสว่างเวียงป่าเป้านะฮะ
9-9586-117.wav	รู้ชื่อเล่นของคนตายแล้วเขาชื่อนายแยบ<MARK>
24-24279-430.wav	ว่าเอ๊ะทำไมนางออนหายไป2วันแล้วไม่มาเปิดร้าน
9-9586-32.wav	ระบุว่านาย(สายัน,สายัณห์)<MARK>(ตระกูลรำ,ตระกูลรัมย์)อายุ48ปี
9-9589-31.wav	นักข่าวไปเจอนาย(วิรสัก,วีระศักดิ์)<MARK>(หาดดา,ฮาดดา)
9-9589-33.wav	แล้วก็นาย(สมเกียจ,สมเกียรติ)<MARK>(โอภาษ,โอภาส)(เพิ่มพงศ์,เพิ่มพงษ์)
24-24279-446.wav	เพราะว่านางออนผู้ตายเนี่ยมาขายของที่ร้านเป็นประจำนะคะ
24-24279-450.wav	นางออนไม่ค่อยได้คุยกับใครในตลาดเท่าไหร่ครับ
24-24279-468.wav	แต่สุดท้ายนะครับญาติญาติตัดสินใจนะครับว่าจะนำศพของนางออนไปประกอบพิธีทางศาสนาที่วัดป่าม่วง
24-24279-57.wav	ออนผู้เสียชีวิตเนี่ยนะคะมีสามีชื่อว่านายสมบูรณ์นายสมบูรณ์เสียชีวิตไปหลายปีแล้วค่ะ
24-24279-65.wav	ซึ่งเป็นบ้านพักของนางอ่อนบ้านพักของแม่ค่ะส่วนตรงกลางจะเป็นพื้นที่ลานบ้าน
24-24279-67.wav	ส่วนด้านซ้ายจะเป็นห้องแถวห้าห้องครับซึ่งนางออนผู้เป็นแม่ค่ะ
24-24279-79.wav	ซึ่งตำรวจสภ.เวียงป่าเป้านะครับวันนี้ก็ยังได้ให้นายสมชายสุริน
24-24282-14.wav	เดินทางมาร่วมอนุโมทนาบุญกันอย่างพร้อมหน้าพร้อมตา
24-24282-38.wav	วันนี้ยังมีนักร้องลูกทุ่งชื่อดังดาวมะยุรีเดินทางมาร่วมงาน
24-24282-46.wav	พระเพชรก็จะเดินทางไปที่วัดทัพกระดานเพื่อร่วมทำบุญ
24-24285-22.wav	นายเวียรยุทธ์คนคลุ้มคลั่งคว่างขวานใส่ตำรวจด้วย
24-24285-25.wav	ยิงใส่นายวีรยุทธ์ด้วยในช่วงที่มีการเจรจาเกลี้กล่อมเนี่ยนะคะ
24-24285-27.wav	เพราะว่านายวิรยุทธ์ตอนแรกอยู่หน้าห้องใช่ไหมหลังจากนั้นเข้าไปอยู่ในห้อง
24-24285-29.wav	นายวิรยุทธ์ก็ต้องยอมทิ้งมีดตำรวจก็เลยใช้จังหวะนี้
24-24285-32.wav	ดำเนินคดีไปเลยค่ะสอบสวนนายวิรยุทธ์ให้การว่าเป็นพนักงานโรงงานนะ
24-24285-36.wav	ก็เลยใช้มีดทำร้ายร่างกายเขาบาดเจ็บเลยส่วนอาการของนายเกรงไกรตอนนี้เพื่อนข้างห้อง
24-24290-42.wav	คนแรกค่ะนายภัยบูลนิติตะวัน
24-24290-49.wav	ส่วนนายนิพิษอินทรสมบัติรองหัวหน้าภักดิ์ประชาธิปัตย์ก็ออกมาบอกนะคะว่า
24-24290-60.wav	เมื่อวานนี้ค่ะนายเวียรชัยอินประเสริฐเจ้าของห้างหุ้นส่วนจำกัด
24-24290-6.wav	นายสุรักษศิวรักษ์หรือว่าสศิวรักษ์นักเขียนชาวไทย
24-24291-6.wav	ภาพจากกล้องวงจรปิดที่สามารถบันทึกวินาทีที่นายอานนท์เมฆสัน
24-24291-9.wav	คือพยานหลักฐานสำคัญที่นายศิรพฤษสุทธิพิบูลเจ้าของร้านเสริมสวย
9-9592-65.wav	นี่ก็มาอีกรายหนึ่งครับเป็นข่าวมาเมื่อเมื่อวานนี้เองเป็นข่าวว่าร้อยตำรวจเอกพนักงานสอบสวนที่จังหวัดเลยผูกคอตายอีกรายหนึ่งแล้วครับ
9-9592-75.wav	เหตุเกิดที่บ้านที่(บ้านโพนใส่,บ้านโพนไทร)อำเภอเมืองจังหวัดเลย
9-9597-13.wav	คือชื่อของนายพิชิต<MARK>ชื่นบาน
9-9600-75.wav	ท่องเที่ยวก็อยู่ใน(มุ้งมอง,มุมมอง)ผ่าน(มุ้ง,มุ้ง)
9-9602-13.wav	เข้ามาที่นายสอนชัย<MARK>ที่เป็นคนขับเสียชีวิตนะครับ
9-9602-17.wav	ว่าจะ(ชาปนกิจ,ฌาปนกิจ)ศพนายสอนชัย<MARK>ที่ไหนเมื่อไหร่อย่างไร
9-9602-23.wav	นายวัฒนาเดช<MARK>วัฒนาโกมลซึ่งเป็นหลานของผู้ตาย
9-9602-2.wav	ขณะที่ขับรถผ่านด่าน(บ้านแม่ต่ำ,บ้านแม่ต๋ำ)ที่อำเภอ(แม่สวย,แม่สรวย)จังหวัดเชียงรายนะฮะ
9-9602-5.wav	กรณีที่นายสอนชัย<MARK>สถิตรักดำรง
24-24306-16.wav	ไปดูนายจุลินลักษณะวิสิทธิหัวหน้าพักประชาธิบัตย์กันหน่อยนะคะ
9-9603-18.wav	นางสาว(ดุดดา,ดุจดา)<MARK>ภรรยาผู้ก่อเหตุยอมรับวันเกิดเหตุทะเลาะกับสามีเรื่องซักผ้า
9-9603-22.wav	มักจะตามไปทำร้ายเพราะหึงหวงแต่ไม่รู้ว่าทำไมถึงไปฆ่านายคำพา<MARK>
9-9603-25.wav	ส่วนศพนายคำพา<MARK>ญาติได้นำไปบำเพ็ญกุศลที่บ้านหลังเกิดเหตุ
24-24306-30.wav	คนที่32ล้านให้กับนางพิราพรซองซิริ
24-24306-44.wav	ขณะที่นายนพัฒน์ชุ่มจิตรีครับ
9-9603-6.wav	ตำรวจสภ.(นสูง,โนนสูง)จังหวัดศรีสะเกษจับตัวนาย(กิติพง,กิตติพงษ์)<MARK>(คำวง,คำวงค์)หรือกล้อง<MARK>อายุ35ปี
9-9603-7.wav	ผู้ต้องหาฆ่า(ปัดคอ,ปาดคอ)นายคำพา<MARK>จำปาเต็มอายุ48ปี
9-9608-4.wav	และนาง(นรมนภินโยสินวัฒน์,นฤมล ภิญโญสินวัฒน์)ลาออกจากตำแหน่งรัฐมนตรีช่วยทั้งสองคนครับ
9-9608-7.wav	และนาง(นรมนภินโยสินวัฒน์,นฤมล ภิญโญสินวัฒน์)รัฐมนตรีช่วยว่าการกระทรวงแรงงาน
24-24308-8.wav	จนเสียชีวิตชื่อว่านายทรงศักดิ์นำสกุลนวลอินอายุห้าสิบสามปี
9-9610-43.wav	นาย(วิสรุธ,วิศรุต)<MARK>ผู้พิมายหัวหน้าสำนักงานสมาคมชาวไร่อ้อย(สุระนาลี,สุรนารี)
24-24309-6.wav	โดยเรื่องนี้นายอานนท์วังวสุเลขาธิการสมาคมประกันวินาศภัยไทย
9-9611-8.wav	นะคะคุณอยู่ที่อำเภอเมืองจังหวัดสุราษฎร์ธานี
9-9612-53.wav	นี่ค่ะคือลูกชายนะนาย(ประทีพ,ประทีป)<MARK>ก็ตะโกนบอกพ่อ
9-9612-92.wav	ก็ให้นาย(ประทีบ,ประทีป)<MARK>ลูกชายคนเล็กของตาเทียบ<MARK>เข้าไปเจรจาเกลี้ยกล่อมพ่ออีกครั้ง(หนึ่ง,1)
24-24310-6.wav	นายอาคมเติมพิทยาภัยสิทธิ์รัฐมนตรีว่าการกระทรวงคมนาคม
9-9615-48.wav	เป็นชื่อบัญชีของนาง(อุไรวัน,อุไรวรรณ)<MARK>เจนการวงเล็บสุขจันทร์นะคะ
9-9616-101.wav	นาย(ชวลิศ,ชวลิต)<MARK>จินดาประเสริฐเขาก็เลยบอกว่า
9-9616-165.wav	เริ่มที่นาย(วรดล,วรดร)<MARK>ผู้ตายได้เดินไปขอบุหรี่จากชาวประมงที่มาหาปลาที่หน้าโรงเรียน(ป่อเนาะ,ปอเนาะ)
9-9616-168.wav	ทำให้นาย(วรดล,วรดร)<MARK>โกรธพูดแล้วก็ชี้หน้าใน(ธรรมนอง,ทำนอง)ที่ว่ามึงเป็นใคร
9-9616-170.wav	เหตุการณ์ดูเหมือนจะจบแต่ปรากฏว่านาย(วรดล,วรดร)<MARK>ไปหยิบฉมวกแทงปลา
9-9616-176.wav	ชกต่อยกันเกิดขึ้นจนทำให้นาย(วรดล,วรดร)<MARK>บาดเจ็บ
9-9616-177.wav	แล้วก็เสียชีวิตในเวลาต่อมานาย(อาบาส,อับบาส)<MARK>บอกว่าคนที่ขับรถไปส่ง
9-9616-179.wav	ซึ่งในตอนนั้นนาย(วรดล,วรดร)<MARK>ชีพจรนี้ก็อ่อนแล้ว
9-9616-190.wav	แต่กรณีของนาย(วรดล,วรดร)<MARK>ผู้ตายเนี่ยทาง(ปน,ปอเนาะ)บอกว่าเขาเข้ามาโดยไม่ผ่าน3ขั้นตอนที่กำหนดไว้เลย
9-9616-191.wav	ทีมข่าวไทยรัฐทีวีได้ไปคุยกับนายบังเดย์<MARK>อายุ69ปีซึ่งเป็นชาวประมงหาปลาอยู่แถวนั้นนะครับ
9-9616-194.wav	แต่วันเกิดเหตุนายบังเดย์<MARK>บอกว่าเขาไม่ได้เข้ามาก็น่าจะเป็นชาวประมงคนอื่นนะฮะที่มาสูบบุหรี่อยู่
9-9616-210.wav	ถามกับนาย(อัพบาส,อับบาส)<MARK>นี่แหละ(โต๊ะครูปอน,โต๊ะครูปอเนาะ)นะคะ
9-9616-29.wav	นาย(วรดล,วรดร)<MARK>วัฒนกุลหรือ(เก็ต,เก็ท)
9-9616-8.wav	(ยาลันนันบารู,ญาลันนันบารู)อยู่ในอำเภอเทพาจังหวัดสงขลา
9-9617-1.wav	เรื่องแล้วสำหรับการเดินทางตามหาร้านเส้นในย่าน(ครองศาล,คลองสาน)
9-9618-10.wav	ทำให้นายประพล<MARK>ลุกขึ้นยืนเช่นกันเพื่อจะเดินหนี
9-9618-11.wav	แต่นายประเสริฐ<MARK>ได้เข้ามากอดคอนายประพล<MARK>
9-9618-12.wav	ก่อนที่นายสุรชัย<MARK>ได้ชักปืนลูกโม่ออกมากระหน่ำยิง
9-9618-13.wav	นายประพล<MARK>เสียชีวิต(ขาดที่,คาที่)
9-9618-14.wav	หลังเกิดเหตุนายสุรชัย<MARK>กับนายประเสริฐ<MARK>ได้ขี่รถจักรยานยนต์หลบหนี
9-9618-16.wav	โดยพี่สาวของนายประพล<MARK>ยืนยันว่าน้องชายเป็นคนดี
9-9618-24.wav	ขณะที่เพื่อนของผู้ก่อเหตุเปิดเผยว่านายสุรชัย<MARK>
9-9618-33.wav	นายสุรชัย<MARK>ถูกผู้อำนวยการโรงเรียนแห่งหนึ่ง
9-9618-38.wav	ให้นายสุรชัย<MARK>เป็นเงิน(3แสน,300000)บาท
9-9618-52.wav	นายสุรชัย<MARK>และนายประเสริฐ<MARK>
9-9618-6.wav	และเดินไปนั่งร่วมโต๊ะพร้อมสอบถามนายประพล<MARK>ว่าเป็นพวกเดียวกับครูหรือไม่
9-9618-8.wav	และทวีความรุนแรงขึ้นโดยนายประพล<MARK>ได้ปฏิเสธ
9-9618-9.wav	จากนั้นนายสุรชัย<MARK>จึงลุกขึ้นยืน
9-9619-30.wav	ขี่มาทางซอย(บุรีพิรม,บุรีภิรมย์)6พอมาถึงหน้าร้านก็ชักปืนยิงใส่นายอุสามะ<MARK>เลย
9-9619-74.wav	พบว่าคนร้ายที่ก่อเหตุยิงนายอุสามะ<MARK>อยู่ในพื้นที่(สน.นหนองจอก,สน.หนองจอก)นะครับ
9-9619-75.wav	เป็นคนละพื้นที่กับที่ก่อเหตุยิงนายทาริส<MARK>ซึ่งอยู่พื้นที่สน.มีนบุรี
9-9620-81.wav	จังหวัดที่ลุงพล<MARK>ไปกล่าวคำสาบานที่เตรียมมาเอง
24-24314-68.wav	ไปพบกับนายคัมภีร์เคลือลิ้นจีหรือเกมลูกชายของพ่อที่โพสต์เรื่องนี้ค่ะ
24-24316-13.wav	มีนายกระหนกพลอินทองคำอายุ30ปีเป็นคนขับ
24-24316-15.wav	หลังจากที่นายกระหนกพลมีพิรุธค่ะเห็นจุดตรวจแล้วพยายามจะจอดรถหลบข้างทางซะอย่างนั้น
9-9627-20.wav	ร้านนี้เป็นร้านของนายวัฒนา<MARK>เพ็ญพรเลิศชัย
24-24317-10.wav	ก็คือนายกัมปนาศสัตว์ธรรมอายุ35ปี
9-9627-21.wav	นายวัฒนา<MARK>เจ้าของร้านเล่าให้เราฟัง
24-24317-11.wav	แล้วก็นายกิติพงศัตวธรรมอายุ20ปี
24-24317-19.wav	ก่อนเกิดเหตุนั้นนายกัมปนาศกับน้องชาย
9-9627-51.wav	หมู่ที่14นะคะตำบล(บ้านต่อม,บ้านต๋อม)อำเภอเมืองจังหวัดพะเยาไปยังวิทยาลัยเทคนิคพะเยา
24-24317-1.wav	ได้เกิดเหตุวัยรุ่นจังหวัดพระนครสิทธิยานะครับ
24-24317-23.wav	จอดใกล้รถของนายกัมปนาศ
24-24318-13.wav	เดินทางไปร่วมลงนามแสดงความอาลัยพระบาทสมเด็จพระปรมินทรมาฮภูมิพลอดุลยเดช
24-24318-23.wav	ซึ่งหลังจากเสร็จพิธีนางสาววัชรีเจรสมบัติเจริญรองประธานชมรมสตรีไทยในฝรั่งเศส
24-24318-2.wav	เมื่อวานนี้ดาโต๊ะสรีดรอามัติสาหิตฮามดีรองนายกรัฐมนตรีและรัฐมนตรีว่าการกระทรวงมหาดไทยมาเลเซียได้เดินทางไปลงนามแสดงความอาลัยถวายแด่พระบาทสมเด็จพระปรมินทรมาฮภูมิพลอดุลยเดชที่ธรรมเนียบเอกอัครราชทูตณกรุงกุลาลัมเปอร์โดยได้กล่าวยกย่องและสันเสริญถึงพระปริ
24-24319-15.wav	นายภัยทูลพวงเงินคนขับรถเก่งก็เลยบอกนะคะว่า
24-24320-1.wav	งานบุญภเวทค่ะช่วงนี้ทางภาคอีสานเขาจัดกันในหลายจังหวัดเนาะ
24-24320-2.wav	โคราชเขาก็มีการจัดบุญภเวทเหมือนกันสำหรับจังหวัดนครราชสีมานะคะที่เมืองพิมาย
24-24320-6.wav	อยู่ที่ตลาดประดูกตำบลกระชอนอำเภอพิมายจังหวัดนครราชสีมา
9-9630-3.wav	ใช่ค่ะแต่ว่าท่านนี้นะคะอยู่ที่จังหวัดเชียงใหม่
9-9634-14.wav	ส่วนสาเหตุนะคะนาย(ธินกร,ทินกร)<MARK>ให้การกับตำรวจว่า
9-9634-25.wav	ขณะที่นาย(ธินกร,ทินกร)<MARK>ขับขี่รถจักรยานยนต์พร้อมลูกสาว
9-9634-30.wav	ฟันครั้งแรกมีดไปถูกบริเวณหัวไหล่ของนาย(ธินกร,ทินกร)<MARK>
9-9634-31.wav	แต่ว่าไม่เข้าเพราะว่านาย(ธินกร,ทินกร)<MARK>ใส่เสื้อหลายชั้น
9-9634-32.wav	ฟันครั้งที่2ค่ะนาย(ธินกร,ทินกร)<MARK>หลบได้ทัน
9-9634-8.wav	แต่ว่าล่าสุดวันนี้ค่ะ(สอง,2)สามีภรรยานั่นก็คือนาย(ธินกร,ทินกร)<MARK>เทศนอก
9-9634-9.wav	อายุ22ปีแล้วก็นางสาวอรสา<MARK>(สุตรีขัน,สุตริขันธ์)อายุ20ปี
9-9636-104.wav	ล่าสุดนายจาตุรนต์<MARK>ฉายแสงแกนนำ(พัก,พรรค)อดีตรักษาการหัวหน้าพรรคไทยรักไทย
9-9636-106.wav	ตอนนี้มีความชัดเจนแล้วว่านายจาตุรนต์<MARK>จะย้ายไปสังกัดพรรคไทยรักษาชาตินะครับ
9-9636-107.wav	มีรายงานข่าวว่าวันพรุ่งนี้นายจาตุรนต์<MARK>จะเข้าไปอำลาหัวหน้าพรรคเพื่อไทยและเลขาธิการพรรคเพื่อไทยอย่างเป็นทางการ
9-9636-109.wav	แล้วก็มีรายงานว่า(นายนัทวุฒิสายเกลือ,นายณัฐวุฒิ ใสยเกื้อ)<MARK>แกนนำนปชก็จะไปสมัครเป็นสมาชิกพรรคไทยรักษาชาติด้วยนะครับ
9-9636-22.wav	ค่ะ(นายอุตมะสวนายน,นายอุตตม สาวนายน)<MARK>หัวหน้าพรรคอย่างนี้ค่ะ
9-9636-26.wav	แกนนำนายสมศักดิ์<MARK>(เทพสุธิน,เทพสุทิน)นายสุริยะ<MARK>จึงรุ่งเรืองกิจนะคะ
9-9639-173.wav	หลังจากที่ใบตอง<MARK>ได้พาคุณผู้ชมไปสัมผัสกับการกินการท่องเที่ยวและการพักผ่อนที่จังหวัดระนองแห่งนี้แล้วนะคะ
9-9639-175.wav	และสำหรับใครนะคะที่อยากมาสัมผัสการท่องเที่ยวเชิงธรรมชาติแบบใบตอง<MARK>แบบนี้แนะนำเลยค่ะมากันที่นี่จังหวัดระนองค่ะ
24-24326-30.wav	ขณะที่นายพรชัยยะหตะเป็นผู้ช่วยประมงอำเภอบางปะกง
24-24326-6.wav	นางสมจิตพันธ์สุวรรณนายกเทศมนตรีตำบลท่าข้าม
24-24327-18.wav	ไปถามนายพยวนโตพุ่มเจ้าของร้านบอกว่าทำฟาร์มเพาะเลี้ยงหนูพุก
24-24331-10.wav	หน้าแยกเขาพนมเขตเทศบาลตำบลเหนือคลองจังหวัดกระบี่ครับ
24-24331-21.wav	คือนางสาวนางสาวพัชนิพักษ์บังชัยอายุ34ปีนะครับ
24-24331-24.wav	นายธวัชชัยงามแชลบอายุ62ปีคนขับรถพ่วงคันเกิดเหตุ
24-24332-20.wav	นางสาวจินตนาสุวรรณรัฐผู้อำนวยการทรทสำนักงานสุราษฎร์ธานีก็บอกว่า
24-24332-6.wav	นายเจรขวัญเกิดในอำเภอพุนพินจังหวัดสุราษฎร์ธานี
9-9647-15.wav	ค่ะส่วนพื้นที่นี้จุดนี้ไม่(ใบ,ใกล้)ผิดมากผิดมาก(อาสมรือศรีเนร,อาศรมฤาษีเณร)ธาตุพุทธคุณอำเภอ(บังไส,บางไทร)จังหวัด
9-9647-49.wav	นายประสงค์ชัย<MARK>หนองบัวอายุ55ปีเป็นพ่อค้าชาวกรุงเทพ
9-9651-68.wav	ก็คือนายนิยม<MARK>(เติมศรีศุกร์,เติมศรีสุข)ได้ตรวจสอบกรณีนี้แล้ว
9-9652-11.wav	นำตัวนายสินชัย<MARK>เกษตรโสภาพันธ์อายุ30ปี
9-9652-16.wav	ซึ่งทางเจ้าหน้าที่ก็นำตัวนายสินชัย<MARK>ไปทำแผน
9-9652-25.wav	ตำรวจคุมตัวนายสินชัย<MARK>ไปชี้จุดที่พาน้องบอบบี้<MARK>เดินไปที่เถียงนา
9-9652-28.wav	เจ้าหน้าที่นำตัวนายสินชัย<MARK>ผู้ต้องหาออกจากจุดทำแผน
9-9652-36.wav	หลังได้รับแจ้งจากชาวบ้านบอกว่านายสินชัย<MARK>เนี่ย
9-9652-41.wav	นายสินชัย<MARK>รับสารภาพว่าได้ชักชวนน้องบอบบี้<MARK>ไปยิงนก
9-9652-64.wav	เดินทางมาให้กำลังใจครอบครัวของน้องบอบบี้<MARK>ด้วย
9-9652-65.wav	และช่วงบ่ายที่ผ่านมาแม่และพี่ชายของนายสินชัย<MARK>ผู้ต้องหา
9-9652-66.wav	ก็เดินทางไปที่บ้านของพ่อน้องบอบบี้<MARK>
9-9652-70.wav	แจ้งข้อหากับนายสินชัย<MARK>ว่าฆ่าผู้อื่นโดยเจตนา
9-9653-20.wav	กับนายณัฐพล<MARK>นาคคำหรือบอย<MARK>
9-9653-40.wav	ทนายความค่ะคือนายสิทธิโชค<MARK>(ตรีเนธ,ตรีเนตร)ยื่นคำร้อง
9-9655-20.wav	แต่นางยอมรับนี่ว่านางทำหน้าอกใช่หวาย<MARK>เองไม่เคยปกปิดเรื่องนี้เลย
9-9656-22.wav	ในฝั่งคู่กรณีครับนางสาววรภา<MARK>(ยุ,อายุ)35เล่าบอกว่า
9-9656-31.wav	แล้วสามีของเธอก็หยิบมีดไปตัดต้นไม้ให้แต่นางสาว(วิรัยวัล,วิไลวรรณ)<MARK>ยังด่าไม่หยุด
9-9656-32.wav	สามีเธอโมโหก็ขู่ไปแบบนั้นแหละจริงแต่หลังจากนั้นลูกสาวของนาง(วิลาวัน,วิไลวรรณ)<MARK>
9-9656-34.wav	นางสาววรภา<MARK>นะครับยังเล่าอีกว่าที่ผ่านมาเนี่ยเธอกับเพื่อนบ้านละแวกนี้
9-9656-36.wav	ทนมานานกับพฤติกรรมของคนในบ้านของนางสาว(วิไลวัน,วิไลวรรณ)<MARK>
9-9666-91.wav	ในการที่พรรคอนาคตใหม่จะเดินทางไปสหรัฐอเมริกาให้(สะดวกโยธิน,สะดวกรวดเร็ว)มากขึ้น
9-9673-21.wav	ไม่รอตำรวจไปตรวจสอบเอกสารในรถบรรทุกเจอชื่อใบขับขี่คือนาย(สุภาการ,ศุภการ)<MARK>พิลาอายุ58ปี
9-9673-39.wav	นาย(สุปการ,ศุภการ)<MARK>ที่ขับรถคันนี้นะฮะเขามีการโทรมาให้ช่วยติดตามตัว
9-9676-17.wav	นายริน<MARK>นำภาพถ่ายที่ใส่กรอบไว้เป็นอย่างดีออกมานั่งมอง
9-9676-30.wav	เช่นเดียวกับนาย(หนูโคง,หนูคง)<MARK>บุญการอายุ72ปี
9-9676-39.wav	โดยมีนายสนิท<MARK>และเพื่อนบ้านอีก(หนึ่ง,1)คนนั่งไปภายในรถด้วย
9-9676-40.wav	นายสนิท<MARK>เล่าว่าตอนนั้นในพื้นที่เป็นถนนลูกรัง
9-9682-20.wav	โดยมีนายศักดา<MARK>(กันหา,กัญหา)พ่อและนาง(สกลวัน,สกุลวรรณ)<MARK>แม่
9-9683-14.wav	นาย(สรายุทธ์,ศรายุทธ)<MARK>(ตันเถียน,ตันเถียร)หัวหน้าอุทยานแห่งชาติ
9-9684-20.wav	ไปหานางสาว(ไอยริน,ไอยรินทร์)<MARK>รัชตะปรีชาพงศ์
9-9684-22.wav	คือนางสาว(อายริน,ไอยรินทร์)<MARK>เขาเป็นพนักงานที่ร้าน
9-9684-8.wav	ซึ่งตำรวจภูธรสูงเนินก็คุมตัวนายวีรยุทธ์<MARK>ศรีบุญมา
9-9686-18.wav	คือธุรกิจนะคะ(ซูกี้,สุกี้)คาเฟ่ที่เปิดที่บ้านเกิดจังหวัด(อยุธยา,พระนครศรีอยุธยา)เป็นสาขาแรกนั่นเองค่ะ
24-24338-53.wav	ใกล้กันกับนาเกลือในพื้นที่บังเจเกร็งจังหวัดสมุทรสงคราม
24-24343-13.wav	ส่วนเด็กปั๊มที่บาดเจ็บก็คือนายภัยรัฐชาจุหวัน
24-24343-16.wav	หมวดเกล้าวในตำบลชมพูอำเภอเมืองจังหวัดลำปาง
9-9692-42.wav	เช่นเดียวกับนางสาวสุพรรษา<MARK>ฉิมมาลานะคะ
9-9692-763.wav	นี่คือสิ่งที่ถามนางนางก็ตอบอย่างนี้ว่าถ้าเป็นภาระผมก็คงไม่ทำหรอกครับ
9-9692-808.wav	พูดตรงว่านางก็อยากจะแบบว่าวันหนึ่งนางเดินเข้าไปที่ห้องไอซียูเด็ก
9-9692-881.wav	ยังแต่ว่าพอโดนจับนางก็ต้องหาทางออก
9-9692-925.wav	คือถ้านางถ้าสมมุติใส่แล้วสวยฉันใส่
9-9692-935.wav	จริงนางคือแบบโมเดลของผู้หญิงจริง
9-9693-11.wav	พุ่งเข้าไปด้านในตรงนั้นนะครับแล้วก็มีศพของนายตะวัน<MARK>สายทารี
24-24354-23.wav	มันเกิดอะไรขึ้นก็เลยสอบถามนายสุนทรศรีจุลาพลเมืองดี
24-24355-32.wav	คนแรกคือนายรุ่งโรศศรีวันอายุ32ปีเป็นคนขับ
24-24355-33.wav	คนที่2คือนางสาวราตรีชัยศรีฮักอายุ26ปีเป็นภรรยา
24-24357-0.wav	เป็นความคืบหน้าเหตุนายลนชัยใยสินหรือว่าสทโอ๊ค
9-9696-138.wav	นาย(สมเกียจ,สมเกียรติ)<MARK>(สรรลำ,ศรลัมพ์)ผู้ประสานงาน10(พัก,พรรค)เล็กที่ประกาศร่วมรัฐบาลกับพรรคพลังประชารัฐ
9-9701-101.wav	นายแพทย์(นน,นนท์)<MARK>(จินดาเวท,จินดาเวช)เป็นรองนายแพทย์สาธารณสุขจังหวัดสมุทรปราการ
24-24359-119.wav	หน้าโรงแรมลีกาเดนพลาซ่าถนนเสน่หานุสรแล้วก็ถนนธรรมนุนวิถีที่อำเภอหาดใหญ่จังหวัดสงขลานะครับ
24-24359-132.wav	นายสุรพรพร้อมมูลผู้ราชการจังหวัด
24-24359-92.wav	นายวัฒนาพุทธิชาติผู้ราชการจังหวัด
24-24359-93.wav	เดินทางไปร่วมชมขบวนแห่อันสืบสาร
9-9701-247.wav	นาง(ศิรินดา,สิรินดา)<MARK>แสงทองอายุ36ปี
9-9701-254.wav	คุณสิรินดา<MARK>ก็ไปเดินทางไปดูนะคะ
24-24360-26.wav	ที่ถูกตรวจพบบริเวณเทือกเขาแก้วตำบลประดังเบซาจังหวัดสงขลา
9-9702-26.wav	ก็คือนางสมศรี<MARK>สุขวงกฎนะคะ
24-24365-26.wav	ทีนี้พอเกิดเหตุการณ์นี้ขึ้นตำรวจเมืองออแลนโดกว่า50นาย
9-9703-8.wav	ไปตรวจสอบแล้วก็ไปค้นรถของนายนิรุธ<MARK>สาตารมอายุ32ปี
9-9703-9.wav	และนายอนุพล<MARK>สาตารมอายุ28ปี
24-24367-0.wav	เราเข้าสู่รายการเกมต่อชีวิตครับคุณผู้ชมครับและวินาทีที่สำคัญของครอบครัวพ่อนพจากจังหวัดตากนะครับจะมากู้วิกฤตหาทุนต่อชีวิตด้วยการตอบโจทย์คำถามให้ถูกทั้งหมดสี่ข้อเพื่อชิงทุนต่อชีวิตสูงสุด1ล้านบาท
24-24369-34.wav	ถามความคืบหน้าจากคนนี้ค่ะนายเพทายสดทรงสิน
9-9708-2.wav	เมื่อวานนี้นะคะนายมาริโอ<MARK>ดรากีค่ะเป็นประธานธนาคารกลางยุโรปได้เปิดเผยว่า
9-9708-6.wav	โดยก่อนหน้านี้นาย(จอร์ช,จอร์จ)<MARK>(ออสบอล,ออสบอร์น)รัฐมนตรีว่าการกระทรวงการคลังสหราชอาณาจักรได้ออกมาเตือนนะคะว่า
9-9709-45.wav	หรือใครอยากจะร่วมทำบุญ(กระถิ่น,กฐิน)สามัคคีจังหวัดนนทบุรี
9-9709-49.wav	ก่อนหน้านี้นางก็เครียดบอกครอบครัวของคุณแต้ว<MARK>ก็เครียดเหมือนกันนั่นแหละ
24-24370-27.wav	กระทั่ง4โมงผ่านไปค่ะ4ชั่วโมงผ่านไปนายวินัยทองเพิ่มเป็นญาติมาเจอ
24-24371-38.wav	ซึ่งเป็นลูกชายของนายยงยุติยภัยรัฐ
24-24373-25.wav	ห้าคนประกอบด้วยคนที่หนึ่งนายภัยรัฐคำมุมใสอายุยี่สิบปี
9-9715-506.wav	ตเตอรี่อะไรอย่างเงี้ยค่ะมีผู้ชายเดินเข้ามาบอกว่าเป็น(มะนาง,แม่นาง)มโนลา<MARK>
9-9715-507.wav	อืมต้องไปไหว้ที่จังหวัด(หนึ่ง,1)อีกจังหวัด(หนึ่ง,1)นะอืม
9-9715-660.wav	เราชื่อแม่แขนอ่อน<MARK>(นางหง,นางหงส์)
24-24374-113.wav	เจ้าหน้าที่จับกลุ่มไอ้แหบหรือว่านายอนุวัฒน์ผลจับโปะ
24-24374-120.wav	นี่ฮะท่านผู้ชมครับนายอนุวัฒน์ผลจปกหรือว่าในแหบวัย24ปี
24-24374-122.wav	ก่อเหตุเอาไว้ที่อำเภอปักทงชัยจังหวัดนครราชสีมานะครับ
9-9721-15.wav	นายกบอกว่าเดี๋ยวจะใช้โอกาสในการ(พบปาก,พบปะ)กับนาง(องซานซูจี,อองซาน ซูจี)
24-24374-180.wav	สุดท้ายนำตัวเข้าไปสอบปากคำนะครับนายอนุวัฒน์
9-9721-19.wav	แม่น้ำเมย(ตองยีน,ตองยี)แห่งที่(สอง,2)ที่จังหวัดตากแล้วก็จะขอความร่วมมือกับคนไทยในพื้นที่ด้วยนะ
24-24374-251.wav	นายอนุวัฒน์ผลจโปะหรือแหบอายุ24ปีคือ4ข้อหา
24-24374-266.wav	ทั้งคืนค่ะผู้บังคับการตำรวจภูธรจังหวัดนครราชสีมาตำรวจสภ.ปักทงชัยระดมกำลังเจ้าหน้าที่
9-9723-94.wav	ในขณะที่บ้านของหมู่โด่<MARK>ซึ่งเป็นบ้านที่นางสาว(เกรด,เกรซ)<MARK>ผู้เสียหาย
9-9725-276.wav	ช่วงหน้าเรามาเอาใจช่วยครอบครัวของลุง(นลง,ณรงค์)<MARK>จากจังหวัดพระนครศรีอยุธยา
9-9728-16.wav	ส่วนอีกที่(หนึ่ง,1)ค่ะไปที่(บ้านหนองสลาว,บ้านหนองสะลาว)ตำบล(เขาชายทง,เขาชายธง)อำเภอตากฟ้าจังหวัดนครสวรรค์
9-9728-25.wav	นายประสาน<MARK>ทาเอื้อ<MARK>เจ้าของที่ดินบอกว่าต้นสำโรงเนี่ยมัน(ง่อ,งอก)ออกมาได้ประมาณสักเดือน(นึง,1)แล้วล่ะ
9-9728-6.wav	นางชูบุญพร<MARK>เกิดสิริพิสมัย<MARK>บอกว่างวดที่แล้วเนี่ยได้58มาจากไอ้ไข่<MARK>นี่แหละ
9-9729-19.wav	รวมไทยพัฒนาอำเภอพบพระจังหวัดตากนะคะ
24-24374-760.wav	นายอนุวัฒน์ผลจปกวัย24ปีนะครับสารอนุมัติหมายจับนะครับ
9-9731-108.wav	ถามแม่ค้าขายส้มตำในเขตเทศบาลเมืองบุรีรัมย์คนนี้นาง(สุกรยา,สุกัลยา)<MARK>นะครับ
24-24377-18.wav	บนถนนพบนางชะลีธนบัตรอายุ48ปีเป็นชาวระนองเสียชีวิตในสภาพคอหักนะคะ
24-24377-28.wav	นายอนุชาติผู้บาดเจ็บขับรถกระบะพานางชะลีผู้เป็นแม่
24-24377-36.wav	พอมาถึงจุดเกิดเหตุคาดว่านายอนุชาติน่าจะขับรถเร็ว
24-24378-13.wav	มีนายพิพบบุญธรรมรองผู้ราชการจังหวัดสุพรรณบุรีรวมถึงหน่วยงานที่เกี่ยวข้องมารับเรื่องร้องทุกข์
24-24378-15.wav	ตัวแทนบริษัทก็คือนายสมชายโลวิสุทธิ์ประธานเจ้าหน้าที่บริหารบริษัทไทยอาโกมาหารือมาบอกถึงแนวทางแก้ไข
24-24378-20.wav	ในส่วนของการปรับปรุงแก้ไขนะครับนายบุญชูจันสุวรรณ
24-24378-27.wav	ขณะที่นายธนพงศ์จันสุวรรณกำนันตำบลหนองมะค่าโมง
24-24379-10.wav	และอีกท่านหนึ่งคือนายสิทธิโรธชินป่าอายุ40
24-24379-13.wav	นางสาวจุไรรัฐจันทีนอกอายุ42เป็นภรรยาของนายสิทธิโรธผู้ตาย
9-9736-155.wav	ต่อมาก็ทราบชื่อว่าผู้หญิงคนนี้ชื่อว่านางสาวพรทิพย์<MARK>มีชอบ<MARK>อายุ(ยี่สิบแปด,28)ปี
9-9736-84.wav	มันเกิดขึ้นเนี่ยเพราะว่าเราก็ไปถามนาง(เกษริน,เกศริน)<MARK>
9-9739-13.wav	คนก่อเหตุเนี่ยคือนาย(อภิวัล,อภิวัลย์)<MARK>บุญเชิญ<MARK>อายุ24ปีค่ะ
9-9739-16.wav	นี่ตำรวจก็ต้องคุมตัวนาย(อภิวัล,อภิวัลย์)<MARK>คนนี้เอาไว้นะคะ
24-24380-5.wav	ปฏิบัติการลื้อถอนรีสอร์ทบนภูทับเบิกตำบลวังบานอำเภอหลมเก่าจังหวัดเพชรบูร
9-9739-20.wav	เพื่อนของนาย(อภิวัล,อภิวัลย์)<MARK>ที่ตายคือนาย(ก้องเกียจ,ก้องเกียรติ)<MARK>
9-9739-28.wav	ทีนี้ถามนาย(อภิวัล,อภิวัลย์)<MARK>นาย(อภิวัล,อภิวัลย์)<MARK>เองก็เมาไง
9-9739-32.wav	ก็คือนาย(ก้องเกียจ,ก้องเกียรติ)<MARK>รู้จักกันได้อาทิตย์เดียวเท่านั้นเอง
9-9739-36.wav	นาย(ก้องเกียจ,ก้องเกียรติ)<MARK>เพิ่งจะมาทำงานที่ร้านขายยาง
24-24382-13.wav	แต่ว่านายจรินเนี่ยก็คือรู้แก้วเลยว่าถูกแจ้งความแน่ก็เลยศึก
9-9739-37.wav	แล้วตัวของนาย(อภิวัล,อภิวัลย์)<MARK>เขาก็เป็นลูกจ้างที่ร้านยางอยู่
9-9739-43.wav	ฝั่งของผู้ตายนาย(ก้องเกียจ,ก้องเกียรติ)<MARK>ตอนแรกเอาขวดโซดาตีฝั่งนาย(อภิวัล,อภิวัลย์)<MARK>ก่อน
9-9740-17.wav	ใช้ปืนพกจ่อยิงนางสาว(จุธามาศ,จุฑามาศ)<MARK>
24-24382-16.wav	คือผู้ต้องหาเนี่ยภาคเศษนะนายจรินเนี่ยภาคเศษบอกว่า
24-24382-34.wav	นายจรินที่พอก่อเหตุปุ๊บก็ศึกปุ๊บแล้วหายไปเลยเนี่ยหนีเลยเนี่ย
24-24382-36.wav	นายจรินเนี่ยมาขอบวชที่วัดบอก
9-9740-24.wav	นางสาวสุนิสา<MARK>สุดเสน
9-9742-16.wav	ชื่อว่านาย(ธนารัตน,ธนารัตน์)<MARK>จันทาอายุ(สามสิบเก้า,39)ปีไปเจอตัวค่ะ
24-24382-4.wav	ชื่อนายจรินอายุสามสิบห้าปีนะครับกองปราบมาจับตามหมายสารจังหวัดพิจิตร
9-9742-34.wav	เรื่องคดีนะคะแม้ว่านายธนา<MARK>ผู้ต้องหาเนี่ย
9-9743-0.wav	นายเกิดผล<MARK>ถ้าจะแนะนำทางฝั่งของผู้ที่เขาเป็นเจ้าของบ้านที่เขาบอกว่าเป็นผู้เสียหายเนี่ย
24-24386-28.wav	แล้วผู้ใหญ่บ้านหมู่2อย่างนายรอเศษวัฒน
9-9746-37.wav	คุณผู้ชมตรงนี้ที่เขามาชี้จุดว่านางสาวเอลิน่า<MARK>ออกมา
9-9746-6.wav	ผู้หญิงคนนี้เนี่ยนะคะอายุ(สามสิบแปด,38)ปีค่ะชื่อว่านางสาวเอลิน่า<MARK>(ไวซูโคว่า,ไวซูโควา)นะคะ
9-9748-21.wav	นี่คือคุณแม่ของนาย(พงเทพ,พงศ์เทพ)<MARK>(ปลื้มสายแสง,ปลื้มฉายแสง)อายุ34ปีนะคะ
9-9748-35.wav	แล้วตำรวจก็ไปตรวจสอบรถของนาย(พงเทพ,พงศ์เทพ)<MARK>ที่ล้มอยู่ข้างทาง
9-9748-38.wav	นายจตุพร<MARK>รัตนพิมพ์อายุ28ปีก็ยืนรอให้การอยู่
9-9748-46.wav	แล้วเมื่อเช้าค่ะคุณผู้ชมนักข่าวของเราเดินทางไปที่บ้านของนาย(พงเทพ,พงศ์เทพ)<MARK>
9-9748-52.wav	ก็บอกว่าเอาจริงนาย(พงเทพ,พงศ์เทพ)<MARK>เป็นคนดีเป็นลูกที่ดี
9-9763-65.wav	นาย(สมเกียจ,สมเกียรติ)<MARK>ประจำวง(เลขาธิการสำนักงานทรัพยากรน้ำแห่งชาติ,เลขาธิการสำนักงานทรัพยากรน้ำแห่งชาติ)หรือว่า(สธนช,สทนช.)เปิดเผยข้อมูลเลยนะคะว่า
9-9764-16.wav	หรือว่าชื่อจริงคือนาย(อนุสร,อนุสรณ์)<MARK>(ทะแก้วพันธ์,ทแกล้วพันธุ์)อายุ64ปี
9-9767-11.wav	นางดาวิกา<MARK>(เริกเฉลิมพฤษ,ฤกษ์เฉลิมพฤกษ์)แม่ของดารานุ่มนะครับ
9-9770-12.wav	ตำรวจเก็บปืนพร้อมสอบสวนนาย(กิติพงศ์,กิตติพงศ์)<MARK>ทองรอดอายุ29ปี
9-9770-14.wav	คือพ่อเนี่ยเล่าว่าวันเกิดเหตุเนี่ยนะคะพาภรรยาก็คือนาง(กัญญารัฐ,กัญญารัตน์)<MARK>ทองรอดอายุ29ปีไปโรงพยาบาล
9-9771-19.wav	ว่านายอุดม<MARK>กิมศรีอายุ57ปีเป็นเจ้าของบ้าน
9-9771-21.wav	ชื่อว่านาง(นัชชา,ณัชชา)<MARK>อายุ51ปีค่ะ
9-9771-32.wav	เพื่อนบ้านก็คือนางสาว(ทิพพวัน,ทิพวรรณ)<MARK>มโนเรือง
24-24388-13.wav	ตำรวจชุดนอกเครื่องแบบก็เลยออกอุบายบอกเป็นลูกน้องของพลตำรวจตรีนำเกียรตินายให้เข้ามาเอาของแม่บ้านก็เลยพาไปชี้ว่าอยู่ห้องไหนค่ะ
24-24388-29.wav	เช่นคดีแอมสายนายจำได้ใช่ไหมคะ
9-9772-4.wav	คัน(หนึ่ง,1)ไปรับผู้หญิงคน(หนึ่ง,1)เป็นคนไทยนะคะแต่ว่าเธอเพิ่งเดินทางมาจากต่างประเทศแล้วเธอก็ต้องเข้ากักตัวตามสถานที่กักตัวของรัฐ
24-24388-74.wav	รวมถึงคดีแอมสายนายคดีเปรี้ยวหั่นศพนะฮะแอมสายนายก็ทำนะครับ
24-24388-76.wav	พันธมตเอกอาริสครูประสิทธิ์รัฐผู้กำกับการตมจังหวัดฉะเชิงเทรา
24-24390-34.wav	พระกาโตะนะคะนายพงศกรจันแก้วค่ะ
9-9778-20.wav	ซึ่งคนที่บาดเจ็บสาหัสก็คือนาย(จักรพงศ์,จักรพงษ์)<MARK>
9-9778-37.wav	ขณะที่นายเชิดชัย<MARK>เฉิดจินดาอาจารย์วิทยาลัยเทคนิคกาฬสินธุ์
9-9778-38.wav	อาจารย์คนนี้นะคะเป็นอาจารย์ของนาย(จักรพงศ์,จักรพงษ์)<MARK>คือผู้ที่ได้รับบาดเจ็บ
9-9778-47.wav	เพราะญาติและพ่อแม่ของนาย(จักรพงศ์,จักรพงษ์)<MARK>ผู้บาดเจ็บ
24-24391-5.wav	นายปีชาพลหัวหน้าพักยืนยันว่าแม้ตัวเขาจะมีประสบการณ์ทางการเมืองเพียงแค่11ปี
9-9778-50.wav	ซึ่งนับว่าโชคดีมากนะคะที่นาย(จักรพงศ์,จักรพงษ์)<MARK>ไม่เสียชีวิต
9-9778-51.wav	เพราะนาย(จักรพงศ์,จักรพงษ์)<MARK>คือช่วงนั้นมีสติ
9-9778-53.wav	แต่จากคลิปเขาบอกว่าสังเกตเห็นว่าไม้ต่างที่ระดมเข้ามาที่นาย(จักรพงศ์,จักรพงษ์)<MARK>ส่วนมากพุ่งมาที่บริเวณศีรษะนะคะ
9-9779-27.wav	นะฮะล่าสุดเมื่อวานพ่อของเอ<MARK>เดินทางไปหาทางด้านของเจ้าของเพจ(สายใหม่,สายไหม)ต้องรอด
24-24392-23.wav	จังหวัดพิจิตรนะฮะอ่าเป็นชาวบ้านในฝั่งของพระครูวิสุทธิวรากร
24-24392-35.wav	อยู่ที่ตำบลบางคลานอำเภอโพทะเลจังหวัดพิจิตร
24-24393-28.wav	แล้วก็อีกคันนึงเป็นรถเก๋งซูซูกิสีดำของนางสาววิมลรัฐแซ่แง้
24-24393-32.wav	บอกว่านางสาวรุ่งนภาพรคลังคนที่ขับปีออส
9-9783-7.wav	นางสาว(เบจวัน,เบญจวรรณ)<MARK>(เรียนรม,เรียนรมย์)เธอเป็นผู้เสียหายขับรถมารับลูกค้าชาวต่างชาติ(สอง,2)คนนะครับ
9-9789-20.wav	นาย(จักริจ,จักรกริช)<MARK>พิลาอุ่นหรือว่านายกอล์ฟ<MARK>
9-9789-21.wav	แล้วก็นายอานันต์<MARK>บุญลือหรือว่านายทัน<MARK>ที่ร่วมก่อเหตุได้ทันควันนะคะ
9-9789-31.wav	แล้วก็ชักปืนยิงไป(หนึ่ง,1)นัดถูกนายอภิชาติ<MARK>ได้รับบาดเจ็บนะคะ
24-24393-38.wav	ก็พุ่งชนรถจักรยานยนต์จนนายสมพงศ์
24-24393-45.wav	สาเหตุเนี่ยนางสาวรุ่งนภาเห็นนายสมพงศ์ขี่มอเตอร์ไซค์ซ้อนท้ายกับสาวมา
9-9794-13.wav	ก็คือมีคุณยายสมปรุง<MARK>มีคุณป้าอรสา<MARK>มีนาย(สงกราน,สงกรานต์)<MARK>
9-9794-14.wav	แล้วก็มีนางสาวอริสรา<MARK>แล้วก็นาย(สุธิราช,สุทธิราช)<MARK>นะคะ
24-24400-1.wav	ปรบมือให้เกลียวกราวให้แม่นายของเราหน่อยดีกว่านะคะ
24-24404-18.wav	มีนายแสวงสัตว์รำผู้พิการจิตอาสา
24-24404-48.wav	เลิมพระเกียรติวัดโพธิการามอำเภอปทุมรัตน์จังหวัดร้อยเอ็ด
24-24407-13.wav	ชื่อจริงก็คือนายทันพิชาอายุ28ปี
9-9800-7.wav	แล้วผู้เป็นแม่แม่ของเด็กก็คือนางสาว(สิรานี,ศิราณี)<MARK>ชำนาญไพรอายุ30ปีเนี่ย
9-9800-9.wav	บอกว่าน้องไทเกอร์<MARK>เนี่ยลูก(สอง,2)ขวบครึ่งอะค่ะโดนพ่อเลี้ยงคือนาย(วิโรธอินลา,วิโรจน์ อินลา)<MARK>อายุ(สามสิบหก,36)ปีเนี่ย
9-9802-10.wav	พิธีอุปสมบทของนายอัศนัย<MARK>เคลือบวิจิตรนะคะ
24-24407-30.wav	ชื่อจริงก็คือนายมานพเป็นแฟนหนุ่มของน้องมายคนนี้แหละค่ะ
9-9804-433.wav	ขณะที่นางลำดวน<MARK>นะครับอายุ57ปีกล่าวว่า
9-9805-101.wav	ขณะเดียวกันนาย(ชิสุนุพงศ์,ชิษณุพงศ์)<MARK>บอกว่า
9-9805-42.wav	นาย(ชิศนุพงศ์,ชิษณุพงศ์)<MARK>โพธิ์งามอายุ30คนนี้แหละครับเป็นหมอพื้นบ้าน
24-24407-44.wav	มายเดินทางต่อไปที่จังหวัดเชียงใหม่ขึ้นเหนือแล้วนะคะ
9-9806-10.wav	และรัฐบาลนั้นก็เตรียมส่งนายเดลฟิน<MARK>(โรเรนซาน่า,ลอเรนซานา)
9-9806-14.wav	นักวิเคราะห์ต่างก็ออกมาแสดงความเห็นว่านายดูเตอร์เต้<MARK>นั้น
9-9806-18.wav	และเมื่อวันนี้เองครับนายดูเตอร์เต้<MARK>กล่าวหากองทัพสหรัฐ
9-9806-23.wav	คุณผู้ชมครับแม้ว่านายดูเตอร์เต้<MARK>นั้นจะยืนยันว่าความสัมพันธ์ระหว่างสหรัฐกับ(ฟิลิปปินส,ฟิลิปปินส์)
9-9806-24.wav	เหนียวแน่นเช่นเดิมแต่นักวิเคราะห์มองว่าการที่นายดูเตอร์เต้<MARK>ตัดสินใจแบบนี้
9-9806-7.wav	เมื่อวานนี้นาย(โรจิโก้,โรดริโก)<MARK>ดูเตอร์เต้<MARK>ครับประธานาธิบดี(ฟิลิปปินส,ฟิลิปปินส์)
9-9807-12.wav	โดยเฉพาะที่นี่นะครับที่จังหวัดเชียงราย
24-24410-21.wav	ได้เดินทางไปร่วมพิธีรดน้ำศพค่ะและสวดพระอภิษฐรรมศพคุณอาสะอาดเปรียมพงศาลนะคะ
24-24411-25.wav	ก็คือนางสาวยูบีชุมพิบูรณ์อายุ47ปี
9-9809-19.wav	คนร้ายที่ก่อเหตุก็คือนายปฏิพันธ์<MARK>ภวงจินดา
9-9809-9.wav	นายนัทธวุฒิ<MARK>มีสมบัติอายุ25ปี
9-9812-6.wav	แล้วก็จอดเลยไปทางเข้าบ้านของ(ชัยโย,ไชยา)<MARK>(ดอกระโดน,ดอกกระโดน)หรือว่านายอมร<MARK>สงวนพักนะคะ
24-24414-11.wav	โดยเรื่องนี้นายสนทิรัฐสนทิจิระวงเลขาธิการพักพลังประชารัฐไปเป็นประธานเปิดศูนย์ประสานงานพักในเขตน้องเจาะ
9-9813-3.wav	บ่าว(สีชุมพวง,สีชมพ่วง)<MARK>คุณผู้ชมโดนรวบไปแล้วโอ้โหนี่ตำรวจมากันหลายนาย
24-24417-19.wav	อีก2คนมีนายสมชายพานทองกล้าวอายุ48บาดเจ็บที่ศีรษะ
24-24417-22.wav	อีกคนนึงเนี่ยนายพิมลกอเซ็มอายุ65นอนคว่ำหน้าอยู่หน้าห้อง
15-15058-26.wav	ทางตำรวจเจ้าหน้าที่กู้ภัยก็ไปตรวจสอบค่ะแล้วก็ประสานนางปรัฐมาแป้นทองแม่ของนายเจษดายุทธ์ให้มาตรวจสอบ<Mark>
15-15058-33.wav	ตำรวจยังไม่เจอตัวภรรยานายเจษดายุทธ์เลยนะคะก็เจอแค่หญิงวัยรุ่นที่เป็นกิ๊กกับนายเจษดายุทธ์เนี่ย<Mark>
15-15058-35.wav	ส่วนตัวภรรยานายเจษดายุทธ์แม้ตอนนี้ยังไม่พบตัวแต่ตำรวจบอกแล้วว่ายังไงต้องเรียกมาสอบปากคำ<Mark>
15-15058-36.wav	เพราะว่ามันเป็นกรณีที่มีการทะเลาะวิวาดทำร้ายร่างกายกันก่อนก่อนที่นายเจษดายุทธ์เนี่ย<Mark>
15-15061-21.wav	โอ้โหเนี่ยคุณผู้ชมฮะนี่คือการวิเคราะห์ของนายจตุพรพรมพันธ์<Mark>
15-15061-29.wav	รวมถึงที่นายเศรษฐาเคยบอกว่าจะไม่สังคกรรมกับพักภูมิใจไทย<Mark>
24-24418-13.wav	ซึ่งจากการสอบถามนางสาวสิริรักษ์รุ่งโรศศรีสง่าพนักงานห้างทองดังกล่าวก็บอกว่า
15-15062-56.wav	ส่วนนายอนุทินชาญวิรากูล<Mark>
15-15062-64.wav	เช่นเดียวกับนายอภิรัตรรัตนเศษนะคะรัฐมนตรีช่วยว่าการกระทรวงคมนาคม<Mark>
15-15062-69.wav	ผลเอกประวิทย์วงสุวรรณรองนายกรัฐมนตรีนายสมศักดิ์เทพสุธิน<Mark>
15-15062-70.wav	รัฐมนตรีกระทรวงยุติธรรมนะคะนายชัยวุฒิคณะธรรมานุสรนะคะ<Mark>
9-9813-49.wav	ตำรวจจับตัวนายนิพนธ์<MARK>หรือว่าบ่าว(สีชมพวง,สีชมพ่วง)<MARK>
15-15064-41.wav	ผ่านขึ้นผ่านลงเนี่ยมันหลายจังหวัดหนองคายไปอุดรขอนแก่นอะไร<Mark>
15-15064-43.wav	มันมันมองแคบกว่าเหมือนเราจะไปการบุรีเห็นไหมมันก็ได้แค่จังหวัดเดียว<Mark>
15-15065-28.wav	ปีที่แล้วนายสมจิตก็เคยตกเป็นข่าว<Mark>
24-24424-30.wav	ส่วนนกพิราบเคราะหร้ายตัวนี้นะคะนายวรพงศ์ซึ่งเป็นเจ้าของร้านแล้วก็เป็นเจ้าของคลิปในกล้องวงจรปิดนี่แหละ
15-15065-30.wav	แล้วก็ส่งตัวนายสมจิตไปรักษาอาการป่วยทางจิตมาแล้ว<Mark>
15-15065-42.wav	แล้วพอเจอนายสมจิตบ่อยคือที่หน้าโรงเรียนนครขอนแก่นไง<Mark>
9-9814-9.wav	ไปเจอกับคนขับรถเก๋งรอดมาได้ครับก็คือนายปฏิพันธ์<MARK>สาธรณ์
24-24425-15.wav	ถูกน้ำท่วมสูงเหมือนกันค่ะและสถานการณ์น้ำท่วมในจังหวัดพระนครศรีธุยา
15-15067-38.wav	คุณผู้ชมคะทีมข่าวได้คุยกับในชายเป็นคนถ่ายคลิปตอนที่คนเจ็บก็คือน้องโอนางสาวสุมิตา<Mark>
15-15067-8.wav	เวียงอำเภอชายาจังหวัดสุราษฎร์ธานีจะเห็นเลยค่ะ<Mark>
9-9818-46.wav	วันนี้เดินทางมาแล้วเมืองทองจะไปเยือนทาง(สนานขันวา,ซันนา คันห์ โฮ)จากเวียดนามก่อน
15-15068-12.wav	เดินทางตามไปสมทบที่สิงคโปร์แล้วเช่นกันส่วนธีรทรบุญมาทันแล้วก็ชนะทิพย์สงกระสิน<Mark>
15-15068-37.wav	ด้วยนะครับซึ่งอีชีก็ไม่ต้องชูเสื้อครับเดินทางถึง<Mark>
15-15069-49.wav	ทีนี้อีกหนึ่งคนที่เราได้มีโอกาสไปพูดคุยด้วยนายวีรชัยนุษย์นุ่ม<Mark>
9-9820-5.wav	เพราะฉะนั้นวันนี้ก่อนที่จะเดินทางเยือนกัมพูชาผู้สื่อข่าวก็เลยไปถามนายกรัฐมนตรีเรื่องนี้ด้วย
24-24428-123.wav	ถึงกรณีข่าวสืบสวนกองปราบเนี่ยพบนายบัญญินตั้งพากร
9-9822-12.wav	คือนายสิริ<MARK>บัวดอกอายุ51ปีซึ่งเขาก็อยู่ใน(เพลิงพัก,เพิงพัก)คนงานตรงนี้ด้วย
9-9822-18.wav	ตัวของนายสิริ<MARK>เข้าไปห้ามปราม
9-9822-21.wav	ตัวนายสิริ<MARK>เขาก็เห็นว่าเงินที่ทวงหนี้มันแค่100บาทเอง
9-9822-23.wav	นายสิริ<MARK>เขาก็เลยไม่ยอมให้เอามอเตอร์ไซค์ไป
9-9822-29.wav	ของตัวนายสิริ<MARK>เองแล้วก็ของช่างอีกคันนึง
9-9824-134.wav	เป็นคำชี้แจงจากทางผู้บังคับบัญชาเพราะว่าเราก็พยายามตามหาตัวทหารนายนี้ไงนะ
9-9824-23.wav	เจ้าของบ้านคือนายเปี่ยมสุข<MARK>บุญเรือง
9-9824-33.wav	บีบคอเขาแล้วยกขึ้นมาด้วยอะค่ะนี่ค่ะคือตัวนาย(เปี่ยมสุก,เปี่ยมสุข)<MARK>
9-9824-36.wav	นางสาวอลิสา<MARK>โชคสินสมบูรณ์อายุ42โอ้โหถูกบีบคอตามคลิปเมื่อสักครู่อ่ะ
9-9824-69.wav	สอบปากคำอยู่ประมาณ(สอง,2)ชั่วโมงกว่าได้ค่ะนาย(เปรียมสู่,เปี่ยมสุข)<MARK>คนเจ็บเนี่ย
9-9824-95.wav	นางสาวอลิสา<MARK>โชคสินสมบูรณ์ก็บอกว่ายังจำเหตุการณ์ได้ทุกวินาที
9-9825-30.wav	คุณผู้ชมเป็นเสียงของนาง(มะยุลี,มยุรี)<MARK>ณมนตรี
24-24428-595.wav	เดินทางกลับมาจากอียิปต์2รายกาต้า3ราย
24-24428-725.wav	เดินทางมาท่องเที่ยวชมปร่างกูศิรา
9-9833-4.wav	โดยนาย(ภัยรัฐ,ไพรัตน์)<MARK>(ทัพประเสริฐ,ทับประเสริฐ)(ผู้มนวยการ,ผู้อำนวยการ)
9-9835-10.wav	เจ้าของร้านกูบนาคาเฟ่คือนายนพดล<MARK>(อินตะลาศ,อินต๊ะลาศ)อายุ30ปีค่ะ
24-24431-12.wav	ล่าสุดสพตโหมดนำหมายสารจังหวัดพัทลุงไปจับกลุ่มตัวผู้ต้องหานะครับ
24-24431-13.wav	คือนายประสิทธิ์ชัยกี่บุตรหรือว่าในบอยอายุ38ปี
9-9841-13.wav	ไปที่เกิดเหตุเนี่ยค่ะไปเจอนาย(ฤทธิรง,ฤทธิรงค์)<MARK>ยะสาวุตรอายุ33ปี
9-9841-19.wav	คือนาย(อดุล,อดุลย์)<MARK>(ชันแสง,จันทร์แสง)อายุ49ปี
9-9841-22.wav	ทีนี้ผู้ก่อเหตุเนี่ยผู้ก่อเหตุคือนายจิรัตน์<MARK>กตัญญูวัย23ปี
9-9841-32.wav	ใช่นะฮะเพราะเหตุการณ์นี้คือนาย(จีรัฐ,จิรัตน์)<MARK>ขับรถมากับแฟนสาว
9-9841-33.wav	ซึ่งแฟนสาวของนาย(จีรัฐ,จิรัตน์)<MARK>ก็ไม่ได้รับบาดเจ็บจากอาการใดของอุบัติเหตุครั้งนี้นะครับ
9-9841-34.wav	ได้รับการช่วยเหลือออกมาแล้วก็แฟนของนาย(จิรัตน,จิรัตน์)<MARK>ก็เล่าให้ฟังบอกว่า
9-9841-35.wav	เธอแล้วก็นายจิรัตน์<MARK>ผู้ก่อเหตุไปดื่มเหล้าที่บ้านพ่อของเธอมา
9-9841-36.wav	แล้วก็กำลังขับรถกลับบ้านนาย(จีรัฐ,จิรัตน์)<MARK>ก็ดื่มเหล้ามาพอสมควร
9-9841-38.wav	และคนในร้านลาบก็มาช่วยเหลือนะครับคือเจ้าของร้านลาบคือนาย(อดุล,อดุลย์)<MARK>มาช่วยเหลือ
9-9841-39.wav	แล้วก็อาสาสมัครตำรวจก็คือนายฤทธิรงค์<MARK>ก็ได้รับสัญญาณจากวิทยุ
9-9841-41.wav	แต่ปรากฏว่า(อยู่นาย,อยู่ๆ นาย)(จีรัฐ,จิรัตน์)<MARK>แฟนของเธอก็ชักปืนยิงทั้ง(สอง,2)คนทันที
9-9841-43.wav	ส่วนนาย(อดุล,อดุลย์)<MARK>เจ้าของร้าน(ราบ,ลาบ)ก็ได้รับบาดเจ็บถูกนำตัวส่งโรงพยาบาล
9-9841-52.wav	ส่วนสาเหตุการยิงพอนาย(จีรัฐ,จิรัตน์)<MARK>ได้สติขึ้นมา
9-9841-57.wav	ส่วนเจ้าของร้านลาบนาย(อดุล,อดุลย์)<MARK>ก็เล่าเหตุการณ์ให้ฟัง
9-9841-58.wav	บอกว่าเขาไปช่วยเหลือนาย(จีรัฐ,จิรัตน์)<MARK>ออกมาจากรถ
9-9841-59.wav	แต่ปรากฏว่า(อยู่นาย,อยู่ๆ นาย)(จีรัฐ,จิรัตน์)<MARK>ก็ด่าทอเขา
9-9841-62.wav	ปรากฏ(อยู่นาย,อยู่ๆ นาย)(จีรัฐ,จิรัตน์)<MARK>ก็ควักปืนมายิงนะครับ
9-9842-21.wav	คือนาย(เดวิท,เดวิด)<MARK>เคยต้องโทษในคดี(อายา,อาญา)มาแล้วถึง9คดี
9-9843-3.wav	พอไปพบนายชัชพล<MARK>ก็คือผู้เสียหายนะครับ
9-9843-4.wav	ในช่วงเวลาที่นายชัชพล<MARK>เขากำลังยืนคุยอยู่กับเพื่อน
9-9844-9.wav	ด้านหลังสำนักงานเทศบาลตำบลสามแยกอำเภอ(เริงนกทา,เลิงนกทา)จังหวัดยโสธร
9-9845-22.wav	ถูกต้องฮะคนคนนี้ชื่อว่านางสาว(นิพาพร,นิภาพร)<MARK>
9-9846-22.wav	คือนาง(สมศุกร์,สมสุข)<MARK>ศรีประดิษฐศักดิ์หรือป้า(สุก,สุข)<MARK>เนี่ย
24-24434-104.wav	กรีธาบอกว่าตัวเองเป็นคนจังหวัดปทุมธานี
9-9851-13.wav	ของผู้ตายบอกว่าก่อนเกิดเหตุนางสุธิน<MARK>นั่งผูกเหล็ก
9-9851-17.wav	เสาปูนมันก็ไหลลื่นลงมาแล้วก็ทับนางสุธิน<MARK>
9-9851-20.wav	แต่นางสุธิน<MARK>ก็ถูกทับจนอาการสาหัสแล้ว
9-9851-29.wav	ส่วนศพของนางสุธิน<MARK>ญาติก็นำกลับไปประกอบพิธีทางศาสนาที่บ้านเกิดแล้วนะครับ
9-9851-8.wav	คือนางสุธิน<MARK>ใจศรีอายุ47ปีเป็นชาวศรีสะเกษนะครับ
9-9852-13.wav	และกลางถนนพบนางสาวสมหมาย<MARK>อินลา
9-9852-14.wav	และนางสาวบุญแถว<MARK>(ตัดตะโส,ตัตตะโส)
9-9852-1.wav	จุดด้วยกันนะคะจุดแรกก็คือที่จังหวัดอุดรธานีนะคะ
9-9853-11.wav	ตำรวจสอบสวนนายอาทิตย์<MARK>ก็ให้การวกวนนะคะ
9-9853-38.wav	คือนายอาทิตย์<MARK>มีอาการทางจิต
9-9853-45.wav	จนกระทั่งเกิดเหตุการณ์นี้ขึ้นมามีคนไปพบศพนาย(ภัยศาล,ไพศาล)<MARK>นอนเสียชีวิตอยู่ในห้องครัว
9-9853-47.wav	ตำรวจได้ประสานให้ตำรวจภูธรภาค4รับตัวนายอาทิตย์<MARK>กลับไปดำเนินคดีตามกฎหมายในข้อหาฆ่าคนตายโดยเจตนาค่ะ
9-9853-4.wav	สามารถควบคุมตัวนายอาทิตย์<MARK>เท้าแสง
9-9853-7.wav	หลังจากก่อเหตุฆ่านาย(ภัยศาล,ไพศาล)<MARK>เท้าแสงอายุ66ปีซึ่งเป็นพ่อแท้นี่แหละ
9-9854-102.wav	เพราะว่านายสมยศ<MARK>เป็นคนลงทุนคุณ
9-9854-13.wav	ย่าน(ผลโยธิน,พหลโยธิน)นายรณรงค์<MARK>แก้วเพชร
9-9854-45.wav	นางสาว(นิชารัฐ,ณิชารัศม์)<MARK>(กิรติจริยพันธ์,กีรติจริยาพรรณ)
9-9854-92.wav	อนุมัติออกหมายจับนายสมยศ<MARK>
9-9854-96.wav	นายพงศิริ<MARK>ปั้นประสงค์เจ้าของ
24-24434-92.wav	นี่ที่เห็นอยู่นะครับก็คือนายกรีธาแก้วเทศผู้บัญชาการ
9-9858-23.wav	หลังจากนายนัชพล<MARK>นั้นไปสอบถามและทำความเข้าใจ
9-9858-51.wav	(ตุรี,พลตรี)ปิยพงศ์<MARK>กลิ่นพันธ์ผู้บัญชาการ(มณฑน,มณฑล)ทหารบกที่11กล่าวนะครับว่าหลังจากที่ฝ่ายความมั่นคงได้พูดคุยกันกับทางด้านของนายนัชพล<MARK>เสร็จแล้วก็คุมตัวไปส่งที่บ้านพักย่าน(มีบุรี,มีนบุรี)นะครับแล้วก็มีการพูดคุยกันทำความเข้าใจนายนัชพล<MARK>เองก็ให้ความร่วมมือเป็นอย่างดี
9-9859-20.wav	นายประเวท<MARK>กันสุข(ภูมิ,ผู้อำนวยการ)ในการสำนักงานยุติธรรมจังหวัดนครพนมบอกว่า
9-9859-46.wav	นาง(พิษดาพร,พิศดาพร)<MARK>(กานิน,กาอิน)อายุ46ปี
24-24439-51.wav	นายสายลมจันตมะผู้จัดการปาร์คบอกว่า
24-24441-92.wav	ริยโภจาข่าวไทยรัฐทีวีรายงานจากจังหวัดเชียงใหม่ค่ะ
24-24444-23.wav	ล่าสุดครับนายอุดรสุธิสนคนขับแท็กซี่
24-24444-25.wav	ก็เดินทางไปให้ปากคำกับนายสุกรีจารุภูมิ
24-24446-31.wav	ก็คือนางสาวมะลิสานพคุณอายุ64ปี
24-24446-36.wav	คือนางสาวศิริพรอภิพงศธรนะครับ
24-24446-68.wav	แล้วก็นางสาวศิริพรทั้งคู่กลับเข้ามาที่บ้านพอดี
24-24446-78.wav	ขอความช่วยเหลือนายธีรวัตรอภิหกิจเพื่อนบ้านนะฮะ
24-24446-80.wav	ตอนที่นางสาวศิริพรวิ่งออกมาขอความช่วยเหลือ
24-24447-8.wav	ชาวบ้านกลุ่มทภาครามบ้านนาขามตำบลเชิงชุมอำเภอพนานิคมจังหวัดสกลนคร
24-24450-18.wav	อำเภอเมืองจังหวัดเชียงใหม่นะจ๊ะโรงเรียนปริ้นต์รอยแย้วอ่า
24-24450-28.wav	นางสาวสุกัญญาคำชาวนาเจ้าของร้านวัย30ปีก็เล่าว่า
24-24454-13.wav	คือนางฝนทิพย์ชายกุลอายุ37ปี
24-24460-13.wav	ติ้นหรือนางเรวดีไปแจ้งความ
24-24460-170.wav	มีนาคมนี้นายอัจฉริยะกับป้าดาเดี๋ยวจะไปแจ้งความ
24-24460-64.wav	แล้วก็วันนี้นายอัจฉริยะเรืองรัตนพงศ์
24-24470-5.wav	ตำรวจทางหลวงกว่า40นายทยอยเดินทางมา
24-24473-19.wav	คือนายสุเมฆเนี่ยตอนที่เจ้าหน้าที่พยายามนี่ประหลัดบอก
24-24473-40.wav	ตอนคุมตัวนายสุเมฆได้เอาขึ้นหลังรถกระบะของเจ้าหน้าที่จะเอาไปโรงพัก
24-24473-6.wav	นายสุเมฆเมายาบ้าถือปืนพกจุด38สายไปสายมายิงปืนขึ้นฟ้าด้วย
24-24473-26.wav	เข้าไปชาร์จตัวนะฮะไปค้นในห้องเนี่ยนายสุเมฆมียาบ้าอีก390เมตร
24-24473-9.wav	บ้านสองชั้นนายสุเมฆเนี่ยพอเจ้าหน้าที่มาถึง
24-24462-14.wav	แล้วก็ตั้งเป้าที่จะเป็นตัวแทนพักไปชิงตำแหน่งประธานาธิบดีกับนางฮิลารี่คลินตัน
24-24462-18.wav	แกร่งอย่างนางฮิลารี่คลินตันอดีตรัฐมนตรีต่างประเทศสหรัฐ
24-24477-31.wav	ได้รับบาดเจ็บ2นายมีดาบตำรวจวีรวัตรคำดี
24-24477-32.wav	ดาบตำรวจวิภูพานพิมพ์อาการสาหัสทั้งสองนายเลยค่ะ
24-24477-35.wav	ส่วนคนร้ายที่บอกว่าโดนวิสามันเสียชีวิตก็คือนายจานอยอายุ51ปี
24-24462-10.wav	ขณะที่คู่แข่งคนสำคัญจากพักเดียวกันอย่างนายเท็จครูส
24-24470-50.wav	ปฏิบัติหน้าที่อยู่3นาย
24-24461-45.wav	ซึ่งนางเทพีเสามนตรีนักวิชาการสาธารณสุข
24-24462-15.wav	ขณะที่นายเท็จครูสออกมาเรียกร้องผู้สมัครคนอื่นท้อนตัว
9-9868-12.wav	ตำบลตะเคียนทองบริเวณหน้าบ้านก็พบร่างนายเสงี่ยม<MARK>(เป็นรำ,เป็นรัมย์)อายุ53ปี
9-9877-1.wav	ชาวบ้านเขาเชื่อว่าเป็นบ่อนน้ำศักดิ์สิทธิ์ไปเนี่ยก็ไปเอาน้ำมารูปคล้ำโป่งดื่มหน้ากินกันด้วยนะมีดื่มด้วยโอ้โหเรื่องนี้ต้องระวังเป็นอย่างมากนะครับเดี๋ยวพาไปที่อำเภอโนนสูงจังหวัดนครราชสีมาครับ
9-9877-45.wav	นายสมคำ<MARK>เปื้อมอายุ80ปีผู้พบเห็นวัตถุโบราณคนแรกเขาเล่าว่า
9-9879-10.wav	คือจากคลิปเนี่ยจะเห็นเลยว่ามีผู้ชายที่ใส่เสื้อสีดำมาทำร้ายร่างกายนายสุทัศน์<MARK>รักก้อนวัย42ปี
24-24478-80.wav	เบิ่มนะฮะอายุ50ปีนะครับผู้หญิงนี่ชื่อนางสาวปุ๋ยอายุ18นะครับเขาเป็น
9-9880-10.wav	ฆ่าภรรยาของตัวเองก็คือนางจันทิมา<MARK>เจ๊กทองคำ
9-9880-15.wav	ก่อนที่จะรับสารภาพนะครับบอกว่าเขาก็อยู่กินกับนางจันทิมา<MARK>
9-9880-21.wav	เขาก็ถามเค้นความจริงว่าไปไหนนางจันทิมา<MARK>ภรรยาบอกว่า
9-9880-40.wav	จากการสอบสวนตำรวจทราบว่านายสนิท<MARK>กับนางจันทิมา<MARK>ผู้ตายเป็นสามีภรรยาที่ปกติชอบดื่มเหล้า
9-9880-8.wav	นายสนิท<MARK>ผันผายนะฮะอายุ46ปีเป็นฝ่ายของสามีนะครับ
24-24479-79.wav	ตำรวจค่ะท่านผู้บังคับการตำรวจภูธรจังหวัดน่านพลตำรวจรีปียพันธ์นะคะ
9-9882-16.wav	ก็คือนายพัชรพล<MARK>กิ่งคล้ายหรือพีชนาย(นัตตะพงศ์,ณัฐพงษ์)<MARK>ชุ่มเย็นหรือนัท
24-24481-25.wav	ก็มันเลื้อยเข้าไปที่ห้องนอนของนายถนงชัยพรมทองนะฮะ
24-24481-27.wav	บนกรุงหยันต์อำเภอทุ่งใหญ่จังหวัดนครศรีธรรมราช
24-24481-28.wav	โดยนายทนงบอกว่าตอนที่ตนกับภรรยากำลังนั่งดูทีวี
9-9882-18.wav	นายยุทธ์<MARK>ไม่ทราบนามสกุลค่ะเบื้องต้นผู้ต้องหาให้การ(ภาคเศษ,ภาคเสธ)
24-24482-2.wav	นางสาวพาวินีศรีเกตหรือว่าน้องซายอายุ20ปีนะครับซึ่งเป็นผู้พิการเท้าขวาจากอุบัติเหตุทางรถยนต์
9-9882-24.wav	คุณผู้ชมดูนี่ค่ะนี่ก็คือนาย(ภูลหิรัน,พูนหิรัญ)<MARK>กิ่งคล้ายหรือนาย(เพศ,เพชร)<MARK>นะคะ
24-24484-24.wav	เจ้าของรถคันที่นายทวีไกรคุบกล่าวหานะครับ
24-24484-3.wav	ตอนนี้ก็เป็นบีดาของนางสาวปรินาไกรคุบ
24-24486-0.wav	ท่ามกลางความกังวลว่านายสุธินคลังแสงรัฐมนตรีว่าการกระทรวงกลาโหม
9-9882-25.wav	(ในเพศ,นายเพชร)<MARK>ก็คือพ่อของนายพีช<MARK>หนึ่งในคนร้ายผู้ต้องหาที่ถูกจับได้แล้ว
9-9883-32.wav	ครูแป้งหรือนางสาวจันจิรา<MARK>
9-9883-39.wav	ทางคุณพ่อของครูแป้งก็คือนายธีรยุทธ์<MARK>ใจงาม
24-24486-14.wav	นายสุธินคลังแสงใครเป็นใครเนี่ยเราทำชื่อนะครับชี้ให้รู้ว่าใครเป็นใคร
24-24486-15.wav	ใครนั่งไหนนายสุธินคลังแสงรัฐมนตรีว่าการกระทรวงกลาโหม
9-9885-27.wav	คือมีผู้ชายอายุ26ปีเขาเป็นคณะทำงานของนายสุชาติ<MARK>ตันเจริญ
24-24487-77.wav	ลูกสาวคนโตของผู้ตายนางเพ็ญพา
24-24489-3.wav	ทีมข่าวไปคุยกับนางสาวนัตชาปานทองหรือว่าคุณซายอายุ23
24-24492-12.wav	เปิดเผยเรื่องความขัดแย้งกับนายประจักรชัยค่ะว่าน่าจะจบลงแล้วนะคะ
24-24493-12.wav	อำเภอธามกาจังหวัดกาญจนบุรี
24-24493-34.wav	มัติหมายจับนายสุภาชัยบุญลักษะวัย64ปี
24-24493-37.wav	นายสุภาชัยเองรับสารภาพค่ะบอกว่า
24-24493-46.wav	นายสุประชัยอ้างบอกว่าที่ทำแบบนี้
24-24496-12.wav	คนขับเนี่ยชื่อว่านางสาวสุภาวดีนวกะครับอายุ28ปี
24-24499-148.wav	นายสุภสิทธิ์เนี่ยบอกว่าไม่ว่าจะโอนเงิน5โมงเย็น6โมงเย็น
9-9890-12.wav	เพราะว่าผู้เสียหายเนี่ยคือนายสุธิธร<MARK>อายุ32ปีอย่างที่บอกว่าเขาพิการทางสายตานะคะ
24-24499-78.wav	นายรณรงค์เลยบอกว่าขอฝากไปถึงคุณลักษณ์ได้ไหมคนซื้อค่ะที่บอกว่าเป็นผู้เสียหายค่ะ
9-9893-6.wav	ซึ่ง(นายจรรย์,นายจันทร์)<MARK>ขันแข็งสมาชิกกลุ่มช่างหรือสลาผู้สร้างกลองได้ให้ข้อมูลกับผู้สื่อข่าวว่ากลองนี้สร้างมาด้วยอายุประมาณ500ปีใช้(ไม้ดู,ไม้ดู่)นะคะ
24-24502-26.wav	เอิญตอนนั้นมีนายสุมงคลจักษานวัย30ปีผ่านมาพอดีเลยค่ะ
24-24502-9.wav	นี่คือนายสมศักดิ์ชุนอ้วนวัย54ปีค่ะ
24-24505-29.wav	นางสาวลี่ซินหญิงอายุ23ปี
24-24508-48.wav	หมู่บ้านพรมตำบลกุฎเลาะอำเภอกเกษตรสมบูรณ์จังหวัดชัยภูมิ
24-24511-270.wav	นายอนุสรอสุรพงศ์
24-24511-88.wav	วันนี้คุณศักดิ์สิทธิ์ไปที่ร้านทองในห้างแห่งหนึ่งที่ตำบลในเมืองอำเภอเมืองจังหวัดชัยนาทนะครับ
24-24512-22.wav	นางสาวอธิตยาพุ่มผู้พนักงานคนนี้เนี่ย
24-24515-0.wav	อีกหนึ่งเหตุการณ์เป็นอุปติเหตุที่เกิดขึ้นในงานฤดูหนาวที่จังหวัดลพบุรี
24-24515-58.wav	นายสุขสวนพลอยเพชรซึ่งมีหน้าที่คุมเครื่องไม่อยู่
24-24519-11.wav	อู่ช่างบุตรใกล้สี่แยกเสมิงตำบลสรรผักหวานอำเภอหางดงจังหวัดเชียงใหม่นะครับ
24-24522-17.wav	อย่างที่หมอปลาบอกเนี่ยนางสาวอุมาภรรยาของพรานเก่งบอกว่า
24-24522-81.wav	ฟังนายสนอเฟื่องฟูน้องชายพรานเก่งนะคะ
24-24523-12.wav	ทราบชื่อต่อมาคือนางสาวเบนเจวันอายุ33ปี
24-24523-13.wav	และนายรัฐนันอายุ20ปี
24-24523-18.wav	ส่วนคนขับทราบชื่อต่อมาชื่อนายจรรย์อายุ52ปี
24-24524-18.wav	ทีมข่าวก็เลยติดต่อไปที่ผู้โพสต์ค่ะนางสาวเรืองสิริหรือคุณวีนะคะ
24-24524-32.wav	เจ้าของตลาดค่ะนายทศพลวัชิระเดชาบอกว่าลานจอดรถตรงนี้เนื้อที่13ไร่นะคะ
9-9903-83.wav	มีการอ้างถึงแหล่งเงินว่าได้รับการสนับสนุนจากนายชัยทัศน์<MARK>รัตนจันทร์
9-9903-85.wav	ให้นายฮาริส<MARK>มหาทนอีกทอด
9-9903-86.wav	เพื่อนำมาจ้าง(นางสาวนัทธิกาวรธัญวิทย์,นางสาวณัฏฐิกาวรธันยวิชญ์)ทำเพจ
9-9906-6.wav	แล้วไปเป็นเพื่อนซีกันกับนายธนวัฒน์<MARK>นาคทัพพีหรือว่าคุณเซฟอายุ18ปี
9-9910-113.wav	นางสาวนิด<MARK>บอก(ใน,นาย)เอิร์ท<MARK>เดินตรงไปเลยเธอเห็นแล้วเธอตรงนี้ภาพจาก(ล้อง,กล้อง)วงจรปิดบางมุมมันจะไม่มันจะถูกตัดไป
9-9910-118.wav	แล้วบุกเข้าไปในห้องตอนนั้นเนี่ยนางสาวนิด<MARK>ผู้หญิงเสื้อสีชมพูที่มากับ(ใน,นาย)เอิร์ท<MARK>เนี่ยบอกว่าตกใจ
9-9910-122.wav	แล้วนายวีระพงศ์<MARK>แฟนใหม่ของปุ้ม<MARK>เนี่ยเขาก็วิ่งสวนออกมาด้วยสภาพถูกยิงบาดเจ็บนะฮะพยายามหาทางลงแล้วสักพักนึงเนี่ย(ใน,นาย)เอิร์ท<MARK>ก็วิ่งตามออกมาเพื่อจะไปยิงซ้ำแต่ตามไม่ทัน
9-9910-135.wav	คือนายชินพัฒน์<MARK>หรือ(ใน,นาย)เอิร์ท<MARK>ผู้ก่อเหตุ
9-9910-136.wav	กับนางรินลพัฒน์<MARK>หรือปุ้ม<MARK>ผู้เสียชีวิตทั้ง(สอง,2)ศพเนี่ยค่ะ
9-9910-142.wav	อดีตภรรยาผู้ก่อเหตุเนี่ยเขาไปคบหากับนาย(เวียรพงศ์,วีระพงศ์)
9-9910-144.wav	ครับนายวีระพงศ์<MARK>คนนี้เป็นเพื่อนสนิทของ(ใน,นาย)เอิร์ท<MARK>ผู้ก่อเหตุ
9-9910-196.wav	เราได้คุยกับคุณพ่อของนายชินพัฒน์<MARK>หรือว่า(ใน,นาย)เอิร์ท<MARK>นะครับมือปืนที่ก่อเหตุนะครับ
9-9910-204.wav	พ่อของนายวีระพงศ์<MARK>นะครับพ่อเนี่ยบอกว่านานนานลูกชายจะกลับมาที่บ้าน
9-9910-210.wav	เรื่องการไปเคารพศพทั้ง(สอง,2)คนเนี่ยที่เสียชีวิตพ่อของนายวีรพงศ์<MARK>ที่บาดเจ็บบอกว่า
9-9910-219.wav	ลูกสาว(สอง,2)คนนั่งรถมากับศพของนายเอิร์ท<MARK>หรือนายชินพัฒน์<MARK>ด้วยนะคะ
9-9910-238.wav	นายอาราม<MARK>ค่ะพ่อของผู้ก่อเหตุก็เปิดใจทั้งน้ำตา
9-9910-284.wav	ก็บอกกับคุณปู่ก็คือนายอาราม<MARK>อ่ะนะคะบอกว่าก่อนจะเกิดเรื่องเนี่ยนะ
9-9910-295.wav	ของนาง(รินรพัฒน์,รินลพัฒน์)นะฮะหรือว่าปุ้ม<MARK>นะครับ
9-9910-306.wav	คือทางครอบครัวของนางสาวรินลพัฒน์<MARK>ให้ข้อมูลนะครับ
9-9910-59.wav	คือศพของนายชินพัฒน์<MARK>ปิติถาวรทรัพย์<MARK>ชื่อเล่นชื่อเอิร์ท<MARK>
9-9910-69.wav	มีศพผู้หญิงอยู่(หนึ่ง,1)ศพนะฮะนางรินลพัฒน์<MARK>ปิติถาวรทรัพย์<MARK>
9-9910-70.wav	ชื่อเล่นชื่อปุ้ม<MARK>นามสกุลเดียวกันกับนายชินพัฒน์<MARK>นะครับเพราะว่าเขาเป็นอดีตภรรยา
9-9910-71.wav	เป็นอดีตสามีภรรยากัน(นางรุณพัฒน์,นางรินลพัฒน์)เนี่ยอายุ29ปีนะครับ
9-9910-77.wav	ในห้องนอนนะฮะซึ่งเป็นห้องของ(นางรุลพัฒน์,นางรินลพัฒน์)นะครับ
9-9910-79.wav	ชื่อว่านายวีรพงศ์<MARK>(ปานรง,ปานรงค์)อายุ32ปี
9-9910-80.wav	เป็นแฟนใหม่ของ(นางริลพัฒน์,นางรินลพัฒน์)นี่ฮะนี่คือคนเจ็บนะครับ
9-9910-92.wav	นางสาวนิด<MARK>เนี่ยเป็นเพื่อนของ(ใน,นาย)เอิร์ท<MARK>ที่เป็นมือปืนนะฮะที่ก่อเหตุเนี่ย
9-9910-97.wav	คือนายวีระพงศ์<MARK>คนที่วิ่งหนีกระสุนหนีตายออกไปจากห้องนะครับ
9-9910-98.wav	ซึ่งนายวีรพงศ์<MARK>เองก็เป็นเพื่อนกับเอิร์ท<MARK>และปุ้ม<MARK>นั่นแหละนะฮะ
9-9912-17.wav	นอนเสียชีวิตคว่ำหน้าขึ้นอืดอยู่รายแรกทราบชื่อคือนางสาวชะดาพร<MARK>คำเขียว<MARK>
9-9912-22.wav	ทราบชื่อก็คือนางทองใบ<MARK>คำเขียว<MARK>วัย65ปี
9-9912-23.wav	แม่ของนางสาวชะดาพร<MARK>ศพแรกนี่แหละ
9-9912-24.wav	แต่ทีนี้ศพของคนแม่เนี่ยนางทองใบ<MARK>เนี่ยมีน้ำลายฟูมปากด้วย
9-9912-28.wav	แต่อย่างที่บอกว่าศพแม่ก็คือนางทองใบ<MARK>เนี่ยมีน้ำลายฟูมปากด้วย
9-9912-46.wav	ถามนายกิติพง<MARK>ภักดี<MARK>ค่ะกู้ภัยห้วยทรายที่เป็นคนนำร่างผู้เสียชีวิตขึ้นมาเมื่อวานนี้เขาก็บอกว่า
9-9912-59.wav	ไปคุยกับนายอิน<MARK>เลยคำเขียว<MARK>นะคะสามีของนางทองใบ<MARK>ผู้ตายแล้วก็พ่อของนางสาวชะดาพร<MARK>ผู้ตายอีก(หนึ่ง,1)คนด้วย
9-9912-98.wav	เพราะว่านางทองใบ<MARK>ป่วยด้วยโรคซึมเศร้ามาระยะ(หนึ่ง,1)แล้วนะคะ
9-9913-18.wav	นายสุริยา<MARK>จึงรู้ว่านายประเสริฐ<MARK>ที่ตนพามา
9-9913-25.wav	นายสุริยา<MARK>ได้พานายสับ<MARK>วาปี<MARK>
9-9913-42.wav	โดยนายอุบล<MARK>ได้นำรถมาใช้บรรทุกพืชผลทางการเกษตรตั้งแต่ปี2559
9-9913-48.wav	เหตุใดถึงมีบุคคลอ้างตัวออกมาแสดงความรับผิดชอบแทนนาง(จอมทรัพย,จอมทรัพย์)
9-9913-50.wav	ของ(นายเสิร์ช,นายเสริฐ)และ(นายศัพท์,นายสับ)อาจถูกขยายไปหาขบวนการรับจ้างติดคุก
9-9913-8.wav	นายสุริยา<MARK>(นวเจริญ,นวลเจริญ)หรือครูอ๋อง<MARK>
9-9918-108.wav	ส่วนสร้อยคอทองคำอีกเส้นของคนเจ็บก็คือนาย(บรุจิภาษณ์,รุจิภาส)<MARK>
9-9918-109.wav	ก็กระชากจากคอของนาย(รุจิภาษ,รุจิภาส)<MARK>จนขาด
9-9918-136.wav	เพราะว่าอย่างที่บอกไปว่าตัวของนาย(รุจิภาพ,รุจิภาส)<MARK>ผู้บาดเจ็บ
9-9918-15.wav	คนร้ายได้ใช้ของมีคมฆ่านางสาว(รัฐคณิสร,รัฐคณิศร)<MARK>
9-9918-20.wav	แล้วก็ยังได้ทำร้ายนาย(รุจิภาษ,รุจิภาส)<MARK>โชติธรรม<MARK>อายุ22ปี
9-9918-21.wav	ซึ่งเป็นลูกบุญธรรมของนางสาว(รัฐคณิตศร,รัฐคณิศร)<MARK>ด้วยนะครับ
9-9918-30.wav	ได้มีการสอบปากคำนาย(ชโนไทย,ชโนทัย)<MARK>(วงแสง,วงษ์แสง)
9-9918-37.wav	แล้วก็สืบสวนนาย(ชโนไทย,ชโนทัย)<MARK>(วงแสง,วงษ์แสง)นะครับ
9-9918-38.wav	นาย(ชโนไทย,ชโนทัย)<MARK>สวมเสื้อสีเหลืองเนี่ยนะครับ
9-9918-45.wav	นาย(ชโนไทย,ชโนทัย)<MARK>ออกจากบ้านหลังเกิดเหตุ
9-9918-48.wav	เพราะนาย(ชโนไทย,ชโนทัย)<MARK>เข้าไปที่บ้านที่เกิดเหตุ
9-9918-61.wav	ระหว่างตัวผู้ต้องหากับนาย(บรุจิภาษณ์,รุจิภาส)<MARK>
9-9918-63.wav	เพราะว่าก่อนหน้านั้นนาย(รุจิภาษณ,รุจิภาส)<MARK>ก็เล่าให้ฟังเหมือนกันนะ
9-9918-65.wav	บอกว่าเขาเห็นนาย(ชโนไทย,ชโนทัย)<MARK>เข้ามาในบ้าน
9-9918-66.wav	นาย(ชโนไทย,ชโนทัย)<MARK>ก็เห็นเขา
9-9918-69.wav	แต่ว่าตัวนาย(รุจิภาษณ์,รุจิภาส)<MARK>ตอนแรกขัดขืน
9-9918-71.wav	คือนาย(รุจิภาษณ์,รุจิภาส)<MARK>บอกว่าโอ้โหผมนะคุณ
9-9918-72.wav	ต่อสู้กับนาย(ชโนไทย,ชโนทัย)<MARK>ทั่วบ้านเลย
9-9918-89.wav	(เรื่องต้น,เบื้องต้น)จากการสอบปากคำนาย(ชโนไทย,ชโนทัย)<MARK>ผู้ต้องหา
9-9920-130.wav	แต่ผู้เสียหายที่เขาบอกว่าเขาโอนเงินเข้าบัญชีน้องถูกแก๊ง(คอร์เซ็นเตอร์,คอลเซ็นเตอร์)หลอกเนี่ยคือเขาเป็นคนจังหวัดตาก
9-9920-30.wav	จังหวัดตากอนุญาตให้ประกันตัวออกมานะคะน้อง(อาตอม,อะตอม)<MARK>ก็ออกมาสีหน้าดีใจค่ะ
9-9920-31.wav	(โเข้า,โผเข้า)กอดกับพี่สาวนะคะนางสาวปุญญาดา<MARK>นะคะ
9-9920-41.wav	โอ้โหดีใจมากรู้สึกโล่งใจเดินทางไปรับตัวน้อง(อาตอม,อะตอม)<MARK>แล้วก็บอกเลยว่า
9-9920-80.wav	นี่ค่ะก็คือนาย(จิรษัก,จิรศักดิ์)<MARK>(สุดสังธ,สุดสังข์)นายความของน้อง(อาตอม,อะตอม)<MARK>นะคะ
9-9921-12.wav	แล้วก็ฝากขังต่อศาลจังหวัดตลิ่งชัน
9-9921-18.wav	แล้วก็ทุบตีนายชานุเทพ<MARK>ด้วยอารมณ์ที่โกรธแค้น
9-9921-20.wav	คุณผู้ชมคดีนี้นายชานุเทพ<MARK>เป็นผู้ต้องหานะคะ
9-9921-25.wav	ขณะที่นายชานุเทพ<MARK>กำลังนั่งกินข้าว
9-9921-27.wav	ตอนนั้นนายจำลอง<MARK>ซึ่งมีปัญหาระหองระแหง
9-9921-28.wav	นายชานุเทพ<MARK>อยู่แล้วขับรถมาหาเจ้าของอู่
9-9921-29.wav	เมื่อเจอกับนายชานุเทพ<MARK>ก็พูดคุยกันท้าทายกัน
9-9921-32.wav	เจาะยิงไปที่หน้าอกนายจำลอง<MARK>3นัด
9-9921-33.wav	นายจำลอง<MARK>ล้มลงแล้วก็ลุกไปยิงซ้ำอีก67นัด
9-9921-34.wav	นายจำลอง<MARK>เสียชีวิตแล้วก็ขี่รถจักรยานยนต์หลบหนีไป
9-9921-35.wav	คดีนี้ตำรวจติดตามอยู่นานนะคะในการหาตัวนายชานุเทพ<MARK>
9-9921-40.wav	ชั่วโมงต่อมานายชานุเทพ<MARK>ไปหาเพื่อนสนิทชื่อนายหนุ่ม<MARK>
9-9921-42.wav	แล้วก็ไปหานาย(สุเมฆ,สุเมธ)<MARK>ซึ่งเป็นน้องชาย
9-9921-44.wav	จากนั้นไปที่บ้านเพื่อนของนาย(สุเมฆ,สุเมธ)<MARK>ที่จังหวัดนครนายกตอนตี2
9-9921-57.wav	กับนายนาริน<MARK>บ้างเป็นครั้งคราวจนกระทั่งวันที่(สิบสอง,12)ก็หนีไปเช่าบ้าน
9-9924-35.wav	เจอศพนายสาโรธอายุ26ปี
9-9931-192.wav	ก็คือนายทองบุตร<MARK>ชัยเฉลิมอายุ68ปีนะคะ
9-9931-256.wav	ผมเลยตามมาเจอน้องภู<MARK>ที่อำเภอบ้านหมี่จังหวัดลพบุรีแห่งนี้ครับ
9-9934-19.wav	คือนางสาวนัชราพร<MARK>บุญส่งอายุ33ปี
9-9934-34.wav	แล้วก็พานายต้น<MARK>ไปชี้จุดเกิดเหตุซิ
9-9937-11.wav	นายสิริชัย<MARK>เครือหงอายุ40ปีเจ้าของบ้านซึ่งเป็น(หนึ่ง,1)ในผู้เสียหายเล่าบอกว่า
9-9942-14.wav	ศรษกองทัพภาคที่3ตำบลอรัญยิกอำเภอเมืองจังหวัดพิษณุ
9-9949-23.wav	ก็ตามไปควบคุมตัวไปสอบปากคำผู้ชายคนนี้ทราบชื่อนายชัยชนะ<MARK>นะคะ
9-9949-27.wav	อยู่ต่างจังหวัดหาว่ามีเงินเดินทางไปต่างจังหวัดไหมยิ่งไม่มีใหญ่เลย
9-9955-18.wav	นายพนมสินทรัพย์<MARK>ที่เลี้ยงลิงกังไว้รับจ้างเก็บมะพร้าว
9-9956-131.wav	คุณทัศนัย<MARK>คนนี้ก็คือนาย(พงพัฒน์รุ่งโรศ,พงษ์พัฒน์ รุ่งโรจน์)อายุ22ปี
9-9956-304.wav	มีการลากสายอย่างที่คุณ(ทัศนาย,ทัศนัย)บอกผ่านต้นกล้วยเข้าไปในร้านเนี่ยมันก็เกิดเสียงอันตรายครับ
9-9956-93.wav	ทางด้านของภรรยาของนายบี<MARK>ก็คือนาง(อนงนาฏ,อนงค์นาถ)ปั้นประสงค์
9-9958-13.wav	เป็นศพของนาง(วันนี้,วรรณี)อโนไทยหรือว่านางแดง<MARK>อายุ72ปีค่ะ
9-9958-23.wav	หลานของผู้ตายนางสาว(สุดาวัน,สุดาวัลย์)สันตรโรบอกว่าปกติเนี่ยผู้ตายอยู่บ้านคนเดียว
9-9958-35.wav	เป็นลูกจ้างของผู้ตายชื่อว่านายชัยพฤกษ์<MARK>นะคะ
9-9959-16.wav	เจอรถยนต์ดำกลุ่มของนายชาติชาย<MARK>คนที่โดนยิงไหล่นะนะ
9-9960-12.wav	นางเป็นนางเอกใบ้ก่อนนางเป็นนางเอก
9-9964-18.wav	คือเจ้าของคลิปคนที่ถ่ายชื่อว่าคุณอภิชาติ<MARK>ชาวจังหวัดพระนครศรีอยุธยา
24-24530-15.wav	นายธิวาบอกว่าตัวเองกับภรรยาเพิ่งเลิกกันแค่1สัปดาห์เอง
24-24530-22.wav	ชาวบ้านที่เขาให้การช่วยเหลือนายที่วาไว้
24-24530-25.wav	เขาก็เลยออกมาดูเห็นนายที่วาสภาพคือเนี่ยใบหน้าเต็มไปด้วยเลือด
24-24530-29.wav	เพราะนายธิวามักทำร้ายร่างกายเธอเป็นประจำ
24-24530-31.wav	แต่นายธิวาก็ยังมาวนเวียนก่อกวนอยู่เคยขู่ฆ่าเธอด้วย
24-24530-35.wav	แต่ถูกนายธิวาโยนมีดใส่
24-24530-38.wav	ทางอดีตภรรยาบอกว่าแจ้งความเอาผิดนายธิวาด้วยนะคะ
24-24530-41.wav	กลัวว่านายธิวากลับมาแล้วจะมาทำร้ายเธออีก
24-24530-44.wav	คือฝั่งนายธิวาก็บอกว่าคือแค่จะมาขอคืนดี
24-24530-9.wav	ก็พบนายธิวาโพธานีอายุ29ปีค่ะ
24-24531-193.wav	นายสุนทรากุลาสานายสุรเชษพระเอ็นแล้วก็เจ้าหน้าที่สำนักงานเขตนะคะ
9-9969-19.wav	คือสุดท้ายก็เลยมีคำสั่งยกเลิกไปต่อมานายศักดิ์สิทธิ์<MARK>
24-24536-35.wav	ถลกกระโปรงตัวเองชื่อว่านางโสภาแทร่ตัน
24-24538-11.wav	ล่าสุดนะครับนายเมธาพันธ์เฟื่องฟูกิจการผู้ใหญ่บ้านบ้านมงคดอยปุ๋ยตำบลสุเทพอำเภอเมืองจังหวัดเชียงใหม่
9-9970-36.wav	ท่านครับแม้ว่านางสาว(นอนหนู,น.)เนี่ยเขาจะรับสารภาพแต่พยานแวดล้อมพยานหลักฐานที่ตำรวจมีก่อนหน้านี้
24-24542-13.wav	ไปเจอกับนายธีรทรชาวนโยธินหรือว่าคุณเอก
24-24544-46.wav	โฮงมะค่าอำเภอจอมทองจังหวัดเชียงใหม่ค่ะ
24-24544-8.wav	ห้งมะค่าอำเภอจอมทองจังหวัดเจียงใหม่เจ้า
24-24545-11.wav	แล้วก็ไปพูดคุยกับนางสาวจริยาทองเนื้อ8อายุ42ปีเป็นหลานสะพ้าย
24-24545-17.wav	แล้วพอถามนางจันทิพย์ว่าเป็นอะไรเธอก็บอกว่าไม่รู้เหมือนกัน
24-24545-40.wav	ล่าสุดอาการของนางจันทิพย์ยังทรุดอย่างต่อเนื่องนะคะ
24-24550-46.wav	คือสัญญากับทางครอบครัวน้องนายด้วย
24-24550-53.wav	แล้วก็จะดูแลน้องนายตลอดไป
24-24550-52.wav	นะครับแล้วก็สัญญาน้องนายว่าจะรักน้องนายคนเดียว
24-24550-86.wav	ยังเอาฉลองปุ๊บมีน้องก็ต้องขึ้นอยู่กับน้องนายพร้อมอะครับ
24-24550-96.wav	คือจริงอย่างที่ผมบอกว่าครอบครัวน้องนาย
24-24552-10.wav	ล่าสุดนายสิทธาเบี้ยบังเกิดหรือทนายตั้ม
24-24552-12.wav	ได้เดินทางมาพร้อมเอกสารไปพูดคุยกับนายชายพลนะครับ
24-24552-18.wav	รวมถึงครอบครัวและคนใกล้ชิดของนายชายพลนะครับ
24-24552-20.wav	ซึ่งสีหน้าและอารมณ์ของนายชายพลนะครับ
24-24552-24.wav	ด้านนายสิทธาเบี้ยบังเกิดหรือทนายตั้มนะครับ
24-24552-25.wav	นายความส่วนตัวของนายชายพลนะครับ
24-24552-30.wav	ไม่มีความเชื่อมโยงไปถึงตัวนายชายพลแต่อย่างใดนะครับ
24-24552-32.wav	เห็นชัดเจนนะครับว่านายชะพลมีส่วนเกี่ยวข้องกับการเสียชีวิตของน้องชมพู่
24-24552-34.wav	จะมีการเข้าตรวจค้นที่บ้านของนายชายพลอีกครั้งในวันนี้นะครับ
24-24552-38.wav	เนื่องจากนายชายพลนะครับให้การปฏิเสธทุกข้อกล่าวหา
24-24552-48.wav	เรื่องต้นจากการที่พนักงานสอบสวนพูดคุยกับนายชายพล
24-24552-54.wav	ว่าจะให้การประกันตัวนายชายพลในวันพรุ่งนี้หรือไม่ครับ
24-24552-56.wav	ต้องนำตัวนายชายพลไปฝากขังที่ศาลจังหวัดมุกดาหาร
24-24552-59.wav	ลงพื้นที่บริเวณที่ก่อสร้างพญานาคหน้าบ้านของนายชายพลนะครับ
24-24552-61.wav	และวันพรุ่งนี้ต้องจับตาดูนะครับว่าสิ่งที่แม่ของน้องชมพู่คือนางสาวิตรี
24-24552-62.wav	คัดค้านขอให้ไม่มีการประกันตัวนายชายพล
24-24552-63.wav	กับสิ่งที่ทนายความส่วนตัวจะขอยื่นประกันตัวนายชายพล
24-24554-10.wav	นั่นก็คือนายพงเทพอายุประมาณสัก4050ปี
24-24554-15.wav	เขาบอกว่าลืมตาขึ้นมาเนี่ยเห็นนายพงเทพกระโดดคล่อมตัว
24-24556-22.wav	โดยตำรวจก็คุมตัวนายกฤษณะศรีศุกร์หรือว่านายมด
9-9979-25.wav	และอนุญาตให้นางทองคำ<MARK>ศรีจันทร์
9-9984-25.wav	ที่เป็นพระจรที่มาขอจำวัดจากวัดล่างเราเรียกกันว่าวัดบนวัดล่างครับเพราะว่าวัดท่านอยู่บนเขาแล้วโลเคชั่นเนี่ยจะห้อมล้อมไปด้วยภูเขาที่จังหวัดเพชรบูรณ์ทั้งหมดเลยพระที่ที่ว่านี่คือพระที่เดินธุดงค์มาอาจจะมาจำวัดที่นี่ครับแล้วก็เป็นพระที่อยู่จำวัดที่อยู่อยู่ที่หมู่บ้านข้างล่างขึ้นมาปฏิบัติอยู่บนถ้ำครับผมโอเคต้องย้อนไปเมื่อ5ปีที่แล้ว
9-9985-11.wav	สำหรับนาง(สายัน,สายันต์)จันทราผู้ตายถือเป็นผู้กว้างขวางในพื้นที่
9-9985-3.wav	เช่นทุกวันพบศพนายพิพัฒน์<MARK>ตั้งพงศ์หรือ(เสียกวง,เสี่ยกวง)อายุ71ปีถูกแทงนอนเสียชีวิตจมกองเลือดอยู่หน้าบ้านห่างออกไปประมาณ70เมตรพบศพนางสายัน<MARK>จันทราอายุ63ปีเจ้าของบ้านถูกแทงตามลำตัวหลายแผลและถูกปาดคอเสียชีวิตอยู่ประตูหลังบ้านโดยชุดสืบสวนกันพื้นที่ห้ามบุคคลไม่เกี่ยวข้องเข้าด้านในเพื่อเก็บวัตถุพยานในจุดเกิด
9-9985-4.wav	ซึ่งเป็นรถของนางสายัน<MARK>ผู้ตายที่จอดอยู่หน้าบ้านแต่ไม่สามารถเปิดประตูรถได้
9-9985-6.wav	พร้อมกับเรียกสอบลูกสาวน้องชายลูกติดอดีตสามีเก่าของนางสายัน<MARK>ญาติพี่น้องและคนสนิทรวม8คน
15-15081-6.wav	ฉะนั้นเนี่ยมีประชาชนจำนวนมากนะคะเดินทางไปทำบุญกันในหลายพื้นที่เลย
9-9996-23.wav	ผู้ตายชื่อว่านายวิชยุทธ์<MARK>ยิ้มวิลัยอายุเพิ่งจะ29ปีเอง
9-9997-19.wav	นางวาริน<MARK>พุทธศิษย์วัย62ปี
9-9997-8.wav	ก็คือนายอัธวุฒิ<MARK>เกรสกุลอายุ64ปี
24-24559-4.wav	พระชธานพระบรมราชวรกาศให้นายเศรษฐาทวีสินนายกรัฐมนตรี
24-24560-23.wav	คือชื่อนายบรรหารต้อนไล่อายุ24ปีนะครับมีบาดแผลถูกกระแทกศีรษะแตก
24-24560-30.wav	คนเจ็บคือนายบรรหารมานั่งตกปลาอยู่ริมคลองระบายน้ำนะครับ
24-24564-10.wav	นางสาววรรณรสบอกว่าก่อนหน้านี้มีเพื่อนบ้านมานะ
24-24564-6.wav	ของนางสาววรรณรสวรเสนา
24-24565-103.wav	ส่วนศพของนายสุธรรมเหลืองอารามนะฮะซึ่งก็คือน้องโก
24-24565-110.wav	ก็คือนายสมทรงเหลืองอารามอายุ25ปีนายหมุนชินรัฐอายุ41ปี
24-24565-111.wav	นายธรรมรัฐโคมแก้วอายุ23ปีแล้วก็นายดอนแก้วมณีอายุ33ปี
10-10001-24.wav	คือนายกระตัน<MARK>ก็ถามว่าใครต่อยผมเขาต่อยผมทำไม
24-24565-63.wav	นางสาวพัชราพรแสงเพ็งอายุ23ปีซึ่งเธอท้อง4เดือน
24-24565-65.wav	นายสุธรรมเหลืองอาบรามอายุ25ปี
24-24565-66.wav	แล้วก็นายประทวนศรีชัยชนะอายุ56ปี
24-24565-86.wav	ที่มีผู้หญิงท้องอยู่ด้วยก็คือน้องหมวยนางสาวพัชราพรแสงเพ็ง
24-24565-88.wav	ส่วนของร่วมกระตันยูบ้านหมี่มี1คนคือน้องโกนายสุธรรมเหลืองอาราม
24-24566-110.wav	เรื่องต้นก็คุมตัวนางสาวตรีรัฐภรรยาผู้ก่อเหตุเนี่ยค่ะ
24-24566-19.wav	คนก่อเหตุก็คือภรรยาค่ะนางสาวตรีรัฐจำนองอายุ41ปี
24-24566-31.wav	หลังเกิดเหตุนายยุทธ์ขยันการพี่ชายของผู้ตาย
24-24569-4.wav	ตำรวจสภ.น้ำพองเข้าตรวจสอบก็พบผู้เสียชีวิตคือนายอาคมคำพานางอายุ51ปี
24-24569-7.wav	คือนายอนุพงศ์คำพานางหรือท็อปอายุ21ปีเป็นลูกชายคนโตของผู้ตายเองค่ะ
24-24570-29.wav	ส่วนที่จังหวัดลำปางนะครับก็วัดเรื่องของฝุ่นควันได้นะฮะ234มิโครกรัมต่อลูกบาทเมตรนะครับ
24-24570-31.wav	โดยนายสมพงศ์ฟุ้งทวีวงในอำเภอพบพระจังหวัดตากนะครับ
24-24570-32.wav	ตอนนี้ได้มีการสั่งการให้นายฉันธวัฒน์อิ่มเนยหัวหน้าหน่วยป้องกันและพัฒนาป่าไม้พบพระ
24-24572-10.wav	ขี่รถจักรยานยนต์ฮอนด้าเวฟมาบนถนนเส้นหนองปลือวังค้อตำบลบึงอำเภอศรีมราชาจังหวัดชลบุรี
24-24572-12.wav	เป็นรถของนายชนลสิทธิ์จำปาบุรีเขาขับมาด้วยความเร็วแล้วก็แซงรถกระบะพอดี
24-24572-16.wav	บริเวณด้านหน้าด้านข้างจนพังเสียหายแล้วก็ถล่มลงมาทับนายชนลสิทธิ์ด้วย
24-24572-17.wav	ตัวนายชนสิทธิเองก็นอนแน่นิ่งอยู่กลางถนนกู้ภัยต้องปั๊มหัวใจและฟื้นขึ้นมา
24-24572-22.wav	แต่ก็ไม่สามารถจะยื้อชีวิตได้นะตำรวจก็จะมีการอายัดตัวนายชนสิท
24-24574-21.wav	นายปิรัตนอุดมวงค่ะผอ.สำนักงานเขตพื้นที่การศึกษาประถมศึกษาตะเขตสอง
24-24574-27.wav	ขณะที่นายปีรัฐค่ะแจ้งกับนักเรียนว่า
24-24579-48.wav	นายนวัฒน์เลี้ยงวัฒนา
24-24579-49.wav	นายพานุพงศ์จัดนอกหรือว่าไม้
24-24580-28.wav	ส่วนทางด้านของนายสุพิษวัดสุนทรวัย38ปี
24-24580-8.wav	มีพิธีฌาปนกิจศพของนางบุญเพ็งชาริโย
24-24582-13.wav	อยู่กลางถนนมีนายกฤษณะการเทพอายุสิบเก้าปี
24-24582-15.wav	ส่วนคนซ้อนนะครับชื่อนางอรวรรณมุ้งทองอายุยี่สิบสอง
24-24582-16.wav	เจ้าหน้าที่นำส่งโรงพยาบาลครับนายกิติพงศ์กรีบแก้วนะฮะ
24-24585-13.wav	พนมทวนจังหวัดกาญจนบุรีครับครับส่วนกล้วยนี้นะฮะอยู่บนพื้นที่ทั้งหมดสิบสามไร่เลยนะครับ
24-24587-4.wav	แต่นางกลับรักแต่กินหวนเป่าแค่เพียงคนเดียว
24-24590-166.wav	แล้วนายก็จะออกมานั่งเจอสังสรรค์กับเพื่อนได้
24-24592-114.wav	ก็คือนายนาริสโรธเฟื่องระบินด้วยนะฮะ
24-24592-61.wav	อย่างนางสาวจิราพรสินทุไพรนะคะ
24-24593-16.wav	นางสาวสุรนันฉิมสิริชาวจังหวัดฉะเชิงเทรา
10-10001-32.wav	คือนายกระตัน<MARK>ถูกทำร้ายตอนเวลาประมาณบ่าย3โมงครึ่ง
10-10001-46.wav	มุมขวาก็คือเหตุการณ์นายอัธนนท์<MARK>นะคะ
10-10001-51.wav	มีเพื่อนนะคะเพื่อนที่อยู่ในเหตุการณ์แล้วก็เขาก็ตกใจนะเพื่อนของนายอัธนนท์<MARK>นะคะ
10-10001-54.wav	แต่ตัวนายอัธนนท์<MARK>คนเสียหายบอกว่าเขาจำหน้าได้นะจำหน้าคนก่อเหตุได้แต่จำทะเบียนรถไม่ได้
10-10001-8.wav	คนที่ถูกทำร้ายคือนาย(อัธนล,อัธนนท์)แบบพิมายอายุ19เป็นนักศึกษามหาวิทยาลัยนะคะ
10-10003-3.wav	นายมานพ<MARK>กาญจนบุรางกูลผู้อำนวยการองค์การสะพานปลา
24-24602-176.wav	หรือนายตรงมาตรวจสอบความน่าเชื่อถือ
24-24602-300.wav	ในเรื่องของการรักษาสภาวะจิตของนายตรงเพื่อจะมาเบิกความเป็นพยานต่อสาร
24-24602-41.wav	ตรงเพิ่มเติมนะครับแต่เหตุที่มีการสอบเนี่ยมันบางมากบางเนี่ยไม่ใช่บางเพราะอะไรบางเพราะว่าในใบรับรองแพทย์เนี่ยเขาบอกว่าในตรงเนี่ยป่วยทางจิตนะครับและประการสำคัญเนี่ยในการสืบพยานเนี่ยนะฮะเมื่อเอานายตรงมาไม่ได้เนี่ยสารได้ถามทั้งพนักงานอายการแล้วก็ทั้งทนายโจทย์ร่วมว่าจะคัดค้านประการใดไหม
24-24602-44.wav	รับรองแพทย์ฉบับเนี้ยไม่ใช่เป็นใบรับรองแพทย์ที่เด็ดขาดมันสามารถที่จะมาเบิกความได้แต่ต้องให้ยาในการควบคุมอารมณ์ของนายตรงแล้วก็ห้าทางเขาว่าจะเบิกความแต่สารเนี่ยให้มีแพทย์อยู่แล้วก็ให้ยาก่อนกี่ชั่วโมงกี่ชั่วโมงเนี่ยสามารถเบิกความได้อย่างดีเลยนะครับเหตุนี้แหละครับพอเราทราบจากพนักงานสอบสว
24-24602-53.wav	เพราะฉะนั้นจึงมีประจักษ์พยานเพียงปากเดียวคือนายพีรวิทย์จิตบุญนาลักษณ์คือนายตรงเพราะฉะนั้นจึงเป็นประจักษ์พยานสำคัญที่จะต้องนำมาสืบคุณผู้ชมคะถ้าคุณผู้ชมจำได้นะคะเราเคยสัมภาษณ์ข่าวนี้ตั้งแต่แรกแรกว่าเอ๊ะทำไมคุณพ่อถึงมีมีแรงบีบแรงกดดันแล้วก็เหมือนกับอาจจะรู้สึกผิดหวังมากหลังจากที่ได้ฟัง
10-10013-15.wav	ด้านขวาคือทางด้านของนายสุภาษิต<MARK>ที่จมน้ำหายไป
10-10013-7.wav	ทำให้นักท่องเที่ยวซึ่งเป็นคนไทยพลัดตกลงไปคือนายสุภาษิต<MARK>เดชขุนทศอายุ26ปี
10-10017-36.wav	ด้านของนางโกสุม<MARK>ศรีไพรอ่อนอายุ65ปีนะคะ
10-10017-61.wav	ไปพูดคุยกับนางประภัย<MARK>ชูเชิดอายุ67ปี
10-10021-20.wav	ส่วนนายธรรมปะพล<MARK>เป็นสมาชิกอบต.แล้วก็เป็นสามีของนางลำไพร<MARK>ด้วย
10-10021-27.wav	หลังจากนั้นก็ใช้มีดอิโต้ไปไล่ฟันนางสาวลำไพร<MARK>
10-10021-34.wav	ที่ปัจจุบันผู้ตายก็อยู่กินฉันสามีภรรยากับนายธรรมปะพล<MARK>
10-10021-37.wav	นางสาวลำไพร<MARK>เปิดประตูลงจากรถ
10-10026-17.wav	ก็คือนางสาวพรนิพา<MARK>ซึ่งอยากฟังเขาเล่ามากกว่า
10-10031-80.wav	สร้างความแปลกใจให้กับคนที่เห็นนางรัชนีจิตอภินัน<MARK>อายุ53ปี
10-10031-81.wav	นางวันธนา<MARK>พี่สาวอายุ(50แปด,58)ปีเจ้าของบ้านเล่าบอกว่า
10-10040-16.wav	นายชัยพล<MARK>(วิพา,วิภา)หรือว่าลุงพล<MARK>นะฮะ
24-24605-5.wav	ล่าสุดค่ะพี่บินไปที่จังหวัดกาญจนบุรีค่ะ
10-10040-19.wav	นางสมพร<MARK>(หลาโพ,หลาโพธิ์)มาที่ศาลจังหวัดมุกดาหาร
10-10040-29.wav	นายชัยพล<MARK>ที่เป็นจำเลยที่12ปี3เดือนปรับ45000บาท
10-10040-36.wav	นายชัยพล<MARK>ก็ขึ้นรถตู้ส่วนตัวออกมาทักทายกับกลุ่มยูทูบเบอร์
10-10040-40.wav	แล้วแจ้งข้อกล่าวหากับนายชัยพล<MARK>แล้วก็ยูทูบเบอร์2คนเอาไว้
10-10040-42.wav	หลักฐานก็คือคลิปยูทูบเบอร์กับนายชัยพล<MARK>เนี่ย
10-10040-5.wav	ที่แถวบริเวณบ้านของนายชัยพล<MARK>(วิพา,วิภา)
10-10040-7.wav	ล่าสุดวันนี้นายชัยพล<MARK>กับยูทูบเบอร์อีก2คน
24-24609-44.wav	ตามหาลูกชายก็คือนายจิรวัตร
10-10045-100.wav	แต่นายกิติกร<MARK>ตามเข้าไปยิงอีก4นัดนะฮะ
10-10045-111.wav	ช่วงบ่ายที่ผ่านมาครับชุดสืบสวนคุมตัวผู้ต้องหาคือนายกิติกร<MARK>
10-10045-168.wav	ส่วนตัวของนายกิติกร<MARK>ถูกแจ้งข้อหาฆ่าผู้อื่นโดยเจตนานะครับ
10-10045-28.wav	ผู้ที่เสียชีวิตชื่อนายบุญธรรม<MARK>นามโคตรอายุ44ปี
10-10045-40.wav	โอ้โหนี่ฮะนายบุญธรรม<MARK>นะครับ
10-10045-41.wav	ส่วนมือยิงนะครับผู้ก่อเหตุชื่อนายกิติกร<MARK>นะครับ
10-10045-51.wav	นี่นะฮะนายกิติกร<MARK>ให้การว่าผู้ตายเป็นคู่อริเก่ากับเขา
10-10045-70.wav	นายกิติกร<MARK>วิ่งแซงหน้าภรรยาแล้วไปยิงใส่เขาเลย7นัด
10-10045-79.wav	ผู้สื่อข่าวของเราที่ลงพื้นที่ไปได้คุยกับนาย(วัลลบ,วัลลภ)<MARK>
10-10045-83.wav	นายบุญธรรม<MARK>ผู้ตายขี่จักรยานเอาเห็ดมาให้บ้านข้างแถวนั้น
10-10045-85.wav	ก็คุยกันอยู่สักชั่วโมง(นึง,1)แต่แน่นอนว่าตัวของนายบุญธรรม<MARK>ผู้ตาย
10-10045-86.wav	เพิ่งเข้ามานั่งด้วยกับนายกิติกร<MARK>ที่นั่งอยู่ก่อนแล้ว
10-10045-98.wav	นายบุญธรรม<MARK>เนี่ยโดนไป(สาม,3)นัดเขาก็พยายามหาที่บัง
10-10046-14.wav	แล้วผู้ก่อเหตุอย่างที่บอกคือสามีนายรณรัฐ<MARK>(โพผล,โพธิ์ผล)หรือ(ใน,นาย)เอิร์ท<MARK>อายุ51นะคะ
10-10046-21.wav	ตัวนายรณรัฐ<MARK>ผู้ก่อเหตุเนี่ยค่ะเขาบอกว่าเขากับภรรยาเนี่ยนะ
10-10046-22.wav	ก็คือนางสาววาสนา<MARK>ผู้ตายเนี่ยนะนั่งดื่มเหล้าด้วยกันหน้าบ้านทะเลาะกัน
10-10046-62.wav	ตำรวจก็นำตัวนายรณรัฐ<MARK>ขึ้นรถ
10-10046-9.wav	ผู้หญิงคนนี้ที่เสียชีวิตชื่อว่านางสาววาสนา<MARK>หาหลักอายุ41ค่ะ
10-10048-36.wav	เป็นนายนิกร<MARK>วงพระจันทร์อายุ42ปีคุณพระดำ<MARK>รู้ไหมเป็นใคร
10-10048-48.wav	เป็นนายเบควันหัว<MARK>เป็นชาวเวียดนามอายุ53ปี
10-10060-38.wav	โวยวายคือพ่อฝ่ายชายก็คือนายสุธิน<MARK>
15-15081-9.wav	ประชาชนเดินทางมากราบพระขอพรเอาเลิกเอาชัย<Mark>
15-15083-101.wav	คือวัวของนายสุพศมือยิงนะฮะที่เลี้ยงแบบปล่อยอ่ะ<Mark>
15-15083-118.wav	ตอนนั้นนายทรงชัยที่เป็นเขยพี่เนี่ย<Mark>
15-15083-12.wav	ผู้ที่เสียชีวิตชื่อนายสุพศบัวศรีอายุ50ปีนะครับ<Mark>
24-24612-20.wav	เจ้าของร้านก็คือนายสุดเขตชื่นบาร์เล่าให้ฟังบอกว่า
24-24617-15.wav	พร้อมกับคณะรัฐมนตรีจะเดินทางไปร่วมพิธีพระชธานเพลิงศพ
24-24617-18.wav	วัดราชสามัคคีส่วนที่วัดศรีอุทัยนายจุลินลักษณะวิสิทธิ์รองนายกรัฐมนตรี
24-24617-20.wav	และวัดเทพมงคลพิชัยมีนายสุพัฒนภงพันธ์มีเช่า
24-24620-39.wav	นักเรียนฮีโร่ค่ะนายพิชยุทธ์ประสบเหมาะอายุเพิ่ง16นะคะ
24-24625-259.wav	ซึ่งเดินทางไปซื้อของที่เมืองรุยลียูนาน
24-24625-532.wav	เดินทางมากราบไหว้นะครับปู่ศรีสุโธรวมถึงแม่ย่าศรีปทุมานะครับ
24-24625-540.wav	นายพงศักดิ์ศรีชนะกรรมการบริหารคำชโนธนะครับ
24-24625-633.wav	ก็มาถ่ายละครแต่เช้านางมาตรงเวลาเป๊ะ
24-24625-86.wav	ผู้ชายคนนี้ชื่อว่านายนิอับดุลอาชิสนะครับ
24-24627-16.wav	นายสุริยะริมรัชตามอนวัย44ปีนางสาวประพัชญานวลรักษาวัย33ปี
24-24627-20.wav	นายสุริยะริมรัชตามอนผู้เป็นพ่อนะคะจบการศึกษาระดับปริญญาตรีจากมหาวิทยาลัยเกษตรศาสตร์บางเขนคณะอุตสาหกรรมเกษตรรุ่นที่16
24-24627-22.wav	ส่วนภรรยาก็คือนางสาวประพัชยาจบการศึกษาระดับปริญญาตรีจากมหาวิทยาลัยวงชวลิศกุล
24-24627-39.wav	นางสาวสิริรัตน์พี่สาวของนางสาวประพัชยาผู้เสียชีวิตเนี่ยก็บอกว่า
24-24631-23.wav	นายฤทธิ์ก็เล่าว่าขั้นตอนแรกเลยไปรับซื้อนกกระทามาก่อนครับ
15-15083-14.wav	คนก่อเหตุนี่ฮะนายทรงชัยล่าพันธ์อายุ48ปี<Mark>
15-15083-150.wav	พ่อสองดาวแจ้งข้อหากับคนก่อเหตุนะครับคือนายสุพธบัวศรีนะครับ<Mark>
15-15083-85.wav	ส่วนคนก่อเหตุคือนายสุพธนะฮะคนก่อเหตุคือนายสุพฤษ<Mark>
24-24634-20.wav	เดินทางไปหานางสาวอนุวัลศรีบุญ
24-24634-43.wav	นางสาวอนุวัลเล่าต่อว่าทีนี้เมื่อหยอดตาด้วยยาตัวใหม่อาการก็ยังไม่ดีขึ้นแล้วก็มีเลือดไหลอยู่
15-15083-97.wav	มันมีแค่8ไร่ไม่ใช่10ไร่ทำให้นายสุพศที่เป็นพี่เขยเนี่ยโกรธ<Mark>
24-24639-8.wav	หมอธรรมชาวบ้านได้ทำพิธีเรียกวิญญาณของนางนิดสังวรอายุ60ปี
24-24640-13.wav	นี่เป็นร้านของนายจีรศักดิ์จักริตหรือป่าน้องค่ะ
24-24641-69.wav	ดังนั้นชีวิตผมเนี่ยยกให้นายผมเลย
24-24643-23.wav	และคนถ่ายคลิปคือนางสาวพัชราพรโอกาสเจริญนะฮะ
24-24644-13.wav	ผู้ต้องหาทั้ง4คนเป็นกลุ่มชาติภัณฑ์มงค์มีนายคึ่เท้าอายุ22ปีสัญชาติเมียนมา
24-24644-14.wav	นายเตอร์แทร่เท้าอายุ23ปีสัญชาติเมียนมานายวิชัยแทร่ว่างอายุ31ปีเป็นชาวไทยทั้ง3คนนี้คือ3คนที่ใส่ชุดอำพลางใบหน้าแล้วเอาปืนบุกยิงคือเข้าไปก่อเหตุในร้านทอง
24-24644-15.wav	ส่วนทางขวามือคุณผู้ชมนายวรพงศ์นายวรพงศ์แทร่เท้าอายุ23ปีเนี่ยนะคะไม่ได้เข้าไปก่อเหตุด้วยแต่นายวรพงศ์คือคนที่ให้การสนับสนุน
24-24644-16.wav	ท้ายที่สุดนายวรพงศ์นี่แหละถูกเจ้าหน้าที่จับกลุ่มตัวได้ที่บ้านพักอยู่ใกล้กับชายแดนไทยเมียนมาค่ะ
24-24644-17.wav	แล้วเมื่อวานนี้ตำรวจก็เลยคุมตัวนายวรพงศ์ไปสอบสอบเป็นชั่วโมงเลยที่สภ.พบพระเนี่ยตอนที่ไปสอบปากคำเสื้อสีขาวนี่นะคะ
24-24644-18.wav	เจ้าตัวนายวรพงศ์เนี่ยก็มีสีหน้าสีตาเคร่งเครียดเลยล่ะค่ะทีนี้ตำรวจก็ได้ข้อมูลสำคัญเกือบเกือบครบแล้ว
24-24644-23.wav	แล้วก็การจับกลุ่มนายวรพงศ์เมื่อวานี้ตำรวจสอบปากเข้มเลยสอบปากคำเข้มเลยนะครับ
24-24644-24.wav	ตอนที่พานายวรพงศ์เดินออกมาเพื่อจะไปห้องควบคุมตัวปรากฏว่านักข่าวก็รออยู่นะคุณฮะ
24-24644-25.wav	นักข่าวพยายามถามนายวรพงศ์เนี่ยว่าร่วมก่อเหตุจริงไหมเขาไม่ปริปากพูดนะครับ
24-24644-27.wav	ปรากฏว่านายวรพงศ์เนี่ยก็ไม่พูดจาอะไรเลยนะครับจากนั้นตำรวจก็นำตัวเข้าไปสอบปากคำกันต่อนะฮะ
24-24644-36.wav	แล้วภรรยาของผู้ตายคือนางติ่นหมาวินอายุ33ปีภรรยาของนายชิอากาเนี่ยนะคะ
15-15090-21.wav	โดยนายมารุธบอกว่าผู้ก่อเหตุเป็นทหารยศจ่า<Mark>
15-15090-27.wav	พร้อมกับนายมารุธผู้เสียหายและแม่<Mark>
24-24644-9.wav	เอาอาวุธปืนเนี่ยยิงต่อสู้ไปเหมือนกันทำให้นายชิอากาอายุสามสิบปีลูกค้าที่เข้าไปเลือกซื้อทองเนี่ย
24-24647-16.wav	ก็คือนายทะเลิงยงภูเขียวอายุ54ปี
24-24647-96.wav	ใช่นะครับด้านของนางสาวนัทธมนต์
24-24650-35.wav	คุณธนาวุฒิพรโรจนางกูลหัวหน้าสายงานจัดการกองทุนบริษัทหลักทรัพย์จัดการกองทุนรวม
24-24650-4.wav	วันนี้มาฟังการวิเคราะห์คำแนะนำจากคุณธนาวุฒิพรโรจนางกูลครับ
24-24652-121.wav	เจ้าสมเด็จพระเจ้าน้องนางเธอเจ้าฟ้าจุลาพรวลัยลักษณ์
24-24652-62.wav	นายลากิจไม่ได้ไปขึ้นเรือแล้วเขาช่วยเหลือผู้ประสบภัยได้รวม75นาย
15-15092-31.wav	ว่าคือนายอรุณยืนสุกอายุ24ปี<Mark>
24-24653-18.wav	ออคอเรียมตำบลสุเทพอำเภอเมืองจังหวัดเจียงใหม่จ้า
24-24655-5.wav	ผลเอกประวิทย์วงสุวรรณบรองนายกรัฐมนตรี
24-24655-65.wav	เป็นเหตุที่นายกรัฐมนตรีเดินทางจากบ้านพักภายในกรมฐานราบที่1มหาดเล็กรักษาพระองค์
24-24657-0.wav	คุณผู้ชมครับมาดูเรื่องของคดีการฆ่านางสาวทิติมาตั้งวิบูรพาณิชย์
24-24657-55.wav	นายพิพัฒน์ตั้งวิบูรพาณิชย์น้องชายของไฮโซเชอรี่
24-24659-16.wav	บัณฑิตดินจันทึกอายุ41ปีนะคะเป็นชาวจังหวัดนครราชสีมา
24-24660-12.wav	แล้วนางก็บอกว่าจริงแล้วก็เขตการมีค่ายนะคะ
24-24663-11.wav	ทางคุณพี่มดดำคชาพาค่ะก็เดินทางไปร่วมพิธีด้วย
24-24663-12.wav	ทันทีที่พี่มดดำเดินทางไปถึงศาลานี่นะคะ
24-24663-23.wav	อย่างดีเจดาด้าและดีเจเฟียสก็ได้เดินทางมาร่วมรดน้ำศพ
24-24664-44.wav	ก็เลยชื่อแค่นายหนุ่ยหรือติ้งตะ
24-24664-57.wav	และกระทำชำราวเด็กชายวัย7ขวบที่อำเภอวังสะพุงจังหวัดเลย
24-24665-1.wav	เปิดให้ประชาชนเดินทางเข้าไปเข้าถวายศักระสมเด็จพระอริยวงศาขตยาน
24-24665-3.wav	เดินทางไปถวายศักระอย่างเนื่องแน่นครับติดตามพร้อมกันจากคุณวัฒนีศรีเมม
24-24667-87.wav	ชื่อว่านางสาวจิราพรนรินนอกนะคะ
24-24667-89.wav	เป็นหลานของนายสำเรียงนารินเอกอายุ68ปีแล้ว
15-15093-3.wav	ซึ่งนายวิชัยพรลีแสงสุวรรณผู้มนวยการส่วนอุทยานแห่งชาติ<Mark>
15-15093-5.wav	นายคันชิตศรีนพวัลหัวหน้าอุทยานแห่งชาติเขาใหญ่<Mark>
15-15098-6.wav	ก็คืองานฝังลูกนิมิตรที่วัดโบดศรีคิ้วตำบลศรีคิ้วอำเภอศรีคิ้วจังหวัดนครราชสีมา<Mark>
15-15099-0.wav	โดยนายโอเล็ดรอดหัวหน้าทีมฆ่าถูกเจ้าหน้าที่วิสามันจนเสียชีวิตกลางเมืองยโสธร<Mark>
24-24669-0.wav	เมื่อวันที่23กรกฎาคมที่ผ่านมานายชัยยงภูพงศกรผู้ว่าการการไฟฟ้านครหลวง
24-24671-9.wav	ซึ่งวันนี้ฝนพามาที่ร้านจุ้ยซิงอยู่ที่อำเภอหัดใหญ่จังหวัดสงขลานี่เองค่ะ
24-24673-20.wav	นำขึ้นเรือเพื่อเดินทางเข้าไปสู่ชุมชนบ้านบินหยีที่ติดเกาะออกไปไหนไม่ได้
24-24675-11.wav	ทีนี้ไปสอบสวนช่างแมวครับชื่อจริงคือนายสัญญาเทศถันช่างแมว
15-15099-3.wav	กล้องวงจรปิดจับภาพนาทีขณะที่ตำรวจบุกจับกลุ่มนายสมศักดิ์เล็ดรอดหรือนายโออายุ29ปี<Mark>
15-15099-45.wav	ส่วนนางสาวปียพรเล็ดรอดหรือมด<Mark>
24-24675-21.wav	ทีนี้จากการสอบส่วนพบว่าผู้ก่อเหตุก็คือนายทาดานายทาดาโคจรานนท์อายุ35ปีนะฮะ
24-24675-26.wav	นายธาดาก็พยายามตามหาหลายแห่งสุดท้ายไปเจอว่าไปติดพันธุ์ช่างแมวอยู่
24-24675-31.wav	ก็สั่งชุดสืบสวนออกตามล่าตัวนายทาดาแต่ยังคงไร้ร่องรอย
24-24680-4.wav	ผู้ที่ศูนย์หายชื่อว่านายประดิษฐ์สุคำวงค่ะเป็นชาวบ้านตำบลแม่ปานอำเภอรองจังหวัดแพร่
24-24680-9.wav	ช่วงเช้าที่ผ่านมาผู้สื่อข่าวลงพื้นที่ไปที่เกิดเหตุนะคะไปสอบถามนายบุญมีสุขัมวงพ่อของผู้สูญหายก็บอกว่า
24-24687-7.wav	อยู่ที่หมู่2ตำบลศรีนรงอำเภอชุมพลบุรีจังหวัดสุรินทร์
24-24688-10.wav	ทราบชื่อผู้ชายคนนี้คือนายบุญรัฐจ้องสกุลนะคะ
24-24688-28.wav	กล่าวให้พรกับนายบุญรัฐอยู่หน้ารถกระบะเลยนะคะครับ
24-24688-29.wav	อยู่รถเก๋งที่มีนายจักรพงศ์กระปิดไถ
24-24688-32.wav	แรงกระแทกก็เลยทำให้รถกระบะเนี่ยพุ่งไถลไปทับร่างนายบุญรัฐ
24-24688-40.wav	ทีมข่าวก็ลงพื้นที่ไปวัดวิเวการามนะคะก็เป็นสถานที่ตั้งศพนายบุญรัฐด้วย
24-24688-41.wav	ก็ไปเจอแม่นายบุญรัฐนางจำรัฐจ้องสกุลแม่อายุ93แล้วอะค่ะ
24-24688-43.wav	แล้วคือต้องมางานศพลูกชายนะคะแม่บอกว่านายบุญรัฐเนี่ยเป็นลูกชายคนโต
24-24689-11.wav	อดีตในพรานที่เคยเข้าไปตัดไม้กิจสนาในอุทยานแห่งชาติทัพลานจังหวัดปราจีนบุรี
24-24689-53.wav	อดีตนายพรานในจังหวัดปราจีนบุรีนำมาตีแผ่ให้สังคมได้รับรู้ถึงกระบวนการค้าไม้กิจสนา
24-24690-11.wav	หรือที่สภ.ศสขันต์จังหวัดกาฬสินธุ์ประมาณ11โมง
24-24692-55.wav	คนคุมเรือประมงลำนี้ก็คือนายสมสมัยมีจอมก็ควบคุมตัวไปที่สภ.ฉลองแล้วค่ะ
24-24695-5.wav	เป็นของคณะโนราอดุลทองประคองศิลป์อำเภอนาม่อมจังหวัดทรงครา
24-24702-21.wav	นายสนิทพรมวงนะครับเป็นอธิบดีกรมการขนส่งทางบก
24-24704-11.wav	จากนายเวียรพัฒน์แล้วยังมีนายพานุพันธ์อินทริสถูกยิงเข้าที่ชายโครงขวา
24-24704-12.wav	อกจากนี้นายสมนึกพุทธรัฐอายุ34ปีมีบาดแผลถูกตีเข้าที่คิ้วด้านขวาบาดเจ็บ
24-24704-20.wav	ด้านแฟนสาวของนายพานุพันธ์ที่ถูกยิงเข้าที่ชายโครงอาการสาหัสเล่าว่า
24-24704-33.wav	แต่หนึ่งในกลุ่มผู้ก่อเหตุที่อยู่อีกฝั่งกลับชักปืนมายิงนายเวียรพัฒน์เข้าที่ท้ายถอย1นัด
24-24704-34.wav	และยิงนายพานุพันธ์เข้าที่ชายโครงด้านขวา1นัด
24-24704-7.wav	เจ้าหน้าที่พยาบาลกำลังช่วยปั๊มหัวใจช่วยชีวิตนายวีรพัฒนัททวีอายุ33ปี
24-24706-22.wav	คนที่ได้รับบาดเจ็บคือใครบ้างก็คือนางสาวทิพพวันโวลาอายุ26ปี
24-24706-25.wav	ส่วนอีกคนนึงที่บอกว่าเป็นชาวจีนนางสาวหลีซินหญิงอายุ23ปีค่ะ
24-24707-14.wav	รวมทั้งบุรีรัมยูเนเต็ดนั้นเดินทางมาแข่งขันรายการนี้
24-24710-23.wav	คุณแม่ก็คือนางสาวบุษกรจิมพลนะคะ
24-24710-69.wav	ผู้มนุยการโรงเรียนโสดศึกษาจังหวัดชลบุรีนะคะท่านผอธนพรฤทธิแผลงนะคะ
24-24712-368.wav	ไม่เหมือนกับนายพุทธเทพสุริยะจักรวาลที่เราเคยนำเสนอข่าวไปก่อนหน้านี้
10-10039-44.wav	พักงานกักตัว14วันด้วยนะเพื่อเป็นการดูนะคะดูอาการกันก่อนด้วยส่วนรายที่2นะคะเป็นผู้หญิงอายุ25ปีจังหวัดพิจิตรค่ะ
10-10039-46.wav	แล้วก็เดินทางไปสนามบินเชียงรายเข้ากรุงเทพค่ะด้วยเครื่องบินนะคะเที่ยวบินก็คือดีดี8717มาลงที่สนามบินดอนเมือง
24-24713-25.wav	ก็เป็นบ้านของนายวรชัยเหมะอดีตสส
24-24713-39.wav	ไม่ได้เป็นของนายวรชัยพร้อมตั้งข้อสังเกตว่า
24-24713-40.wav	ขณะที่เจ้าหน้าที่เข้าค้นบ้านตัวของนายวรชัยเองเนี่ยไม่ได้อยู่ภายในบ้าน
24-24713-42.wav	นี่คือสิ่งที่นายวรชัยตั้งข้อสังเกตนะครับ
24-24713-45.wav	อกจากนี้นายวรชัยก็ระบุด้วยนะครับ
24-24713-48.wav	ผลเอกประวิทย์วงสุวรรณก็พูดถึงว่าการตรวจค้นบ้านของนายวรชัยเนี่ย
24-24717-17.wav	ที่วัดบ้านทรงหมู่5ตะบลนาแก่อำเภอนาแก่จังหวัดนครพนมครับ
24-24719-4.wav	ขโมยไปเลยค่ะนางสาวนิชาพาคำวาวแล้วก็คุณดิเรกมังกรเจ้าของสวนเนี่ยนะคะ
24-24720-205.wav	นี่ฮะคุณภูริพัฒน์บุญนินทร์ผู้สื่อข่าวของเราเดินทางไปนะครับ
24-24720-214.wav	คุณพ่อของผู้ตายค่ะคุณพ่อวิเทียนมะลิทองอายุ67ปีคุณพ่อบอกว่าพอตำรวจจับนางสาวพลอยไพรินผู้ก่อเหตุได้แล้วนางสาวพลอยไพรินบอกว่าก่อเหตุคนเดียวเนี่ยนะคะ
24-24725-29.wav	เนื่องจากว่านายอัธวิทย์นั้นเคยมีประวัติก่อเหตุแบบนี้มาแล้วหนึ่งครั้ง
24-24725-6.wav	นายอัธวิทย์พันธ์น้อยอดีตพนักงานปรายศนีย์ที่ก่อเหตุไปตบหน้าพนักงานเก็บค่าโดยสารของรถเมย์สาย95
24-24728-6.wav	ฮิรัญญารามอำเภอไสงามจังหวัดกำแพงเพชร
24-24732-26.wav	แล้วก็มอบหมายให้นางสาวนัทธริยาทวีวงศ
24-24733-8.wav	นายวิทยาเจตภัยหรือว่าคุณอาถนอมสามโทเนี่ย
24-24741-22.wav	เป็นบ้านของนางดวงกมลเกรดโกมลรองประหลัดองค์การบริหารส่วนตำบลคลองวัว
24-24742-16.wav	คือนายนัทพลเจริญศุกร์อายุ25ปี
24-24742-44.wav	ซึ่งทั้งสองคนนะคะนายนัทพลแล้วก็นายเนวัย17ปีเนี่ย
24-24745-25.wav	ส่วนที่จังหวัดยะลากระดูกปฏิเหตุรถแท็กเตอร์ทับศีรษะนางทัศน์ดาวแย้มน้อยอายุ50ปีคนงานเสียชีวิต
24-24745-26.wav	ภายในโรงงานไฟฟ้าชีวมวลในตำบลตาเนาะแมร้ออำเภอเบตงจังหวัดยะลา
24-24749-3.wav	อาศัยอยู่บริเวณชายฝั่งทะเลในเมืองเนมูโรจังหวัดฮอกไกโด
24-24752-8.wav	พฤติกรรมของพนักงานเวรเปรย์โรงพยาบาลพุทธชินราชจังหวัดพิษณุโลก
24-24753-7.wav	นำโดยนายภูธรัพย์สุพนับเกลียงไกรอายุ54ปี
24-24755-22.wav	ซึ่งอยู่ในเขตอำเภอบางบานจังหวัดพระนครสิทธิยานะครับ
24-24759-10.wav	ก็ฝากความคิดถึงมาถึงนายวินจูจีนนะครับ
24-24759-31.wav	แล้วก็มีนายสัตยาอรุณธารีสมาชิก
24-24759-32.wav	รวมถึงนางสาวชื่นชนกสิริวัตรซึ่งเป็นสมาชิก1คน
24-24761-25.wav	ภายในรถพบตัวของนายบุรินอายุ50ปีเป็นคนขับ
24-24761-83.wav	ส่วนนายอัศยุทธ์แทร่กังคนขับรถสำล้อรับจ้าง
24-24762-4.wav	นางถามผุงบุญเติมท่านอายุ81ปีแล้วนะครับนี่คือลูกชายเขา
24-24763-19.wav	นางสาวพิมซิริกล่ำพุทธานะฮะเธอบอกว่าเหตุการณ์นี้เกิดขึ้น
15-15101-77.wav	นางสาวชายานนันมากประสิทธิ์บอกว่า<Mark>
15-15105-44.wav	นายสินปวิทย์น้อยสมมิตรครับผู้สมัครสอสอกอทมจากภักดิ์เพื่อไทย<Mark>
15-15105-75.wav	ส่วนอีกหนึ่งคนจากพักเก้าไกลเหมือนกันนะฮะนายนัชชาบุญชัยอินสวัสดิ์ผู้สมัครสอสอกอทมจากพักเก้าไกล<Mark>
15-15106-1.wav	สัปดาห์หน้าอินทาและอายนะจะไปท่องเที่ยวยังคิว<Mark>
15-15109-59.wav	ส่วนทางด้านของนางสาวจรุณีก็บอกว่าการให้ความช่วยเหลือ<Mark>
24-24076-141.wav	เดินทางไปไหนปลอดภัยสบายใจ
24-24266-24.wav	แล้วก็มีอีกมีกลุ่มนึงเนี่ยไปเอารุ่นพี่คนนอกมาร่วมก่อเหตุด้วยเนี่ยค่ะคือสาเหตุนะคะผู้บาดเจ็บเนี่ยโดนลูกหลงไม่ได้รู้เห็นเหตุการณ์ไม่ได้รู้เรื่องรู้ราวด้วยเลยนะคะทีมข่าวของเราวันนี้ไปบ้านนายสมจิตมุสิกาอายุมุสิกาวงนะคะขออภัยอายุ61ปีเจ้าของรถกระบะคันที่ถูกลูกหลงนี่แหละค่ะซึ่งหลานของเขาเนี่ยอยู่ในรถคันนี้
24-24766-465.wav	ทีนี้มันมีเหตุเกิดขึ้นก็คือล่าสุดนายนารินนายนารินชาวบ้านในพื้นที่
24-24766-469.wav	ว่าจะไปก่อเหตุจะไปเกี่ยวข้องอะไรยังไงหรือเปล่านายนารินกับภรรยานะครับ
24-24766-474.wav	ใกล้ศพน้องชมพู่นายนารินก็เลยแบบหลุดชื่อของลุงพลมา
24-24766-477.wav	นายนารินยังบอกว่าสังเกตพฤติกรรมคนร้ายเนี่ย
24-24766-479.wav	อ่าเพื่อจะโยนความผิดให้คนอื่นแล้วนายนารินเขาก็หลุดพูดชื่อออกมาไงอืม
24-24766-495.wav	วันนี้ผู้สื่อข่าวของเราก็เลยไปคุยกับภรรยาของนายนารินหน่อยนะฮะ
24-24766-511.wav	วันนี้คุณศักดิ์สิทธิ์บุญรัฐผู้สื่อข่าวของเราไปคุยกับนายรุ่งโรธหรือว่าในหลอด
24-24766-527.wav	หลังจากนั้นได้นำผักหวานไปให้นายบุญธรรมที่บ้านกกอก
24-24766-553.wav	ก็เราก็เลยไปคุยกับคนที่เขาถูกพาดพิงหน่อยนะฮะนายบุญทันเชื้อตาพระนะฮะ
24-24766-558.wav	จนลืมนะครับนายบุญธรรมเนี่ยบอกว่าที่ถูกพาดพิงนะจากนายรุ่งโรธหรือในหลอดเนี่ย
24-24766-597.wav	สิทธิ์ชื่อว่านายอนุพงศ์แสงประจักษ์อายุ34ปี
10-10048-588.wav	เขาขี่จักรยานข้ามจังหวัดคุณขี่เขาได้เหรอ
10-10049-35.wav	ยังเหลืออีกนี้ใช่ไหมบรรยากาศท่องเที่ยวในช่วงเทศกาลแห่งความรัก
10-10049-37.wav	ที่จังหวัดสตูลโอ้โหมากันเพียบเลยเพราะว่าที่นั่นเขามีตำนานแห่งความรักเป็นรัก(นิรันดิ์,นิรันดร์)
24-24777-25.wav	ด้านนายนาราธิบอลันสุกหัวหน้าสำนักงานสหพันธ์ชาวไร่อ้อยแห่งประเทศไทย
10-10055-108.wav	แล้วแต่จังหวัดที่เขาจะส่งให้ที่เราจองเอาไว้
10-10055-59.wav	มีอาจารย์ที่นับถือที่อยู่จังหวัดสุรินทร์ค่ะ
10-10055-86.wav	เป็นนางร้ายมีพระเอกนางเอกนางร้ายนะคะ(มะม่วงน้ำปลาวา,มะม่วงน้ำปลาหวาน)
24-24780-29.wav	นายนเรศกับนางวีรดาบาดเจ็บสาหัสทั้งคู่ถูกอัดกระแทกไปนะฮะ
24-24780-32.wav	แล้วคนขี่นะฮะคือนายวัชรพงศ์อายุ23ปี
10-10058-22.wav	ช่วงสงกรานต์เนี่ยก็เดินทางไปพักผ่อนที่ชลบุรีนะฮะ
24-24780-34.wav	ตำรวจตรวจสอบที่เกิดเหตุนะฮะแล้วก็มีครอบครัวของนายวัชรพงศ์เนี่ยนะฮะ
10-10059-55.wav	มาดูนักท่องเที่ยวกันบ้างนักท่องเที่ยวที่เดินทางไป
24-24781-12.wav	ไปเจอกับนายพานุวัฒน์สามีเขายอมรับว่าเขาเป็นคนทำเอง
10-10062-0.wav	อ่ะคุณผู้ชมครับที่จังหวัดพิษณุโลกอีกเหมือนกัน
24-24790-19.wav	นายสิทันบอกว่าได้จ้างแรงงานไปขุดร่องน้ำ
24-24791-11.wav	จากนั้นตำรวจก็เรียกตัวนายจีมรพันธ์อายุ35ปีซึ่งเป็นน้องของผู้ตายแล้วครับ
24-24791-12.wav	ไปสอบปากคำแล้วก็ไปตรวจคนบ้านไปเจอปืนลูกซองยาวในบ้านของนายจีรพันธ์หนึ่งกระบอก
24-24791-14.wav	นายจิรพันธ์บอกว่าผมไม่ทราบนะว่าใครเป็นคนก่อเหตุไม่รู้เหมือนกันว่าพี่ผมมีปัญหากับใคร
24-24791-20.wav	ที่ปืนที่เจอนั่นแหละสุดท้ายก็เป็นของนายจิลพัฒน์นั่นแหละครับ
24-24791-23.wav	ระหว่างที่ตำรวจสอบสวนและคุมตัวนายจิรพันธ์ไป
24-24791-7.wav	ก็คือนายนิตินันพลคงอายุ38ปีครับมีบาดแผลถูกยิงเข้าที่ด้านหลังทะลุที่อกนะครับ
10-10065-82.wav	หรือว่านายอัจฉริยะ<MARK>เรืองรัตนพงศ์เนี่ย
24-24795-15.wav	สอบสวนนายอนุชิตสว่างจิตอายุ18ปี
24-24795-17.wav	ขณะที่นายอนุชิตขี่รถจะไปตลาดช่วงเช้ามืด
24-24795-25.wav	ต่อมาตำรวจทราบว่าชายที่ขี่วินรถจักรยานยนต์ทราบชื่อแล้วชื่อว่านายจันเลิศสุข
24-24795-29.wav	ซึ่งพบรองเท้าข้างซ้ายของนายจันทร์
24-24795-43.wav	เป็นภรรยาของตัวเองชื่อว่านางบานเย็นปานอีเม้งอายุ52ปี
24-24795-50.wav	ความคืบหน้าล่าสุดตอนนี้นะคะวินรถจักรยานยนต์ที่ชื่อว่านายจันท
24-24795-64.wav	ซึ่งเป็นบ้านเกิดก่อนจะเดินทางไปรับนายอำนวยปานอีเม้ง
10-10077-21.wav	หลังจากที่ทางเจ้าหน้าที่จับกุมตัวนายประนิน<MARK>ได้นะคะ
24-24797-18.wav	ทุบตีนางแตงกัวปณิชยากุลอายุ52ปีภรรยาจนเสียชีวิต
15-15125-104.wav	นางสาวพิกุลอาภาษีอายุ47ปี
24-24797-67.wav	ส่วนทางญาติของผู้ตายคือนางแตงกัวก็แค้น
24-24797-69.wav	ก็คือนางสาวเข็มสายจรกิ่งอายุ47ปีก็เล่าให้ฟัง
102-102632-12.wav	ในบ้านเจอศพของนายทองดีสารงามอายุ57ปี
102-102635-27.wav	รถคันนี้เป็นของนายอรุณชัยเดชอายุ51ปีจอดทิ้งไว้3ปีแล้วค่ะ
24-24801-102.wav	คือนายสุเวททิพย์นางนะครับ
24-24801-104.wav	คือนายสุเวททิพย์นางรองเป็นนายกอบตระหารสาย
24-24801-24.wav	บอกว่าต่อมานายสงครามเนียมมณีอายุ35ปี
102-102638-23.wav	ต้องบอกว่านายสันพิษกบใบหรือว่านายหมอกนะครับ
102-102638-42.wav	ขณะที่ทางด้านของพันตำรวจเอกอนุรุษอิ่มอาบนะครับรองผู้บังคับการตำรวจภูธรจังหวัดสงขลา
102-102639-1.wav	กรณีของบังเดชานายเดชาพยักษะวัย65ปี
24-24804-7.wav	รับแจ้งความกองปราบปรามหลังจากนายทวีพงศ์ยอดสิริอายุสามสิบสอง
24-24806-49.wav	ชื่อว่านายเริงฤทธิ์จารุกเกษมหรืออ้วน
24-24807-101.wav	คือนายพิรวิทย์เองเนี่ยก็ยังอาการหนักอยู่เหมือนกัน
24-24807-103.wav	พ่อแม่ของนายพิรวิทย์ก็บอกว่าพร้อมจะช่วยเหลือครอบครัวของครูแจ๊คนะ
24-24807-107.wav	ตำรวจสภ.หัวหินบอกว่าต้องรอนายพิรวิทย์ให้อาการดีขึ้นก่อน
24-24807-49.wav	ทางด้านภรรยาของครูแจ๊คค่ะนางนารินเพชรนกอายุ43
24-24807-91.wav	เราไปเจอนายพีรวิทย์สารสุขอายุ19ปี
24-24807-97.wav	นายพีรวิทย์บอกว่าเขาไม่ใช่กลุ่มเด็กแว้นนะ
24-24811-114.wav	มีที่จะเดินทางกลับมาถึงพรุ่งนี้นะฮะคุณสุพิพัฒน์กงแก้ว
24-24811-128.wav	วิพัฒน์ก็บอกกับเมียบอกตอนนี้ปลอดภัยแล้วอยู่ระหว่างการทำเอกสารเดินทางกลับไทย
24-24811-154.wav	ไปที่อำเภอเวียงแก่นจังหวัดเชียงรายนะคะบ้านของนายจันดีแซ่ลีวัย35ปี
24-24811-175.wav	เราก็ให้คุณมาลัยวันติดต่อกับนายจันดีสามีผ่านวิดีโอคอลนะคะ
102-102641-28.wav	ต้นทราบชื่อเขาคือนายวัญชัยกรองทองอายุ33ปีค่ะ
102-102641-42.wav	ก็เดินทางไปที่บ้านของคุณวัญชัยบ้านของคนเจ็บ
24-24811-251.wav	คุยกับนายวัญชัยนะคะหนึ่งในแรงงานที่ทำงานอยู่ที่แคมป์
24-24811-29.wav	ท่านผู้ชมครับคุณสมมาแซ่จ๊ะเป็นคนจังหวัดตากคุณจิรายุ
24-24811-31.wav	จังหวัดพะเยาคุณอนุชาบุญยสารเป็นชาวโคราชคุณกิติ
24-24811-33.wav	จังหวัดน่านคุณจันดีแซ่ลีชาวจังหวัดเชียงรายคุณสุพิพัฒน์
24-24812-14.wav	เขียนชื่อว่าอะไรนะนายยี่ตาคำ
102-102647-16.wav	สภาพศพของนายวรวุฒิเนี่ยค่ะนอนคว่ำหน้าอยู่บนเตียง
102-102647-19.wav	เจอศพของผู้หญิงค่ะนางสาวจิตรานนเวียงแก่อายุ32
102-102647-26.wav	นายเมธีนนเวียงแก่อายุ36ปีเป็นพี่ชายของนางสาวจิตรา
102-102647-34.wav	ก็เปิดประตูไปดูเห็นนายวรวุฒิใช้เท้าถี่ประตูห้องหลายรอบ
102-102647-48.wav	นายวรวุฒิเนี่ยโยนหมวกกันน็อกทิ้งเลยค่ะ
102-102647-50.wav	แล้วเขาก็เดินเข้าห้องของเขาไปนายวรวุฒิหยิบมีดนะคะ
102-102648-18.wav	ขณะที่การสอบปากคำนางสาวพรศรีวิลัยสกุลยงเจ้าของร้าน
15-15125-37.wav	ทีมข่าวไปคุยกับนางสาวกฤษณีปัญญามีอายุ42
24-24819-14.wav	ศุกร์นี้หวยออกเนอะนางสุรัตนเล่าต่อด้วยนะบอกว่า
102-102650-40.wav	ส่วนนายธนากรหลังก่อเหตุก็รอมอบตัวกับตำรวจ
102-102650-53.wav	นายธนากรและด่าทอกันอย่างรุนแรง
102-102650-82.wav	วันเกิดเหตุนายธีรกรจุดไฟเผา
24-24819-8.wav	ซึ่งเป็นไร่อ้อยของนางสุรัตน์จันทแจ่มนางสุรัตน์เล่าไงคะว่าวันจันทร์อ่ะ
102-102650-89.wav	เตือนนางสาวชะอุ้มจนทำให้ทั้งคู่เนี่ยทะเลาะกัน
102-102650-97.wav	นางสาวชะอุ้มภรรยา
102-102650-103.wav	สำหรับลูกสาวอายุ16ปีของนางสาวชะอุ้มล่ะที่ตายไปแล้ว
102-102650-105.wav	ญาติมารับไปอยู่ด้วยแต่ศพของนางสาวชะอุ้มสิ
102-102651-106.wav	คืนายสุรชัยเลี้ยบุญเลิศชัยแล้วนะครับ
102-102654-9.wav	คนแรกชื่อว่านายชนะพลอุเทนสุดอายุ18ขออภัยค่ะ28ปี
102-102654-10.wav	คนที่2ชื่อว่านายโพคินตินหาการอายุ22ปี
102-102654-28.wav	คืนายชะนพลและนายโพคิน
102-102654-32.wav	นายชนพลอุเทนสุดผู้ต้องหารับสารภาพ
102-102654-54.wav	เขายืนรออยู่ที่รถเขาไม่รู้จริงว่านายชนะพลเพื่อนของเขาเนี่ย
15-15130-20.wav	นายธนทรจึงรุ่งเรืองกิจหัวหน้าพักอนาคตใหม่แถลงปิดคดีหุ้นวิลักษณ์มีเดียโดยย้ำว่าคดีหุ้นวิลักษณ์มีเดียไม่เกี่ยวข้องกับการยุบพักอนาคตใหม่แต่จะส่งผลต่อคุณสมบัติการเป็นสอสอของตัวเองเท่านั้นพร้อมกับตั้งข้อสังเกตเป็นความพยายามกลั่นแกล้งทางการเมืองหรือฟ้องไม่สุจริตหรือ
102-102659-9.wav	คืนายนบพรอิสรังกูณอยุธยาอายุ22ปีค่ะ
102-102659-18.wav	นายนบพลก็เคยก่อเหตุชิงทรัพย์ร้านสะดวกซื้อมาแล้ว
102-102659-22.wav	นายนบพลหลังจากการสอบสวนของตำรวจ
102-102659-29.wav	ตามจับตัวนายนพดลได้ที่แฟลตการเคหะแห่งชาติ
102-102659-33.wav	ขณะที่นายนบพลเขาอ้างแบบนี้อ้างว่ามีปัญหาทะเลาะกับพ่อ
102-102659-36.wav	จากการตรวจสอบประวัติพบว่านายนบพลมีการก่อเหตุ
102-102659-40.wav	เวลากลางคืนร่วมกับนายนบพลนี่แหละ
102-102659-43.wav	ส่งกลับบ้านอีก7วันกระทั่งมาร่วมกับนายนพล
102-102664-33.wav	ทำนายทายทักหรือคาดการณ์
102-102666-43.wav	ผมนายนนทกรนามสกุลถมปัตย์ชื่อเล่นชื่อเตอร์อายุ17ปี
10-10078-2.wav	เกิดขึ้นเป็นระยะเลยใช่นะครับมีเจ้าหน้าที่ของเราได้รับบาดเจ็บไปหลายนาย
10-10079-184.wav	เขาเดินมาถึงก็ตบว่าเฮ้ยนายน่ารักดีเว้ยเออขยันเนอะเอาแล้ว
10-10080-11.wav	เมื่อวานนี้พบศพของนางจันทนี<MARK>สันติธรรมากร<MARK>
10-10080-132.wav	คือขอบอกอีกครั้ง(หนึ่ง,1)นะว่าครั้งแรกที่รู้ว่านางจันทนี<MARK>เสียชีวิตเนี่ย
10-10080-15.wav	สภาพศพของนางจันทนี<MARK>เสียชีวิตตอนนั้นเนี่ยคือถูกนำออกมาที่หน้าบ้านแล้ว
10-10080-165.wav	ก็บ้านอยู่ติดกับอีกฝั่งของบ้านผู้เสียชีวิตนายรณกร<MARK>อายุ36
10-10080-183.wav	นี่คือกรณีของนางจันทนี<MARK>นะฮะอดีต(พอ,ผอ.)จันทนี<MARK>นะครับ
10-10080-187.wav	นายชูชาติ<MARK>สามีของนางจันทนี<MARK>เนี่ยกลับมาที่บ้านก็คือช่วงเย็น
10-10080-194.wav	นี่คือภาพแรกนะฮะรถเก๋งสีบรอนเงินของนางจันทนี<MARK>ที่เสียชีวิตเนี่ย
102-102668-17.wav	คนเจ็บชื่อนายชัชวานสินชัยอายุ37ปีนั่งอยู่หน้าบ้านแบบนี้
102-102668-40.wav	คุยกันไปคุยกันมาก็ไม่รู้ว่านายพงศิริไม่พอใจหรือว่าโกรธอะไรนะครับ
102-102670-9.wav	คือเขาใช้มีดดายหญ้าฟันคอเพื่อนรุ่นน้องที่ชื่อว่านายนรงทองกรัฐอายุ42
10-10080-197.wav	รถยนต์ของนางจันทนี<MARK>ผู้เสียชีวิตจากนั้น11:21:45น.นะครับ
102-102670-12.wav	นายนโรงอายุ45คนนี้เขามาจากอำเภอมะโมงมาหาที่บ้าน
102-102670-18.wav	แค่นั้นเลยนายดาวรุ่งก็เลยคว้ามีดดายหญ้าวางอยู่บนแคร่
102-102670-19.wav	ฟันเข้าที่คอนายนรงเลยนะคะคอเกือบขาดเลยนะคะ
102-102671-27.wav	ก็คือนางสาวสิรินหอวังหรือว่าคุณคริสต์นะฮะ
102-102672-5.wav	ผู้เสียชีวิตคือนายจตุรงพิมพ์ประเสริฐอายุ22ปี
102-102672-10.wav	ชื่อว่านายบุญมามุกจันทร์อายุ46ปี
102-102672-11.wav	ลูกที่โดนจับได้แล้วก็คือนายทรงกฎมุกจันทร์หรือในก๊อตอายุ22ปี
102-102672-12.wav	แต่ว่าลูกอีกคนเนี่ยยังหลบหนีอยู่ที่ชื่อว่านายธนกรมุกจันทร์อายุ24นะคะ
102-102672-13.wav	ตำรวจสน.เทียนทะเลก็นำตัวนายบุญมากับนายทรงกฎไปทำแผน
102-102672-16.wav	คืนายบุญมาเนี่ยค่ะนำตัวไปทำแผนจุดที่เอาปืนยิง
102-102672-26.wav	อันนี้คือคำให้การของนายบุญมาผู้เป็นพ่อนะคะ
102-102672-27.wav	นายบุญมาบอกแบบนี้ค่ะบอกว่าอยากจะขอโทษทางญาติ
102-102672-29.wav	นี่นะคะคือคำให้การของนายบุญมาผู้เป็นพ่อ
102-102672-30.wav	ทีนี้ค่ะนายทรงกฎลูกชายนะคะตำรวจก็นำตัวไปทำแผนประกอบคำรับสารภาพที่หน้าบ้านของเขาเอง
10-10080-209.wav	(จูเนอร์,ฟอร์จูเนอร์)สีดำคันนี้เนี่ยเป็นรถของนายชูชาติ<MARK>สามีของนางจันทนี<MARK>
10-10080-212.wav	เมื่อวานนี้สามีของนางจันทนี<MARK>กลับเข้ามาบ้านรอบ(หนึ่ง,1)
10-10080-217.wav	(จูเนอร์,ฟอร์จูเนอร์)สีดำของนายชูชาติ<MARK>สามีของนางจันทนี<MARK>
10-10080-220.wav	สามีของนางจันทนี<MARK>เข้ามาในหมู่บ้านใช้เวลาอยู่(สาม,3)นาที
10-10080-22.wav	เพราะฉะนั้นมันเกิดอะไรขึ้นนางจันทนี<MARK>ถึงถูก(เชื่อดคอ,เชือดคอ)เสียชีวิตศพอยู่ในบ้าน
102-102673-9.wav	นำตัวเสียบีหรือว่านายพงศิริปั้นประสงค์
102-102673-53.wav	แล้วก็ยืนยันว่าเสียบีหรือนายพงศิริปั้นประสงค์
10-10080-25.wav	กราฟิกเมื่อสักครู่นี้นะฮะก็คือนายชูศักดิ์<MARK>สันติธรรมากร<MARK>
102-102676-4.wav	ศพของคนนี้ก็คือนายพงพาเสน่ห์อายุห้าสิบสองปีตัวเขาเนี่ยเป็นผู้ช่วยไตเรือนะคะ
10-10080-299.wav	ศพของนางจันทนี<MARK>นะครับ
102-102677-26.wav	อาจารย์วิษณุก็บอกว่าขึ้นอยู่กับตัวนายกว่าจะตัดสินใจว่าอย่างไร
10-10080-303.wav	เพื่อเชื่อมโยง(สาเหตุการณ์ตาย,สาเหตุการตาย)ของนางจันทนี<MARK>โดยจะเร่งคลี่คลายคดีให้เร็วที่สุด
102-102677-55.wav	จะต้องไปปรึกษานายสมคิตจตุศีพิทักษ
102-102677-72.wav	นายพุทธิพงศ์ปุณกันโฆษกประจำสำนักนายกรัฐมนตรี
102-102677-78.wav	นายวิษณุเครืองามให้คำแนะนำอีกครั้ง
102-102677-102.wav	ส่วนพรรคเพื่อไทยค่ะนายภูมิธรรมเวชยชัยเลยค่ะ ค
102-102677-109.wav	ก็คือนายธนาชีรวินิตบอกว่า
102-102679-80.wav	ก็เพราะนายชุติเทพคนนี้เนี่ยนะฮะเคยบวชเป็นพระอยู่ที่นี่
24-24822-12.wav	คนเจ็บชื่อนายปฏิพลนะคะอายุ18ปีดูสภาพนะคะ
24-24822-39.wav	ไม่ได้มีเรื่องกับนายปฏิพลคนเจ็บโดยตรงนะ
24-24825-14.wav	อัจฉริยะศรีทาชื่อเล่นชื่อนายโออายุ24ปีนะครับ
102-102679-104.wav	ผู้ก่อเหตุคือนายชุติเทพสว่างจิตอายุ26ปีอดีตพระลูกวัดที่นี่
102-102679-116.wav	แต่ว่าข้อหาเบื้องต้นนะครับตำรวจแจ้งข้อหานายชุติเทพ
102-102679-129.wav	อยากจะเดินไปถามเลยนายวัลลบคนนี้บอกว่าอยากจะเดินไปถาม
102-102679-140.wav	ตัวนายชุติเทพก็เดินออกจากวัดทั้งทั้งที่ยังห่มจีวรอยู่เลยนะคะ
102-102679-169.wav	บอกกับเรานะครับบอกว่าตอนที่นายชุติเทพผู้ต้องหาเนี่ย
102-102679-174.wav	บอกว่าเดี๋ยวจะดูแลความประพฤติให้ขอให้นายเอาท์หรือว่านายชุติเทพที่เป็นหลานชายเนี่ย
24-24828-15.wav	คือนายพงเทพใต้ชมพูอายุ34ปี
24-24828-16.wav	แล้วก็นางสาวศิริพรสิงสาธรณ์อายุ33ปี
24-24829-48.wav	จากการสอบถามนายสรายุทธ์รอบงาม
24-24831-6.wav	โดยนายนรงศักดิ์โอสธนากร
24-24835-14.wav	ก็นำโดยนายสิทธิพรสุวรรณกลางประธานกรรมการตรวจสอบ
24-24835-16.wav	เมื่อวานนี้นำรถตู้เดินทางไปรับคุณยายหลอดดอกพิกุลนะครับ
24-24835-25.wav	รวมถึงนายนันทวุฒิเชื้อกลางเจ้าของรถตู้
24-24836-18.wav	ก็คือนางจันเพลอิสระอายุ51ปี
24-24839-15.wav	นายออนโตนิโอผู้ต้องหานี่ก็ยอมรับค่ะว่ารู้จักกับผู้ตาย
24-24839-20.wav	เป็นอุบัติเหตุนะคะที่ทำให้นายเวนเซไลเดอร์เสียชีวิต
24-24839-31.wav	นายอันเดโอนี่ถูกแจ้งข้อหาทั้งในส่วนของข้อหาร่วมกันฆ่า
24-24843-10.wav	ชื่อว่านายเอกพลจันวงอายุ25ปีนะครับ
24-24843-34.wav	ทีมฟุตบอลหมูป่าก็ได้นายนิติศักดิ์บุญมานนท์หัวหน้าปฏิบัติการกู้ภัยมูลนิธิกุศลศรัทธาทีมสุราษฎร์ธานีเป็นผู้พบหมวกนะครับ
102-102679-176.wav	พฤติกรรมเปลี่ยนแล้วนะท่านเจ้าอาวาสวัดบอกว่านายชุติเทพหรือว่าตอนนั้นเป็นพระเอาท์เนี่ยนะ
24-24853-7.wav	ที่ช้าอารินาจังหวัดบุรีรัมย์จะเป็นเจ้าภาพในการจัดการแข่งขันครั้งนี้ครับ
24-24855-7.wav	เมื่อไปถึงพบกับนายเสถียรศรีเผ่าพันธุ์อายุ27ปี
24-24855-8.wav	รับว่าเป็นคนลงมือฆ่านางสาวมะลิวันพรมศรีอายุ28ปี
10-10080-323.wav	นี่คือกรณีนางจันทนี<MARK>นะคะแต่ยังไม่หมดนะคะเพราะว่าอีกหนึ่งรายที่เสียชีวิตนะคะ
102-102679-298.wav	คุณวิมลวันได้คุยกับแม่ของนายชุติเทพนะครับท่านผู้ชมครับ
10-10080-325.wav	ทีมข่าวก็ไปตรวจสอบผู้เสียชีวิตอีกหนึ่งศพก็คือนายชูศักดิ์<MARK>สันติธรรมากร<MARK>อายุ(เจ็ดสิบ,70)ปี
102-102679-305.wav	จะเลิกยาบ้าแล้วก็ยังมีอาการอยู่เนี่ยฮะแม่ของนายชุติเทพคุยกับคุณวิมนต์วันไป
102-102680-22.wav	สิบสิงหาคมประมาณเที่ยงคืนนายนัทพงศ์หรือคุณเต้อายุสามสิบเก้าขี่บิ๊กไบค์
24-24858-12.wav	พลอยชื่อเต็มคือนางสาวพัชราพรอินเทศอายุ24ปีเป็นเน็ตไอดอลชื่อดัง
10-10080-329.wav	มีรถจักรยานยนต์และมีจักรยานอยู่หน้าบ้านนะคะทีมข่าวก็เลยคุยกับเพื่อนบ้านที่อยู่บ้านติดกันกับบ้านของนายชูศักดิ์<MARK>ผู้เสียชีวิตเลยอ่ะค่ะ
24-24861-1.wav	ดูอย่างน้องลาดาอาสยามสิคะนี่นางไปทำจมูกใหม่มา
24-24862-149.wav	นายประกิจพุ่มพลึกผู้อำนวยการสำนักงานเขตพื้นที่การศึกษาประถมศึกษาปราจีนบุรีเขต2
24-24862-22.wav	วันนี้ทางนายอำเภอกบินบุรีเขาไปประชุมพอดีนะฮะนายวัลลบประวัติวงศ์ในอำเภอกบินบุรี
10-10080-330.wav	คุยกับนายสุวิทัศน์<MARK>อายุ55นายสุวิทัศน์<MARK>บอกว่าปกติบ้านของนายชูศักดิ์<MARK>เนี่ยก็จะตื่นนอนกันแต่เช้า
24-24862-36.wav	ซึ่งเรื่องนี้นายทศพลบุญวิทย์ผู้ใหญ่บ้านหมู่6ตำบลวังท่าช้าง
24-24868-22.wav	นายพนัชกรโพบัณฑิตหัวหน้าอุทยานแห่งชาติไซโยก
24-24868-3.wav	นำโดยอดีตประหลัดแมนนายวัชระสมีรักษ์
24-24868-52.wav	นายสมโพธิมณีรัฐโคศกรมอุทยานแห่งชาติสัตว์ป่าและพันธุ์
24-24869-25.wav	รวมทั้งที่มาที่ไปของตัวสายนายว่ามาจากไหน
24-24869-3.wav	คดีที่พนักงานอายการเป็นโจทย์ฟ้องแอมสัยนายนางสาวสลารัฐรังศิวุธาพรนะฮะ
24-24869-40.wav	ได้บอกว่ามีการสั่งซื้อสายนายผ่านทางออนไลน์ก่อนจะเข้าตรวจค้น
24-24869-4.wav	แล้วก็ทางตำรวจมีทนายความกรณีการเสียชีวิตของทางนางสาวศิริพรขันวงหรือก้อย
24-24870-17.wav	บนถนนเส้นโรงพยาบาลบุรีรัมย์มรณิตเมืองใหม่จังหวัดบุรียรำนะคะ
15-15139-13.wav	ทางไปต่อเลยนะคะที่วัดสว่างอารมณ์จังหวัดนครปฐม
15-15150-9.wav	คนขี่มอเตอร์ไซค์ชื่อนางสาวจิราวัลคำโคตรอายุ24ปี
10-10088-19.wav	เจอนางแอร์<MARK>ยืนด่าหน้าบ้านเอามีดมาฟันรั้ว
15-15156-15.wav	นางสาวสาราพรฟุ้งขจรสกุลเธออายุ41ปี
10-10089-62.wav	คิดว่าการเข้าไปพบท่านที่จะเดินทางมาไทยก็คงไม่มีปัญหา
10-10095-35.wav	ทราบชื่อคือนายธนบดี<MARK>เหมนิมัติอายุ29ปี
24-24871-6.wav	ทางด้านของนายสิริพัฒน์พัทธกุลครับผู้ว่ามราชการจังหวัดนครศรีธรรมราช
10-10097-259.wav	ส่วนศพนางสาวพีรยา<MARK>นุ่มละมุนคนเล่นในบ่อนเนี่ยนะคะ
10-10097-25.wav	ผู้เสียชีวิตคนที่2ก็คือนางสาวพีรยา<MARK>นุ่มละมุนอายุ44ปี
10-10097-27.wav	และอีกคนนึงคือนางเมา<MARK>ซาเลเป่าอายุ29ปี
24-24874-21.wav	นายสุธีทองแย้มผู้ราชการจังหวัดจันทบุรีได้เรียกร้องให้กลุ่มเสี่ยงที่รู้ตัวเองอยู่แล้ว
15-15159-25.wav	ว่านายโจฮันสันเขาเป็นชาวสวีเดนด้วยนะคะ
24-24876-20.wav	นางสาวทิติรัฐพลพิพัฒน์อายุ35ปี
24-24877-11.wav	เป็นรถลักษณะคือมีเครนยกของในตัวได้ด้วยค่ะข้างข้างรถพบร่างของนายพิสารอุพลรำวัยสี่สิบปี
24-24877-14.wav	ใกล้ใกล้กันก็พบนางสาวรุ่งรัฐอินรำวัย29ปีภรรยานายพิสารนอนอยู่ในร่องข้างถนนค่ะ
10-10101-74.wav	นี่ไงคือที่บ้านเขาก็เลยบอกว่าเอ๊ะเป็นเพราะว่ามาคบมารู้จักกับนายประเสริฐ<MARK>หรือเปล่า
10-10102-11.wav	ครอบครัวนี้ไปนำร่างลูกชายคนโตที่มีชื่อว่านายยุทธนา<MARK>ซ้ายสาอายุ33ปี
10-10102-14.wav	จนเป็นเหตุให้นายยุทธนา<MARK>เสียชีวิตส่วนลูกชายคนเล็กบาดเจ็บสาหัส
24-24877-66.wav	ส่วนนางสาวกระหนกทาดาอุพลรำพี่สาวของนายพิสารผู้ตายนะคะก็บอกว่าเพิ่งจะไปเยี่ยมน้องสะพ้ายมา
24-24877-71.wav	ซึ่งนางสาวกระหนกทาดาบอกว่าทางบริษัทติดต่อมาแล้ว
10-10102-27.wav	ส่งศพนายยุทธนา<MARK>ผู้เสียชีวิตไปชันสูตรแล้วที่จังหวัดขอนแก่น
10-10103-11.wav	โดนนายพรพรม<MARK>สามีเนี่ยเอา(ตาหลิว,ตะหลิว)ครับ(ตาหลิว,ตะหลิว)ตี
10-10103-23.wav	ตำรวจไปจับได้นะนายพรพรม<MARK>เนี่ยเมานะพูดจาไม่รู้เรื่องเลย
10-10103-30.wav	ให้ข้อมูลบอกว่านายพรพรม<MARK>เนี่ยบุกเข้าไปที่บ้านของเธอนะฮะ
10-10103-31.wav	เมาจะมาปล้ำนะฮะแต่เธอสู้ไงสู้แล้วผลักนายพรพรม<MARK>กระเด็นไป
10-10103-8.wav	พร้อมกับนายกัมพล<MARK>สุขสว่างกำนันตำบลนาป่า
24-24878-21.wav	ขณะเดียวกันนางสุนันมิวอายุ40ปี
10-10107-10.wav	โดยมีนางธนพร<MARK>พรมเทพแม่ของน้องดอม
24-24879-19.wav	ขณะที่ผู้ก่อเหตุคือนายจรูนวัฒโนหรือจุ่นอายุ46ปี
24-24879-25.wav	โดยในจุนกล่าวหาว่านายโยเข้ามาขโมยของในบ้านไปหลายครั้ง
24-24879-28.wav	จุ่นจึงชักปืนลูกซองออกมายิงใส่นายโย3นัด
10-10110-20.wav	แต่เดินทางไปให้ข้อมูลแล้ว2800กว่าคน
10-10110-23.wav	ชื่อว่านายสุภสรรค์<MARK>เป็นกรรมการบริษัทดังกล่าว
10-10110-27.wav	ซึ่งเป็นแม่ของนายสุภสรรค์<MARK>
24-24883-9.wav	และการก่อสร้างธุรกิจวิลล่าที่จังหวัดเชียงใหม่แบบเต็มตัวก่อนค่ะ
15-15159-30.wav	แล้วตัวนายโจฮันสันเนี่ยเขาเป็นคนไม่ชอบสูงสิงกับใคร
24-24887-10.wav	จากนั้นก็มีนายธีรศักดิ์จ้อยสองศรีอายุ27ปี
24-24889-35.wav	หายออกไปจากค่าย1นายก็คือพลทหารธิรศักดิ์ล่าสกุล
24-24895-11.wav	วางกองเรียงรายนายสุธีระเนี่ยหลอนบอกว่า
24-24895-28.wav	ซึ่งจริงแล้วภรรยาและลูกของนายสุธีระเนี่ย
24-24895-30.wav	จากนายสุธิระเคยใช้มีดพระและขวาไล่ทำร้ายร่างกายมาแล้ว
24-24895-32.wav	แต่ทีนี้เจ้าหน้าที่ก็ต้องนำตัวนายสุธิระ
24-24895-7.wav	ก็คือนายสุธีระอารวาทุบกระจกหน้าต่างบ้านแตกกระจายไปหมดเลย
24-24896-29.wav	แล้วทุกวันเนี่ยก็จะให้นายศิวกรซึ่งเป็นคนเจ็บอีกคนที่เป็นคนขี่คนขี่มอเตอร์ไซค์
24-24898-15.wav	จนนายนาราธรโสติยังหรือว่านายจอร์ดร้องไห้ออกมา
24-24898-53.wav	มันมีอยู่23ประเด็นนะที่นายนาราธรพูดเนี่ยนะคุณอาริยา
24-24898-56.wav	นายคนนี้ก่อมาแล้ว3คดี2คดีรวมของคุณตาจรูนด้วยเป็น3คดี
24-24900-7.wav	ญาติช่วยกันยกลงศพของนายรติภูมิพิมพ์ใจใส
24-24902-9.wav	นายพรเทพฉ่ำแก้วและนางสาวชุลีพรนาคนาคา
24-24904-67.wav	ยุธยาตุ้มีข่าวไทยรัฐทีวีรายงานสดจากจังหวัดสกลนครครับ
24-24904-6.wav	ติดตามพร้อมกันกับคุณยุธยาตุ้มมีรายงานสดมาจากจังหวัดสกลนครครับ
10-10116-144.wav	เรื่องไม่ห่วงนาง
24-24905-14.wav	นายวิโรธทองชิวพ่อของน้ำตาลกล่าวว่า
24-24907-38.wav	ในวันพรุ่งนี้จะส่งตัวลุงรัฐไปที่สารแขวงจังหวัดระยอง
24-24908-17.wav	บอกว่าเมื่อวานนี้นายชัยพัฒน์วงธนาวีอายุ34ปี
24-24908-19.wav	อ้างว่าวันเกิดเหตุก็ไม่พอใจที่นายวิสุทธิ์สุกเกษมรปภ.
10-10120-36.wav	ช่วงเย็นวันนี้ค่ะนายอรุณ<MARK>ศรีนาคาเป็นชื่อของผู้ขับขี่แท็กซี่
10-10121-46.wav	อย่างเช่นบ้านของนายสมศักดิ์<MARK>บุญทวีอายุ72ปี
10-10121-47.wav	ซึ่งนายสมศักดิ์<MARK>อายุ72อยู่ที่บ้านกับแม่อายุ92นะฮะ
10-10121-57.wav	บ้านของนางบุญเรียน<MARK>แสงงาม
10-10122-31.wav	ก็คือนายวิษณุ<MARK>กลางอินเดชอายุ34ปี
10-10122-50.wav	แล้วตอนนั้นฝั่งตัวมือมีดนายไพรวัน<MARK>
10-10123-45.wav	แปลว่าทางตัวของนายธิรพัฒน์<MARK>รู้แล้วก็รีบลดกระจกลง
10-10123-66.wav	คือเขาจะกลับ(ชัยนาท์,ชัยนาท)ใช่ไหมออกจากจังหวัดนครสวรรค์
10-10123-93.wav	ทางจังหวัดเองกำลังเร่งหาคนรับผิดชอบอยู่
10-10128-16.wav	แล้วก็นางสาว(จันฟองดุงวิ,จันทร์ฟองดวงวิ)แม่ค้าวัย27ปี
10-10132-26.wav	คุณสุชาดา<MARK>สิริคงทีมข่าวของเราก็คุยกับนางสาวเศษสิรินวมโรศอายุ32
10-10135-41.wav	เป็นภาพสุดท้ายของนายชิอากาอายุ30ปีผู้เสียชีวิตนะคะนี่นะคะ
10-10135-46.wav	ก่อนจะเกิดเหตุก่อนที่นายชิอากาจะถูกยิงตาย
10-10137-14.wav	นายสาธิต<MARK>พานโยหรือว่า(ใน,นาย)เอก<MARK>
10-10137-25.wav	รถของเอก<MARK>ปากน้ำโพหรือว่านายสาธิต<MARK>
10-10137-29.wav	แล้วก็นายพงศกร<MARK>ที่เป็นมือยิงนั่งข้างหลัง
10-10137-32.wav	กลุ่มผู้ตายคือนายวีรพงศ์<MARK>
10-10137-34.wav	ก่อนที่นายสาธิต<MARK>จะเดินขึ้นไปบนโต๊ะที่ผู้ตายนั่งอยู่แล้วไปต่อย
10-10137-35.wav	แล้วนายพงศกร<MARK>ที่ยืนอยู่ข้างเนี่ย
10-10137-49.wav	จากนั้นนายพงศกร<MARK>บอกว่าก็มีการฉุดกระชากลากถูกันไปเรื่อย
10-10141-19.wav	ผ่าตัดมาแล้ว(สอง,2)ครั้งน้องสาวของนาย(วาทิศ,วาทิต)ชื่อว่านางสาว(วิสินี,วิศินี)(ภูมิโพตาก,ภูมิโพถาก)นะครับ
10-10142-6.wav	เพื่อเอาผิดกับนางสาวเพ็ญนภา<MARK>(อ่อนพุษา,อ่อนพุทธา)อายุ36ปี
10-10142-8.wav	ชื่อว่าเจ้าโอเลี้ยง<MARK>อายุ1ปีหลังจากนางสาวเพ็ญนภา<MARK>นั้นถ่ายคลิปวิดีโอขณะที่เจ้าโอเลี้ยง<MARK>กำลัง(ขย่ำ,ขย้ำ)แมวจรจัดจนตายภายในบ้าน
10-10147-20.wav	นี่ค่ะผู้ชายชื่อว่านายประยูน<MARK>อายุ45ปี
10-10147-36.wav	ตำรวจบอกว่าตอนนี้ได้ควบคุมตัวนายประยูน<MARK>ผัวโหดรายนี้เข้าห้องขังเป็นที่เรียบร้อยแล้ว
10-10148-37.wav	ต่อมานางจันทิพย์<MARK>ศรีชัยรุ่งโรธ
102-102685-4.wav	นางสุรังคณาวายุภาพนะครับผู้อำนวยการสำนักงานพัฒนาธุรกรรม
102-102686-10.wav	นายพิพัฒน์เอกพาพันธ์
10-10156-48.wav	ชื่อว่านายปรัฐพงศ์<MARK>ปัญญาวิชาชื่อเล่นชื่อสนุกอายุ27ปีวันนี้ผมขอมา
10-10161-15.wav	เสียงผู้หญิงที่ได้ยินเนี่ยนะคะคือเสียงของนางพิมชะนก<MARK>
10-10161-26.wav	เรื่องราวเป็นอย่างนี้ค่ะนางพิมชะนก<MARK>ไปงานแต่ง
10-10161-48.wav	แล้วผู้ใหญ่บ้านหญิงคนนั้นก็มาทวงเงินจากนายทหารพล<MARK>
10-10161-56.wav	ทีนี้ระหว่างที่ผู้สื่อข่าวกำลังสัมภาษณ์นายทหารพล<MARK>กับครอบครัวอยู่
102-102686-41.wav	จังหวัดสุโขทัยนี่นะคะ
10-10168-16.wav	คือผู้ก่อเหตุก็คือนายประพันธ์<MARK>ใหม่สวัสดิ์นะครับ
10-10168-23.wav	เอาหนังสติ๊กยิงลูกหินใส่กระจกบ้านนายประพันธ์<MARK>แตกแล้วก็หนีไป
10-10170-12.wav	นี่เป็นวัดในพื้นที่จังหวัดเชียงใหม่นะคะคุณผู้ชม
10-10172-19.wav	สรุปความผิดของนายภัยทูล<MARK>ว่ามีความผิดวินัยไม่ร้ายแรงนั้น
10-10172-27.wav	โดยก็มีนายสุพล<MARK>จอกทองผู้อำนวยการโรงเรียนสุรนารี
10-10172-2.wav	จังหวัดนครราชสีมาที่ปาแก้วกาแฟโดนหน้านางสาวนรดี<MARK>
10-10173-46.wav	ตลอด6ปีที่ผ่านมานายเยซิว่า<MARK>ได้ถ่ายภาพบ้านเรือนและชุมชนเก่าแก่หลายแห่ง
10-10175-22.wav	ผู้ชายคนนี้เนี่ยคือนายคุณากร<MARK>หลังจากนั้นก็คุมตัวพร้อมของกลางเป็นอะไรบ้างล่ะ
10-10176-40.wav	สมศักดิ์<MARK>ศรีชุ่มทีมข่าวไทยรัฐทีวีรายงานจากถนนข้าวเหนียวจังหวัดขอนแก่นครับ
10-10178-22.wav	กลางซอยไปเจอกับนางยุพิน<MARK>วัย74ปียืนอยู่หน้าบ้าน
10-10178-25.wav	ลูกชายของคุณยายุพิน<MARK>คือนายพินศักดิ์<MARK>กับนายภัยทูล<MARK>
10-10178-32.wav	ฟันนายภัยทูล<MARK>ที่เป็นลูกของคุณยายุพิน<MARK>โดนไหล่ซ้าย
10-10178-35.wav	ส่วนตั้มอ้วนหรือนายเรวัต<MARK>เนี่ยหนีไปแล้วค่ะ
10-10179-15.wav	นายสุภเริก<MARK>เลิศลักษิริกุลนะครับ
10-10181-13.wav	พอไปถึงเห็นคนเจ็บนอนอยู่ก็คือนายสุพิน<MARK>ครับ
10-10181-15.wav	คนเจ็บคือนายทามริน<MARK>จงจิตวงอายุ23ปีนะครับ
10-10181-26.wav	ก็รีบโทรแจ้งกู้ภัยมาตรวจสอบนายบุญมี<MARK>มณีแก้วประธานชุมชนบ้านลำปางกลาง
10-10181-7.wav	นายสุพิน<MARK>กาวินอายุ80ปีประสบอุบัติเหตุได้รับบาดเจ็บสาหัส
10-10182-15.wav	คนก่อเหตุก็คือนางสาวทันชนก<MARK>ศรีมีเข้ามาล็อกตัวไว้เลยนะคะสภาพร่างกายตอนนั้นของคุณทันชนก<MARK>เนี่ยคือเต็มไปด้วยเลือด
10-10182-58.wav	ตำรวจคุมตัวนางสาวทันชนก<MARK>ออกจากห้องขังไปสอบปากคำเพิ่มเติมนะคะ
10-10186-12.wav	นายภูวิทย์<MARK>ชวนลำหรือว่าถังถังอายุ42ปี
10-10186-13.wav	เอามีดทำครัวแล้วบุกไปทำร้ายนางสาวกาญจนา<MARK>จันทนสารหรือครู(การ,กาญจน์)
10-10186-62.wav	มาเลยนางสาวสลันรัฐ<MARK>ปริวันตะโกอายุ38ปี
10-10187-13.wav	ช่วงเวลาประมาณ10นาฬิกา30นาทีที่ผ่านมานายวินัย<MARK>วิริยาวิทยาวงศ์
10-10191-17.wav	ขณะที่การเข้าตรวจค้นบ้านของนายจ๊อบนิทัศน์<MARK>กิรติสุธิสาธรณ์
10-10192-18.wav	นายศุภชัย<MARK>เนี่ยเดินทางมาหานายเบส<MARK>คนที่อยู่บ้านหลังนี้จากนั้นทั้งคู่เหมือนมีการโต้เถียงกันทวงถามกันเรื่องปืนหรือเปล่า
10-10192-26.wav	จากแนวทางการสืบสวนของตำรวจมือดีค่ะตำรวจบอกว่าเบื้องต้นเนี่ยทราบว่าตัวคนตายก็คือนายศุภชัย<MARK>กับผู้ต้องสงสัยคือนายเบส<MARK>เนี่ยนะคะ
10-10194-41.wav	คนเจ็บคือนายเสกสรร<MARK>แฟนพิมายอายุ45ปี
10-10195-62.wav	ชื่อจริงก็คือนายไขยมก<MARK>วรรณสุโพประสิทธิ์นะฮะ
10-10195-63.wav	ตเพื่อนของนายไขมก<MARK>เนี่ยชายคลั่งชื่อก็อ่านยากด้วย
10-10195-69.wav	ว่านายคัยมก<MARK>เนี่ยคงจะดื่มเหล้าเพราะเครียดที่ตกงาน
10-10196-10.wav	ชาย(มัตราสัง,มัดตราสัง)นางสาวรุ่งทิพย์<MARK>(แสงจันท,แสงจันทร์)
10-10196-1.wav	ไปดูกันก่อนเลยนะคะกรณีของนายชัยราชวัฒน<MARK>เพ็งสว่างหรือป้อม
10-10197-56.wav	ก็คือนางเรนู<MARK>มาดันดาลได้เข้าร่วมประชุมด้วยนะครับ
10-10204-13.wav	นางสาวบุษรา<MARK>(เลิศวิลัย,เลิศวิไล)พนักงานทำความสะอาดเนี่ยเขาบอกว่าเขาเข้าไปทำความสะอาดห้องน้ำ
10-10205-40.wav	นายพิเศษ<MARK>ยังย้ำด้วยนะคะว่าระเบียบจิตอาสาของกยศ
10-10205-6.wav	นายพิเศษ<MARK>ตู้กลางนะครับ(ภูมิในการ,ผู้อำนวยการ)กองพัฒนานักศึกษา
10-10206-70.wav	รู้ว่านางมีคนถามว่าชุดของอะไร
10-10213-27.wav	ก็เท่านั้นเองนางสาวมณัฐสวี<MARK>สิงหอนอายุ(ยี่สิบสอง,22)นะครับ
10-10213-30.wav	ก็มากับเพื่อนก็คือนางสาวสาธิธร<MARK>เตชะธรรมรัฐ
10-10216-14.wav	เป็นบ้านของนางบุญมา<MARK>อู่รอดอายุ82ปีค่ะ
10-10222-19.wav	เจ้าของรถสองแถวคันนี้ก็คือนายอานันต์<MARK>อิ่มจิต
10-10223-25.wav	เพราะว่าวันนี้นางสาวนัทยา<MARK>ครามสำโรง
10-10223-33.wav	มารับศพของนายธนกร<MARK>ศรีชาติ
10-10223-37.wav	นางสาวนัทยา<MARK>เปิดเผยว่าวันเกิดเหตุ
10-10223-38.wav	นายธนกร<MARK>แฟนหนุ่มขี่รถจะพาไปห้าง
10-10223-70.wav	ก็คือนางทัศนีย์<MARK>พุทธบุตร
10-10225-11.wav	นายทชาดล<MARK>วรนุษตรังนะฮะเขาบอกว่าเขาติดตามดูไทยรัฐทีวี
10-10225-24.wav	พบว่าตัวเลขไม่ตรงกันจริงจริงนายทชาดล<MARK>เจ้าของบ้านบอกว่า
102-102695-64.wav	คือนายเอกวัตรศรีแก้วอายุ34คนนี้เป็นช่างซ่อมบำรุงของร้านข้าวแกง
102-102695-65.wav	แล้วก็นางสาวนิพาพรแวงวันอายุ32ปี
102-102695-70.wav	ทางด้านของนางสาวนิพาพรบอกว่าตอนเลือกซื้อเนี่ย
102-102695-76.wav	ส่วนที่ขอนแก่นค่ะนางสาวยุวนาเงินภูล
102-102695-103.wav	นายชัดชัยอึ้งลิ้มนายก
10-10232-11.wav	จากกรณีคลิปวิดีโอของนางชื่นกระมวล<MARK>จรดรำ
10-10232-31.wav	ไปพบกับนางชื่นกระมวล<MARK>จรดรำหรือครูเล็ก<MARK>
10-10232-53.wav	ครูเล็ก<MARK>ก็จะรับมาแล้วเดินทางอย่างที่ครูเล็ก<MARK>ตั้งใจไว้
10-10232-59.wav	ขณะที่นายคงฤทธิ์<MARK>ชัยแสนเท้าผู้อำนวยการโรงเรียนบ้านลำหาด
10-10234-22.wav	ว่าพูดคำขวัญจังหวัดหรืออะไรสักอย่างแนะนำตัว
10-10235-17.wav	ตำรวจภูธรแม่ทะนำตัวนายไพโรธ<MARK>อตังแก่
10-10235-18.wav	อายุ38ปีเป็นแฟนหนุ่มของนางสาวกันนิกา<MARK>สงวัฒนะอายุ27ปี
10-10235-44.wav	บอกให้นายไพโรธ<MARK>พูดความจริง
10-10235-47.wav	นายเดช<MARK>มากกว่านะคะซึ่งนายเดช<MARK>เป็นผู้มีอิทธิพลในพื้นที่
10-10235-52.wav	แต่ว่าไม่พบตัวนายเดช<MARK>นะคะส่วนนายไพโรธ<MARK>ตำรวจแจ้งข้อหายาเสพ
10-10238-71.wav	นางรัตนาพร<MARK>สุภาทิพย์นะคะเป็นแม่ค้า
10-10242-12.wav	เพื่อช่วยเหลือนายธนวัฒน์<MARK>แทร่เจียอายุ34ปี
10-10242-35.wav	นายพีรพล<MARK>โชดเชยอายุ24ปีคนขับรถบรรทุก
10-10242-59.wav	กับนางสุนันทา<MARK>มณีพรมอายุ51ปี
10-10244-75.wav	เรื่องต้นจากการตรวจสอบพบว่าบ้านหลังนี้เป็นของนางประยูน<MARK>แรงเพชร
15-15162-98.wav	คุณพรสจีบอกว่านางสาวสุริยเทพเขาก็บอกว่า
10-10245-14.wav	ปรากฏว่าวันนี้นะครับนายสันนรงค์<MARK>เปิดเผยว่าตามปกติแล้ว
10-10245-18.wav	ถ้าไม่มีอะไรทำใช่ซึ่งเดินทางมาที่อำเภอเวียงป่าเป้า
10-10245-8.wav	เดินทางด้วยรถยนต์ส่วนตัวนะฮะ
10-10254-11.wav	เรื่องนี้นางคำล่า<MARK>วรรณชัยแม่ของน้องแมนยู<MARK>
102-102699-6.wav	ครับนะคะนายสมยศพฤกษาเกษมศุกร์กับแนวร่วมไปยื่นหนังสือ
10-10260-13.wav	หลังจากนั้นนางสาวจิระวัล<MARK>ถูกจิระพันธ์<MARK>ถูกนำตัวส่งโรงพยาบาล
10-10260-8.wav	เหตุการณ์ที่เกิดขึ้นที่บ้านพักของนางสาวจิรพันธ์<MARK>แก้วชนิด
10-10265-22.wav	แม่นะฮะก็คือนางสาวสมจิต<MARK>เล่าให้ฟังบอกว่าก็อยู่ด้วยกัน3คนเนี่ยนะฮะ
10-10265-34.wav	ชื่อว่านายสิทธิ์<MARK>อุ้มไปทำร้ายใช้ไม้ทุบตี
10-10265-35.wav	ตอนนั้นแม่ก็แจ้งความแล้วนะแต่นายสิทธิ์<MARK>ไม่ถูกดำเนินคดีครับ
10-10265-37.wav	นายสิทธิ์<MARK>มีพฤติกรรมยุ่งเกี่ยวกับยาเสพติด
10-10265-63.wav	เอามาสอบสวนก่อนนายสิทธิ์<MARK>ให้การปฏิเสธครับ
10-10265-82.wav	นำภาพถ่ายของ(นายดูสิต,นายดุสิต<MARK>)ปัจจุบัน
10-10267-27.wav	คนขับชื่อว่านายสราวุฒิ<MARK>บอกว่าเขาเอาฟางก้อน800ก้อนจาก(สุพรรณ,สุพรรณบุรี)
10-10268-2.wav	ชื่อ(เสียยศ,เสี่ยยศ)นี่ฮะคนนี้แหละครับเนี่ยครับ(เสียยศ,เสี่ยยศ)ที่ยืนปลงผมนะฮะให้กับเสี่ยบี<MARK>อยู่เนี่ยศาลจังหวัดพัทยานะครับอนุมัติหมายจับนายสมยศ<MARK>ปั้นประสงค์อายุ50(ห้า,5)
10-10272-83.wav	แล้วก็นางสาวสมพร<MARK>(หลาโพ,หลาบโพธิ์)หรือว่า(ป้าแตน,ป้าแต๋น)
10-10275-3.wav	ยืนยันว่าการจับกุม(นายเสรวิทย์เสรีที่วัด,นายสิรวิชญ์เสรีธิวัฒน์)หรือ(จานิว,จ่านิว)(แก่นำ,แกนนำ)กลุ่มประชาธิปไตยศึกษาก็เพราะทำผิดกฎหมายหลายกระทง
10-10280-7.wav	บริเวณท่าน้ำของวัดสนามชัยจังหวัดพระนครศรีอยุธยานะคะ
10-10293-12.wav	ส่วนบรรยากาศหน้าห้องไอซียูนะคะยังคงมีนางกาญจนา<MARK>ทองเนื้อขาว
10-10297-12.wav	คือนายอ้าง<MARK>(เนธรัก,เนตรลักษณ์)อายุ70ปี
10-10297-21.wav	ทีนี้จากการสอบสวนนายสนิท<MARK>(ฤทธิพักดี,ฤทธิภักดี)
10-10297-23.wav	คือลูกเขยก็เล่าให้ฟังบอกว่านายเคน<MARK>กับนายอ้าง<MARK>เนี่ยเป็นพี่น้องกัน
10-10297-26.wav	แล้วพอปีที่แล้วก็สึกมาแล้วก็มาอยู่บ้านกับน้องชายคือนายอ้าง<MARK>
10-10297-32.wav	น้องชายที่นั่นก็คือนายอ้าง<MARK>ไม่พอใจค่ะ
10-10297-41.wav	ตัวน้องชายคือนายอ้าง<MARK>เนี่ยโทรศัพท์ไปบอก
10-10297-57.wav	ไปเจอเพื่อนบ้านคือนายสิง<MARK>(รุจิอังกูล,รุจิอังกูร)
10-10297-60.wav	ซึ่งนายสิงห์<MARK>เป็นคนมาเจอศพนายอ้าง<MARK>
10-10297-67.wav	คนน้องคือนายอ้าง<MARK>จะทะเลาะกับพี่ชาย
15-15167-12.wav	ใช่นายทันทิชาสะสิโชธกุลวงอายุ29ปีค่ะ
10-10306-38.wav	ไปเจอนายรัฐพล<MARK>กองโตกลางนะคะอายุ24ปี
10-10306-39.wav	นายณัฐพล<MARK>ก็เล่าให้ฟังว่าบ่ายเมื่อวานนี้ผมไปตกปลากับเพื่อน
10-10310-0.wav	เกิดอุบัติเหตุคุณนัทพงศ์<MARK>ค่ะอันนี้เป็นอุบัติเหตุที่จังหวัดชลบุรีนะคะ
10-10310-32.wav	คนขับชื่อว่านายอธิพัฒน์<MARK>ศรีจันแดงนะคะ
10-10310-34.wav	ตำรวจบอกว่าเบื้องต้นแจ้งข้อหากับนายอธิพัฒน์<MARK>นะคะ
10-10311-27.wav	ต่อมานางสาวจารุณี<MARK>เพชรเกิดอายุ22ปี
10-10311-33.wav	ชื่อว่านายสถาพร<MARK>ปะง้าวอายุ22ปี
10-10312-582.wav	ณวัดพระธาตุเชิงชุมตำบล(ท่าเชิงชุม,ธาตุเชิงชุม)อำเภอเมืองจังหวัดสกลนคร
10-10312-626.wav	เป็นตำรวจชั้นผู้ใหญ่1นาย
10-10312-96.wav	ซึ่งเรื่องนี้นายวิชา<MARK>มหาคุณกรรมการป.ป.ช.เป็นผู้รับผิดชอบสำนวน
15-15175-122.wav	แล้วก็เกี่ยวกับมวยไทยโดยตรงเลยนายพินิษฐพลขันหรือมิสเตอร์ป๋อง
15-15175-84.wav	เขาเดินทางไปกราบไหว้พระธาตุพนมและเซียนเซียนมวยปกติเขาอยู่ที่ไหน
10-10314-26.wav	ภายในบ้านก็พบนายวินัย<MARK>กำลังนอนหลับอยู่
10-10315-7.wav	ในที่เกิดเหตุก็พบศพชายทราบชื่อคือนาย(ปราเมฆ,ปรเมศวร์)(นาคสัง,นาคสังข์)อายุ17ปีนะครับ
10-10322-354.wav	ขึ้นอยู่ท่านนายกนะครับท่านนายกว่ายังไงก็ว่าอย่างนั้นนะครับ
15-15193-46.wav	ปรากฏนางสาวแต๋วด่าลุงมาโอ้โหด่าด้วยคำหยาบ
15-15196-244.wav	แล้วก็นายชนลวิทย์คีตะตระกูลหรือคุณไก่อายุ50ปี
15-15196-245.wav	อดีตนักร้องสาวชื่อดังนายกันตะทรหรือมิวแก้วกระจ่างอายุ28ปี
10-10565-15.wav	แต่ว่าทางด้านของผู้เป็นแม่ของเด็กนะฮะก็คือนางสาวรัตติการ<MARK>ประกายแก้ว
10-10565-18.wav	แล้วก็บอกว่าไม่อยากให้ลูกอยู่กับนางสาวรัตติการ<MARK>
10-10565-19.wav	ซึ่งคำว่าไม่อยากให้ลูกอยู่กับนางสาวรัตติกา<MARK>
10-10565-26.wav	นายมาเชล<MARK>บอกว่าเสียใจ
10-10565-38.wav	แล้วก็นายมาเชล<MARK>เลองโบเรลผู้เป็นพ่อ
10-10565-39.wav	แล้วก็นางรัตติการ<MARK>ประกายแก้วผู้เป็นแม่ของเด็ก
10-10565-5.wav	นี่เป็นภาพจากเฟซบุ๊กของนายมาเชล<MARK>เลองโบเรลผู้เป็นพ่อของเด็ก4พี่น้อง
10-10569-10.wav	จากการสอบถามนายบุญเลิศ<MARK>เนี่ยเขาบอกว่าที่ก่อเหตุครั้งนี้เพราะมีปัญหาพิพาทกัน
10-10569-11.wav	ทั้งเรื่องที่ดินแล้วก็เรื่องเงินกับนายโอภาส<MARK>น้องเขยและนางสาวประภาพร<MARK>ซึ่งเป็นหลานสาว
10-10569-23.wav	มีปากเสียงไม่ลงรอยกันมานานแล้วซึ่งทางตำรวจก็ควบคุมตัวนายบุญเลิศ<MARK>ไปสอบสวนเพิ่มเติมที่สภ.เมืองสมุทรสาครนะคะ
10-10569-9.wav	นอกจากนี้นายบุญเลิศ<MARK>วัยอายุ80ปีซึ่งเป็นผู้ก่อเหตุก็ยังรอมอบตัวกับตำรวจพร้อมอาวุธปืนลูกโม่ขนาด(จุดสามแปด,.38)ด้วยนะคะ
10-10570-365.wav	ชื่อยังเป็นเอกสารชื่อของนายอัจฉริยะ<MARK>
10-10323-14.wav	กู้ภัยนำศพออกมาทราบชื่อก็คือนายถาวร<MARK>โรจนาพรอายุ44ปีเป็นคนขับ
10-10323-15.wav	มีนายดำรง<MARK>โรจนาพรวัย65ปีเป็นคนนั่งเป็นพ่อลูกกันค่ะ
10-10323-21.wav	เจ้าหน้าที่ก็นำส่งโรงพยาบาลเรียบร้อยแล้วนายสิทธิกร<MARK>คนขับรถบรรทุกเนี่ย
10-10324-11.wav	เหตุเกิดในห้องพักย่านบางจากหลังลงมือ(ในพีช,นายพีช<MARK>)ได้ไปตามนางสาวสุพัตรา<MARK>หรือตาน
10-10324-4.wav	สืบสวนกองบังคับการตำรวจ(นครบัน5,นครบาล5)นำกำลังเข้าจับกุมตัว(นายชนทิพักษ์,นายชลธิป)หรือพีช<MARK>ยานิลพงศ์
10-10324-8.wav	ซึ่งการจับกุมครั้งนี้สืบเนื่องจากเมื่อวันที่14มิถุนายนที่ผ่านมา(ในพีช,นายพีช<MARK>)ได้ลงมือทำร้ายร่างกายนางสาวชนนิสา<MARK>หรือชน
10-10325-17.wav	เพราะว่ามีบ้านพักของนายปรเมฆ<MARK>อัคระโพคินนุกูลอายุ41ปี
10-10325-20.wav	ส่วนนายประเสริฐ<MARK>รักนามหรือว่าจ่าเสิร์ช<MARK>ผู้ต้องหาอีกคนนึงเนี่ย
10-10325-25.wav	ตำรวจก็จะนำตัวนายประเสริฐ<MARK>ไปส่งศาลจังหวัดระยอง
10-10326-11.wav	ก็ไม่ทราบหรอกว่าจะใช้เก็บอะไรตำรวจจึงให้นางพินทิพย์<MARK>เนี่ยโทรหาซิโทรหาบุญเลิศ<MARK>สิ
10-10326-25.wav	ของนายแทนไทย<MARK>นรงกูลกับพวกรวม5คน
24-24909-23.wav	นางสาวธิดารัฐทองทิพย์เนี่ยนะครับ
24-24909-9.wav	ก็เดินทางไปที่ห้างโรบินสารลพบุรีกันแต่เช้า
24-24911-15.wav	นครศรีธรรมราชสุราษฎร์ธานีอำเภอศรีชนจังหวัดนครศรีธรรมราช
24-24911-8.wav	ก่อนเกิดเหตุคือนางสาวอำมารัฐแก้วน้อยอายุ31ปี
24-24914-11.wav	นั่นก็คือนายภัยบูลสั่งสารอายุ56ปี
24-24914-13.wav	รถเก๋งพุ่งชนนายสุพรรณญาติบันทุงอายุ57ปี
24-24914-19.wav	ก็ตัวนายภัยบูลเข้ามอบตัวที่สภ.เมืองพระนครศรีอยุธยา
24-24921-18.wav	หลังได้รับการประสานจากนายบุญชูนินถนอมนายยกเทศมนตรีอ้อมน้อย
24-24921-7.wav	ที่ก่อเหตุใช้ปืนยิงนายสมศักดิ์แจ้งประจักษ์เพื่อนบ้านวัยสี่สิบเอ็ด
24-24921-8.wav	ตายกลางซอยดงศักดิ์หมู่7ตำบลบ้านเลือกอำเภอโพธารามจังหวัดราชบุรี
24-24922-3.wav	แต่ไปถูกจับแจ้งความนะคะที่เท่าฐานช่อโกงที่จังหวัดเชียงรายไม่กี่วันนี้เอง
24-24924-38.wav	นายธรรมนูลเมืองชูผู้ใหญ่บ้านบอกว่าเมื่อเช้าที่ผ่านมา
24-24924-48.wav	ส่วนนายทีมรยุทธ์ควบคุมตัวไว้ที่สภ.เมืองกระบี่
24-24924-9.wav	นี่เป็นนาทีตำรวจภูธรเมืองกระบี่พร้อมฝ่ายปกครองบุกรูปตัวนายทีมรยุทธ์สายสินอายุ28ปี
24-24928-112.wav	จังหวัดหนองคายนายพิพัฒน์ศรีสุขพันธ์
24-24928-96.wav	ส่งตำรวจสองนายไปเที่ยวโรงเรียนชุมพลโพนพิสัย
24-24931-11.wav	อีกคนนึงก็คือนายทิติวุฒิกลิ่นโพอายุ19ปีก็ถูกแทงด้วยวุฒิมีดเหมือนกันนะคะ
24-24931-23.wav	รอดูหน้าด้วยเช่นเดียวกันนะคะแล้วนายนัทธวุฒิให้การกับตำรวจแบบนี้ค่ะ
24-24931-42.wav	แต่ว่าเรื่องนี้ตำรวจก็แจ้งข้อหานะคะสำหรับนายนัทธวุฒิก็คือพกพาอาวุธมีดไปในเมืองโดยไม่มีเหตุอันควรแล้วก็ทำร้ายร่างกายผู้อื่นจนได้รับบาดเจ็บสาหัสและถึงแก่ความตายเดี๋ยวก็ต้องมีการผ่าพิสูจนศพอย่างละเอียดอีกครั้งหนึ่งค่ะ
24-24931-9.wav	พบผู้บาดเจ็บ3รายก็คือนายสมเดชดุลยพัฒน์นะคะ
24-24932-4.wav	นายธนากรคงคาค่ะเขาเป็นเจ้าของเรื่องแล้วก็เป็นคนขับรถพยาบาลเขาเล่าว่าวันเกิดเหตุคือช่วงเดือนกุมภาพันธ์ว่าจ้างนายดนยรัฐซึ่งเป็นสาวประเภท2
24-24932-50.wav	ไปเจอนางบุญโฮมงามสมบัติอายุ58ปีก็คือภรรยาของนายจำเรินงามสมบัติ
24-24932-51.wav	ผู้เสียชีวิตแม่ของนายธินกรที่มาเล่าให้เราฟังนะครับ
24-24932-52.wav	นางบุญโฮมบอกว่าไม่ทราบเรื่องราวของพยาบาลคนนี้เลยนะ
24-24932-9.wav	ก็ติดต่อรถพยาบาลขนส่งผู้ป่วยจากทางโรงพยาบาลนะคะแล้วนายดนยรัฐคนนี้เป็นพยาบาลประจำรถครับระหว่างทางค่ะนายดนยรัฐไม่ได้ดูแลคุณพ่อของนายธินกรอย่างสุดความสามารถคือไม่ใช่แค่ไม่ดูแลคือนั่งหลับตลอดทางเลยอ่ะแล้วระหว่างที่จอดพักรถนะคะตัวนายธินกรบอกว่าสังเกตเห็นว่าเครื่องมือวัดออกซิเจ
24-24934-52.wav	เมื่อช่วงเย็นวันที่สิบสามธันวาคมบอกนายวิโรธมาตัวอายุสี่สิบเอ็ด
24-24934-57.wav	คุณผู้ชมดูภาพประกอบไปได้นายบุลือบอกว่าจะเอาเรื่องลูกแล้ว
24-24935-8.wav	คนที่ให้ข่าวเรื่องนี้ก็คือนางสาวรัชดาธนาดิเรกค่ะ
24-24942-103.wav	จึงมีคำสั่งเด็ดขาดไม่ฟ้องนายวรยุทธ์ผู้ต้องหาที่หนึ่ง
24-24942-119.wav	สอบคดีนายบอสวรยุทธ์นี่แหละ
24-24944-20.wav	ชนรถจักรยานยนต์ฮอนด้าป้ายแดงนายวริสศรีราชัยมณีกุลอายุ30
24-24944-21.wav	คนขี่รถจักรยานยนต์บาดเจ็บสาหัสนางสาวอันทิกาทูลไทยสงศ์อายุ24ปี
24-24944-24.wav	ไปขอขมาศพนางสาวอันทิกา
24-24944-25.wav	วันนี้ทางครอบครัวนางสาวอันทิกาหรือน้องอันนิมนต์พระสงฆ์มาประกอบพิธีเชิญดวงวิญญาณที่จุดเกิดเหตุนะคะ
24-24944-51.wav	ก็นายธิรเทพให้สัมภาษณ์กับสื่อมวลชน
24-24948-12.wav	ตำบลศุกร์ฤทัยอำเภอห้วยคดจังหวัดอุทัยธานี
24-24948-30.wav	อำเภอลานศักดิ์จังหวัดอุทัยธานีมาแล้ว
24-24949-157.wav	อำเภอเมืองจังหวัดชลบุรี
24-24950-12.wav	คือนายวิเชียนโนนแก้วอายุ55ปี
24-24952-10.wav	เทิดศักดิ์เนี่ยอยู่ที่จังหวัดเชียงใหม่แต่ก็มีการจัดรายการผ่านช่องยูทูป
24-24952-9.wav	เอาในส่วนของนายเทิดศักดิ์ก่อนนะครับ
24-24953-4.wav	หนุ่มดวงเฮงคนนี้คือนายนัทธเดชบุญประดิษฐ์
24-24956-3.wav	นะครับโอ้โหนายกิติศักดิ์รัฐนาวราหะสมาชิกวุฒิสภานะครับ
24-24957-18.wav	โดยนายกาจพลภัยร้อหรือว่าอาจารย์ลือตกบ้าน
24-24958-12.wav	สถาปนิกเจ้าของไอเดียก็คือนายไพโรธทุ่งทองนะครับ
24-24958-13.wav	แล้วนี่ฮะนายไพโรธก็ได้สาธิตการประกอบผ้าแคนวาส
24-24960-71.wav	ด้านของนักการตลาดชื่อดังอย่างนายธัญวัฒน์ชัยตระกูลชัยมองว่า
24-24961-13.wav	นายนัทพลถูกทำร้ายร่างกายจนบาดเจ็บน้อย
24-24961-8.wav	นายนัทพลโพอุรายอายุ21ปี
24-24963-14.wav	เราไปคุยกับคนขับกระบะก่อนค่ะชื่อว่านายวิทยาวัฒน์อายุ27ปีเขาเล่าให้ฟังว่าผมอ่ะ
24-24963-22.wav	ใช่นางสาวทิพวันเนี่ยนะคะเธอเล่าให้ฟังว่า
24-24965-0.wav	เรื่องนี้ค่ะที่กันทรลักษณ์จังหวัดศรีสะเกษค่ะ
24-24965-9.wav	อำเภอกันธรรลักษณ์จังหวัดศรีสะเกษตำรวจก็ไปตรวจสอบ
24-24966-7.wav	ทำแผลนะฮะประถมพยาบาลนายฉัดชัยขุนหมื่น
24-24076-73.wav	ได้เดินทางไปในที่ที่ไม่เคยไปง่ายถ้าเรากลัวจะโดนโยกย้ายทำไงรู้ไหม
24-24969-2.wav	บอกเลยนางร้ายน้ำมะวันค่ะเพราะไม่ว่าเปิดดูละครช่องไหนช่วงไหนนะคะ
24-24970-10.wav	ทราบชื่อก็คือนายศักดิ์ชัยริยาพันธ์อายุ50ปีอาชีพก็เป็นคนทำสวนนะคะ
24-24970-13.wav	จากการสอบถามนายสมหมายเลิศไกรวัย52ปีเจ้าของบ้านที่เกิดเหตุเนี่ย
24-24970-17.wav	ไปโดนนายหัสกุลเฮ่าอายุ21ปีเข้าที่หน้าอกหนึ่งนัดกระสุนทะลุหลัง
24-24970-19.wav	ส่วนนายหัสกุลก็เสียชีวิตในเวลาต่อมาหลังญาตินำส่งโรงพยาบาลค่ะ
24-24970-25.wav	ก่อนเกิดเหตุนี้นะคะนายกฤษณะริยาพันธ์วัย25ปี
24-24970-27.wav	มาหานายหัสกุลหลังจากกลับไปเที่ยวบ้านญาติ
24-24970-34.wav	พอมาเห็นค่ะก็เห็นนายหัสกุลวิ่งมาขอความช่วยเหลือที่บ้านหลังนี้
24-24971-9.wav	นายนิรุสวัสดิและนางพัชรีช่วงจะโป๊ะพ่อแม่ของน้องมิ้นรวมถึงคนในครอบครัว
24-24972-12.wav	จากการสอบสวนทำให้ทราบว่านางมายุราที่เป็นภรรยา
24-24972-20.wav	บอกว่าจากคำให้การของนางมะยุราภรรยาของผู้บาดเจ็บ
24-24972-24.wav	นางมะยุราก็ถามว่าใครโทรมาแต่สามีไม่ตอบก็พากันกลับบ้านนะ
24-24972-31.wav	ลุกลามมีปากเสียงกันเกิดขึ้นถึงขั้นนางมะยุราไล่ให้สามีเก็บข้าวของออกจากบ้านไปเลย
24-24972-35.wav	ซึ่งนางมะยุราภรรยาบอกว่าไม่ทันระวังตอนที่กำลังยื้อแย่งเข้าของกันอยู่เนี่ย
24-24972-41.wav	ส่วนนางมะยุราภรรยาเป็นนักธุรกิจขายน้ำปลาร้าในหลายจังหวัดทางภาคอีสาน
24-24972-7.wav	ภรรยาชื่อนางมะยุราพาณิชพงพักอายุ44ปีนะครับ
24-24974-40.wav	มีเจ้าหน้าที่ของสำนักโฆษกสำนักนายกรรมตรี
24-24976-29.wav	ร่วมกับพี่โอวรุษคือพี่โอวรุธตอนนี้เขาไปปักหลักอยู่ที่จังหวัดเชียงใหม่
24-24983-6.wav	นายบรรหารเที่ยงธรรมและนายวุฒิชัยประกอบศุกร์2พนักงานรถขนเงินบริษัทสยาม
24-24983-8.wav	อกจากนี้ตำรวจยังเชิญนายอนุชัยอำภวัฒน์ผู้จัดการบริษัทสาขาพัทยา
24-24985-29.wav	นายไกรวิทย์บุญคำคนขับรถรีบเดินทางมาที่โรงพัก
24-24986-11.wav	ส่วนการสืบสวนของกองปราบเนี่ยพบว่าคนร้ายที่ก่อเหตุยิงนางสาววีรยาภา
24-24986-6.wav	ของนางสาววิริยาภางามวิไลเจ้าหน้าที่ตำแหน่งฝ่ายนโยบายและแผนของอบตบึงชำอ้อ
24-24988-11.wav	ส่วน2คนที่เป็นผู้ต้องหาเนี่ยเป็นลูกจ้างมือฆ่าหันศพชื่อว่านายคิมชางหุ่น
24-24988-16.wav	นายคิมชางหุ่นก็บังคับเขาว่าถ้าไม่อยากตายต้องมาช่วยเขาหันศพ
24-24988-21.wav	นายคิมชังหุ่นมือฆ่าเนี่ยบอกว่าโมโหที่นายชูเวยมายองหุ้นเนี่ยให้เงินเดือนเขาแค่สามหมื่น
24-24988-31.wav	แล้วก็ถูกนำตัวไปทำแผนชี้จุดเกิดเหตุมาด้วยโดยนายคิมฮยองจุนที่เป็นโปรแกรมเมอร์นะครับที่ไปร่วมหั่นศพเนี่ยนะมีอาการเป็นไข้ตัวร้อนเล็กน้อยคาดว่าเกิดจากอากาศนะแล้วก็เครียดพนักงานสอบสวนเขาก็จัดยาแก้ไข้ให้กินไปแล้วนะครับเนี่ยฮะฟุ๊บเลยนะก็ทางศาลจังหวัดระยองไม่ให้ประกันตัวนะครับตามคำร้องคัด
24-24988-9.wav	ผู้ตายเนี่ยเป็นนายจ้างนะชื่อว่านายชูเวมยองหุ่น
10-10326-6.wav	ซึ่งโกดังดังกล่าวนี้เป็นโกดังแบ่งให้เช่ามี6โกดังครับพบนางพินทิพย์<MARK>ผึ่งผายอายุ29ปี
10-10326-8.wav	ซึ่งใส่กุญแจล็อกไว้อย่างแน่นหนานางพินทิพย์<MARK>ให้การว่าไอ้โกดังเบอร์6เนี่ยนะคุณตำรวจ
24-24991-38.wav	ให้ไปรับยาบ้าที่บ้านหอยหางอำเภอเมืองจังหวัดเชียงราย
24-24992-41.wav	นางสาวสภาพรกล่าวว่า
24-24992-4.wav	เศรษฐีใหม่รายนี้ชื่อว่านางสาวประนอมวะสุรีอายุ49ปีค่ะ
24-24994-14.wav	คือนายสวัยทองแก้วอายุ56ปีซึ่งเป็นพ่อเลี้ยง
24-24994-21.wav	ก็คือนางสายชนชนศรีอายุ50ปี
24-24994-28.wav	ใช่ค่ะทีนี้พอฟันไปที่ด้านหลังนายเสกสรรล้มฟุบสิ้นใจจมกองเลือด
24-24999-100.wav	เพราะมองว่าการที่นายประมุกได้ประกันตัวเนี่ย
24-24999-102.wav	เพราะกลัวว่านายประมุกจะมาทำลายหลักฐานในที่เกิดเหตุ
24-24999-105.wav	ถึงให้นายประมุกได้ประกันตัว
24-24999-16.wav	นายประมุกจิตจันทร์ผู้ก่อเหตุเนี่ยนะครับ
24-24999-29.wav	และปรากฏว่าไก่ของเขาก็ถูกหมาของนายประมุกเข้ามากัดเหมือนกัน
24-24999-32.wav	โดยนายประมุกคนก่อเหตุรับสาภาพทุกข้อกล่าวหาให้การนะครับว่าวันเกิดเหตุเนี่ย
24-24999-39.wav	แต่ตอนที่เข้าไปนะฮะนายประมุกบอกว่าจ่าสิบเอกเรวัตเนี่ย
24-24999-43.wav	คล้ายจะหยิบอะไรบางอย่างซึ่งนายประมุกคาดว่าเป็นอาวุธปืน
24-24999-44.wav	ตัวนายประมุกก็เลยใช้อาวุธปืนที่พกมา
24-24999-48.wav	เพื่อจะขอเข้ามอบตัวกับตำรวจนะครับนายประมุกยังสารภาพอีกว่า
24-24999-76.wav	มาขอประกันตัวผู้ต้องหาก็คือนายประมุก
24-24999-78.wav	เพราะเห็นว่านายประมุกมามอบตัวเอง
24-24999-87.wav	เปิดเผยความรู้สึกหลังทราบว่านายประมุกผู้ต้องหาได้รับการประกันตัว
24-24999-99.wav	จะไปยื่นคัดค้านการประกันตัวนายประมุกต่อสารจังหวัดสงขลานะครับ
10-10332-34.wav	ชื่อจริงชื่อนายพานุพงศ์<MARK>โอนวังอายุ22ปี
10-10332-66.wav	นาริสรา<MARK>มารายงานตัวแต่ชื่อจริงของเธอคือนายพานุพงศ์<MARK>
10-10332-69.wav	ที่จังหวัดแพร่ที่คุณบอกไปเมื่อกี้ใช่ไหมดีกรีตำแหน่งของเธอนะ
10-10332-71.wav	ยังมีอีกคนนึงค่ะสาวประเภท2อีกรายหนึ่งก็คือนายอินทรา<MARK>ช้างศรีอายุ20ปี
10-10334-12.wav	คือนายวิรพล<MARK>พรมศรีอายุ54ปีซึ่งก็เป็นเพื่อนชายคนสนิทกับผู้ตายนะฮะ
10-10697-67.wav	นายทิพากรบุญเจือ<MARK>เป็นพนักงานขับรถ
10-10697-84.wav	นั่นคือนายมานิตย์วันรหัส<MARK>ค่ะ
10-10699-239.wav	เสร็จแล้วแกผัวฝรั่งตุ๋ยๆไปก่อนนางก็ได้หมดทรัพย์สินอยู่แล้ว
10-10699-240.wav	ปรากฏว่าดวงนางดีที่นางถูก90ล้านเนี่ยคือเหมือน
10-10265-62.wav	ไปนำตัวนายสิทธิ์<MARK>อายุ40ปีคนนี้ยังเป็นผู้ต้องสงสัยอยู่นะ
10-10334-22.wav	รายละเอียดแห่งคดีแห่งพฤติกรรมเนี่ยนายวิรพล<MARK>ผู้ต้องหามีอาชีพเป็นเจ้าของกิจการรับเหมาก่อสร้าง
10-10334-23.wav	จังหวัดพระนครศรีอยุธยานายวิรพล<MARK>สารภาพบอกว่ารู้จักแล้วก็ชอบพอคบหากับนางจำปี<MARK>ผู้ตายมาได้ระยะหนึ่ง
10-10334-24.wav	ที่ผ่านมานางจำปี<MARK>จะเป็นฝ่ายเดินทางมาหานายวิรพล<MARK>ที่(อยุธยา,พระนครศรีอยุธยา)ก็มาเป็นครั้งคราวแล้วก็จะมาพักอยู่ด้วยกันที่หอพักใกล้เคียงกับจุดที่พบศพ
10-10334-25.wav	ส่วนสาเหตุที่เกิดการฆ่าหันศพกันขึ้นนายวิรพล<MARK>บอกว่าคบหากันมาพักหนึ่งให้เงินให้ทองด้วยนะ
10-10334-26.wav	แล้วเมื่อค่ำ19เมษายนที่ผ่านมานางจำปี<MARK>ก็เดินทางมาหาอีกแล้วมีปากเสียงกันอย่างรุนแรงเพราะจับได้ว่านางจำปี<MARK>นั้นมีครอบครัว
10-10334-28.wav	วิรพล<MARK>อ้างว่าขาดสติครับเดินไปหยิบมีดมาแทงนางจำปี<MARK>จนเสียชีวิต
10-10334-52.wav	ก็จากคำสารภาพเนี่ยนายวิรพล<MARK>ผู้ต้องหาบอกว่า
10-10343-15.wav	ก็คือนาย(ประยูน,ประยูร)<MARK>แก้วพยศหรือว่าจุ๊บอายุ48ปี
10-10343-28.wav	ก็คือนายขิก<MARK>อายุ38ปีชื่อจริงก็คือนายอัชชา<MARK>หนูปทุม
10-10344-18.wav	เป็นอดีตผู้ใหญ่บ้านคือนายสุนิท<MARK>นาจักรอายุ48ปีนะคะ
10-10346-24.wav	บ้านนายสว่าง<MARK>ปันราช
10-10354-15.wav	คนร้ายคือนายธนวัฒน์<MARK>ผ่องทองหรือแบงค์วัย23
10-10357-0.wav	อายุ23ปีที่ถูกฆ่าฝังดินนะคะที่สวนมะพร้าวจังหวัดสงขลากันหน่อย
10-10357-4.wav	ตำรวจได้คุมตัวนายวรากร<MARK>ปานเมืองหรือกรอายุ30ปีค่ะ
10-10357-5.wav	ซึ่งก็เป็น1ใน5ผู้ต้องหาที่ก่อเหตุฆ่านายวรรณชิต<MARK>หนูสันทัศน์<MARK>หรือฟิล์ม<MARK>อายุ23ปี
10-10357-92.wav	ทีนี้แม่ของผู้ตายคือนางอังสุวี<MARK>ขุนหมุด<MARK>อายุ43ปี
10-10361-169.wav	ใช่ค่ะนายเสกสรร<MARK>มังกรแก้ว<MARK>หรืออาจารย์สรร<MARK>คงเวท<MARK>เจ้าของฟาร์มเล่าให้ฟัง
10-10361-83.wav	เอาล่ะการเดินทางไปชมเนี่ยก็ดูแล้วเนี่ยยากลำบากนิดนึงนะครับ
10-10361-96.wav	ที่จังหวัดพะเยาโดดลงไปเลยครับเห็นไหมนี่คลายร้อนเป็นอย่างดี
10-10364-14.wav	มาหลายงวดแล้วนะคะมาพี่นาง<MARK>ศิริพร<MARK>นะคะ
10-10367-20.wav	ในการดูแลของนายสมบัติ<MARK>ลีกำเนิดไทย<MARK>
10-10375-8.wav	จังหวัดศรีสะเกษเนี่ยจะมีชนเผ่าสวยส่วยลาวเยอเขมรอาศัยอยู่ด้วยกันนะครับอยู่ด้วยความรักความกลมเกลียวความสามัคคีเขาก็เลยจัดงานขึ้นมาแล้วกันนะแต่ละคนเนี่ยก็เอาของดีของพื้นเมืองของพื้นบ้านเนี่ยมาจำหน่ายไม่ว่าจะเป็นของใช้เป็นเครื่องเรือนเครื่องประดับอาหารเอามาขายกันแบบเนี้ยในราคาย่อมเยาว์แล้วก็ยังมี
10-10376-17.wav	ช่วยเหลือนางคิมลิ<MARK>ถ้าทำไมชื่อแปลกคิมลิ<MARK>เขาเป็นชาวกัมพูชาอายุ20ปี
10-10382-0.wav	เข้าที่ภาคอีสานจังหวัดนครราชสีมากันบ้าง
10-10388-20.wav	ซึ่ง1ในชาวบ้านที่ประสบเหตุก็คือนางสาววิพาดา<MARK>ศรีกันตยา
10-10394-0.wav	ไปอีกที่นึงที่จังหวัดชัยนาท
15-15196-452.wav	ทุกในจังหวัดประจวบคีรีขันธ์ค่ะ
10-10410-12.wav	แล้วรถนี้จริงแล้วเจ้าของก็คือของนายสุขุม<MARK>วงศิษย
10-10410-26.wav	ปตท.ลาดใหญ่ทีนี้เจ้าหน้าที่เนี่ยเขาก็ต้องสกัดจับสกัดจับก่อนให้เบนซ์เนี่ยถอยเข้าไปในปั๊มแล้วก็อ่ะไหนคนขับรถลงมาคุยกันหน่อยทีนี้ก็เลยรวบตัวคนขับรถเนี่ยไปสอบสวนตอนสอบสวนเนี่ยนะคะพระโพไซ<MARK>ก็ให้การคล้ายกับคนเมาเพราะว่าพูดจาวกไปวนมาค่ะเล่าให้ฟังบอกว่าได้เดินทางออกจากวัดที่นครราชสีมา
10-10411-16.wav	เจ้าของบ้านอย่างคุณบัวลา<MARK>อายุ60ปีพร้อมด้วยนายวัชระ<MARK>
10-10414-11.wav	นายประยุทธ์<MARK>ซึ่งเป็นหัวหน้าศูนย์วิทยุสว่างเที่ยงธรรมสถานจุดท่าช้างบอกว่า
15-15196-575.wav	เดือน13ธันวาคมปีนี้พี่กัดจังหวัดมันไม่ใช่มีเคสเดียวไงแต่อันนี้เรากลับไปที่หัวหินไง
10-10419-35.wav	คือนาย(อัธน,อรรถพล)<MARK>พรานบัวอายุ17ปี
10-10420-8.wav	อำเภอ(นายง,นาโยง)จังหวัดตรังเป็นเหตุให้นาย(โสพล,โสภณ)<MARK>นานครหรือต๊อก<MARK>โคกสบ้าเสียชีวิต
10-10421-11.wav	เจ้าของบ้านคือนางประทิน<MARK>บุญปลูกอายุ58ปี
10-10421-68.wav	เพราะว่าไม่ใช่รถของนายอนุภาพ<MARK>เขา
15-15198-8.wav	หายตัวไปอย่างเป็นปริศนานะครับของนายนัฐกรหรือว่า
10-10424-22.wav	นาย(เมธัศน,เมธัส)<MARK>คนนี้บอกว่าเขาลงทุน
10-10424-28.wav	แต่หลังนาย(เมธัศน,เมธัส)<MARK>บอกว่าเขายอมตื่นเช้า
15-15210-23.wav	แต่งงานกับนางสาวพัสราอบนาคอายุ23ปีน้องเสื้อแดง
15-15210-28.wav	ทางโลกโซเชียลทำนองว่าฝ่ายหญิงเนี่ยนางสาวพัสราเนี่ย
15-15210-32.wav	จากการสอบถามข้อเท็จจริงกับนางสาวพัสราก็คือ
10-10447-6.wav	ก็ได้คุมตัวดาบตำรวจสิริมงคล<MARK>ไปฝากขังศาลจังหวัดตลิ่งชันผลัดแรก
10-10451-14.wav	เข้าบัญชีของนางสาวสกุลทิพย์<MARK>
10-10453-16.wav	เพราะว่าเมื่อวานศาลจังหวัดนนทบุรีก็อนุมัติหมายจับแซน<MARK>นะคะ(วิสาพัฒน์,วิศาพัช)<MARK>ค่ะ
10-10456-100.wav	โดยนางธันวรา<MARK>(เลิศรัฐอังกูล,เลิศรัฐการกุล)ประธาน(สหกร,สหกรณ์)บอกว่าคุณเชอรี่<MARK>เนี่ย
10-10456-138.wav	แล้วก็มีคลิปที่คุณเชอรี่<MARK>ยืนกอดคอกับนายพิพัฒน์<MARK>ที่เป็นน้องชาย
10-10456-31.wav	เป็นผู้ต้องหาตามหมายจับคดีฆ่าคุณเชอรี่<MARK>นางสาว(ทิติมา,ธิติมา)<MARK>(ตั้งวิบูรพาณิชย์,ตั้งวิบูลย์พาณิชย์)อายุ39ปีนะคะ
10-10456-62.wav	อำนวย<MARK>(วิชัยโชธ,วิชัยโชติ)กับน้องชายก็คือนายบัณฑิต<MARK>(ตั้งวิบูรพาณิชย์,ตั้งวิบูลย์พาณิชย์)นะคะ
10-10456-67.wav	เพราะว่านายอัศยา<MARK>ขับหลบหนีไปแล้วก็ไปจอดทิ้งไว้
10-10456-69.wav	แต่ว่าส่วนใหญ่เนี่ยนายอัศยา<MARK>หรือผู้ต้องหาจะเป็นคนขับนายอัศยา<MARK>จะใช้(สัก,ซะ)ส่วนใหญ่
10-10456-99.wav	ที่ผ่านมานางสาว(ทิติมา,ธิติมา)<MARK>(ตั้งวิบูรพาณิชย์,ตั้งวิบูลย์พาณิชย์)หรือว่าเชอรี่<MARK>มาเป็นที่ปรึกษาให้กับโครงการ
10-10457-112.wav	เดินทางไปที่บ้านของตานัท<MARK>เพราะเมื่อกี้ป้าแดง<MARK>เขาเล่าว่ามีชื่อ
10-10457-126.wav	ไปที่สภ.(เขาบังแกรก,เขาบางแกรก)คราวนี้ได้เจอกับตาแสง<MARK>แล้วฮะนายแสง<MARK>(จรุล,จรูญ)
10-10457-158.wav	แม่ยอมรับว่าลูกของแม่เนี่ยก็คือนายบรรลือ<MARK>หรือว่าตาตั้ง<MARK>ที่ชาวบ้านเขาเรียกกันเนี่ย
10-10457-16.wav	ต่อมาครับทราบชื่อว่าผู้ตายคือนายบรรลือ<MARK>(อุพัฒน์,อู่พัฒน์)อายุ48ปี
10-10457-33.wav	แล้วคนตายคนนั้นคือนายบรรลือ<MARK>หรือชาวบ้านเรียกว่าตาตั้ง<MARK>ครับ
15-15210-45.wav	ขณะที่ในเฟซบุ๊คที่ชื่อว่าบุญมีทองขันก็คือนางสาวพัสราเนี่ย
15-15210-57.wav	ทีนี้นางสาวพัสราก็ยังโพสต์อีกว่า
10-10457-57.wav	ไปยังจุดที่เจอศพตาตั้ง<MARK>หรือว่านายบรรลือ<MARK>นะครับ
10-10457-64.wav	ก็เลยจ้างตาตั้ง<MARK>หรือว่านายบรรลือ<MARK>มาช่วยดูแล
10-10457-66.wav	คุณแซค<MARK>ก็เลยเดินทางไปที่บ้านป้าแจ๋ว<MARK>เจ้าของ(ข้อควาย,คอกควาย)นะครับ
10-10457-81.wav	เคยมีปัญหากับนายแสง<MARK>(จรุน,จรูญ)หรือว่าตาแสง<MARK>เพียงคนเดียวเท่านั้นแหละ
15-15213-29.wav	นางสาวพรชุดาต้นโพสต์เนี่ยนะฮะ
15-15213-45.wav	นางสาวพรชุดานะครับก็ยืนยันบอกว่าไม่มีใครแกะกินเลยระหว่างทาง
15-15213-56.wav	นางสาวสิริรัตน์ทองขจรนะครับเธอเป็นลูกสาวของเจ้าของร้านนะนะ
10-10459-7.wav	นางสาวสุพัตรา<MARK>เพชรหินอายุ30ปีก็ยังคงนอนพักรักษาตัวที่โรงพยาบาลตรังในสภาพอิดโรยและเสียใจตลอดเวลานะคะ
10-10459-8.wav	โดยมีนายเอกพงศ์<MARK>แก้วดีอายุ32ปีซึ่งเป็นสามีคอยให้กำลังใจอย่างใกล้ชิด
15-15220-22.wav	จังหวัดนครปฐมไปร่วมงานบุญ
10-10467-24.wav	จังหวัดกาฬสินธุ์คนนี้ฮะธนวัฒน์<MARK>เนี่ยรับสารภาพว่าเขาถูกว่าจ้างจากนายสันติ<MARK>
10-10468-2.wav	พาไปหิวทำไมพาไปหิวเช้าแบบนี้ต้องหิวแน่นอนนะคะพาไปที่จังหวัดพะเยา
10-10469-3.wav	เจองูจับไม่เป็นหรอกพี่รัฐา<MARK>มาช่วยจับที่บ้านของนายตำรวจท่านนี้หน่อยครับ
10-10482-20.wav	ที่จุดเกิดเหตุโดยนายบุญทัน<MARK>นะฮะผู้เสียหายเนี่ย
10-10482-22.wav	นายบุญธรรม<MARK>ระบุว่าไม่คิดว่าคนก่อเหตุจะเป็นคนในหมู่บ้านเดียวกันนี่แหละ
10-10484-30.wav	ตรวจสอบประวัติดูคนร้ายคือนายธีรยุทธ์<MARK>สุริวงศ์อายุ44ปี
10-10486-19.wav	นายเจ้าหลาน<MARK>ยอมรับบอกว่าเป็นผู้ต้องหาตามหมายจับ
10-10490-8.wav	ภรรยานาย(ท้องม่วน,ทองม้วน)<MARK>(กันหาเขียว,กัณหาเขียว)อายุ64ปีระบายความรู้สึก
10-10495-16.wav	นางสาวกัญจนา<MARK>มาจากจังหวัดสุโขทัยตั้งแต่6โมงเย็น
10-10496-4.wav	ตอนที่นายสถิต<MARK>(ยมคำ,พรมคำ)ขับรถรับส่งนักเรียนโรงเรียนน้ำพองศึกษาแล้วก็โรงเรียนชุมชน
10-10500-15.wav	ที่เกิดเหตุพบนาย(นิธิพง,นิธิพงศ์)<MARK>(ศิริเวศ,ศิริเวช)อายุ33ปีคนขับเสียชีวิต
10-10509-40.wav	มีหมูมากถึง159453ตัวใน56จังหวัด
10-10510-121.wav	ถ้าวันนี้นายสุภาพ<MARK>ไปโรงพยาบาลที่ปทุมธานีไปตรวจหมอให้ยามาแล้วปรากฏว่าอีกอาทิตย์(หนึ่ง,1)ไปที่โรงพยาบาล(สมุทรปลาการ,สมุทรปราการ)พอไปยื่นบัตรปั๊บเนี่ยทางเจ้าหน้าที่(เวทระเบียน,เวชระเบียน)จะรู้ทันทีเลยว่าเอ้าเมื่ออาทิตย์ที่แล้วเนี่ยคุณไปเบิกยาที่ปทุมธานีมาแล้วเนี่ยแล้วมาเบิกซ้ำซ้อนอีก
10-10519-658.wav	ระหว่างนั้นแม่ของนางสาวสุพัตรา<MARK>
10-10534-76.wav	ไม่กี่วันที่ผ่านมาเนี่ยคุณประพันธ์<MARK>นายโกวิทย์<MARK>
15-15230-11.wav	ภายใต้การนำของนายจีรพลหวานสนิทประหลัดอำเภอสิกาว
10-10537-21.wav	คุณรัตนา<MARK>กฤษณะสุวรรณ<MARK>อายุ66ปีเป็นชาวจังหวัดนครราชสีมา
10-10544-16.wav	ทีนี้ทีมข่าวของเราก็ลงไปพูดคุยกับนายมิตร<MARK>(สุขเกลี้ยง,สุกเลี้ยง)<MARK>นะฮะ
10-10544-17.wav	ขออภัยสุกเลี้ยง<MARK>นะครับอายุ56ปีชาวอำเภอปะเหลียนจังหวัดตรังนะฮะ
10-10549-48.wav	และขอบุญกุศลครั้งนี้ส่งให้กับนายอาคม<MARK>ปรีดากุล<MARK>หรือว่าพ่อค่อม<MARK>เนี่ยแหละค่ะ
15-15244-21.wav	ชื่อนายทิติวัฒน์อายุ54ปี
10-10558-52.wav	ก็คือนายชำนาญ<MARK>บุญวงศ์<MARK>
15-15245-71.wav	ก็มีนายแอดนางแหละนายเป้ในแบงค์
10-10561-10.wav	ของนาย(สุรเชษ,สุรเชษฐ์)<MARK>หวานเหลือ<MARK>อายุ24ปีเป็นแก๊งค้ายาเสพติด
25-25001-9.wav	ด้านนายนัฐกิจของทิพย์
25-25002-22.wav	โดยมีนางรัตนาพรแม่ค้าขายลอตเตอรี่เข้ามาคอมเมนต์ว่า
25-25004-52.wav	จากนายสุภกรสิริบุตรนะครับซึ่งเป็นพนักงานส่งอาหารของไลน์แมน
25-25006-5.wav	ผู้สื่อข่าวไปสำรวจนะคะความเสียหายตรงบ้านของนางจรลากุลเพียอายุ75ปีค่ะ
25-25011-12.wav	เข้าแจ้งความนะครับหลังจากถูกนางสาวอาริยา
25-25011-20.wav	เหตุการณ์นี้นะครับเกิดขึ้นหลังจากที่นางสาวอาริยา
25-25011-23.wav	แต่นางสาวอาริยาผู้เป็นป้าแล้วก็หลานสาวหายไปหลายชั่วโมง
25-25011-26.wav	หรือว่าเป็นน้องของนางสาวอาริยาเนี่ยนะครับ
25-25011-44.wav	ต่อมาตำรวจได้ไปคุมตัวนางสาวอาริยา
25-25011-47.wav	ซึ่งในชั้นสอบสวนนางสาวอาริยาให้การรับสาภาพ
25-25014-22.wav	ซึ่งนายเฉลิมวุฒิก็ให้ความร่วมมือแต่อย่างดีไม่ได้ขัดขืน
25-25014-24.wav	แล้วก็นายสรรยูเกื้อบุญส่งนะคะสองคนนี้ก็เป็นอีกสองคนที่ถูกจับมาวันนี้เหมือนกัน
25-25014-5.wav	ผู้ตายคือนายสมศักดิ์อ่อนชื่นจิตหรือว่าทนายหว่าววัย54ปี
10-10562-60.wav	ทีมข่าวได้ไปคุยกับแม่ของนางสายสุดา<MARK>นะคะคุณแม่บัวไพร<MARK>
10-10562-75.wav	เลี้ยงวัวบอกว่าหลังจากนางสายสุดา<MARK>จอดรถจักรยานยนต์ทิ้งไว้เนี่ย
10-10573-19.wav	เป็นฝีมือของนายวีรศักดิ์<MARK>มหิตอายุ44ปีค่ะ
10-10574-24.wav	คือนายธนพล<MARK>การพัฒน์อายุ21ปี
10-10574-26.wav	ส่วนชายคนขับรถกระบะก็คือนายพิมล<MARK>เจริญยิ่งอายุ32ปี
10-10574-31.wav	แต่ภาพจากกล้องวงจรปิดมันไม่ได้เป็นไปตามที่นายพิมล<MARK>ให้การนะครับ
10-10574-32.wav	ตำรวจต้องควบคุมตัวนายพิมล<MARK>ไว้นะฮะ
10-10577-4.wav	ที่ตำบลท่าไร่อำเภอเมืองก็มีผู้เสียชีวิตคือนายสมศักดิ์<MARK>คงศิลาอายุ45ปี
10-10577-7.wav	สอบสวนเขาบอกว่าก่อนเกิดเหตุเนี่ยนะนายสมศักดิ์<MARK>ผู้ตายเนี่ยเดินข้ามถนนพร้อมกับมีดพร้าแล้วก็ป้ายไวนิล
10-10577-8.wav	ต้องการจะไปติดป้ายอันนี้นะฮะซึ่งเป็นป้ายเรื่องของงานศพของนายคะนอง<MARK>ผิวผ่องอายุ45ปีนาย
10-10583-946.wav	เป็นไอดอลด้านการออกกำลังกายของทุกคนเป็นเหมือนแบบกิจวัตรประจำวันของนางอ่ะ
25-25015-33.wav	ก็ควบคุมตัวนายสราวุฒิคนที่เป็นพ่อค่ะ
10-10584-77.wav	เพราะว่านางปิดมานานแล้วแล้วนางติดถนนใหญ่ไหมเธอ
10-10587-70.wav	โรงแรมที่ไหนชื่ออะไรอยู่ในจังหวัดไหน
10-10588-41.wav	เจ้าของบ้านชื่อนางสาวเกร็ดแก้ว<MARK>ทัศนา
10-10591-127.wav	โอ้โหนี่นะคะข้อมูลใหม่จากนายสันทนะ<MARK>นะสมชาย<MARK>ระยองบ่อนลอยฟ้าใช่ไหม
10-10591-97.wav	อยู่ไม่ได้ค่ะนายสันทนะ<MARK>ประยูรรัตน์นะคะ
10-10593-10.wav	บอกว่ารถของผู้เสียหายคนนี้เป็นรถของนายศุภชัย<MARK>อายุ40
10-10593-13.wav	ตัวนายสมพร<MARK>บอกว่าคือเขาเนี่ยนะขับรถกันจากท้ายเหมืองพังงา
10-10593-33.wav	กรณีไปกับภรรยานายสุพนัท<MARK>อายุ33
10-10596-19.wav	เจ้าของห้องชื่อว่านายศิวะ<MARK>วงแพรอนุสร
10-10599-25.wav	ซึ่งเป็นภรรยาของนายจารุเกียรติ<MARK>
10-10600-120.wav	คือนางจงใจ<MARK>กิจแสวงเนี่ยเจ้าของหมูทอดเจ๊จงเขาออกมาช่วยนะครับ
10-10600-127.wav	ขณะที่เฟซบุ๊กเพื่อนแท้ร้านอาหารของนายสรเทพ<MARK>นะฮะ
10-10601-64.wav	มีคำสั่งให้นายบุญยฤทธิ์<MARK>ไปช่วยราชการกลุ่มงานปกครอง
10-10602-11.wav	ค่ะซึ่งนายทนก็คือนายธนพัฒน์<MARK>สงวนเขียวอายุ28ปี
10-10602-12.wav	ส่วนผู้ตายเนี่ยภรรยาชื่อนางสาวสุกัญญา<MARK>
10-10602-47.wav	ยังไม่มีเงาของนายธนพัฒน์<MARK>
25-25016-22.wav	ลงชื่อนางสาวละอวิไล
25-25016-25.wav	ให้นางสาวอ้อมอารีแข็งฤทธิ์หรือว่าครูอ้อม
10-10602-52.wav	เป็นปฏิบัติการไล่ล่านายธนพัฒน์<MARK>ที่กำลังหลบหนีอยู่
25-25016-61.wav	ลงชื่อนางสาวละอวิไลผู้มนวยการสำนักงานเขตพื้นที่การศึกษา
25-25016-71.wav	ก็คือนางสาวละอวิไลลงชื่อในหนังสือ
25-25016-72.wav	วันที่28สิงหาคมให้นายสุเทพสิงสมผู้มนวยการโรงเรียนวัดวงเดือน
25-25019-10.wav	นายสมชายเวชากรนายกสมาคมบอกว่า
25-25019-26.wav	นายชุมพลพรประพานะคะก็บอกว่ากลุ่มอุตสาหกรรม
25-25019-4.wav	นายพินิษจารุสมบัติอดีตรองนายกรัฐมนตรีและประธานสภาวัฒนธรรมไทยจีนและส่งเสริมความสัมพันธ์
10-10612-37.wav	นายสุพัฒน์<MARK>เตจ๊ะหนึ่งในโชเฟอร์รถแดงยืนยันนะคะว่า
10-10613-14.wav	เป็นโกดังเก็บมันสำปะหลังขนาดใหญ่เป็นจุดที่นายสำราญ<MARK>ตกลงมาจากต้นมะขามแล้วก็เสียชีวิต
10-10613-18.wav	รองเท้าของผู้ตายก็หลุดร่วงหมดนะครับนายทรงเดช<MARK>ลาวิราชเป็นเพื่อนคนงานด้วยกัน
10-10613-20.wav	ก่อนเกิดเหตุนายสำราญ<MARK>กับน้องชายได้ขึ้นไปตัดกิ่งไม้แล้วก็กิ่งมะขาม
10-10613-39.wav	นายบุญรักษ์<MARK>บอกว่าโกดังแห่งนี้มีอายุประมาณ50ปี
25-25020-9.wav	ศพของนายวอนเนี่ยญาติตั้งบำเพ็ญกุศลที่วัดทุ่งเผาอำเภอสบาย้อยก็อยู่ใกล้บ้านค่ะ
25-25021-11.wav	ทีมข่าวไทยบรัฐทีวีได้สอบถามกับนายนัทวุฒิศรีคำผู้โพสต์
25-25021-17.wav	ส่วนสภาพจิตใจของน้องตอนนี้นายนัทธวุฒิบอกว่าน้องยังรู้สึกหวาดกลัวและไม่ยอมไปโรงเรียน
15-15268-15.wav	แล้วก็เรียกให้จอดลงมาพูดคุยแบบนี้แต่นายสราวุฒิขันประมาท
15-15268-19.wav	คุณตำรวจบอกว่าผมไปเห็นนายการันทวุฒิ
15-15268-23.wav	พ่อของนายการันทวุฒิผู้ชายที่สวมเสื้อสีน้ำเงิน
15-15268-29.wav	ถามว่านายการันทวุฒิหยุดไหม
15-15268-40.wav	เพราะนายกรรณฑวุฒิตะโกนค่ะ
10-10613-9.wav	นายสำราญ<MARK>เครือแสงอายุ52ปีเป็นชาวจังหวัดขอนแก่นนะ
10-10616-21.wav	ก็คือนายนพอนันต์<MARK>คำสิทธิ์อายุ53ปีแล้วนะ
10-10616-33.wav	เป็นผู้หญิงด้วยชื่อว่านางสาวศศิชล<MARK>ค่ะ
10-10617-16.wav	ส่วนช่วงบ่ายวันนี้ครอบครัวได้จัดพิธีฌาปนกิจศพโดยนายทวีชัย<MARK>จริยะเอี่ยมอุดมในห้างใหญ่บริษัทท็อปไลน์มิวสิกอดีตต้นสังกัดของเชิดร็อกแสลงมาเป็นประธานในพิธีค่ะ
10-10617-1.wav	ได้ร่วมกันไว้อาลัยให้กับนักร้องเชิดร็อกแสลงหรือว่านายภัทรพล<MARK>พรมประโคนอายุ40ปีนะคะ
10-10617-9.wav	บรรยากาศงานศพคืนสุดท้ายของเชิดร็อกแสลงหรือนายภัทรพล<MARK>พรมประโคนอายุ40ปี
10-10619-20.wav	ในหลายข้อโต้แย้งที่นายธนาธร<MARK>ได้ต่อสู้เอาไว้นะครับ
25-25026-9.wav	ผู้โชคดีกลายเป็นเศรษฐีใหม่คือนางสุนงเอียงหลง
10-10619-21.wav	วินิจฉัยว่าการโอนหุ้นในวันที่8มกราคมที่นายธนาธร<MARK>บอกว่า
10-10623-35.wav	ส่วนการดำเนินคดีหลังตำรวจภูธรชะอำจังหวัดเพชรบุรีจับกุมตัวนายชัยยุทธ<MARK>คงเจริญผู้ต้องหา
10-10624-19.wav	ส่วนสถานการณ์น้ำตามสถานีวัดน้ำต่างนะครับยังคงมีมวลน้ำไหลผ่านอย่างต่อเนื่องโดยที่สถานีวัดน้ำวาย14อำเภอศรีสัชนาลัยจังหวัดสุโขทัยมีน้ำไหลผ่าน867ลูกบาศก์เมตรต่อวินาทีและไหลผ่านประตูระบายน้ำบ้านหาดสะพานจันทร์อำเภอสวรรคโลก550ลูกบาศก์เมตรต่อวินาที
10-10624-20.wav	สถานีวัดน้ำวาย33อำเภอศรีสำโรงมีน้ำไหลผ่าน540ลูกบาศก์เมตรต่อวินาทีและสถานีวัดน้ำวาย4ที่อำเภอเมืองจังหวัดสุโขทัยมีน้ำไหลผ่าน350ลูกบาศก์เมตรต่อวินาที
25-25027-22.wav	ในพื้นที่จังหวัดชัยนาทนะฮะอ่าเป็นเหตุการณ์ที่นางสาวชนิสรา
25-25027-26.wav	ก่อเหตุใช้มีดแทงนายเกรียงไกรเชียงสอนอายุ22ที่เป็นสามี
10-10628-1.wav	วันนี้คุณพยุงศักดิ์<MARK>กาลสมเกตุลงพื้นที่ไปที่อ.อ.ป.จังหวัดเชียงใหม่นะคะ
25-25027-36.wav	ทำแผนเมื่อวานนี้นางสาวชนิสราบอกว่าทำไปก็เพราะว่าโมโห
25-25027-59.wav	ของอ่านางสาวชนิสราชื่อเล่นชื่อเอ็มนะหลังก่อเหตุเนี่ย
10-10630-13.wav	นายทองปลิว<MARK>พลชัยไปบอกว่าเนี่ยผมเป็นพี่ชาย
10-10630-20.wav	สภาพศพของนายทองโปรย<MARK>ไม่มีบาดแผลตามตัว
25-25030-10.wav	บางครั้งนายบิ๊กก็ยอมรับแต่บางครั้งก็ปฏิเสธว่าไม่ได้ก่อเหตุขึ้น
10-10630-26.wav	ก็เข้าไปดูเข้าไปถามนายสุดสาคร<MARK>เนี่ยเหม่อลอยพูดอะไรก็ไม่รู้เรื่อง
10-10630-27.wav	ภรรยานายสุดสาคร<MARK>บอกว่าหลังจากสามีเธอพบศพก็มีอาการตกใจกลัว
25-25030-3.wav	นายสิวนาชำนาญพุษาหรือบิ๊กผู้ต้องหาที่ก่อเหตุใช้ลวดสลิงขึงที่ถนนหน้าบ้านตัวเองจนทำให้นายสืบสกุลยิ่งสมหรือน้องทิพย์ที่ขี่มอเตอร์ไซค์ผ่านมาแล้วล้มลงจนลวดสลิงขึงรัดคอได้รับบาดเจ็บ
10-10630-39.wav	จากการสอบถามนายสุดสาคร<MARK>คนงานที่พบศพคนแรกคนที่ชักเกร็งเมื่อสักครู่ที่ไปคุยมานะคะ
10-10630-8.wav	คนดูแลฟาร์มหมูนายสุดสาคร<MARK>พลไทยสงค์อายุ43เป็นคนพบศพนะคะ
10-10630-9.wav	ผู้เสียชีวิตชื่อว่านายทองโปรย<MARK>พลชัยสภาพศพขึ้นอืดแล้วค่ะนี่นะคะ
25-25034-23.wav	ก็เลยจ้างจ้างพี่สะพ้ายคือนางรุ้งลาวัลพุ่มบัว
10-10638-4.wav	นี่ครับผู้ว่าราชการจังหวัดสมุทรสาครผู้ว่าวีระศักดิ์<MARK>วิจิตร์แสงศรีพร้อมด้วยนางชุติพร<MARK>ภรรยานะครับ
10-10639-38.wav	ในเรื่องนี้นะครับนายอนุชา<MARK>นาคาศัย
15-15268-53.wav	ตำรวจนำตัวนายกรันทวุฒิเป่าวัดแอลกอฮอล์นะคะ
10-10642-103.wav	ในพื้นที่จังหวัดลำพูนค่ะ
10-10643-7.wav	ภายในห้องดับจิตพบศพของนายภูริพัฒน์<MARK>เบิกบาน
15-15270-8.wav	นางสาวพจนีคงคาลัยผู้ช่วยผู้จัดการใหญ่ธนาคารกรุงเทพ
10-10651-13.wav	คือนายวิสันต์<MARK>บรเศษวัย42ซึ่งเป็นเพื่อนบ้านต่างวัย
10-10651-20.wav	จนกระทั่งพยานหลักฐานทั้งหมดมาหยุดอยู่ที่นายวิสันต์<MARK>
10-10651-35.wav	นางสาวอั๋น<MARK>เสนาภรรยาของน้องเขยที่เคยตกเป็นผู้ต้องสงสัย
10-10651-48.wav	ตำรวจแจ้งข้อหาฆ่าคนตายกับนายวิสันต์<MARK>
10-10652-43.wav	เหตุสลดนี้นางสาวเจียรนัย<MARK>แม่ของนางสาวพลอย<MARK>
25-25042-14.wav	ก่อนเกิดเหตุนายสถิตรับจ้างขับรถไถปรับที่นาให้กับเพื่อนบ้าน
10-10652-63.wav	ก่อนจะมาพบว่านายเกษม<MARK>เสียชีวิตนอนจมกองเลือด
10-10652-64.wav	เช่นเดียวกับนางชมพูนุชทองแสน<MARK>ลูกสะใภ้ของผู้เสียชีวิต
10-10652-67.wav	นายเกษม<MARK>ต้องใช้ให้เธอโทรเรียกให้พลอยกลับมาเอาเงินทุกครั้ง
25-25042-24.wav	ภายในรถพบนายอนุเทพเอี่ยมภูนอายุ45ปี
10-10654-64.wav	คุณผู้ชมครับที่จังหวัดตรังก็ถือว่าขึ้นชื่อนะเรื่องของหมูย่างหมูย่างตรัง
25-25042-59.wav	อุบัติเหตุที่เกิดขึ้นทำให้นายทัศนายอินตนาอายุ26ปี
10-10654-66.wav	เพราะฉะนั้นถ้าไปที่จังหวัดตรังก็ควรจะพกตังค์ไปด้วย
25-25042-8.wav	ที่เกิดเหตุพบศพนายสถิตขาวนุ้ยอายุ64ปี
25-25043-38.wav	นายนิกรวิทยาพันธ์และนายวิเศษสังควิสิทธิ์
10-10656-12.wav	เจ้าของบ้านคือนายฐิตินันท์จันทร์หอม<MARK>อายุ35ปีนะครับอัญเชิญพ่อปู่
10-10656-18.wav	นายฐิตินันท์<MARK>เนี่ยเขาบอกว่าพิธีนี้เกิดขึ้นเป็นครั้งที่(สอง,2)แล้ว
10-10657-18.wav	คุณแม่นะคะนางสาววริสราสมณะ<MARK>อายุ30ปี
25-25043-74.wav	นายปิยรัฐจงเทพหรือว่าโตโต้
25-25043-75.wav	นายนิกรวิทยาพันธ์แล้วก็นายวิเศษสังวิสิทธิ์
25-25043-79.wav	ก็เลยควบคุมตัวนายวิสิทธิ์มาด้วย
25-25043-93.wav	นายเนติวิทย์โชติพัฒน์ภัยศาล
10-10661-7.wav	ซึ่งก็คือนายภาณุพงศ์<MARK>นะคะ
10-10666-168.wav	จริงก็คือทางนางสาวตรีนุชเทียนทอง<MARK>รัฐมนตรีว่าการกระทรวงศึกษาธิการ
25-25055-5.wav	เป็นงานวัดงานบุญแต่ไม่ใช่นี่คืองานศพงานชาปนกิจศพของนายสมเกียจบุญยง
25-25055-8.wav	ยังไงอยู่นะฮะนางสาคอนบุญยงภรรยาของนายสมเกียจผู้ตายบอกว่า
25-25056-17.wav	อย่างคุณหญิงสุดารัฐเกยุราพันธ์นายชูศักดิ์สิรินิน
25-25056-18.wav	นายชัยเกษมนิติสิรินายโพคินพลกุล
25-25057-24.wav	นายกมลแก้วเทศนายกเทศมนตรีเมืองประจวบคีรีขันธ์
10-10666-486.wav	เอ้าเราไปกันที่เชียงคานจังหวัดเลยครับ
10-10666-511.wav	จิ้งจกเนี่ยมาให้โชคให้ลาภนะฮะนางสาวคงขวัญ<MARK>เขาได้โพสต์คลิปวิดีโอลงในกลุ่มไลน์เพื่อนแล้วเมื่อวานช่วงบ่าย
10-10667-13.wav	หลังที่(สอง,2)เป็นบ้านของนางสาวนัทยาอิทธิพัฒน์เดชาธร<MARK>
10-10667-19.wav	ส่วนบ้านหลังที่(สาม,3)อยู่ใกล้กับบ้านของนางสาวนัทยา<MARK>เลยนะคะ
10-10667-2.wav	โจรขโมยขึ้นบ้านนะคะที่จังหวัดร้อยเอ็ดเขาบอกโดนไป(สาม,3)หลังถ้วนเลยนะคะ
10-10667-4.wav	หลังแรกนี่แหละเป็นบ้านของนายสราวุฒิคามวัน<MARK>เป็นผู้อำนวยการโรงเรียนบ้านโคกนาคำ
10-10670-9.wav	นายสุรศักดิ์ปานสวัสดิ์<MARK>อายุ51ปีเป็นช่างทาสี
10-10673-138.wav	แต่นายสมบูรณ์<MARK>ผู้ตายเนี่ยเขาย้อนกลับมาจะขอโทษเจ้าของงานวันเกิด
10-10673-141.wav	คือนายสมบูรณ์<MARK>อยู่พอดีก็เลยถูกยิงจนเสียชีวิต
10-10673-142.wav	ซึ่งคนในงานบอกว่าความจริงนายสมบูรณ์<MARK>กับนายอิ๋วเองเขาก็เหมือนกับมีปัญหาอะไรกันมาก่อนแล้ว
10-10673-143.wav	ท่านผู้ชมครับวันนี้คุณนฤทธิ์บุญนิ่ม<MARK>ผู้สื่อข่าวของเราได้ไปคุยกับโจนะฮะโจที่เป็นรุ่นพี่ของนายอิ๋วเป็นคนตบ
10-10673-148.wav	คืนวันเกิดเหตุนายสมบูรณ์<MARK>ผู้ตายเอง
10-10673-151.wav	แต่นายสมบูรณ์<MARK>เนี่ยเขาย้อนกลับมาที่งาน
10-10673-19.wav	นี่นะฮะทำให้นายสมบูรณ์แซ่กัง<MARK>อายุ50เสียชีวิต
10-10673-30.wav	ส่วนนายสมบูรณ์แซ่กัง<MARK>อายุ50ที่อยู่ในงานถูกยิงเสียชีวิต
10-10673-96.wav	ลูกชายของนายสมบูรณ์<MARK>แล้วก็ครอบครัววันนี้ก็มาที่สน.สำเหร่นะครับ
10-10675-100.wav	นายสุวิทย์เอมอิ่ม<MARK>อายุ50ปีเป็นเจ้าหน้าที่ชลประทานนะคะ
10-10675-111.wav	ต้องเอาศพขึ้นที่บริเวณนี้นายสุวิทย์<MARK>บอกว่า
25-25057-35.wav	นายแดงแก้วชิงดวง
25-25059-4.wav	ตำรวจโรงพักหนองย่าปล่องจังหวัดเลยเข้าไปตรวจสอบศพของนางสาวดวงจันทองดี
25-25061-20.wav	มีนายพิชยุทธ์บุญธรรมอายุ28ปีเป็นคนขับนะคะ
25-25061-23.wav	ห่างออกไปเล็กน้อยพบศพนายชนะวัฒนาพลอายุ65ปี
25-25061-35.wav	ที่เกิดเหตุพบนายชัยมงคลสงวนอินอายุ33ปี
25-25062-22.wav	ให้กับนายสิรินสงวนสินสมาชิกสภาพผู้แทนรัศดร
25-25062-33.wav	นายนัทธวุฒิบัวประทุมสสบัญชีรายชื่อและรองหัวหน้าพักก็บอกว่า
25-25063-10.wav	นายปริพลจารณะอายุ46ปี
25-25063-23.wav	ลุยซัดทอดมาถึงผู้ชายคนนี้คือนายปริพล
25-25063-24.wav	ทีนี้พอถึงเวลานัดหมายค่ะนายปริพลก็ขี่มอเตอร์ไซค์
25-25063-26.wav	ติดต่อขอซื้อยาจากนายปริพลทีนี้พอมาถึง
25-25073-173.wav	ด้านนางสาวพิมนิพาผู้บำรุงอายุ45ปีผู้มีสิทธิ์เลือกตั้ง
25-25073-66.wav	ขณะที่นายสมบัติกระหนกทิพวันผู้อำนวยการเขตหลัก3
25-25073-96.wav	ด้านของนางสาววิลัยคดพิมพ์อายุ39ปีประชาชนเขตหลัก4
25-25073-97.wav	เดินทางมาพร้อมกับคุณแม่หรือว่านางบำรุงคดพิมพ์อายุ73ปี
25-25074-24.wav	โดยก่อนหน้านี้นางบัวเรียนได้มอบมรดกให้ลูกทุกคน
25-25074-6.wav	ตำรวจสอบสวนนายกลวยแก้วเกิดมีอายุ42ปี
25-25074-7.wav	เป็นผู้ต้องหาใช้มีดแทงนางบัวเรียน
25-25075-15.wav	ส่วนนายกฤษณะอมิสูรหรือว่าบอลคาดว่ายังคงหลบหนีแล้วก็ซ่อนตัวอยู่ในจังหวัดเชียงใหม่
25-25081-13.wav	เป็นนาทีที่นายมงคลเหงขุนทศอายุ40ปี
25-25086-17.wav	จากการสอบถามนายสุขชัยพรสิรินายจ้างของผู้เสียชีวิตบอกว่า
25-25091-50.wav	ลอกท่อเนี่ยนะฮะชื่อนายดิเรกอินทรังศรีตอนนี้ถูกนำตัวส่งไป
25-25091-51.wav	อยู่ที่โรงพยาบาลกล้วยน้ำไทยนายทศพลทัศวรรษนี่เป็น
25-25091-53.wav	แล้วก็มีนายวราวุฒิอู่นาศนี่เป็นช่างเหมือนกันนะครับลงไป
25-25091-68.wav	เกอร์ไฟแต่ตรงที่เกิดเหตุนายสาริมานซึ่งเป็นเจ้าหน้าที่
25-25093-13.wav	ช่วยกันรื้อบ้านของนายพานิพอสุนทราสินทุหมู่1
25-25093-16.wav	ด้านของนายไตรรัฐวนาสิริสุขนายกองค์การบริหารส่วนตำบลแม่สามและ
25-25093-19.wav	แต่ที่เสี่ยงมากและต้องดำเนินการเร่งด่วนก็คือบ้านของนายพานิพอ
25-25093-40.wav	ส่วนที่บ้านของนางดวงจันทร์รักสถานก็อยู่บริเวณเชิงเขา
25-25097-11.wav	คือนายกัมพลศรีศุกร์คุณลุงอายุ73แล้วแล้วเขาก็เปิดข้างล่างเป็นร้านขายของชำนะคะ
25-25097-13.wav	เพราะว่าแพลนทะเลาะกับแฟนแฟนคือนายแปงนายวัชรพลวันหวัง
25-25103-12.wav	และนางดิวมารูเซฟประธานาธิบดีบราซิล
25-25110-101.wav	นางสุกรยาเนี่ยมาทำร้ายร่างกายพ่อเขาก่อนกระชากสร้อยคอจนขาดด้วย
25-25110-108.wav	และไม่ใช่ที่นางสุกรยาด้วยแต่โกไข่เนี่ยเขาเอามะละกอไปปลูกเอาไว้
25-25110-112.wav	แต่วันเกิดเหตุเนี่ยนางสุกรยาเนี่ยมาพูดจายั่วยุก่อน
25-25110-116.wav	นางสุกรยาเนี่ยอันนี้ลูกโกไข่บอกกับเรานะ
25-25110-118.wav	นางสุกรยาเนี่ยถ้าจะพูดเอาตรงเนี่ยนะ
25-25110-136.wav	ตรงกันข้ามนางสุกรยาจะขอมะละกอลูกหนึ่งไปทำแกงไตปลา
25-25110-139.wav	ซึ่งอยู่ข้างบ้านของนางสุกรยา
25-25110-143.wav	เขาบอกเขาก็บอกว่านางสุกรยาเนี่ยไปหาเรื่องโกไข่ก่อนนะ
25-25110-148.wav	อีกคนนึงเนี่ยก็บอกว่าที่นางสุกัลยาบอกว่าโกไข่เป็นคนมีอิทธิพล
25-25110-151.wav	บางคนก็บอกว่าข้อมูลที่บอกว่านางสุกรยาเคยใช้ปืนจุด38ไปข่มขู่เขาเนี่ยอันนี้ก็จริง
25-25110-154.wav	บ้านของคนที่บอกว่าเคยถูกนางสุกัลยาข่มขู่อะไรตรงนี้นะครับ
25-25110-155.wav	เขาบอกว่าบ้านของเขาอยู่ห่างจากบ้านนางสุกัลยาเพียงแค่ที่ดินเปล่ากั้นเอาไว้หนึ่งห้อง
25-25110-158.wav	ซึ่งมันอยู่ระหว่างบ้านของเขากับบ้านของนางสุกรยา
25-25110-161.wav	เพราะว่ากลัวว่าจะมาเอาปืนมายิงจนเย็นวันนั้นนางสุกรยาเนี่ยต้องเข้ามายกมือไหว้กราบขอโทษที่ใช้ปืนมาข่มขู่
25-25110-171.wav	นางสุกรยาบอกว่าไม่ยอมความนะก็คือจะเอาเรื่องให้ถึงที่สุดเลยอะค่ะ
25-25110-38.wav	อืมผลมะละกอที่นางสุกรยาถือเดี๋ยวเขาจะถือให้ดูนะ
25-25110-40.wav	ส่วนมีดนางสุกรยาบอกว่าสปาต้าเลยนะโอ้โหนี่นี่
25-25110-45.wav	เอาฟังเหตุการณ์จากเธอนะนางสุกรยาบอกว่าวันเกิดเหตุนะคะ
25-25110-55.wav	นางสุกรยาบอกก็เลยวิ่งหนีเข้าบ้าน
25-25110-79.wav	นางสุกรยาอ้างว่ามาขอมะละกอเอาไปทำแกงไตปลาค่ะ
25-25110-86.wav	ก็คือตั้งใจจะไปช่วยเหลือทางฝั่งนางสุกรยานั่นแหละ
25-25111-18.wav	ก็นี่แหละฮะเครือข่ายของทางด้านของนางสาวทิพย์อาภาด้วย
25-25111-30.wav	ไม่ว่าจะเป็นเครือข่ายเอกอ้วนหรือว่าเครือข่ายของนางสาวทิพย์อาภา
25-25111-47.wav	อีกทั้งยังพบพิรุษเกี่ยวกับตัวของนางสาวทิพย์อาภาพรยา
25-25111-4.wav	ก็เลยรู้ว่าเป็นนางสาวทิพย์อาภารักษาแสง
25-25111-5.wav	มีการขยายผลไปตรวจค้นบ้านของนางสาวทิพย์อาภา
25-25113-10.wav	ตัวนายมาริอุทเมื่อวานนี้ให้การปฏิเสธทุกอย่างเลยนะ
25-25113-30.wav	ตำรวจตั้ง3ข้อหานะคะกับนายบริวุฒิคือทำร้ายร่างกายผู้อื่นจนถึงแก่ความตาย
25-25113-7.wav	นี่แหละค่ะก็คือนายมาริอุทอายุ32ปีสัญชาติลิทูเนีย
25-25113-8.wav	ซึ่งตกเป็นผู้ต้องหาฆ่านายธิรพงศ์ล้ำเหลืออายุ31ปีแฟนสาวประเภท2
25-25114-67.wav	เข้ามาช่วยเหลือดูแลนายชะกาดด้วย
25-25122-13.wav	ไม่ว่าจะเป็นนายอัธพลบัวพัฒน์ฉายาของเขาครูใหญ่ขอนแก่นพอกันที
25-25122-14.wav	นายชัยอมรแก้ววิบูรพันธ์เอ๊ะใคร
25-25122-16.wav	อีกหนึ่งคนนะคะนายชินวัฒน์จันกระจ่าง
25-25124-15.wav	คือนางสาวชนธิดาชมภูกุลอายุ44ปีเป็นชาวบ้าน
25-25124-25.wav	ของเธอชื่อนางทองเพียรชมพูกุลอายุ75ปี
25-25125-9.wav	นายวิษณุเทศทองอายุ25ปีเจ้าบ่าว
25-25131-6.wav	แต่ว่าหายตัวไปนี่แหละค่ะวันนี้นายประทวนนิดเนธ
25-25140-33.wav	หญิงในคลิปที่เห็นนั้นคือนางสำรานรัตนปัญญาอายุ41ปี
25-25147-21.wav	ในภาพก็คือนางสาวสุภาวิตาทองใหญ่หรือว่าน้องเบ
25-25149-12.wav	นายอภิษฎเวชาชีวะอดีตหัวหน้าพักประชาธิปัตย์มองว่ารัฐมนูลไม่ได้เป็นเพียงปัจจัยเดียว
25-25151-9.wav	ทางด้านของนางสาวสวรรคโตใหญ่ภรรยาของผู้เสียชีวิตเนี่ยบอกว่าก่อนหน้านี้เนี่ย
25-25154-15.wav	ก็เป็นการแถลงจากนายอิทธิพรบุญประคองประธานคณะกรรมการการเลือกตั้งนะคะ
25-25154-54.wav	นายสมศักดิ์เทพสุธินประธานกรรมการ
25-25154-78.wav	ส่วนทางด้านของนายธนาชีรวินิตโฆษกภักดิ์ประชาธิปัตย์ก็บอกนะคะว่า
25-25154-83.wav	หัวหน้าพักนายอภิษฎเวชาชีวะคนนี้นี่แหละ
25-25157-17.wav	ก็เลยทำให้ปีนี้นายเฉลิมสารแปง
25-25158-101.wav	นะครับก็คือนายนัทชัยปัญญาสุรฤทธิ์
25-25158-105.wav	เจ้าหน้าที่ก็ส่งรถมารับตัวของนางสาวธัญพร
25-25158-123.wav	ผู้สิทธิ์ข่าวติดต่อไปยังนางสาวธัญพร
25-25158-65.wav	ผู้ป่วยรายนี้คือนางสาวธัญพรอายุ44ปีนะครับ
25-25161-107.wav	มีของกลางเป็นย่ามของนายชายาคนนี้แหละ
25-25161-110.wav	ทางตำรวจก็บอกว่านี่แหละนายชายาก็กินเนี่ย
25-25161-142.wav	บางคนเห็นนายชายาไปซื้อของกิน
25-25161-164.wav	ที่ผ่านมาชาวบ้านก็กลัวนายชายากลัวว่าจะตกเป็นเหยื่อ
25-25161-168.wav	ก็รู้จักนายชายาตั้งแต่เด็กนะปกติก็เกเรแต่เด็ก
25-25348-61.wav	แม่บ้านของร้านทองร้านนี้นางสายันกันเพชรก็บอกว่าก่อนเกิดเหตุเขาเห็นผู้ชายคนหนึ่งค่ะ
25-25350-712.wav	ทราบว่าคือนางสาวนิวิพาอายุ45ปีเจ้าของร้านเนี่ยมีรอยกระสุนนะฮะ
25-25351-12.wav	ซึ่งหนึ่งในนั้นก็คือนายธีรชัยอุดรวิเชียน
25-25351-10.wav	ก่อนหน้านี้เจ้าหน้าที่ฝ่ายความมั่นคงได้จับกลุ่มคนเครือข่ายของนายวุฒิพงศ์
25-25351-14.wav	มีการติดต่อกับนายเปปซี่ให้นำสิ่งของข้ามมาส่งให้กับเครือข่ายที่อยู่ในลาวนะครับ
25-25351-13.wav	โดยจากการตรวจสอบข้อมูลพบว่านายธีรชัยแล้วก็โกติเนี่ย
25-25351-15.wav	จากการตรวจสอบนายหัสดีก็ให้การครับว่าเข้ามาทำงานในไทยได้10ปี
25-25351-23.wav	แล้วก็มีคนชื่อนายบรพินได้ขับรถนำรังกระดาษ7รัง
25-25351-35.wav	ว่าเกี่ยวข้องกับเครือข่ายของนายโกเตยิบหรือเปล่า
25-25351-5.wav	นายสุชาตินพวัลผู้ว่าราชการจังหวัดหนองคาย
25-25351-6.wav	ร่วมสอบสวนนายหัสดีที่พศรอายุ34ปีหรือว่าเปปซี่
25-25354-16.wav	และนายละมัยอ่วมงามทรัพย์นำขวดเครื่องดื่มชูกำลัง
25-25354-20.wav	แรงระเบิดนั้นก็ทำให้ทั้งนายธนงแล้วก็นายละมัยบาดเจ็บ
25-25343-16.wav	และหนึ่งในนั้นคือนายภูสนะสิงหนวงศ์
10-10675-33.wav	กู้ภัยเล่าให้ฟังค่ะนางสาวสุรัสวดีอินบาง<MARK>อาสาสมัครกู้ภัย
10-10677-39.wav	นายวิพุธ<MARK>ได้ร่วมกับนายยุทธนา<MARK>อีกคนนะคะพรากและพาผู้เสียหายไปจากความปกครองของผู้ปกครอง
10-10678-22.wav	เพื่อช่วยชีวิตนายวศิลป์จีระสุวรรณกิจ<MARK>คนขับคือติดคาซากรถเลยค่ะ
10-10678-35.wav	อุบัติเหตุในครั้งนี้ก็ทำให้นายฉลวยสร้อยดอกสน<MARK>อายุ65ปีเป็นคนขี่รถจักรยานยนต์พ่วงข้างเสียชีวิตเลยนะฮะ
10-10678-42.wav	คนขี่รถจักรยานยนต์พ่วงข้างคือนายฉลวย<MARK>เนี่ยคือตอนนั้นกำลังอาการหนักเลย
25-25161-63.wav	พอติดต่อมาปุ๊บก็เลยบอกตำรวจเลยนายชัยยาตะนานะครับเมื่อคืนนี้โทรศัพท์มาหาเพื่อนนะครับ
10-10684-158.wav	ของนางรัตนาพร<MARK>แล้วก็ร้อยตำรวจโทจรูญ<MARK>ไป
10-10684-30.wav	จากนายษิทราเบี้ยบังเกิด<MARK>
25-25161-78.wav	นายชายาเนี่ยเดินฝ่าความมืดนะครับแล้วก็เหมือนกับจะไหวตัวทัน
10-10688-1013.wav	คือพิกัดที่ลองปั่นจักรยานลองเดินลองขี่รถจักรยานยนต์เนี่ยคือทดลองจากบ้านของนายนรินทร์<MARK>
25-25161-82.wav	มาถึงบ้านร้างหลังเนี้ยนายชายาล้มพับสลบ
10-10688-1015.wav	ซึ่งนายนรินทร์<MARK>ถูกเรียกไปสอบปากคำคดีน้องชมพู่และนายนรินทร์<MARK>บ้านใกล้กับบ้านน้องชมพู่
10-10688-1016.wav	นายนรินทร์<MARK>มีรถจักรยานยนต์แล้วมีรถจักรยานด้วยอันนี้ติเลยลองปั่นจักรยานดู
10-10688-1017.wav	จากบ้านของนายนรินทร์<MARK>ไปบ้านน้องชมพู่นะคะติบอกว่าก็เหนื่อยอยู่เหมือนกันนะคะ
10-10688-1063.wav	หลังจากที่คณะสงฆ์ที่มุกดาหารลงมติว่าให้ท่านเนี่ยต้องออกจากจังหวัดมุกดาหาร
10-10688-114.wav	เรื่องนายนรินทร์<MARK>ก่อนแล้วกันนะครับท่านผู้ชมครับ
10-10688-1152.wav	มาค่ะพระครูบาอริยชาติอริยจิตโต<MARK>เจ้าอาวาสวัดแสงแก้วโพธิญาณจังหวัดเชียงราย
10-10688-115.wav	นายนรินทร์<MARK>นะฮะเป็นชาวบ้านในพื้นที่บ้านกกกอกนะครับ
25-25161-87.wav	เพราะว่านายชายาขโมยปืนล่าสัตว์จากชาวบ้านไปด้วย
10-10688-1174.wav	แล้วล่าสุดเลยก็คือร่างทรงนายถนอมสุดหอม<MARK>หมอธรรมจากบุรีรัมย์
25-25161-91.wav	พอจับได้นะคะนายชัยยาคนนี้เดินไม่ไหวนะ
25-25162-18.wav	คือหมายเลขทะเบียนกไก่ชชิง5895อุดรธานีเจ้าของคือนายพีรพงศ์สร้อยจรุงอายุ69ปี
25-25162-20.wav	เชื่อว่ากระดูกที่พบก็คือนายพีรพงศ์ทำให้ตำรวจต้องเร่งหาสาเหตุทั้งอุบัติเหตุและถูกฆาตกรรม
25-25162-26.wav	ลูกสาวนายพีรพงศ์ยืนยันว่าเสื้อผ้าและรถที่พบเป็นของบิดา
25-25164-20.wav	นายประกอบชะบำรุงอายุ45ปีสามีใหม่
10-10688-125.wav	มีคำสั่งไม่อนุญาตให้ปล่อยตัวชั่วคราวนายนรินทร์<MARK>นะครับ
10-10688-128.wav	คือนายนรินทร์<MARK>เนี่ยเขาปฏิเสธข้อหาตลอดนะฮะ
10-10688-133.wav	วันนี้คุณภูริภัทรบุญนิล<MARK>นะครับก็ตามภรรยากับญาติของนายนรินทร์<MARK>ไปนะครับ
10-10688-139.wav	ภรรยาของนายนรินทร์<MARK>นะครับบอกว่าสามีของเธอถูกนำตัวไปสอบปากคำ
10-10688-160.wav	ไม่ใช่นายนรินทร์<MARK>นะอันนี้มุมมองชาวบ้านนะครับท่านผู้ชมครับที่เขาให้ข้อมูลกับเรา
25-25164-27.wav	สุดท้ายค่ะนางบุญภายอมรับว่า
10-10688-166.wav	ว่าจะเป็นนายนรินทร์<MARK>หรือว่าจะเป็นคนไหนก็แล้วแต่เนี่ย
10-10688-169.wav	ก็คือชายเร่ร่อนกับนายนรินทร์<MARK>
10-10688-173.wav	มันมีคนตั้งข้อสังเกตว่ามีจักรยานของนายนรินทร์<MARK>
10-10688-202.wav	ส่วนประเด็นเรื่องของนายนรินทร์<MARK>ที่มีคนไปเจอจักรยานอยู่ที่สวนยางใกล้บ้านตั้งแต่วันที่น้องชมพู่หายไป
25-25164-58.wav	ส่วนนายสุชาติลูกชายขออนุมสารออกหมายจับเรียบร้อยแล้ว
25-25164-62.wav	เล่าให้ฟังบอกว่าวันนั้นเห็นนางบุญพาตื่นขึ้นมา
10-10688-264.wav	เรียบร้อยเป็นระเบียบสวยงามชายเร่ร่อนคนนี้ที่ชื่อว่านายสงบ<MARK>อายุ50กว่าเนี่ยบอกว่า
10-10688-27.wav	ตำรวจสอบถามและชื่อนายสงบ<MARK>อายุ56ปีเขาเป็นชาวสุรินทร์นะครับ
10-10688-28.wav	มีคนไปพบที่เถียงนาของนายสมคิด<MARK>ซึ่งเป็นหนึ่งในผู้ต้องสงสัยในคดีน้องชมพู่
10-10688-29.wav	นานายสมคิด<MARK>อยู่ใกล้กับภูผาพางซึ่งอยู่ไม่ไกลจากภูเหล็กไฟ
10-10688-30.wav	นายสงบ<MARK>เนี่ยบอกว่าเขาเดินมาจากบ้านกกตูมขึ้นภูเหล็กไฟแล้วก็ลงมาที่บ้านกกกอก
10-10688-33.wav	ในถุงกระสอบปุ๋ยนะที่นายสงบ<MARK>ถือมาเนี่ยหรือว่าในกระเป๋าเนี่ยนะครับ
10-10688-400.wav	ระหว่างตำรวจสอบปากคำนายสงบ<MARK>ก็สามารถพูดคุยได้ตอบคำถามได้
25-25164-76.wav	ถึงขั้นเคยหลุดปากบอกว่าอยากฆ่าสามีฟังเสียงคนงานที่รับฟังปัญหานี้จากนางบุญภาค่ะ
25-25166-15.wav	นี่เป็นคลิปที่ชาวบ้านเล่าพฤติกรรมของนายพฤษนะคะ
10-10688-427.wav	หรือว่าเป็นเพียงแค่คนเร่ร่อนเท่านั้นทางญาติๆก็เลยมาติดต่อขอรับของใช้ส่วนตัวของนายสงบ<MARK>ทั้งหลายนะฮะ
10-10688-428.wav	เพื่อจะเอาไปเก็บรักษาไว้ดูแลก่อนนะครับญาติบอกว่านายสงบ<MARK>เนี่ยหายจากบ้านไปนานกว่า20ปีแล้วนะครับ
10-10688-434.wav	ไปโรงพยาบาลศรีมหาโพธิ์<MARK>ที่จังหวัดอุบลราชธานีนะครับ
25-25166-24.wav	ขอให้ตำรวจช่วยดำเนินคดีกับนายพฤษหน่อย
10-10688-445.wav	เนื่องจากก่อนหน้านี้ยังมีคนเคยเจอตัวอยู่แถวจังหวัดบุรีรัมย์
10-10688-446.wav	ตำรวจก็ยังไม่พบความเชื่อมโยงนะครับสำหรับนายสงบ<MARK>กับคดีของน้องชมพู่
25-25166-31.wav	ทำให้นายพฤษเกิดความไม่พอใจ
25-25166-35.wav	ของชาวบ้านบอกมาว่านายพฤษเคยพูดเอาไว้ว่า
25-25166-43.wav	ให้ตำรวจดำเนินคดีกับนายพฤษให้เร็วที่สุดค่ะ
25-25166-45.wav	พฤษเองเขาก็เดินทางไปรายงานตัวที่สภ.เมืองศรีสะเกษเรียบร้อยแล้ว
25-25166-46.wav	แต่ยังไม่ได้ดำเนินคดีใดกับนายพฤษนะ
25-25166-48.wav	ซึ่งพฤติกรรมของนายพฤษผิดไหม
10-10688-519.wav	เพราะยายยังไม่เจอคนไม่ดีนะฮะส่วนคาถาที่นายสงบ<MARK>เขียนเอาไว้นะครับ
10-10688-602.wav	ทีนี้ถ้าเป็นในส่วนของนายนรินทร์<MARK>ล่ะ
10-10688-603.wav	นายนรินทร์<MARK>ชาวบ้านในพื้นที่บ้านกกกอก
10-10688-607.wav	หมอปลาบอกว่าไม่ขอให้ความเห็นกรณีนายนรินทร์<MARK>นะครับ
10-10688-657.wav	รวมไปถึงถามประเด็นเรื่องของนายนรินทร์<MARK>ผู้ต้องหาคดีอนาจารเด็กหญิงวัย(ห้า,5)ขวบอีกคดี(หนึ่ง,1)
10-10688-658.wav	ซึ่งนายนรินทร์<MARK>ก็ถูกเรียกไปสอบปากคำคดีน้องชมพู่ด้วยครับไปถามถึง(สอง,2)คนนี้ค่ะ
10-10688-660.wav	ว่าคุณแม่ของน้องชมพู่ตั้งข้อสังเกตอะไรยังไงบ้างไหมโดยเฉพาะอย่างกรณีของนายนรินทร์<MARK>เนี่ยมีเรื่องของจักรยาน
25-25175-16.wav	พร้อมกับผู้ปกครองเนี่ยเดินทางเข้าไปพบนายถวันตันธีรพงศ์
10-10688-71.wav	ว่าจะเกี่ยวไหมหรือแม้กระทั่งนายนรินทร์<MARK>
10-10688-733.wav	อาจารย์ถนอม<MARK>นะอยู่ที่ตำบลโคกสูงอำเภอหนองกี่จังหวัดบุรีรัมย์
25-25176-34.wav	โดยในภาพค่ะนายอัธนัยไทยยืนวงเจ้าของบ้าน
25-25176-36.wav	นายอัธนัยเปิดเผยว่าตัวนี้ชอบบุกเข้าบ้านเป็นประจำ
25-25176-40.wav	โดยนายอัธนัยบอกว่าไม่กลัวตัวเงินตัวทองที่พบนะคะ
25-25180-19.wav	จรูนหนึ่งในผู้ที่ตกเป็นผู้ต้องหาคดีนางเรวดีหาแก้วหรือป้าติ้น
25-25180-24.wav	ว่าเป็นผู้ที่นำสำนวนในคดีไปให้กับนางเรวดี
25-25180-25.wav	จรวนบอกว่าระหว่างที่ยังคบหากับนางเรวดี
25-25180-32.wav	นางเรวดีได้มาเพื่อใช้สู้คดี
25-25180-46.wav	ส่วนนางเรวดีจะนำสำนวนมาจากหมวดโค้กหรือไม่
25-25180-71.wav	ส่วนที่นางเรวดีอ้างว่ารองผู้กำกับการสอบสวนเรียกรับเงินส่วนแบ่งนั้น
25-25180-72.wav	เป็นสิทธิ์ของรองผู้กำกับการสอบสวนจะเอาผิดกับนางเรวดีที่กล่าวหา
25-25180-74.wav	ยังอยู่ระหว่างการพิจารณาเพราะนางเรวดีได้พาดพิงผ่านสื่อมวลชน
10-10688-879.wav	นายนรินทร์<MARK>อ้างว่าเหนื่อยเพราะว่าไปตัดไม้นอนพักอยู่บ้านแล้วก็เห็นว่าภรรยากับลูกไปช่วยตามหาน้องชมพู่แล้วตัวเองก็เลยไม่ไป
10-10688-899.wav	คือนายนรินทร์<MARK>เนี่ยเขามีทั้งรถจักรยานเขามีทั้งรถจักรยานยนต์อย่างละคัน
25-25183-74.wav	ก็เนี่ยนะคะก็จะมีภาพที่แบบเพื่อนบ้านก็พากันวิ่งหนีเจ้าของบ้านที่ให้เช่านางพัชรีบอกว่าเมื่อคืนนี้ได้ยินเสียงปืน
10-10688-951.wav	จักรยานยนต์ก็แล้วแต่สำหรับนายนรินทร์<MARK>
25-25184-23.wav	แม่น้ำเจ้าพระยาหน้าวัดชายโยวรวิหารที่จังหวัดอ่างทองนะครับ
25-25185-581.wav	เพราะเขาไม่ได้ทำเกี่ยวกับเรื่องเฉียงนานท่องเที่ยว
102-102707-10.wav	มีเหตุคนร้ายดักซุ่มยิงนางจานจันทมุทรอายุ69ปี
102-102711-3.wav	นายสนั่นอังอุบลกุลประธานกรรมการหอการค้าไทยและสภาหอการค้าแห่งประเทศไทยบอกนะครับว่า
102-102711-12.wav	ทางด้านของนายอิสเรศรัตนาดิหลกณภูเก็ตรองประธานสภาอุตสาหกรรมแห่งประเทศไทยก็บอกเหมือนกันครับว่า
10-10694-10.wav	นางสาวทิมมณฑาอัคคณิต<MARK>ค่ะอายุ23ปีนะคะคือคนเจ็บคนนี้นะคะ
10-10696-41.wav	ทราบชื่อภายหลังคือนายอดุลย์อิศรางกูร<MARK>นะครับ
102-102714-25.wav	ส่วนคนขับแท็กซี่ค่ะลุงปราศนายสมปราศตาทาสุกอายุ54นะคะ
10-10697-152.wav	นายประกอบพันธ์สายออ<MARK>อายุ73ปี
10-10697-167.wav	คนที่ว่านี้ก็คือนางปราณีเสงี่ยมงาม<MARK>อายุ62ปี
10-10697-16.wav	เศรษฐีใหม่คนแรกนางสาวนุจรินทร์โปกขุนทศ<MARK>อายุ25ปี
10-10697-176.wav	โดยที่งานสวดพระอภิธรรมศพนายวิทยาพันธัญญา<MARK>ที่บ้านเลขที่346อำเภอเมืองจังหวัดพะเยา
25-25188-16.wav	และไปสิ้นสุดการเดินทางทวิปเอเชียที่อิสเตอร์บูล
25-25188-17.wav	ตลอดการเดินทางจากกรุงเตฮารานประเทศอิราณ
102-102716-5.wav	จอดขวางประตูทางออกของโรงเรียนจากนั้นลงมาจากรถพร้อมด้วยนายสุธิน
102-102716-6.wav	ซึ่งเป็นอดีตสมาชิกสภาจังหวัดฉะเชิงเทราแล้วก็นายกิตติเก่งการพาณิชย์นายก อบจ.ฉะเชิงเทรา
25-25189-4.wav	คนนี้คือนางสาวเอลิน่าไวซูโคว่าครับเป็นนักท่องเที่ยวชาวรัสเซียอายุ38ปี
25-25190-9.wav	ชื่อจริงคือนายอัธพันธ์เพชรทองเทวกุลนะครับ
25-25193-20.wav	ทราบชื่อผู้ตายก็คือนายระคังเงินอินทรายุ30ปีอาชีพเป็นพนักงานรับส่งอาหารค่ะ
25-25193-22.wav	ตรวจสอบสภาพศพเบื้องต้นไม่พบบาดแผลตามร่างกายค่ะนางสมคิตอินทราอายุห้าสิบสามปี
25-25193-23.wav	แม่ของนายระคังเงินรวมถึงญาติใกล้ชิดให้ข้อมูลนะคะบอกว่าก่อนเกิดเหตุผู้ตายพาลูกสาวและมีสุนัขสองตัว
25-25198-21.wav	คนดังของจังหวัดนะฮะเจ๊จ๋าหรือว่านางอำภาพันธ์
25-25205-27.wav	นายกรกตนะคะนายอนุทินชาญวีรกูลหัวหน้าพักภูมิใจไทยค่ะก็ออกมาบอกว่าพักภูมิใจไทยที่มีชื่อถูกร้อง21คนว่าจะต้องไปหาหลักฐานลบล้างข้อกล่าวหาต่างนานาเนี่ย
25-25208-0.wav	ผีการทำมาหากินของแก๊งนางฟ้าตัวงัดที่จังหวัดกาฬสินธุ์กันหน่อย
25-25215-7.wav	ดงมะเอกตำบลโพนทองอำเภอเรนูนครจังหวัดนครพนม
25-25216-66.wav	แล้วก็ให้นางสุจัยดื่มน้ำมนต์ทำพิธีขับไล่วิญญาณสัมภเวษี
25-25225-10.wav	เธอคนนี้ชื่อว่าสะสิมนชำนาญศาลเป็นชาวตำบลบ้านเลื่อมจังหวัดอุดรธานี
25-25231-31.wav	ส่วนกรณีนายธวัชชัยศรีชาญหรือว่าวัดนะฮะ
25-25231-42.wav	ผู้ต้องหาอีกรายหนึ่งนะฮะก็คือนายรัฐพลตันสุวรรณรัฐ
25-25231-59.wav	นายรัฐพลตันสุวรรณรัฐหรือว่าบิ๊กหรือว่ากุมารขาว
25-25231-6.wav	นายวัดเนี่ยคนแรกคือนายธวัชชัยทำหน้าที่ในการจัดเตรียมวัตถุอะไรต่างเนี่ยนะฮะ
15-15278-12.wav	แล้วก็นายสารันยูภูเวียงแก้วอายุ54ปี
25-25231-8.wav	ุมารดำหรือว่านายภูริวัฒนิ่มเรืองหรือออดนะฮะ
15-15278-6.wav	มาดูกันนะคะนี่ค่ะนางสาวทิพพวันวงอัศภัยบูล
15-15279-40.wav	นายสุพัฒนิษฐ์ภูเวียงจันทร์ประธานวิสาหกิจชุมชนการเกษตร
25-25232-13.wav	นางสาวทิพธิดาชัยสัตว์ลูกสาวเจ้าของร้านบอกว่าเหตุเกิดเมื่อคืน
25-25233-57.wav	โดยนายพิสิทธิ์ก็บอกว่าสตงจะดูหลักฐานการวางบินของการบินไทยก่อน
25-25233-61.wav	ขณะที่นายจรัมพรโชติกัสเถียรกรรมการผู้มนุยการใหญ่บริษัทการบินไทยจำกัดมหาชน
25-25233-6.wav	แต่ว่าทางนายศรีสุวรรณจัญญาก็ไปยื่นเรื่องให้สตงตรวจสอบเพิ่มเติมนะคะ
25-25236-17.wav	นี่แหละครับมีนางสาวดวงตาวันนุรัติอายุ40ปีนอนกองอยู่ที่พื้น
25-25236-20.wav	นายวิชาคงประเวทอายุ43ปีท่านนี้เห็นไหมฮะนอนร้องควนควางอยู่เหมือนกัน
25-25236-25.wav	นายรุ่งอาทิตย์สุระสารางอายุขอไป50ปีครับ
25-25237-19.wav	ในงานบุญกระถิ่นที่วัดใหม่บ้านโคกอำเภอวิเศษชัยชาญจังหวัดอ่างทองนะฮะ
25-25237-42.wav	ก็มีคุณนกอุศนีคุณกิ๊กดะนายคุณอ้วนรังสิตไปกันเยอะเลยทีเดียวนะคะ
25-25239-36.wav	ส่วนการโหวตนายกัธมนตรีก็ลองฟังป๊าเขา
102-102720-13.wav	ต่อมาว่าผู้เสียชีวิตคือนายไพฑูรย์รอดภัยอายุ45ปี
102-102720-21.wav	ตำบลบ้านเหนืออำเภอเมืองจังหวัดกาญจนบุรีซึ่งเป็นที่ตั้งบำเพ็ญกุศลศพของนายไพฑูรย์
102-102720-22.wav	ทีมข่าวไปพูดคุยกับนางสาวประพัทธ์สอนรอดภัยเป็นลูกสาวของท่าน
102-102720-35.wav	คุณผู้ชมครับหลังจากข่าวการเสียชีวิตของนายไพฑูรย์
102-102720-39.wav	แล้วมาแสดงความเสียใจกับการจากไปของนายไพฑูรย์
102-102723-31.wav	โดยเฉพาะนางสาวนิรมนต์อิ่มสวัสดิ์น้องสาว
102-102723-69.wav	พร้อมกับคุณยายมะลินะครับวันนี้นายปัญญาเจ๊สแมน
102-102724-22.wav	นายชเวลินพญาหรือว่าเจนซี่เป็นชาวเมียนมา
102-102724-34.wav	ก็จะมีนายเจนซี่ชาวเมียนมานายจรแคโมรูน
25-25240-547.wav	ก็คงสอบสวนผู้ต้องสอบสวนในปิงและนายปิงก็คงบอกว่าชื่ออุทัย
25-25241-85.wav	ขณะที่นายชาญประจักษ์เมฆอาภาพ
25-25243-11.wav	นางยุภาพรบุราณรัฐเจ้าของเขียงเนื้อกระสุนเข้าหัวอาการสาหัสยังไม่รู้สึกตัวเลยคุณผู้ชม
25-25243-14.wav	ตำรวจนำหมายจับสารจังหวัดพลไปจับกลุ่มนายวุฒิชัยบุราณรัฐน้องชายของสามีเจยุค่ะ
25-25243-15.wav	เพราะว่าหลานชายวัย4ขวบที่อยู่ในเหตุการณ์เป็นพยานคนเดียวที่เห็นเหตุการณ์ชี้ภาพถ่ายยืนยันว่านายวุฒิชัยนี่แหละเป็นคนลงมือยิง
25-25243-20.wav	นายวรวุฒิบุราณรัฐเนี่ยค่ะว่ามีส่วนเกี่ยวข้องกับเหตุการณ์นี้ไหมดังนั้นกล้องวงจรปิดจะเป็นหลักฐานสำคัญที่จะบอกว่านายวรวุฒิสามีของเจยุเนี่ยอยู่ไหนอยู่ที่บ้านหรือเปล่าหรือว่าอยู่ที่ไหน
25-25243-21.wav	เพราะกล้องวงจรปิดสามารถเก็บภาพเส้นทางจากบ้านของนายวรวุฒิผ่านเทศบาลตำบลชนบทแล้วก็ไปถึงบ้านที่เกิดเหตุระยะทางห่างกันประมาณ25กิโลเมตรค่ะ
25-25243-24.wav	แต่ว่าภรรยาของนายวุฒิชัยน้องชายของสามีเจยุเนี่ยค่ะยืนยันว่าช่วงเวลาเกิดเหตุเนี่ยนายวุฒิชัยยังหลับอยู่ในบ้านนะครับนายวุฒิชัยออกจากบ้านไปทำงานตามปกติช่วงเวลาประมาณ7โมงเช้าแล้วก็มีพยานหลายคนยืนยันว่าเจอนายวุฒิชัยไปทำงาน7โมง8โมงเนี่ยยังไปทำงานอยู่เลยดังนั้น
25-25243-26.wav	ทีนี้ทางตำรวจชุดสืบสวนสภ.บ้านไผ่ก็ต้องนำตัวนายวุฒิชัย
25-25243-30.wav	แต่ว่าตัวสามีของเจยุค่ะนายวรวุฒิเบื้องต้นยังคงปฏิเสธอยู่นะคะ
25-25243-32.wav	ดังนั้นตำรวจก็จะต้องนำตัวนายวุฒิชัยไปขออำนาจศาลจังหวัดพล
25-25249-16.wav	แต่ว่าพระมหาภัยทูลท่านก็บอกว่าไม่เอาท่านจะกลับแล้วขอเดินทางกลับเลยก็แล้วกัน
25-25249-51.wav	ชื่อว่านางทันชนกพวงทองตอนนี้เป็นผู้จัดการห้างอยู่ที่ศรีราชาจังหวัดชลบุรีนะครับ
25-25249-56.wav	คุณทันชนกบอกว่าอยู่มีญาติซึ่งอยู่ในหมู่บ้านแม่คำใต้อำเภอเชียงแสนจังหวัดเชียงราย
25-25249-6.wav	พระมหาภัยทูลวัชิระยาโนจ้าวาดวัดท่าต้นงิ้วจังหวัดลำพูน
25-25252-120.wav	บนหัวงัวอำเภอสนมจังหวัดสุรินทร์ก็พากันไปหาลูกฮวกตามท้องไร่ท้องนาไปซ่อน
25-25252-90.wav	นางสาวอธิตยาศรีบุรินอายุ26ปีเจ้าของร้านเขาบอกว่า
25-25256-19.wav	ซึ่งทราบชื่อแล้วว่าคือนายธิรพงศรีพุทธเป็นข้าราชการกรมการปกครอง
25-25256-21.wav	เจ้าหน้าที่แจ้งข้อหานายธิรพงศ์ก็คือพยายามฆ่าผู้อื่นโดยเจตนา
25-25256-24.wav	ผู้กำกับการสภ.ช้างกลางบอกว่าหลังจากจับกลุ่มตัวนายธิรพงศ์ได้
25-25256-26.wav	ในการสอบสวนนายธิรพงศ์ปฏิเสธนะฮะแต่เจ้าหน้าที่ยืนยันว่าเรื่องนี้มีพยานหลักฐาน
25-25256-6.wav	ขณะที่กำลังจะเปิดประตูบ้านให้กับหลานชายคือนายวิรัติชัยศรีอายุ38ปี
25-25257-12.wav	นายมานะเวททัพพนักงานรถไฟให้การว่า
102-102726-3.wav	นายไชย์พลหรือลุงพลก็นำเอาเครื่องจักรเป็นรถเครน2คันเลยนะคะมีรถบรรทุกรวมทั้งหมดใน5คัน
25-25260-7.wav	สภาพประตูด้านหลังบ้านพักของนางสาวสุพรรณีจรบุรมหรือนกลำยองหนองหินเห่า
25-25262-12.wav	ซึ่งเป็นบ้านของนางสาวอโนไทยฉัดวรางกูล
25-25262-19.wav	อีกหลายรายการของนางสาวอโนไทย
25-25262-39.wav	ซึ่งเป็นบ้านของนางสาวกันทนาศิวาธนพล
25-25262-3.wav	ซึ่งก็มีความเกี่ยวข้องกับคดีนายชูวงแทร่ตั้ง
25-25262-40.wav	และบ้านของนางสาวอุราชาวชิรากุณฑลอดีตโปรเกอร์
25-25262-45.wav	กรณีรับโอนหุ้นของนายจูวงแทร่ตั้ง
25-25266-41.wav	แล้วก็มีนางสาวณรินีเจ้าของบ้านมีส่วนเกี่ยวข้องด้วย
25-25268-7.wav	ก็คือเฮียเหม่งหรือว่านายอุเทนวงชัย
10-10699-241.wav	คนรวยนี่โหงวเฮ้งอย่างนี้จริงนะเนื้อแบบนะไม่แต่หลังหลังนางก็บอกแล้วไง
10-10699-278.wav	โดยเฉพาะนายพงศ์รัตน์<MARK>ภิรมย์รัตน์<MARK>
25-25274-11.wav	สอบถามนางสาวจารุวัลวรชื่นอายุ68ปีเป็นเพื่อนบ้าน
10-10699-4.wav	คือวันนี้นางตามไปหาผมแล้วนางก็ให้ผมเต้นติ๊กต๊อกผมก็ต้องเต้นไงนางไม่เต้นก็ไม่ได้
10-10699-5.wav	นางก็มาหาว่าผมอ่ะทำไมไปเต้นกับซาร่าได้ทำไมเต้นกับนางไม่ได้เป็นเพลงของนุ้ย
10-10699-676.wav	โตเป็นสาวแล้วจริงแล้วโพสต์เก่งด้วยนะใช่โพสต์เก่งนางเกือบปีเดียวกับมายูไหม
10-10700-10.wav	ปั๊บเขาอาจจะก้มดูอะไรของเขาหรือเปล่าก็ได้เพราะว่านายคนนี้ก็เหมือนกับก็ฉีกตัวออกมาหน่อยนึงใช่ไหมฮะ
10-10701-24.wav	เบื้องต้นตำรวจสอบปากคำนายวิชัย<MARK>และภรรยาเอาไว้แล้ว
10-10701-3.wav	นายวิชัย<MARK>สายลัดดา<MARK>อายุ67ปีซึ่งเป็นเจ้าของบ้าน
102-102744-19.wav	นี่เป็นการเปิดเผยของนายชัยชนะสุริชาติ
10-10707-15.wav	นายจาตุรนต์<MARK>ฉายแสง<MARK>อดีตแกนนำพรรคไทยรักษาชาติ
10-10707-35.wav	อุตตม<MARK>สาวนายน<MARK>หัวหน้าพรรคพลังประชารัฐ
25-25275-61.wav	พลตำรวจรีพดุงศักดิ์รักษาสุขผู้บังคับการตำรวจภูธรจังหวัดจันทบุรีบอกว่า
102-102744-125.wav	ก็ไปเยี่ยมอาการของนางสาวกุลดารายีสมันหรือน้องนิต้าที่ถูกนายเอ็มชัยชนะทำร้ายร่างกายแล้วก็เฟซบุ๊กไลฟ์
102-102744-134.wav	นางสาวกุลดาราผู้เสียหายก็พูดถึงสาเหตุ
102-102744-141.wav	แล้วเรื่องที่สองตัวนางสาวกุณฑิดาบอกว่าก็คือเรื่องหึงหวงนี่แหละ
25-25280-66.wav	แล้วก็สั่งให้ยุติปฏิบัติหน้าที่ในช่วงก่อนที่จะมีการเลือกนายกรมตรี
25-25285-8.wav	ชื่อว่าร้านเนื้อย่างโคขุนครับของนางสาวทัศนีมาเคลือ
25-25289-19.wav	คนร้ายรายนี้คือนายเทิดพงศ์พรมงามค่ะ
25-25289-30.wav	เจ้าของรถบรรทุกชื่อว่านายเกรียงไกรวงจิตค่ะ
10-10707-73.wav	สอดคล้องกับนายธนาธร<MARK>จึงรุ่งเรืองกิจ<MARK>
10-10708-274.wav	ต้องให้นายภานุเมศ<MARK>ไปรับค่าเทดินจากผู้รับจ้าง
10-10710-11.wav	โดยป้าติ้นกล่าวหาว่านางจรูญ<MARK>เฮก<MARK>หรือว่าป้าติ๋ว
10-10710-12.wav	ซึ่งก็เป็นเพื่อนกันนะนะแล้วก็นางสุดารัตน์<MARK>น้อยนิตย์<MARK>หรือว่าป้าดาเนี่ย
10-10710-28.wav	โดยศาลมีคำสั่งให้จำคุกป้าติ้นนางเรวดี<MARK>
10-10710-7.wav	ป้าติ้นหรือว่านางเรวดี<MARK>หาแก้ว<MARK>
10-10723-12.wav	เรื่องนี้นายเรือง<MARK>สุระเสียง<MARK>ไวยาวัจกรของวัดศรีสว่างโนนทัน
10-10718-28.wav	ผู้ชายคนนี้คือนายต้อมหรือว่านายนพพร<MARK>พวงมนัส<MARK>อายุ35ปีนะคะ
10-10731-21.wav	เพราะดิฉันเนี่ยนะคิมเบอร์ลี่<MARK>เนี่ยนะรับบทเป็นนางส้วมจ้ะ
10-10726-26.wav	ฮะช่างหลิวหรือว่านายสามารถ<MARK>อ่อนโพธา<MARK>เจ้าของอู่นะครับ
10-10727-16.wav	ร่างของนายอเนก<MARK>อายุ26ปีเป็นพนักงานบริษัทอยู่ที่พื้นแล้ว
10-10727-22.wav	ทีนี้ทางด้านของนายสิทธินนท์<MARK>อายุ27ปีก็คือหนึ่งในเพื่อนที่มากับเขาเนี่ย
10-10728-17.wav	ช่วยกันทำเลยนะคะก็คือนายวิษณุ<MARK>จันทร์วงษ์<MARK>
10-10734-35.wav	นางพิกุล<MARK>เอี่ยมป้อม<MARK>เจ้าของบ้านเนี่ย
10-10736-24.wav	นี่แหละครับเสียงของนายวัลลภ<MARK>นุชแฟง<MARK>หรือว่าเอกไฝ
10-10738-25.wav	ญาติก็วิ่งไปดูปรากฏว่าตัวน้องก็คือนายธีรชัย<MARK>โดนยิง
10-10736-5.wav	ของนายวัลลภ<MARK>นุชแฟง<MARK>หรือว่านายเอกไฝ
10-10737-10.wav	ทะเบียนกน9332ระยองของนายบดินทร์<MARK>กองแพง<MARK>วัย25ปี
10-10737-15.wav	นายบดินทร์<MARK>ได้รับบาดเจ็บแค่นิดเดียวเท่านั้น
25-25296-101.wav	นี่ฮะสุดท้ายเนี่ยวิ่งไล่ยิงนายจราจรจนนายจราไปเสียชีวิตในป่าข้างหมู่บ้าน
10-10737-36.wav	แต่ไม่ใช่ทุกคนจะโชคดีเหมือนนายบดินทร์<MARK>คนนี้นะคะ
10-10738-13.wav	ชื่อว่านายประไพ<MARK>ใจงาม<MARK>หรือนายไพอายุ70ปี
10-10738-7.wav	นายธีรชัย<MARK>ใจงาม<MARK>อายุ51ปี
10-10738-9.wav	แต่ตอนไปเจอนายธีรชัย<MARK>ยังพอมีชีพจรอยู่นะคะ
10-10740-125.wav	พี่สาวของ10เอกสุพัฒน์ชัย<MARK>นางสาวศยานันท์<MARK>
10-10743-0.wav	ถือว่าเป็นวันที่47แล้วนะคะที่นายรัติภูมิ<MARK>พิมใจใส<MARK>หรือเบิร์ด
10-10743-8.wav	เกี่ยวกับการหายตัวไปของนายรัติภูมิ<MARK>พิมใจใส<MARK>หรือเบิร์ดเซลแมน
10-10745-45.wav	ก็คือนายสว่าง<MARK>วิเชียรดี<MARK>อายุ53ปีค่ะ
10-10745-52.wav	ชื่อว่านายจักรพันธ์<MARK>นาหินสูงเนิน<MARK>อายุ33ปี
10-10745-61.wav	ส่วนทางด้านคนขับรถหมวดการทางคือนายพยอม<MARK>สุขตลอด<MARK>
10-10745-76.wav	ทีนี้ถามคนขับรถพ่วงบ้างค่ะคุณผู้ชมนายณรงค์<MARK>ธานีรัตน์<MARK>บอกว่า
10-10746-129.wav	นายชวโรจน์<MARK>พยายามจะบอกสื่อพยายามจะบอกคุณเอกภพ<MARK>
10-10746-132.wav	ว่านายชวโรจน์<MARK>เป็นคนสำคัญคนหนึ่ง
10-10746-140.wav	ฟังเสียงนายชวโรจน์<MARK>นะครับ
10-10746-185.wav	จะเรียกกลุ่มที่ถูกกล่าวหาเนี่ยมาด้วยส่วนนายชวโรจน์<MARK>ที่บอกว่ามาดูแลมาเฝ้าผมได้
10-10748-11.wav	ฝ่ายชายค่ะก็คือนายชัยวัฒน์<MARK>เทพคำ<MARK>อายุ19ปีเป็นเจ้าบ่าว
10-10748-12.wav	ส่วนสาวเจ้านั้นเหรอชื่อนางสาวสาลี<MARK>โสภัสสร<MARK>อายุ25ปีค่ะ
10-10751-15.wav	โดยมีนายรณพงษ์<MARK>คำนวณพาณิชย์<MARK>
10-10754-4.wav	ส่วนนางสาวธนาภรณ์<MARK>มีหมายจับ(หก,6)หมายค่ะเบื้องต้นนะคะตำรวจได้มีการแจ้งข้อหาร่วมกันจัดหางาน
10-10756-13.wav	เจ้าของสวนคือนายสัมพันธ์<MARK>บอกว่าทุเรียนที่สวนหายทุกวัน
10-10756-5.wav	นายชัยธวัช<MARK>ค่ะนายชัยธวัช<MARK>คำต่อตั้ง<MARK>อายุ28ปี
10-10758-103.wav	คนยิงอ่ะยังตบไหล่ผมแล้วยิ้มให้ผมอยู่เลยทีนี้คุณติ๊กนักข่าวของเราก็ไปตรวจสอบบ้านของนายสมพงษ์<MARK>นะคะ
10-10758-105.wav	มีการเทปูนที่พื้นขึ้นเสาโครงเหล็กเอาไว้ก็ลุกล้ำยื่นเข้าไปในพื้นที่หลังคาบ้านของนางสายชล<MARK>
10-10758-10.wav	ผู้ที่ถูกยิงเสียชีวิตนะครับชื่อว่านายศิรินันท์<MARK>ลาภเสถียร<MARK>อายุ38ปี
10-10758-112.wav	บอกว่าอยู่ระหว่างการติดตามตัวนายสมพงษ์<MARK>มาดำเนินคดี
10-10758-114.wav	นายสมพงษ์<MARK>ขี่รถจักรยานยนต์ซูซูกิสแมชสีดำเทา
10-10758-44.wav	นายสายชล<MARK>แตงตุ่น<MARK>ซึ่งเป็นญาติของนายโจ
10-10758-45.wav	แล้วบ้านของเธอก็อยู่ติดกับบ้านของผู้ต้องหาคือนายสมพงษ์<MARK>
10-10758-47.wav	เพราะว่านายสมพงษ์<MARK>สร้างบ้าน
10-10758-49.wav	ในที่ดินของนางสายชล<MARK>
10-10758-50.wav	พอไปบอกนายสมพงษ์<MARK>ก็ไม่สนใจ
10-10758-56.wav	หลานของนายสมพงษ์<MARK>ประมาณ67คน
10-10758-84.wav	ส่วนทางด้านของลูกของนางสายชล<MARK>นะคะ
10-10758-89.wav	พอไปถึงเนี่ยลูกกับหลานของนายสมพงษ์<MARK>ก็เอะอะโวยวาย
10-10758-93.wav	ตอนคุยกันเนี่ยค่ะนายโจและลูกของนายสมพงษ์<MARK>ก็เถียงกัน
10-10758-95.wav	แต่นายโจกลับมาถูกนายสมพงษ์<MARK>ยิงจนเสียชีวิตซะก่อน
10-10758-96.wav	ยายเล็กบอกว่าคิดว่านายสมพงษ์<MARK>น่าจะแค้นแทนลูกค่ะ
25-25296-15.wav	ผู้ชายคนนี้ชื่อนายอนุชาจะโบอายุ26ปีนะครับ
10-10762-12.wav	นางสาวกัญจนา<MARK>กล่าวว่าวัตถุประสงค์การทำบุญอุทิศส่วนกุศลให้กับพะยูนและสัตว์ทะเลที่ตายไปรวม17ตัว
10-10762-4.wav	นางสาวกัญจนา<MARK>ศิลปอาชา<MARK>หัวหน้าพรรคชาติไทยพัฒนาพร้อมด้วยนายธัญญา<MARK>เนติธรรมกุล<MARK>
10-10764-44.wav	รถบรรทุก10ล้อที่มีนายเล็ก<MARK>ยอดโมกข์<MARK>เป็นคนขับ
10-10764-45.wav	และนายสมชาย<MARK>อาคม<MARK>นั่งมาคู่กัน
10-10773-29.wav	นายปิยะ<MARK>ชีวคุณานนท์อายุ39ปีพ่อของเด็กชายโยบอกว่า
10-10774-39.wav	นายวีรพันธ์<MARK>เขาก็บอกว่าผมดื่มเหล้ากับเพื่อน
10-10776-22.wav	คดีนี้สืบเนื่องจากนายปฏิวัติ<MARK>ไทยสมแจ้งความกับตำรวจ
10-10777-150.wav	เรื่องนี้ทีมข่าวไทยรัฐทีวีเราได้คุยกับแฟนของนายปกรณ์<MARK>ผู้ตายนะครับ
10-10777-151.wav	อายุ24ปีนะชื่อนางสาวภานุมาศ<MARK>
10-10777-154.wav	เพราะเธอไม่เคยคบหากับนายไก่แต่ยอมรับว่าก่อนจะมาคบหากับนายปกรณ์<MARK>
10-10777-158.wav	ปัญหาที่เกิดขึ้นมั่นใจว่ามาจากการที่นายปกรณ์<MARK>กับนายไก่ไปโพสต์เฟซบุ๊ก
10-10777-161.wav	มาจากเพื่อนของนายปกรณ์<MARK>ผู้ตายเนี่ยนะเพื่อนของนายปกรณ์<MARK>คนหนึ่ง
10-10777-163.wav	ตอนนั้นนายปกรณ์<MARK>ก็อาสามาเคลียร์ปัญหาให้
10-10777-165.wav	แฟนสาวของนายปกรณ์<MARK>ยังบอกว่านายปกรณ์<MARK>เป็นคนดีนะครับ
10-10777-167.wav	ปัจจุบันนายปกรณ์<MARK>ไม่มีเรื่องบาดหมางกับใครในพื้นที่
10-10777-169.wav	ส่วนเรื่องปืนที่นายปกรณ์<MARK>มีก็ไม่รู้ว่านายปกรณ์<MARK>มีปืนหรือพกปืนไปในวันนั้น
10-10777-21.wav	แล้วภายในรถกระบะมีนายปกรณ์<MARK>อิ่มสงวน
10-10777-45.wav	จากคนใกล้ชิดของนายปกรณ์<MARK>ผู้ตาย
10-10777-51.wav	นายไก่เคยคบหากับนางสาวภานุมาศ<MARK>
10-10777-52.wav	ก่อนที่นางสาวภานุมาศ<MARK>จะเลิกรากับนายไก่
10-10777-58.wav	เข้าใจว่านายปกรณ์<MARK>ผู้ตาย
10-10777-59.wav	เป็นฝ่ายที่มาทำให้นางสาวภานุมาศ<MARK>เลิกกับตัวเอง
10-10777-61.wav	มีลูกด้วยกันกับนายปกรณ์<MARK>
10-10777-63.wav	นายปกรณ์<MARK>ผู้ตายโพสต์เฟซบุ๊กค่ะ
10-10777-78.wav	ก็เดินไปที่รถกระบะของนายปกรณ์<MARK>
10-10777-82.wav	นายปกรณ์<MARK>ตอบว่าแล้วมีปัญหาอะไรเปล่า
10-10777-92.wav	นายปกรณ์<MARK>ก็ชักปืนมายิงสู้ด้วยค่ะ
10-10777-93.wav	แต่สุดท้ายนายปกรณ์<MARK>สู้ไม่ไหว
10-10777-94.wav	นายปกรณ์<MARK>คนเดียวปืนกระบอกเดียว
25-25296-32.wav	กระสุนเข้าที่หลังนัดหนึ่งนะฮะแล้วก็มีนางเลอาจจะคือ
10-10780-14.wav	พร้อมด้วยนางกองคาน<MARK>ลือชัย
10-10780-68.wav	ขณะที่นางกองคาน<MARK>ลือชัยแม่ของแดงจิตกร<MARK>
102-102746-14.wav	ผู้ชายคนที่ก่อเหตุคือนายรณกรสุพมงคลเลิก
25-25296-33.wav	นี่ก็บาดเจ็บนายจสอนี่มีบาดแผลที่เอวขวาเป็นรอยช้ำ
102-102746-16.wav	ผู้ต้องหาคดีฆ่าชิงทรัพย์นางทัศนีชัยศรีอายุ56ปี
102-102746-21.wav	เพราะว่าวันที่เกิดเหตุนางทัศนีตั้งใจไปที่โลตัส
10-10794-14.wav	หนึ่งคือนายบุพชาติ<MARK>สุขสวัสดิ์
10-10794-16.wav	นายโอฬาร<MARK>ค่ะถูกมีดฟันเข้าที่แขน
10-10794-33.wav	ทีนี้นายชลพงศ์<MARK>บอกว่าเขาโทรตามพวกมารวมกลุ่ม
10-10794-48.wav	ฝั่งวินเอกชนนายนฤเทพ<MARK>ก็เล่าแบบนี้ค่ะว่า
10-10801-22.wav	นางสาวจิตรานันท์<MARK>หรือปูแฟนของปอนเขา
10-10801-23.wav	นางสาวปภาวี<MARK>หรือว่าออยรอยจูบ
25-25296-61.wav	แล้วนายอนุชาก็เดินมาต่อที่บ้านของจสอ
10-10801-24.wav	แล้วก็นายกฤษดา<MARK>เป็นผู้จัดการของนางแบบสาว
10-10802-10.wav	ส่วนผู้เสียชีวิตทั้ง2คนก็คือนายสุภกร<MARK>โคกรัมย์อายุ25ปีชาวจังหวัดนนทบุรี
10-10802-11.wav	นางสาวสุภาพรรณ<MARK>คงอยู่ดีอายุ38ปีชาวจังหวัดปทุมธานี
10-10802-1.wav	พลตำรวจตรีวราวุฒิ<MARK>ทวีชัยการรองผู้บัญชาการตำรวจภูธรภาค(หนึ่ง,1)ฝ่ายกฎหมายเดินทางไปตรวจสอบและติดตามความคืบหน้านะคะ
102-102746-37.wav	พอเห็นว่านางทัศนีที่เป็นผู้ตายมีทรัพย์สินในตัวเยอะ
25-25296-63.wav	กระสุนไปถูกนางนาโปเสียชีวิตเหมือนกับเด็กหญิงกุณดาเลย
10-10805-26.wav	ซึ่งนายวิทวัส<MARK>ศรีวิหค<MARK>รองปลัดกระทรวงการต่างประเทศ
10-10806-23.wav	นายมารุต<MARK>ผู้ที่ได้รับบาดเจ็บ
10-10806-78.wav	เบื้องต้นตำรวจสภ.เมืองชลบุรีจะทำการสอบสวนนายมารุต<MARK>
102-102746-49.wav	จี้บังคับให้นางทัศนีเอาสร้อยคอทองคำหนัก2บาทให้
25-25296-85.wav	ดูจุดที่นายอนุชาก่อเหตุนะฮะหมู่บ้านป่าเกี้ยหมู่18ตำบลท่าก้ออำเภอแม่สวยจังหวัดเชียงราย
10-10806-7.wav	ผู้ชายคนนี้ชื่อว่านายมารุต<MARK>รุ่งโรจน์อายุ45ปี
25-25296-91.wav	ผู้ใหญ่บ้านบอกว่าอนุชาไปยิงนางเออาก่อนตอน11นาฬิกาตอนนั้นอยู่ในไร่นะนางเออห่างจากหมู่บ้านไปนิดหน่อย
102-102746-93.wav	สำหรับนายรณกรหรือว่าออฟเป็นลูกหลานครอบครัว
25-25296-92.wav	จากนั้นก็เดินเข้ามาในหมู่บ้านไปยิงนายเจษดาตอนขี่รถอยู่ถูกยิงเป็นคนที่สอง
10-10807-17.wav	โดยคุณภุชงค์<MARK>กิจขยันหรือว่าคุณหมาน้อยอุดรซึ่งวันนี้เดินทางมาด้วยตัวเองครับ
25-25296-97.wav	นางจโบนะซึ่งเข้ามาเยี่ยมนายจสอที่บ้านนางจโบที่เสียชีวิตลูกสาวเจ็บ
25-25296-98.wav	นายจสอก็บาดเจ็บที่เราคุยเมื่อสักครู่นะฮะนายจสอนี่หมากับแมวดูสิมันไม่รู้เรื่องอะไรเลยนะเนี่ย
10-10811-15.wav	เบื้องต้นนายบุญศรี<MARK>โสภาษีคนพบศพคนแรกเขาเล่าบอกว่า
10-10811-55.wav	อืมมีกล้องวงจรปิดในหมู่บ้านเนี้ยบันทึกภาพนายบำรุง<MARK>ครั้งสุดท้ายเอาไว้ได้
102-102750-4.wav	นายอรินยศพงศ์อนันต์นายอัครเดชทัศนะ
102-102750-5.wav	นายมนมณัฐแสงโพนายจตุพรจันโสภานะครับ
10-10811-57.wav	นี่นะฮะก็ตามเส้นทางที่นายบำรุง<MARK>ใช้สัญจรไปทำงานทุกวันนั่นแหละ
10-10811-60.wav	น้องสาวนายบำรุง<MARK>ซึ่งทีมข่าวเราลงพื้นที่ไปคุยด้วยนะ
10-10811-78.wav	ส่วนผู้ต้องสงสัยถ้าเกิดสมมุติว่าศพนี้เป็นศพของนายบำรุง<MARK>จริงนะคะ
10-10811-79.wav	ผู้ต้องสงสัยคือกลุ่มเพื่อนของนายบำรุง<MARK>ที่หายตัวออกจากบ้านเหมือนกันค่ะ
102-102750-6.wav	และนายเมฆพลไกรสอนที่ตกเป็นผู้ต้องหาร่วมกัน
10-10816-16.wav	นพดล<MARK>รุ่งภูหาอายุ20ปีเป็นชาวจังหวัดกาญจนบุรี
10-10808-28.wav	นางแสงเดือน<MARK>เดิมธรรมรัมย์ค่ะคุณอาเนี่ยได้เข้าไปที่จุดพบศพ
10-10808-53.wav	คุณอาหรือว่านางแสงเดือน<MARK>ยังตั้งข้อสังเกตอีกนะคะว่า
10-10808-59.wav	ทีนี้พ่อของน้องนนท์ค่ะนายคำแพง<MARK>นันทบุตรบอกว่า
102-102750-17.wav	ส่วนนายพีรพลยศพงศ์อนันต์วันนี้พนักงานสอบสวนไม่ได้นำตัวมายังศาลครับ
10-10822-7.wav	โดยมีนายชยันต์<MARK>ศิริมาศเป็นผู้ว่าราชการจังหวัดมุกดาหารนะครับ
10-10828-38.wav	นายอภิชาติ<MARK>อายุ42ปี
10-10828-39.wav	นางฐิติยา<MARK>อายุ38ปี
10-10830-17.wav	โดยพบว่านายสัญญา<MARK>ศาลางามอายุ28ปี
25-25300-19.wav	เนี่ยค่ะไอ้บทสนทนาเหล่านี้มันเป็นข้อพิรุธที่นายสันทนะสงสัย
25-25300-1.wav	ซึ่งประเด็นนี้เปิดด้วยเปิดด้วยนายสันทนประยูณรัฐอดีตตำรวจสันติบาลนะคะ
25-25300-26.wav	นายสันทนาก็ตั้งคำถามฝากไปถึงทุกคนที่เกี่ยวข้อง
25-25301-44.wav	นี่ฮะนายสถานีรถไฟคนนี้พี่พลสริท
25-25302-611.wav	และแน่นอนนะคะว่าวันพรุ่งนี้เซบินก็จะเดินทางไปที่สคบอย่างที่ท่านทนายอาจารย์ได้บอกไว้เรียบร้อยแล้ว
102-102753-30.wav	ส่วนนายสมชายแสวงการค่ะบอกว่าเราไม่ควรปล่อยผ่าน
10-10830-6.wav	ซึ่งมีนายสัญญา<MARK>หรือว่าโอ๊ตศาลางามอายุ30ปีเป็นชาวนครสวรรค์
10-10833-162.wav	ซึ่งทางครอบครัวแล้วก็ปู่ได้เดินทางมาเรียกคุณสุขสันต์<MARK>กลับบ้านแล้ว
10-10831-12.wav	นายสุเชษฐ์<MARK>กิจการทวีคูณหรือคุณก๊อฟนะคะ
10-10831-2.wav	หนึ่งในนั้นคือนายสมเกียรติ<MARK>อายุ49ปีที่ติดโควิด-19
10-10831-35.wav	อย่างนี้ค่ะกรณีล่าสุดก็คือนายสมเกียรติ<MARK>อายุ49
10-10831-38.wav	คือวันนั้นวันที่เกิดเรื่องกับนายสมเกียรติ<MARK>
10-10831-41.wav	แต่ช่วงเหตุการณ์ที่เกิดขึ้นกับนายสมเกียรติ<MARK>ที่ซอยตรงวัดบวรเนี่ย
10-10833-182.wav	ตั้งใจว่าจะไปดูหน้าผู้ต้องหาก็คือนายกวิน<MARK>
25-25307-10.wav	และนี่นะคะก็คือนายคาลอสอากิเลล่า
25-25307-26.wav	ขณะที่แพทย์ก็เผยว่าการทำให้นายอากิเลล่ามีสติตลอดการผ่าตัดนั้น
102-102757-5.wav	แม่นายเบลล่าหรือว่าแม่นายพุทธตานของเรานี่เองคุณผู้ชมนี่
102-102757-14.wav	อ่ะจากแม่นายเบลล่าไปต่อกันที่อีกหนึ่งสาวหน้าหวานใบเฟิร์นพิมชนกคุณผู้ชม
10-10843-32.wav	ร่างของนายสมคิด<MARK>คือกระเด็นเลยนะคะ
10-10843-19.wav	ญาติของนายสมคิด<MARK>บอกว่านายสมคิด<MARK>เนี่ยนะ
10-10843-46.wav	ก็วิ่งออกมาดูนะคะเขาบอกเขาเห็นเต็มเต็มว่านายสมคิด<MARK>เนี่ยนะ
10-10843-17.wav	ก็เลยคาดว่าเป็นรถที่มาชนนายสมคิด<MARK>แล้วก็หลบหนีไป
10-10842-13.wav	นายปกรณ์<MARK>วรรณโตหรือว่ากรอายุ19ปีคนนี้เนี่ยนะคะ
10-10842-16.wav	หลังจากที่นายปกรณ์<MARK>ก่อเหตุใช้มีดปาดคอ
10-10842-17.wav	นางสุมารี<MARK>สวนสุขอายุ51ปี
25-25313-47.wav	อย่างเสียแป้งเนี่ยฮะเขาโทษทั้งหมดนายชาวลิศคือ21ปี
10-10842-25.wav	นายปกรณ์<MARK>อ้างว่าหลังจากหนีออกจากบ้าน
10-10842-66.wav	ขณะเดียวกันแม่ของผู้ต้องหาเปิดเผยว่าก่อนหน้านี้นายปกรณ์<MARK>
10-10842-70.wav	แต่ว่านายปกรณ์<MARK>ก็ยังขโมยรถจักรยานยนต์
25-25315-11.wav	ผู้สื่อข่าวก็เลยไปถามครับนางสาวสุพิษเทาซิริอายุ28ปี
10-10843-49.wav	คือตอนนั้นไม่คิดว่านายสมคิด<MARK>เสียชีวิตไปแล้วอ่ะนะคะก็พยายามจะเรียกเจ้าหน้าที่ให้มาช่วย
10-10843-54.wav	คุณผู้ชมค่ะทีมข่าวของเราไปที่วัดวนารามสถานที่ตั้งบำเพ็ญกุศลศพนางน้ำค้าง<MARK>สัมเภาทองอายุ81ปีเสียชีวิตด้วยโรคชรานะคะไปพบกับสามีก็คือนายยันสัมเภาทองอายุ78
10-10843-56.wav	นี่นะคะนางทองคำ<MARK>อายุ65ปีที่เป็นลูกสาวและก็เป็นพี่สาวของนายสมคิด<MARK>ที่ถูกรถชนนะคะ
10-10843-72.wav	ทีนี้ค่ะคนขับรถยนต์ที่ชนนายสมคิด<MARK>นะคะ
10-10845-21.wav	ด้านนายซายิด<MARK>สุไลมานผู้นำชีอะห์แห่งประเทศไทยบอกว่า
10-10845-34.wav	ไทยและนอกจากนี้ครับนายซายิด<MARK>สุไลมานนั้นยังพูดถึงแรงงาน
10-10845-5.wav	ปาเลสไตน์ในประเทศไทยครับนำโดยนายซายิด<MARK>สุไลมานฮุไซนี
25-25315-182.wav	คุณวัชรีดวงสายังอยู่ที่จังหวัดระนอง
10-10858-10.wav	โดยนายโภคิน<MARK>บอกว่าการถวายสัตย์เป็นกระบวนการที่สำคัญมากนะ
10-10858-28.wav	ส่วนนายสมศักดิ์<MARK>เทพสุทินรัฐมนตรีว่าการกระทรวงยุติธรรม
10-10858-41.wav	นายมงคลกิตติ์<MARK>สุขสินธารานนท์หัวหน้าพรรคไทยศรีวิไลย์ค่ะ
25-25315-194.wav	วันนี้เราได้คุณพี่วีรวรรณกู้เมืองชาวจังหวัดระนองมาเป็นแม่ครัวทำอาหารให้เราได้ชิมกันค่ะ
10-10858-42.wav	บอกว่าเช้าวันนี้นายพิเชษฐ<MARK>สถิรชวาลหัวหน้าพรรคประชาธรรมไทย
10-10858-8.wav	เริ่มแรกมาดูจากคนนี้ก่อนค่ะนายโภคิน<MARK>พลกุลแกนนำพรรคเพื่อไทย
10-10860-12.wav	ซึ่งพอตรวจสอบดูแล้วก็ถามญาติดูญาติก็ได้มีการนำตัวนายพินทอง<MARK>
10-10860-13.wav	นายพินทอง<MARK>วัย(ห้าสิบห้า,55)ปีนะคะตัวนายพินทอง<MARK>เนี่ยถูกมีดแทงเข้าที่บริเวณใต้ลิ้นปี่ฝั่งซ้าย
10-10860-18.wav	ส่วนคู่กรณีอีกคนนึงค่ะคุณผู้ชมคือนายสุรพงษ์<MARK>อายุ40ปี
10-10860-19.wav	คนก่อเหตุเป็นคนที่ใช้อาวุธมีดจ้วงแทงตัวนายพินทอง<MARK>นี่แหละ
10-10860-24.wav	เบื้องต้นทราบว่าตัวนายพินทอง<MARK>นะคะกับนายสุรพงษ์<MARK>เนี่ย
10-10860-28.wav	แล้วนาทีนั้นนายพินทอง<MARK>มีการเหมือนกับใช้ไม้เป็นอาวุธประจำตัวนะ
10-10860-29.wav	ส่วนนายสุรพงษ์<MARK>มีมีดก่อนที่ทั้งสองคนจะทะเลาะกัน
10-10860-30.wav	แล้วโดนมีดจ้วงแทงคือนายพินทอง<MARK>เนี่ยโดนมีดจ้วงแทง
10-10860-31.wav	ส่วนนายสุรพงษ์<MARK>ก็ถูกตีด้วยของแข็งทีนี้ที่น่าตกใจคุณผู้ชมรู้ไหมคะ
10-10860-32.wav	ตัวนายสุรพงษ์<MARK>เนี่ยคนที่ใช้มีดแทงคนอื่นดันไปบอกกำนัน
10-10860-35.wav	จริงแล้วเนี่ยคือตัวนายสุรพงษ์<MARK>นี่แหละไปแทงเขาไปตีเขา
10-10857-24.wav	คุมตัวนายวิชิต<MARK>ศรีสวัสดิ์อายุ38ปี
10-10857-34.wav	ชื่อว่านางสาวนันทพร<MARK>บุญประสบ
10-10857-43.wav	นายวิชิต<MARK>คนร้ายขี่รถจักรยานยนต์ตามมา
10-10857-53.wav	นายวิชิต<MARK>ไปกบดานอยู่ที่บ้านในตำบลเสม็ด
10-10861-10.wav	ชาวบ้านบอกว่าผู้ตายอยู่ที่บ้านหลังนี้กับนายนคร<MARK>อายุ
10-10861-36.wav	คือเขาก็ไปสอบถามนายอาจอ<MARK>ชาวบ้านในหมู่บ้าน
10-10861-39.wav	ผู้ต้องหาคนนี้ก็ไปหานายอาจอ<MARK>ที่บ้าน
10-10861-42.wav	นายอาจอ<MARK>ก็เลยรีบไปแจ้งผู้ใหญ่บ้านให้ไปตรวจสอบ
10-10861-43.wav	แล้วก็เจอศพของนายอากล่อง<MARK>ผู้เป็นตาจริง
10-10862-16.wav	บอกว่านายสมชาย<MARK>ขี่จักรยานยนต์มารับเธอกับหลานวัย6ขวบที่บ้านที่บางคนที
10-10862-17.wav	บอกจะพาไปเที่ยวมาถึงจุดเกิดเหตุอยู่ดีๆนายสมชาย<MARK>เหมือนกับหลอนยา
10-10862-20.wav	สุดท้ายเนี่ยตำรวจนำตัวนายสมชาย<MARK>กับแฟนของเขาเนี่ยไปที่โรงพักนะฮะ
10-10862-21.wav	ค้นตัวเนี่ยเจอยาบ้าในตัวนายสมชาย<MARK>6เม็ดตรวจปัสสาวะสีม่วง
25-25315-62.wav	ไปกันที่จังหวัดสตูลพาไปชิมขนมอาปมแรงงัง
10-10862-24.wav	นายสมชาย<MARK>ก็เรื่องยาเสพติดเรื่องเสพยาเรื่องอาวุธต่างๆนะครับ
10-10862-4.wav	ก็ไปช่วยกันตามจับกุมตัวไว้ได้นะครับนายสมชาย<MARK>หล่อหลงอายุ(สามสิบเจ็ด,37)ปีนะครับ
10-10864-13.wav	คนที่ก่อเหตุนั้นก็ได้แก่นายสมพร<MARK>สวัสดิ์ช้านะครับ
10-10864-16.wav	เป็นเหตุการณ์ที่ตำรวจวิสามัญฆาตกรรมนายสมพร<MARK>สวัสดิ์ชะ
10-10872-56.wav	อุดร<MARK>กับนางสาวกัญญณัฐ<MARK>อีกครั้ง
10-10872-60.wav	ล่าสุดครับนายกิตติศักดิ์<MARK>ชัยวุฒิ
10-10877-15.wav	พุ่งข้ามเกาะกลางมาแล้วก็เสียหลักมาประสานงาใส่รถของนายสุเมธ<MARK>
10-10877-25.wav	ใช่ค่ะก็เข้ากอดศพภรรยาแล้วก็ไปลูบศีรษะนายสุเมธ<MARK>ลูกเขย
10-10877-27.wav	นางทันพรลักษณ์<MARK>จันทมูลลาภรรยานายสุเมธ<MARK>บอกว่าทำใจไม่ได้เลย
10-10877-31.wav	นายสุเมธ<MARK>เนี่ยจริงแล้วตอนแรกนายสุเมธ<MARK>จะออกมารับลูกสาวคนเดียวนะคะ
10-10877-35.wav	สำหรับคนขับกระบะฝ่ายคู่กรณีตอนนี้นางธัญพรลักษณ์<MARK>ก็บอกว่า
10-10879-71.wav	ทีนี้คนเป็นแม่ค่ะก็คือนางนันทรา<MARK>คุ้มเมฆ
10-10880-20.wav	ก็ทราบว่าผู้ตายชื่อว่านางสาวนูรา<MARK>แจ๊ะสาแมอายุ28ปี
10-10881-9.wav	ก็ไปตรวจสอบบนเตียงพบร่างของนางสาวกัญญาภัค<MARK>อายุ38ปี
10-10885-15.wav	ส่วนคนเจ็บอีก2คนนายอานนท์<MARK>บุญกุลอายุ19คนนี้อยู่ที่โรงพยาบาลศูนย์ขอนแก่น
10-10885-16.wav	อีก1คนคือนายเสกสรรค์<MARK>หลีเกี้ยงอายุ26ปีครับ
10-10895-19.wav	สอบสวนทราบว่าก่อนหน้านี้นายรอมลี<MARK>ผู้ตายขับ
10-10881-58.wav	เป็นสถานที่ตั้งศพของนางสาวกัญญาภัค<MARK>
10-10881-60.wav	สามีของผู้ตายนายวีรยุทธ์<MARK>อายุ35ปีบอกว่า
10-10903-11.wav	และของนายวัฒนา<MARK>เดชศรีสุขอายุ75ปี
10-10903-9.wav	พร้อมด้วยนางสาวสมมาศ<MARK>เชียงทองและนายพิรัช<MARK>สามคุ้มพิมพ์
10-10907-62.wav	ไปกับนายไพฑูรย์<MARK>อินทศิลาซึ่งเป็นนักข่าวอาวุโสที่ถูกพาดพิง
10-10919-29.wav	คนที่ทำในคลิปเนี่ยคือนายนรพัฒน์<MARK>ค่ะ
10-10919-40.wav	นายสำราญ<MARK>อายุ50ปีนะคะ
10-10919-53.wav	นายนรพัฒน์<MARK>ที่สภ.กันทรวิชัยตำรวจบอก
10-10928-27.wav	นางสาวสิรินาถ<MARK>บุญเป็งอายุ27ปี
10-10929-10.wav	โดยนางยุพิน<MARK>เกรงขามเป็นตัวแทนของชาวบ้าน
10-10933-14.wav	นี่คือนายกรเกล้า<MARK>ศิลปชัยพี่เกล้าของเด็ก
10-10932-81.wav	ว่านายแบรี<MARK>เนี่ยเป็นเจ้าของบอกว่าแพะตัวนี้อายุ4เดือนนะครับ
10-10932-10.wav	คนที่นั่งมาด้วยนางสาวนิตยา<MARK>ไตรระเบียบอายุ54ปี
15-15280-58.wav	ขี่วินบ้างจะได้รู้หน้าค่าตาว่าเออใครเป็นใครนี่ไงนี่ไงประวิทย์จันเพ็ญหมายเลขเจ็ดนี่ไงนี่คือปอนดินแดงที่ไปก่อเหตุใส่เสื้อวินเบอร์เจ็ดอยู่วินนี้จริงแม่ค้าขายของข้างวินนางจินตนาเรืองฤทธิ์ก็เลยบอกว่าอ๋อปอนก็อยู่ในชุมชนวัตภานี่แหละแต่ปอนก็เปลี่ยนที่อยู่บ่อย
10-10932-96.wav	เพื่อไปส่งลูกสาวของนางสาวนิตยา<MARK>ที่จังหวัดชุมพร
10-10933-22.wav	โดยนายกรเกล้า<MARK>บอกว่าตัวเองเป็นคนชอบค้าขาย
10-10938-38.wav	ชื่อว่านายสิทธิชัย<MARK>ร่มรื่น<MARK>อายุ29ปี
10-10939-1.wav	ก็คือเป็นร้านของเจ๊เล็กนี่แหละค่ะหรือว่านางชบา<MARK>ผู้งาม<MARK>
10-10945-10.wav	เริ่มตั้งแต่20เมษายนที่ผ่านมาแม่ของนายกิตติศักดิ์<MARK>ผู้ตาย
10-10945-14.wav	นายกิตติศักดิ์<MARK>มีอาชีพขายขนมไทยนะครับแล้วก็ขายดอกไม้ด้วย
10-10945-27.wav	ชื่อว่านายสราวุฒิ<MARK>ยางมั่น<MARK>อายุ19ปี
10-10945-29.wav	สุดท้ายนายสราวุฒิ<MARK>สารภาพว่าเป็นผู้ฆ่านายกิตติศักดิ์<MARK>จริง
10-10945-31.wav	นี่นะครับผู้ที่ก่อเหตุนะครับชื่อนายสราวุฒิ<MARK>
10-10945-32.wav	เพื่อนชายคนสนิทของนายกิตติศักดิ์<MARK>ผู้ตาย
10-10945-33.wav	นายสราวุฒิ<MARK>เนี่ยทีแรกบอกว่าทำคนเดียวนะ
10-10945-39.wav	นายสราวุฒิ<MARK>ผู้ต้องหาอ้างว่าได้โทรนัดนายกิตติศักดิ์<MARK>ผู้ตาย
10-10945-43.wav	หลังจากมาถึงนายสราวุฒิ<MARK>อ้างนะบอกว่าผู้ตายเนี่ยเขาขอมีเพศสัมพันธ์ด้วย
10-10945-44.wav	แต่นายสราวุฒิ<MARK>ไม่ยอมก็เลยมีปากเสียงกันทำร้ายร่างกายกัน
10-10945-45.wav	แล้วเพื่อนของนายสราวุฒิ<MARK>ที่มาด้วยก็ไปต่อยนายกิตติศักดิ์<MARK>เอาหินทุบที่หน้าด้วย
10-10945-46.wav	นายสราวุฒิ<MARK>ใช้มีดที่พกติดตัวมาด้วยแทงนายกิตติศักดิ์<MARK>ไปอีกจนเขาเสียชีวิต
10-10945-49.wav	สุดท้ายบอก8คนตำรวจคุมตัวนายสราวุฒิ<MARK>ไปเอาสร้อยคอทองคำที่บอกว่าเอาไปขายนะครับ
10-10945-51.wav	เราก็สอบถามผู้ต้องหาถึงปมเหตุที่เกิดขึ้นตัวนายสราวุฒิ<MARK>วันนี้ก็ตอบสั้นบอกว่าต้องการเงินกับทรัพย์สินของผู้ตาย
10-10945-53.wav	ตำรวจได้เชิญภรรยาของนายสราวุฒิ<MARK>มาสอบปากคำที่โรงพักนะครับเพราะว่าหลังก่อเหตุนายสราวุฒิ<MARK>บอกว่ากลับไปบ้านแล้วไปหาภรรยาแล้วเอาทองไปขาย
10-10945-5.wav	ผู้ที่เสียชีวิตชื่อนายกิตติศักดิ์<MARK>บุญยัง<MARK>อายุ31ปีครับ
10-10945-60.wav	นายธนัส<MARK>ห่วงถวิล<MARK>ที่นายสราวุฒิ<MARK>ซัดทอดว่าลงมือร่วมกันนะฮะ
10-10945-66.wav	บอกว่าได้รับแจ้งจากญาติว่านายกิตติศักดิ์<MARK>หายจากบ้านไป3วัน
10-10950-14.wav	เหตุการณ์นี้เนี่ยเกิดขึ้นที่บ้านของนางธงชัย<MARK>พิมศร<MARK>
10-10950-65.wav	แต่น้องสาวเจ้าของบ้านนางสาวรัตนา<MARK>
10-10950-72.wav	นางสาวรัตนา<MARK>บอกว่าไม่ได้ติดใจในประเด็นเรื่องค่าเสียหาย
10-10953-1.wav	ก่อนที่นายไชย์พล<MARK>วิภา<MARK>หรือว่าลุงพลจะถูกออกหมายจับ
10-10952-6.wav	หลังตำรวจได้รับแจ้งว่ามีผู้เสียชีวิตทราบชื่อคือนายสุภจิต<MARK>
10-10952-11.wav	เปิดเผยว่าปกตินายสุภจิต<MARK>จะทำหน้าที่ถ่ายน้ำมันตะกอนกากมะพร้าว
10-10951-6.wav	จี้ชิงโทรศัพท์มือถือแล้วก็ทรัพย์สินของนายชยพล<MARK>บุตรเสมียน<MARK>
10-10954-19.wav	ภรรยาของนายสุทธิ<MARK>นะครับบอกกับเจ้าหน้าที่นะบอกว่าสามีไม่ใช่คนไร้บ้าน
10-10958-8.wav	นายประทีป<MARK>นวลเศรษฐ<MARK>ทนายความของครูจอมทรัพย์<MARK>
10-10957-5.wav	พี่เบิร์ดธงไชย<MARK>แมคอินไตย์<MARK>น้องนายนภัทร<MARK>นะคะ
10-10956-45.wav	จะเห็นนายพูลหิรัญ<MARK>ขี่จักรยานยนต์กลับมาทางบ้าน
10-10956-15.wav	และนายกฤษดา<MARK>เงินทวม<MARK>หรือว่านายแปบอายุ22นี่3คนนี้นะฮะ
10-10956-14.wav	นายณัฐพงศ์<MARK>ชุ่มเย็น<MARK>ชื่อเล่นชื่อนัทอายุ26
10-10956-13.wav	มีนายพัชรพล<MARK>กิ่งคล้าย<MARK>ชื่อเล่นชื่อพีชอายุ21ปี
10-10956-136.wav	จากการตรวจสอบพบว่ามีประวัติโชกโชนนะฮะนายพูลหิรัญ<MARK>เข้าออกเรือนจำบ่อยมาก
10-10958-10.wav	นายสุริยา<MARK>นวลเจริญ<MARK>หรือว่าครูอ๋อง
10-10960-46.wav	นายณรงค์ศักดิ์<MARK>บอกว่าเป็นเบอร์เก่าที่เลิกใช้ไปนานแล้ว
10-10960-54.wav	เขาบอกว่ารู้จักกับนายณรงค์ศักดิ์<MARK>คนนี้
10-10961-45.wav	สมศักดิ์<MARK>ศรีชุ่ม<MARK>รายงานจากอำเภอท่าแซะจังหวัดชุมพรครับ
10-10962-11.wav	เดินทางมาแถลงข่าวกับตำรวจด้วยนายอธิพันธ์<MARK>บอกว่าได้พูดคุยกับลูกชาย
10-10962-12.wav	แล้วทราบว่าในวันเกิดเหตุนายนิติพงศ์<MARK>ซึ่งเป็นลูกชาย
10-10962-6.wav	คล้ายกับว่าใช้มือไปตบศีรษะของนายนิติพงศ์<MARK>กุลพิพัฒน์<MARK>อายุ19ปี
10-10962-9.wav	โดยนายอธิพันธ์<MARK>กุลพิพัฒน์<MARK>อายุ49ปีซึ่งเป็นพ่อของนายนิติพงศ์<MARK>
10-10969-27.wav	จับกุมตัวนายศิริชัย<MARK>รัศมีเทา<MARK>กับพวกรวม3คน
10-10969-11.wav	นายกอจาเว<MARK>กับพวกรวม3คน
10-10966-7.wav	นายบุญเลื่อน<MARK>นามโยธา<MARK>ค่ะและนางกาย<MARK>นามโยธา<MARK>
10-10966-18.wav	นายบุญเลื่อน<MARK>พ่อของผู้ตายเนี่ย
10-10966-10.wav	ชื่อว่านายศักดิ์สิทธิ์<MARK>นามโยธา<MARK>อายุ40ปีค่ะ
10-10971-8.wav	ท่าอากาศยานสุวรรณภูมินายวินัย<MARK>ละอองสุวรรณ<MARK>
10-10971-23.wav	มีพระสงฆ์เดินทางพร้อมกับอดีตพระอาจารย์ยันตระ<MARK>
10-10977-16.wav	แล้วก็เจอตัวนะฮะนายนิธินันท์<MARK>ธนวีรวัชรากุล<MARK>อายุ35ปี
10-10980-122.wav	ท่านนี้ฮะนางสาวชนกานต์<MARK>แข็งแรง<MARK>เป็นเจ้าของหอพักด้วย
10-10980-95.wav	ด้านภรรยาของผู้ตายนางสาวตุ๊กตา<MARK>ดวงใจ<MARK>
10-10980-8.wav	ชื่อว่านายจอมิน<MARK>หรือว่านายหารอายุ28ปีเป็นชาวไทยใหญ่
10-10986-16.wav	เจ้าของร้านก็คือนายพิมาน<MARK>ศรีมารัตน์<MARK>เป็นพ่อค้าที่อินดี้มากเลย
10-10985-20.wav	นางรจนา<MARK>ทองทา<MARK>หรือว่ายายป๋องอายุ63ปี
102-102759-12.wav	ค่ะคือภาพมีคู่กับนายโจชัววอง
10-10992-28.wav	ก็ไม่รู้ว่าลูกศิษย์พระธัมมชโย<MARK>จะไปยื่นเรื่องต่อนายโอบามา<MARK>เพื่ออะไร
10-10994-16.wav	มาว่าผู้ถ่ายคลิปคือนายณัฐวุฒิ<MARK>จุ้ยเกิด<MARK>วัย25ปี
10-10995-20.wav	นายประหยัด<MARK>ป้อมปรานี<MARK>อายุ57ปี
10-10995-61.wav	ใกล้กันก็พบศพนายสมหวัง<MARK>คำใบ<MARK>
10-10995-62.wav	แล้วก็นายดนุสรณ์<MARK>กัดตะคด<MARK>นะครับ
10-10999-18.wav	บ้านของนางสาวอัญชลี<MARK>สารธิ<MARK>หรือว่าป๊อปนะครับอายุ25ปี
10-10999-24.wav	นายนพเดช<MARK>ชัยศิริ<MARK>ชื่อเล่นชื่อเป่าอายุ27ปีตำรวจสภ.สัตหีบจับได้แล้ว
10-10999-25.wav	นายนพเดช<MARK>สารภาพว่าเขาคือคนสวมหมวกไอ้โม่งบุกเข้าไปในบ้านของนางสาวอัญชลี<MARK>
10-10999-35.wav	จากการสืบสวนของตำรวจนะครับทำให้ทราบว่านายนพเดช<MARK>ผู้ต้องหาหรือว่านายเป่า
25-25326-17.wav	ส่วนนายสกลทีพัทยกุลค่ะ
25-25327-31.wav	ซึ่งจากการสอบสวนทราบว่าชายคนนี้ชื่อนายสุภาชัย
102-102760-45.wav	ยังไม่จบค่ะระหว่างนั้นเนี่ยนายถาวรทิจันดาอายุ49ปี
102-102760-48.wav	แต่กลับถูกนายจตุพรรุมทำร้ายนะคะน้าชายก็เสียหลักล้มลง
10-10708-472.wav	ถล่มบ่อยเพราะฉะนั้นบริษัทที่นี่มันคงไม่มีบริษัทเดียวหรอกครับเขาก็ประมูลงานข้ามจังหวัดได้ข้ามจังหวัดได้อุดรก็มี
15-15281-76.wav	แล้วก็เจ้าของสวนคนปัจจุบันก็คือนายสว่างปันลาศนะครับ
25-25338-13.wav	ใช่ค่ะเธอคนนี้ก็คือนางอุไรวันแฮริส
15-15282-45.wav	ตั้งแต่คำให้การของนายภัยบูลศรีกาญจนานันต์
102-102760-71.wav	อีกคนนึงนะคะนางกุหลาบทิจันดาอายุ47ปี
10-10711-48.wav	เออจากพี่สายฟ้าน่ารักดีนะคะคุณผู้ชมแล้วก็จากการเดินทางครั้งนี้นะคะ
25-25356-656.wav	พร้อมด้วยนายจิรพันธ์เพชรขาวนำเจ้าหน้าที่ทั้งฝ่ายปกครองตำรวจ
10-10711-50.wav	ไม่ว่าจะเป็นการตอนตั้งแต่เดินทางไปเดินทางกลับหรือว่าน้องนอนนะคะ
25-25356-661.wav	ล่าสุดในแพทย์วัชิระบทพิบูลในแพทย์สาธารณสุขจังหวัดชัยภูมิ
102-102761-73.wav	อำเภอบางเสาธงจังหวัดสมุทรปราการของนายอันนันต์ตังเนียน
10-10716-1.wav	อาละวาดใหญ่เลยแต่ของผมนายหนึ่งเสพยาบ้าเหมือนกัน
10-10716-3.wav	แต่นายหนึ่งว่านอนสอนง่ายครับทุกคำ
10-10718-18.wav	ก็ยังมีแรงอยู่ก็ทีหน้าดะทีนี้เหตุการณ์นี้ถูกแชร์ในเพจข่าวจังหวัดกาญจนบุรี
102-102762-7.wav	นายสมคิตจาตุศีพิทักษ์รองนายกรัฐมนตรีเตือนนักลงทุนในตลาดช่วงนี้
10-10726-47.wav	นายสามารถ<MARK>หรือช่างหลิวเจ้าของอู่ที่เกิดเหตุ
10-10736-6.wav	นายเอกไฝจริงเป็นหัวหน้าคณะกระตั้วแทงเสือศิษย์หลวงพ่อขาว
15-15286-192.wav	จนพบว่าก่อนที่เจ๊นันหรือว่านายนันทจักาฬสินธุ์เสิร์ชอายุ42ปีจะมาก่อเหตุในครั้งนี้นะครับ
15-15286-199.wav	นายนันทจักรหรือว่าเจ๊นัน
25-25363-32.wav	คือนางสาวอาภาษิริไทยรักวัย30ปี
15-15286-207.wav	นางรัฐดาแม่ของนายนันทจักรลงหุ้นด้วยเงินสด6แสนบาท
15-15286-208.wav	และสุดท้ายคือน้องสาวน้องสาวของนายนันหรือว่าเจ๊นัน
25-25365-11.wav	ก็คือนายทัชชาพัฒน์บัวงามอายุ18ปี
25-25365-34.wav	ก็ได้มีการนำตัวนายทัชชัย
15-15286-43.wav	นี่นางรัฐดานะครับแม่ของนายนันทจักาฬสินธุ์เสิร์ชอายุ42ปีหรือว่าในนันหรือเจ๊นันที่ชาวบ้านเรียก
25-25368-24.wav	นายนารากรพลอยสกุลค่ะบอกแบบนี้ว่า
25-25369-11.wav	มีศพของนางมณีสุดาบุญหลังอายุ28ปี
25-25369-20.wav	ซึ่งก็คือสามีของผู้ตายนะครับชื่อว่านายทงชัยทองมูลอายุ33
25-25369-22.wav	เขาสารภาพว่าอย่างนี้ครับเขาบอกว่าเขาเนี่ยอยู่กินกับนางมณีสุดา
25-25369-26.wav	คือเขารู้สึกว่าระยะหลังเนี่ยนางมณีสุดามีท่าทีเปลี่ยนไป
25-25369-27.wav	แล้วก็อ้างว่าจับได้ว่านางมณีสุดาไปติดต่อพูดคุยกับแฟนเก่า
25-25369-36.wav	หรือไม่ก็ขึ้นมานอนข้างบนแต่นางมณีสุดาไม่ยอมขึ้นมา
15-15287-12.wav	แล้วก็นางนงยาวงศกุลเป็นเพื่อนบ้านกันพี่
15-15287-1.wav	เพราะว่าชาวบ้านที่จังหวัดแพร่เขาไปเจอกับต้นกล้วย
25-25369-64.wav	บอกว่าเนี่ยนางมณีสุดาเสียชีวิตแล้วนะ
10-10746-134.wav	ตุ๊กบอกจำได้นายก้าวบอกจำได้เหมือนกัน
10-10747-48.wav	ไปติดอยู่ในถ้ำนั้นส่วนใกล้ใกล้กันเมื่อสักครู่นี้เห็นใช่ไหมที่มันมีแบบเป็นดูเหมือนทรายสีขาวหาดทรายของอ่าวมายาจังหวัดกระบี่จำลองค่ะ
10-10747-4.wav	มีถ้ำหลวงขุนน้ำนางนอนจำลองด้วยนะคะ
10-10748-15.wav	เดินทางไปกลับไปแต่งงานไม่ได้แม่ของเจ้าสาวบอกว่าเอาตามกำหนดเดิมให้แต่งงานจัดขึ้นที่ไทยนี่แหละ
10-10750-2.wav	วัดญาณสังวรารามจังหวัดน่านพอสึกปุ๊บกลับมารับงาน
10-10755-52.wav	จังหวัดอำนาจเจริญอุบลราชธานีตากอุทัยธานี
25-25372-72.wav	เลขาธิการคอปภนายสุธิพลทวีชัยการนะครับ
10-10760-4.wav	ไปที่จังหวัดอำนาจเจริญค่ะที่ลานหน้าองค์พระมงคลมิ่งเมือง
10-10764-69.wav	หรือว่าวัดดอนยางจังหวัดประจวบคีรีขันธ์ค่ะ
10-10786-220.wav	เห็นช่วงนี้หลายคนเตรียมตัวที่จะเดินทางแล้ว
10-10786-221.wav	ฉันก็คือจะมาเช็กดวงเกี่ยวกับเรื่องของการเดินทาง
10-10788-32.wav	งานกาชาดของดีจังหวัดมุกดาหารประจำปี2559
10-10788-45.wav	สำหรับงานกาชาดแล้วก็งานของดีจังหวัดมุกดาหารประจำปี2559
25-25381-6.wav	ผู้เสียชีวิตคือนายหันศาวิบุญเพ็งอายุ54ค่ะเป็นพ่อค้าขายอาหารที่วิทยาลัยอาชีวสุรินทร์
15-15288-20.wav	จุดนี้พบตัวนายพยักขพลชิงหลูชิงหลู่นะคะเป็นชาวเชียงราย
25-25384-20.wav	ซึ่งมีนายวิเชนโภชนุกูลเลขาธิการมูลนิธิ
25-25384-6.wav	นายมานิดสุขสมจิตบรรณาธิการอาวุโส
15-15288-22.wav	เพราะฉะนั้นก็ควบคุมตัวนายพยักขพลส่งมาดำเนินคดีที่ประเทศไทย
15-15288-32.wav	แล้วก็จับกลุ่มนายพยักษพล
25-25388-11.wav	ล่าสุดนะคะพี่ออนผู้สื่อข่าวของเราก็ไปถามน้องนายหน่อยละกัน
25-25393-142.wav	เพื่อตามหานายรัตนทรทัพทิมศรีอายุ44ปีครับ
25-25393-376.wav	ค่ะทีนี้ผู้สื่อข่าวก็เลยไปถามนายอิทธิพัฒน์ตันสิริกุลภาติหรือคุณป๋องเมืองทองเจ้าของคลิปนี่แหละ
25-25395-63.wav	เพื่อเดินทางต่อไปยังจุดหมาย
25-25396-238.wav	น้องพัฒน์ล่ะลูกอยากชวนคนไปเที่ยวจังหวัดเราที่ไหน
25-25397-12.wav	ลูกชายของคุณยายชื่อนางสาวสุจานีอายุ43ปี
25-25397-150.wav	ซึ่งนอกจากการเข้านอกออกในบ้านยายวันดีได้แล้วเนี่ยทางนายวิทย์เขาบอกไม่ใช่ผมคนเดียวนะ
25-25397-68.wav	นายสุเทพอินแก้วอายุ60ปี
25-25398-186.wav	นายวรกรคือเหตุจูงใจมันคืออะไรทำไมไปรักมอเตอร์ไซค์เขา
25-25398-225.wav	เอ่อนายสาธิตก็บอกว่าฟุ๊กเนี่ยใช่แต่นายพิพัฒน์เนี่ยไม่ใช่
25-25398-243.wav	แล้วก็ไปถึงศาลอ่าไปถึงศาลก็มีการแต่งตั้งทนายขึ้นค่ะก็คือว่านายพิพัฒน์เนี่ย
25-25398-246.wav	ทุกคนจะบอกว่าไม่ใช่หมดเลยเพราะว่านายพิพัฒน์จะนั่งอยู่ใน
25-25398-296.wav	ที่ว่าเขาจับนายพิพัฒน์ได้แล้วก็มาจับในฟุ๊กได้ต่อเนื่องกัน
25-25398-312.wav	ในเมื่อนายพิพัฒน์ไม่ได้ทำผิดจะให้เขาไปรับผิดไม่ได้
25-25398-337.wav	ใช่ค่ะหนูขอความเมตตาขอให้ศาลช่วยพิจารณาให้ได้ประกันตัวนายพิพัฒน์ออกมาด้วยค่ะ
25-25398-412.wav	ช่วยให้ทำเรื่องนายพิพัฒน์บัวน้อยให้ได้ออกมาเถอะ
25-25399-57.wav	ก็คือลูกสะพ้ายคนนี้แหละค่ะชื่อว่านางสาวกันนิกาทองบุญนะคะ
25-25403-91.wav	และลงนามโดยนายสนิทพรมวงอธิบดีกรมการขนส่งทางบก
25-25404-131.wav	ที่คุณเล็กหรือว่านางสาวรัฐคณิสรแฟนของเธอที่เป็นเจ้าของบ้านถูกนายโนฟันจนเสียชีวิต
25-25404-15.wav	ตำรวจสภ.มนครสวรรค์นำตัวนายชโนไทยวงแสง
25-25404-17.wav	ผู้ต้องหาที่เอามีดไปฟันนางสาวรัฐคณิสรจารุพัฒน์กิติโชธ
25-25404-19.wav	แล้วก็แทงลูกบุญธรรมก็คือนายรุจิภาษโชติธรรมหรือว่าในฟิล
25-25404-57.wav	วันนี้มีนางสาวคณิตถา
25-25404-65.wav	แล้วก็ตอนที่ทำร้ายนายรุจิภาษณแล้วก็เอาเชือกผ้าม่านเนี่ยมัดมือมัดเท้าเขาไว้กลับในบ้าน
25-25404-68.wav	ทีนี้ระหว่างทำแผนเนี่ยนะคะนางสาวคณิตถา
25-25404-71.wav	คือนางสาวคณิตถาเนี่ยไม่เชื่อว่าผู้ตายจะถีบหน้าของนายโน
102-102770-40.wav	นางพัชรินสุธินางพัชรินก็พาตำรวจเข้าไปตรวจค้น
102-102770-45.wav	ลงพื้นที่ไปที่บ้านที่เกิดเหตุวันนี้ค่ะก็ไปพูดคุยกับนางพัชรินนี่แหละ
25-25406-96.wav	ล่าสุดนะครับพระมหานพรเดินทางรับทราบข้อกล่าวหา
25-25408-7.wav	กรณีนี้คือกรณีที่ไปพบศพของนางสาวจิรพร
15-15294-34.wav	อาการของนายนพรัชหรือว่าแบงค์ตอนนี้ก็สามารถพูดคุยสื่อสารได้ทานอาหารได้
25-25417-11.wav	ในอำเภอบรรพฤษภิษัยจังหวัดนครสวรรค์
25-25418-14.wav	พาพ่อคือนายสุริยาศรีทรงและนางสาวเจียมสิริสุก
25-25425-11.wav	ใช้เป็นยานพานะในการนำตัวนางสาวสุภักษรไปส่งให้นายสามารถแสงเงิน
25-25425-14.wav	ซึ่งจุดนี้นายนิวัฒน์อ้างว่าทำหน้าที่แค่พาผู้เสียหายมาส่งเท่านั้นค่ะ
25-25425-17.wav	คงยังไม่สามารถระบุได้ว่านางสาวสุภักษรเสียชีวิตแล้วหรือเปล่า
25-25425-23.wav	เป็นคนนำร่างของนางสาวสุภักษรไปซ่อนเร้นหากตำรวจได้ตัวนายทหารทั้งสองคน
25-25425-26.wav	ซึ่งเป็นห้องพักแล้วก็จุดเกิดเหตุที่นางสาวสุภักษรถูกอุ้มหายตัวไป
25-25425-29.wav	จนกระทั่งวันเกิดเหตุนางสาวสุภักษรขับขี่รถจักรยานยนต์มา
25-25425-30.wav	แล้วก็ถูกรถกระบะคันดังกล่าวปาดหน้าจนรถของนางสาวสุภักษรล้มลง
25-25425-31.wav	จากนั้นได้ยินเสียงผู้ชายอ้างตัวเป็นตำรวจบอกกับนางสาวสุภักษรบอกว่า
25-25425-32.wav	ให้ไปคุยกันที่โรงพักจากนั้นนางสาวสุภักษรก็หายตัวไป
25-25425-5.wav	วันนี้ได้นำตัวนายนิวัฒน์สวยทองหรือว่าโจ๊กดอนชะเอม
25-25425-7.wav	ในคดีร่วมกันอุ้มฆ่านางสาวสุภักษรพลไทยสงศ์สาวธอมจากห้องพัก
25-25427-27.wav	นายชาวลิศทองด้วงวัย37ปี
25-25429-7.wav	อย่างนี้ละกันฮะที่นี่คือบ้านพักในอำเภอองคารักษ์จังหวัดนครนายก
25-25430-48.wav	หลานของคุณตาก็คือนางสุกันดาวงโพอายุ39ปี
25-25432-128.wav	ซึ่งมีแม่ของนายรณกรผู้ต้องหาค่ะไปด้วยนะคะ
25-25432-129.wav	นางนงลักษโพแสงอายุ43ปีก็ไปเยี่ยมนายรณกรลูกชาย
25-25432-131.wav	ทันทีที่ออกมาจากห้องขังนายรณกรผู้ต้องหาก็ก้มกราบเท้าแม่
25-25432-152.wav	คือแม่ของนายรณกรอาจจะโศกเศร้าเสียใจที่ลูกคายต้องเป็นผู้ต้องหาข่มขืนแล้วฆ่าอะไรอย่างนี้นะ
25-25432-26.wav	นางสาวมิเรียมเบเชอร์อายุ27ปีนักท่องเที่ยวชาวเยอรมนีนะครับ
25-25432-35.wav	ตอนก่อเหตุเนี่ยเป็นยังไงนะครับจากการสอบสวนนายรณกรผู้ต้องหา
25-25432-72.wav	พันธุ์ตำรวจเอกศักระพีรองผู้บังคับการตำรวจภูธรจังหวัดชลบุรี
25-25434-192.wav	ก็คือนายพารดรบริรัติหรือว่าหม่อมอายุ19ปี
25-25434-194.wav	รวมไปถึงอีกคนนึงคือนายสานิทส่องแสงหรือนิกอายุ20ปี
102-102771-33.wav	ก็เป็นช่วงจังหวะที่ผู้เป็นลูกคือนางสาวสิริวิพาหรือว่าแนนนะครับ
25-25434-237.wav	คุณแม่รายนี้ชื่อว่านางราตรีวุฒิชัยค่ะ
102-102771-39.wav	แล้วข้างตัวของนางสาวสิริวิพาหรือว่าแนนเนี่ย
102-102771-43.wav	ตัวของนางสาวสิริวิพาหรือว่าแนนก็ตะโกนคุย
102-102771-53.wav	ทีนี้ตัวของนางสาวสิริวิพานะฮะก็รีบเลยครับ
102-102771-133.wav	จากว่านายพุทธะให้คำตอบไม่ชัดเจน
102-102771-138.wav	ทำไมนายพุทธะถึงไม่ยอมว่ากล่าวตักเตือน
102-102771-143.wav	เพราะการที่นายพุทธะบอกว่าตัวเองไม่ใช่พระแต่แต่งกาย
102-102771-203.wav	ต้อยคือนางธัญฑรสุวรรณเสือแม่ของนางสาวแนน
25-25437-8.wav	พานหินที่พิจิตรฮะที่นายแสงวิรัติยื่นแก้ว
102-102778-21.wav	ซึ่งมีนายอัศดาสนทิพันธ์อายุ19ปีเป็นคนขี่
102-102778-22.wav	และนายธนภัทรสุรคำอายุ15ปีซ้อนท้ายมา
102-102778-24.wav	แรงชนเนี่ยทำให้ร่างของนายธนภัทรที่นั่งซ้อนท้าย
102-102778-26.wav	แต่ตัวนายอัศดาคนขี่รถเนี่ยฟุบแน่นิ่งอยู่ใกล้กับรถจักรยานยนต์
102-102778-29.wav	ตรวจแล้วเพราะไม่พบชีพจรก็เลยช่วยกันปั๊มหัวใจให้กับนายอัศดา
102-102778-34.wav	ก็มาใจจดใจจ่อเเฝ้าดูการช่วยชีวิตนายอัศดาอยู่ตลอดนะคะ
25-25439-38.wav	และนายเพียรวิทยอมรับว่าใช้ปืนไทยประดิษฐ์
25-25439-41.wav	ระหว่างที่นำตัวนายเพียรวิทย์ไปสอบปากคำที่สน.บังนา
25-25439-48.wav	แล้วบังเอิญไปเจอกลุ่มของนายธนาทิพย์ผู้ตายบังเอิญเจอ
25-25439-51.wav	ฝั่งของนายธนาทิพย์ฝั่งของผู้ตายเนี้ยมองหน้าอืม
25-25439-57.wav	อืมฝั่งผู้ตายก็เลยขี่รถหนีกลุ่มของนายพีรวิทย์มีคนมากกว่า
25-25439-71.wav	เนี่ยแฟนสาวของผู้ต้องหาก็บอกว่าไม่เคยรู้มาก่อนเลยนะว่านายพีรวิทย์เนี่ยมีปืน
25-25439-72.wav	ทางครอบครัวของนายพีรวิทย์ก็ไม่เคยรู้ว่านายพีรวิทย์พกปืน
25-25439-76.wav	ก็เลยบอกว่าเบื้องต้นนายพิรวิทยอมรับว่าเป็นคนยิงนายธนาทิพย์จริง
25-25439-77.wav	แต่ก็อ้างว่าถูกฝั่งของนายธนาทิพยั่วยุก่อนแล้วก็ชักปืนขึ้นมาก่อน
25-25439-82.wav	ตามคำรับสารภาพของนายพีรวิทย์นะคะส่วนปืนที่ตำรวจเจอเป็นปืนไทยประดิษฐ์จุด38
25-25442-272.wav	ก่อนเกิดเหตุเราทราบว่านายชัวร์เจ้าของบ้านได้ยินเสียงดังหลังบ้าน
25-25442-274.wav	ตัวนายชวนเลยเดินเข้าไปดูในห้องครัวเพื่อมองลงไปแม่น้ำด้วย
25-25442-323.wav	ของวัดเขาถ้ำพระตำบลแหลมทองอำเภอพักดีชุมพลจังหวัดชัยภูมิ
25-25442-346.wav	ไปถามนางสาวอัชราอาสาสู้นะครับ
25-25442-47.wav	คุณแม่นะนางสาวกาญจนาวันละอายุ33ปี
25-25442-98.wav	เหตุการณ์นี้นะครับเกิดขึ้นกับเด็กหญิงนรมนอารามโรศอายุ13ปีที่บ้านเล็กที่904หมู่1ตำบลท่าข้ามอำเภอชนแดนจังหวัดเพชรชบูรณ์
25-25444-90.wav	ส่วนทางด้านเมคาครับนายรัฐธรรมนูลธรรมยุราครับ
25-25447-18.wav	นายพระครทรเทียนชัยผู้ว่าราชการจังหวัดเป็นประธานอันเชิญพระโกรธ
25-25447-27.wav	นายประเสริฐลือชาธนานนท์ผู้ว่าราชการจังหวัด
25-25447-36.wav	พระเมลุมาตรจำลองบริเวณศาลากลางจังหวัด
25-25447-39.wav	โดยนายนัทพงศิริชนะผู้ว่าราชการจังหวัด
25-25447-45.wav	เช่นเดียวกับนายพรพฤษเพ็ญภาษย์ผู้ว่าราชการจังหวัดสระแก้ว
25-25448-30.wav	ได้ประตูจากธีดานายยาเขียวนาทีที่29
25-25449-22.wav	นิรัติชี้เป้าคนร้ายบอกไม่น่าเป็นใครนอกจากนายรุธ
25-25449-24.wav	ที่สำคัญก่อนหน้านี้ไม่กี่วันผู้ตายก็มีปากเสียงกับนายรุธก่อนกลายเป็นศพ
25-25449-29.wav	ตำรวจสืบสวนบางบ่อไล่เช็ควงจรปิดพร้อมตามล่านายรุษ
25-25449-41.wav	กล่าวถึงนายรุธชาวบ้านให้ข้อมูลว่า
25-25450-15.wav	นายสุบินดื่มเหล้ากับเพื่อนที่บ้าน
25-25450-18.wav	แล้วใช้มีดแทงนายสุบินจนเสียชีวิต
25-25450-9.wav	นางสาววาสนาภรรยาของนายสุบินผู้เสียชีวิตเปิดปากสารภาพ
25-25455-29.wav	ผลเอกอุดมชัยธรรมศาโรรัฐนายพานุอุทัยรัฐ
25-25457-169.wav	นางสาวพัทราหรือเจ๊น้ำหวาน
25-25457-173.wav	แต่ว่าผู้หญิงที่ถ่ายรูปคู่กับนางสาวพัทรา
25-25461-11.wav	นายนารินคำทรัพย์อายุ36ปีคนขับรถบรรทุก
25-25461-30.wav	เพราะดีที่นายพานุพงศ์จันแก้วอายุ30ปีคนขับ
15-15299-5.wav	นายพนมมุคกังอายุ61ปีถูกชุดสืบสวน
15-15300-36.wav	น้องนายเนี่ยเขาก็เล่นมาตั้งแต่เด็กนะคะ
25-25462-71.wav	นายวิรยุทธ์ณฑีธรหรือโอยี่เรือเป็นชาวจังหวัดภูเก็ตอายุ41ปี
25-25462-8.wav	นายสุวรรณหงษ์อายุ45และนายอัครวิทย์อายุ22ปีครับ
25-25463-25.wav	คนขับรถแท็กซี่ก็ให้การแบบนี้บอกว่าวันเกิดเหตุนางสาวโมนิก้า
25-25466-74.wav	เพิ่มเติมนะคะนายนัทธวุฒิอายุ49ปีบอกว่าผู้เสียชีวิตทำงาน
25-25467-16.wav	ภายในบ้านของนางวาสนาลาบสมบูรณยิ่งอายุ42ปีค่ะ
25-25467-19.wav	ก็ได้แจ้งให้นายสมจิตสิริโนหรือชาวบ้านเรียกกันว่า
25-25469-18.wav	โดยนายสมปราชแหย่พระเดินทางมากรุงเทพเป็นครั้งแรกเล่าว่า
10-10828-34.wav	ไม่เจอตัวไงไปค้นบ้านที่จังหวัดนนทบุรี
10-10830-37.wav	ตำรวจภูธรจังหวัดนครสวรรค์หรือจะแจ้งมาทางสายด่วนก็ได้นะคะ
25-25479-29.wav	ลูกชายบุญธรรมของคุณพ่อวัยพฤษก็เดินทางไปด้วยนะคะ
25-25482-23.wav	ริมแม่น้ำวังเขตตำบลวังเหนืออำเภอวังเหนือจังหวัดลำปางนะคะ
25-25483-12.wav	ทำให้นางสาววิลัยวันจันทราอายุ23ปี
25-25483-22.wav	ส่วนที่จังหวัดกำแพงเพชรเกิดดูปฏิเหตุรถกระบะเสียหลักพุ่งชนรถพ่วง
25-25483-25.wav	ภายในรถพบนายสรรทองคำอายุ51ปีประหลัดอำเภอโกสัมภีนคร
25-25483-32.wav	ทำให้นายวีรยุทธ์โพย้อยอายุ24ปี
10-10834-21.wav	ชื่อว่านางสวยภูถมนาคเป็นผู้ใหญ่บ้านท่าแสงตำบลลำพานอำเภอเมืองจังหวัดกาฬสินธุ์นะครับ
25-25484-22.wav	ผู้ชายคนนี้ชื่อว่านายอุทิศดาววังปาอายุ47ปี
10-10835-0.wav	ไปที่จังหวัดอ่างทองเกิดเหตุสลดครับแม่ลูกชายลูกสาวมาด้วยกันในรถปรากฏว่ารถเสียหลักครับพุ่งตกลงไปในคลองข้างทางแม่กับลูกชายรถคันนี้ครับแม่กับลูกชายจมน้ำเสียชีวิตส่วนลูกสาวครับรอดตายอย่างหวุดหวิดครับคุณผู้ชมครับนี่คือคลองหน้าวัดทางพระนะครับถนนโพธิ์ทองดอนกลางนะครับตำบลทางพระอำเภอโพธิ์ทองครับพอเจ้าหน้าที่ไปถึง
10-10841-5.wav	เรซเซอร์กิตที่เมืองพัทยาในวันที่2เมษายน
25-25484-62.wav	แบบนี้นะคะนี่เป็นพฤติกรรมของนายพระสุสมมนุษย์
10-10851-16.wav	ก็เดินทางไปสมทบกันแล้ว
10-10854-42.wav	สาธารณสุขคมนาคมท่องเที่ยวและกีฬา
10-10859-20.wav	แล้วคาดว่าภายในปลายปี67ประชาชนที่เดินทางจากกรุงเทพจะออกไปถนนพระราม2
25-25491-5.wav	นางสาวนิสาชนสถาผลสวัสดิ์อายุ24ปี
10-10878-57.wav	แต่ถ้าเป็นงานคอนเสิร์ตเดินทางเยอะเนี่ยเผาแล้วนะคะ
10-10881-29.wav	สามีของผู้ตายเดินทางมาและแจ้งความกับตำรวจโดยเขาคาดว่าเมียของเขาน่าจะถูกวางยาครับ
10-10881-55.wav	คุณจ๋า<MARK>แจ่มศรีเดินทางไปที่วัดโนนยางครับ
25-25494-58.wav	จากนายประจักษ์ชายกิจในอำเภอแวงน้อย
10-10896-20.wav	นายประภัสสร์<MARK>มาลากาญจน์ผู้ว่าราชการจังหวัดตรวจเยี่ยมจุดจำหน่าย
10-10896-26.wav	ส่วนที่จังหวัดเชียงรายพลตรีบัญชา<MARK>ดุริยพันธ์ผู้บัญชาการมณฑลทหารบกที่37
25-25498-200.wav	คือนายนัทธพงศ์มักผลสมบูรณ์สมบัติค่ะ
25-25498-279.wav	เรื่องของเรื่องนะครับผู้เสียหายคนนี้เนี่ยเธอน่ะชื่อว่านางสาวพัชรินอายุ22ปี
25-25499-15.wav	ทีนี้นักข่าวเราไปถามนางสาวนิติการวีระอรุณพงศ์อายุ46ปี
10-10901-90.wav	วันก่อนเราเล่าข่าวไปว่ามีบางพื้นที่บางจังหวัดบอกว่าเดี๋ยวอาจจะเปิดบริการ16เมษายนนี้จำได้ไหมคะ
25-25499-32.wav	ถามทางด้านของนายคมสรรโชธประดิษฐ์เป็นผู้ช่วยผู้อำนวยการฝ่ายการเดินรถร่วมบริการเอกชน
10-10907-49.wav	รวมทั้งนายบำรุง<MARK>ยอดมณีนายกองค์การบริหารส่วนตำบลกะเปียดด้วยนะฮะ
25-25503-0.wav	ส่วนสีสันก่อนเกมนะคะไปดูทรงผมสุดแนวของนายไมตีจิตตินันค่ะ
10-10921-26.wav	ทางจังหวัดพะเยาผมก็ไปหมดแล้วสมงสมองเนี่ยนะ
10-10925-11.wav	ขณะที่นางสาวส้มนามสมมุตินะอายุ30ปีและเพื่อนร่วมงานเมื่อกี้
10-10925-14.wav	ก่อนที่จะออกไปและหลังจากนั้นนี่คือนางสาวส้มด้านนี้ที่วงกลมนี้
10-10928-43.wav	เพราะอะไรรู้ป่ะก็จ่ายเงินให้ตำรวจในพื้นที่4จังหวัดภาคเหนือจ่ายไปหมดแล้ว
25-25509-30.wav	ว่าผู้ก่อเหตุชื่อนายยามางามิเทศียะอายุ41ปี
10-10929-0.wav	กลับมาในช่วงนี้นะครับเดี๋ยวจะพาไปที่จังหวัดลพบุรีนะครับ
15-15304-40.wav	ของนายรอสดันหลบหนีไปด้วยค่ะคุณผู้ชมสามารถติดตามคำสัมภาษณ์เปิดใจ
10-10939-28.wav	เพราะว่าเจ๊เล็กบอกว่าคือเขาอยู่ในจังหวัดประจวบคีรีขันธ์
10-10948-130.wav	จังหวัดใช้งบพัฒนามาแล้วก็ให้พื้นที่ก็คือสำนักบริหารพื้นที่อนุรักษ์ที่13เป็นคนดำเนินการ
10-10948-141.wav	คือไม่ใช่ว่าอันนี้ของจังหวัดแพร่อันนี้อยู่ในสวนรุกขชาติเชตวัน
10-10952-13.wav	โดยหลังจากที่นายสุภจิต<MARK>เขาขับรถน้ำมันกากมะพร้าวไปจอดในจุดถ่ายน้ำมัน
10-10952-15.wav	จังหวะนั้นเนี่ยนะนายสุภจิต<MARK>พยายามเปิดฝาถังน้ำมันบนตัวถังเนี่ย
25-25517-408.wav	มีจุฬารามาศรีราชนะครับแล้วก็กรมวิทย์แล้วก็ศูนย์วิทย์ของจังหวัดต่างนะครับ
25-25520-13.wav	ผู้บังคับการตำรวจภูธรจังหวัดชัยภูมิพลตำรวจตรีสมพฤษของกลาง
25-25520-15.wav	บอกว่าคนก่อเหตุก็คือนายวายุกัญญประสิทธิ์อายุ27ปี
10-10980-12.wav	ที่สุดแล้วก็ช่วยไม่ทันนายหารก็เสียชีวิต
10-10999-23.wav	ไม่ใช่ใครที่ไหนผู้ชายเพื่อนบ้านนี่ฮะนายคนนี้ครับ
10-10999-59.wav	มันมีรอยสักเธอจำได้แล้วพอมาเห็นนายคนนี้ที่เป็นคนต้องสงสัย
15-15305-272.wav	บนท่าอิดอำเภอปรากเก็ตจังหวัดนนทบุรีเนี่ย
25-25523-11.wav	นำโดยนายพระฤทธิวารักษ์หรือว่าเพนกวิน
25-25523-12.wav	นางสาวปนัสยาสิทธิจิรวัฒนกุลหรือว่ารุ้ง
25-25523-133.wav	นายฮริรักษุตบุตรโพสต์เฟซบุ๊คแบบนี้ค่ะบอกว่าการที่มหาวิทยาลัยธรรมศาสตร์
25-25523-13.wav	นายพานุพงศ์จาดนอกหรือไม้ระยองแล้วก็มีกลุ่มสมาชิกต่างนะครับ
25-25523-37.wav	แม้ว่าทางธรรมศาสตร์ท่าพระจันทร์จะไม่อนุญาตก็ตามทางด้านของนางสาวปนัสยาค่ะ
25-25523-46.wav	นายแก้วสันอธิโพธิอดีตรองอธิการบดีมหาวิทยาลัยธรรมศาสตร์
25-25526-9.wav	โดยนายประเทศมองว่าการไม่ชนะการประมูลนั้น
25-25527-76.wav	เพื่อแสดงความห่วงใยต่อสถานการณ์แผ่นดินไหวที่จังหวัดอาเจด้วย
11-11001-14.wav	ขาณุวรลักษบุรีจังหวัดกำแพงเพชรค่ะ
11-11001-36.wav	นายไกรทอง<MARK>จันกระจ่าง<MARK>อายุ45ตอนนี้อยู่โรงพยาบาล
25-25529-22.wav	การเข้าไปในพื้นที่ป่าทุ่งใหญ่นเรศวรของนายเปรมชัยกรณสูตรนะครับ
25-25529-238.wav	ระหว่างพอกาญจนาหัวหน้าวิเชียนและนายนพดล3คนนี้คือ
25-25529-291.wav	เกี่ยวกับเรื่องคดีของนายเปรมชัยกรณสูตร
25-25533-105.wav	โทรศัพท์มาหานายบุญลาบสุขใสเนี่ย
11-11006-133.wav	นายไพศาล<MARK>บอกว่าก็เท่าที่ทายาทเขามีนะ
11-11009-19.wav	ทำให้นายวัชรพล<MARK>อ่อนมาลา<MARK>อายุ16ปีนักศึกษาปวชปี1วิทยาลัยเทคนิคแห่ง(หนึ่ง,1)คนขับขี่รถจักรยานยนต์ยามาฮ่าอาร์(สาม,3)เสียชีวิตคาที่
25-25539-6.wav	นายอัธวิทย์สุวรรณภักดีนายวรวุฒิอุ่นใจรองหัวหน้าพัก
25-25539-7.wav	นายวรนัยวานิชกะที่ปรึกษาหัวหน้าพัก
11-11009-25.wav	ก่อนเกิดเหตุนายสาคร<MARK>ขับรถกระบะพานางยีซึ่งเป็นนายจ้างกลับจากหาหมอที่จังหวัดกระบี่และกำลังเดินทางกลับบ้าน
102-102792-28.wav	ผู้ชายคนนี้ชื่อว่านายสมภารสุวรรณกุล
102-102799-22.wav	ก็คือนายคุณากรเหมาะหมายอายุ16ปีนะคะ
25-25542-7.wav	อย่างกรณีนี้เกิดขึ้นกับนางน้ำอ้อยและนายเอกวุฒิแก้วประภัย
102-102799-23.wav	แล้วก็อีกคนนึงนะคะก็คือนายเพลินจันสิริอายุ60ปี
102-102806-8.wav	นางร้ายขึ้นหิ้งของวงการละครไทยตรุษจีนแบบนี้จะนึกถึงอะไรรู้ไหมคะยังไงคะ
102-102806-75.wav	แต่ละคนคือนางร้ายระดับตำนานกันทั้งนั้นเลยนะพี่แจ๊คคนนี้
25-25545-161.wav	ผลัดแรกยังสารจังหวัดสมุทรปาการแล้วนะครับนายอัตภพลหรือแฮกบุญประเสริฐเนี่ย
25-25545-181.wav	เขาก็บอกว่าจุดเริ่มต้นเนี่ยนายธนพลหรือแจ็คทองชายะอายุ21ปี
25-25545-221.wav	หลังไม่สามารถช่วยชีวิตนายรัชพงศ์หรือคิวอายุ23ปี
25-25545-660.wav	ช่วงหน้าพริตตี้เล่นคุณสัยทำของใส่สามีนางร้าย
25-25547-11.wav	พบร่างนายพัฒนารินพงธนานิกรอายุ37ปี
25-25547-28.wav	หรือว่านายประเสริฐพงธนานิกรหรือว่าระยา
25-25550-5.wav	พร้อมด้วยนายสุกิตภูลศรีเกษมผู้เชี่ยวชาญด้านกฎหมาย
25-25550-6.wav	เดินทางมาที่ศาลอาญาคดีทุจริตและประพฤติมิชชอบกลาง
25-25551-13.wav	คนขับรถชื่อนายกฤษฎาคำสารอายุ28ปีไม่ได้รับบาดเจ็บนะครับ
25-25551-15.wav	โดยมีนายบุญธรรมมูลมากูลอายุ57ปีเป็นคนขับนะฮะ
25-25551-37.wav	ที่เกิดเหตุก็พบนายสุนทรบุญมีอายุ62ปีไม่ได้รับบาดเจ็บนะครับ
25-25552-14.wav	เอาคืนเลยเพราะว่าวัยรุ่นกลัวจะถูกจับไงเห็นข่าวว่านายนิรุธไปร้องสื่อว่าให้ตามจับตัวให้ได้
25-25552-15.wav	คือเรื่องของเรื่องเนี่ยนายนิรุธไปแจ้งความที่สถานีตำรวจภูธรเมืองฉะเชิงเทราเอาไว้ว่าเอามอเตอร์ไซค์ของเพื่อน
25-25552-9.wav	คนที่ขับอยู่ในรถเนี่ยนะคะก็คือนายนิรุธพวงมาลัยทองวัย26ปีเป็นชาวฉะเชิงเทราค่ะ
25-25556-26.wav	นางสาวนัทธิราเจ้าของรถบอกว่าจอดรถไว้
25-25556-9.wav	เจ้าของรถเนี่ยคือนางสาวนัทธิรานุ่ยโหน่งนะฮะ
25-25557-15.wav	พบศพนายภูลศักดิ์จันทราอายุ51ปีนะคะ
25-25557-18.wav	ขี่บิ๊กไบท์คือนายสกลขุนจันทร์อายุ39ปี
25-25557-21.wav	ทราบว่านายภูนศักดิ์คนที่ข้ามถนนเนี่ยนะคะ
25-25557-24.wav	จนทำให้นายภูนศักดิ์กระเด็นกระแทกพื้นเสียชีวิต
25-25558-53.wav	ทางด้านของนายแก้วชิดตะขบเป็นผู้อำนวยการสำนักพุทธจังหวัดอ่างทอง
25-25559-11.wav	ก็คือนายรังสรรควิเศษลินทองกับภรรยาก็คือนางสาธิธรนะคะ
25-25559-39.wav	จังหวัดบึงกาฬจังหวัดบึงกาฬเนี่ยนะคะตำรวจเองก็นำตัวนายเฉลิมพงศ์หรือว่านายเสือเนี่ย
25-25559-42.wav	ประมาณห้านาทีก็แล้วเสร็จแล้วก็ตอนที่เอาตัวนายเฉลิมพงศ์ไปทำแผนเนี่ย
25-25559-45.wav	นายเฉลิมพงศ์ส่วนนายรังสรรค์ผู้ร่วมขบวนการเสียชีวิตตอนนี้ตำรวจบอกว่าเดี๋ยวต้องไปตามตัวนางสาวสาธิธร
25-25559-7.wav	แล้วสุดท้ายตำรวจตามไปรวบตัวได้ผู้ชายคนนี้ชื่อว่านายเฉลิมพงศ์
25-25560-25.wav	นี่แหละนี่แหละลูกผมลูกผมนางสาวกระหนกพรภูดวงจิตอายุ36ปี
25-25560-29.wav	ของนางสาวกระหนกพรเล่าบอกว่าลูกสาวอยู่กินกับอดีตสามี
25-25561-7.wav	พูดคุยกันกับนายอัธนพภูด้วงอายุ31ปี
25-25563-7.wav	ว่าสามารถจับกลุ่มตัวนายวิรพลสุขผล
25-25564-11.wav	หมายสารจังหวัดขอนแก่นเข้าจับตัวนายโรเบิร์ตแอนรูกอดอน
11-11010-106.wav	แล้วก็ล่าสุดนะครับนายบุญเสริม<MARK>ก็ได้นิมนต์พระครูศรีสุตากร<MARK>
11-11010-89.wav	ขุดพบในบริเวณบ่อปลาของนายบุญเสริม<MARK>หาญสมัย<MARK>
11-11010-91.wav	ซึ่งนายบุญเสริม<MARK>เล่าว่าก่อนหน้านี้ราว(หนึ่ง,1)เดือนนะครับ
11-11014-29.wav	แต่แล้วจู่ๆค่ะเกิดมีรถบรรทุก6ล้อของนายประสงค์<MARK>วัย40ปีเป็นคนขับ
11-11014-33.wav	ทีนี้ด้านของนายประสงค์<MARK>เนี่ยคนขับรถบรรทุกเขาก็ให้การหลังเกิดเหตุ
11-11018-35.wav	ต้องเจอกับคู่ปรับเก่าคือนายประสิทธิ์<MARK>วุฒินันชัย<MARK>
11-11018-32.wav	7เป็นการแก้มือกันอีกครั้งของนายไกร<MARK>ดาบธรรม<MARK>
11-11018-39.wav	อดีตส.ส.อย่างนายนรพล<MARK>ตันติมนตรี<MARK>
11-11018-27.wav	เจอกับนางสาวเดือนเต็มดวง<MARK>ณ เชียงใหม่<MARK>
11-11018-30.wav	หลังเคยพ่ายแพ้ให้กับนายบุญทรง<MARK>เตริยาภิรมย์<MARK>
11-11018-19.wav	ขณะที่เขต4นายวิทยา<MARK>ทรงคำ<MARK>ต้องเจอกับคู่ปรับเก่า
11-11018-16.wav	ไม่ว่าจะเป็นนางสาวทัศนีย์<MARK>บูรณุปกรณ์<MARK>ในเขต(หนึ่ง,1)
11-11028-545.wav	ล่าสุดนายแพทย์ยุทธนา<MARK>วรรณโพธิ์กลาง<MARK>นะครับนายแพทย์สาธารณสุขจังหวัดพระนครศรีอยุธยาเนี่ย
11-11028-783.wav	วันนี้ครับศาสตราจารย์นายแพทย์ยง<MARK>นะครับ
11-11152-13.wav	ทำให้ส.ว.ก๊องหรือนายพิชัย<MARK>เลิศพงศ์อดิศรมีคะแนนทิ้งห่างนะครับ
11-11152-73.wav	เจ้าหน้าที่ประจำหน่วยได้นำตัวนายสุพจน์<MARK>ไปส่งตำรวจ
11-11152-65.wav	โดยนายสุพจน์<MARK>ให้การว่าคืนก่อนการเลือกตั้ง
11-11152-63.wav	เมื่อนายสุพจน์<MARK>โพธิ์ศรีอายุ49ปีเป็นชาวบ้าน
11-11152-58.wav	ก็คือนายอุดม<MARK>ไกรวัตนุสสรณ์
11-11152-85.wav	ทีนี้ครับนายธนาธร<MARK>จึงรุ่งเรืองกิจประธานคณะก้าวหน้ากับ
11-11154-140.wav	นายบุญส่ง<MARK>พงศ์ประเสริฐอายุ43ปี
11-11154-141.wav	เป็นแฟนใหม่ของนางสาวกฤษฎาพร<MARK>ทองสมบัติ
11-11154-149.wav	ที่นายมานะ<MARK>จะขับรถนั้นหลบหนีไป
11-11154-152.wav	นายมานะ<MARK>ผู้เป็นคนยิง
11-11155-123.wav	ตำรวจก็ตั้งข้อหานายอุ้มหนองปล่อง<MARK>ฆ่าคนตายโดยเจตนา
11-11155-47.wav	สืบสวนไปจับกุมนายพีรพงศ์<MARK>แข็งฤทธิ์
11-11155-66.wav	ตัวของนายอุ้มหนองปล่อง<MARK>
11-11033-25.wav	นางสาววันดี<MARK>สมภูมิ<MARK>คนใกล้ชิดภรรยาของ
11-11033-24.wav	และภรรยาก็คือนางคณิตดา<MARK>กรรณสูต<MARK>
11-11033-40.wav	ขณะที่นายเปรมชัย<MARK>ภรรยาและคนใกล้ชิดนะคะได้แยกกันเดินทางขึ้นไป
11-11034-50.wav	ซึ่งในจุดนี้มีนายภาณุพงศ์<MARK>จาดนอก<MARK>หรือว่าไมค์ระยองมาปราศรัยด้วย
11-11141-13.wav	พอมาถึงจุดเกิดเหตุรถน้ำมันหมดเข็นกันมา(สอง,2)คนจู่ๆนายจิรศักดิ์<MARK>โผล่มาข้างทางขวางรถไว้ทำให้ตกใจและโมโห
11-11141-14.wav	เด็กชายเอจึงตรงเข้าไปชกหน้าก่อนหยิบท่อนไม้ฟาดและใช้มีดที่พกติดตัวมาฟันนายจิรศักดิ์<MARK>แล้วหลบหนี
11-11138-7.wav	นายยุทธเดช<MARK>เพ็งแจ่ม<MARK>น้องชายนายอำภัย<MARK>
11-11509-29.wav	ก็คุมตัวนายพิทักษ์<MARK>กับนางสาวสุมารี<MARK>ไปที่โรงพักนะคะ
11-11509-27.wav	ตอนที่ไปตรวจสอบพบศพนายอภิชาติ<MARK>
11-11509-24.wav	พอยิงเสร็จแล้วนายพิทักษ์<MARK>มาเอาปืนที่นางสุมารี<MARK>
11-11509-23.wav	แล้วยิงกระสุนนัดนี้ไปถูกนายอภิชาติ<MARK>ล้มแน่นิ่งไปนะคะ
11-11509-20.wav	แล้วเราก็จะเห็นนางสุมารี<MARK>เนี่ยเอาปืนออกมายิงไป(นัดหนึ่ง,1นัด)
25-25572-13.wav	นางสาวปวีนากล่าวว่ามูลนิธิได้รับแจ้งเบาะแสจากพลเมืองดี
25-25572-14.wav	เห็นข่าวดังกล่าวว่านายธนเมฆนั้นเดินทางไปที่พักที่เชียงบราย
25-25572-9.wav	นายธนเมฆรับสารภาพว่าก่อเหตุขึ้นเพราะว่าเกิดบันดาลโทษะ
11-11028-320.wav	ใน4ภายใต้เครือข่ายจีนเทาของนายตู้ห่าว<MARK>
11-11020-8.wav	จังหวัดนครศรีธรรมราชแล้วก็นางพรทิพย์<MARK>อายุ50ปีเขาเป็นสามีภรรยากัน
11-11030-37.wav	ส่วนนางนารี<MARK>แซ่กัว<MARK>เจ้าของร้านก็บอกว่าตอนนี้มียอดสั่งซื้อหนังสือพิมพ์เพิ่มกว่าร้อยฉบับนะคะ
11-11030-32.wav	นางสาวอุไรวรรณ<MARK>งามธรรมชาติ<MARK>บอกว่าตั้งแต่ในหลวงรัชกาลที่9เสด็จสวรรคตแล้ว
11-11029-27.wav	ทีนี้ก็ถามนายวุฒินันท์<MARK>แล้วค่ะ
11-11030-43.wav	นายวรพันธ์<MARK>บุญยประยุทธ์<MARK>ตัวแทนจำหน่ายบอกว่าประชาชนให้ความสนใจสั่งซื้อหนังสือพิมพ์ไทยรัฐฉบับพิเศษเป็นจำนวนมาก
11-11036-293.wav	ชื่อว่านางสุดใจ<MARK>คัชชะ<MARK>เนี่ยนะฮะ
11-11036-356.wav	ราย(หนึ่ง,1)ในนั้นคือนายประเสริฐพร<MARK>ดาวสุพรรณ<MARK>นักแต่งเพลงและหัวหน้าคณะวงดนตรีประเสริฐพรดาวสุพรรณ
11-11041-24.wav	ไปเจอตัวว่าคนที่ก่อเหตุชื่อว่านายมงคล<MARK>บัวผัน<MARK>อายุ34ปี
25-25577-14.wav	และในที่ดินที่เป็นมรดกของนางอังคณรัฐโอ้โหไม่เช่นนั้นคนที่อยู่กินกันมา26ปี
11-11043-32.wav	เป็นบุตรของนายมะแอ<MARK>กับนางน๊ะ<MARK>เบ็ญสะอีด<MARK>นะครับมีพี่น้อง4คนด้วยกัน
11-11043-33.wav	นายอาศิส<MARK>พิทักษ์คุมพล<MARK>นะครับท่านก็ถึงแก่อนิจกรรมไป
11-11043-37.wav	นางสาวฟาติมะห์<MARK>พิทักษ์คุมพล<MARK>ครับคนนี้ยังมีชีวิตนะครับ
11-11041-28.wav	แล้วตำรวจเอาหมายจับแล้วค่ะไปจับกุมตัวแต่นายมงคล<MARK>เนี่ยไหวตัวทันหลบหนีไปได้นะคะ
11-11041-30.wav	ทีนี้จากการตรวจสอบประวัติเบื้องต้นของนายมงคล<MARK>คนนี้ไม่ธรรมดานะคะ
11-11043-29.wav	คุณผู้ชมครับทั้งนี้นายอาศิส<MARK>พิทักษ์คุมพล<MARK>
11-11043-5.wav	และเราต้องกลับไปสู่พระองค์ตามที่นายอาศิส<MARK>พิทักษ์คุมพล<MARK>จุฬาราชมนตรี
11-11043-9.wav	ว่านายอาศิส<MARK>พิทักษ์คุมพล<MARK>จุฬาราชมนตรีคนที่18แห่งราชอาณาจักรไทย
11-11047-8.wav	กล่าวหาว่านายวุฒิ<MARK>บุญชุมแสง<MARK>
11-11050-12.wav	เพื่อที่จะต้องการประท้วงการบริหารงานของนางสาวพรปวีณ์<MARK>แสนสุข<MARK>
11-11052-109.wav	นายวิจิตต์<MARK>แก้วไทรเทียม<MARK>
11-11052-9.wav	นายกีรติ<MARK>กิจมานะวัฒน์<MARK>นะครับ
11-11055-69.wav	นางสาวชนม์ทิดา<MARK>อัศวเหม<MARK>หรือว่าน้องเพลงนะครับ
11-11063-11.wav	ส่วนที่เห็นนี้นะคะนายอภิสิทธิ์<MARK>เวชชาชีวะ<MARK>ชวนหัวหน้าพรรคประชาธิปัตย์บอกว่า
11-11061-9.wav	สอบถามทราบว่าคนก่อเหตุคือนายพูลชัย<MARK>บุญมาตุ้ย<MARK>อายุ39ปีอาศัยอยู่ในบ้าน
11-11063-24.wav	แล้วก็ตะโกนต่อว่านายสุเทพ<MARK>เทือกสุบรรณ<MARK>
11-11063-41.wav	อย่างนายณัทพัช<MARK>อัคฮาด<MARK>นะคะ
11-11063-42.wav	น้องชายของนางสาวกมลเกด<MARK>อัคฮาด<MARK>
25-25577-7.wav	เมื่อวานนี้นางอังคณรัฐอายุ45เป็นอดีตเมียที่อยู่กินกันมา26ปีอดีตเมียแล้วนะ
11-11061-6.wav	พบศพนายปรีชา<MARK>เรืองคำ<MARK>อายุ42ปีถูกยิงเข้าที่กลางหลัง(หนึ่ง,1)นัดนะฮะ
11-11061-19.wav	บอกว่ามีวิญญาณเข้าสิงบ้างอะไรบ้างก็เลยก่อเหตุยิงนายปรีชา<MARK>เข้าไป
11-11061-12.wav	ออกมา(หนึ่ง,1)นัดนายปรีชา<MARK>เดินผ่านหน้าบ้านพอดีโดนเข้าไปครับล้มฟุบลงไป
11-11061-26.wav	ส่วนช่วงบ่ายวันนี้ศพของนายปรีชา<MARK>ได้ถูกเคลื่อนย้ายออกจากโรงพยาบาล
11-11067-100.wav	ส่วนกรณีของนายพิตตินันท์<MARK>ที่ตอนแรกข่าวออกมาบอกว่าเป็นผู้ติดตามเป็นคนใกล้ชิด
11-11067-104.wav	ผมก็รับเอาไว้แล้วตอนนี้เนี่ยผมก็ได้สั่งการให้นายพิตตินันท์<MARK>เนี่ย
11-11067-105.wav	ไปแจ้งความเพื่อที่จะดำเนินคดีกับนายศรสุวีร์<MARK>
11-11067-113.wav	ทีนี้มีการตั้งข้อสังเกตด้วยว่านายศรสุวีร์<MARK>ก่อนหน้านี้
11-11067-89.wav	เข้าไปมีส่วนเกี่ยวข้องกับนายศรสุวีร์<MARK>
11-11069-102.wav	รายแรกเลยคือนายเทิ้ม<MARK>สารเป็ง<MARK>อายุ82ปี
11-11069-107.wav	ส่วนอีก1ศพนะคะที่เสียชีวิตก็คือนายลาน<MARK>แก้วจ้อน<MARK>อายุ56ปี
11-11070-29.wav	นายวิสูตร<MARK>วงศ์อาชาภิวัฒน์<MARK>เจ้าของสวนกล้วยหอมซึ่งเป็นเจ้าภาพงานนี้ก็เล่าให้เราฟังว่า
11-11070-24.wav	นางสาหร่าย<MARK>ก็เลยนำผักสดมาแก้บนเพราะคิดว่าจะได้นำไปทำกิจกรรมสาธารณกุศล
11-11070-16.wav	โดยผู้ที่มาแก้บนคือนางสาหร่าย<MARK>ชูราศรี<MARK>อายุ50ปี
11-11072-19.wav	โดยนายสุวพันธุ์<MARK>ตันยุวรรธนะ<MARK>รัฐมนตรีประจำสำนักนายกรัฐมนตรี
11-11074-17.wav	นายฉายา<MARK>เปลี่ยนสี<MARK>อายุ50ปีไปสอบถามชาวบ้าน
11-11076-0.wav	งานหมั้นของต๊ะ<MARK>วริษฐ์<MARK>นะคะที่ในวันนี้เนี่ยได้ควงคู่กับแฟนสาวเข้าพิธีหมั้นที่จังหวัดภูเก็ตเป็นที่เรียบร้อยแล้วนะคะ
11-11076-2.wav	บอกว่าเป็นอีก(หนึ่ง,1)คู่ที่เพิ่งจะมีข่าวดีก็คือดาราหนุ่มต๊ะ<MARK>วริษฐ์<MARK>กับแฟนสาวแอน<MARK>วริษฐา<MARK>ที่เข้าพิธีหมั้นที่บ้านเกิดของฝ่ายหญิงจังหวัดภูเก็ตโดยมีพี่สาวฐิสา<MARK>นะคะดาราสาวเมย์<MARK>บัณฑิตา<MARK>ไปร่วมแสดงความยินดีส่วนแต่งจริงค่ะเขาบอกว่าจัดแน่ปลายปีหน้าที่กรุงเทพมหานครนะคะ
11-11083-16.wav	ฝากระโปรงยุบมีนายวิวัฒน์ชัย<MARK>อุทิยา<MARK>
11-11083-4.wav	เพื่อจะช่วยชีวิตนายวิชาญ<MARK>อนันตศักดิ์วงษ์<MARK>อายุ55ปีนะครับ
11-11083-6.wav	เพราะว่านายวิชาญ<MARK>เสียชีวิตในเวลาต่อมานะครับ
11-11085-39.wav	ล่าสุดนายวันชัย<MARK>คงเกษม<MARK>ท่านผู้ว่า
25-25583-10.wav	ส่วนนายอนุสรภาพสิงอายุ37ปีคู่กรณี
25-25583-6.wav	กล้องวงจรปิดบันทึกวินาทีชีวิตที่นายธนาวุฒิหมื่นหารอายุ31ปี
11-11087-42.wav	เหมือนกับนายเปรมชัย<MARK>ทั้ง6ข้อหาแต่เพิ่มร่วมกันมีปืนและกระสุนปืน
11-11087-36.wav	พร้อมกับมีการชี้ขาดด้วยนะคะว่าไม่ฟ้องนางนที<MARK>เรียมแสน<MARK>
11-11087-31.wav	แล้วมีความเห็นไม่สั่งฟ้อง3ข้อหาสำหรับนายเปรมชัย<MARK>นะคะก็คือ
11-11087-43.wav	ในครอบครองโดยไม่ได้รับอนุญาตนายยง<MARK>โดดเครือ<MARK>ในลูกน้องคนสนิท
11-11087-30.wav	โดยไม่ได้รับอนุญาตก็คือ6ข้อหานักที่โดนที่นายเปรมชัย<MARK>โดน
11-11087-17.wav	แย้งกับสำนวนสั่งฟ้องนายเปรมชัย<MARK>และพวก4คน
11-11087-14.wav	นายเปรมชัย<MARK>กรรณสูต<MARK>ประธานบริหารบริษัทอิตาเลียนไทย
25-25587-12.wav	ก็เลยสอบสวนคนขับรถทัวร์คือนายประสิทธิ์สุดสิงนะคะ
11-11087-11.wav	นางสมศรี<MARK>วัฒนไพศาล<MARK>อธิบดีอัยการภาค7
11-11087-12.wav	พร้อมด้วยนายสมเจตน์<MARK>อำนวยสวัสดิ์<MARK>อัยการพิเศษฝ่ายคดีอาญา2ภาค7
11-11087-45.wav	นายเปรมชัย<MARK>ทั้ง6ข้อหาและเพิ่มอีก2ข้อหาก็คือ
11-11087-51.wav	เปรมชัย<MARK>และพวกต้องเดินทางไปรายงานตัวในผลัด7
11-11091-134.wav	พร้อมกับนางมานิตย์<MARK>จะไปแจ้งความ
11-11091-114.wav	ส่วนทางด้านของนางมานิตย์<MARK>เต็มปักษี<MARK>
25-25587-4.wav	สภาพศพของนายมูลที่คำอายุ70ปีนะคะ
11-11091-74.wav	คบหากับลูกสาวของนางมานิตย์<MARK>เต็มปักษี<MARK>
11-11091-86.wav	ก็เลยไปที่บ้านของแม่ยายก็คือบ้านของนางมานิตย์<MARK>
11-11093-94.wav	ก็คือนางสาวสิริรักษ์<MARK>ธรรมธราธารกุล<MARK>
11-11093-97.wav	ได้รับข้อความขอความช่วยเหลือจากนางสาวพัชรา<MARK>ผู้ช่วยเภสัชกร
11-11093-26.wav	ก่อนจะพบว่านางสาวพัชรา<MARK>ได้เสียชีวิตอยู่ก่อนแล้ว
11-11093-2.wav	บอกว่านางสาวพัชรา<MARK>กรุงแกร่ง<MARK>นะครับ
11-11093-72.wav	นะครับทางด้านพลโทสรรเสริญ<MARK>แก้วกำเนิด<MARK>โฆษกประจำสำนักนายกรัฐมนตรี
11-11101-10.wav	คือทางนางมลวดี<MARK>เนี่ยบอกว่าอยากให้ลูกสาวเนี่ยกลับมาที่บ้าน
11-11109-14.wav	นางหอม<MARK>บุญเปี่ยม<MARK>แม่ของเด็กชายมงคล
11-11110-7.wav	นายสราวุฒิ<MARK>ชูทิพย์<MARK>อายุ36ปี
11-11111-17.wav	สำหรับนายประสิทธิ์<MARK>จันทร์สำราญ<MARK>อายุ69ปี
25-25591-463.wav	ผมได้โอนให้พี่ชายนายทวรกับลูกสาวแล้วครับ
11-11111-23.wav	เป็นบ้านของนางละเอียด<MARK>เป็นพี่สาว
11-11111-25.wav	มีตัวเองกับนายไพบูลย์<MARK>ที่เป็นญาติพี่น้องกัน
11-11119-154.wav	นายตั้มบอกนะคะก็ยอมรับว่าเป็นคดีที่ยากต่างจากคดีหวย30ล้านนะคะคดีครูปรีชา<MARK>หมวดจรูญ<MARK>นะคะต่างกันมากทนายตั้มก็พูดถึงบุคคลคนนึงนะคะบอกว่าไม่อยากจะสนใจไม่อยากจะให้ค่าแต่อยู่ต่อหน้าสื่อทำไมเก่งไม่รู้พูดถึงใครเดี๋ยวลองฟังทนายตั้มดูดีกว่าค่ะ
11-11119-130.wav	แต่ที่สำคัญก็คือชื่อบัญชีเนี่ยเป็นชื่อของนางสมพร<MARK>หลาโพธิ์<MARK>
11-11119-145.wav	ขณะที่เจ้าหน้าที่โรงพยาบาลดงหลวงจังหวัดมุกดาหารก็ลงพื้นที่มาพูดคุยกับยูทูบเบอร์ช่อง(หนึ่ง,1)ที่หน้าบ้านลุงพล
11-11119-77.wav	ชื่อบัญชีของป้าแต๋นนางสมพร<MARK>หลาโพธิ์<MARK>ป้าแต๋นภรรยาลุงพล
11-11119-99.wav	ขึ้นชื่อนางสมพร<MARK>หลาโพธิ์<MARK>นะฮะ
11-11121-15.wav	เป็นคนเห็นเหตุการณ์คือนางสาวญาดา<MARK>อินทะวง<MARK>
11-11121-18.wav	แล้วบอกว่าถูกชายคน(หนึ่ง,1)ชื่อว่านายบุญชู<MARK>
11-11121-19.wav	หรือว่านายไข่ดำ<MARK>หรือว่านายขออภัย
11-11123-30.wav	ไปเจอนายณรงค์วิทย์<MARK>พาคำ<MARK>อายุ60ปีเป็นเจ้าของบ้าน
11-11121-42.wav	ยายบอกว่านายบุญชู<MARK>เนี่ยเป็นคนหมู่บ้านเดียวกันนะครับ
25-25591-486.wav	ถ้าดินบอกว่าโอนไม่ได้หรอกยายยายต้องหาพยานที่รับรู้ว่ายายโอนให้นายเจริญสองคน
11-11121-46.wav	จากการสอบถามของพนักงานสอบสวนก็ทราบว่าเบื้องต้นนั้นนายบุญชู<MARK>นั้นได้รับสารภาพว่าได้อุ้มเด็กเข้าไปในป่าจริง
11-11121-40.wav	ซึ่งคาดว่าเป็นรอยเล็บของนายบุญชู<MARK>ระหว่างที่ปิดปากหลานไม่ให้ส่งเสียง
11-11123-58.wav	ผอ.เขตพื้นที่การศึกษาเพชรบูรณ์เขต2นายวรพล<MARK>อุทัยรัตน์<MARK>
11-11124-43.wav	คือนายสมชาย<MARK>เย็นจิต<MARK>หรือว่าหมึก
25-25591-487.wav	ซึ่งโอนได้ผมก็กลับมากลับมาก็แม่บอกว่ามึงเอาไปให้นางสำรวยลุง
11-11124-48.wav	นายสมชาย<MARK>หรือหมึกโผล่ออกมาสิฮะ
25-25591-509.wav	ผมก็ให้เมียผมให้พานางสำรวยเซ็นรับรู้
25-25591-510.wav	กับเมียนายสวาสชื่ออ่อนครับเซ็งสองคน
25-25591-560.wav	น้องชายต้องได้ครับแต่คนนางจำรัฐไม่ได้ไม่ให้เลยเพราะนางจำรัฐนี้
25-25591-564.wav	แม่ให้ลูกชายชื่อนายถวรขายที่
11-11010-2.wav	เลยหลายจังหวัดที่เขาขุดพบนะครับ
11-11011-11.wav	จังหวัดสระบุรีนี่เห็นทางรถไฟนะคะเพราะว่า
25-25594-13.wav	แล้วก็กระทรวงมหาดไทยของเบลารุสก็ยกย่องวีรกรรมของตำรวจนายนี้
25-25596-28.wav	นายสุภากรพวงทองอายุ50ปีพลเมืองดีบอกว่า
25-25596-48.wav	ด้านนายสุรศักดิ์สุนทรกิจหัวหน้าทีมกู้ภัยนะคะ
11-11017-32.wav	สำหรับพ่อแม่ผู้ปกครองที่กำลังเดินทางนะคะแนะนำว่าให้วางแผนการเดินทาง
25-25599-47.wav	ค่อยนำตัวนายประยูนผู้ประสบเหตุลงมาได้อย่างปลอดภัย
11-11018-40.wav	ท้าชิงกับนายสุรพล<MARK>เกียรติไชยากร<MARK>
25-25600-18.wav	ล่าสุดวันนี้นะฮะนายเสรีชัยกิตินายกเทศมนตรีตำบลจอหออำเภอเมือง
102-102807-53.wav	นายทวีศักดิ์ติการอายุ53ปี
25-25603-8.wav	ก็คือนางละมัยศรีชัยวานค่ะบอกว่า
102-102808-7.wav	นางศิริพรแดงสุภาลูกสาวคนโตเกี่ยวกับปัญหาเรื่องของทรัพย์สินกองมรดกค่ะ
25-25611-104.wav	ทุบกระจกทำลายข้าวของบนรถตัวนางสาวนวลพันธ์กระเป๋ารถเมย
25-25611-63.wav	สายันบอกว่าผมกับกระเป๋ารถเมย์นางสาวนวลพันธ์ก็เลยตะโกนบอก
25-25611-9.wav	สน.รัฐพร้าวก็พยายามเกลี้ยกล่อมนะครับผู้ชายคนนี้ชื่อนายพีรณัท
11-11028-47.wav	เพราะว่าตอนนี้เนี่ยคือเหลือผู้สูญหาย5นายก็ยังคงค้นหาหาแบบทุกวิถีทางจริง
11-11028-684.wav	คนไปเขาเรียกว่าไปท่องเที่ยว
25-25616-14.wav	ทราบชื่อคือนายวัชรไกรเย็นวัฒนาอายุ28ปี
25-25616-15.wav	แล้วนายนนน้อยอายุสักประมาณ2025ปีค่ะ
25-25616-16.wav	นายจักรพรรดิลามจันทึกอายุ23ปี
11-11028-740.wav	เป็นนักท่องเที่ยวไทยเนี่ย6670คนมีชาวต่างชาติเริ่มเดินทางมาแล้วนะครับ
11-11028-883.wav	แล้วทำไมยายแจ็คไม่พูดในรายการอะนางให้หนูพูดในนิวส์โชว์เมื่อวาน
11-11028-891.wav	มันจะเป็นคลิปที่นางใส่อีกคลิป(หนึ่ง,1)เสื้อสีดำ
11-11029-18.wav	นายวุฒินันท์<MARK>สันติกุลสุข<MARK>อายุ22ปี
102-102809-35.wav	แม่ฮ่องสอนนี่ก็ถือว่าเป็นพื้นที่ที่การเดินทางนี้ค่อนข้างลำบากอยู่แล้วนะครับ
102-102811-2.wav	มติคณะรัฐมนตรี30มิถุนายน2541ในเขตอุทยานแห่งชาติหมู่เกาะลันตาจังหวัดกระบี่
25-25617-11.wav	ทราบชื่อคือนางสาวออนอายุ17แล้วก็นายพลชื่อพลอายุ23
25-25617-17.wav	พันธุ์ตำรวจเอกนิกรด้วงฉุนผู้กำกับการสภ.เดิมบางนางบวช
102-102825-29.wav	ซึ่งเป็นฝั่งขาเข้าเมืองจังหวัดอำนาจเจริญ
102-102825-17.wav	วันนี้ทีมข่าวก็เลยลงไปพบนะคะกับนายบุญหลายและนางหนูเขียนสุรารักษ
102-102824-13.wav	ก็ได้เปิดบ้านพักในพื้นที่หมู่17ตำบลต่อมอำเภอเมืองจังหวัดพะเยาครับ
102-102824-11.wav	ภายใต้การฝึกสอนของครูศักดิ์หรือว่านายกิติศักดิ์ขันทวง
102-102824-1.wav	นี่พาไปที่จังหวัดพะเยานะครับ
25-25622-24.wav	รวมทั้งยังปรากฏชื่อของนายซิกมุนตูกุลักษันนายกรัฐมนตรีไอซแลนด์ด้วย
11-11035-16.wav	แต่ว่านางบอกว่าฟังกันเยอะนะไม่อยากให้ยอดวิวน้อยไปนะคะ
11-11035-6.wav	เรียกว่าทำเองลงทุนเองแต่นางบอกว่าไม่อยากฟังคนเดียวนะพี่
11-11036-107.wav	ว่านางเนี่ยแบบว่าทำไมใจมันถึงได้ร้อนอะไรได้ขนาดนี้เลย
25-25623-8.wav	จากการสอบถามนางจันเทียนพีอายุ24ปีซึ่งเป็นผู้เช่าห้องแล้วก็เป็นผู้เสียหายเนี่ยนะฮะ
25-25624-394.wav	คุณผู้ชมดูแล้วกันเนี่ยเอานะแล้วก็ด้านนางฟิโอน่านะคะรัสเตลนะคะ
11-11036-135.wav	แล้วผลปรากฏว่าพนักงานก็ก็หยิบเป็นธรรมดานี่แหละแต่วินาทีนั้นนางเนี่ยมีความรู้สึกว่า
11-11036-143.wav	พอนางขับไปแล้วนางไปเปิดดูไง
11-11036-349.wav	เรานะคะเป็นหลวงพ่อดำนะคะอยู่ที่จังหวัดสุพรรณบุรี
11-11036-559.wav	จริงนางก็ยังมีละครละครอยู่อีกตั้งเยอะแยะถูกไหม
11-11036-630.wav	ฉันจำชื่อนางไม่ได้
11-11040-0.wav	ถ้าต่อสู้แบบใหม่ปกตินางโกงนางเอกเขาควักปืนมาเขายิงอย่างนี้
25-25628-11.wav	นายมาโนธเคยข่มขู่มาแล้วว่าจะฆ่ายกครัว
25-25628-14.wav	ขณะที่นายพานุเดชสะอุบลผู้เป็นหลานเขย
25-25628-19.wav	นายพานุเดชเล่านาทีที่เข้าไปพบปู่กำลังดับไฟว่า
25-25628-29.wav	จากนั้นจังหวะที่นายพานุเดชหันไปบอกญาติที่วิ่งมาดูเหตุการณ์
25-25628-40.wav	นางสาวอารีรัฐเทพจินดาหลานผู้เสียชีวิตเปิดเผยว่า
11-11055-22.wav	นี่เป็นป้ายหาเสียงของนายณัฐวัฒน์<MARK>พอใช้ได้
11-11060-2.wav	นี่นะคะจะอร่อยเด็ดแค่ไหนไปกันที่จังหวัดขอนแก่นค่ะคุณผู้ชม
25-25628-41.wav	เวลาเมานายมาโนธจะอารวาสทุกครั้ง
25-25628-47.wav	ญาตินำร่างนายชาวผู้เสียชีวิตไปประกอบพิธีทางศาสนา
25-25628-51.wav	และกำลังติดตามตัวนายมาโนธมาดำเนินคดี
25-25628-8.wav	ด้านนายมาโนธหลบหนีไปทิ้งไว้เพียงจักรยานยนต์ที่ขี่มาจอดไว้หน้าบ้านเกิดเหตุ
25-25629-11.wav	ตำรวจก็ไปสอบปากคำนายเรวัตนะครับนายเรวัตบอกว่าตอนเกิดเหตุนั่งอยู่ที่หน้าบ้านนะครับ
25-25632-0.wav	นายสกลวรรณพงศ์ผู้ว่าการการกีฬาแห่งประเทศไทยหรือว่ากกทค่ะ
25-25635-6.wav	ผู้ได้รับบาดเจ็บคนนี้ครับนางสาวสายฝนขานวงอายุ39ปี
25-25637-108.wav	ก็คือน้องชายของพรานเก่งนายสนอเฟื่องฟูบอกว่า
25-25637-113.wav	นายชะโลธรเนื่องจำนงเป็นเจ้าหน้าที่ป่าไม้เขตเขาเขียวเขาชมพู่
25-25637-45.wav	มีน้องชายพรานเก่งอยู่ด้วยนะครับชื่อว่านายสนอเฟื่องฟู
25-25639-356.wav	ดูสิคะนี่คือนายเจษดาแย้มสบาย
25-25639-77.wav	ทีนี้เมื่อสักครู่ที่คุณทัศนายบอก
25-25639-94.wav	ต่อเนื่องเลยมีข้อมูลจากทางด้านของโฆศกนะฮะโฆศกพศหรือว่าโคศกสำนักพุทธนายสิทธามูลหงษ์นะฮะ
25-25641-10.wav	นายนาจิบราซักนายกรัฐมนตรีมาเลเซียออกแถลงการแสดงความหวังว่า
25-25648-15.wav	นางสาวนายนาสุทงศาอายุ38ปี
25-25649-34.wav	ผู้ก่อเหตุชื่อว่านายสราวุฒิศรีราชาอายุ36ปี
25-25651-18.wav	ขณะที่ทีมข่าวไปตรวจสอบที่เกิดเหตุไปเจอนายชาวลิศเคารพรัฐนะครับ
11-11086-400.wav	นางก็เปลี่ยนชุดกันหลังหลังเวทีเนอะใช่จากริมโขงแล้วเนี่ย
25-25659-11.wav	นายดาบิตแบรนาทนักธุรกิจชาวสเปน
25-25659-15.wav	ตรงกับนายดาบิตและนายอาตูเซการาปรินเซฟผู้ต้องหา
25-25659-17.wav	เป็นที่ใช้กักขังทรมานรวมถึงฆาตกรรมหั่นศพนายดาบิต
25-25659-25.wav	นายอาตูเป็นผู้ลงมือก่อเหตุฆาตกรรม
25-25659-31.wav	พบว่านายดาบิตนั้นโอนเงินเข้าบัญชีผู้ต้องหา
25-25659-34.wav	ส่วนนางสาวปริศนาแสนอุบลเพื่อนสาวของนายอาตู
25-25659-54.wav	จากการตรวจห้องพักของนายดาบิตบริเวณสุขุมวิทย์ซอยแปด
25-25659-6.wav	ยืนยันว่านายอาตูใช้คอนโดย่านพระรามเก้า
25-25661-11.wav	คนก่อเหตุก็คือนางสาวอัชราสุริยชัย
25-25661-13.wav	ผู้ได้รับบาดเจ็บชื่อว่านายพจนจันสีดำอายุ38ปีค่ะ
25-25661-17.wav	นางสาวอัชราให้การบอกว่าตนเองอยู่กินกับแฟนนุ่มมาสักประมาณ34ปีเห็นจะได้
25-25661-18.wav	ก่อนเกิดเหตุแฟนนุ่มคือนายพจนเนี่ยสภาพเมานะครับ
25-25661-24.wav	คือป้องกันตัวแต่นายพจนก็ยังไม่หลาบไง
25-25661-26.wav	ตัวเองก็เลยแทงเข้าไปที่หน้าท้องของนายพจน1ครั้ง
25-25661-29.wav	เอาตัวนายพจนไปส่งโรงพยาบาลให้หน่อย
25-25662-391.wav	จากกรณีนายนิวัฒน์ซ้ายซานะครับอดีตผู้ใหญ่บ้านบ้านยางคำจังหวัดนครพนม
25-25662-392.wav	รวมถึงนางป่านซ้ายซางครับเป็นภรรยาเขาแจ้งความร้องทุกข์นะครับ
25-25662-406.wav	นายนิวัฒน์เปิดเผยนะครับว่าศพลูกชายมาถึงที่บ้านในวันที่19เมษายนครับ
25-25662-409.wav	ภูมิคับบัญชาของคู่รณีนะครับว่าทหารตั้งแต่ชั้นประทวนจนถึงศัลยบัตรจำนวน7นายนั้น
25-25663-158.wav	ผู้ก่อเหตุคือนายอัครพลหรือว่านายแดน
25-25663-165.wav	ชื่อว่านายวิษณุหรือว่านายคิงนะฮะ
25-25663-33.wav	่องข้างขวาของนายถาปกรณ์อายุ34ปีครับ
25-25663-92.wav	ได้คุยกับนายถาปกรณ์อายุ34ปี
25-25670-7.wav	โดยนางสาวนัทวลัยเนียนขาวกรรมการผู้จัดการ
25-25672-8.wav	นางสาวนิตยาเต็มเปี่ยมค่ะคุณครูผู้สอน
25-25681-12.wav	ไปพบกับนายวรสิตพุทธจีบในอำเภอจตุรัส
25-25684-117.wav	ฮูแตยือลอที่ตำบลบาเละใต้อำเภอบาเจาะจังหวัดนราธิวาส
25-25684-57.wav	คือนายซะโรงอำรีหิเลาะนะคะ
25-25684-62.wav	ชาวบ้านอีกคนนึงคือนายอับดุลละสามะอิ
25-25689-8.wav	คุณยุวดีสิงห์เมืองพลหัวหน้าฝ่ายบริหารโครงการชนประธานจังหวัดขอนแก่น
25-25691-10.wav	พบหลักฐานสำคัญคือการสั่งจ่ายเช็คที่ลงนามโดยนายสุภาชัย
25-25691-17.wav	คณะพนักงานสอบสวนจึงพิจารณาเห็นว่าพฤติการของพระธรรมชโยกับพวกอาจมีส่วนเป็นผู้สนับสนุนนายสุภาชัยในการยักยอกทรัพย์ของสหกร
25-25694-56.wav	ชื่อนางน้อยเอี่ยมสะอาดอายุ81ปีลูกชายชื่อนายจำเนียน
25-25694-69.wav	ชื่อนายจำเนียนเอี่ยมสะอาดนะฮะ
25-25696-10.wav	ขณะกำลังไปรับซื้อน้ำยางนางสาวจริญญาได้ขอตัวกลับบ้านไปปัสสาวะ
25-25696-12.wav	แล้วนายสรายุทธ์นั้นก็ไม่เคยออกตามหาแล้วก็ห้ามญาติไม่ให้ไปแจ้งความคนหายด้วย
25-25696-16.wav	ก็ประสานเจ้าหน้าที่พิสูจน์หลักฐานเข้าไปตรวจสอบที่บ้านของนายสรายุทธ์
25-25696-18.wav	ก่อนที่จะนำตัวของนายสรายุทธ์แล้วก็น้องชาย
25-25696-20.wav	ทับร่างของนางสาวจริญญานั้นไปสอบปากคำ
25-25696-21.wav	ขณะที่นายสรายุทธ์นั้นเปิดเผยกับผู้สื่อข่าวบอกว่า
25-25696-23.wav	เขาเล่าว่าวันที่เกิดเหตุเนี่ยนางสาวจริญญาบอกกับตนว่า
25-25696-32.wav	เพราะว่าคิดว่านางสาวจริญญาอาจจะโกรธเครื่อง
25-25696-36.wav	นายสรายุทธ์ยังบอกได้ว่าหลังจากนี้ก็จะไปชี้แจงกับตำรวจ
25-25696-55.wav	คือครอบครัวของนางสาวจริญญาไปแจ้งความไว้2ครั้งนะครับ
25-25696-56.wav	ทั้งวันที่พบศพลูกสาวนายสรายุทธ์ก็ไม่มีท่าทางเสียใจกับสิ่งที่เกิดขึ้นแม้แต่น้อย
25-25696-67.wav	บอกว่านางสาวจริญญานั้นไม่ได้ตั้งคันตามที่เป็นข่าวก่อนหน้านี้ด้วยนะครับ
25-25696-69.wav	ฝั่งญาติของนายสรายุทธ์กับฝั่งผู้ตายเนี่ยมาทำการสอบประคำเพิ่มเติม
102-102759-60.wav	ได้เดินทางไปแบบนี้เนี่ยนะคะเอาฟังเสียงบางช่วงบางตอนหน่อยค่ะ
25-25696-8.wav	หลังจากนางสาวจริญญาหายตัวไปทางญาติก็พยายามสอบถามไปที่ฝ่ายสามี
25-25697-12.wav	นายเสนอนุ้ยเร็ดมีอาการลมชักกำเริบ
25-25697-20.wav	คนขับคือนายสมทวินงามเนธมิตรดีอายุ44ปี
25-25697-26.wav	ภูมิในการโรงเรียนวังน้ำขาวชนุปธรรมจังหวัดหนองบัวลําภู
25-25697-35.wav	กรณีนายกันพิทักษ์ปัชชิมสวัสดิ์หรือหมูแฮม
25-25697-36.wav	นักศึกษาวัย20ปีลูกของนางสาวินีปัชชิมสวัสดิ์
11-11111-3.wav	เดี๋ยวพาคุณผู้ชมไปที่จังหวัดอ่างทองกันหน่อยนะคะ
25-25699-10.wav	งไหมอำเภอวารินชำราบจังหวัดอุบลรัชธานี
11-11113-7.wav	ปัจจุบันนั้นอาศัยอยู่กับนายทองใส<MARK>บุญเย็น<MARK>อายุ86ปีซึ่งเป็นพ่อนะครับ
25-25700-1.wav	เมษายนที่ผ่านมาหลังจากผู้ชายคนที่ก่อเหตุหนีไปนะคะเหตุการณ์ที่เกิดขึ้นที่สิงห์บุรีแต่ไปกบดานที่กาญจนบุรีเมื่อวานนี้ตำรวจไปควบคุมตัวได้แล้วค่ะผู้ชายคนนี้ชื่อว่านายวันนัทบุญเชื่อมหรือหมีอายุ29ปีนะคะก่อเหตุวางเพลิงเผาบ้านแฟนสาวตัวเองค่ะจนกระทั่ง6พฤษภาคมที่ผ่านมาสามารถไปร่
25-25701-5.wav	ริมถนนมริวัลตำบลบ้านทุ่มอำเภอเมืองจังหวัดขอนแก่นนะคะ
25-25701-7.wav	ผู้เสียชีวิตน้องอายุ19ปีเท่านั้นชื่อว่านายนพดลพันธ์ชมพูนะคะ
25-25709-195.wav	ทางด้านนางสาวธัญทิพย์อายุ49ปี
25-25709-299.wav	วันนี้ครับผู้สื่อข่าวรายงานว่านายทงชัยคำยาอายุ41ปีชาวบ้านขุนทอง
25-25709-401.wav	ก็พบกับชายคนนึงทราบชื่อว่านายทัศพงศ์
11-11121-35.wav	ถูกนายบุญชู<MARK>อุ้มเข้าไปในป่าแล้วก็ปิดปากถอดกระโปรง
11-11121-48.wav	ยังไม่มีการแจ้งข้อกล่าวหากับนายบุญชู<MARK>เพราะว่าตามขั้นตอนต้องเป็นการตรวจร่างกายเด็กซะก่อน
25-25710-1.wav	นั่นก็คือคดีที่นายเปรมชัยกรณสูตรกับพวกรวม4คน
25-25710-20.wav	ขณะที่จำเลยที่4นายธานีธุมมาศ
25-25710-25.wav	ส่วนจำเลยที่3นางนาธีเรียมแสนให้รอลงอาญา
25-25710-53.wav	ภายหลังอ่านคำพิพากษานายวิเชียนชินวงศ์
25-25710-79.wav	นักท่องเที่ยวกลุ่มนี้คือนายเปรมชัยกรณสูตร
25-25710-8.wav	นี่คือคำเปิดใจครั้งแรกของนายเปรมชัยกรณสูตร
25-25712-0.wav	พาคุณผู้ชมไปที่จังหวัดสุรินทร์ค่ะได้มีการจัดงานเพื่อเป็นการแสดงความอาลัยถวายแด่พระบาทสมเด็จพระประมินทรมาหาภูมิพลอดุลยเดชจัดงานอย่างยิ่งใหญ่เลยนะคะมีการตั้งขบวนช้างช้างเนี่ยเกือบ200เชือกและช้างเหล่านี้นะคะก็หมอบลงต่อหน้าพระบรมชายลักษณ์ในหลวงราชการที่9แล้วก็มีการแปลอักษรด้วยนะคะนักเรียนนักศึกษานับหมื่นค
25-25715-15.wav	นายบุญจันทร์จำปาศรีอายุ57ปี
25-25715-16.wav	สามีของนางนภาวันจำปาศรีผู้เสียชีวิตจากอุบัติเหตุในครั้งนี้
25-25715-32.wav	หลังรู้ข่าวตำรวจจับกลุ่มคนขับรถได้ก็คือนายกฤษณะเนี่ยนะคะ
25-25715-33.wav	แล้วก็นายกฤษณะก็สารภาพว่าเสพยาบ้าก่อนขับรถ
25-25715-42.wav	นายสายันบุญสนานเจ้าของกันเองทัวร์
25-25715-44.wav	แล้วก็บอกว่าไม่รู้มาก่อนจริงว่านายกฤษณะคนขับรถทัวร์
25-25715-58.wav	ว่าราชการจังหวัดกาฬสินธุ์นายไกรสอนกองฉลาด
25-25715-67.wav	ส่วนความคืบหน้าการตรวจสอบรถทัวร์ของบริษัทนี้นะคะนายกฤษดามะลิซ้อนขนส่งจังหวัดกาฬสินธุ์บอกว่า
102-102821-6.wav	แล้วก็นายสุวพันธุ์ ตันยุวัฒนะรัฐมนตรีประจำสำนักนายกรัฐมนตรี
102-102822-22.wav	ไปสอบถามนางยุภาบทรงนาอายุ52ปีป้าของน้องมิกเนี่ย
11-11123-32.wav	ใช่คนในคลิปไหมนายณรงค์วิทย์<MARK>บอกว่าเป็นผู้อำนวยการโรงเรียนนี่แหละ
11-11123-33.wav	ทีมข่าวเราเปิดคลิปให้ดูนายณรงค์วิทย์<MARK>บอกว่าอืมไม่ใช่สิ
11-11124-70.wav	จากการตรวจสอบประวัตินี่ไปพบนายหมึกนายสมชาย<MARK>เคยถูกจำคุกคดีข่มขืนเด็กอายุ13ปีมาแล้วที่จังหวัดอุตรดิตถ์
11-11126-18.wav	นายเทวินทร์<MARK>สิงห์เวียง<MARK>พนักงานของธนาคารก็ตกใจไง
11-11126-35.wav	จากการสอบสวนรปภ.คือนายบุญลือ<MARK>ณ วิเชียร<MARK>
11-11126-52.wav	นี่ค่ะก็ทางนายบุญลือ<MARK>เป็นเจ้าหน้าที่กันภัยที่ใส่เสื้อกันภัยอยู่
25-25717-33.wav	คนที่3นางสาวปุณนพรธนูทร
25-25717-37.wav	แต่ว่าสุดท้ายแล้วนางสาวปุณนพร
11-11127-18.wav	คุณแม่คือนางสาวสิรินภา<MARK>แก้วคำ<MARK>อายุ21ปี
25-25717-41.wav	ผู้ก่อเหตุทราบชื่อคือนายพระฤทธนันสุขสำราญอายุ21ปี
25-25717-42.wav	ซึ่งเป็นแฟนนุ่มของนางสาวปุณนพรค่ะ
25-25717-44.wav	ก็คือนางสาวคำตาพรมลาเปิดเผยว่าผู้ก่อเหตุ
25-25717-47.wav	บอกว่าผู้ก่อเหตุเคยคบกับนางสาวปุณพรลูกสาวคนเล็ก5เดือน
25-25717-50.wav	นายพระฤทธสนันผู้ก่อเหตุปีนเข้ามาทางหน้าต่างชั้น3หลังบ้าน
25-25717-55.wav	มาพบนายพระฤษนันถือมีดอยู่
11-11132-11.wav	ขณะที่นายกอบศักดิ์<MARK>ภูตระกูล<MARK>รองเลขาธิการนายกรัฐมนตรีเชื่อ
11-11132-15.wav	นายวราวุธ<MARK>ศิลปอาชา<MARK>ประธานยุทธศาสตร์พรรคชาติไทยพัฒนายอมรับ
11-11132-21.wav	ขณะที่อดีตสมาชิกพรรคเพื่อไทยนายปรพล<MARK>อดิเรกสาร<MARK>
11-11135-135.wav	อำเภอตะโหมดจังหวัดพัทลุงซึ่งเป็นที่ตั้งของศูนย์ปฏิบัติการพิเศษส่วนหน้านะครับ
25-25718-45.wav	ศพที่เจอเป็นผู้ชายชาวเกาหลีใต้ชื่อนายมะยองหุ่นซอยเดินทางเข้ามาเมืองไทย
25-25719-115.wav	ถามเรื่องนี้แหละที่นางสาวลาบดิบมาร้องเรียน
25-25719-121.wav	ก็พานางสาวลาบดิบคนนี้มาคุยต่อหน้าเลยได้ไหมล่ะ
25-25719-165.wav	เดี๋ยวจะพาตัวนางสาวลาบดิบมาคุยเลยดีกว่า
25-25719-21.wav	นางสาวลาบดิบเนี่ยนะบอกว่าปู่ชาญเนี่ย
25-25719-25.wav	หลังจากตรวจเสร็จปู่ชาญบอกนางสาวลาบดิบเนี่ย
11-11136-7.wav	พี่เลี้ยงรายนี้ชื่อว่านางมยุรี<MARK>ทองเกตุ<MARK>อายุ34ปีค่ะ
11-11136-83.wav	ทีนี้เรื่องของการแจ้งข้อกล่าวหากับนางมยุรี<MARK>พี่เลี้ยงคนนี้เนี่ยนะคะ
25-25727-405.wav	เพื่อดำเนินคดีกับนางสาวปียธิดาหรือว่าไฮโซฟองน้ำอายุ25ปีครับ
25-25727-415.wav	ถิ่นที่อยู่ของนางสาวปียธิดาก่อนจะนำตัว
25-25727-420.wav	เช่นเดียวกับนางสาวปียธิดานะครับขณะที่กลุ่มผู้เสียหายได้มีการลงขันฮะ
25-25729-17.wav	แล้วก็เสียชีวิตอยู่ที่เบาะนั่งคนขับคือนายนักคารินหงโตอายุ41ปี
25-25729-27.wav	ตำรวจตรวจสอบแล้วนะครับชื่อจริงคือนายบูรพัฒน์
25-25729-28.wav	ัชรพรนุกูลอายุ36ปีเป็นคนตำบลมหาชัยอำเภอเมืองจังหวัดสมุทรสาคร
25-25729-33.wav	เหตุการณ์ที่เกิดขึ้นเนี่ยนายนครินผู้ตายเป็นเสียวังกุ้ง
25-25729-38.wav	นายนครินก็เข้าซอยไม่ได้นะครับอ่ากว่าจะขับผ่านไปได้เนี่ย
25-25729-40.wav	บทางให้เรียบร้อยนายนครินผู้ตายขับรถผ่านไปได้สัก10เมตร
25-25729-42.wav	ซึ่งก็คือนายบูรพัฒน์หรือว่านายเอสนะครับแล้วก็มีปากเสียงกระดุนแรง
25-25729-43.wav	ชกต่อยกันเกิดขึ้นจนแว่นตาของนายบุรพัฒน์
25-25729-45.wav	นายนครินตอนนั้นก็รีบเดินกลับขึ้นรถตัวเองเพื่อจะขับรถเข้าไปหาญาติในซอย
25-25729-51.wav	อดีตภรรยาของผู้ตายบอกว่านายนครินค่อนข้างเป็นคนอารมณ์ร้อนครับ
25-25729-79.wav	ด้านนายวิรัติทองมีพี่เขยของผู้ตายก็เล่าให้ฟังค่ะว่า
25-25731-12.wav	โดยนายพารันยูมายูน
25-25732-19.wav	แล้วก็เดินทางไปภารกรโอ้โหห้างแทบแตกมีคนไปต้อนรับเธอเยอะ
25-25741-23.wav	นางศรีอินอินตะปอก
25-25744-11.wav	นายชนลวิทย์คีตัดตระกูลสามีของปุ๊กกี้
25-25744-12.wav	และนายหงเจิ้งอี้ชาวไต้หวัน
25-25744-9.wav	นางสาวพิซิล่าปริศนาจิลเมลี่หรือปุ๊กกี้อดีตนักร้อง
25-25751-16.wav	นายนพดลพฤกษวรรณจำได้ไหมคะเป็นอดีตข้าราชการของกรมอุทยานแห่งชาติสัตว์ป่าและพันธุ์
25-25751-36.wav	ขับรถให้อย่างเดียวก็ไม่ได้รู้จักนายนพดล
25-25751-39.wav	ปรากฏว่ามันเป็นงาช้างอัฟริกาแล้วคนที่มีชื่อครอบครองคือภรรยาของนายเปรมชัย
25-25751-40.wav	คนที่มีชื่อในการไปจดแจ้งเนี่ยคือนางสาววันดีสมภูมิคนสนิทของภรรยาของนายเปรมชัย
25-25751-42.wav	บอกว่านางคณิตากัณสูตรภรรยาของนายเปรมชัยและนางสาววันดีสมภูมิได้มารับทราบข้อกล่าวหา
25-25751-6.wav	ไปเร็วนะคะนายเปรมชัยกรรณสูตรกับนายยงโดดเครือคนขับรถ
25-25751-71.wav	นางสมศรีวัฒนภัยศาลอธิบดีอายการภาค7บอกว่า
25-25755-11.wav	ตำรวจไปตรวจสอบที่เกิดเหตุปรากฏว่าเห็นเลยค่ะว่านายเทียรวัตรเนี่ยถูกยิงหลายที่
25-25755-6.wav	คนที่ถูกยิงนี่คือนายธีรวัตรนะคะเพชรเล็กหรือว่านายนุ
25-25758-51.wav	คนหนึ่งเคยเป็นแฟนเก่าของนายสิทธิศักดิ์เครือโชธหรือว่ากอล์ฟเมืองมังกรหรือว่านายกอล์ฟที่เป็นผู้ต้องหา
25-25761-12.wav	ไปพบกับนางสาวโชติรสบะสุรินทร์อายุ25ปีค่ะ
25-25766-39.wav	โดยนายวัชราไกรสอนเกจรัฐหรือว่ามนตรีนะครับ
25-25767-104.wav	จากการค้นหาเชิงรุกในอำเภอบรรนังสตาจังหวัดยะลา
25-25767-110.wav	อำเภอสะดาวจังหวัดสงขลาเป็นจำนวน5ราย
25-25767-99.wav	เพราะว่านายกรรมตรีเขาก็ได้โพสต์ข้อมูลนะครับ
25-25770-25.wav	รับซื้อน้ำยางพาราของนายโกเมษพอมาถึงปุ๊บนางประนอม
25-25770-5.wav	มีนายสมนึกขุนนาราชอายุ61คนนี้สาหัสนะครับ
25-25770-7.wav	อีกคนนึงคือนายโกเมษหยดย้อยอายุ31เป็นเจ้าของจุดรับซื้อน้ำยางพารา
25-25772-118.wav	คือเมื่อวานนะคุณทางบอร์ดองค์การสวนสัตว์คือนายชาวลิศชูขจรเนี่ย
11-11144-8.wav	เป็นผู้ต้องหาตามหมายจับก่อเหตุฆ่านางสาวภัทรพร<MARK>แต่งเนตรหรือน้ำฝนอายุ20ปี
11-11145-6.wav	นี่ครับตำรวจสายตรวจโรงพักโคกคราม2นายนะครับ
11-11149-13.wav	โดยมีนายอานันท์<MARK>ปันยารชุนทูตองค์การยูนิเซฟ
11-11152-11.wav	ส่วนอดีตนายกอบจ.2สมัยอย่างนายบุญเลิศ<MARK>บูรณุปกรณ์
11-11152-15.wav	จากนั้นในส่วนของนายพิชัย<MARK>หรือส.ว.ก๊องได้ขอบคุณทุกคะแนนที่เลือกให้เขามาดำรงตำแหน่ง
11-11152-22.wav	ก็ชนะคู่แข่งคนสำคัญก็คือนายธัชชัย<MARK>เมตโตนักธุรกิจเจ้าของบริษัทเทรดดิ้ง
11-11152-2.wav	นายกอบจ.แล้วก็ส.อบจ.ถือว่าเป็นการเลือกตั้งท้องถิ่นที่สำคัญมาก
25-25772-175.wav	โดยนายวราวุฒิศิลปะอาชารัฐมนตรีว่าการกระทรวงทรัพยากรธรรมชาติและสิ่งแวดล้อม
25-25772-187.wav	เป็นบรรยากาศที่สนามบินสุวรรณภูมิโดยนายมาโนธอุ่นตระกูลทอง
25-25772-21.wav	ก็คือนายสุริยาแสงพงศ์
25-25772-39.wav	ซึ่งทางนายสุริยาแสงพงศ์ภูมิในการองค์การสวนสัตว์ประเทศไทย
25-25772-40.wav	พระบรมราชุปธรรมได้เดินทางไปตรวจสวนสัตว์สงขลา
25-25772-90.wav	ประธานกรรมการองค์การสวนสัตว์คือนายชวลิศชูขจรนะฮะ
25-25776-15.wav	พระราชวิสุทธิกวีเจ้าคณะภาค16พระครูสิริธรรมาภิรัตนเจ้าคณะจังหวัดนครศรีธรรมราช
25-25776-24.wav	หลังลาศิกขาเสร็จก็เป็นอดีตพระกาโตะหรือว่าเป็นนายพงศกรแล้ว
25-25776-26.wav	สมทานเสนอีกครั้งก่อนเดินทางกลับภูมิลำเนาที่อำเภอชวาง
25-25777-120.wav	ท่านผู้ชมครับนายพิรพัฒน์นะครับตำรวจแจ้งข้อหา
25-25777-124.wav	สพรัฐนาธิเบสจังหวัดนนทบุรีได้ตัวมาเรียบร้อยแล้ว
11-11154-161.wav	เขาบอกเขาเพิ่งมาคบหากับทางนางสาวกฤษฎาพร<MARK>เมื่อไม่นานมานี้นะฮะ
25-25777-90.wav	ฝั่งคู่กรณีคือนายพิรพัฒน์มือแทงเนี่ย
25-25779-14.wav	จะร่วมกันรุมทำร้ายนายสมเกียจศรีจันทร์จนเสียชีวิต
25-25779-33.wav	ขณะที่มันดาของนายสมเกียจเปิดใจครั้งแรก
25-25780-11.wav	เขาเล่าให้ฟังว่าคนเจ็บชื่อว่านายสำอางแก้วทิ้ง
25-25782-15.wav	แต่คุณผู้ชมคะแม่บ้านบอกว่าตี2ค่ะเห็นแฟนนุ่มกำลังอุ้มร่างนางสาวอภิญญาซึ่งเป็นแฟนสาวเนี่ยนะคะอุ้มแบบพาดบ่า
25-25782-18.wav	วันนี้ผู้สื่อข่าวของเราไปเจอกับครอบครัวของนางสาวอภิญญาที่เสียชีวิตนะฮะ
25-25782-19.wav	นี่ค่ะคุณแม่นะครับคุณแม่ชื่อนางวันนพรเกษมศักดิ์อายุ49ปีเป็นแม่ของนางสาวอภิญญาหรือว่าน้องบุ๋ม
25-25782-22.wav	นายโอเล่เนี่ยแม่บอกว่าชื่อจริงคือนายกฤษณะนามสกุลชัยชนะนะฮะ
25-25782-5.wav	น้องสาวชื่อว่านางสาวอภิญญาเกษมศักดิ์หรือน้องบุ๋มอายุยี่สิบเอ็ดปีค่ะถูกแฟนนุ่มทำร้ายร่างกายจนเสียชีวิต
11-11160-56.wav	ศิษยานุสิตของวัดพระธรรมกายที่เดินทางมา
11-11160-68.wav	ยังคงเดินทางมาเพิ่มเติมเรื่อยนะคะ
11-11160-70.wav	ส่วนใหญ่ก็จะเป็นในส่วนที่เดินทางไปรับประทานอาหารบริเวณโรงอาหาร
11-11160-72.wav	ในส่วนของศิษยานุสิตที่เดินทางมาจากด้านนอกไม่ค่อยจะมีแล้วนะคะ
25-25784-546.wav	มีนายเอกยุทธ์อัญชาญบุตร
11-11172-58.wav	ส่วนหลายคนที่ไปกักตัวที่สัตหีบเป็นเยาวชนเพราะว่าเดินทางกลับจากสหรัฐอเมริกานะคะ
25-25787-9.wav	ขจรพงศ์สุวรรณตีอายุ25ปีเป็นชาวจังหวัดอุบลราชธานี
11-11172-77.wav	อยากทานหลายอย่างเนอะเหมือนเวลาเราเดินทางไปที่ไหนไกลแล้วห่างอาหารไทยเราก็คิดถึง
25-25788-13.wav	นางสาวกวินาเกิดช่วงแม่ของนางสาวสรรญาสังสุข
11-11173-12.wav	ที่มาก็เลยลงมือใช้ปืนยิงนายเจริญ<MARK>จนเสียชีวิตแล้วก็ขับรถหลบหนีไปนะครับ
25-25788-21.wav	พร้อมทั้งนำนายวิทยาสอนสิทธิ์ผู้อยู่ในเหตุการณ์
25-25788-30.wav	ซึ่งผู้เสียชีวิตคือนางสาวสรรญาสังสุกเป็นผู้ซ้อน
11-11175-34.wav	เป็นข้อหาเดียวกันกับที่นายธนาธร<MARK>
25-25788-33.wav	รู้จักกับนางสาวสรรญาหรือเปล่า
25-25790-11.wav	ที่วัดสุวรรณภูมิพุทธชะยันตีในจังหวัดสมุทรปราการนะคะ
25-25791-65.wav	นายวันลบนุชแฝงนะฮะก็คือเอกขาวนะ
25-25791-73.wav	ตำรวจกำลังเตรียมดำเนินคดีเพิ่มเติมกับนายวัลลบคนนี้หรือว่าเอกขาวอีกหลายข้อหาด้วยกัน
25-25791-89.wav	คนนั้นก็คือนายนัทพลคงศิลาผู้สมัครสอสอกรุงเทพมหานครเขตบางคอแหลมของพักภูมิใจไทย
11-11179-40.wav	แม่บุญธรรมบอกว่าเนี่ยศพลูกแม่ชื่อว่านายกิ่งไผ่<MARK>ขัตติยะนนท์อายุ35ปี
25-25794-164.wav	คุณเนติชาวนะครับวันนี้ไปที่วัดไตรภูมิวนารามอำเภอเมืองจังหวัดบุรีรัมย์นะครับ
11-11179-42.wav	แม่บอกว่าลูกชายอยู่กินคบหากับนางวิไล<MARK>หารพันธ์หรือนุ่มอายุ52
11-11179-45.wav	แล้วนางวิไล<MARK>ที่อยู่กินกับลูกชายแม่โทรมาบอกแม่
11-11179-50.wav	วิไล<MARK>บอกว่ามีคนโทรมาบอกนางวิไล<MARK>อีกทีนึง
11-11179-86.wav	ครับที่ไม่ใช่นางวิไล<MARK>ที่คบหาอยู่กินกันที่บึงกาฬนะคะอืม
11-11179-92.wav	สาเหตุอะไรแต่ว่ามันก็ไม่ตรงกับข้อมูลที่นางวิไล<MARK>แฟนอีกคน
11-11179-99.wav	เรื่องราวของนายกิ่งไผ่<MARK>เป็นแบบนี้เราส่งคุณรวีกาญจน์<MARK>แก้ววิจิตรตามเรื่องให้นะคะ
11-11180-76.wav	อันนี้บอกไว้เผื่อเจอรถพี่วรวุฒิ<MARK>จะได้ไปทักกันถูกอ่านายวรวุฒิ<MARK>บอกว่าเมื่อวันที่ยี่สิบหกพฤษภาคมที่ผ่านมา
11-11184-25.wav	ทางด้านของนายอาคม<MARK>ชัยมงคลนะครับ
11-11185-31.wav	นายสงกานต์<MARK>บอกว่าตอนนี้คดีของน้องกิ๊ฟคือยังไม่สามารถเข้าถึงกระบวนการยุติธรรมได้อย่างสมบูรณ์ค่ะ
11-11185-38.wav	นายสงกานต์<MARK>ก็เลยบอกว่าจากประเด็นนี้ก็เชื่อว่ามันมีเหตุอื่นที่ไม่ใช่แค่ข่มขืนแล้วฆ่าเข้ามาเกี่ยวข้องค่ะ
11-11185-3.wav	คือล่าสุดเนี่ยนะทางด้านของนายสงกานต์<MARK>อัจฉริยะทรัพย์นะคะ
11-11190-525.wav	ตั้งแต่เริ่มรดน้ำศพนี่นะฮะนางสาวรัตติการ<MARK>ก็กอดศพลูกชายอยู่ตลอดเลยนะครับ
11-11190-522.wav	นางสาวรัตติการ<MARK>ประกายแก้วซึ่งเป็นแม่
11-11190-523.wav	กับนายมาร์เซล<MARK>ลีอองโบเรลซึ่งเป็นพ่อก็ร้องไห้ตลอดเวลา
11-11190-528.wav	พิธีรดน้ำศพวันนี้นางสาวรัตติการ<MARK>ได้สวมชุดที่น้องอเล็กซ์ชอบ
11-11190-535.wav	เป็นเพื่อนสนิทกับนายมาชาว<MARK>มา7ปีแล้วเห็นน้องอเล็กซ์ตั้งแต่เด็ก
11-11185-7.wav	นายสงกานต์<MARK>เพิ่งมาออกรายการถามตรงกับคุณจอมขวัญ<MARK>ไปเมื่อสักครู่นี้เองนะคะ
11-11188-33.wav	พระท่านนั่งสามล้อเครื่องมากับนายคำปัน<MARK>ดีขามป้อม
11-11188-48.wav	หลังจากนั้นก็นั่งสามล้อเครื่องของนายคำปัน<MARK>มาเรื่อย
11-11190-20.wav	ก็คือนายมาร์เซล<MARK>เลอองโบเรลแล้วก็นางสาวรัตติการ<MARK>ประกายแก้ว
11-11190-29.wav	นางสาวรัตติการ<MARK>ผู้เป็นแม่เดินทางมาถึงสถาบันนิติเวชวิทยา
11-11201-28.wav	ติ๋มก็คือนางวันนิดา<MARK>แพนนุ่นอายุ62ค่ะ
11-11210-29.wav	นายธนพล<MARK>ทองรอดและนายอนุรุธ<MARK>ทองรอดนะคะ
11-11210-27.wav	4คนประกอบด้วยนายนครินทร์<MARK>เมืองหนู
11-11210-48.wav	เขาบอกว่าไม่พอใจที่นายสุเมธ<MARK>
11-11210-15.wav	ประกบแล้วใช้ไม้ไปฟาดศีรษะนายสุเมธ<MARK>บุญมาอายุ24ปี
11-11207-7.wav	ซึ่งเจ้าของบ้านแม่เจ้าของบ้านเนี่ยนะคะก็คือนางบัวผัน<MARK>บุญสิทธิ์อายุ63ปีเนี่ย
11-11205-8.wav	นี่คือชุดแรกนะครับ16คนนะครับเดินทางพร้อมมาโน่<MARK>โพลกิ้งกุนซือจากสนามบินสุวรรณภูมิครับ
11-11205-9.wav	เดินทางสู่เวียดนามก่อนที่ชุดสองจะตามไปสมทบวันพรุ่งนี้มาโน่<MARK>ก็บอกว่าจากการซ้อมตั้งแต่วันที่หนึ่งนะครับ
11-11214-33.wav	นายสมชัย<MARK>ราชแก้วหัวหน้าฝ่ายตรวจการกรมการขนส่งทางบกก็บอกว่ายอมรับเลย
11-11216-6.wav	ผู้ว่าพะเยาคนนี้นายนรงค์ศักดิ์<MARK>คนนี้ต้องรับผิดชอบ
11-11217-26.wav	คนขับก็คือนายอานนท์<MARK>อายุ30ปีเพื่อนที่นั่งมาด้วยชื่อว่านายกิตติ<MARK>แสงหิรัญอายุ33ปี
11-11217-34.wav	ส่วนนายอานนท์<MARK>บาดเจ็บติดอยู่ในรถ
11-11217-36.wav	มาช่วยนำตัวนายอานนท์<MARK>ออกมาเพื่อส่งจากโรงพยาบาล
11-11217-38.wav	เพราะว่าตอนนั้นนายอานนท์<MARK>ยังไม่ตายนะคะ
11-11217-40.wav	ทีนี้ตัวนายกิตติ<MARK>ที่พยายามจะหนีแล้วตำรวจจับกุมตัวได้เนี่ยนะ
11-11217-41.wav	เขาก็รับสารภาพบอกว่านำยาบ้ามาจากนายอานนท์<MARK>
11-11217-42.wav	ส่วนเรื่องยาบ้าที่นายอานนท์<MARK>มาส่งเนี่ยคือตัวเขาไม่รู้เรื่อง
11-11217-51.wav	สรุปคือคุณผู้ชมเจอยาเสพติดในตัวของนายกิตติ<MARK>
11-11217-58.wav	ปรากฏว่านายอานนท์<MARK>เขาเคยมีพฤติกรรมการจำหน่ายยาบ้า
11-11217-63.wav	บอกว่านายอานนท์<MARK>จะมาส่งยาบ้า
11-11217-6.wav	รับแจ้งว่ามีผู้ถูกยิงจนเสียชีวิตบนถนนระหว่างหมู่บ้านบ้านเนินจำปาตำบลกำโลนอำเภอลานสกาจังหวัดนครศรีธรรมราชนะครับแล้วก็เดินทางไปตรวจสอบพร้อมกับแพทย์เวรของโรงพยาบาลลานสกา<MARK>ก็นี่ฮะลักษณะก็เป็นแบบนี้
11-11217-72.wav	คนขับรถหกล้อชื่อว่านายสัญญา<MARK>บอกว่า
11-11217-7.wav	นะฮะศพของผู้เสียชีวิตเนี่ยชื่อว่านายนิติวัฒน์<MARK>พงศ์พรหมอายุสามสิบสี่ปีนอนจมกองเลือดอยู่นะฮะสภาพมีบาดแผลถูกยิงด้วยปืนลูกซองที่ลำคอซ้าย2นัดเลยคุณผู้ชมนะฮะใกล้กันก็ไปเจอรถจักรยานยนต์ของผู้ตายล้มอยู่ด้วยเลือดเต็มไปหมดนะแต่ที่สำคัญเนี่ยผู้ตายเขาสะพายกระเป๋าเป็นกระเป๋าคาด
11-11220-53.wav	แล้วก็มีคนมาที่ร้านเป็นคนที่อยู่ตามเบอร์นั่นแหละชื่อนายมานพ<MARK>มาถึงก็ตกลงกันนะ
11-11221-10.wav	และการที่นายทักษิณ<MARK>ชินวัตรออกมาแสดงความคิดเห็น
11-11221-71.wav	ส่วนข่าวที่จะวางตัวนางสาวกัญจนา<MARK>ศิลปอาชาลูกสาวคนโตของนายบรรหาร<MARK>ศิลปอาชาเป็นหัวหน้าพรรคคนใหม่
11-11221-68.wav	โดยนายนิกร<MARK>จำนงผู้อำนวยการพรรคยอมรับกับไทยรัฐทีวีว่ามีความชัดเจนแล้วครับว่านักการเมืองในตระกูลสะสมทรัพย์
11-11221-77.wav	ประกอบด้วยนายอนุชา<MARK>สะสมทรัพย์ด้วยนะครับ
11-11225-14.wav	เขารู้ตัวว่ายิงแม่นมั่นใจว่านายจรรย์<MARK>ไม่รอดแน่แล้วก็หลบหนีไปกับความมืด
11-11222-20.wav	นายรณรงค์<MARK>ทิพย์ศิริผู้อำนวยการส่วนกำกับและตรวจสอบกรมการปกครอง
11-11225-33.wav	ได้คุยกับนางสีทัศน์<MARK>โหมลาภภรรยาของผู้ตายด้วยนะคะ
11-11225-4.wav	ผู้บังคับการตำรวจภูธรจังหวัดนครศรีธรรมราชแถลงข่าวจับตัวนายแกลบ<MARK>ช่วยทุกข์วัย63ปีหรือว่าลุงแกลบ
11-11225-5.wav	เป็นผู้ใช้อาวุธปืนลูกซองซุ่มยิงนายจรรย์<MARK>รักษาศรีวัย51ปีเพื่อนสนิทจนเสียชีวิตในสวนยางพารานะคะ
11-11227-14.wav	นำกำลังบุกเข้าจับกุมตัวนายวรวุฒิ<MARK>บุตรตา
11-11227-16.wav	พร้อมด้วยนายประชากร<MARK>จูประเสริฐอายุ28ปี
11-11233-9.wav	ไปถึงที่เลยค่ะไปสอบถามเจ้าของร้านคือนายไกรศักดิ์<MARK>พุทธสุภะค่ะ
11-11234-13.wav	สักพักหลานมาค่ะนางสาวชนพัช<MARK>เขาทำงานอยู่ที่
11-11235-21.wav	ขณะที่ญาติเตรียมประกอบพิธีฌาปนกิจศพนายสมเกียรติ<MARK>ศรีจันทร์ผู้เสียชีวิตในวันนี้
11-11235-8.wav	ทีนี้เรามาลองฟังเสียงของพี่สาวนายสมเกียรติ<MARK>ผู้เสียชีวิตนะคะ
11-11238-14.wav	ตอนนี้เจสัน<MARK>ยังเดินทางไปรักษาตัวที่โรงพยาบาลแล้ว
11-11243-200.wav	ข้อ6ครับนายอนุทิน<MARK>เนี่ยได้แสดงออกหลายต่อหลายครั้งว่า
11-11243-188.wav	เผยแพร่ข้อความให้กำลังใจนายอนุทิน<MARK>ชาญวีรกูลนะครับ
11-11242-49.wav	ขณะที่นายสุรเชษฐ์<MARK>ซึ่งเป็นคนสุดท้ายที่เห็นเด็กกลุ่มนี้
11-11243-111.wav	ล่าสุดก็กลายเป็นเรื่องที่พูดถึงอย่างมากในโลกออนไลน์หลังจากนายจาตุรนต์<MARK>ฉายแสงนะคะ
11-11243-204.wav	ข้าพเจ้าเห็นว่านายอนุทิน<MARK>ไม่ควรดำรงตำแหน่งนี้ต่อไปอีกแม้เพียงวินาทีเดียว
11-11244-198.wav	ก็พูดในลักษณะโจมตีนายทักษิณ<MARK>ชินวัตรอดีตนายกรัฐมนตรีและครอบครัวนะคะ
11-11244-290.wav	ทีนี้นายนัทธนัท<MARK>หิรัญสมบูรณ์หรือเทดดี้<MARK>ไอเฟลนะคะก็เป็นเพื่อนร่วมงานของคุณเสก<MARK>โลโซอะค่ะ
11-11244-304.wav	นายกิตตินันท์<MARK>บุษบรรณ
11-11246-207.wav	เอาบรรยากาศหาเสียงนายทวีชัย<MARK>วงล่าไพโรจน์กุลหน่อยไหมคะ
11-11251-17.wav	ไปพบศพผู้ตายก็คือนายเจ้า<MARK>บุญท้วมอายุ25ปีนอนหงาย
11-11251-21.wav	กับนายนาราม<MARK>อายุ51ปีเป็นคู่กรณีกัน
11-11251-26.wav	แต่ว่านายราม<MARK>เนี่ยคือคนอายุเยอะกว่าอายุมากกว่านะ
11-11252-21.wav	จากการสอบถามนางณัฏฐณิชา<MARK>โทนแจ้งอายุ36ปีเจ้าของรถ
11-11252-20.wav	ทราบชื่อคือนางสาวหยาดฟ้า<MARK>บุญมากอายุ19ปีเท่านั้นเอง
11-11255-11.wav	คนที่ไส้ไหลที่ผมบอกนางประหยัด<MARK>เทียมจันทร์อายุหก
11-11255-12.wav	คนนี้ถูกควายขวิดตรงลำคอนายวันชัย<MARK>เทียมจันทร์อายุ60นะครับ
11-11255-16.wav	นายจักรกฤษณ์<MARK>เสาร์พัฒน์อายุ20ปีครับเพื่อนบ้าน
11-11255-38.wav	นายสอาด<MARK>ชาญกิจกรรณ์นะครับ
11-11259-13.wav	นายจิม<MARK>ค่ะบอกว่าพอเขามาถึงที่เกิดเหตุก็แสดงตัวค่ะว่าเป็นผู้ช่วยเหลือตำรวจสภ.เมืองอุดรธานี
11-11260-17.wav	คนที่ขับรถกระบะคันที่เกิดเหตุก็คือนายอาคม<MARK>สุวรรณมาโจนะคะ
11-11262-9.wav	ก็คือนายจำลอง<MARK>สุวรรณศรีวัย70ปีชาวจังหวัดร้อยเอ็ดนะคะ
11-11263-13.wav	คือนายพิชิต<MARK>เข็มพันธุ์บอกว่าตัวเขาเนี่ยสูญเสียภรรยาสูญเสียลูกสาววัย11เดือน
11-11263-32.wav	ด้านนายศักดิ์สิทธิ์<MARK>บรรจงศิลป์เป็นตัวแทนบริษัททัวร์
11-11263-36.wav	เบื้องต้นจากการสอบถามนายปรัชญา<MARK>หวังเลี้ยงกลางเป็นคนขับรถทัวร์บอกว่า
25-25801-18.wav	ก่อนเกิดเหตุนายธวัชชัยที่ทำอาชีพรับจ้างขับรถขนดินเนี่ยไปทะเลาะกันกับภรรยา
25-25801-20.wav	นายธวัชชัยก็เลยจอดรถแล้วก็ปีนเข้าทางหลังบ้านบังเอิญไปเจอนางน้องนิดนะคะ
25-25801-25.wav	เสียงทะเลาะก็เงียบลงแล้วนายธวัชชัยก็เดินถือมีดปลายแหลมเปื้อนเลือดออกมาจากบ้าน
25-25801-26.wav	นมีดใส่ท้ายกระบะแล้วขับหนีไปนะคะตำรวจบอกว่านายธวัชชัยอ่ะ
102-102828-12.wav	คุมตัวนายสุวิทย์เริงสมุทรหรือบังสันหรือบางคนเรียกบังล้อ
25-25809-15.wav	ผู้เสียชีวิตก็คือนายวิเชียนกุลเหล็ม
25-25809-20.wav	สอบส่วนเบื้องต้นก็รู้มาว่านายวิเชียนคนนี้เนี่ย
25-25809-40.wav	ผับเลิกนายวิเชียนกับเพื่อนก็ขี่มอเตอร์ไซค์ออกจากผับจะกลับบ้าน
25-25809-43.wav	ขับรถยนต์นะคะประกบมาทางด้านขวาของนายวิเทียน
25-25809-44.wav	ดกระจกลงชักปืนออกมาแล้วก็กระหน่ำยิงใส่ร่างนายวิเชียน6นัดซ้อน
25-25809-45.wav	นายวิเชียนตกจากมอเตอร์ไซค์แล้วก็เสียชีวิตกลางถนนเลย
25-25809-55.wav	ใช่ค่ะซึ่งศพของนายวิเชียนนะคะญาติญาติก็นำโดยนายหีมกุลเหล็ม
25-25810-2.wav	ผมก็เห็นว่านายจัสโตซาเบียอันเรย์เป็นอาชญากรคนหนึ่ง
25-25812-178.wav	เข้าใจผิดส่วนนายพยอม
25-25812-6.wav	ก็เป็นลูกของนางฮาไทยรัฐ
25-25818-15.wav	ทำให้นายสงวนศักดิ์พันทัศน์อายุ25ปีคนขับเนี่ย
102-102828-139.wav	พี่ชายคือนายสุรชัยเรืองสมุทรหรือบังกิบหลีเขาสอง
25-25821-148.wav	ใช้ไม้กวาดตีที่ใบหน้าแล้วก็ลำตัวของนางสาวนิต้า
25-25821-179.wav	เดินทางไปที่โรงพยาบาลนพรัชราชธานี
25-25821-182.wav	ให้กับนางสาวกุลดาบราบหรือว่านิต้ายีสนับ
25-25821-23.wav	นางสาวกุลดาราหรือนิต้าอายุ21ปี
25-25821-264.wav	ในการตรวจค้นพบอาวุธที่ใช้ทำร้ายนางสาวกุลดารา
25-25821-343.wav	ทีมข่าวของเราก็ตามไปพบเจอกับนางรำภัยสิงโห
25-25822-29.wav	นี่น่าจะเป็นครั้งแรกที่นายธวัชชัยตุลาธนเลขาธิการพักเก้าไกล
25-25822-50.wav	การที่ลุงตู่ทิ้งสมาชิกพักรวมไทยสร้างชาติไว้กลางทางในภาวะที่นายพีรพันธ์สารีรัฐวิพากษ์หัวหน้าพักก็ประกาศลาออกจากสอสอ
25-25825-19.wav	จากการสอบถามนะคะนายกรวิทย์อักษรการอายุ30ปีนะ
25-25826-12.wav	นางสายชนแตงตุ่นซึ่งเป็นญาติของผู้ตาย
25-25826-13.wav	ก็อยู่ติดกับบ้านของนายสมพงศ์ผู้ก่อเหตุ
25-25826-15.wav	เพราะว่านายสมพงศ์ได้สร้างบ้านแล้วลุกล้ำเข้ามาในที่บ้านของเธอ
25-25826-16.wav	บอกไปนายสมพงศ์กลับไม่สนใจ
25-25826-30.wav	จุดที่เป็นข้อพิพาทบริเวณบ้านของนายสมพงศ์อยู่ระหว่างก่อสร้างต่อเติมหลังคา
25-25826-31.wav	ล้ำยื่นเข้าไปในพื้นที่หลังคาบ้านของนางสายชนและบ้านข้างเคียงอีกหลัง
25-25826-33.wav	ขณะนี้ตำรวจอยู่ระหว่างติดตามตัวนายสมพงศ์มาดำเนินคดี
25-25826-35.wav	หลังเกิดเหตุนายสมพงศ์ขี่รถจักรยานยนต์นำสิ่งของที่คาดว่าเป็นปืนที่ก่อเหตุทิ้งลงแม่น้ำ
25-25826-5.wav	คนตายเล่าว่าน้องชายได้รับการขอร้องจากญาติให้มาช่วยพูดคุยกับนายสมพงศ์ตรีเวทเพื่อนบ้านวัย75ปี
25-25826-7.wav	ก่อนที่นายสมพงศ์จะย้อนกลับมาพูดคุยกับน้องชายอีกครั้งแล้วเกิดมีปากเสียงทะเลาะกันอย่างรุนแรง
25-25827-384.wav	เรื่องนี้นะครับนายภัยบูลอมรพินโยเกียรติ
25-25827-51.wav	ทางด้านนายอัจฉริยะเรืองรัตนพงศ
25-25828-2.wav	ถิ่นพระราชทานที่จังหวัดสกลนครคุณผู้ชม
25-25828-7.wav	เบลล่ารานีค่ะเดินทางไปร่วมงานกระถิ่นพระราชทาน
11-11195-32.wav	ตามความเชื่อของตำนานพื้นบ้านเรื่องผาแดงนางไอ่ที่เป็นการบูชาพญาแถน
11-11195-3.wav	นี่เลยไปที่วัดหนองแจงตำบลหนองแจงอำเภอบึงสามพันจังหวัดเพชรบูรณ์
11-11200-70.wav	เลี้ยงก็เตือนแล้วนะใช่แต่นายบอลโมโหร้ายค่ะ
25-25834-7.wav	จับกลุ่มนางสาวรัชตะวันตรีทิพย์อายุ29ปี
11-11206-17.wav	อำเภอสูงเนินจังหวัดนครราชสีมา
25-25839-12.wav	ส่วนอีกหนึ่งแห่งเกิดขึ้นที่คอสะพานบ้านกาลิซาหมู่ที่2ตำบลกาลิซาอำเภอระแงะจังหวัดนราธิวาสค่ะ
11-11214-18.wav	ตามนัดและมารายงานตัวที่กรมการขนส่งทางบกคนขับชื่อว่านายบัญชา<MARK>สงวัฒน์
11-11217-2.wav	ใช่ครับเหตุการณ์นี้ก็เหมือนกันนะครับที่จังหวัดนครศรีธรรมราชผู้ชายคนหนึ่งถูกดักซุ่มยิง
25-25843-5.wav	คาดว่าน่าจะติดโควิดจากสนามแข่งรถพีรัสเซอร์กิจที่จังหวัดพัทยาในวันที่2เมษายน
25-25844-37.wav	เจอกับนายวิชัยกับนางลักษิกาเจ้าของหมาค่ะ
25-25845-24.wav	ของนายรัฐภูมิหรือเบิร์ตพิมพ์ใจใสอายุ34ปี
11-11225-17.wav	แล้วก็พูดมาประโยคนึงกับทางผู้บังคับการจังหวัดนครศรีธรรมราชลองฟังนะคะ
11-11230-275.wav	เขายังไม่ได้ทำซะล่ะเราเดินทางเยอะไม่ใช่เหรอใช่ไหม
25-25851-8.wav	เปิดเผยถึงความคืบหน้าคดีที่นางสาวนับประพาตันตระกูล
25-25856-9.wav	ซึ่งมีนายดำเกิงจินดาราวัยยาวัชกรของวัดปากน้ำ
11-11237-11.wav	ลงพื้นที่ตรวจสถานการณ์น้ำในจังหวัดอุบลราชธานี
11-11239-32.wav	อันนี้คือรอยพระพุทธบาทจำลองนะคะอยู่ในโบสถ์เลยสวยงามมากนะคะก็คือเป็นวัดในจังหวัดยะลาที่เขามีการจัดประเพณีตักบาตรดอกไม้
11-11239-34.wav	มีโอกาสก็ควรจะไปนะใช่คือจังหวัดยะลาเนี่ยเป็นจังหวัดที่สวยมากเขามีจุดเด่นเรื่องของการวางผังเมืองอยู่แล้ว
11-11239-35.wav	ไปท่องเที่ยวในช่วงเทศกาลต่างก็ได้เหมือนกันมีได้ความสวยงามแล้วก็มีสวนดอกไม้ที่สวยด้วย
11-11243-105.wav	เด็กเล็กมีงานเลี้ยงร้านธรรมสถานบันเทิงค่ายอาสานักศึกษาจังหวัดนนทบุรี
11-11243-268.wav	ค่ะจังหวัดนนทบุรีนะคะเวลา3ทุ่มถึงตี4นะ
11-11243-346.wav	ปรากฏนางนางกดแล้วเหมือนแบบว่าเหมือนจะว่าเฮ้ย
25-25863-11.wav	การเดินทางไปอุทยานราชพักษ์ไม่ใช่การตรวจสอบ
25-25863-21.wav	ส่วนความเห็นของนายจตุพรพรมพันธ์ประธานนปชก็ออกมาบอกนะคะว่า
25-25863-31.wav	เดินทางไปอุทยานราชพักษ์ทำแบบนี้
25-25863-34.wav	นั่นก็คือนายมอสเคนนะคะเอกราชทูตอังกฤษประจำประเทศไทย
25-25863-74.wav	ด้านของนายอุเทนชาติพินโยหัวหน้าพักคนไทย
11-11251-30.wav	ใช้ปืนปากกาที่เตรียมมายิงไปที่นายเจ้า<MARK>จากด้านหลัง
11-11251-31.wav	จนกระทั่งนายเจ้า<MARK>ล้มลงค่ะ
11-11251-36.wav	ก็คือนายนาราม<MARK>ตอนที่ลูกยิงชายวัย25ปี
11-11251-40.wav	จะเอายังไงอ้าวนายเจ้า<MARK>บอกนายนาราม<MARK>บอกก็ไม่เอาไงอ่ะ
25-25866-34.wav	นายยงยุทธ์สุขซิรินะครับในอำเภอท่าสองยาง
11-11251-45.wav	เบื้องต้นตำรวจก็นำตัวนายนาราม<MARK>แล้วก็ภรรยาไปที่โรงพัก
11-11251-47.wav	แล้วเดี๋ยวจะเร่งติดตามตัวลูกชายของนายนาราม<MARK>
25-25867-23.wav	หรือว่าคุณพ่อนายประนดขมสิริอายุ32ปี
11-11261-81.wav	ก็มีพี่ชายญาติญาติไปรอรับศพซึ่งแม่ของยุทธภัณฑ์<MARK>เองก็เดินทางไปกับกู้ภัยด้วย
25-25871-36.wav	นายอรุณศรีกัณฑามคทายกวัดจำปลาลาวบอกว่า
11-11262-17.wav	เป็นผู้ใหญ่บ้านหมู่4นายสมพงษ์<MARK>ถิ่นกษัยนะคะ
25-25872-5.wav	โดยสมาคมกีฬามวยสากลแห่งประเทศไทยนะคะจะให้ชัดชัยกับสายลมเดินทางภายในวันที่25เมษายนนี้เพื่อไปสมทบกับวุฒิชัยมาสุก
25-25873-27.wav	ทีมข่าวก็เลยไปคุยกับนางพิรมัยฉิมวิเศษเป็นแม่ค้าขายอาหารตามสั่ง
25-25875-17.wav	ส่วนคนร้ายผู้ก่อเหตุคือนายอเนกอิทิอายุ33ปี
25-25875-27.wav	พอนายอเนกรู้ตัวหันมาเห็นว่างั้นเถอะ
25-25875-31.wav	ขณะที่นายอเนกเนี่ยซ่อนตัวอยู่ที่บ้านเพื่อนในหมู่บ้าน
25-25875-34.wav	จากการสอบสวนนะครับนายอเนกยังให้การวกไปวนมา
25-25875-38.wav	เมื่อช่วงเช้าที่ผ่านมาครับนางสาวเยาวลักษณ์อิทธิ
25-25875-47.wav	นางสาวเยาวลักษณ์ก็ไปยื่นเอกสารที่นิติเวศ
11-11264-390.wav	เขาบอกว่ากำลังมาในจังหวัดเดียวกันเจ้าภาพเขามาพอดีคือญาติเขามาพอดีแต่ว่าไม่ใช่คนที่จะเอาข้าวมาให้
11-11266-47.wav	นุ่น<MARK>เอาอยู่นะทุกบทและนางที่เข้ากันตลอดเลย
25-25875-9.wav	ตำรวจสภ.โพไซไปถึงไปพบศพนายวิไลอิทิอายุ56ปีนะครับ
25-25876-28.wav	นี่นะฮะนางลักษณะยูโซะอายุ48ปีเป็นเจ้าของร้านขายอาหารตามสั่งร้านนี้นะครับ
11-11273-15.wav	สอบถามนางสาวดนยา<MARK>อายุ16ปีซึ่งเป็นแฟนของผู้ตาย
25-25879-0.wav	ไปดูความคืบหน้าคดีของนายตู้เห่ากันหน่อยนะคะ
25-25879-55.wav	ด้านนายอัจฉริยะเรืองรัตนพงศ์
11-11273-40.wav	จะไปหาแฟนใหม่ของนางสาวฟิวส์<MARK>
25-25881-26.wav	นี่คือนายชัชวานโพธิมากุลอายุ26ปี
11-11273-66.wav	คันที่นางสาวดนยา<MARK>แฟนผู้ตายเป็นคนขับ
25-25881-27.wav	แล้วก็นายอานัทปรางมณีอายุ42ปี
25-25881-63.wav	พระนั่งเกล้านะฮะซึ่งนายชัชวานสลบหมดสติอยู่34วัน
25-25881-71.wav	ซึ่งทางฝั่งของนายชัชวานได้เรียกร้องค่าเสียหาย
11-11274-27.wav	พี่นางคบกับคนนี้มากี่ปีแล้ว
11-11278-29.wav	พร้อมด้วยนายชนาวุธ<MARK>บุญเมธีประชาสัมพันธ์จังหวัดพังงา
11-11285-2.wav	โดยเรื่องนี้นายพาทิศ<MARK>ศุภะพงษ์ครับก็
11-11287-16.wav	เข้าแจ้งความดำเนินคดีกับนางสาวออนอุมา<MARK>ปลอดโปร่ง
11-11288-11.wav	ทีมข่าวไทยรัฐทีวีสอบถามนางจันทิมา<MARK>โนนใหญ่เพื่อนที่อยู่ข้างห้องของผู้ตาย
11-11288-6.wav	ร่วมกันตรวจพิสูจน์ศพนายพุฒิพัฒน์<MARK>นิลบรรพตที่เสียชีวิต
11-11288-8.wav	หลังจากที่นายพุฒิพัฒน์<MARK>ดื่มสุราตั้งแต่ช่วงหัวค่ำ
11-11290-21.wav	นี่คือหมู่บ้านศุภาลัยในจังหวัดขอนแก่น
11-11294-107.wav	เจ๊บ้าบิ่น<MARK>ต่อทอดมาจากนางเจ๊เกียว<MARK>อีกทีนึง
11-11294-152.wav	ครูปรีชา<MARK>ตกลงนางกุ้ง<MARK>
11-11294-221.wav	แล้วก็พูดถึงเรื่องกรณีของนางกุ้งด้วย
11-11295-61.wav	เพราะว่านายภูสิทธิ์<MARK>พูลเพิ่ม
11-11295-96.wav	เราก็เลยไปถามนายธนชัย<MARK>ชูสงศ์เป็นเจ้าของเฟซบุ๊กค่ะ
11-11296-19.wav	นายไพโรจน์<MARK>สีทองนายรามัน<MARK>คงแป้น
11-11296-21.wav	ชื่อว่านางสาวนันนพัฒน์ทิพย์กังวานบุญ
25-25894-30.wav	คือนางสาวพรพันธ์สุโข
25-25894-62.wav	ด้านนางวิพาเวทยสุขุมนะคะอายุ50ปีแม่เจ้าสาวค่ะ
25-25895-15.wav	โดยทนายสิทธาเบี้ยบังเกิดเดินทางมาถึงศาลจังหวัดกาญจนบุรีก่อนนะครับ
25-25895-18.wav	บอกว่าวันนี้มาสังเกตการณ์แทนร้อยตำรวจโทจรูลซึ่งไม่ได้เดินทางมาที่ศาลด้วย
25-25895-42.wav	ส่วนนายวรยุทธ์บุญวงศัยธนายความบอกว่าวันนี้จะมีเพียงครูปีชาที่จะให้การในชั้นศาลเท่านั้นนะครับ
25-25896-13.wav	นายธานีพันแสงพอได้ลงพื้นที่ติดตามการแก้ไขปัญหาขยะ
11-11302-16.wav	แล้วก็พอเดี๋ยวอาการดีขึ้นก็เอาจะไปปล่อยป่าต่อไปอืมนายภูพิชิต ช่วยบำรุง<MARK>ครับ
11-11303-9.wav	หนุ่มนายนะยอมรับว่าตลอดการถ่ายทำค่ะก็ยังแอบกลัวหน่อยนะว่าจะเป็นตัวถ่วงให้กับนักแสดงคนอื่นโอ้น่าเอ็นดูเนาะ
11-11308-102.wav	คืนวันศุกร์ที่ผ่านมานางพันธิพา<MARK>บอกว่า
11-11308-107.wav	แต่นางพันธิพา<MARK>บอกว่าเธอก็ไม่ได้คิดอะไร
11-11308-29.wav	แทงนางสุนทรีย์<MARK>จนเสียชีวิตจริงนะครับ
11-11308-42.wav	ฝั่งของนางสุนทรี<MARK>ภรรยาเขาเนี่ยมาหาตอนประมาณบ่าย3วันศุกร์ที่ผ่านมา
11-11308-51.wav	ก็เลยพบว่านางสุนทรีย์<MARK>เขาเสียชีวิตนะครับคือตั้งแต่วันศุกร์ศุกร์เสาร์อาทิตย์3วัน
11-11308-62.wav	วันนี้มีลูกสาวของนายเทพ<MARK>นางสาวรัชลี ฉิมแชล่ม<MARK>มากับกู้ภัยมาเก็บข้าวของมาทำความสะอาดห้อง
11-11308-67.wav	วันศุกร์ที่ผ่านมาก็รู้ว่านางสุนทรีย์<MARK>เนี่ยมาหาพ่อที่ห้องนะครับก็มาสักประมาณคือมาหาพ่อที่หอพัก
11-11308-68.wav	แล้วสักประมาณ4ทุ่มครึ่งเนี่ยนะคือผู้ต้องหาบอกว่านางสุนทรีย์<MARK>ก็มาหาตอนบ่าย3
11-11308-69.wav	ทุ่มครึ่งเนี่ยลูกสาวบอกว่านายเทพ<MARK>เนี่ยพ่อของเธอเนี่ยโทรมานะครับโทรมาหาลูกนะบอกว่า
11-11308-78.wav	แต่ก็นอนไม่หลับคิดอยู่ในใจว่ามันต้องมีเรื่องอะไรสักอย่างก็เลยโทรไปที่เบอร์โทรศัพท์ของนางสุนทรีย์<MARK>แฟนของพ่อ
11-11308-81.wav	ปรากฏว่าพอน้องไปหาพ่อพ่อที่บอกว่าเดี๋ยวพรุ่งนี้จะพานางสุนทรีย์<MARK>เขาไปหาหมอใช่ไหม
11-11308-91.wav	แล้วนางสุนทรีย์<MARK>เธอก็เสียชีวิตอยู่บนที่นอน
25-25899-21.wav	คือนางสาวซูจิตราชำนานกิจเจ้าหน้าที่รีบนำตัวส่งโรงพยาบาล
25-25899-26.wav	ในที่เกิดเหตุพบนายอภิชัยโสอุดมนอนเสียชีวิตในก่อย่าข้างทางห่างออกไปเล็กน้อยพบรถจักรยานยนต์ล้มอยู่
25-25899-9.wav	ที่เกิดเหตุพบผู้เสียชีวิตหนึ่งศพคือนายสุพศเจริญศุกร์
25-25904-21.wav	มีใครเสียชีวิตภายในบ่อน้ำใกล้บ้านของนายอภิชัยอีกหรือไม่
25-25904-23.wav	ฟังนายพิชัยเล่าว่ามีศพอยู่ในน้ำ
25-25904-2.wav	ของนายอภิชัยองค์วิสิต
11-11318-64.wav	ใช่ค่ะเราตรวจสอบให้นะคะเดี๋ยวรอครู่เดียวทางขนส่งจังหวัดพิษณุโลกด้วย
11-11322-36.wav	อุบัติเหตุที่เกิดขึ้นทำให้นางสาวอารยายีมะหมัดอายุ29ปี
11-11322-37.wav	นางสาวมาริสายีมะหมัดอายุ24ปี2พี่น้อง
11-11322-50.wav	ซึ่งจากการตรวจสอบพบว่าผู้เสียชีวิตคือนางสาววันดีทำดีอายุเพียง18ปีเท่านั้น
11-11325-25.wav	ก็จะตัดอำนาจสวในการเลือกนายกรัฐมนตรีนะครับ
25-25906-27.wav	ด้านนางสาวรัชัยบัณฑิตศิลป์กำนันตมสัตหีบแล้วก็อสมสัตหีบ
25-25906-39.wav	เป็นบัญชีออมทรัพย์ชื่อบัญชีนายวิทยารัตนวิจิต
11-11335-128.wav	แล้วก็นอกจากนายภัควัฒน์<MARK>ที่อยู่บนรถแล้วก็มีแฟนสาวด้วย
11-11335-56.wav	แล้วอยู่นายภัควัฒน์<MARK>ก็ติดต่อพ่อเลี้ยงของตัวเอง
11-11335-60.wav	นายภัควัฒน์<MARK>ได้ติดต่อมาหาพ่อเลี้ยงและแม่
11-11335-68.wav	โดยนายภัควัฒน์<MARK>ออกอุบาย
11-11335-71.wav	นายภัควัฒน์<MARK>จึงอาสาขับไปให้
11-11335-75.wav	นายภัควัฒน์<MARK>ขับรถคันนี้หลบหนีไปเลย
11-11337-37.wav	นายทารา<MARK>ซึ่งเป็นลูกเจ้าของโรงงานเห็นนะ
25-25910-18.wav	โดยนายสมพรเทพสิทธาสมาชิกสรชก็ได้ขอให้ที่ประชุมสรณชอ
11-11337-63.wav	นายณัฐภัทรสุวรรณประทีป
25-25910-7.wav	ขณะที่นายออมสินชีวพฤกษรัฐมนตรีประจำสำนักนายกรัฐมนตรีระบุไม่ขัดข้องหากสนชจะพิจารณาทันทีครับ
11-11338-21.wav	คุณผู้ชมครับหากย้อนกลับไปคดีนี้เกิดขึ้นเมื่อนางสาววริศรากลิ่นจุ้ย<MARK>
102-102829-13.wav	จะไม่เหมือนกันนะครับเอกลักษณ์นะคะอ่ะแต่งานนี้ฮะพระอาจารย์ลอยวัดบ่อกรุจังหวัดสุพรรณบุรี
25-25916-8.wav	ส่วนผู้บาดเจ็บนั่นก็คือนายสมหมายโต๊ะสออายุ41ปี
25-25917-12.wav	ควบคุมตัวนายนาราอายุ43ปี
25-25917-17.wav	อำเภอเมืองจังหวัดหนองบัวลําภูคือนายนารา
25-25917-21.wav	ทีนี้นายนาราให้การกับตำรวจบอกว่า
102-102833-10.wav	นายมานพกับนางวะนิดาบุญปลูกเป็นสองสามีภรรยา
102-102833-17.wav	ซึ่งนางวันนิดาบอกว่าบ้านของเธออยู่ท้ายซอยนะซึ่งท้ายซอยสุดไปเลยเนี่ยเป็นซอยตัน
25-25917-68.wav	ไปสอบถามนางไพวันแม่ของผู้ตาย
102-102833-25.wav	ก็คือนายมานพกับนางวนิดาบอกว่าเมื่อคืนนี้ออกไปข้างนอกกลับมาช่วง2ทุ่ม
25-25918-56.wav	ขณะที่นายซูกิบระบุว่าทนายความคนเดิมที่ฟ้องไปเนี่ย
25-25918-9.wav	พร้อมด้วยนายสุกิตภูลศรีเกะอาเกษมนะฮะ
102-102833-85.wav	และนางสาวนิพาวันอรุณภูลทรัพย์เป็นน้องสะพ้ายและคู่เขยของในกรค่ะ
25-25922-17.wav	ต่อมานายประโมทช่างเรือสารวัตรกำนันตำบลอ่าวดางพร้อมกับเจ้าหน้าที่ชุดรักษาความปลอดภัยหมู่บ้าน
25-25924-5.wav	นายการุณสกุลประดิษฐ์เลขาธิการกรรมการการศึกษาขั้นพื้นฐาน
25-25924-9.wav	โดยมีนายมานิดสุขสมจิตบรรณาธิการอาวุโสหนังสือพิมพ์ไทยรัฐ
25-25930-37.wav	อยู่กินฉันสามีภรรยากับนายเทพสุพรรณ
25-25930-66.wav	แต่ปรากฏว่านายเทพสุพรรณนะคะ
25-25930-87.wav	ชาวบ้านแจ้งว่านายเทพสุพรรณเนี่ย
25-25930-91.wav	นายเทพสุพรรณมาดำเนินคดีตามกฎหมายให้เร็วที่สุดค่ะ
25-25933-27.wav	นายบุญเอื้อประเสริฐสุวรรณคนบ้านเดียวกัน
25-25941-56.wav	นายไกรสกลคงพวงครับ
25-25941-8.wav	พรมพรามจังหวัดพิษณุโลกคนนี้นะครับ
25-25942-104.wav	คุณผู้ชมดูนะพี่มนต์สิทธิแกเดินทางบ่อยไง
11-11342-25.wav	กลุ่มแรกคือกลุ่มที่คนที่มาท่องเที่ยวซึ่งจากจีนตอนนี้หายไปแล้ว95ไม่มาแล้ว
11-11348-10.wav	ไปสอบถามคนเจอคนแรกนะคะชื่อว่านายชัยณรงค์มงคลเคารพค่ะ
25-25944-15.wav	หลังจากเขาใช้อาวุธมีดปลายแหลมแทงนายตานศรีเพชรอายุ39ปีพี่เขย
25-25945-1.wav	สายสระเพลงครับไปยังอุทยานไสงามอำเภอพิมายจังหวัดนครราชสีมา
25-25945-4.wav	แขนก็หักทั้งสองข้างผู้เสียชีวิตชื่อว่านายอาทิตย์อภิวุฒิอายุ24ปีนะครับ
25-25946-28.wav	รู้ตัวผู้ต้องสงสัยแล้วนะคะคือนายพัทธวันเพชรแก้วอายุสี่สิบเอ็ดปี
25-25953-101.wav	ส่วนนางสุภาพรตอนนี้อยู่ระหว่างการรักษาตัว
25-25953-108.wav	ส่วนนายบัญชาปรมีสนาพรผู้เสียชีวิต
25-25953-22.wav	คนแรกก็คือนายบัญชาปรมีสนาพรเป็นโจทย์ค่ะ
25-25953-23.wav	คนที่2นายวิจัยสุขรมเป็นทนายความ
25-25953-27.wav	คนแรกคือนางสุภาพรปารมีสนาพรเป็นภรรยาของนายบัญชา
25-25953-28.wav	คนที่สองคือนายวิชัยอุดมธนพัฒน์เป็นทนายความ
11-11361-2.wav	อยู่ในตู้ไอศกรีมที่จังหวัดเชียงใหม่
25-25953-45.wav	ในฐานะทนายโจทย์ที่2และ3นายวิจัยสุขรมเป็นทนายฝ่ายโจทย์
25-25953-46.wav	นางสุภาพรปรณีสนาพรภรรยาของนายบัญชา
25-25953-47.wav	นายวิชัยอุดมธนพัฒน์เป็นทนายฝ่ายโจทย์
25-25955-165.wav	แม้ว่าบทบรรยัติตามรัฐมนูลนั้นจะทำให้นางองซานซูจีไม่สามารถที่จะขึ้นเป็นประธานาธิบดีได้นะครับ
25-25955-175.wav	เช่นนายวินซอร์จากรัฐคชิน
25-25955-183.wav	โดยการประชุมยังมีการเลือกนายแมนวินไข่ตัน
25-25955-189.wav	นางองซานซูจีซึ่งรัฐธรรมนุนจำกัดสิทธิ์ไม่ให้เธอเป็นผู้นำพม่า
25-25955-381.wav	นี่คือวินาทีที่นายฟิลแบล้นทีมวิจัยจากมหาวิทยาลัยเคอร์ตินในเมืองเพิร์ตประเทศออสเตรเลีย
25-25955-522.wav	นี่คือการประชันวิสัยทัศน์ระหว่างนางฮิลาลี่คลินชันและนายเบอร์นี่แซนเดอร์
25-25955-526.wav	กล่าวหานายแซนเดอร์ว่าเขาเป็นนักอุดมการที่ไม่เคยทำอะไรสำเร็จ
25-25955-528.wav	หลังถูกนายแซนเดอร์ตอบโต้ด้วยการบอกว่าเธอสนับสนุนสงครามอีรักษ์
25-25955-531.wav	ซึ่งเป็นถิ่นของนายแซนเดอร์โดยผลสำรวจคะแนนนิยมล่าสุด
25-25955-534.wav	ที่นายมาโครูบิโอได้คะแนนนิยมเป็นอันดับที่3
25-25955-535.wav	สูสีกับนายโดนัลด์ทรัมป์จะทำให้เขากลายเป็นเป้าหมายใหม่ของการถูกวิพากษ์วิจารณ์
25-25955-536.wav	โดยนายเจฟบุชน้องชายอดีตประธานาธิบดีจอร์ชดับเบอร์ยูบูชมองว่า
25-25955-548.wav	ซึ่งนี่ก็อาจจะเป็นประโยชน์กับนายมาโครูบีโอ
25-25955-63.wav	นี่คือทางหลวงหมายเลข4ที่เชื่อมกรุงพนมเปนกับจังหวัดศรีฮานุวิว
25-25961-15.wav	นางสาวอุราพรให้การรับสารภาพว่าได้ร่วมมือกับนายซิก้าชินีดู
25-25961-20.wav	ส่วนนายซิก้าทางเจ้าหน้าที่แจ้งข้อหาอยู่ในราชอาณาจักรเกินกำหนด
25-25961-5.wav	ขณะที่เข้าจับนางสาวอุราพรเกษาวัฒนะที่ร้านซ่อมแอร์รถยนต์ภายในซอยเพชรเกษม77
25-25962-3.wav	ล่าสุดค่ะเฟซบุ๊คที่ชื่อว่าราชศรีจิตอาสาได้มีการโพสต์ข้อความแล้วก็ภาพข้อความระบุบอกว่าหน่วยกู้ภัยรัฐฉานแห่งสาภาพเมียนมาหรือพม่าดำเนินการปฏิบัติภารกิจสำรวจปากถ้ำของเทือกเขานางนอนบริเวณฝั่งประเทศพม่าเพื่อสนับสนุนภารกิจการค้นหาทีมหมูป่าที่หายตัวไปพวกเขาได้ลงไปใน
25-25962-9.wav	เช่นเดียวกับนายจรูลพิสูจน์หัวหน้ากู้ภัย
25-25963-10.wav	ปรากฏว่าเสียงปืนจากกระสุนนัดนี้นะคะไปโดนนายถาปากรเป็นคนที่เขานั่งเล่นอยู่หน้าบ้านตรงนั้นพอดีค่ะ
25-25964-0.wav	ดูข่าวของคุณอุตมะสวนายนรัฐมนตรีว่าการกระทรวงการคลังก่อนนะครับ
25-25964-21.wav	ตำรวจติดตามนายอุตมะที่มีผลตรวจติดเชื้อโควิด19เนี่ยนะฮะ
25-25964-5.wav	ณขณะนี้นะฮะคุณอุตมะสวนายนไม่ติดเชื้อโควิด19ที่ไปตรวจมาเมื่อวานนะครับ
25-25964-62.wav	นี่ค่ะผู้กำกับสภ.บางแก้วบอกว่าณตอนนี้ต้องส่งตำรวจอีก15นาย
25-25964-8.wav	ทำงานด้วยการประชุมผ่านระบบวิดีโอคอนเฟอร์เนส์กับนายสมคิตจตุศรีพิทักษ
25-25965-41.wav	บริหารชุดเดิมเข้ามาทำทีมก่อนที่บอร์ดชุดใหม่นำมาโดยนายจรรย์เริ่มดำริจะเข้ามารับงานต่อ
25-25965-42.wav	ซึ่งก่อนหน้านี้นายจรรย์นั้นได้จ่ายเช็คให้กับนักเตะทั้งหมดนำไปขึ้นเงินแต่ปรากฏว่าเช็คเด้งครับ
25-25966-15.wav	นายยาลาโยเจ้าอาวาสวัดวังวลเพื่อให้ชาวบ้านเนี่ย
25-25966-35.wav	สว่างอารมณ์อำเภอนครชัยศรีจังหวัดนครปฐมนี่คืออะไรอ่ะนี่
25-25968-10.wav	บุกเข้าไปยิงแม่ยายนะคะนางพรเพลแจ๊ซ้าย
25-25968-123.wav	ถ้าจะผิดก็คนร้ายคนเดียวนี่แหละฮะคือนายชัดชัยนี่แหละนะครับ
25-25968-142.wav	กับทางสามีของผู้ตายนะฮะซึ่งเป็นพ่อเลี้ยงของนางสาวพิมนภา
25-25968-24.wav	ลูกสาวของผู้เสียชีวิตค่ะนางสาวพิมนภาถิ่นวงเกลออายุ27
25-25968-27.wav	ส่วนสาเหตุที่มาลงมือก่อเหตุก็เพราะว่านางสาวพิมนภาบอกว่า
25-25968-28.wav	ก็ทนพฤติกรรมของนายฉัดชัยสามีไม่ไหวใช้ความรุนแรงหึงหวง
25-25968-38.wav	หลานสาววัยสามขวบตัวนางสาวพิมนภาพรยาเนี่ยค่ะ
25-25968-46.wav	กิ๊บอยู่ไหนเธอชื่อเล่นชื่อกิ๊บนะนางสาวพิมนภา
25-25968-50.wav	ก็เลยคิดว่าตัวนางสาวพิมนภาคิดว่าสามียิงปืนขึ้นฟ้ายิงปืนคู่ครับ
25-25970-22.wav	ในหลวงรัชกาลที่9น้อมพระวรกายรับดอกบัวจากนางตุ้มจันทนิษฐ์หญิงชราวัย102ปี
25-25970-27.wav	นายอานัทบุญนาคหัวหน้าช่างภาพสวนพระองค์ได้บันทึกภาพในวินาทีสำคัญ
25-25971-21.wav	มาครับนางสาวพัชนีชื่นมณีคนนี้เป็นเจ้าหน้าที่มูลนิธิ
25-25975-110.wav	นายชัดชัยกิติชัยกรรมการบริหารสมาคมร่วมใจ
25-25975-147.wav	ใกล้กับหมู่บ้านนารวดีหมู่5ตำบลบ้านกรดอำเภอบังปะอินจังหวัดพระนครศรียุธยา
25-25975-221.wav	ส่วนนี้คือนายพรชัยที่เป็นชาวบ้านที่ถ่ายคลิปเสียงปริศนาของเด็กทารก
25-25975-26.wav	คนถ่ายคลิปค่ะชื่อว่านายพรชัย
25-25976-34.wav	ลงพื้นที่ไปนะคะไปพบรถของนายซาบอน
25-25976-42.wav	นายสาพลกำลังนำรถออกไปซ่อม
25-25976-48.wav	ใช่นะคะโดยเฉพาะนางสาวสุพรรณิกาขุนศรีอายุ36ปีผู้เสียหายอีกราย
25-25978-13.wav	แต่นายสมชัยศรีสุธิยากรกรรมการกรกต
25-25978-49.wav	ยังมีเสียงทักท้วงจากนายพิรศักดิ์พอจิต
25-25978-6.wav	แต่ว่านายมีชัยรุชุพันธ์ประธานคณะกรรมการร่างรัฐมนูล
25-25980-1.wav	รบดิฉันนางสาวธนิการพรพงศาโรธสมาชิกสภาผู้แทนรัศดร
25-25988-11.wav	มีนายสุวัสดิเดชะเลิศสุวัสดิ์รับเป็นเจ้ามือและเจ้าของบ่อนค่ะ
25-25991-26.wav	นางแก้วนนเต็มอายุ72ปีอยู่ในแฟลต์
25-25996-40.wav	คนที่เสียชีวิตเนี่ยคือนายธนภูมิคงเกิดอายุ32ปีค่ะ
25-25996-77.wav	ปู่ของนายธนภูมิเนี่ยคือคุณปู่วัฒนา
25-25996-85.wav	ส่วนอีกคนนึงค่ะคือน้องสะพ้ายของนายธนภูมิผู้ตายเนี่ยนะคะ
25-25997-114.wav	หลังจากที่นายเอ็มนั้นไปซื้อมอเตอร์ไซค์ฟอร์ซ่านะครับได้ที่นครปฐม
15-15306-135.wav	นางอธิยภาพรอินประดิษฐ
15-15306-147.wav	ไปที่แพร่นางอุมากรกันทหมื่นอายุ51ปี
15-15306-165.wav	นายอริยทัศน์รัศมีจันทร์อายุ23ปีเองค่ะ
15-15306-170.wav	มีเศรษฐีนีแพ็คคู่เลยก็คือนางวีรพันธ์ตรีวิเศษอายุ57
15-15306-46.wav	นายสมพงศ์จันทสิงศ์อายุ56ปี
15-15306-80.wav	นายชวนสุวรรณวิจิตรวัย40ปี
15-15307-18.wav	แล้วก็รถของพยาบาลที่ขับตามหลังมานายภัยทูลวงวีรกูลนะครับ
15-15313-13.wav	คนก่อเหตุคือนายปฏิยุทธ์บำรุงพักหรือแมนวัย34ปียืนถือปืนรอมอบตัว
15-15313-9.wav	ที่นั่นพบร่างนายวิจิตชูสิตหรือโอวัย40ปีลูกจ้างโรงพยาบาลปลายพระยา
15-15320-60.wav	ทางด้านของนายศรีสุวรรณจัญญาเลขาธิการสมาคมองค์การพิทักษ์รัฐธรรมนูลไทย
15-15323-12.wav	ผู้ก่อเหตุคือนายนัทธวัฒน์ดอนมอนอายุห้าสิบสี่ปีก็ขับรถอีซูซูมิวเซเว่น
ฃ	
15-15323-9.wav	แต่ล่าสุดปลอดภัยแล้วนะคะส่วนอีกคนนึงคือนายเกรียงศักดิ์ชัยวนารม
15-15325-72.wav	หรือบางคนที่ต้องเสียเงินกู้หนี้ยืมสินไปเพื่อเดินทางไปอิสราเอล
15-15326-28.wav	หกวันนะฮะถึงมาเจอศพที่เจอก็เพราะว่าสาวนางสาววิลาวันแสงประดับเพชรอายุสามสิบแปดปี
15-15326-41.wav	ท่านผู้ชมครับในกอล์ฟนี่คือนายนิติจุนสำรานนะครับทุกผู้ชมครับ
15-15327-19.wav	นายสุภกิจสะเกดอายุ35ปี
15-15327-20.wav	แล้วก็นางสาวโสระยาคำสุอายุ42ปีค่ะ
15-15341-20.wav	คนขับแท็กซี่คันนี้ค่ะนายเวียรษักโนนใหญ่บอกว่าไปส่งผู้โดยสารเสร็จ
15-15342-13.wav	ซึ่งเป็นบ้านของนางสาวธมนต์วันศักดิ์วิระวง
102-102837-57.wav	คืนก่อนนายทองสายบรรดาศักดิ์
102-102837-178.wav	นางวิมลวันพรมออกอายุ47ปี
102-102837-238.wav	นางสาวเมืองเซียวเฟย์ได้ถวายเงินอีก1แสนบาท
15-15347-39.wav	มาตั้งแต่เช้าแล้วนี่นะฮะนายพนุวัฒน์จาดนอกหรือว่าไม้ระยองนะครับ
15-15350-13.wav	คนเจ็บนี่นะคะก็คือนายธีรชัยฉ่ำโพชาอายุ40ปี
15-15350-15.wav	ก่อนเกิดเหตุนายธิรชัยคนโดนยิงเนี่ยนั่งดื่มเหล้าอยู่ที่ร้านขายของชำ
15-15350-18.wav	นายธิรชัยดื่มจนมืนเมาได้ที่ก็เดินมาที่ร้านซ่อมรถจักรยานยนต์
15-15350-19.wav	แล้วก็มามีเรื่องกับเจ้าของร้านนายอาคมไตรยวงวัย41ปี
15-15350-26.wav	ยิงนายธีรชัยปั้งแรกล้มลง
15-15350-27.wav	หลังจากนั้นนายลือชัยฮัสแสวงวินมอเตอร์ไซค์วัย48ปี
15-15350-40.wav	ส่วนนายธีรชัยคู่กรณีที่เมาแล้วมาหาเรื่องเขา
15-15352-17.wav	เห็นว่าเดินมาด่านายบานิดก็คือเจ้าของห้องเช่า
15-15354-5.wav	เรื่องนี้เปิดเผยโดยนายภูศิษฐ์หรือว่าไข่เจียมวงทอง
102-102854-25.wav	ผู้จัดการโรงแรมนางสาวฟ้ารุ่งโคนาริอุสก็บอกว่า
102-102854-32.wav	ส่วนกรณีของในบอลกฤษณะหรือนายกฤษณะอมิตศูนย์
102-102854-40.wav	หรือนายอภิราชนุวัฒน์วันคาวิสัน
102-102867-40.wav	ล่าสุดเมื่อเช้านางนรมนกิจพ่วงสุวรรณ
15-15356-8.wav	จากกรณีนายโอภาษชูคงอายุ47ปี
102-102870-8.wav	นายสมศักดิ์ปริสุทธโธเหมธานนท์นะครับ
15-15357-53.wav	ล่าสุดนางสำเนียงนวลจันทร์แม่ของเปาตินะครับ
15-15357-62.wav	ส่วนนางพัชรากรธรรมานนท์ภรรยาของเปล่าตีเนี่ย
15-15358-48.wav	เป็นพลังพิเศษของพี่ระถาเซลปจับงูจังหวัดอ่างทอง
15-15360-193.wav	นายธิธวัฒน์ทองยอดแอดมินกลุ่มคนรักแม่น้องชมพู่
15-15360-202.wav	อกจากนี้ค่ะมีการนำเงินที่แฟนคลับหลายคนฝากผ่านนายธีธวัฒน์มามอบให้ด้วยนะคะนี่นะคะ
15-15360-225.wav	นายจันทนงพาวงเป็นชาวบ้านจากอุดรธานี
15-15364-18.wav	ทัศนายสุรินทร์อะไรแบบนี้แต่ว่าตัวเลขได้แค่1ตัวจะเป็น99
102-102878-167.wav	ได้เป็นโจทย์ฟ้องนายเสกสรรสุขภิมาย
ฃ	
15-15378-55.wav	ก็คือนายนาราพงศ์ชวดพงศ์
15-15378-71.wav	ส่วนนายนราพงศ์ที่เป็นเจ้าของตู้เย็นเป็นคนขี่มอเตอร์ไซค์นะ
15-15379-77.wav	คุณจิมราพรเลือกที่จะขับรถออกไปท่องเที่ยวด้วยตัวเอง
15-15380-29.wav	ก็คือนายวิฤทธพลเดชจิรโชธอายุ35ปีเป็นเจ้าของบ้าน
15-15380-62.wav	กระสุนไปทะลุหน้าอกของนายวิริกพล
15-15380-63.wav	จนกระทั่งนายวิริพลล้มลงเสียชีวิตต่อหน้าลูกสาวคนโต
15-15380-71.wav	ทีนี้นายประสงค์ร่มพนาธรรมผู้ใหญ่บ้านห้วยเนียมบอกให้ข้อมูลน่าสนใจ
15-15384-21.wav	ส่วนคนลงมือก็คือนายวีระพงษ์คงเนียม
15-15388-107.wav	นายฤทธิเรกนะคะเคยมีภรรยามาแล้ว3คน
15-15388-111.wav	ภรรยาของนายฤทธิเรกเนี่ยเชื่อว่าสามีไม่ได้ข่มขืนหรอก
15-15388-124.wav	ส่วนแม่ของนายฤทธิ์ค่ะก็ยื่นหลักทรัพย์
15-15388-15.wav	แล้วก็ชี้ภาพนายฤทธิเรกหรือว่านายฤทธิ์อายุ37ปี
15-15388-17.wav	หลังจากบอกว่านายฤทธิ์มาข่มขืนลูกสาว
15-15388-50.wav	แล้วเธอบอกว่านายฤทธิ์พยายามบังคับเธอ
15-15388-65.wav	แต่ใจจริงของแม่เนี่ยคือต้องการให้ดำเนินคดีกับนายฤทธิ์จนถึงที่สุดเพราะว่ารับไม่ได้กับเรื่องที่เกิดขึ้นค่ะ
15-15388-80.wav	ส่วนเจ้านายคนนี้คือนายฤทธิเรก
15-15390-24.wav	งานนี้นางรำจะเห็นอะไรกันบ้างไปดูพร้อมกันเลยค่ะ
15-15392-28.wav	แล้วก็จะต้องใช้ถ้ำในการเดินทางแบบนี้เขาจะอาศัยอยู่ในถ้ำในอะไรแบบนี้
102-102878-182.wav	น้องสาวกันก็คือนางวิพากรสายแสงทิม
102-102881-15.wav	ขณะที่นายฉัดชัยตะวันธรงค์นะครับ
102-102881-21.wav	เช่นเดียวกันกับนายทามเชื้อสถาปนสิริ
102-102881-26.wav	ขณะที่นางสาวสุพิญญากลางนรงค์นะครับ
102-102884-17.wav	นายอัธพลคนงานที่เสื้อสีส้มในคลิปนะครับ
102-102885-0.wav	นายภัยศาลเรืองฤทธิ์เนี่ยได้ไปช่วยเหลือผู้ที่เขาตกเป็นเหยื่อของนัตตี้
102-102895-13.wav	ธิบดีกรมการขนส่งทางบกนายสนิทพรมวงศ์ก็บอกเลยนะคะว่า
102-102898-26.wav	หลังก่อเหตุนายสมพฤษ
102-102898-29.wav	ด้านของภรรยาผู้ก่อเหตุก็คือนนางสุรัตน์นุรินรำเนี่ย
102-102898-58.wav	ส่วนทางด้านของผู้ก่อเหตุก็คือนายสมพฤษการเพียรนะครับ
102-102907-0.wav	คุณผู้ชมคะทางกระทรวงมหาดไทยได้มีการสรุปยอดนะคะสำหรับประชาชนที่เดินทางไปลงนามแสดงความอาลัยถวายพระบาทสมเด็จพระประมินทรมาฮภูมิพลอดุลยเดชตั้งแต่วันที่14ตุลาคมถึง8พฤศจิกายนมีจำนวนกว่า7ล้าน4แสนคนค่ะ
15-15400-7.wav	เขามาติดพันธุ์นางสาวนรัฐพรหรือว่าเฟิร์น
15-15401-3.wav	นายชวลิศสูงใหญ่ผอ.โรงเรียนสาธิตประสานมิตรฝ่ายมัธยมนะคะ
15-15405-15.wav	ผู้ก่อเหตุก็คือไปทำร้ายร่างกายนางสาวทวนชาญศรี
15-15405-19.wav	คือตำรวจเขาได้รับแจ้งจากนางปริศเครือมีอายุ72ปี
15-15405-30.wav	ทราบว่าคือนางสาวทวนชาญศรีอายุ52ปีที่ญาติได้แจ้งหายเอาไว้ตั้งแต่ปลายปีที่แล้ว
15-15405-32.wav	ของนางสาวทวนเชื่อว่าคนลงมือก่อเหตุเนี่ยต้องเป็นนายเสมอ
15-15405-47.wav	ก็มีนางสาวทวนชาญศรีหายไป
102-102908-47.wav	ดังนั้นก็คือใครเดินทางเข้ามาโดยที่ไม่มีเอกสาร
102-102914-21.wav	จักรีนริบดินจังหวัดสมุทรปราการ
102-102914-22.wav	นำโลงศพที่คลุมด้วยทงชาติบรรจุร่างของนายกรสิทธิลาวพันธ
102-102914-42.wav	และประกอบพิธีบรรจุร่างของนายกรสิทธิ์ลาวพันธ์ลงหีบศพอย่างสมเกียจ
102-102914-150.wav	นี่ค่ะย้อนไปดูคำทำนายของโหนวสุวัสสุวัสดิ์
102-102917-14.wav	ผู้ต้องหาก็คือนายจิรเด่นปาวินหรือว่าเด่นอายุ45ปี
102-102917-17.wav	นายจิรเดชเคยถูกจับคดีค้ายาเสพติดรายย่อย
102-102917-21.wav	ตำรวจก็เลยเฝ้าติดตามดูพฤติกรรมจนพบว่านายจิรเดชเนี่ย
102-102917-24.wav	เฝ้าติดตามบุรุษปรายศนีย์ที่นำพัสดุไปส่งให้ที่บ้านพักของนายจิรเดช
102-102920-23.wav	นายนาธานขำมินอายุ24ปีคนขับ
102-102920-40.wav	ก่อนเกิดเหตุนายนิพนธ์กำลังขับรถไปทำงาน
102-102921-17.wav	ชื่อว่านายสุธินวุฒิสินวัย83ปีค่ะ
102-102925-75.wav	นายมณีวันไม่ใช่คนสุรินทร์นะครับ
102-102925-78.wav	บูรมังสาหารจังหวัดอุบลราชธานี
102-102926-37.wav	คือนางพัฒนาซึ่งเป็นแม่ของนายสุภสรรค์
102-102936-17.wav	ทราบชื่อต่อมาคือนายชินโชธหวายนำ
102-102936-19.wav	แล้วก็นางสาวจิราพรโต้งฟ้าอายุ20ปีนั่งมาด้วยนะคะ
102-102937-260.wav	ว่าไม่ซัดทอดใครก็คือนายปุญญวัตรหิลันเตชะ
102-102937-270.wav	ส่วนการจับกลุ่มนางสาวนัชชาหรือพันธุ์จำปาแสง
102-102937-271.wav	เป็นเพราะตอนผมถูกจับกลุ่มนั้นนางสาวพันธุ์ไลน์มาเพื่อขอยา
102-102937-290.wav	และผมที่นางสาวนัชชา
102-102939-84.wav	นางสาวอังสุพรอินาหรืออุ้ม
102-102939-126.wav	ส่วนนายสันเสริญกับนางสาวอังสุพรที่ว่าโดนไปหนัก
102-102939-353.wav	โดยคุณครูทั้งสองคนก็คือนางสาวปวีนา
102-102943-13.wav	ผู้ที่เป็นเจ้าของร้านนะครับชื่อนางสาวจีดาพาสิมชาติ
102-102943-21.wav	นางสาวจิดาพาเจ้าของร้านมาที่สภ.คูคศปทุมธานี
102-102945-2.wav	เรื่องนี้จากกรณีนางสาวิไลลักษณ์มิลาวันอายุ27ปี
102-102945-12.wav	ไปพบกับนายสมพบมาลีแก้ว
102-102945-15.wav	ทราบว่าบริษัทที่นางสาวิไลลักษณ์ที่ทำงานอยู่เป็นบริษัททรัพย์คอนแทรคที่รับงานต่อจากบริษัทใหญ่อีกทีหนึ่ง
102-102947-14.wav	นายวิรพลปิ่นอมรหรือว่าปุ๊เป็นชาวระนองใช้ปืนไล่ยิงคนในครอบครัวของภรรยานางกัญญารัฐกิ่งแก้วเสียชีวิตรวม5ศพ
102-102947-16.wav	ผู้เสียชีวิตประกอบไปด้วยนายวิรัติกิ่งแก้วอันนี้เป็นพ่อตา
102-102947-17.wav	นางน้ำพึ่งอินสิทธิ์เป็นแม่ยาย
102-102947-28.wav	เมื่อวานครับนายสมคิดใจเกษตรเป็นผู้พิพากษาหัวหน้าศาลจังหวัดอุตรดิตถ์
102-102947-29.wav	บันลังอ่านคำพิพากษาสุดท้ายแล้วสารตัดสินประหารชีวิตนายวิรพลหรือว่าปุ๊
102-102954-78.wav	พออยู่ดีนางร้ายโผล่ขึ้นมา
102-102955-18.wav	คุณผู้ชมฮะหลังจากนั้นจะเห็นนางสาวสุมาลี
102-102955-21.wav	จากนั้นนางสาวสุมาลีครับ
102-102955-28.wav	ที่พยายามเข้ามาช่วยเหลือนางสาวสุมาลีที่ถูกยิง
102-102955-29.wav	ผู้ก่อเหตุก็เดินไปดูว่านางสาวสุมาลีตายหรือยังนะฮะ
102-102955-38.wav	ทราบชื่อผู้เสียชีวิตก็คือนายสาวสุมารีสิริรัตน์
102-102955-41.wav	และยังมีคนตายอีกคนนึงก็คือนายสุภกิจทองจำรูนกาดของร้าน
102-102955-46.wav	เพราะว่าฝ่ายผู้หญิงหรือว่านางสาวสุมารีคุณ
102-102955-48.wav	ส่วนนายสุรศักดิ์อิสโรซึ่งเป็นเพื่อนของนางสาวสุมาลีผู้ตาย
102-102955-50.wav	จากนั้นตำรวจเร่งล่าตัวนายหัสชัยชาญทุ่มนุ่ม
102-102955-64.wav	แต่ให้การว่ามีเรื่องกับนายสุรสัก
102-102955-75.wav	ก่อนที่จะมีปัญหาทะเลาะกับนายสุรศักดิ์ซึ่งเป็นคนเจ็บนะครับ
102-102955-76.wav	เพราะผู้ก่อเหตุไปหยิบขวดเหล้าของโต๊ะนายสุรศักดิ์
102-102955-77.wav	ซึ่งนายสุรศักดิ์ก็มากับเพื่อนโดยเฉพาะนางสาวสุมาลีผู้ตาย
102-102955-79.wav	ทำให้มีปากเสียงกับนายสุรศักดิ์นะครับ
102-102955-80.wav	แล้วทีนี้ผู้ก่อเหตุใช้ขวดตีที่หัวนายสุรศักดิ์จนหัวล้างข้างแตก
102-102955-81.wav	นายสุรศักดิ์ถูกตีจนหัวเลือดอาบนะฮะก็เดินออกมาจากผับ
102-102955-82.wav	ของผับก็ช่วยประคองไปขึ้นรถกระบะของนายสุรศักดิ์เอง
102-102955-83.wav	ทีนี้ครับนางสาวสุมาลีเดินตามผู้ก่อเหตุไปจะเอาเรื่องคุณ
102-102955-84.wav	เดินไปที่รถผู้ก่อเหตุและถามว่าตีนายสุรศักดิ์ตีเพื่อนเธอทำไม
102-102955-86.wav	เขาหยิบปืนสงครามที่อยู่ในรถยิงเข้าใส่นางสาวสุมารีทันทีก่อนคนอื่นเลยนะฮะ
102-102955-87.wav	ทีนี้พอนายสุภกิจกาดของร้านเห็นก็รีบเข้าไปช่วยแต่ก็ถูกยิงไปด้วย
102-102955-92.wav	ชนร่างของนางสาวสุมารีที่นอนบาดเจ็บถูกยิงอยู่
102-102955-160.wav	ขณะที่ศพของนายสุภกิจทองจำรูนกาดของผับนะฮะ
102-102955-162.wav	ส่วนศพของนางสาวสุมาลีนะฮะ
102-102956-23.wav	เป็นคำพูดของนายสมชายชานรงกุลอธิบดีกรมส่งเสริมการเกษตรนะคะ
102-102956-39.wav	เมื่อวานนี้นายสมชายชานรงกุลอธิบดีการส่งเสริมการเกษตร
102-102958-11.wav	นายวุฒิชัยม่วงมั่นผู้อำนวยการสวนสัตว์เชียงใหม่ก็บอกนะคะว่า
102-102959-0.wav	ติดตามข่าวกันต่อช่วงนี้ติดตามขีดเส้นใต้เมืองไทยนะครับคุณผู้ชมครับวันนี้ทหารตำรวจก็มีการลงพื้นที่ไปจังหวัดนครปฐมไปกวาดล้างผู้มีอิทธิพลในพื้นที่รวมทั้งสิ่งของผิดกฎหมายครับวันนี้การวิเคราะห์ทางการเมืองรวมทั้งประเด็นสำคัญกับขีดเส้นใต้เมืองไทยกับคุณสุภาพคลี่ขจายจะอยู่ที่
102-102960-12.wav	ก็เลยมีการยื้อแย่งมีดกันแล้วสุดท้ายแล้วเนี่ยนายสุปันก็เลยเอามีดฟันเข้าไปที่หน้าของนางสุจริตแล้วก็เป็นแผลชะกันอยู่หลายแผลเลย
102-102960-15.wav	ก็ได้คุยกับคนดูแลห้องเช่าค่ะเธอบอกว่าก็เห็นนางสุจริตเนี่ยจะนั่งสามล้อมาหานายสุปันที่ห้องเช่า
102-102960-18.wav	แต่เธอบอกว่านางสุจริตก็ไม่ได้สนใจอะไร
102-102960-26.wav	สักพักหนึ่งนายสุบันเดินลงมาในสภาพเลือดท่วมตัวเลยค่ะ
102-102960-38.wav	คุณจิรายุทธ์ยังได้คุยกับนายสัมพันธ์นะคะลูกชายของนางสุจริตผู้ตายด้วย
102-102963-12.wav	นางสาวปรียนุษย์โนนวังชัยหรือว่าเปรี้ยว
102-102963-14.wav	นางสาวกวิตาราชดาหรือเอิญอายุ26ปี
102-102963-16.wav	อีกคนนึงก็คือนายวศิลปนามพรมอายุ26ปี
102-102963-23.wav	ก็คือนางสาวจิดารัฐพรมคุณหรือว่าเบนส์อายุ22ปี
102-102963-27.wav	ทั้งหมดเป็นจำเลยในคดีที่ร่วมกันฆ่านางสาวริสรากลิ่นจุ้ยหรือว่าแอ๋ม
102-102963-75.wav	นายวศิลป์สารพิเคราะห์แล้วเห็นว่าไม่มีพยานมาเบิกความ
102-102963-80.wav	ฐานร่วมกันลักทรัพย์สารจึงพิพากษาจำคุกนายวศิลป์33ปี4เดือน
102-102963-98.wav	เพราะเห็นว่าศาลนั้นยึดถือคำให้การของนายวศิลป์จำเลยที่สี่
102-102963-100.wav	เพราะตอนนั้นนายวศิลป์คิดว่าเพื่อนคงไม่กลับมาไทยแล้ว
102-102963-110.wav	คือนายวศิลป์ที่จับได้ก่อน
102-102963-162.wav	ทีนี้แม่ของเปรี้ยวค่ะนางสาคอนภาษี
102-102963-165.wav	นางสาวประพาสิริประสมศรีหรือเหมียวคนนี้เป็นพี่สาวเปรี้ยวค่ะ
102-102963-199.wav	ทางนางสาคอนก็ให้สัมภาษณ์กับผู้สื่อข่าวนะครับ
102-102966-17.wav	ด้านนายนรวิทล่าแหล่งทนายความนะคะก็กล่าวว่าจะเสนอข้อเท็จจริง
102-102966-29.wav	ประกอบด้วยนายนิพนธัวพงศกร
102-102966-32.wav	นายประจักษ์บุญยางรองผู้ว่าการตรวจเงินแผ่นดิน
102-102966-33.wav	นายจิรชัยมูลทองร่อยอดีตรองประหลัดสำนักนายกรัฐมนตรี
102-102966-36.wav	อดีตรัฐมนตรีในรัฐบาลนางสาวยิ่งลักษณ์มาให้กำลังใจ
102-102969-1.wav	คุณทัศนายที่หัดใหญ่จังหวัดสงขลา
102-102975-13.wav	คนที่โดนต่อยเนี่ยคือนายคณากรอายุ29ปีเป็นพนักงานซ่อมบำรุงของบริษัทแห่งหนึ่งนะคะ
102-102976-39.wav	พบศพของนายพรบุญอุดมอายุ29ปี
102-102976-43.wav	โดยมีนางวิจิตราแย้มนวลอายุ31ปี
102-102976-50.wav	ทีนี้ครับนางวิจิตราภรรยาผู้ตายนะครับ
102-102984-31.wav	นางร้ายปอปากปลาร้าตัวจริงคือใคร
102-102986-9.wav	มีน้องกี้นายกิติชวินชาชุมวงครับนักฟุตบอลโรงเรียนเตรียมอุดมศึกษา
102-102988-61.wav	ไปดูมือนางรำขันใกล้ไปดูขันใกล้
102-102989-12.wav	นายภูริปกรณ์ไปคุยทำความเข้าใจกับนายตี
102-102998-26.wav	และนางสาวทันทพัฒน์ฮ้อแสงชัยหรือเบ้น
102-102998-68.wav	ซึ่งนายเจนพบก็ได้ให้การรับสารภาพ
102-102998-70.wav	ด้านนายเจษฎาวีรพรบีดาของนายเจนพบ
102-102998-96.wav	เพราะสิ่งสำคัญคือการส่งวิญญาณของนางสาวทันตพัฒน์
102-102998-110.wav	สาขาสันติศึกษารุ่นที่3โดยนายกฤษณะเป็นวาทีมหาบัณฑิต
102-102998-112.wav	ส่วนนางสาวทันทพัฒน์ในวันเกิดเหตุได้เดินทางไปยังมหาวิทยาลัย
15-15411-133.wav	เป็นสถานที่ตั้งศพนายประพาวิชาหรือแป๊ะผู้เสียชีวิตนะคะ
15-15411-189.wav	เพราะว่าในแป๊ะเนี่ยรู้จักกับนายโยค่ะ
15-15411-20.wav	ชื่อนายประพานามสกุลวิชา
15-15411-343.wav	แม่ของนายประพานะครับ
15-15411-39.wav	ผู้ต้องหานายธนงศักดิ์สมัยใหม่หรือว่านายโย
15-15411-69.wav	นายโยบอกสั้นนะครับ
15-15411-86.wav	โดยนางกรยาสมัยใหม่บอกว่าก่อนมาสน.ก็ไปที่วัดมา
15-15412-13.wav	นายสะทนวิจารณวรรณลักษณ์ซึ่งเป็นอาจารย์ภาควิชาฟิสิกส
15-15412-23.wav	ทีนี้ฝ่ายอายการคือนายเนธนาคศุกร์รองอายการสูงสุดที่เรียกไป
15-15412-26.wav	แล้วก็นายปรเมฆอินทรชุมนุมนะครับ
15-15412-38.wav	ส่วนการเสียชีวิตของนายจารุชาติมาทองพยานคนสำคัญในคดีนี้
15-15412-39.wav	หลังจากที่นายจารุชาติไปประสบอุบัติเหตุเสียชีวิต
15-15412-44.wav	เชิญตัวพ่อแม่และลูกสาวของนายจารุชาตินะคะ
15-15412-61.wav	และถูกครอบครัวนายจารุชาติเรียกค่าเสียหายเป็นค่าทำศพถึง3แสนบาท
15-15412-75.wav	รู้จักทั้งตัวนายจารุชาติเองผู้เสียชีวิตเพราะว่า
15-15414-15.wav	ผู้เสียชีวิตคือนางสาวระดารัฐขุนทองอายุ27ปี
15-15414-17.wav	ตำรวจสภ.เมืองพิษณุโลกสอบสวนนายธีรพงศ์ลำพูอายุ22ปี
15-15414-22.wav	เบียดจนล้มลงและทับร่างของนางสาวละดารัฐเสียชีวิต
15-15414-31.wav	อุบัติเหตุที่เกิดขึ้นทำให้นายนิคมภูลเกษมอายุ51ปี
15-15416-12.wav	หมดทั้งหลังคุณผู้ชมนางสาววานีวานีจันเพ็ง
15-15417-56.wav	นายมีชัยรุชุพันธ์นะคะได้มีการชี้แจงในที่ประชุมนะคะว่า
15-15418-27.wav	ผู้ตายก็คือนางสาวยุภารัฐโยธานันอายุ33ปีเอง
15-15418-41.wav	ก็คือนายชัยวัดอินภูวายุ33ปี
15-15419-11.wav	เพราะว่านายทัศน์ไปก่อเหตุยิงนายปรัชญาประสงค์ผลวัย17ปี
15-15419-12.wav	แฟนสาวก็คือนางสาวจิระนันวงขุมเงินจนได้รับบาดเจ็บสาหัส
15-15419-33.wav	ไปเจอนายปรัชญาวัย17ปี
15-15422-13.wav	ซึ่งเป็นรถพยาบาลคือนายจุมพฤษดวงสิริ
15-15435-44.wav	ชื่อว่าหมอเริงครับนายสำเริงดีรำนะคะอายุหกสิบห้า
15-15439-4.wav	ขณะนี้นายวีรพลสุขผลหรือว่าเนรคำถูกดำเนินคดีอยู่ที่สหรัฐอเมริกา
15-15449-23.wav	นายธนากรคงดอนหันน้องชายอ้าวทำไมอ่ะ
15-15449-7.wav	โพสต์คลิปที่คุณย่ากับครอบครัวร้องไห้กอดกล่องเถ้ากระดูกของนายโชติพัฒน์
15-15451-6.wav	อําเภอศรีมหาโพธิจังหวัดปราจีนบุรีเป็นบ้านของนายสุรวุฒิอมรเมธากุล
15-15454-45.wav	นายนิพนธ์บุญยามณีรัฐมนตรีช่วยมหาดไทยไว้วางใจสามเปอร์เซ็นต์
15-15464-57.wav	ของชุมชนรางกระทุ่มนะคะที่อำเภอเมืองจังหวัดสุพรรณบุรี
15-15466-8.wav	เขาบอกว่าครับดูช้างให้ดูหางดูนางให้ดูแม่
15-15469-70.wav	ตัวนายนัชนนก็บอกว่าก็ถือว่าเป็นจุดเริ่มต้นที่ดีนะคะ
15-15469-76.wav	นะคะก็คือทั้งรุ้งทั้งเพนกวิ้นทั้งนายนัชนนนะคะ
15-15478-17.wav	ผู้ชายคนนี้คือนายสุธิชัยกรังรำ
15-15478-61.wav	แม่ก็คือนางลิสุทธิอายุ57ปีแม่ของนายเบ้น
15-15494-85.wav	เราก็พูดคุยกับนางพัชจีรา
103-103004-17.wav	ระงับเหตุค่ะผู้ชายคนนี้ชื่อว่านายสรพัฒน์ดีสุข
103-103004-24.wav	ไม่อยู่แล้วก็ต้องฉีดน้ำอย่างที่เห็นในภาพคือตำรวจติดต่อพี่สาวของนายสรพัฒน์คนนี้นะคะ
103-103004-25.wav	นางศิริพรอายุห้าสิบเอ็ดว่าพี่สาวมาคุยหน่อยอ่านี่นี่พี่สาวมามาคุย
103-103004-37.wav	ชาวบ้านบอกว่านายสรพัฒน์คนนี้ขี่รถจักรยานยนต์ออกไป
103-103006-14.wav	นายชัยมงคลนิรัตนภัยอายุ52ปี
103-103006-25.wav	เดินทางมาพบกับนายชัยมงคลเจ้าของร้านวัสดุก่อสร้างนะคะ
103-103008-9.wav	นางสาวจีรณีแจ่มจ๋าหรือแอนอายุ36ปี
15-15508-26.wav	จนไปพบกับนายวรชัดแต่งกายคล้ายตำรวจได้สอบถาม
15-15508-34.wav	นอกจากที่นายวรชัดจะชอบเครื่องแบบของตำรวจ
15-15508-39.wav	และหากมีผู้ใดสงสัยว่าอาจจะถูกนายวรชัด
15-15510-13.wav	นายลีซองเซไฮดาฮีสบุตรชายของนายเกลยองเซไฮดาฮิส
15-15510-20.wav	เขาจึงตัดสินใจนำบันทึกความทรงจำของนายเกลยองเซไฮดาฮิส
15-15517-20.wav	หรือว่านายชัยเชศแก้วเกรดการอายุคือ40ปีแล้ว
15-15517-26.wav	ผู้ตายคือนายธนูสินแก้วเกรดการอายุ54ปีค่ะ
15-15517-44.wav	มีนายกีแก้วเกรดการเป็นพ่อเป็นผู้พิการนะคะป่วย
15-15517-47.wav	แล้วก็นายบ๊อบหรือนายชัยเชษวัย40ปี
15-15517-51.wav	แต่3ทุ่มกว่ามีคนไปเจอนายธนูสินนอนเสียชีวิตแล้วอะค่ะ
15-15519-12.wav	ก็คือนายบัญเจิดกันวงอายุ60ปี
15-15519-17.wav	ตำรวจก็ต้องนำตัวของนายบัญเจิดไปสอบปากคำเพิ่มเติมที่โรงพัก
15-15519-20.wav	ข้างกายของนายบัญเจิดผู้ต้องหาก็มีนางแพงกันวงอายุ57ปี
15-15519-23.wav	แล้วก็มีเด็กผู้ชายอีกคนเป็นหลานชายของนายบัญเจิดวัย12ปี
15-15519-44.wav	ตำรวจก็เลยนำตัวนายบัญเจิดไปทำแผนประกอบคำรับสาภาพ
15-15519-48.wav	เรื่องต้นตำรวจแจ้งข้อหานายบัญเจิด2ข้อหาเลยฮะ
15-15519-53.wav	ภรรยาก็เข้ามากอดนายบัญเจิดผู้ต้องหาอีกครั้งหนึ่งนะครับ
15-15526-74.wav	นายสงัดดัชยาวัฒน์ค่ะ
11-11367-31.wav	จะต้องแต่งงานแล้วนะคะกับแฟนหนุ่มชื่อว่านายวิรัตน์ปานสังข์
11-11379-74.wav	ร้อยกว่าบาทเท่านั้นนายพรเลิศบอกว่า
11-11384-14.wav	ห้องปฏิบัติการเอกชนแห่งหนึ่งในจังหวัดเชียงใหม่
11-11384-42.wav	ก็ถ้าเราชอบกินหอยแล้วก็ที่จังหวัดไหนมันก็ดี
11-11384-4.wav	เป็นผู้จัดการสถานสงเคราะห์เด็กบ้านพักพิงอำเภอแม่ริมจังหวัดเชียงใหม่
11-11387-15.wav	ก็คือนางสาวสวรรค์กลายเป็นศพถูกซุกในท่อคอนกรีต
11-11387-6.wav	ทราบชื่อต่อมาคือนางสาวสวรรค์นนสังข์หรือว่าตายอายุ23ปี
11-11389-88.wav	นายพิพัฒน์บอกว่ากระดูกที่ขุดเจอเนี่ยเต็มที่170ที่สูง
11-11392-108.wav	ก็อย่างที่ตำรวจบอกแล้วฮะคือจุดเริ่มต้นเนี่ยก็ต้องเอาให้ชัดเจนแบบร้อยเปอร์เซ็นต์นะครับว่าโครงกระดูกที่พบคือนางสาวกลิ่นเกษรใช่หรือไม่นะครับ
11-11392-128.wav	เราไปที่บ้านของน้าสาวของนางสาวกลิ่นเกษรที่ชัยนาท
11-11392-12.wav	นางสาวกลิ่นเกษรที่ถูกพบว่าเป็นโครงกระดูก
11-11392-90.wav	ผู้ตายอืมผู้ตายนี่เขาชื่อเล่นชื่อต่อนะนางสาวกลิ่นเกษรก็เลยถามว่าเคยเจอต่อไหมไม่หันหน้ามาคุยด้วยเลยใช่
11-11397-21.wav	อำเภอจอมทองจังหวัดเชียงใหม่
11-11397-53.wav	เป็นพิเศษด้วยสำหรับการขับรถไปท่องเที่ยว
11-11400-15.wav	รควิมารขนส่งจังหวัดระยอง
11-11406-11.wav	จนเป็นเหตุให้นายประจักษ์สายเสมาจมน้ำหายไป
11-11406-7.wav	เข้าสู่วันที่3แล้วสำหรับภารกิจการค้นหาร่างของนายชยุตพิชิต
11-11410-340.wav	บรรยากาศดีด้วยนะอยู่ริมฝั่งแม่น้ำท่าจีนพอเดาออกแล้วใช่ไหมอยู่จังหวัดอะไร
11-11411-15.wav	ขายอยู่ที่บริเวณข้างเทศบาลเมืองจังหวัดสระบุรีนี่แหละ
11-11413-77.wav	นางวารีคงสินชัยซึ่งเป็นป้าก็เล่าให้ฟังว่านายพรเทพมีพี่น้อง4คน
103-103008-35.wav	แต่แล้วแรงอธิษฐานก็สำริดผลเมื่อนายวรวุฒิวิลัยพัฒน์
103-103009-6.wav	ผู้ที่เสียชีวิตอยู่ที่ร้านเนี่ยชื่อนายเจริญชัยอินหอมถูกยิงด้วยปืนจุดสามแปดนะฮะ
103-103009-9.wav	มีคนถูกยิงสาหัสอยู่คนหนึ่งชื่อนายขจรศักดิ์ราศีทองอายุ34ปี
103-103009-16.wav	จ่อยิงนายขจรศักดิ์ซึ่งนอนอยู่กับภรรยาในปั๊มนะฮะ
103-103009-19.wav	แล้วก็วกกลับเข้ามายิงซ้ำนายขจรศักดิ์ผู้ตายอีก3นัดฮะ
103-103009-27.wav	ที่ภรรยาของนายขจรศักดิ์ผู้ตายเขานอนอยู่ด้วยเนี่ย
103-103009-44.wav	จากการสอบสวนนายยุทธนานะครับ
103-103012-19.wav	ให้กับคุณแม่ของผู้เสียชีวิตผู้เสียชีวิตก็คือนายอาทิตพิมพ์วันนายุ35ปี
103-103012-20.wav	คุณแม่ก็คือนางด้อมพิมวันนาอายุ57ปี
11-11416-30.wav	นายภาคภูมิศรีเศรษฐกรนักข่าวท้องถิ่นแล้วก็นายประพฤติมะลิผล
11-11416-36.wav	คดีแรกนายระพีถูกดำเนินคดีเปรียบเทียบปรับในข้อหา
11-11417-5.wav	นายดารากรปาธานอายุ56ปีเจ้าของเขียงวัวนะครับ
11-11419-21.wav	ซึ่งชื่อว่าเด็กชายวรพลอัคฮาดนะครับก็เดินทางมาด้วย
11-11419-28.wav	บ้านอยู่ที่บ้านแขนนางตำบลนาคู่ในอำเภอนาแกจังหวัดนครพนมนะครับ
11-11419-37.wav	ก็ทางญาตินะฮะของน้องนะครับนางสาวกนกวรรณอ่อนหลงนะครับ
11-11419-74.wav	นางสาวกนกวรรณที่เล่าให้ฟังก็กระโดดลงไปช่วยอีกคนนึง
11-11419-79.wav	โดยดึงมือน้าสาวของนางสาวกนกวรรณที่จับตัวหลานสองคนไว้แล้วก็ดึงขึ้นมาได้
11-11419-80.wav	ส่วนนางสาวกนกวรรณก็ใช้มือจับตัวน้าสาวแล้วก็พาขึ้นมาจากสระกันได้4คน
11-11419-81.wav	นางสาวกนกวรรณก็ตะโกนบอกคนที่มาช่วย
103-103016-8.wav	นี่ค่ะนำโดยนางสาวพรศรีสุธนารักษ์นะคะรองอธิบดี
103-103018-11.wav	ก็คือนางสาวเนธอายุ35ปีนะครับ
103-103018-18.wav	ได้เห็นแชทระหว่างนางสาวเนธกับนายตั้มที่คุยกันตอนที่ตามให้นายตั้มกลับบ้าน
103-103018-87.wav	แล้วก็ทางนางสาวเนธบอกว่าไม่สะดวกในการให้ข่าวแล้ว
103-103018-91.wav	ผัวของนางสาวเนธอยู่ที่บ้าน
103-103018-108.wav	ทางคดีก็เลยไม่สามารถเรียกตัวของนางสาวเนธลูกสะพ้ายมาสอบได้
103-103020-33.wav	พลตำรวจตรีปรีดาเปี่ยมวารีผู้บังคับการตำรวจภูธรจังหวัดสงขลา
103-103023-5.wav	คุณยายพิมพาวิมุติอายุ76นะคะบ้านอยู่ในอำเภอศรีราชาจังหวัดชลบุรีค่ะ
11-11427-64.wav	หลังจากที่ก่อนหน้านี้ยืนยันแล้ว1ศพก็คือนายสมชายเป็นคนขับเรือ
11-11427-71.wav	ตรงวัดพนัญเชิงจังหวัดพระนครศรีอยุธยาวันนี้เป็นวันที่4นะครับ
103-103032-11.wav	ก่อนจะนำตัวไปฝากขังในภายหลังด้านนายกิจจาอารีอิสฮอทนายความของผู้ต้องหาทั้งสองคนเนี่ย
103-103032-26.wav	ส่วนนางสาวระรินดาจินดาชาญสอน
103-103032-45.wav	ทางด้านตำรวจนะคะพลตำรวจตรีอังกูลคล้ายคลึงผู้บังคับการตำรวจท่องเที่ยว3
11-11443-22.wav	ครับแล้วช่วงที่มีลมแรงแบบนี้มีคลื่นแรงแบบนี้ที่จังหวัดตรังครับคุณผู้ชมฮะ
11-11448-54.wav	กลับไปอีกด้วยกับสถานที่ตรงนี้ที่จังหวัดอ่างทอง
103-103033-108.wav	แล้วก็นนายสันติทองเสมหรือทนายอีทว่า
103-103035-60.wav	นี่ฮะเล็กจันรกาหรือว่านายพงปะนด
15-15538-11.wav	ผู้ต้องหาก็สารภาพนะครับว่ารับยามาจากนายบุญฤทธิ์ลักษณ์พุทธนะครับ
15-15538-20.wav	อีกเหตุการณ์หนึ่งครับนายจาแมร์แซ่หลีอายุ24ปีและพวกรวม3คน
15-15539-11.wav	ทั้งหมดนี้นายจำนงแก้วมณีพนักงานขับรถ
15-15539-14.wav	ด้านนายชายกรระวนาวิกหนึ่งในพนักงานขับรถ
15-15539-15.wav	ซึ่งเป็นเพื่อนสนิทของนายจำนงเปิดเผยว่า
15-15539-17.wav	แต่เป็นของเหล่าบรรดาเพื่อนของนายจำนง
15-15539-19.wav	เราทราบว่านายจำนงจะนำไปติดผนังห้อง
11-11465-975.wav	หลังจากนั้นตรวจไปเจอไซยาไนด์ในรถ
11-11468-30.wav	โดยนายคาร์ลไคลน์เนเบิร์กมองว่าถ่านหินยังคงเป็นทางเลือกในอนาคตอันใกล้ก่อนที่พลังงานทดแทนจะเข้ามาอย่างเต็มตัว
11-11468-27.wav	หนึ่งในวิทยากรพิเศษที่มาร่วมงานอย่างนายคาร์ลไคลน์เนเบิร์กจากสถาบันเทคโนโลยีจอร์จอากริโคลาประเทศเยอรมนีให้สัมภาษณ์กับทีมข่าวไทยรัฐทีวีว่า
11-11473-103.wav	ก็คือนายภูมิพัฒน์พัฒนาสกุลเจริญอายุ40ปีเป็นคนขอนแก่นก็เล่าเหตุการณ์
11-11474-4.wav	ซิลวานัทกาบิล่านางสาวโรสโอเนเกบูและนายเอซูอักบอเนเก
11-11477-14.wav	จังหวัดนครศรีธรรมราชนี่ชีวิตของทนายปรายนี่น่าสนใจมากนะฮะ
11-11477-16.wav	นายปรายบอกว่าหลังจากเรียนจบม.6เนี่ย
11-11480-21.wav	นายสิทธิพลสวัสดิ์จีนเจ้าของรถได้ไปซื้อยาเสพติด
11-11480-22.wav	โดยมีตัวนายพรเทพหวังคอนกลางนั่งติดรถมาด้วย
11-11480-23.wav	หลังจากซื้อเสร็จระหว่างที่นายสิทธิพลกำลังเดินกลับมาที่รถ
11-11480-60.wav	ที่เอายาเสพติดมาขายให้กับนายสิทธิพล
11-11482-11.wav	คือพี่สาวเขาไปเรียนที่นู่นอยู่แล้วเกือบปีเนาะแล้วก็คุณพ่อคุณแม่คงเดินทางไปเยี่ยมแล้วไปเจอโควิดพอดี
11-11483-15.wav	จังหวัดกาญจนบุรีนะแล้วตัวอดีตผู้ช่วยผู้ใหญ่บ้าน
11-11483-31.wav	คือนายปรีชาเนี่ยบุกเข้าไปที่ข้างบ้านนี้แล้วก็ไปตะโกนด่าโหวกเหวกโวยวายอยู่เหมือนกันนะครับ
103-103036-23.wav	ส่วนมือปืนเป็นอดีตสามีชื่อว่านายเอกพลตรีพารายุ49ปีนะคะ
103-103036-36.wav	แล้วก็ไปสอบถามนางสาวเบนจมาสพวงมาลัยอายุ36ปี
11-11490-110.wav	ขณะที่แฟนสาวนี่นะคะก็คือนางสาวอภิสร์ญาพัฒนวรทรัพย์
11-11490-11.wav	ก็คือที่จังหวัดนครศรีธรรมราช
103-103036-93.wav	นายมาตุภูมิพบสมัยอายุ20
103-103036-101.wav	แต่โชคดีที่นายมาตุภูมิบอกว่าผมมาเห็น
103-103036-114.wav	ก็แปลกมากนะที่นายเอกพลเอาลูกซองสั้นมายิงนางสาวธิติการแบบระยะเผาขนเลย
11-11490-85.wav	อยู่ในความครอบครองของนายทวีวัฒน์พหุพฤกษ์
103-103036-117.wav	นางสาวธิติการใส่ติดตัว
103-103037-8.wav	นายอนุวัฒน์เจริญสุขอายุ30ปีและนายธรรมรัฐเพชรัตน์อายุ21ปีนะครับ
11-11493-17.wav	อีกคนนึงคือนายคิวโซชื่อแปลกสัญชาติเมียนมาค่ะ
103-103045-16.wav	ทราบชื่อต่อมาผู้ตายนั่นคือนายพานุพงดวงดีหรือนายเอ๊อายุ21ปีเท่านั้นเอง
103-103045-45.wav	กับตัวนายพานุพงศ์ไปจอดบริเวณจุดเกิดเหตุ
103-103045-49.wav	นายพานุพงศ์เนี่ยเดินมาขึ้นมอเตอร์ไซค์คนร้ายขับรถเก๋งประกบยิงอีกสองนัด
103-103045-50.wav	แล้วทางด้านนายพานุพงศ์พยายามวิ่งหนีค่ะไปตรงใต้ต้นมะยุ่มแล้วฟุบลง
103-103045-51.wav	แสดงว่าโดนกระสุนปืนเข้าแล้วในต้อมเพื่อนของนายพานุพงศ์คนตายเล่าแบบนี้
103-103046-43.wav	เมียนางนุษย์ปรังประโคนนักข่าวฟังฉันนะ
11-11509-14.wav	นางสาวสุมารีแล้วกลายเป็นว่านายพิทักษ์
15-15546-380.wav	ที่เดินทางมาในช่วงวันหยุดยาว
11-11509-19.wav	นายพิทักษ์ตะโกนให้นางสุมารีเอาปืนออกมาจากกระเป๋า
103-103051-29.wav	ก็คือนายจารุวัตรจำปาเป็นเจ้าหน้าที่พนักงาน
103-103051-35.wav	ส่วนคุณแม่ของนายกิ่งก็คือนางชรวยทองงามนะคะ
103-103054-2.wav	อายุ84ปีกับนางน้อยพิทักษวรชัยอายุ79ปีขึ้นป้ายขนาดยักษ์นะฮะ
103-103059-21.wav	ล่าสุดค่ะพลตำรวจตรีอุทัยกวินเดชาธรผู้บังคับการตำรวจภูธรจังหวัดเพชรบุรี
103-103059-22.wav	บอกว่าตอนนี้ทราบตัวผู้ก่อเหตุแล้วคือนายอุเทนศรีสมอายุสี่สิบปี
11-11512-13.wav	อำเภอเบตงจังหวัดยะลาลิงตัวนี้มันใหญ่จริงคุณผู้ชม
11-11514-42.wav	ข้อมูลนี้มาจากข้าราชการระดับสูงมากท่านผู้ใหญ่ในจังหวัดภูเก็ตนะครับก็ได้เรื่องนี้มาครับ
103-103065-96.wav	ส่วนนายนพดลโดนแจ้งข้อหายิงปืนในที่สาธารณะแล้วก็พรบออาวุธปืนก็คือพกพาอาวุธปืนนะคะ
11-11514-94.wav	ท่องเที่ยวของภูเก็ตมันมีปัญหามันซบเซาคนหายไป
11-11515-10.wav	นายแผนบอกว่ามาให้การเพิ่มเติมในประเด็นเดิมที่ยังให้การไม่ครบถ้วน
103-103072-20.wav	โดยพลตำรวจเอกศีวราก็จะลงพื้นที่ไปสอบปากคำนายอับดุลกอเดย์ด้วยตัวเองในวันพรุ่งนี้
103-103074-14.wav	ปรากฏว่าคนขับนะคือนายพานพเกตดิหลกเริกอายุ36ปี
15-15546-424.wav	มีช่วงนางแฟทขึ้นมาอีกหน่อยแต่ตอนนี้นางกลับมาผอมมากเลย
11-11518-27.wav	ก่อนหน้านี้นายรัฐกิจขุนหมื่นอายุ20
103-103075-87.wav	นายนัทชัยสามิตรหรือว่าลุงแขกอายุ64ปี
11-11520-12.wav	คือมันเมาอ่ะนะแต่อยู่ดีๆนายเล้งกับนายสำราญที่นั่งดื่มเหล้าอยู่ด้วยกันในบ้านอยู่แถวนี้
11-11520-19.wav	นายวรทิศดีผิวผู้ใหญ่บ้านในพื้นที่บอกว่าปกติก็ไม่เคยเห็นทั้งคู่ที่เขามีปัญหากันเนี่ย
11-11520-29.wav	นายวัฒนานะฮะผู้ต้องหาเนี่ยก็ถูกนำตัวไปชี้จุดที่เกิดเหตุ
11-11520-6.wav	คือนายวัฒนาผู้ต้องหาเนี่ยหน้าตาก็ยังบวมช้ำอยู่นะ
11-11521-41.wav	เอาปืนยิงนายอนุพงศ์กลาดพงษ์หรือนุ
11-11521-49.wav	นายอนุพงศ์ผู้เสียชีวิตอายุ37ปี
11-11521-55.wav	ตัวนายอนุพงศ์เคยดูแลอยู่
11-11521-5.wav	เขาว่าจ้างให้นายอนุพงศ์ดูแลสวน
15-15600-18.wav	นายสมศักดิ์โอธารำอายุ30ปีครับ
15-15600-30.wav	ให้ไปรับตัวนายกัญญาโสนาคาอายุ36ปี
15-15600-59.wav	แต่ปรากฏว่าพอเล่นไปสักพักนายกัญญาเล่นเสีย
15-15600-64.wav	สุดท้ายนายสมศักดิ์ถูกแทงแล้วนายกัญญาก็หนีไป
15-15608-26.wav	เอาไปด้วยนะจากข่าวเมื่อสักครู่มาต่อข่าวนี้ไปด้วยเลยไปเจอกับเจ้าของบ้านหลังนี้นะคะนายสมหวังนะคะ
103-103075-105.wav	ส่วนนายคงพบพัฒนาพีรเดชอายุ78ปีนะครับ
11-11524-8.wav	เป็นผู้ต้องหายิงนายกรกฎหมื่นปราบหรือว่าอาร์ตอายุ25ปี
11-11524-9.wav	แล้วก็นางสาวปรารถนาแก้วเกิดหรือว่าปลาอายุ24ปี
11-11529-36.wav	นายโรดริโกดูเตร์เตนายกเทศมนตรีเมืองดาเวา
11-11529-44.wav	และนายมาร์โรฮาสอดีตรัฐมนตรีว่าการกระทรวงมหาดไทยฟิลิปปินส์
103-103075-129.wav	ก็คือนายสินแสงเพ็งอายุ52ปีชาวจังหวัดศรีสะเกษนะครับ
103-103075-183.wav	นายสมชายบริพันธ์เกษตรจังหวัดพร้อมเจ้าหน้าที่หลายสิบคนต่างขมักเขม่น
103-103075-191.wav	นอกจากนี้นายสมชายบริพัฒน์เกษตรจังหวัดพังงายังบอกอีกว่า
103-103075-196.wav	นายสาธิตคำกองแก้วประมงอำเภอท่าบ่อ
11-11529-47.wav	ออกจากการเลือกตั้งประธานาธิบดีนายเฟอร์ดินานด์มาร์กอสจูเนียร์หรือบงบง
11-11530-20.wav	แล้วกำนันคนนี้คือนายไพศาลแสงนารายณ์อายุ58ปี
103-103081-15.wav	เรื่องนี้นายพาธิสุภพงศ์รองโฆษกสมาคมกีฬาฟุตบอลก็บอกนะครับว่า
103-103083-9.wav	มีร่างของผู้เสียชีวิตทราบชื่อคือนายวรพลบนเชียงรากวัย29ปีเป็นชาวสระบุรีนะคะ
11-11531-4.wav	ภูผาว่าไหมนะคะนางบอกว่าภูผาไม่ว่าเลยบอกไฟเขียวผ่านตลอด
103-103095-5.wav	นายประพันธ์นายโกวิทย์ซึ่งเป็นอดีตกรรมการร่าง
103-103097-2.wav	ผู้ตายคือนายสมพรอินทรสารสภาพศพถูกยิงด้วยปืนลูกซองเข้าศีรษะด้านหลัง
11-11535-19.wav	แต่ว่าคือนางปราณีวอนเมืองอายุ74ปีเป็นเจ้าของตุ่มบอกว่าตุ่มใบนี้นะเป็นตุ่มดินเผาโบราณอายุกว่า100ปี
11-11536-0.wav	ที่นี่จังหวัดอุทัยธานีชาวบ้านก็ไปที่วัดประดู่ยืนเหมือนกัน
103-103111-8.wav	ภรรยาของนายสมมิตรคานผู้ช่วยผู้ใหญ่บ้านหมู่สิบสอง
103-103111-37.wav	รพันธ์ขันทองคำรายงานสดจากจังหวัดสุราษฎร์ธานีค่ะ
103-103113-4.wav	นางสาวกัณฑไทยสุขใสและนางธนิตาจันอิ่ม
11-11551-18.wav	ขโมยเข้ามาอีกทีนึงคือก่อนที่จะมาก่อเหตุยิงนายปิยวัฒน์จนเสียชีวิตในวันที่สิบสองสิงหาคมเนี่ย
103-103118-45.wav	โดยมีนางยุภาทวีวัฒนกิจบวรประหลัดกระทรวงวัฒนธรรม
11-11551-4.wav	นายนราธิปคุ้มภัยหรือนายกอล์ฟอายุสามสิบปีนะคะส่วนคนน้องคือนายชัยณัฐคุ้มภัยหรือนายนัทค่ะ
11-11551-5.wav	สองพี่น้องเป็นผู้ต้องหาตามหมายจับศาลจังหวัดพัทยาคดีชิงทรัพย์แล้วก็ยิงผู้เสียหายจนเสียชีวิตนะคะ
103-103125-46.wav	ทีนี้ครับทีมข่าวของเราก็ไปสอบถามนายสมนึกธนเดชากุล
11-11556-1.wav	กรณีที่นายบุญมาชนกวัฒนากุลอายุ40ปี
11-11556-28.wav	นายบุญนาคหมอยาดีอายุ51ปีมีอาชีพช่วยเมียขายอาหารตามสั่ง
103-103126-20.wav	ส่วนผู้ที่ใช้ปืนยิงขึ้นฟ้าคือนายพานุพงโสดนอกอายุ26ปี
11-11556-30.wav	แต่ว่านายคนนี้นายบุญนาคหมอยาดีอายุ51ปี
11-11556-35.wav	ให้ไปทำร้ายร่างกายนายบุญมาแล้วบอกว่าตัวเองเนี่ยเป็นคนปล่อยเงินกู้
11-11556-38.wav	ที่มี4คนไปรุมทำร้ายร่างกายนายบุญมาจนบาดเจ็บสาหัสเนี่ย
11-11556-43.wav	แล้วไปรุมทำร้ายนายบุญมาชนกวัฒนากุลอายุ40ปีเสมียนคอนโด
11-11556-52.wav	แล้วต่อมานะครับคุณผู้ชมครับหลังจากที่ทางนายบุญนาคเขาไปพบพนักงานสอบสวน
11-11556-66.wav	ส่วนนายบุญนาคหมอยาดีที่มีข่าวว่าเป็นผู้บงการ
103-103141-15.wav	ส่วนคนก่อเหตุชื่อนายสรรแตงศรีนวลอายุ36ปีคือในสภาพนี้แบบมึนเมาอย่างหนัก
11-11560-4.wav	คณะครูแล้วก็เพื่อนของนางสาวพันธิราหรือว่าน้องแพรวนะครับ
11-11566-10.wav	ชื่อว่านายนพรัตน์อายุยี่สิบห้าปีเขาเล่าแบบนี้ตอนที่เขาขับรถกระบะมาตามเส้นทางเนี่ย
11-11566-6.wav	นี่คือสภาพบิ๊กไบค์นะครับไฟไหม้ทั้งคันข้างรถเนี่ยเจอร่างของนายพีรพลจันตรง
11-11568-109.wav	ถือว่านางวรังคณามีความบริสุทธิ์ใจที่เห็นความผิดปกติ
11-11568-86.wav	เมื่อคืนนี้ก็คือคุณวรังคณาเนี่ยได้เดินทางมาที่สน.แล้วนะ
11-11574-116.wav	นายจิรโรจน์วัฒนะอายุ29ปี
11-11574-117.wav	นายบุญฤทธิ์จิตรมาอายุ24ปี
11-11574-118.wav	นายสราลัญยอดทัดอายุ23ปี
11-11574-119.wav	นายภูริชนคำจีนอายุ30ปี
11-11574-30.wav	ไปกับพวกอีกสองคนคือนายบุญฤทธิ์จิตรมาหรือฉุยบางบอนอายุยี่สิบสี่
11-11574-31.wav	นายสราลัญยอดทัดหรือท็อปตลิ่งชันอายุ23
11-11574-64.wav	นางสาวแอนอายุ29ก็เล่าให้ฟังว่ามีเพื่อนหลังขี่รถจักรยานยนต์
11-11575-36.wav	ก็คือพยานฝ่ายของนายบรรยิน24กันยายนถึง14ตุลาคมนะครับ
11-11575-73.wav	จะให้นายโจช่วยเหลือพันตำรวจโทบรรยิน
11-11581-15.wav	คือไปเดินทางไปศาลอยู่ทำธุระอยู่ยังไม่เสร็จนะคะ
103-103177-28.wav	ทำให้มีผู้เสียชีวิต1คนคือนายโชติกรกลพิมาย
11-11586-32.wav	อันนี้ไม่รู้ไปอีกที่หนึ่งค่ะคุณผู้ชมค่ะไปดูวัดดอนขวางอำเภอลาดยาวจังหวัดนครสวรรค์กันหน่อยสิ
11-11590-113.wav	นายจรรย์กู้ยืมเงินไปหกแสนผ่านไปหลายปีไม่ยอมคืนเงินสักที
11-11590-116.wav	ก่อนเกิดเหตุก็บอกกับที่บ้านว่าไปทวงถามหนี้สินกับนายจรรย์นะ
11-11590-11.wav	เหตุการณ์นี้นะคะนายจรรย์เผือกแตงพันธ์อายุ47ปีค่ะ
11-11590-123.wav	ไม่คิดว่านายจรรย์ซึ่งเคยสนิทคุ้นเคยกันเป็น10ปี
11-11590-14.wav	กระหน่ำแทงนายอุทัยอุ้นสกุลอายุ54ปี
103-103185-196.wav	ตามแต่คราวนี้นางบ้า
11-11590-42.wav	พร้อมด้วยตำรวจภูธรนครชัยศรีก็ควบคุมตัวนายจรรย์เผือกแตงพันธ์อายุ47ปี
11-11590-44.wav	จากการสอบสวนนายจรรย์ผู้ต้องหาให้การแบบนี้ค่ะ
11-11590-45.wav	เมื่อวานนี้ช่วงหกโมงครึ่งตอนเย็นน่ะนะคะนายอุทัยผู้ตายขับรถไปหาที่บ้าน
11-11590-46.wav	บอกว่าจะไปเคลียร์เรื่องหนี้สินที่นายจรรย์เอาโฉนดที่ดินไปจำนองเอาไว้3แปลง
103-103186-3.wav	นายลนลงแก้วเพชรเป็นประธานเครือข่ายลนลงทวงคืนความยุติธรรมในสังคม
11-11590-49.wav	ก็เลยทะเลาะกันเพราะนายจรรย์บอกว่าใช้หนี้ไปแล้ว
11-11590-50.wav	เหลือค้างกันอยู่แค่ห้าหมื่นอืมแต่นายอุทัยก็พยายามอธิบายว่า
11-11590-55.wav	นายจรรย์กำลังหยิบเอาโฉนดที่ดินที่วางอยู่คอนโซลหน้ารถมาดูอะค่ะ
11-11590-56.wav	แต่ปรากฏว่านายอุทัยชักมีดไปแทงที่หัวเข่าด้านขวาเขาแทงแล้วแบบกดค้างเอาไว้
11-11590-58.wav	ก็เลยหยิบไขควงที่วางอยู่หน้ารถกระหน่ำแทงนายอุทัยแบบไม่ยั้งมือ
103-103187-10.wav	นางสาวอำภัยจิระวงวิสานอายุ37ปีอยู่ในเหตุการณ์
11-11590-66.wav	มอบตัวเลยที่สภ.นครชัยศรีอ่ะครับเนี่ยญาติของนายจรรย์ก็ไปเฝ้า
11-11590-67.wav	ไปรอประกันตัวนะคะนางนิตยาพรมสมวงษ์อายุสี่สิบสามปี
11-11590-68.wav	เป็นอดีตภรรยาของนายจรรย์ผู้ต้องหาก็บอกว่าจริงแล้วเลิกกับนายจรรย์ไปเป็น10ปีแล้ว
11-11590-69.wav	แต่ยังติดต่อคุยกันเหมือนเพื่อนก่อนหน้านี้นายจรรย์ก็เคยไปปรึกษานะ
11-11590-75.wav	อดีตภรรยาบอกว่าเท่าที่คบกับนายจรรย์มา
11-11590-77.wav	โมโหร้ายเรื่องที่เกิดขึ้นก็คิดว่านายจรรย์น่าจะโมโห
11-11591-11.wav	ผู้ตายคือนายสมเกียรติพึ่งทองวัย58ปีนะคะ
11-11591-15.wav	ไปพูดคุยกับนายลักษณ์ใจเสงี่ยมคนที่พบศพคนแรก
11-11594-48.wav	เบิ้มเฮียเบิ้มนายธงชัยแสนชัยเจ้าของแจ่มจันทร์ภาพยนตร์เนี่ย
11-11595-19.wav	นายอนุวัฒน์แสนแก้วอายุ40
11-11595-21.wav	นำส่งโรงพยาบาลชลบุรีนายอนุวัฒน์เล่าให้ฟังแบบนี้ค่ะ
11-11595-23.wav	ตัวนายอนุวัฒน์เนี่ยจอดรถไปช่วยค่ะแต่กลายเป็นว่าถูกรถไม่รู้รถยี่ห้ออะไรอ่ะ
11-11595-24.wav	พุ่งมาชนจนตัวนายอนุวัฒน์เองเนี่ยลอยกระเด็นตกลงไปในคลอง
11-11597-10.wav	มารายงานตัวของนายวัฒนาในครั้งนี้
11-11597-30.wav	นอกจากนี้ยังปรากฏชื่อนายจาตุรนต์ฉายแสงและนายกิตติรัตน์ณระนอง
11-11597-32.wav	ที่เดินทางไปส่งนายวัฒนาถึงหน้ามธบอีกด้วย
11-11603-175.wav	นางสาวโสรยาฤทธิอารามนะคะก็บอกว่าแอมตอนนี้ยังคงอยู่ในห้องกักโรค
11-11603-50.wav	ปูรวมไปถึงคุณฟ้าตามมาด้วยนายสุรัตน์หรือว่าคุณบีแล้ว
11-11603-92.wav	ของนางสาวรุ้งภรรยาก็เลยบอกว่าไม่แน่ใจว่าสามีอาจจะ
11-11605-22.wav	ว่าการกระทรวงยุติธรรมได้แนะนำให้นายชวลิตแล้วก็นางศุภมาส
11-11605-7.wav	ชวลิตและนางศุภมาสนรพันธ์พิพัฒน์
11-11607-10.wav	ต่ำกว่าสี่วันครับนางสาวพโลไทยบุญเรืองจิตอาสาที่คอยดูแลท่านอยู่นะฮะ
11-11607-20.wav	นายอนุชิตน้องชายของผู้เสียชีวิตเล่าบอกว่าพี่สาวอยู่คนเดียว
11-11611-4.wav	ให้แต่ละจังหวัดอิจฉากันวันนี้ชัดเจนแล้วนะคะ
11-11613-5.wav	วันนี้ครับตำรวจที่จังหวัดสงขลานะครับคุมตัวอาสาสมัครวีรชัยมุกดอกไม้อายุ44ปีครับ
11-11614-11.wav	แล้วก็นำตัวคนขับคือนายทวีทรัพย์ออกมาก่อน
11-11614-16.wav	คนขับคือนายศุภฤกษ์ถาอ้อนอายุ38ปี
11-11614-8.wav	ชื่อว่านายทวีทรัพย์ชนะวาทีอายุ30ปีติดอยู่ในรถนะ
11-11627-23.wav	ส่วนคนก่อเหตุชื่อนายนัทธวัฒน์ดอนมอนอายุ54ปี
11-11627-30.wav	คาดว่านายนัทธวัฒน์ต้องมาซุ่มดูความเคลื่อนไหวอยู่แล้วก็ทำทีเป็นขับรถกอล์ฟเข้ามาในสนาม
11-11627-58.wav	เพราะว่าเป็นนายกันแต่ว่าคือเขาไปทำอะไรที่รถ
11-11632-15.wav	นางสาววรรณอ้วนพลีครับอายุ43ปีอยู่บ้านใกล้เนี่ย
11-11632-24.wav	ไปถามนายสุชัยจันดำอายุ43ปีประธานชุมชนเสื้อส้มนะครับ
11-11638-24.wav	โดยนายกุลพัฒน์พัฒนฉัตรโชติเจ้าของ
11-11642-64.wav	ไปกันได้ที่จังหวัดแพร่นะคะ
11-11646-2.wav	คือคุณตาสวิงเนี่ยแกเป็นพ่อของนายนรงค์ปักกาโรอายุ54ปีเจ้าหน้าที่สหกรณ์การเกษตรอำเภอชุมพวงจังหวัดนครราชสีมามาร้องขอความเป็นธรรมเรื่องการเสียชีวิตของลูกชาย
11-11646-3.wav	นี่นะฮะถ้าท่านผู้ชมจำได้เนี่ยต้องย้อนไปนู่นนะฮะสองกุมภาพันธ์เนี่ยตอนนั้นพบว่านายนรงค์เนี่ยไปเสียชีวิตอยู่ในรถโตโยต้าฟอร์จูเนอร์ของตัวเองอืม
11-11646-6.wav	ภรรยาของนายนรงค์ที่เสียชีวิตเชื่อว่าสามีต้องถูกล่อลวงไปฆ่าชิงทรัพย์ทรัพย์สินที่หายไปพวกสร้อยคอทองคำหนักห้าบาทหนึ่ง
11-11647-40.wav	นางก็ช้อปปิ้งจริงไปฟังรายละเอียดดีกว่านะคะจากพี่บุ๋มปนัดดาค่ะ
11-11650-5.wav	ชมทะเลหมอกที่เมืองเลยที่จังหวัดเลยนะคะ
11-11664-20.wav	ทีมข่าวไปเจอกับนางสาวอุษานางสาวจิราวัลย์ผู้เสียหายค่ะ
11-11665-29.wav	รวมทั้งนางสาวปวีณานามสงคราม
11-11666-17.wav	แม่ก็คือนางสาวกฤษณารอดชีวิตนะครับเด็กคนนั้นเนี่ยจริงนางสาวกฤษณา
11-11666-23.wav	ทีนี้ทางครอบครัวของนางสาวกฤษณาก็มั่นใจว่ามีอะไรผิดปกติหรือเปล่า
11-11666-31.wav	ได้พูดคุยชี้แจงข้อเท็จจริงกับนางสาวกฤษณาและสามี
11-11666-69.wav	เพื่อจะขอรับศพลูกของนางสาวกฤษณา
11-11666-85.wav	ได้รับคำตอบมาจากครอบครัวของนางสาวกฤษณา
11-11666-8.wav	จากกรณีที่นางสาวกฤษณาขวัญศรี
11-11679-13.wav	ศพของนายพินิษฐ์สร้อยสบายอายุ45เสียชีวิต
11-11679-33.wav	ที่บ้านก็ใช้เป็นที่ตั้งศพบำเพ็ญกุศลของนายพินิษฐ์ด้วยนะครับผู้ตายนะครับ
11-11679-35.wav	อายุ70แล้วครับบอกว่านายพินิษฐ์เนี่ยเป็นลูกคนโตนะครับมีลูกอยู่4คน
11-11679-36.wav	นายพินิษฐ์ทำงานอยู่ที่การไฟฟ้าอุดรธานียังไม่มีครอบครัว
11-11679-73.wav	คุณผู้ชมเชื่อไหมฮะเรื่องอย่างนี้เรื่องของการไม่เห็นเงาหัวเห็นคนไม่มีหัวอย่างนี้นะอย่างที่คุณแม่เขาเล่าให้ฟังเนี่ยลองส่งข้อความมาคุยหน่อยเพราะว่าไม่ใช่แค่คุณแม่ของนายพินิษฐ์คนเดียวนะหลานชายนะหลานชายของนายพินิษฐ์เนี่ยชื่อนายนรึชาก็เล่าให้กับติฟังนะบอกว่านายพินิ
11-11690-2.wav	เหตุการณ์หนึ่งคือที่อ่าวนางกระบี่กรณีที่กัดเด็กชาวฟินแลนด์5ขวบ
11-11691-29.wav	จากนั้นคุณอาไกรสรบอกว่าเดี๋ยวรีบไปทำบุญต่อที่วัดทัพกระดานจังหวัดสุพรรณบุรีด้วย
11-11691-30.wav	จะไม่ทันนะคะจากที่วัดภาษีเอกมัยเดินทางไปที่วัดทัพกระดานจังหวัดสุพรรณบุรีต่อทันที
11-11693-15.wav	นางสมคิดอายุ57แม่ของพี่กฤษณีคนเมื่อกี้บอกว่า
11-11693-7.wav	นางสาวกฤษณีบุญเพชรอายุ33อยู่บ้านเลขที่161หมู่5
11-11693-9.wav	นางสาวกฤษณีเล่าบอกว่าเกือบเที่ยงคืนได้ยินไหมล่ะได้ยินเหมือนฉันไหม
11-11698-41.wav	ส่วนทางด้านในอำเภอกันทรารมย์นะคะนายอิทธิพลสุยะลาก็บอกว่าเสียใจนะ
11-11698-42.wav	กับเหตุการณ์ที่เกิดขึ้นการเสียชีวิตของนายบุญชอบ
11-11698-4.wav	แล้วดูสภาพประหลาดอันนี้คือศพของนายบุญชอบพวงจำปาอายุ53ปีค่ะ
11-11702-12.wav	นางจันทิมาเจริญสุขแล้วก็นายนพพลเสาเกิดนะฮะเป็นสองสามี
11-11702-34.wav	ก็ต้องกินต้องใช้จ่ายกันอยู่ค่ารถในการพาลูกเดินทางไป
11-11711-107.wav	นั่งเรือมันสนุกเหรอนั่งแบบ
11-11711-121.wav	วันนี้ช่วงสิบเอ็ดโมงครึ่งที่กาฬสินธุ์ค่ะทางนายศิวัชระวังกุลนายอำเภอฆ้องชัย
11-11711-122.wav	สั่งการให้นายรมรักษ์ภูหวนปลัดอาวุโสว่าที่ร้อยโทก่อเกียรติทิงแสนปลัดอำเภอ
11-11711-274.wav	ผู้ว่าราชการจังหวัดบุรีรัมย์นายธัชกรหัตถาธยากูร
11-11711-298.wav	เพราะอย่างนั้นเดินทางไปที่อื่นที่อื่นก็เสี่ยงไปด้วยนะคะ
15-15613-68.wav	แล้วก็บอกว่าคดีนี้คืบหน้าไปมากกว่าร้อยละแปดสิบแล้วโดยเฉพาะคดีการเสียชีวิตของนางสาวก้อย
11-11713-79.wav	ทางด้านของนายสมคิดจาตุศรีพิทักษ์รองนายกรัฐมนตรีด้วยนะคะ
11-11713-92.wav	ออกมาเปิดเผยค่ะว่าหลังจากที่นายเฉลิมชัยศรีอ่อนเลยค่ะ
11-11716-14.wav	ถูกยิงที่ท้องด้านซ้ายแล้วก็ต้นขาขวานายนิคมเอี่ยมศรีนะครับ
15-15615-28.wav	ทีมข่าวติดต่อไปยังนายพักขพงศ์ขันทองวีรกุลเจ้าของคลิปนะคะ
11-11722-41.wav	นายภูเมฆอายุสามสิบสองปีก่อนหน้านี้เพิ่งมีกรณีพี่สะใภ้เนี่ย
11-11722-42.wav	ไปแจ้งความนะเพราะว่านายภูเมฆเนี่ยเคยก่อเหตุคลุ้มคลั่ง
11-11722-47.wav	อืมเราได้เจอกับนายภูเมฆนะฮะเพราะว่าสุดท้ายเนี้ย
11-11722-48.wav	ถูกเจ้าหน้าที่เนี่ยคุมตัวไปที่โรงพักนะครับท่านผู้ชมครับนายภูเมฆเขายอมรับว่านี่ฮะ
11-11725-252.wav	สำหรับวัคซีนที่ได้รับไปนะครับของนายวินัยนะฮะ
11-11725-253.wav	เช้า24พฤษภาคมนายวินัยพอรับวัคซีนไปก็มีอาการไข้
11-11725-266.wav	พังงามีผู้ชายวัย52ปีอีกคนนึงนะครับเขาอยู่ที่อำเภอตะกั่วทุ่งจังหวัดพังงานะฮะแล้วมีอาชีพเป็นรปภ.นะครับ
11-11725-55.wav	ฟังทางนายอำเภอเขาย้อยหน่อยนะครับนางวิพรแววศรีผ่องนะครับ
11-11726-4.wav	ตำบลบางสมัครอำเภอบางปะกงจังหวัดฉะเชิงเทราที่เกิดเหตุพบรถบรรทุกหกล้อสีฟ้าที่มีนายสุภาพ
15-15627-251.wav	ถามว่าชุดนี้ทั้งหมดแล้วถ้าสมมุติจะต้องทำให้อีกนางคิดเท่าไหร่
15-15627-254.wav	บอกให้ล้านหนึ่งก็ไม่ทำเพราะว่านางเกณฑ์กระเทยทั่วประเทศมาปักกันแบบ
15-15627-250.wav	ถามนางคือนางมาทำเสื้อผ้าคอนเสิร์ตที่บริษัทเอทามบ่อย
15-15627-302.wav	ฝันว่ามีผู้หญิงหญิงสาวนะพี่อายุรุ่นราวคราวเดียวกันบอกว่าชื่อนางสาวประยูนวรวรามแต่งกายชุดขาวมาบอกว่าเสียชีวิตไปนานแล้วแล้วก็มีอัฐิอยู่บริเวณกำแพงวัดแห่งนี้โดยไม่ได้บอกอย่างอื่นเลยไม่ได้บอกข้อมูลอย่างอื่น
15-15627-308.wav	แล้วก็มาเข้าฝันอยู่พบว่าชื่อนางสาวประยูนนี่แหละตรงกับที่เขามาบอกในฝันเลย
15-15627-336.wav	จุ๋ยวรัฐยาเพราะมีคนไปเมาส์นางว่า
15-15627-337.wav	สรุปแล้วคนคนนั้นน่ะคือนางท้องแล้ว
15-15627-62.wav	ที่อำเภอเมืองจังหวัดพิษณุโลก
15-15633-2.wav	ทางด้านของนายสุรวุฒิสุนทมุสิกนะครับเป็นหัวหน้าเขตพันธ์รักษาพันธุ์สัตว์ป่านะครับ
11-11727-34.wav	ทีนี้เราไปคุยกับนายกอบต.แหลมตะลุมพุกกันนะคะ
11-11730-101.wav	อัธพลหรือนายต้อมด้วยเพราะไม่อยากให้นายต้อมเครียด
11-11730-103.wav	แล้วก็น้องอาก้อนจนเจอได้นะครับเมื่อคืนเขาบอกโอ้โหวุ่นกันทั้งสองจังหวัดเลย
11-11730-19.wav	ใช่ค่ะฝ่ายหญิงคือนางสาววาสนาอายุ34ปี
11-11730-23.wav	หลังจากที่นายอัธพลหรือว่าต้อมอายุ35ปีสามีของเธอ
11-11730-59.wav	เจอตัวนายอัธพลหรือว่าต้อมแล้วฮะ
11-11730-64.wav	ทันทีที่นางสาววาสนาซึ่งเป็นเมียและเป็นแม่น้องอาก้อนเนี่ยนะครับ
11-11730-74.wav	ทีนี้เจ้าหน้าที่พูดคุยกับนายอัธพลหรือนายต้อมนะฮะ
11-11732-11.wav	ไปล่วงละเมิดทางเพศลูกตัวเองนะครับจากกรณีที่นางเอนะฮะอายุ37ปีเป็นอาจารย์มหาวิทยาลัยแห่งหนึ่งในจังหวัดนครราชสีมาครับ
11-11732-449.wav	นายธีระแสงสุรเดช
11-11733-41.wav	สร้างความปลาบปลื้มใจแก่นายประจวบลางคุลานนท์เป็นอย่างมาก
11-11735-10.wav	พบศพนายกมลวิทย์สุวรรณทัศน์อายุ24ปีนอนเสียชีวิตอยู่ข้างรถจักรยานยนต์ฮอนด้า
11-11735-13.wav	ไปสอบถามแม่ของผู้เสียชีวิตคือนางเข็มมณิสุวรรณทัศน์อายุ54ปี
11-11740-24.wav	นายชัยวุฒิธนาคมานุสรณ์
11-11740-27.wav	ร่วมกับนายเจียวันเด็ก
11-11742-21.wav	พบศพของนายสุประชีพสุขสด
11-11742-36.wav	โดยแม่ของผู้ตายคือนางสุกัญญาสุขสด
11-11744-21.wav	เป็นเรื่องของการทำนายทายทักอะไรแบบนี้ไหม
11-11746-29.wav	โดยนางจันทิพย์ส่องแสงอายุ32ปีเป็นชาวบ้าน
11-11751-13.wav	นี่ค่ะนี่คือนายไพศาลนามนาเมืองวัย37ปีนะคะ
11-11751-18.wav	ขอขมาศพพี่ชายนายบุญมีนามนาเมืองวัย54ปี
11-11751-57.wav	เบื้องต้นตำรวจสอบประวัติไปนายไพศาลคนนี้เนี่ย
11-11752-0.wav	คุณผู้ชมคะทีมข่าวของเรายังตามเรื่องราวของนายกุศลศรีอริยะนะคะ
11-11752-101.wav	ที่เดินทางไปร่วมกิจกรรมกับนายกุศลศรีอริยะ
11-11752-107.wav	เป็นลูกศิษย์เอกของนายกุศลศรีอริยะมักจะนั่งข้างกัน
15-15646-15.wav	นายชัยวุฒิธนาคมาสุนทร
15-15659-32.wav	และสมาชิกในกลุ่มจะมีนายรามันอันเรียสชาวเยอรมันเนี่ย
15-15666-23.wav	ยังมีอีก1ล้าน8แสนโดสที่กำลังจะเดินทางมาถึงประเทศไทยด้วย
15-15670-26.wav	พอนายพยับเห็นหน้าภรรยาเท่านั้นแหละเลย
15-15676-28.wav	ดังนั้นก็เลยมีคำถามไปถามท่านนายกรัฐมนตรี
15-15676-52.wav	รถบรรทุกรถโดยสารสาธารณะขนาดใหญ่ที่วิ่งระหว่างจังหวัด
15-15678-13.wav	ไปแจ้งความนางสาวรุ่งการดาเบนจมาพรหรือว่าฉายาในวงการละคร
11-11752-98.wav	ล่าสุดค่ะได้มีการตักเตือนพระชาวโรธอานุภาวะเตจังหวัดขอนแก่น
11-11754-94.wav	คือคุณอังคณาประเมินว่าในพื้นที่3จังหวัดชายแดนมันจะสื่อสารกันยังไง
15-15688-36.wav	นางวาสุพินสงสแก่วัย54ปีบอกว่าชาวบ้านเขามาดูแล้วก็ถ่ายรูปต้นตะเคียนไป
15-15688-44.wav	อายุกว่าเจ็ดสิบปีแล้วนะฮะไม่ใช่สินายเสวกสารบัวเป็นชาวอุทัย
15-15690-233.wav	สะยายโสมเนี่ยรู้จักนายผลเป็นอย่างดีเพราะว่าเวลามีการเล่นไพ่ตรงไหนนี่นะครับ
15-15692-20.wav	แขนของนายสุวัสดิเจริญศรีวัย27ปี
103-103217-411.wav	อีกคนนึงชื่อนายสัตยานะฮะ
103-103217-423.wav	ท่านผู้ชมครับเราไปคุยกับนายสัตยานะฮะ
15-15694-29.wav	คือนายอามีนนายทีพบรับไซทองนะคะอายุ21เอง
103-103217-441.wav	นายสัตยาบอกว่าระหว่างทางลุงพลลุงคล้ายและนายสัตยา
103-103217-450.wav	นายสัตยาบอกว่าไม่กังวลเลยนะครับ
15-15697-14.wav	สอบสวนนายถาวีศรีสมรอายุ42ปี
11-11762-10.wav	นางสาวชลธิชาแจ้งเร็วที่อยู่บริเวณด้านหน้าเวทีตรงนั้น
11-11762-4.wav	เพื่อพบกับนายเกรออกนะครับ
11-11762-6.wav	มายพระสรวดีมีนายไผ่จตุภัทร์และนายวรินทรแคทริกที่เข้าไปภายในสถานทูตนะครับ
11-11764-46.wav	และงานในงานใหญ่ระดับนายกอบจ.ปราจีนบุรี
11-11766-34.wav	ในคลิปชื่อว่านางหลอดดอกพิกุลอายุ79ปีมีอาการหูตึงด้วย
11-11766-50.wav	ชื่อว่านางสัญชวีประกอบผลค่ะเจ๊คิมค่ะ
103-103221-20.wav	ซึ่งมีนายสุกริตแพรพิรมรัฐเป็นเจ้าของรถเอกชน
103-103232-39.wav	ด้านของนายสังสิทธิพิริยรังสรรคณะบดีวิทยาลัยนวัตกรรมสังคมมหาวิทยาลัยรังสิต
103-103232-54.wav	นายสุรศักดิ์คีรีวิเชียนกรรมการปปช
103-103232-65.wav	เมื่อวานนี้บรองนายกรัมตรีรองวิษณุเครืองาม
103-103236-15.wav	ตำรวจคาดว่าผู้เสียชีวิตน่าจะคือนายชะนันชัยกษีรักษ์วัย27ปี
11-11773-0.wav	มาดูคดีใหญ่สำหรับความคืบหน้าเกี่ยวกับคดีสืบเนื่องจากที่นายเปรมชัยเดินทางเข้าไปในพื้นที่ป่าสงวนแล้วก็มีการไปล่าสัตว์ป่า
103-103253-0.wav	ผมคุปตนันพิสิทธิ์มหันวันนี้เป็นวันหยุดวันแรกนะครับหลังจากนี้คงจะได้มีการเดินทางท่องเที่ยว
11-11773-13.wav	ก็คือนายนพดลพฤกษะวันอดีตข้าราชการกรมอุทยานไปเข้าพบนะ
11-11773-161.wav	นายชัยวัฒน์ลิ้มลิขิตอักษร
103-103262-22.wav	ชื่อว่านายธนุศักดิ์คำพรมหรือเน่งอายุ26นะคะ
15-15699-28.wav	แต่นางสาววันที่พาธนงภรรยา
103-103269-19.wav	จากนายอัครกิจวรโรเจริญเดชหรือเบนท์เรซิ่ง
103-103269-21.wav	นายไซสนะแก้วพิมพาผู้ต้องหาคดียาเสพติดรายใหญ่
103-103269-28.wav	ซึ่งเป็นทรัพย์สินที่เกี่ยวเนื่องกับนายนัทพลนาคคำ
103-103270-10.wav	เป็นของนายสง่าอุทุมภาอายุเจ็ดสิบปีครับอีกสองหลังเป็นบ้านของนางทัศนีทองวิเศษกับบ้านของนายประภาษณชัยสิงความเสียหายก็ประมาณสักล้านกว่าบาท
103-103271-60.wav	ซึ่งนายชูศักดิรินินแก่นำพรรคเพื่อไทยบอกว่า
103-103271-74.wav	ซึ่งนายจุรินทร์ ลักษณวิศิษฏ์นะฮะหัวหน้าพักเอง
103-103277-28.wav	ด้านนายธนยศปานขาวในอำเภอแม่สอดก็บอกว่าไม่ได้นิ่งนอนใจกับเรื่องนี้ค่ะ
11-11773-169.wav	โดยมีการใช้อย่างนี้ฮะตำรวจปทส.เดินทางด้วยเฮลิคอปเตอร์ไปยังหน่วยมหาราช
15-15708-20.wav	2พฤษภาคมได้พบรถของนางสาวนัดพิมลผู้สูญหายเนี่ยค่ะ
15-15708-24.wav	เชื่อว่านางสาวนัทพิมลยังมีชีวิตอยู่ค่ะ
15-15708-29.wav	มาเกี่ยวข้องกับการหายตัวไปของนางสาวนัทพิมนต์ในครั้งนี้นะครับ
15-15708-42.wav	เพจบิ๊กเกรียนเขาโพสต์เรื่องนี้เอาไว้นะคะบอกว่าตำรวจได้คุยกับแม่ของพยาบาลสาวที่หายตัวไปก็คือนางสาวนัดพิมลน่ะนะคะ
15-15708-5.wav	พยาบาลสาวคนนี้ชื่อว่านางสาวนัดพิมลสมศักดิ์หรือแป๋วอายุ35ปีค่ะ
11-11774-24.wav	ใช่ตำบลราชาเทวะอำเภอบางพลีจังหวัดสมุทรปราการ
11-11776-30.wav	ก่อนเกิดเหตุนายวินัยก่อขุนอายุ36ปีหนุ่มโรงงาน
11-11776-41.wav	ภายในรถพบนายนันทศักดิ์บุญปลอดเลข
11-11776-44.wav	ก่อนเกิดเหตุนายนันทศักดิ์บรรทุกทุเรียน
11-11780-29.wav	อีกทั้งยังมีภาพระหว่างนางเล่นคือเราไม่คิดว่านางจะท้องได้เพราะนางเล่นฟิตเนสเป็นบ้า
15-15719-100.wav	ภรรยาแรกรวมถึงนางสาวนินทิพย์หรือว่าแตงภรรยาปัจจุบันเนี่ย
15-15719-23.wav	มีผู้เสียชีวิตนี้4ศพฮะโอ้โหศพแรกคือนางนินทรัพย์ปานคเชนคุณแตงอายุ49ปี
15-15719-24.wav	คนนี้เป็นเมียของนายธรรมรงค์เจ้าของบ้านเสียชีวิตอยู่ข้างโอ่งน้ำ
15-15719-28.wav	ส่วนศพที่3คือนายพรศักดิ์ชูเพชรคนนี้ชื่อผู้ใหญ่เกราะ
15-15719-33.wav	นายธรรมรัฐวิเชียนหรือว่าวัดอายุ48ปีเป็นพี่ชายของดาบตำรวจอัตภพรนะครับ
15-15719-55.wav	ที่เบาะหลังก็คือนายธรรมรัฐวิเชียนนะครับ
15-15719-73.wav	หนึ่งในคนตายคือนางสาวนินทิพย์หรือว่าแตงซึ่งเป็นภรรยา
15-15719-76.wav	น้องสาวของนางสาวนินทิพย์ผู้ตายเนี่ยนะคะชื่อว่านางสาวชะนัน
15-15720-19.wav	โทรมาชวนนางนั่งแบบว่าชิวอยู่อ้าวอุ๊ยตายแล้วเล่นก็ได้ 
11-11780-30.wav	นึกออกป่ะแล้วหน้าท้องนางยังแบนเรียบอยู่เลยเพราะชุดออกกำลังกายของนาง
11-11780-33.wav	ไม่มีใครคิดถึงเธอนางให้สัมภาษณ์กับนิตยสารแฮมเบอร์เกอร์ครับฉบับที่63
11-11780-4.wav	ครั้งแรกที่นางสัมภาษณ์ในหนังสือ
11-11780-57.wav	แต่นางก็ไม่ปฏิเสธ
11-11782-49.wav	นายวิไลคนถูกทำร้าย
11-11782-52.wav	โดยมีพี่ชายนายอนันต์
11-11782-63.wav	นายวิไลไม่ได้ห้ามนะครับ
11-11783-33.wav	ฉันชื่อเฉลียวนามสกุลจัดสวัสดิ์อายุ52ปีอยู่ที่จังหวัดอำนาจเจริญ
11-11792-20.wav	เข้าพบนางปวีณาหงสกุล
11-11794-16.wav	เจ้าหน้าที่ตรวจสอบพบร่างนายพัฒนศักดิ์บัญญัติกิติคุณนะคะ
11-11798-22.wav	คือเหตุการณ์นี้คนที่แจ้งไปก็คือนางวันนารุ่งเรืองอายุ13ปี
103-103285-61.wav	นายนรงวุ่นซิลนำญาติของคนร้ายอะค่ะ
103-103285-576.wav	เพื่อไปสู่ขอนางสาวธนภาเขียวอ่อน
103-103289-11.wav	ชื่อจริงคือนางสาวิรันพัฒน์นะเป็นชาวบ้านดอนหวาย
11-11799-508.wav	เข้าใจผิดของฝ่ายนางสาวพัชรี
11-11799-509.wav	ก็คือช่างแต่งหน้าสาวแล้วก็นายไพรินทร์
11-11799-612.wav	พี่เช้าครับนราธิวาสครับ80บาทฮะเดี๋ยวเดินทางเลยครับ
15-15749-26.wav	ก็เจอกับนายนัทธเนศศรีน้ำคำผู้อำนวยการโรงเรียนนะคะ
11-11799-731.wav	ตอนที่แบบว่าเจ๊อ๋อที่ถูก90ล้านนางบอกว่านางดูข่าว
11-11799-739.wav	นางก็เลยไปซื้อไม่ใช่เลขทะเบียนด้วยนะ
15-15749-29.wav	ด้านนายเดชาการรมขออภัยการรำนะคะ
11-11799-772.wav	คือเขาเองก็เมาคือนางสาวกรรณิการ์
11-11799-789.wav	แถวข้าวสารเนี่ยแหละแล้วก็จะกลับไปบ้านของนางวินอยู่ที่คลองแปด
11-11799-806.wav	พี่บอกว่าพี่ยอมรับพี่ขอโทษขณะเดียวกันนายสุวิทย์อุดม
11-11801-22.wav	ขณะที่นายราชาไฮเดอร์หรือว่าแจ็คต่อสาย
11-11801-28.wav	มีการเอ่ยถึงนายตำรวจชั้นผู้ใหญ่พูดถึงกรณีที่คุณโอเด็ต
11-11803-100.wav	จากนั้นนะครับนายเจสันก็ขายทรัพย์สินที่อเมริกา
11-11803-115.wav	ตลอดการสอบสวนนายเจสันผู้ต้องหาร้องไห้เสียใจอยู่ตลอดเวลาเช่นเดียวกันนะครับ
11-11803-123.wav	ถามนายเจสันบอกว่าทราบหรือไม่ว่านางสาวพิชชาพรหรือว่าภรรยาซึ่งเป็นผู้ตายท้อง4เดือน
11-11803-126.wav	ทีนี้ทางญาติของนางสาวส้มโอนะครับหลังจากทราบข่าวว่าสามารถจับกุมตัวนายเจสัน
11-11803-129.wav	บอกว่าไม่อยากจะเชื่อว่านายเจสันจะลงมือฆ่าภรรยาของตัวเองและฆ่าหลานสาวของพวกเขาได้อย่างโหดเหี้ยมขนาดนี้
11-11803-143.wav	มีการประกาศเป็นการแจ้งข่าวดำเนินคดีกับนายเจสันแล้วก็พวก
11-11803-147.wav	คนขับเนี่ยคือนายเจสันคนนี้นี่แหละค่ะ
11-11803-162.wav	นายเจสันก็เคยมีคดีทำร้ายร่างกายและพยายามฆ่า
11-11803-173.wav	ตำรวจสภ.เมืองน่านได้นำตัวนายเจสันผู้ก่อเหตุ
11-11803-177.wav	ตลอดการควบคุมตัวนายเจสันมาที่ห้องขังที่จังหวัดน่านนะครับ
11-11803-178.wav	ทันทีที่ลงจากรถตู้นายเจสันก็มีสีหน้าเคร่งเครียด
11-11803-179.wav	เมื่อมาถึงห้องควบคุมนะครับนายเจสันก็เข้าห้องไปอย่างไม่รีบร้อนอะไร
11-11803-17.wav	นั่นก็คือนายเจสันคนนี้สัญชาติอเมริกันนะครับ
11-11803-182.wav	ให้ข้อมูลบอกว่าเมื่อคืนนี้นายเจสันนั้นนอนหลับสนิทตามปกติ
11-11803-184.wav	แล้วก็นายเจสันก็ถอดหน้ากากอนามัยแล้วก็เอามือมาปิดตา
11-11803-186.wav	โดยช่วงเช้าเมื่อนายเจสันตื่นขึ้นมานะครับก็ได้ร้องขอยาแก้เครียด
11-11803-190.wav	ซึ่งนายเจสันก็กินจนหมดกล่องแล้วก็เจ้าหน้าที่ก็เตรียมยาแก้เครียดอะไรมาให้
11-11803-192.wav	เพราะว่าเห็นท่าทีของนายเจสันแล้วเขาเครียดจริง
11-11803-197.wav	เดินทางมาสอบปากคำนายเจสันอีกครั้ง
11-11803-19.wav	แล้วก็นายเจสันก็มาอยู่บ้านของลูกสาว
11-11803-215.wav	อย่างที่บอกไปนะฮะว่าตำรวจเบื้องต้นแจ้งข้อหากับนายเจสัน2ข้อหานะครับ
11-11803-26.wav	แต่ปรากฏว่านายเจสันขี่รถจักรยานยนต์
11-11803-30.wav	ใช่ฮะทีนี้ครับทางตำรวจเองนะฮะก็ต้องตามตัวนายเจสัน
11-11803-37.wav	นายเจสันแมททิวบาลเซอร์อายุ32ปีสัญชาติอเมริกัน
11-11803-38.wav	หลังจากก่อเหตุฆ่านางสาวพิชชาพรคิดชอบหรือว่าส้มโอ
11-11803-40.wav	ซึ่งนายเจสันหนีจากจังหวัดน่าน
11-11803-88.wav	รายงานมานะครับว่าสามารถจับกุมตัวนายเจสันได้แล้ว
11-11803-90.wav	และนายเจสันรับสารภาพว่าเอาศพมาทิ้งไว้ตรงนี้
11-11803-92.wav	สำหรับนายเจสันนะประวัตินะฮะ
11-11803-97.wav	แล้วก็ได้เดินทางมาเที่ยวที่จังหวัดภูเก็ตเมื่อปี2559
11-11803-99.wav	นั่นก็คือนางสาวพิชชาพรคิดชอบหรือว่าส้มโอเนี่ยนะครับ
11-11804-23.wav	ออกจากศูนย์บำบัดวัดท่าพุราษฎร์บำรุงที่จังหวัดกาญจนบุรี
11-11806-19.wav	แล้วก็นายรุ่งโรจน์บัวติ๊บอายุยี่สิบเก้าเป็นนายท้ายเรืออ่า
11-11806-21.wav	อ่าอย่างนายรุ่งโรจน์นะครับที่เป็นนายท้ายเรือบอกว่า
11-11806-55.wav	ส่วนท่านนายอำเภอภูซางนะครับนายวิรุฬห์สิทธิวงศ์
11-11812-31.wav	ใช่ค่ะส่วนที่จังหวัดขอนแก่นนะคะนายธีระศักดิ์ฑีฆายุพันธุ์นะคะ
11-11814-10.wav	นายกเทศมนตรีตำบลเกล็ดแก้วนายยศวัฒน์ภูวรัตน์เลิศคุณ
11-11816-26.wav	คนที่ก่อเหตุนะฮะที่สภ.ปทุมรัตต์คุมตัวได้ชื่อนายวิสรรค์นะครับ
11-11816-41.wav	โดยพบว่านายวิสรรค์ผู้ต้องหาเนี่ยมีปัญหากับคุณตาทองใบผู้ตายมาหลายครั้ง
11-11816-45.wav	ตกอยู่ที่เถียงนานายวิสรรค์สารภาพว่าก่อเหตุจริง
11-11816-68.wav	แล้วส่วนตัวก็ไม่เชื่อว่านายวิสรรค์จะป่วยทางจิตนะเพราะที่ผ่านมาก็เห็นทำการทำงานได้ตามปกติ
11-11816-73.wav	ภรรยาของนายพุทธาอันเสนาซึ่งเป็นน้องเขยของคุณตาทองใบนะครับ
11-11816-84.wav	เป็นนายวิสรรค์ที่อยู่นาติดกันนะครับ
11-11816-85.wav	พ่อของนายวิสรรค์บอกว่าตอนนี้ก็ยังไม่เชื่อร้อยเปอร์เซ็นต์นะ
11-11816-91.wav	ตัวของคุณตาทองใบกับนายวิสรรค์ลูกชายปกติก็ไม่เคยมีปัญหาอะไรกันมาก่อนนะ
11-11816-93.wav	นายประเทืองเนี่ยบอกว่าลูกชายมีอาการทางจิตประสาทนะครับ
11-11817-21.wav	เป็นบ้านของนางเพ็ญศรีสมคิดสันนะครับ
11-11820-15.wav	เป็นวัดภูตะเภาทองครับอำเภอหนองวัวซอจังหวัดอุดรธานี
11-11824-11.wav	วันนี้นะคะนายธนกรวังบุญคงชนะค่ะ
11-11824-123.wav	ในจังหวัดร้อยเอ็ดครับคุณสุภาษา
15-15753-6.wav	เพราะอย่างนายศิราพูดมาว่าเป็นทนายแล้วก็ชื่อเอ็มใช่ไหม
11-11830-12.wav	หนึ่งในนั้นก็คือลูกชายของคุณยายด้วยก็มีศักดิ์เป็นน้าของเมียของนายรัชชานนท์เนี่ยนะคะ
11-11830-20.wav	ว่าเป็นคนเอามีดเนี่ยไปเชือดคอไปตัดคอข้าวปุ้นน้าชายของนายรัชชานนท์แช่เต็ง
11-11830-23.wav	ฝั่งขวามือเป็นน้าชายก็คือนายคมคายรอดบุญมา
15-15756-24.wav	ก็โพสต์แรกเป็นอัดคลิปนายเหนือเมฆเนี่ยอัดคลิปนะ
11-11830-30.wav	นายคมคายนี่แหละเป็นคนฆ่าปาดคอข้าวปุ้นกระต่ายที่พวกเขาเลี้ยง
11-11830-36.wav	วันเกิดเหตุนางคำตาชาวป่าอายุ62ปี
15-15761-162.wav	หลังจากนางอนันต์เนี่ยถูกคนร้ายเข้ามาขุดขุดมันสัมปะหลัง แก้ไขคือ:ขุดขุด->ขุดหัว
15-15761-365.wav	พบว่านายวิโรธจาดพันอินอายุ50ปีกำลังยืนถ่ายภาพที่เขาเนี่ยหางชี้อยู่เนี่ยนะฮะ
11-11830-9.wav	เขาย้ายมาอยู่กับภรรยาของเขาก็คือนางสาวศิริถาพรวงแก้วอายุ18ปี
11-11831-6.wav	ก็ไปถามนายพงศ์พันธุ์เอี่ยมแจ้งอายุ37ปีคนนี้
11-11832-19.wav	ตำรวจบอกว่าใครมีเบาะแสนำมาซึ่งการจับกุมนายแดงไบเล่คนนี้3000นะคะ
11-11832-20.wav	เพราะนายแดงไบเล่คนนี้ถูกซัดทอดจากคนที่ส่งกล่องพัสดุบรรจุยาเสพติด
11-11835-23.wav	คนที่วิ่งหนีคือนายอนุชาอายุ19
11-11835-42.wav	ลูกน้องของนายสมานก็คือฝั่งที่เขาเอาปืนมายิงเนี่ย
11-11835-43.wav	ลูกน้องของนายสมานมาบอกให้คนที่ร้านบอกว่า
11-11835-53.wav	ทีนี้พอเฮียเจ้าของร้านก็คือนายสมานกลับมา
11-11835-55.wav	จังหวะนั้นนายอนุชาลูกจ้างร้านหีบศพเขานอนอยู่พอดี
11-11835-64.wav	เดินทางไปมอบตัวที่โรงพักนะฮะมาแล้วครับ
11-11835-70.wav	ไม่ได้จะหันปากลำกล้องปืนไปทางนายอนุชาค่ะดูอีกสักครั้งหนึ่งอืมอ่า
11-11835-71.wav	อันนี้จังหวะที่เขาหันปลายกระบอกปืนไปทางโลงศพดูตอนแรกอีกสักครั้งที่นายอนุชาวิ่งหนีตายครับ
11-11836-92.wav	นางสาวนรมนเมฆบริสุทธิ์นะคะก็บอกว่า
11-11837-103.wav	สุดท้ายแล้วก็ควบคุมตัวนายวรพฤกษ์
11-11837-13.wav	นายโกวิทมังคลาดอายุ22ปี
11-11837-46.wav	อส.เพิ่งจะไปรู้จักกับนายวรพฤกษ์เองนะคะ
11-11837-60.wav	โดยให้นายวรพฤกษ์ยืนรออยู่ที่เดิม
11-11843-65.wav	ก็คือแม่ของนายกฤษณะนะฮะ
15-15761-602.wav	ปูก็เดินบ่อยเหรอคะพี่ปุ๊เดินบ่อยเป็นนางแบบพี่ปูคือนาง
15-15769-14.wav	ผู้เสียชีวิตก็คือนางจันทนีสันติธรรมากรอายุ61ปี
15-15771-65.wav	นี่ฮะชื่อนายฉัดชัยรุ่งอรุณนี่เขาเป็นนักศึกษานะนักศึกษาปริญญาโท
15-15775-8.wav	มีผู้บาดเจ็บ2คนติดอยู่ในรถคือนายสมัครรัตราชเป็นคนขับ
15-15775-9.wav	นางสาวดรณีสันวิราชก็นั่งอยู่ข้างกันนี่แหละนะคะ
15-15779-71.wav	มีคนเจ็บอีกสองคนคือนายระวีโรธสุขเจริญอายุยี่สิบสาม
15-15779-72.wav	กับนายธิรพลโพสาขาอายุสามสิบนะฮะนายระวิโรธบอกว่าเขาผ่านมาจุดเกิดเหตุ
15-15779-95.wav	นี่ฮะที่นายระวิโรธคนเจ็บเล่าให้ฟังเนี่ย
15-15779-75.wav	นี่คือสภาพของคนลงไปช่วยโอ้โหนี่เห็นไหมฮะนายวิโรธนะฮะนี่ฮะ
15-15782-24.wav	คือนายนุพลอิ่มวงอายุ24ปี
15-15782-31.wav	โดยนายนุพลก็เล่าให้ฟังว่าตัวเขาเป็นนักศึกษาวิชาเอกดนตรี
15-15783-28.wav	บอกว่าไว้ใจให้นางวิไลวันพันนาผู้ช่วยผู้ใหญ่บ้านหมู่7
15-15784-16.wav	สำหรับศพของนายรัตภูมิพิมพ์ใจใสหรือว่าเบิร์ตเซลแมนเนี่ยนะคะ
15-15785-78.wav	ร่างทรงชื่อจริงคือนางสาวสะสิวิมลครับ
103-103305-10.wav	หมอยงน่าคุ้นใช่นี่คือหมอยงนะคะนายแพทยงผู้วรวรรณนั่นเองนะคะ
103-103315-38.wav	สักแซ่อึ้งข่าวไทยบรัฐทีวีรายงานสดจากอำเภอศรีชนจังหวัดนครศรีธรรมราชครับ
103-103329-30.wav	นำตัวนายธัญพัฒนศรีนพนัน
11-11843-66.wav	แม่ของนายกฤษณะเนี่ยบอกว่าดิฉันนี่แหละ
11-11843-89.wav	ซึ่งแม่ของนายกฤษณะก็บอกว่าก็รักเด็กคนนี้
11-11846-54.wav	ไปที่วัดสรรมหาเกียงอำเภอดอยสะเก็ดจังหวัดเชียงใหม่กันบ้างครับ
15-15786-70.wav	พร้อมกับนางนีเป็นภรรยาของตายงเป็นเมียของตายงนั่นแหละ
11-11850-104.wav	แล้วก็ยังเอาชื่อของนายอนันต์เนี่ยไปเข้าสมาคมฌาปนกิจศพแห่งอื่นอีก
11-11850-107.wav	เพราะว่าเอาชื่อนายอนันต์ไปเข้าไว้หลายสมาคม
11-11850-119.wav	นายอนันต์เองเขาก็มีญาติพี่น้องนะฮะมีพี่ชายเนี่ยมาติดต่อขอรับศพไปแล้วหลังเกิดเหตุนะครับ
11-11850-130.wav	บัวลอยยอมรับสารภาพว่าจ้างวานนายปั่นแก้ว4000บาทให้ก่อเหตุจริง
11-11850-131.wav	แต่บอกว่าเป็นเพราะมีความแค้นส่วนตัวกับนายอนันต์
11-11850-136.wav	รวมถึงประเด็นที่3นางบัวลอยเพิ่งรู้จักนายปั่นแก้วเมื่อไม่นานมานี้แล้วมีคนแนะนำให้รู้จัก
11-11850-138.wav	เราได้ไปเจอนายจำรัสแสนคำนะคะเป็นชาวบ้านในหมู่บ้านที่นางบัวลอยคนนี้เคยนำชื่อไปเข้าสมาคมฌาปนกิจ
11-11850-13.wav	ผู้ต้องหาคือนายปั่นแก้วนามสกุลขันแก้วอายุ48ปีนะครับคุณผู้ชมครับ
11-11850-142.wav	ทีมข่าวเราก็พยายามจะไปสอบถามคนในครอบครัวของนายปั่นแก้วเกี่ยวกับเรื่องที่เกิดขึ้น
11-11850-143.wav	แต่ไม่เจอใครนะคะไปเจอเพื่อนบ้านครับเขาก็เล่าให้ฟังบอกว่านายปั่นแก้วเนี่ยมีภรรยาแต่เลิกกันไปแล้ว
11-11850-146.wav	แต่สังเกตอย่างหนึ่งคือหลังจากที่พบศพนายอนันต์ว่าถูกฆ่าเนี่ยนายปั่นแก้วเอาแต่เก็บตัวเงียบไม่ออกไปไหนเลย
11-11850-152.wav	ศพของนายอนันต์นี่วันนี้ครอบครัวก็ทำพิธีฌาปนกิจศพไปแล้วนะครับเมื่อ4โมงเย็นนะฮะ
11-11850-25.wav	เพราะมันโหดร้ายเหลือเกินนะแม้ว่านายอนันต์ผู้ตายจะเป็นคนเร่ร่อน
11-11850-28.wav	จุดที่นายปั่นแก้วบอกว่าขี่จักรยานยนต์เนี่ยมาจอดตรงนี้
11-11850-32.wav	จุดที่นายปั่นแก้วบอกว่าลงจากรถก็เดินเข้าไปหานายอนันต์
11-11850-35.wav	จุดใต้สะพานข้ามแม่น้ำปิงที่เชียงใหม่ที่นายอนันต์เขาอาศัยอยู่
11-11850-38.wav	พอนายอนันต์รู้ตัวก็มีการแย่งมีดกัน
11-11850-41.wav	ใช้มีดฟันนายอนันต์จนเสียชีวิต
11-11850-42.wav	แล้วนายปั่นแก้วก็หนีออกไปจากจุดเกิดเหตุ
11-11850-43.wav	ตำรวจต้องกันเอาไว้ก่อนแล้วก็รีบนำตัวนายปั่นแก้วเนี่ยทำแผนเสร็จต้องรีบไป
11-11850-56.wav	นี่ตำรวจพามาสอบนะฮะสอบที่ภูธรภาค5แยกสอบคนละห้องกับนายปั่นแก้วมือฆ่านะครับ
11-11850-60.wav	ใช้โทรศัพท์ระหว่างนายปั่นแก้วกับนางบัวลอยอะไรพวกนี้ตรวจสอบแล้วมีการโทรหากันจริง
11-11850-72.wav	แล้วก็เอาตัวนายปั่นแก้วเนี่ยมาเค้นสอบอย่างหนักนะ
11-11850-73.wav	สารภาพว่าฆ่านายอนันต์เพราะนางบัวลอยว่าจ้าง
11-11850-74.wav	เพราะหวังต้องการเงินค่าฌาปนกิจศพเมื่อนายอนันต์ตาย
11-11850-78.wav	แต่ว่านางบัวลอยคนนี้ฮะให้การภาคเสธนะฮะคือบอกว่าไม่ได้จ้างนายปั่นแก้วให้ไปฆ่า
11-11850-80.wav	แล้วก็บอกว่าที่ผ่านมานายอนันต์เนี่ยชอบไปนินทากับชาวบ้านว่ามีความสัมพันธ์เชิงชู้สาวกับเธอ
11-11850-81.wav	ทั้งทั้งที่ไม่เป็นความจริงนะครับก็เลยให้นายปั่นแก้วเนี่ยไปสั่งสอนไม่คิดว่าจะฆ่า
11-11850-82.wav	เรื่องเงินสี่หมื่นที่นายปั่นแก้วโทรมาทวงเนี่ยเป็นการพูดเล่นกันไม่เกี่ยวข้องอะไรกับเรื่องเงินฌาปนกิจศพเลย
11-11850-97.wav	ภรรยาของนายอนันต์หรือว่าจันทร์เจ้า
11-11850-98.wav	ตอนที่นายจันทร์เจ้าหรือว่าอนันต์เขาเสียชีวิตถูกทำร้าย
11-11852-0.wav	คุณผู้ชมครับใครที่เคยไปไหว้พระที่วัดคลอง2อำเภอคลองหลวงจังหวัดปทุมธานี
11-11853-9.wav	ทราบว่าผู้ชายคนนี้ก็คือนายนพรงค์ชัยสุโกมล
11-11855-1.wav	พนักงานเทศบาลของจังหวัดสุราษฎร์ธานีเขาก็เดินกวาดถนนอยู่ตามปกติตามหน้าที่
11-11855-38.wav	ชื่อว่านางมาลีสังวรธรรมอายุ58ปีครับ
11-11856-6.wav	เดินทางกันมาก่อนเริ่มเกมหลายชั่วโมงครับ
11-11859-13.wav	แล้วก็นางสาวนัฐปภัสร์จารัฐพรกุลนะครับ
11-11862-10.wav	นางสาวตองครับออกมาแฉสัมพันธ์ลึกซึ้ง
11-11862-132.wav	จากอดีตพระกาโตะถึงนางสาวตอง
11-11862-78.wav	แล้วก็ล่าสุดนายยุทธนาแต่งวงศ์
11-11867-31.wav	เราได้คุยกับนางสิริรัตนาสิริวัฒนาวุฒิเจ้าของร้านอาหารเธอบอกว่า
11-11868-9.wav	ก็ได้พูดถึงการเข้าพบกับนางกอบกาญจน์วัฒนวรางกูรนะครับรัฐมนตรี
11-11869-5.wav	อยากจะให้พี่บิณฑ์ไปหาบ้างเจ้าตัวชี้แจงว่ามันติดเรื่องการขอเข้าจังหวัด
11-11869-8.wav	คนต่างจังหวัดถามว่าพี่จะไปถามเพราะว่าคนจังหวัดเนี้ยผมมีปัญหาเรื่องการเดินเข้าเมือง
11-11870-12.wav	นายแพทย์ชัชวาลฤทธิ์ฐิติรองสาธารณสุขจังหวัดหนองคาย
15-15796-13.wav	จะต้องมีค่ะนางรำรำแล้วก็นักร้องค่ะต้องไปสนุกสนานกัน
15-15796-16.wav	พูดถึงประเพณีดีแบบนี้จริงหลายจังหวัดเนี่ย
15-15796-9.wav	เซอร์นางรำของเราบ่อยั่นเขาบอกอย่างนี้ไม่มีกลัวนะคะ
15-15802-30.wav	เออนะฮะตกค่ำครับทีมข่าวให้นายลักษวงศ์พาไปชี้จุด
15-15802-3.wav	นี่คือดวงไฟประหลาดนะครับที่นายลักษวงศ์มีตาวงชาวบ้านโนนคูณ
15-15802-9.wav	แล้วก็ไปพบกับนางสิริวัลขอสงวนนับสกุลนะครับอายุ55ปี
15-15808-475.wav	ครับครับเพราะฉะนั้นก็คือทางท่านธนกฤตเนี่ยได้ประสานกับทางกองทุนทางยุติธรรมจังหวัดพระนครศรีอยุธยาเรียบร้อยแล้ว
15-15811-65.wav	คือปกติเนี่ยปืนกระบอกนี้คุณเขียนมาสอนนายประยูนเขาบอกว่าเขาไม่ได้พกติดตัวตลอดเวลานะ
103-103353-23.wav	ฟังเสียงของนางมานิดกันก่อนเลยฮะ
15-15824-21.wav	แล้วท้ายที่สุดพี่สาวของนายกระแสบอกทนไม่ไหว
15-15825-10.wav	คือนายนัทวัฒน์ไกรปรีดาวิริยะอายุ48ปี
15-15845-15.wav	ผู้ก่อเหตุคือนายเอกรัฐบุคโลอายุ36ปี
15-15845-17.wav	แล้วก็ชกต่อยกับนายวุฒิเดชบุหงาอายุ31ปี
15-15845-19.wav	สุดท้ายนายเอกรัฐเอาปืน38ออกมายิงใส่นายวุฒิเดช2นัดฮะ
15-15845-30.wav	แต่นายเอกรัฐที่ขายไก่ทอดอยู่ก็ขายไก่ย่างด้วย
15-15845-34.wav	จับกลุ่มตัวนายเอกรัฐผู้ก่อเหตุได้ที่บ้านพักนะฮะ 
15-15845-48.wav	ตำรวจนำตัวนายเอกรัฐไปทำแผนประกอบคำรับสารภาพท่ามกลางชาวบ้านที่มามุงดูเป็นจำนวนมาก
15-15845-49.wav	นายเอกรัฐยืนยันว่ายิงไปเพียง1นัด
15-15845-60.wav	นางอาบีบะศรียศอายุ35ปีคนนี้
15-15847-4.wav	ชื่อว่านางสาวธนรัฐมังคโชธอายุ56ปีครับ
15-15847-8.wav	จากการสอบถามนายนัทพลแสงพลซึ่งเป็นคนที่ไปพบศพคนแรก
15-15848-18.wav	สอบถามนายบุญมีอัดพงภาวัย61ปีเพื่อนผู้ตายค่ะ
15-15851-4.wav	จากกรณีที่นายสิทธาเบี้ยบังเกิด
15-15858-30.wav	ก็คือนางสาวกฤษณีบอกว่าตอนนั้นหมามันเห่ามันหอนใหญ่เลยนะ
15-15872-0.wav	ไปปิดท้ายที่นายนิวัฒน์พาตนันรองผู้ว่าราชการจังหวัดพระนครศรีอยุธยา
11-11872-115.wav	พอเสียงปืนสงบมาดูก็พบว่าเจ้านายก็คือนางนฤมลเจ้าของร้านเนี่ยนะครับ
11-11872-118.wav	ตำรวจแจ้งข้อหานายชูเกียรติก็คือฆ่าคนตายโดยเจตนานะครับ
15-15875-5.wav	ใช่ไปกันที่ตลาดสดแม่ทองคำจังหวัดพะเยา
15-15878-22.wav	ภรรยาของนายสูตรคนที่ได้รับบาดเจ็บนั่นแหละค่ะไปถามเมียก่อน
11-11872-120.wav	ส่วนนางนฤมลที่เสียชีวิตญาติญาติจะจัดพิธีฌาปนกิจศพวันพฤหัสบดีที่จะถึงนี้ครับ
15-15880-16.wav	จากการสอบถามนายสอยจิมประโคนเจ้าของบ้านค่ะ
11-11872-16.wav	น้องสาวของนายชูเกียรติเองนะครับชื่อว่านางสาวสุกัญญาชัยพันธ์
11-11872-36.wav	ตอนนั้นนางนฤมลยังไม่ตายก็พยายามคลานหนีนะครับ
11-11872-37.wav	นายชูเกียรติอดีตสามีตามไปอีกนะครับแล้วยิงอีกสิบสองนัดโอ้โห
11-11872-38.wav	รวมแล้วโดนไปสิบสี่นัดหลังจากนั้นนายชูเกียรติได้ใช้ปืนกระบอกเดียวกัน
11-11872-56.wav	อ่าหลังจากที่หายเมาแล้วนะนายชูเกียรติสารภาพว่าอ่า
11-11872-7.wav	ส่วนคนก่อเหตุคือนายชูเกียรติวงศุกร์อายุ50สอง
11-11872-8.wav	เป็นอดีตสามีของนางนฤมลผู้ตายนะฮะหลังจากก่อเหตุแล้ว
11-11872-97.wav	เป็นสถานที่ตั้งศพของนางนฤมลที่เสียชีวิตนะครับ
15-15885-145.wav	และนี่ก็เป็นภาพในช่วงที่มีการคุมตัวนะคะทางด้านของนายชัยพลวิพานะคะที่ถูกเจ้าหน้าที่ป่าไม้มุกดาหารเนี่ยคุมตัวมาถึงที่สถานีตำรวจภูธรกกตูมด้วยรถตู้ของกลมป่าไม้เมื่อเวลาประมาณสัก14นาฬิกา30นาทีค่ะ
15-15885-165.wav	พร้อมกับมีการยึดปู่ปาริจิตนาคาราชแล้วก็มีการอ่านหนังสือร้องเรียนของนายอัจฉริยะเรืองรัตนพงศ์ที่ยื่นร้องต่อตำรวจปตศ
11-11876-179.wav	ชุดสืบสวนภูธรจังหวัดมุกดาหาร
11-11876-352.wav	คุณแม่ชื่อนางสาวิตรีคุณพ่อชื่อนายอนามัยวงค์ศรีชานะครับ
11-11878-54.wav	ก็ลองไปกันได้ที่จังหวัดกาญจนบุรีนะครับ
11-11880-29.wav	ซึ่งเป็นของนางสาวพรสวรรค์ภูอินอ้อยที่เป็นหุ้นส่วนปลาร้าค่ะ
11-11880-30.wav	แล้วก็มีบ้านพักในซอยประชาสันติของนายปิยะที่เป็นหุ้นส่วนปลาร้า
11-11880-45.wav	ก็มีนางธวัลรัตน์ทิพย์ประเวชนี่คือคุณแม่
11-11880-46.wav	แล้วก็นายปิยะคีรีสุวรรณกุลอันนี้เป็นหุ้นส่วนปลาร้า
11-11880-47.wav	มีนางสาวสุพรรณีนิกรกุลนางสาวพรสวรรค์ภูอินอ้อย
15-15886-8.wav	ถามว่าเมื่อไหร่จะแต่งนางบอกว่าเดี๋ยวรอก่อนละกันไปฟังสัมภาษณ์ค่ะ
11-11880-48.wav	นางสาววิไลวรรณหงษ์ประชาทรัพย์ทั้งหมดเนี่ยเกี่ยวข้องกับแม่มณียังไง
11-11883-27.wav	มีหนึ่งเคสนะคะก็คือนางสาวปัณฑิตาเหมือนบุญค่ะ
11-11883-45.wav	รัฐมนตรีว่าการกระทรวงการคลังนายอุตตมสาวนายนท่านก็ลงพื้นที่ไปด้วย
11-11883-70.wav	แล้วก็ตอนนี้นายกรัฐมนตรีสั่งให้ติดตามการเยียวยา
11-11884-12.wav	เมื่อวานเนี่ยนายสุริยันต์ศรีสลายแล้วก็นางกิ่งแก้วศรีสลายเป็นพ่อแม่ของแนน
11-11884-13.wav	พร้อมด้วยนายปัชญาหลงชินซึ่งเป็นแฟนหนุ่มของแนน
11-11884-4.wav	จากกรณีที่นางสาวนิตยาภรณ์ศรีสลายหรือว่าน้องแนนอายุ22ปี
11-11886-41.wav	ก่อนเกิดเหตุนายสัตยารัตนสุวรรณอายุ27ปี
11-11886-51.wav	เพื่อนำศพของนายอุดรอายุรพงศ์อายุ65ปี
11-11888-25.wav	เมื่อวานนี้ค่ะนายเวคินกองศรีผิว
11-11888-26.wav	ก็คือคุณพ่อของน้องฟิวเจอร์ตอนนี้เป็นอดีตสามีของนางน้ำแล้วนะคะ
11-11888-33.wav	นี่ค่ะนางน้ำกับนายเวคินก็อยู่กินกันไม่ได้จดทะเบียนสมรสนะคะ
11-11888-39.wav	แล้วลูกสาวน้องฟิวเจอร์ก็อยู่กับนายเวคิน
15-15915-37.wav	ตรดาวิชัยดิตข่าวไทยรัฐทีวีรายงานสดจากพุทธมนตรจังหวัดนครปฐมค่ะ
15-15918-6.wav	นี่ครับนายชายชาติเคี้ยมคมอายุ68ปีพาไปดูยุ้งข้าวครับที่ตั้งอยู่ที่มุมรั้วบ้านนะฮะ
15-15920-30.wav	ปรากฏทราบชื่อมาว่าชื่อนายยุทธพงศ์เขาศรีนะคะ
15-15931-34.wav	จำนวน2คันที่ส่องแสงไฟวาบวาบสีน้ำเงินอยู่นะฮะจอดอยู่2คันอยู่บริเวณจุดนั้นคอยสแตนบายหากเกิดสถานการณ์ที่อาจจะไม่ปลอดภัยนะครับล่าสุดนะตอนนี้รู้สึกเหมือนผู้ผู้บัญชาการตำรวจนครบาลจะเหลือระหว่างการเดินทางมาบริเวณจุดนี้นะครับต้องรอดูว่าทางผู้ประชาการนครบานนั้นจะเดินทางมากับผู้
15-15931-37.wav	บังคับบัญชาเนี่ยมาพูดคุยเจรจากันนะครับซึ่งณเมื่อสักครู่เนี่ยรองผู้บัญชาการตำรวจนครบานก็เดินทางมาบอกแล้วนะคะว่าจะมีการพูดคุยเจรจาอยู่บริเวณจุดนี้แต่ผ่านมากว่า5นาทีแล้วยังไม่ปรากฏเห็นผู้บัญชาการตำรวจนครบาน
15-15931-69.wav	ตามที่นางสาวชนนิชาแจ้งเร็วให้กับทางตำรวจไปแล้วนะครับ
15-15931-83.wav	ในส่วนของภูธรจังหวัดต่างด้วยที่เอามาเสริมกันอยู่บริเวณจุดนี้นะครับ
15-15931-95.wav	จะเดินทางมาเจรจาด้วยตัวเองบริเวณจุดนี้นะครับ
15-15944-35.wav	ทีนี้ก็ต้องไปสอบสวนนางประโลมซึ่งเป็นพี่สาวของอดีตภรรยา
103-103371-8.wav	ใส่นางวราพรเนียมรักษาผู้สมัครนายกเทศบาลตำบลดอนทราย
103-103371-17.wav	คือนายวัญชาติเนียมรักษาสมาชิกองค์การบริหารส่วนจังหวัดราชบุรี
15-15954-100.wav	ด้านของผู้บังคับการตำรวจภูธรจังหวัดกาญจนบุรี
15-15955-3.wav	นายสรจิตพรมสิริอายุ21ปี
103-103375-8.wav	แต่ตัวผู้หญิงคนนี้หายไปไหนก็ไม่รู้อะค่ะครับนางสาวเบนจมาส
15-15957-2.wav	เห็นว่าล่าสุดหลังจากก่อนหน้านี้มันมีข่าวมาว่าคนเอาชื่อพี่นางไปแอบอ้าง
15-15957-8.wav	ส่วนรถทะเบียนป้ายแดงของพี่นางนี่นะคะทะเบียน16
15-15957-9.wav	นางก็บอกว่า2เลขนี้เห็นว่ายังไม่ออกนะ
103-103378-17.wav	ตำรวจสภ.เมืองอุดรธานีค่ะจับกลุ่มนายสราวุฒิตังคณามอายุ24ปี
103-103378-26.wav	นายสราวุฒิเข้าไปในหอพักแห่งหนึ่ง
15-15961-21.wav	แต่ว่านายเฟรนเซฟเนอร์ไหวตัวทันหนีไปที่คลองข้างบ้าน
15-15961-25.wav	แต่นายเฟรนเซฟเนอร์กบดานอยู่ในลำน้ำโดยใช้วิธีนี้ค่ะ
15-15961-34.wav	ลงพื้นที่ไปที่บ้านที่นายเฟรนเซฟเนอร์อยู่ที่เช่าอยู่ในพื้นที่หมู่3
15-15961-36.wav	คือนายเฟรนเซฟเนอร์อยู่บ้านหลังนี้กับภรรยาชาวไทยมีลูกชายอายุ10เดือน
15-15961-42.wav	ชื่อว่านางจรุลคมคายปรากฏว่าอ้าวเป็นยายทวดของภรรยาของนายเฟรนเซฟเนอร์ครับ
15-15968-3.wav	เพราะว่าจะพาไปดูนะคะนางเอกค่ะเขาเรียกว่าเอวบางเอวน้องนางนั้นแม้แต่ใด
15-15972-27.wav	นางสาววีรยาขออนุญาตไม่บอกนามสกุล
15-15973-51.wav	ก็เกิดมีปากเสียงโต้แย้งกับผู้ที่ถ่ายคลิปนางสาวบีวัย21ปีนะฮะ
15-15974-24.wav	ที่เป็นคู่กรณีชื่อว่านายสำริทสิทธิพรมอายุ44ปีค่ะ
15-15974-26.wav	นายสำริทยอมรับว่าเป็นผมจริงครับที่ขี่รถจักรยานยนต์ไปชนรถจักรยานแต่
15-15974-33.wav	หลังจากตกลงกันได้นายสำริทยินยอมชดใช้ค่าเสียหาย
15-15984-4.wav	น่ากินน่ากินหอยนางรมไม่ใช่หอยเป็นลม
103-103378-41.wav	หลังจากถูกแทงนายสราวุฒิผู้ก่อเหตุโมโห
103-103378-50.wav	นายสราวุฒิตอนนี้เป็นนักศึกษาชั้นปวส2วิทยาลัยแห่งหนึ่ง
103-103378-78.wav	ผู้ก่อเหตุก็คือนายสราวุฒิถูกจับกลุ่มได้
103-103378-88.wav	และพยายามลักทรัพย์ก่อนที่จะควบคุมตัวนายสราวุฒิ
103-103382-14.wav	คุมตัวนายศิวัตรหรือว่าในบาสนะคะอายุ28ปีที่บ้านพัก
103-103385-384.wav	เป็นเรื่องที่คนพูดถึงอย่างมากฮะนายประเสริฐพนึกทองเนี่ย
103-103390-8.wav	ตำรวจสภ.สตึกไปจับกลุ่มนายสถานอ่อนดีกุลอายุ54ปีนะฮะ
15-15986-34.wav	ก็คือนางสาวกระหนกวันกรัฐพงศ์บอกว่าจริงแล้วมีอะไรก็คุยกันนะ
15-15990-6.wav	หาเหรอคะเนี่ยครับนางสาวกรยาอายุ37ปีผู้เสียหายครับ
15-15998-10.wav	ด้านนายสุวพันธ์ตันยุวัฒนะ
15-15998-14.wav	กฎฉะธรรมคุณหรือนายโกตินะครับ
103-103395-47.wav	หมอล็อตนะคะนายสัตวแพทย์พัทรพลมณีอ่อน
103-103396-35.wav	ขณะที่นางสาวอันนชาเพชรบัวธีรชัด
103-103398-7.wav	มีผู้ชายคนนี้คือนายทัพพสารเชื้อบริหาร
17-17003-13.wav	โดยคนขับรถแท็กซี่ก็คือนายอนุรักษ์ยินดีอายุ32ปี
17-17003-69.wav	พี่สาวก็คือนางสาวระดาพาโพใหญ่นะครับ
17-17003-80.wav	คือยังยืนยันไม่ได้ว่าจะใช่นางสาวนิชาพาหรือเปล่า
17-17003-88.wav	คือนางสาวนิชาพามีปัญหาทะเลาะกับแฟนนุ่ม
17-17004-14.wav	ถามนายสัญญาเทศถันหรือว่าช่างแมวนี่แหละ
17-17004-33.wav	คือนายทาดาโคจรานนท์อายุ35ปี
17-17004-35.wav	นายทาดากับผู้หญิงวัย30ปีที่ชื่ออ้อมเนี่ย
17-17004-38.wav	แต่ว่านายทาดาไม่ยอมเลิก
17-17006-137.wav	ขอสนับสนุนคุณพิธาลิ้มเจริญรัฐขึ้นเป็นนายกรับดีคนที่30ครับ
17-17007-11.wav	หนึ่งในนั้นค่ะเป็นคุณทวดวัยเก้าสิบเก้าปีที่จังหวัดลพบุรี
17-17007-62.wav	ทยทั่วแสงคุ้มที่จังหวัดลพบุรีนี่เป็นกรณีที่3ที่เราอ่าน
103-103400-10.wav	แต่วันนี้มีข่าวเศร้าเพราะว่าแม่นิงหรือว่านางสาวถวินเช้าเที่ยงอายุ73ปี
17-17009-14.wav	หรือว่านายชุติเดชทองอยู่อายุ60ปี
17-17009-22.wav	ว่านายโฟลกเด็กวัย16ถูกครูเทียมพาไปกระทำอนาจารย์
17-17009-29.wav	ผู้ปกครองของนายโฟลกได้ไปแจ้งความเอาไว้
17-17012-10.wav	บอกว่าเห็นผู้ตายก็คือนายสมเริก
17-17012-11.wav	ขับรถยนต์มาจอดที่หน้าบ้านของนายพนัท
17-17012-13.wav	ก่อนที่นายพนัทจะชักปืนขึ้นมายิงจนเสียชีวิต
17-17012-15.wav	ที่ผู้ตายคือนายสมเริกซื้อมาแล้วที่ดินผืนนี้มันติดกับบ้านของนายพนัทมือปืน
17-17012-17.wav	ก่อนเกิดเหตุปรากฏว่านายสมเริกผู้ตายไปนำดินมาถม
17-17012-18.wav	ซึ่งมันเป็นจุดที่มันจะไปปิดทางเข้าออกบ้านของนายพนัท
17-17012-26.wav	ผู้ตายคือนายสมเริกนะครับส่วนมือปืนคือนายพนัท
17-17012-41.wav	แน่นิ่งนิ่งไปเลยนี่ก็ไม่กล้าไปมองส่วนนายพนัทผู้ต้องหานะครับ
17-17012-43.wav	บอกว่าเดี๋ยวจะมีผลกระทบในด้านอื่นซึ่งตัวของนายพนัทเองนะครับ
17-17012-46.wav	ตอนนี้แจ้งข้อหานายพนัทก็คือฆ่าผู้อื่นโดยเจตนาแล้วก็ข้อหาเรื่องของอาวุธปืนนะฮะ
17-17012-49.wav	ส่วนศพของนายสมเริกพนักงานสอบสวนได้ส่งศพไปตรวจพิสูจน์
17-17012-4.wav	จุดตรงนี้เนี่ยผู้ที่ถูกยิงเสียชีวิตนั้นชื่อว่านายสมเริกกรุณาพิพัฒน์อายุ51ปีเป็นชาวอำเภอศรีราชาจังหวัดชลบุรีนะครับ
17-17012-6.wav	ส่วนผู้ก่อเหตุคือนายพนัทพรมสุวิชาอายุ35ปี
17-17013-23.wav	ด้านเจ้าหน้าที่เชื่อว่าต้นเพลิงมาจากบ้านของนางสาววาสนาอุดพิระ
103-103405-25.wav	ทำให้ร่างของนายสุงวนคินกระเด็น
103-103405-41.wav	ก็ทางคณะจัดงานมีการนำเรือเจสสกีของนายสุงวอนเนี่ย
103-103406-5.wav	ตรวจสอบแล้วพบว่าเป็นคนร้ายบ้านนะครับชื่อว่านายชูชาติแหลมเสนอายุประมาณ59ปี
103-103408-10.wav	อยู่นายแชล่มซึ่งเป็นเพื่อนบ้านเดินมาหาด้วยอาการเมาค่ะ
103-103408-12.wav	สดใสก็เลยนำตัวนายแชล่มไปส่งที่บ้านแต่เหตุการณ์ไม่คาดคิดก็เกิดขึ้น
103-103408-13.wav	ตรงที่ว่านายแชล่มคนนี้เดินกลับมาอีกครั้งแต่คราวนี้ในมืออ่ะ
103-103408-18.wav	จนสามารถแย่งปืนลูกซองยาวมาจากนายแชล่มได้
103-103408-19.wav	พอโดนแย่งปืนไปนายแชล่มก็เริ่มเห็นท่าไม่ดีแล้วค่ะ
103-103408-22.wav	สอบสวนนายแร่มผู้ก่อเหตุก็ให้การด้วยอาการมึนเมาค่ะ
103-103408-29.wav	โดยไม่ได้รับอนุญาตค่ะซึ่งนายแชล่มเนี่ย
103-103412-48.wav	กลุ่มของนางสาวพินทองพยายามตะโกนให้คนขับรถกระบะคันนั้นน่ะ
103-103412-53.wav	นายนัทธพลผู้ตายเดินไปหาคนขับรถกระบะคอกสูง
103-103416-0.wav	หลังจากที่ตำรวจสามารถจับตัวนายไซสนะแก้วพิมพา
103-103416-4.wav	ตำรวจสามารถตัดทลายเครือข่ายยาเสพติดของนายไซสนะ
103-103421-22.wav	ห้องเย็นห้องนี้ที่อยู่กัน10คนและน้องเดียรวมทั้งนางสาวกันนิกา
103-103422-20.wav	ถามนายประมูลศรีละครโชเฟอร์รถเมษาย205ก่อน
103-103422-29.wav	ทีนี้นางสาววารุณีพิกุลแก้ว
103-103423-13.wav	มีนายชัยสิทธิ์แซ่อีอายุ40ปีรับว่าเป็นเจ้าของบ้าน
103-103423-17.wav	นายชายสิทธิ์รับสารภาพโอดครวนบอกว่า
103-103424-2.wav	มาจับนายอัฐพลแทร่ผู้อายุสามสิบเก้าปีคนนี้ที่บ้านอยู่ตำบลซัดทวี
103-103424-8.wav	ต้นเรื่องน่าสนใจนะฮะต้นเรื่องน่าสนใจนางชูศรีแทร่ผู้
103-103425-32.wav	จากการสอบถามนะครับนางสาวนภาบุญเรืองพยาบาลที่อยู่ในเหตุการณ์ท่านนี้แหละครับ
103-103425-33.wav	เล่าบอกว่าคนไข้ชายคนดังกล่าวชื่อนายเฉลิมชัยแทร่ลีอายุ26ปี
103-103426-31.wav	คนเจ็บคือนายเอกชัยธรรมทองอายุ33ปี
103-103426-35.wav	ก็คือนายสมพงศ์ภวงจำปาอายุ57ปี
17-17028-63.wav	จังหวัดจะส่งข้อมูลมาบอกว่าที่โรงเรียนฉันที่อำเภอฉันก็เจอส่งมาบอกกันหน่อยละกันนะคะจะได้เป็นอีกหนึ่งช่องทางในการสะท้อนค่ะ
103-103428-9.wav	นางสาวชาลาลัยแจ่มผลผู้อำนวยการศูนย์ภูมิภาค
103-103434-36.wav	นางสาวนปพัฒน์ก็เล่าถึงความน่ารัก
103-103436-52.wav	เพื่อนบ้านที่เข้าไปช่วยเหลือคือนางสาวสมรัชนีสีฟ้านะคะเป็นหมอนุ่น
103-103437-14.wav	โดยนายกิติพงศ์ละชั่วผู้บัญชาการเรือนจำอำเภอสวรรคโลกก็บอกนะคะ
103-103444-9.wav	ไม่ว่าจะเป็นน้องนายชนุตราหวานใจรุ่นน้อง
103-103445-19.wav	โดยพ่อวัยพฤษเพชรสุพรรณชื่อจริงก็คือนายพานสกุลนี
103-103447-139.wav	วางแผนกันดูนะยิ่งช่วงสงกรานต์เนอะมีเวลามีวันหยุดก็ลองเดินทางไปกันดูนะครับ
103-103448-9.wav	โดยนายนิพนธ์มุ่งมั่นพัฒนาทนายความของผู้ต้องหาชาวต่างชาติก็ไปร่วมสังเกตการณ์ด้วย
103-103449-23.wav	ก็คือนางสาวทัศวรรณเก็บเทศอายุ37ปีพันรยา
103-103449-34.wav	เขาเล่าว่าก่อนจะอยู่กินกับนางสาวทัศวรรณ
103-103449-40.wav	พันรยาคนใหม่ก็คือนางสาวทัศวรรณที่ถูกแทงไปด้วยเนี่ยนะ
103-103450-34.wav	แล้วก็ทางประหลัดกรทมด้วยนายขจิตชัชวานิส
103-103451-26.wav	ก็คือนายธีรพัฒน์อายุ28ปีธนัทที่ผมว่าเมื่อสักครู่อายุ32ปี
103-103451-27.wav	และนางสาวธีรพันธ์อายุ33ปีตามภาพที่ปรากฏ
103-103452-13.wav	3คนนี้ก็คือนายปราโมทสุวรรณพิทักษ์หรือว่าบอย
103-103452-16.wav	และนางสาวปนัดดาสุวรรณพิทักษ์หรือฟา
103-103452-19.wav	ผู้ต้องหาที่ทำร้ายร่างกายนางสาวจริยาศรีศักดิ์หรือน้องน้ำ
103-103454-68.wav	วันนี้นายสาธิตปิตุเตชะรัฐมนตรีช่วยว่าการกระทรวงสาธารณสุข
103-103455-16.wav	ชื่อว่านายวีรศักดิ์ศรีชายนะคะเป็นน้องชายของกำนันในพื้นที่ด้วยนะคะ
103-103456-193.wav	นางสาวสวรรคอายุ40ปี
103-103471-13.wav	ท่านรองครับถ้าไล่มาตั้งแต่กรณีของการสั่งฟ้องเคสของนายอภิรักษ์โกธิมาจนถึงกรณีของคุณพิงกี้พี่ชายคุณแม่คุณพิงกี้แล้วก็พวกจนกระทั่งมาถึงรอบล่าสุดเนี่ยฮะ
103-103472-23.wav	นายอนุชานาคาสัยประธานยุทธศาสตร์เลือกตั้งของพัก
103-103472-25.wav	นายบุญจงวงไตรรัฐลงโคราชเขต9
103-103472-30.wav	และนายปรีชาเร่งสมบูรณ์สุขลงแข่งในพื้นที่เลยเข็ด1
103-103472-42.wav	เรื่องนี้นายสนทิรัฐเรียกร้องเลยบอกว่าพรรคพลังประชารัฐ
103-103472-55.wav	ประธานยุทธศาสตร์เลือกตั้งนายชัดชาติสิทธิพันธ์
103-103472-56.wav	และนายชัยเกษมนิติสิริลงพื้นที่ไปพบกับประชาชนแถวเยาวราชนะคะ
103-103472-89.wav	นายขวัญชัยสารคำหรือขวัญชัยไพรพนาไง
103-103472-94.wav	นายขวัญชัยสวมเสื้อพรรคเพื่อไทยมาเลย
103-103472-102.wav	นายขวัญชัยสารคำหรือขวัญชัยไพรพนาค่ะ
103-103472-106.wav	พรรคชาติไทยพัฒนานางสาวกัญจนาศิลปะอาชาหัวหน้าพัก
103-103472-107.wav	พร้อมด้วยนายประพัทธ์โสสุธน
103-103472-137.wav	พร้อมด้วยนางสาววิชุดาเมคานุวงศ์ผู้อำนวยการสำนักงานคณะกรรมการการเลือกตั้งกรุงเทพ
103-103472-141.wav	นางสาววิชุดาย้ำเตือนถึงข้อพึงระวังภายหลังได้
103-103476-14.wav	ส่วนศพที่พบชื่อว่านายยงยุทธ์จันหมุดเป็นชาวร้อยเอ็ดอายุประมาณสามสิบห้าปีนะคะ
103-103476-49.wav	ทีนี้ค่ะทางน้าของภรรยาผู้เสียชีวิตนางอังคณาเหลาชโนก็บอกว่า
103-103476-51.wav	เป็นไปไม่ได้ที่นายยงยุทธ์จะฆ่าตัวตาย
103-103478-8.wav	แล้วก็วิสามันนายปกรณ์ธานีจีรัฐธิติการอายุ44ปี
103-103478-29.wav	นายปากรเขาเห็นเขาก็เลยใช้อาวุธปืนยิงใส่เจ้าหน้าที่ก่อน
103-103478-31.wav	กระสุนเข้าที่แขนและหน้าอกของนายปากรเลยทำให้เสียชีวิตนะคะ
103-103479-6.wav	หลังนายทิศศักดิ์สุริยาชัยวัฒนะหัวหน้าอุทยานแห่งชาติภูกระดึง
103-103479-55.wav	ทำให้นายสันทพงศ์ได้เสียชีวิต
103-103490-544.wav	บังคับการตำรวจภูธรจังหวัดอุตรดิตถ์นะคะพลตำรวจตรีพยูธนศรีสืบวงค่ะ
103-103490-558.wav	มันก็จะติดกับอำเภอตอนแล้วก็จะไปติดกับอำเภอใกล้เคียงจังหวัดสุโขทัยนะครับ
103-103492-30.wav	ไปคุยกับนายอนุชาชานุ
103-103492-79.wav	นายสุนทรบุญชัยะก็เป็นคนที่ไปปีนมะพร้าวด้วยกันอยู่ต้นข้างกันนี่แหละ
103-103492-86.wav	แต่นายสุนทรบอกว่าตัดเสร็จก่อนแปลกใจมาก
103-103494-11.wav	ผู้ก่อเหตุก็คือนายอนุสรเกรดรักหรือนิวป่าโล่งอายุ25ฮะ
103-103495-36.wav	ตำรวจก็เลยต้องคุมตัวนายพระละพลรักษีอายุ21ปี
103-103496-4.wav	นายเข็มชาติมั่นเจ๊กท่านนายกเทศมนตรีตำบลทุ่งยั้งอำเภอลับแลอุตรดิตถ์ครับ
103-103496-6.wav	หลังจากถูกนายไพฑูรย์มูลขออภัยครับคำมูลปง
103-103496-10.wav	ธรรมสังเวศวัดไผลล้อมครับนายเข็มชาติเนี่ยเล่าบอกว่าวันที่22
103-103496-20.wav	เขาก็เลยแจ้งความนายไพฑูรย์นะครับต่อพนักงานสอบสวน3ข้อหา
103-103496-25.wav	นายไพฑูรย์ไม่พอใจครับก็เลยโทรมาถามนายเข็มชาตินะฮะ
103-103496-28.wav	ทราบเรื่องที่นายเข็มชาติถูกทำร้ายร่างกายแล้ว
103-103501-5.wav	นางสาวชะลิดาอภิบาลภูธรเป็นตัวแทนกลุ่มเป็น1
103-103505-17.wav	16คือนายพีรศักดิ์พอจิตคนที่17คือนางประภาษีสุฉันทบุตรค่ะ
103-103505-30.wav	สสกลุ่มนายเฉลิมชัยศรีอ่อนรักษาการเลขาธิการพักเนี่ยมีการติดต่อไปร่วมรัฐบาลกับพักเก้าไกล
103-103510-13.wav	นายพมรคำพาอินอายุ28ปีเป็นผู้ต้องหาคดียาเสพติดถูก
103-103510-16.wav	คือหลังจากที่นายพมรกระโดดลงจากรถตำรวจแล้วก็วิ่งหนีเข้าป่าไป
103-103514-28.wav	นายวัญชัยหายตัวไปตั้งแต่27ธันวาคมปีที่แล้ว
103-103514-64.wav	สุดท้ายมาพบศพว่านายวัญชัยจมน้ำพร้อมกับรถ
103-103531-19.wav	นายวรวีมะกูดีหนึ่งในผู้สมัครรับเลือกตั้ง
103-103539-19.wav	ไปจับกลุ่มนายเจ็ดสดาพร
103-103544-9.wav	นายอนัญชัยก็ไปหาหลวงปู่แสงเหมือนกัน
103-103544-41.wav	ทนายความของหลวงปู่แสงและนางสาวสุรภาอารีราชดร
103-103551-8.wav	ทีนี้นาทีที่เข้าจับกลุ่มคนนี้นะคะผู้ต้องหาคือนายพัศกรวัย36ปี
103-103551-15.wav	แล้วก็พบตัวหมอเก๊คนนี้คือนายพัศกรเขาก็แสดงตัว
103-103551-23.wav	หลังจากนี้ตำรวจก็มีการควบคุมตัวนายพัศกรนะคะ
17-17035-15.wav	อยากให้ทางกระทรวงจัดการให้หมอมาสอบสวนจัดการให้เรียบร้อยเสร็จสิ้นก่อนแล้วถึงจะมาทำงานครับอยากให้ไปอยู่ตรงส่วนกลางหรือว่าของจังหวัดนะฮะไม่อยากให้มาส่งมาประจำอำเภอที่แม่เมาะมาใช้งานบริการให้ประชาชนแม่เมาะมาใช้บริการมารองรับงานด้านนี้ครับเพราะว่าทำให้ภาพลักษณ์ของแม่เมาะนี่เสื่อมเสียไป
17-17039-23.wav	โดยคนก่อเหตุคือนายสุริยาปัธมขจรอายุ36ปี
17-17044-21.wav	นายซึเนโยชิคาซามิผู้จัดการโรงไฟฟ้าพลังงานความร้อนฮิตาชินากะบอกว่า
17-17046-99.wav	ส่วนนายพุทธิพงศ์ปุริกันนะครับ
17-17047-4.wav	ไหนอ่ะนายไหนก็ไม่รู้เนี่ยมีบงมีบ้างทหารชุดเขียวมาแต่รองเท้าแตะนะ
17-17048-7.wav	คนงานก็บอกว่าเจ้าของโรงงานเนี่ยคือนายศักดิ์สกุลสุธินตอนเกิดเหตุมีคนงานประมาณ67คนกำลังพักผ่อนอยู่ได้กลิ่นเหม็นไหม้แล้วก็ดินเสียงไฟมันประทุค่ะดังเปรี้ยตลอดเลย
17-17053-11.wav	ทำให้นางสายุดดาวชัยซึ่งเป็นแม่ยาย
17-17053-12.wav	และนายสราวุฒินินมาล้นน้าเขยออกมาห้ามปราม
17-17055-483.wav	จริงนางเป็นเด็กหลุมแก้วอุ้ยตายแล้วชอบใครก็คืออวยยศสุด
17-17055-543.wav	ล่าสุดนางวันนานางบวชอายุ48ปีก็เป็นเจ้าของร้านสวนปลูกรัก
17-17055-660.wav	ตรงนี้ใหญ่แล้วก็ตรงเอวนางเล็กลง
17-17055-672.wav	นางพูดกับฉันว่าไงแม่หนูไม่อ้วนอีกแล้ว
17-17056-33.wav	ไม่คือนางจะเอาแมวมาโชว์หลายรอบแล้ว
17-17056-69.wav	แซงนางยังไม่ตอบนางติดเกมอยู่ตอนนี้
17-17059-42.wav	นางเรนูงามสมมนต์อายุ56ปีแม่ค้าที่จำหน่ายน้ำพึ่ง
11-11890-42.wav	ท่านเป็นสอสอจังหวัดพะเยาและคนรักท่านธรรมนัฐเยอะ
17-17060-7.wav	อยู่หลังบ้านของนายอภิชัยองค์วิสิตหรือไอ้หีบเหล็ก
17-17061-21.wav	ค่ะป้ายหาเสียงนี้เป็นของนายนัทวัฒน์นะครับ
17-17061-24.wav	นายนัทวัฒน์พอใช้ได้
17-17061-33.wav	นายอัครเดชวงพิทักษ์โรธนะครับ
11-11891-56.wav	มีชื่อของนายชัยวัดลิ้มลิขิตอักษร
11-11891-59.wav	ซึ่งจากการสอบถามนายชัยวัดยอมรับว่า
17-17062-160.wav	ก็เคยมานี่นายดินเคยมาง้อน้องมายถึงที่ร้านแห่งนี้
103-103562-18.wav	ครับแม่ของน้องฮาเวียนางสาวกฎชกรผลจัดอายุสี่สิบหกปี
103-103562-69.wav	นายสมานมีกุลเขาบอกว่าเขาก็ถูกตำรวจเรียกไปสอบปากคำแล้วคนนี้นะคะ
17-17064-16.wav	ท้องที่สภ.เมืองสุราษฎร์ธานีนะครับผู้ตายชื่อนางจิตภัทรเชิดชูพงษ์เจริญ
103-103566-44.wav	จากการตรวจสอบประวัตินายกิติศักดิ์ก็พบว่าเป็นลูกชายผู้ใหญ่บ้านปลือวาย
103-103567-26.wav	รี๊ดแตกค่ะคุณแก้มสุวินตราค่ะด้วยความที่นางเป็นแบบว่ามิดมิสเวียนตามฉายา
11-11895-18.wav	นี่เป็นพ่อนะฮะแล้วก็มีนายเจริญชาติบัวทองอายุ29ลูกชายคนโต
103-103569-16.wav	คนขับรถพ่วง18ล้อก็คือนายวรรัฐแก้วสะอาดเล่าเหตุการณ์ให้ฟัง
11-11895-19.wav	อีกคนนึงคือนายปรีชาบัวทองอายุ26ลูกชายคนเล็ก
103-103575-17.wav	คนในพื้นที่ก็เล่าให้ฟังเหมือนกันนะคะครับนายจำเนียนฤทธจรอายุหกสิบเก้าปีบอกว่าสารเจ้าแม่หนองทองศักดิ์สิทธิ์มากจริงจริงชาวบ้านขอโชคขอลาบกันเป็นประจำแล้วก็ประสบความสำเร็จกันเกือบทุกคนพอไปแก้บนก็จะมีการนำประหลัดขิกนางรำกลองยาวหนังกลางแปลงไปแสดงค่ะอืมเขาบอกว่าก็มีตำนานนะของ
103-103575-29.wav	ส่วนนางเข็มกลัดคล้ายสุรินทร์อายุ75ปีค่ะก็เป็นคนที่เคยไปขอโชคขอลาบกับเจ้าแม่หนองทอง
103-103575-40.wav	นางสังวานสอนแก้วอายุหกสิบเอ็ดก็บอกว่าตั้งแต่เจ้าแม่มาสิงร่างเธอ
17-17070-15.wav	พบผู้เสียชีวิตคือนางสาวถาวรปานจันทร์อายุ46ปี
17-17070-21.wav	ตำรวจสามารถจับกลุ่มผู้ก่อเหตุได้คือนายกิติศักดิ์อายุสามสิบสี่ปี
17-17070-30.wav	ถึงเรื่องที่โดนถานางถาวรด่าแล้วแบบมันของขึ้นมา
11-11896-18.wav	คือนายคำสิงมังคลังอายุ63ปีคนนี้เป็นคนขับ
17-17070-33.wav	ก็เลยย้อนกลับไปฆ่านางถาวรจนตายนะฮะ
103-103590-26.wav	วันนี้โฆษกประจำสำนักนายกรัฐมนตรีนายธนกรวังบุญคงชนะเนี่ย
11-11896-21.wav	อรไทยและนายทองดำครับโอ้โหคุณผู้ชมทั้งหมดเนี่ย
17-17074-24.wav	อำพรเดินทางไปสายอีสานใช่ไหม
103-103610-23.wav	คือนายพีรพงศ์จีรพันธ์ค่ะ
103-103610-42.wav	ทีนี้ตัวนายพีรพงศ์คนร้ายเขาเดินมาในซอยหน้าบ้าน
103-103610-63.wav	นี่ค่ะเบื้องต้นพอเอาตัวนายเพียรพงศ์คนที่ขโมยไปที่สภ.แล้วนะ
103-103610-64.wav	ตำรวจเขาก็สอบแหละตัวนายพีรพงศ์ก็รับสารภาพ
103-103611-22.wav	ก็เลยไปตรวจสอบไปพบนายชายโยอินเกษม
103-103616-11.wav	ล่าสุดวันนี้นายกมลบุรณพงศ์รองอธิบดีกรมการขนส่งทางบกออกมายืนยันนะคะว่า
103-103617-7.wav	ไปตรวจสอบบ้านหลังนี้พบร่างของนายสรษักจงกิจ
103-103628-6.wav	หลังจากที่นายสารสมีภัยครูโรงเรียนสวนกุหลาบวิทยาลัย
103-103630-8.wav	ผู้กำกับการสถานีตำรวจภูธรโพนทองในจังหวัดร้อยเอ็ดควบคุมตัวนายสุรสักคันธมาสวัย23ปี
103-103630-10.wav	นางสาวสาวลักษณ์เสมอใจแล้วก็นางสาวไอรดาพลเยี่ยมสองสาวที่ล่อลวงให้ตำรวจเปิดห้องขังแล้วก็ช่วยเหลือในการหลบหนีเมื่อกลางดึกวันที่20พฤษภาคมที่ผ่านมา
103-103630-14.wav	โดยจุดแรกก็ต้องพาไปที่ห้องขังนี่แหละค่ะจากนั้นก็ไปจุดที่นางสาวสวรรคเนี่ยขับรถยนต์ออกไปรับนายสุรศักดิ์ที่วิ่งหนีไปตามถนนสายร้อยเอ็ดโพนทอง
103-103645-14.wav	ทำให้นางสาวจีรัชยาจานุสรพยาบาลวิชาชีพได้รับบาดเจ็บกระดูกสันหลังหักนะคะ
11-11900-6.wav	คุณผู้ชมทางด้านของนายสริตวิทูลนะครับ
17-17080-32.wav	ลงจากรถมากราดยิงนายสุขสรรค์สาวพันธ์อายุ54ปี
17-17080-55.wav	นี่คือนางร่มเย็นบุญสืบภรรยาของนายสุขสรรค์ที่เสียชีวิตนะครับ
17-17080-67.wav	แล้วก็เรียกวิญญาณนายสุขสรรค์ให้กลับบ้านเอาดูอีกทีฮะ
11-11907-17.wav	นางสาวบวรลักษณ์ทวีธรรมอายุ27ปี