filename	text
7-7454-44.wav	นายรัฐพลสุวรรณรัฐหรือบิ๊กกุมารขาวอายุ35ปีคนนี้คนยิง
7-7000-57.wav	ตอนนั้นผมอยู่ที่จังหวัดน่านพ่อของคุณกติกเนี่ยก็คือคุณเกียรติศักดิ์โทรไปหาผม
7-7001-5.wav	หน้าศาลปู่ตาอำเภอศรีณรงค์จังหวัดสุรินทร์
7-7002-15.wav	วันนี้ออกคำสั่งคณะกรรมการโรคติดต่อจังหวัดชลบุรี
7-7002-21.wav	คือที่บางละมุงของจังหวัดชลบุรีที่บางละมุงชลบุรีเนี่ยนะครับ
7-7002-27.wav	โดยเฉพาะที่บริการ24ชั่วโมงจังหวัดชลบุรีนะครับ
7-7002-33.wav	ในพื้นที่บางละมุงจังหวัดชลบุรีแล้วก็ยังกำหนดแบ่งโซนพื้นที่ต่างๆ
7-7002-34.wav	ของจังหวัดชลบุรีเป็นอย่างนี้นะครับพื้นที่ควบคุมสูงสุดก็คือสีแดง
7-7002-4.wav	ว่าติดมาจากแหล่งไหนนี่คือตัวเลขผู้ติดโควิด-19ในพื้นที่จังหวัดชลบุรีนะครับ
7-7002-6.wav	ยังมีรอผลยืนยันอีกคนนึงด้วยนะครับทางสำนักงานสาธารณสุขจังหวัดชลบุรีนะครับ
7-7002-8.wav	ซึ่งมีความเชื่อมโยงติดเชื้อมาจากจังหวัดข้างเคียงเป็นแรงงานต่างด้าว30ราย
7-7002-9.wav	ที่รับการแพร่เชื้อจากผู้ที่ติดเชื้อจากจังหวัดระยองค่ะ
7-7003-1.wav	บอกเลยว่าวัดนี้วัดเด่นวัดดังที่จังหวัดนครปฐม
7-7003-42.wav	ก่อนเดินทางกับพี่ปราโมทย์
7-7004-13.wav	สามีภรรยาคู่นี้อยู่ที่จังหวัดเชียงรายนะครับท่านผู้ชมครับ
7-7013-0.wav	คุณผู้ชมมาที่จังหวัดเพชรบุรีนะคะเหตุการณ์เนี่ยค่อนข้างซับซ้อนนิดหนึ่ง
7-7013-3.wav	วันเกิดเหตุตัดสินใจค่ะเดินทางมาเคลียร์กับหนุ่มโลตัส
7-7015-23.wav	เสนอชื่อนายเศรษฐาทวีสิน
7-7015-25.wav	ดำรงตำแหน่งนายกรัฐมนตรี
7-7015-26.wav	ทั้งนี้พรรคเพื่อไทยและนายเศรษฐาทวีสิน
7-7015-9.wav	เป็นแคนดิเดตนายกรัฐมนตรีนะครับเพื่อจะโหวตนายกต่อไปแล้วก็จะกำหนดให้การแก้ไข
7-7016-26.wav	คือทีมข่าวก็เดินทางไปคุยขยายความกันต่อ
7-7018-12.wav	คือชาวบ้านประชาชนในพื้นที่อำเภอแก้งคร้อจังหวัดชัยภูมินะครับ
7-7018-15.wav	ในเขตอำเภอแก้งคร้อจังหวัดชัยภูมิ
7-7019-1.wav	นั่นก็คืออำเภอเมืองจังหวัดนครปฐมค่ะ
7-7023-71.wav	การจับงูถ้าเกิดว่ามีงูที่จังหวัดอ่างทองเราจะเห็นเขาไปจับทุกที่เลย
7-7028-27.wav	รองนายกรัฐมนตรีก็พูดเช่นเดียวกันนะครับ
7-7028-42.wav	ปฏิบัติการค้นหาที่จังหวัดเชียงรายครั้งนี้
7-7030-21.wav	กำลังจะเดินทางมายังที่เกิดเหตุค่ะ
7-7033-16.wav	ก็ได้มีการเดินทางไปเยี่ยมถึงโรงพยาบาลถึงแม้ว่าจะไม่ได้เจอเจ้าตัวค่ะ
7-7036-11.wav	จังหวัดสุพรรณบุรีเย็นเมื่อวานนะครับ
7-7036-3.wav	ถูกต้องครับชายอายุ77ปีเดินทางมาหาเพื่อน
7-7037-261.wav	ตัวเลือกที่3นางเงือก
7-7037-262.wav	ตัวเลือกที่4นางละเวง
7-7037-271.wav	คุณผู้ชมครับมาเอาใจช่วยครอบครัวของพี่ฝนจากจังหวัดพิจิตรกันนะครับ
7-7037-3.wav	ครอบครัวของแม่ฝนจากจังหวัดพิจิตรจะต้องร่วมแรงร่วมใจกันตอบคำถาม
7-7038-23.wav	ไปให้ที่สำนักหนึ่งค่ะเป็นสำนักที่อยู่ในจังหวัดนครราชสีมา
7-7039-0.wav	คุณผู้ชมดูเหตุการณ์นี้หน่อยนะคะเกิดขึ้นที่จังหวัดพัทลุง
7-7039-10.wav	ตำบลท่าแคอำเภอเมืองจังหวัดพัทลุงค่ะ
7-7040-11.wav	โดยก่อนหน้านี้นายกรัฐมนตรียังได้เดินทางไปเยี่ยมกำลังพลที่
7-7040-12.wav	อภัยครับได้เดินทางไปเยี่ยมกำลังพลเรือหลวงสุโขทัยที่ได้รับบาดเจ็บและรักษาตัวอยู่ที่โรงพยาบาลสิริกิติ์และในเวลาต่อมาได้เข้าตรวจเยี่ยมศูนย์ประสานงานช่วยเหลือกำลังพลเรือหลวงสุโขทัยภายในสโมสรสัญญาบัตรกองเรือยุทธการ
7-7040-17.wav	รายงานสดจากฌาปนสถานกองทัพเรือสัตหีบจังหวัดชลบุรีครับ
7-7040-1.wav	ได้เดินทางไปร่วมพิธีพระราชทานน้ำหลวงอาบศพให้กับกำลังพล6นายที่เสียชีวิต
7-7040-4.wav	หลังจากที่ได้มีการให้ญาติของกำลังพลทั้ง6นายเข้าพิธีรดน้ำศพตามพิธีการปกติเสร็จสิ้น
7-7040-8.wav	เพื่อบรรจุร่างของกำลังพลทั้ง6นายที่เสียชีวิต
7-7041-9.wav	ภายในพื้นที่การไฟฟ้าแม่เมาะที่อำเภอแม่เมาะจังหวัดลำปาง
7-7046-10.wav	ไล่ยิงกันมาตามถนนสายจอมพระศีขรภูมิจังหวัดสุรินทร์
7-7048-0.wav	ทีนี้ถ้าเกิดว่าใครเจอพฤติกรรมแบบนี้นะคะตอนที่ไปไหว้พระธาตุพนมที่จังหวัดนครพนม
7-7050-120.wav	ไม่ใช่แค่จังหวัดสุพรรณบุรี
7-7050-49.wav	เพราะว่าทางกรมศิลปากรบอกว่าตอนนี้คือไม่ใช่แค่จังหวัดสุพรรณบุรีนะ
7-7051-11.wav	นี่คือที่ตำบลนครชุมอำเภอนครไทยจังหวัดพิษณุโลกครับ
7-7051-24.wav	เหมาะสำหรับไปท่องเที่ยวสัมผัสกับธรรมชาติที่หาดูได้ยาก
7-7051-28.wav	จากพิษณุโลกไปที่จังหวัดเชียงใหม่กันบ้างนะครับ
7-7055-24.wav	ที่เดินทางมากราบไหว้ขอพรกันเป็นจำนวนมากค่ะ
7-7055-28.wav	แต่ประชาชนที่เดินทางมาไหว้พระขอพรที่นี่ส่วนใหญ่ยังคงใส่ชุดขาวและดำ
7-7058-0.wav	พาคุณผู้ชมไปดูเหตุสลดที่เกิดขึ้นที่จังหวัดขอนแก่นกันหน่อยนะ
7-7058-22.wav	ตำบลคำแคนอำเภอมัญจาคีรีจังหวัดขอนแก่น
7-7058-39.wav	ส่วนนายโหน่งเนี่ยก็เป็นคนคุ้นเคยกันแล้วก็เป็นญาติกันด้วย
7-7058-55.wav	คุณแม่ของผู้ต้องหาบอกด้วยนะคะว่าก่อนหน้านี้นายโหน่งเนี่ย
7-7058-60.wav	วันเกิดเหตุนายโหน่งก็ไปดื่มเครื่องดื่มชูกำลังไปกว่า20ขวด
7-7061-30.wav	นัดจ่ายเงินเคลียร์กันในจังหวัดเชียงราย28ล้าน
7-7061-39.wav	ว่ามันมีการโอนต่อไปยังบัญชีของเซียนพระคนดังในจังหวัดนครสวรรค์
7-7062-179.wav	ในภารกิจช่วยเหลือน้องที่ติดอยู่ในถ้ำหลวงขุนน้ำนางนอนค่ะ
7-7062-189.wav	ซึ่งเป็นพื้นที่ติดกับถ้ำหลวงขุนน้ำนางนอน
7-7062-74.wav	ก็อยู่ที่จังหวัดเชียงรายกันเลยละนะ
7-7065-44.wav	บ้านเลขที่51หมู่4อำเภอสารภีจังหวัดเชียงใหม่ครับ
7-7066-62.wav	มาทำร้ายในเส้นทางที่เดินทางเป็นประจำ
7-7069-9.wav	ก็อย่างช่วงปีใหม่ที่จะถึงนี้นะคะก็จะกลับบ้านที่จังหวัดบึงกาฬค่ะ
7-7073-13.wav	ชาวสวนอำเภอบ้านแพ้วจังหวัดสมุทรสาครนี่เองค่ะ
7-7074-61.wav	จะเดินทางมาเป็นประธานในการประชุม
7-7075-39.wav	อำเภอวังโป่งจังหวัดเพชรบูรณ์
7-7077-15.wav	ลงพื้นที่ภาคอีสานครั้งแรกที่จังหวัดนครราชสีมานะครับ
7-7077-33.wav	ก็เลยเดินทางมาที่โคราชนี่นะครับ
7-7077-45.wav	ส่วนการเดินคารวะแผ่นดินเป็นวันที่6ของนายสุเทพเทือกสุบรรณ
7-7077-58.wav	ที่เคยชูป้ายใส่นายอภิษฎเวชาชีวอภิสิทธิ์เวชชาชีวะหัวหน้าพรรคประชาธิปัตย์
7-7077-61.wav	ส่วนเรื่องของการเดินสายคารวะแผ่นดินของนายสุเทพเทือกสุบรรณนะครับ
7-7077-64.wav	ฟังเสียงว่ารองนายกรัฐมนตรีตอบประเด็นนี้ว่าอย่างไรนะครับ
7-7078-5.wav	ที่จังหวัดบุรีรัมย์บอกว่าเดี๋ยวจะขอเป็นคนจ่ายเงินทั้งหมด
7-7087-19.wav	คดีนี้ตำรวจภูธรจังหวัดสมุทรปราการ
7-7087-33.wav	ได้ในขณะนั่งดื่มเบียร์ที่ร้านชำริมแม่น้ำโขงจังหวัดมุกดาหาร
7-7087-38.wav	สังเกตเห็นนางมะลิสวมสร้อยคอทองคำหนัก50สตางค์
7-7087-45.wav	แต่เป็นจังหวะที่นางมะลิมาเข้าห้องน้ำพอดี
7-7087-58.wav	ก่อนส่งตัวเข้าเรือนจำจังหวัดสมุทรปราการ
7-7088-1.wav	ใครชอบทานเครปยกมือขึ้นนี่เลยนี่ต้องไปทานร้านนี้ที่จังหวัดโอ๊ยผมรู้แล้ว
7-7088-21.wav	ประมาณนั้นที่จังหวัดพะเยานะฮะค่ะ
7-7088-4.wav	พาไปเลยนะครับลองชิมร้านนี้ที่จังหวัดพะเยาเขาบอกว่าขายอยู่แถวริมชายกว๊านในตัวเมืองพะเยา
7-7088-6.wav	ที่จังหวัดพะเยาแห่งนี้เพราะว่าป้ามะลิเขาเนี่ยนะมีสูตรเด็ดเฉพาะของครอบครัวเป็นคนในตระกูลที่ถ่ายทอดสืบต่อกันมา
7-7091-0.wav	คุณผู้ชมคะเดี๋ยวจะพามาดูเหตุการณ์ที่เกิดขึ้นในจังหวัดพะเยา
7-7093-1.wav	เริ่มต้นช่วงนี้ไปดูเหตุสะเทือนขวัญที่เกิดขึ้นกับครอบครัวหนึ่งที่จังหวัดตรังค่ะ
7-7093-31.wav	ผู้จัดการแบงก์แห่งหนึ่งในจังหวัดตรังนะฮะก่อนที่จะมีคน
7-7093-66.wav	จะเดินทางกลับมาบ้านหลังนี้ที่จังหวัดตรัง
7-7093-85.wav	ถ้าดูในภาพเนี่ยท่านจะเห็นพระรูปหนึ่งที่ท่านเดินทางมาเนี่ยนะฮะ
7-7093-8.wav	อยู่ในพื้นที่ในสวนสาธารณะพรุชีหมู่2ตำบลโคกหล่ออำเภอเมืองจังหวัดตรัง
7-7093-9.wav	ตำรวจสภ.เมืองจังหวัดตรังแล้วก็ชุดพิสูจน์หลักฐานแล้วก็แพทย์ด้วยนะครับ
7-7094-15.wav	วันนี้คือออกมาท่องเที่ยวกันหมดแล้วนะคะที่วัดแห่งนี้บรรยากาศก็เลยค่อนข้างคึกคักค่ะ
7-7094-16.wav	จำนวนนักท่องเที่ยวที่เดินทางมาเนี่ยไม่รู้กี่พันคนแล้วนะคะ
7-7094-21.wav	ส่วนเรื่องของการเดินทางโดยรถไฟในกรุงโตเกียวเนี่ยนะคะ
7-7094-24.wav	สามารถเดินทางกันได้ตามปกติแล้วนะคะก็ถือว่าตอนนี้กลับเข้าสู่ภาวะค่อนข้างปกติแล้ว
7-7096-33.wav	เดินทางไปสอบปากคำตำรวจที่อยู่ในงานด้วย
7-7096-37.wav	ตอนนี้ก็คือยังมีทั้งหมด29นายอยู่นะสำหรับตำรวจค่ะ
7-7097-0.wav	ว่ามีเกษตรกรท่านหนึ่งเป็นชาวนาในจังหวัดสุโขทัย
7-7099-44.wav	นางก็บอกว่าหนูไม่ได้อยากเล่นละคร
7-7104-0.wav	แต่ถ้าหากใครไม่มีเวลาที่จะเดินทางไปไกล
7-7107-32.wav	ทีมข่าวของเราก็เลยไปสอบถามเพื่อนของนายแม็กซ์
7-7108-23.wav	แล้วก็นำตัวผู้บาดเจ็บก็คือนายคงคา
7-7109-19.wav	ผู้ควบคุมการแข่งขันก็เดินทางไปโรงพยาบาลนะครับเพื่อประสานงานต่าง
7-7109-30.wav	ใช้เวลาเดินทางไม่ถึง3ชั่วโมงด้วยกันเจ้าตัวไม่มีอาการเพลีย
7-7109-31.wav	อาการเหนื่อยล้าให้เห็นนะครับซึ่งสาเหตุที่ต้องกลับบ้านที่จังหวัดกาฬสินธุ์นะครับ
7-7109-34.wav	แต่ว่ารายงานล่าสุดก็ออกมาบอกแล้วว่าจะกลับไปบำเพ็ญกุศลที่บ้านเกิดจังหวัดสุโขทัยนะครับ
7-7111-7.wav	พาไปดูชาวบ้านคำน้ำเกลี้ยงตำบลทุ่งแต๊อำเภอเมืองจังหวัดยโสธร
7-7114-18.wav	โดยความสำเร็จของนายอีลอนมัสก์
7-7118-13.wav	อำเภอนาดีได้ประสานหน่วยงานปพ.จังหวัดปราจีนบุรี
7-7118-18.wav	ที่ชุมชนตลาดเก่าเทศบาลกบินทร์บุรีจังหวัดปราจีนบุรี
7-7118-25.wav	แล้วก็น้ำในแควพระปรงไหลมาจากจังหวัดสระแก้ว
7-7118-27.wav	ไปที่จังหวัดสระแก้วกันหน่อยนะคะป้องกันและบรรเทาสาธารณภัยจังหวัด
7-7118-32.wav	จังหวัดชลบุรีนานหลายชั่วโมงนะครับชลบุรีพอน้ำท่วมอ่า
7-7119-106.wav	นี่คือเขาเล่าเป็นฉากเลยนายโด่งคนนี้
7-7119-83.wav	โอ้ยมีแต่คนแก่ไม่สะดวกหรอกเดินทางมาก็ไม่สะดวก
7-7120-7.wav	ซึ่งเป็นงานประจำปีของชาวอำเภอศรีเทพจังหวัดเพชรบูรณ์นะครับ
7-7121-23.wav	ในภาคเหนือคลี่คลายแล้วยังเหลือจังหวัดพะเยาและจังหวัดน่าน
7-7121-24.wav	ยังมีปัญหาอยู่ซึ่งก็ต้องรอให้น้ำลงสู่จังหวัดสุโขทัย
7-7121-25.wav	ส่วนจังหวัดพิษณุโลกก็ได้สั่งการให้กรมป้องกันและบรรเทาสาธารณภัย
7-7122-25.wav	จังหวัดได้ขึ้นอัตราค่าจ้างขั้นต่ำมากที่สุด
7-7122-30.wav	และอีก2จังหวัดที่น่าสนใจก็คือชลบุรีและระยอง
7-7122-31.wav	ทำไม2จังหวัดนี้ถึงได้เพิ่มค่าแรงขั้นต่ำสูงที่สุดรู้ไหม
7-7122-43.wav	จังหวัดที่ได้เพิ่มเงินเป็น325บาท
7-7122-49.wav	จังหวัดที่ได้เพิ่มเป็น320บาท
7-7122-54.wav	ส่วนจังหวัดที่ได้ขึ้นเป็น318บาทมี7จังหวัด
7-7122-58.wav	ก็มี21จังหวัดไล่เลียงแบบนี้
7-7122-57.wav	ส่วนจังหวัดที่ได้ขึ้นเป็น315บาท
7-7122-65.wav	จังหวัดที่ขึ้น310บาทมีอีก22จังหวัดฮะ
7-7122-66.wav	2จังหวัดที่ได้ค่าแรงขั้นต่ำนะคะ
7-7122-74.wav	ขณะที่จังหวัดที่ได้ค่าแรงที่ต่ำลงมาอีกสักนิดนึง2บาทนะคะ
7-7132-18.wav	เขาจัดไว้หลายจุดนะครับเพราะว่าทางจังหวัดเขาจัดไว้
7-7132-19.wav	ทั้งที่สนามกีฬากลางจังหวัดนะครับทั้งที่โรงงานต่างๆ
7-7132-4.wav	ซึ่งจริงจังหวัดเขาจัดไว้3ศูนย์3แห่ง
7-7134-11.wav	ตำรวจสภ.บ้านแพ้วจังหวัดสมุทรสาครและกู้ภัย
7-7137-21.wav	ซึ่งจากสัปดาห์ที่แล้วที่เราได้เดินทางไปค้นหาเรื่องราว
7-7137-26.wav	และในวันนี้ค่ะเราจะมุ่งหน้าสู่จังหวัดภูเก็ต
7-7137-29.wav	ระดับตำนานกันที่จังหวัดภูเก็ตกันมาแล้ว
7-7137-33.wav	โดยการเดินทางครั้งนี้ค่อนข้างจะไกลและอาจจะพบกับเส้นทางที่คดเคี้ยวสักหน่อย
7-7137-35.wav	เพราะเดินทางไปกับเพื่อนคู่ใจคันนี้ที่มีพวงมาลัยมัลติฟังก์ชัน
7-7137-38.wav	ทำให้การเดินทางครั้งนี้มาถึงภูเก็ตอย่างปลอดภัย
7-7139-14.wav	วันนี้ผู้สื่อข่าวไปพบกับนางสาวปูค่ะ
7-7140-0.wav	ท่านผู้ชมครับที่จังหวัดนครศรีธรรมราชนะครับที่ทุ่งใหญ่นะครับ
7-7142-28.wav	มีนางรำมาร่วมขบวนด้วย
7-7142-29.wav	แต่รู้สึกว่านางรำ2คนนี้ไม่ใช่2คนนี้นะ
7-7142-6.wav	ซึ่งท่านเป็นเจ้าเมืองคนแรกของอำเภอรัตนบุรีจังหวัดสุรินทร์
7-7148-12.wav	ฮะในพื้นที่ตำบลเขาหลวงอำเภอวังสะพุงจังหวัดเลยนะครับได้ยินเสียงผู้หญิงและผู้ชายนะ
7-7148-18.wav	แล้วก็สร้างบ้านพักตากอากาศหลังนี้ไว้ที่จังหวัดเลยโอ้โหใส่เฟอร์นิเจอร์แบบครบทุกอย่างเลยนะ
7-7148-48.wav	แล้วก็แจ้งกำนันเขาหลวงเดินทางลงพื้นที่มาตรวจสอบ
7-7148-58.wav	ซื้อบ้านพักตากอากาศหลังนี้ที่จังหวัดเลยเอาไว้
7-7148-66.wav	พอตำรวจกว่า10นายมาถึง
7-7152-8.wav	บอกว่าเดินทางมาจากบ้านบ้านอยู่แถวบางใหญ่นะคะ
7-7154-1.wav	ขวบนะคะล็อตแรกเดินทางมาถึงประเทศไทยเป็นที่เรียบร้อยแล้ว
7-7155-20.wav	เป็นหลักฐานที่โรงพักสภ.พุนพินแล้วก็เดินทางกลับเลย
7-7155-3.wav	จังหวัดนครราชสีมาแหมพอถูกหวยญาติก็จะมาเยอะเออ
7-7155-5.wav	เขาเป็นพนักงานจัดเก็บรายได้ขององค์การบริหารส่วนตำบลเมืองโดนอำเภอประทายจังหวัดนครราชสีมา
7-7156-57.wav	อยากให้ผู้ก่อเหตุได้เดินทางเข้ามาช่วยเหลือดูแล
7-7160-4.wav	ในร้านรับติดตั้งกล้องวงจรปิดที่จังหวัดนครศรีธรรมราช
7-7155-30.wav	บอกว่าจะแบ่งไปทำบุญ9วัดที่บ้านเกิดในจังหวัดสุรินทร์
7-7155-42.wav	ไปดูขึ้นเหนือนะมี2จังหวัดมีที่เลยนะฮะ
7-7162-25.wav	ส่วนทางด้านนางชีฮาซีนานายกรัฐมนตรีบังกลาเทศก็ได้กล่าวประนามเหตุโจมตีครั้งนี้
7-7162-30.wav	ส่วนทางด้านนายโคอิจิฮากิอูดะรองเลขาธิการคณะรัฐบาลญี่ปุ่นเปิดเผยว่า
7-7163-49.wav	ทั้ง3จังหวัดให้ประชาชนได้เอ่อประชาชนได้มีโอกาสเข้าชม
7-7163-51.wav	โดยที่หอดูดาวเฉลิมพระเกียรติที่แม่ริมจังหวัดเชียงใหม่เนี้ย
7-7165-12.wav	ตำบลบ้านดู่อำเภอเมืองจังหวัดเชียงราย
7-7165-39.wav	ใกล้กับสนามกอล์ฟในจังหวัดเชียงใหม่
7-7165-42.wav	เบื้องต้นผู้เป็นแม่อ้างว่าขับรถมาที่จังหวัดเชียงใหม่
7-7165-73.wav	เมื่อนายโอเห็นว่าแม่ที่อยู่ข้างห้องโวยวาย
7-7165-87.wav	นายโอเป็นผู้ต้องหาที่ก่อเหตุเพียงคนเดียว
7-7168-29.wav	กับการทำปิ่นโตข้าวนี้ในจังหวัดอ่างทอง
7-7169-6.wav	เป็นถนนบายพาสตัดใหม่หน้าหอการค้าจังหวัดร้อยเอ็ดนะคะที่อำเภอเมืองร้อยเอ็ดค่ะ
7-7171-32.wav	ผู้ต้องสงสัยในคดีความมั่นคงใน3จังหวัดชายแดนภาคใต้
7-7172-10.wav	คือเดินทางกันระยะเวลายาวไกลมากค่ะ
7-7172-3.wav	จะเริ่มต้นเดินทางจากอุบลราชธานีในประเทศไทยนี่แหละค่ะ
7-7172-69.wav	และเราก็จะเดินทางไปสู่จุดหมาย
7-7172-6.wav	เขาเรียกว่าเดินทางไป5ประเทศเลย
7-7172-8.wav	กลับเข้ามานะคะที่ประเทศไทยผ่านจังหวัดตาก
7-7174-17.wav	อยู่ที่หมู่2ตำบลรวมไทยพัฒนาอำเภอพบพระจังหวัดตาก
7-7175-6.wav	เพราะว่าช่วงที่เธอเดินทางไปญี่ปุ่นดูแลตัวเองเป็นอย่างดีค่ะ
7-7178-1.wav	ปริมณฑลนี่เองจังหวัดนนทบุรีกลางห้างดังเลยนะคะ
7-7182-4.wav	ทานเลยที่จังหวัดระยอง
7-7183-15.wav	เป็นชาวอำเภอกันตังจังหวัดตรังค่ะ
7-7183-17.wav	ถูกจับในพื้นที่สภ.อ่าวนางจังหวัดกระบี่
7-7183-19.wav	เป็นชาวอำเภอปลายพระยาจังหวัดกระบี่ถูกจับคดียาเสพติดเหมือนกัน
7-7183-42.wav	มาศึกษาจังหวัดกระบี่ที่อยู่ติดกันกับเรือนจำแล้วก็ปีนออกไป
7-7185-13.wav	ผู้บังคับการตำรวจภูธรจังหวัดราชบุรี
7-7185-22.wav	ที่ไซต์งานก่อสร้างที่ศาลายาจังหวัดนครปฐม
7-7186-63.wav	เชิญนายคนนี้มาสอบปากคำเพิ่มเติมฮะ
7-7188-0.wav	การทำข้าวเปิ๊บที่บ้านนาต้นจันทร์อำเภอศรีสัชนาลัยจังหวัดสุโขทัย
7-7192-25.wav	จนกระทั่งปลายปี2562ค่ะนายสมหวังเขาบอกว่า
7-7192-118.wav	กับนายสมหวังคือตั้งใจว่าจะไปให้กำลังใจค่ะ
7-7192-34.wav	แต่ก็ยังไม่เป็นผลค่ะตอนนี้นะคะนายสมหวัง
7-7192-4.wav	หมอปลามือปราบสัมภเวษีเดินทางมาและลงพื้นที่ไปดูว่ามีอาถรรพ์ที่ต้นโพธิ์ต้นนี้จริงหรือไม่
7-7196-17.wav	สร้างความเสียหายให้แก่12จังหวัดในภาคใต้เพียงชั่วข้ามคืน
7-7196-20.wav	อำเภอปากพนังจังหวัดนครศรีธรรมราช
7-7197-27.wav	4นายด้วยกันได้รับแจ้งจากชาวบ้านบอกว่า
7-7205-16.wav	นอนอยู่บ้านญาติที่จังหวัดชลบุรีนี่ค่ะนี่นี่ตามตามไปแทงเขาต่อ
7-7209-29.wav	เป็นนักธุรกิจที่เดินทางเข้ามาลงทุนในประเทศไทยตั้งแต่เดือนกันยายน
7-7209-31.wav	จึงเดินทางเข้าพบตำรวจเพื่อแสดงความบริสุทธิ์ใจด้วยตัวเอง
7-7210-0.wav	พาคุณผู้ชมไปที่จังหวัดขอนแก่นไปดูที่เรื่องของอุบัติเหตุนันบ้างนะครับ
7-7211-9.wav	อำเภอเมืองจังหวัดหนองคายบันทึกภาพผู้ชายคนนึงค่ะ
7-7212-177.wav	ส่วนสัปดาห์หน้าเราจะไปตามหาเมนูเส้นที่เมืองนาเกลือจังหวัดสมุทรสาคร
7-7214-31.wav	วิดีโอคอลไปคุยกับลูกสาวที่จังหวัดสระแก้วนะครับ
7-7002-19.wav	เขตอำเภอบางละมุงจังหวัดชลบุรีเนี่ยยกระดับมาตรการคุมเข้ม
7-7006-6.wav	ซึ่งมีประชาชนที่เดินทางมาทั้งจากต่างจังหวัดและพื้นที่กรุงเทพมหานครนะคะ
7-7006-0.wav	ค่ะประชาชนที่เข้าร่วมพระราชพิธีนั้นก็เดินทางกลับไปพร้อมน้ำตานะคะ
7-7192-57.wav	เดินทางไปเลยค่ะนี่ค่ะไปพบกับนายสมหวัง
7-7187-20.wav	หมู่3ตำบลสำราญจังหวัดยโสธร
7-7215-0.wav	ท่านผู้ชมครับที่จังหวัดบุรีรัมย์ที่หมู่บ้านแห่งหนึ่งตำบลตะโกตาพิอำเภอประโคนชัยนี่นะ
7-7215-7.wav	ตะโกตาพิอำเภอประโคนชัยจังหวัดบุรีรัมย์คือสภาพก็เมาด้วย
7-7222-0.wav	เอาละในช่วงนี้เดี๋ยวไปกันที่จังหวัดศรีสะเกษกันหน่อยนะครับ
7-7226-36.wav	หนึ่งในจังหวัดสีขาวของประเทศไทย
7-7227-8.wav	ไปที่นี่ร้านขายของเก่าในตำบลบ่อวินอำเภอศรีราชาจังหวัดชลบุรีค่ะ
7-7230-12.wav	ในพื้นที่จัดงานเลี้ยงนะคะมีตำรวจ29นาย
7-7230-14.wav	กลุ่มที่1คือผู้เสียชีวิตและบาดเจ็บ2นายนะ
7-7230-15.wav	กลุ่มที่2คือตำรวจที่ถูกดำเนินคดีไปแล้ว6นาย
7-7230-17.wav	อันนี้มี6นายอยู่ในรถทั้ง2คัน
7-7230-18.wav	ส่วนกลุ่มที่4คือกลุ่มที่มีพฤติการละเว้นการปฏิบัติหน้าที่15นายนะ
7-7231-54.wav	อยู่ที่อำเภอเทิงจังหวัดเชียงราย
7-7231-62.wav	ที่ตำบลเวียงอำเภอเทิงจังหวัดเชียงรายก็ถือว่าเป็นการส่งเสริมการท่องเที่ยว
7-7231-6.wav	จริงแล้วนะกว่าเราจะเดินทางไปถึงได้นะมันก็เป็นเส้นทางที่พอสมควรนะ
7-7233-1.wav	คุณผู้ชมครับเขามีพิธีกรรมหนึ่งที่เกี่ยวข้องกับเทศกาลกินเจกับพิธีกรรมลุยไฟที่จังหวัดพังงา
7-7236-10.wav	ในพื้นที่หมู่11ตำบลบางป่าอำเภอเมืองจังหวัดราชบุรี
7-7236-1.wav	ในพื้นที่จังหวัดราชบุรีอะค่ะมีฝนตกหนักฝนฟ้าคะนอง
7-7237-28.wav	ก็คือเรื่องของการอ่าเพิ่มประสิทธิภาพของการทำงานของสำนักงานพระพุทธศาสนาจังหวัด
7-7237-29.wav	พสจ.จังหวัดต้องทำงานร่วมกับเจ้าคณะจังหวัด
7-7238-77.wav	ในจังหวัดเชียงรายซึ่งไม่รู้ว่ามากับใคร
7-7240-38.wav	ส่วนนายจตุพรพรหมพันธุ์ประธานแนวร่วมประชาธิปไตย
7-7247-69.wav	ก็คือสำหรับเวลาแบบสถานที่ที่ต้องใช้เวลาในการเดินทางนาน
7-7252-5.wav	หลายคนก็เดินทางจะกลับไปพบกับครอบครัว
7-7259-15.wav	ก็เลยไปรู้จักกับผู้ชายคนหนึ่งนะเป็นคนจังหวัดพิษณุโลก
7-7259-19.wav	ก็ส่งไปที่อำเภอพยุหะคีรีจังหวัดนครสวรรค์
7-7261-28.wav	รุ่นอายุไม่เกิน21ปีที่จังหวัดร้อยเอ็ด
7-7271-0.wav	ตำรวจสภ.ทุ่งคอกจังหวัดสุพรรณบุรีกำลังเร่งติดตามตัวคนร้ายที่ก่อเหตุ
7-7271-52.wav	จากนั้นได้ออกจากบ้านไปทำงานที่จังหวัดปทุมธานี
7-7276-7.wav	โพสต์โดยเฟซบุ๊คที่ชื่อว่าแม่นายการะเกด
7-7280-24.wav	ที่ศาลากลางจังหวัดนนทบุรีก่อนหลบหนีไป
7-7280-39.wav	เพราะต้องการเงินเดินทางกลับบ้าน
7-7280-40.wav	มหาชัยจังหวัดสมุทรสาคร
7-7291-1.wav	ตำรวจภูธรบ้านโป่งจังหวัดราชบุรีครับสนธิกำลังกันกับตำรวจทหารและฝ่ายปกครอง
7-7291-2.wav	ร่วมกันจับกุมหญิงสาวอายุเพียง16ปีครับซึ่งเป็นชาวจังหวัดกาญจนบุรี
7-7292-21.wav	เป็นนายกอบต.สระแก้วชี้แจงบอกว่า
7-7292-3.wav	อบต.สระแก้วแต่อยู่ที่จังหวัดเพชรบูรณ์
7-7292-7.wav	จังหวัดเพชรบูรณ์จัดซื้อถุงห่วงใย200ชุด
7-7293-42.wav	ไปค้นบ้านพักนายวิวที่จังหวัดนนทบุรี
7-7293-43.wav	แล้วก็บ้านในเลาะที่จังหวัดปัตตานี
7-7297-28.wav	การคัดเลือกบุคลากรมาช่วยราชการในจังหวัดชายแดนภาคใต้มี2ลักษณะ
7-7299-11.wav	ตำรวจภูธรปราจีนบุรีและสำนักงานอุตสาหกรรมจังหวัด
7-7299-6.wav	และจะกระทบกับผู้คนในพื้นที่แล้วก็จังหวัดใกล้เคียงด้วย
7-7300-7.wav	ซึ่งถือมีดปลายหอกจังหวะเดียวกับที่คนร้ายพุ่งเข้าใส่พร้อมจ้วงแทงไปที่ลำตัวของนายดาบ
7-7302-1.wav	โรงเรียนแห่งหนึ่งที่จังหวัดเพชรบุรีกันหน่อยนะคะ
7-7310-21.wav	ทีนี้มาดูเรื่องของคดีความศาลจังหวัดชัยนาทให้ประกันตัวพ่อเลี้ยงที่ก่อเหตุค่ะ
7-7310-27.wav	ในตำแหน่งประธานชมรมวิทยุจังหวัดชัยนาทแทนตัวผู้ต้องหานะคะ
7-7311-25.wav	อำเภอคลองหลวงจังหวัดปทุมธานีนะคะ
7-7311-5.wav	ให้แม่มารับหน่อยอยากจะไปอยู่กับแม่แท้ที่จังหวัดระยอง
7-7312-18.wav	อำเภอศรีสำโรงจังหวัดสุโขทัย
7-7313-40.wav	แล้วหลายคนก็พุ่งเป้าไปที่อดีตนายกอบต.นั่นเอง
7-7313-9.wav	ทั้งญาติของผู้เสียชีวิตแล้วก็ญาติของนายกอบต.บางสมบูรณ์เองเนี่ยก็เข้าไปพบค่ะ
7-7314-13.wav	ปลัดอำเภอรวมถึงตำรวจของสภ.พลับพลาชัยที่จังหวัดบุรีรัมย์เนี่ย
7-7314-71.wav	ก็เดินทางมาติดตามความคืบหน้าคดี
7-7316-20.wav	สถานที่ท่องเที่ยวในประเทศไทยที่ชื่นชมประเทศไทย
7-7316-55.wav	ได้แจ้งให้ทางรัฐมนตรีท่องเที่ยวได้ทราบแล้วถึงเรื่องนี้นะครับ
7-7317-51.wav	ซึ่งการขายผ่านออนไลน์นั้นจะแพร่กระจายไปทุกจังหวัด
7-7317-52.wav	เพราะทุกจังหวัดสามารถดูได้แปลว่าอะไรคะตรงนี้
7-7317-53.wav	ดังนั้นต้องมีการขออนุญาตในการขายกล่องสุ่มทั้ง77จังหวัด
7-7320-1.wav	ทีมนักประดาน้ำทีมกู้ภัยที่เขามาจากต่างประเทศเนี่ยก็ทยอยเดินทางกลับ
7-7320-22.wav	เพราะว่าพอเสร็จสิ้นภารกิจเขาก็แยกย้ายเดินทางกลับประเทศกัน
7-7320-55.wav	แต่ละคนที่เดินทางมาที่ถ้ำหลวงนี่ก็เป็นนักประดาน้ำหรือว่านักดำน้ำที่ต้องเป็นนักดำน้ำในถ้ำนะ
7-7321-136.wav	นอกจากนี้เจ้าหน้าที่กรมคุ้มครองสิทธิและเสรีภาพกระทรวงยุติธรรมได้เดินทางมาสอบถามผลคดีกับพนักงานสอบสวน
7-7322-13.wav	ทำนายลูกชายว่าจะตายตอน43ไม่คิดว่าจะเกิดขึ้นจริงๆ
7-7328-0.wav	ที่จังหวัดบุรีรัมย์เกิดเหตุอุกอาจผู้ชายอายุสักประมาณ29ปีค่ะ
7-7328-9.wav	จังหวัดบุรีรัมย์เหตุการณ์เนี่ยเกิดขึ้นบ่ายเมื่อวานนี้
7-7329-15.wav	สุนัขตัวดังกล่าวก็หันมามองกู้ภัย2นาย
7-7335-10.wav	ซึ่งจากการสอบสวนประวัติการเดินทางช่วงที่ผ่านมาของชายวัย29คนนี้ก็พบว่าตั้งแต่ช่วงเย็นของวันศุกร์ที่1พฤษภาคมและร่วงเลยไปจนถึงวันถัดไป
7-7335-16.wav	ทำให้สำนักงานตำรวจแห่งชาติเกาหลีใต้เคลื่อนกำลังพลกว่า8500นายทั่วประเทศ
7-7335-26.wav	กรุงโซลกำลังดำเนินการติดตามบุคคลที่เคยเดินทางไปยังพื้นที่ดังกล่าวราว1100ราย
7-7337-466.wav	เริ่มแรกเลยอยู่ที่อำเภอสองพี่น้องจังหวัดสุพรรณบุรีค่ะ
7-7337-557.wav	กุ้งกล้ามกรามทอดเกลือเมนูพื้นบ้านของจังหวัดสุพรรณบุรี
7-7338-25.wav	ปรากฏว่านางก็ยังไม่หมดสัญญาเดิมอันนี้คือรู้มานานแล้วล่ะ
7-7340-11.wav	คนขับรถบรรทุกสินค้าทราบว่าก่อนเกิดเหตุขับรถมาจากจังหวัดบุรีรัมย์
7-7340-34.wav	ล่าสุดเกิดขึ้นที่จังหวัดอุดรธานี
7-7340-3.wav	ที่จังหวัดนครราชสีมาเกิดอุบัติเหตุ
7-7343-12.wav	อำเภอบางปะกงจังหวัดฉะเชิงเทรา
7-7344-21.wav	เป็นคนในจังหวัดนครศรีธรรมราชนี่แหละบอกว่า
7-7345-19.wav	แล้วก็มีตำรวจนอกเครื่องแบบ4นายบอกให้หยุดรถ
7-7346-1.wav	ฝากไปถึงผู้อำนวยการโรงเรียนแห่งหนึ่งในจังหวัดชลบุรี
7-7346-24.wav	ไปที่โรงเรียนในอำเภอศรีราชาจังหวัดชลบุรี
7-7348-43.wav	บางครั้งก็กีดขวางกับผู้โดยสารที่เขาจะเดินทาง
7-7348-45.wav	ทางการรถไฟก็ได้รับการร้องเรียนจากกลุ่มผู้โดยสารที่เดินทางนะฮะ
7-7348-47.wav	กลุ่มผู้โดยสารที่อ่าจะเดินทางต่อในตอนเช้านะฮะ
7-7350-0.wav	ก็เหมือนเดิมครับ77จังหวัดเขาก็เต็มที่กับการเอาเรื่องของจังหวัดมาปรับให้เป็นความอลังการ
7-7350-8.wav	แต่ว่าแต่ละจังหวัดเขาก็จะเอาอะไรดีของเขาเนี่ยมาจัดการให้กลายเป็นชุดนำเสนอให้ได้
7-7352-2.wav	แล้วก็ได้เห็นบรรยากาศของที่เขาจัดงานกันไปที่จังหวัดจันทบุรีนะคะ
7-7353-25.wav	ปากน้ำประแสที่อำเภอแกลงจังหวัดระยองนะคะ
7-7354-0.wav	วันเสาร์ที่ผ่านมานะคะทางเทศบาลตำบลหาดเจ้าสำราญจังหวัดเพชรบุรีค่ะ
7-7355-41.wav	แล้วก็มีคนที่เดินทางกลับจากต่างประเทศมา2ราย
7-7355-42.wav	แล้วก็มีคนที่สัมผัสกับคนที่เดินทางกลับจากต่างประเทศ1ราย
7-7355-77.wav	ยังเป็นกำลังใจให้กับทั้ง11จังหวัดนี้อยู่นะครับ
7-7355-93.wav	เป็นการเตรียมการในระดับจังหวัด
7-7356-100.wav	ท่าอากาศยานสุวรรณภูมิจังหวัดสมุทรปราการ
7-7357-19.wav	เลยอยากจะตอบแทนน้ำใจให้กับพี่น้องหลายจังหวัดที่เคยช่วยเหลือชาวจันทบุรีแบบไม่ทิ้งกันด้วย
7-7357-22.wav	ก็ถูกส่งต่อไปยังพื้นที่ที่ประสบภัยหลายๆพื้นที่หลายๆจังหวัด
7-7357-27.wav	นี่เป็นบรรยากาศเพียงแค่ส่วนหนึ่งจังหวัดหนึ่งพื้นที่หนึ่งเท่านั้น
7-7357-5.wav	ไปกันที่ลานหน้าศาลากลางจังหวัดจันทบุรีค่ะ
7-7358-12.wav	เป็นนักเรียนชั้นม3ของโรงเรียนเอกชนชื่อดังในจังหวัดพิษณุโลก
7-7358-6.wav	ในโรงเรียนเอกชนชื่อดังในจังหวัดพิษณุโลกนะคะ
7-7359-0.wav	รวบผู้ต้องสงสัยนะคะที่ยิงนายกอบต.ไปตรวจค้นบ้าน
7-7359-12.wav	นำกำลังมา300กว่านายกระจายกำลัง
7-7359-164.wav	ที่อำเภอองครักษ์จังหวัดนครนายก
7-7359-4.wav	ที่รถของนายกอบต.บังสมบูรณ์นี่ถูกยิง
7-7359-50.wav	มีนายกอบต.คนปัจจุบันแล้วก็มีผู้ตายเนี้ย
7-7359-58.wav	เป็นอดีตนายกอบต.คนเก่า
7-7359-79.wav	นายกคนปัจจุบันเนี้ยเขาตรวจสอบเรื่องราวของอดีตนายกคนเก่าหรือเปล่า
7-7359-7.wav	ทำให้คนขับรถกับรองนายกอบต.เสียชีวิต
7-7359-8.wav	ส่วนนายกอบต.เนี้ยได้รับบาดเจ็บแล้วที่ปรึกษาไม่เป็นอะไร
7-7361-18.wav	ที่จังหวัดนครราชสีมาเนี้ย
7-7361-36.wav	ที่อำเภอเมืองจังหวัดนครราชสีมา
7-7364-27.wav	ของจังหวัดและส่งเสริมการท่องเที่ยว
7-7364-32.wav	สาธิตการทำว่าวควายการโชว์ว่าวจากจังหวัดและประเทศต่าง
7-7369-30.wav	ร้านนี้เป็นสุดยอดของอาหารยำที่ในจังหวัดเลยเลยนะ
7-7372-20.wav	ในอำเภอศรีราชาจังหวัดชลบุรีครับตำรวจสภ.ศรีราชา
7-7374-43.wav	ระมัดระวังเรื่องการเดินทางและดูแลสุขภาพด้วย
7-7376-14.wav	และร่วมกันปลอมและใช้ดวงตรารอยตราหรือแผ่นปะตรวจลงตราการเดินทางระหว่างประเทศ
7-7378-2.wav	เป็นคลิปเหตุการณ์ชาวบ้านที่ตำบลประสาทอำเภอบ้านกรวดจังหวัดบุรีรัมย์ค่ะ
7-7381-9.wav	สดจากจังหวัดนครศรีธรรมราช
7-7384-102.wav	เอาละครับคุณผู้ชมครับเดินทางมาถึงช่วงสุดท้ายของตลอนข่าวในวันนี้แล้วนะครับ
7-7384-22.wav	ในพื้นที่ของจังหวัดสุราษฎร์ธานี
7-7384-3.wav	ติดตามได้นะครับจากรายงานไปกันที่จังหวัดสุราษฎร์ธานีครับ
7-7384-47.wav	จึงขอเข้าร่วมโครงการและฝึกฝนจนสามารถเป็นนายหนังตะลุง
7-7384-6.wav	อำเภอเมืองจังหวัดสุราษฎร์ธานีเรียกได้ว่าหาชมได้ยากเลยล่ะค่ะ
7-7384-75.wav	บ้านสายตรีพัฒนาตำบลบึงเจริญอำเภอบ้านกรวดจังหวัดบุรีรัมย์
7-7384-79.wav	กลายเป็นแหล่งท่องเที่ยวแห่งใหม่ของจังหวัดนะคะ
7-7384-81.wav	ก็จะมีประชาชนและก็นักท่องเที่ยวจากหลายจังหวัดทั่วประเทศมารวมตัวกัน
7-7384-94.wav	จึงพาญาติพี่น้องเดินทางมาดูกัน
7-7388-24.wav	ยังเผชิญกับความยากลำบากในการเดินทางนั้น
7-7389-31.wav	ตำบลกุตาไก้อำเภอปลาบากจังหวัดนครพนม
7-7389-50.wav	ความกับพนักงานสอบสวนสภ.กุตาไก้จังหวัดนครพนมเพื่อ
7-7390-27.wav	เดินทางมาเที่ยวกำลังจะกลับกรุงเทพมหานครระหว่างขี่ลงเขาตามเส้นทางที่คุณผู้ชมเห็น
7-7396-4.wav	โรงพยาบาลท่าม่วงจังหวัดกาญจนบุรีนะคะ
7-7397-34.wav	มันทำเกินไปหรือเปล่านี่เห็นไหมฮะจังหวัดตรงนี้นะฮะ
7-7397-41.wav	ที่อำเภอเมืองจังหวัดระยองยังมีร่องรอยกระถางต้นไม้ที่แตกอยู่นะครับ
7-7400-122.wav	ราชการจังหวัดที่ท่านพูดถึงนะครับว่าขอกักตัวได้ไหม
7-7400-152.wav	โอเคชื่อบริษัทที่จังหวัดชลบุรีจริงนะครับขออนุญาตไม่เอ่ยไม่เอ่ยนามเพราะเขาไม่เกี่ยวข้องด้วย
7-7400-155.wav	เดินทางเข้ามา1กุมภาฯท่านละนึกภาพสิครับว่ากี่เดือนนะครับทุกอย่างขั้นตอนการเนมลิสที่เข้ามาก็มาจากทางต่างประเทศ
7-7400-195.wav	ผมเรียนนะครับว่าแล้วไม่ใช่นายกรัฐมนตรีที่ชื่อพลเอก
7-7400-216.wav	มีตั้งสมาชิกตั้งหลายล้านคนมอบดอกไม้ขอบคุณท่านนายกรัฐมนตรี
7-7401-2.wav	ปริมาณน้ำเนี่ยทะลักเข้าท่วมบ้านที่จังหวัดสระบุรีแล้ว
7-7403-10.wav	เขาก็เลยเป็นผู้ป่วยคนแรกของจังหวัดอุบล
7-7403-29.wav	แถวบางแสนแล้วก็เดินทางไปที่จังหวัดอุบลราชธานี
7-7403-35.wav	และหลังจากนั้นค่ะเดินทางมายังสนามบินดอนเมือง
7-7404-11.wav	ซึ่งจะใช้กำลังตำรวจจราจรจากกองบังคับการตำรวจจราจร50นายด้วยกัน
7-7406-124.wav	ได้รับการปล่อยตัวจากเรือนจำกลางนะครับจังหวัดสมุทรปราการเรียบร้อยแล้วนะครับ
7-7406-196.wav	ปั๊มปตท.ที่จังหวัดระนองนะ
7-7406-208.wav	เลยคิดลงมือหลังจากที่ได้หลบหนีไปยังจังหวัดระนอง
7-7407-20.wav	ตำบลสำโรงเหนือจังหวัดสมุทรปราการครับอืม
7-7411-20.wav	แล้วการเดินทางเป็นอะไรที่ไม่น่าเบื่อ
7-7411-25.wav	กับจังหวัดที่เรียกว่ามีแบบประวัติศาสตร์แบบของประเทศเราแบบสุดๆเลย
7-7411-33.wav	ฝากไว้ด้วยนะคะกับจังหวัดพระนครศรีอยุธยาค่ะ
7-7411-9.wav	นั่นก็คือจังหวัดพระนครศรีอยุธยานั่นเองค่ะ
7-7412-13.wav	ดังนั้นก็ตามใครที่จะเดินทางไปท่องเที่ยวจึงต้องตรวจสอบสภาพอากาศต่อเนื่องเป็นประจำสม่ำเสมอ
7-7414-0.wav	ก็ลงพื้นที่ที่จังหวัดหนองบัวลําภูนะคะ
7-7414-11.wav	ซึ่งรองผบ.ตร.บอกว่าก็มีการระดมพนักงานสอบสวนมาจากทุกจังหวัดเลยนะคะ
7-7414-134.wav	ก่อนเปิดเผยว่าสั่งการให้ฝ่ายปกครองภายใต้การนำของผู้ว่าแต่ละจังหวัด
7-7414-141.wav	คือให้พ่อเมืองครับผู้ว่าแต่ละจังหวัดและในอำเภอผู้นำชุมชน
7-7414-18.wav	เพื่อไม่ให้เขาเนี่ยต้องลำบากเดินทางไปให้การที่โรงพักนะครับ
7-7414-6.wav	ลงพื้นที่ที่อบต.อุทัยสวรรค์ที่จังหวัดหนองบัวลําภู
7-7416-1.wav	วันนี้คุณแม่ของผู้เสียชีวิตได้เดินทางมาร่วมงานศพของลูกสาว
7-7416-29.wav	ทราบเรื่องจากญาติที่อยู่ในเมืองไทยก็เลยรีบเดินทางมา
7-7416-35.wav	เดินทางมาติดต่อเพื่อขอรับศพแล้ว
7-7416-8.wav	เดินทางมางานศพลูกสาว
7-7417-16.wav	เมื่อสถานการณ์เป็นเช่นนี้นะครับในอำเภอท่าเรือจังหวัดพระนครศรีอยุธยา
7-7417-9.wav	พบว่าเริ่มสูงขึ้นซึ่งเป็นผลมาจากน้ำจากจังหวัดเพชรบูรณ์
7-7427-0.wav	ความช่วยเหลือมาค่ะเป็นชาวบ้านที่จังหวัดฉะเชิงเทรา
7-7428-12.wav	อยู่ที่ค่ายมวยแห่งหนึ่งที่จังหวัดชลบุรียังหลบหนีอยู่ค่ะ
7-7430-0.wav	ที่จังหวัดแพร่ก็เกิดเหตุระทึกเหมือนกันนะฮะ
7-7430-24.wav	ขนท่อนไม้เป็นไม้มะขามนะฮะไปขนมาจากจังหวัดน่าน
7-7430-25.wav	ระหว่างขับรถเดินทางกลับบ้านมาถึงจุดตรงนี้นะฮะ
7-7430-7.wav	นะฮะหน้าทิ่มลงไปในคลองชลประทานเกิดขึ้นที่จังหวัดแพร่นะครับ
7-7431-15.wav	เดินทางไปถึงมีรถน้ำมา2คันฉีดน้ำเพื่อสกัดไฟครับ
7-7433-15.wav	ที่เคยสั่งซื้อผ่านเพื่อนของนายมี่
7-7433-16.wav	โดยนายมี่ได้ขี่รถจักรยานยนต์มาพร้อมกับเพื่อนอีก1คน
7-7433-18.wav	เมื่อได้จังหวะนายมี่ได้หักกุญแจรถเก๋งที่เสียบคาอยู่
7-7433-24.wav	แล้ววิ่งไปคว้ารถจักรยานยนต์ของนายมี่เพื่อขี่หลบหนี
7-7433-57.wav	และไม่คิดว่าสามีกับนายมี่จะรู้จักกันด้วย
7-7437-12.wav	เดินทางกลับมาถึงสนามบินสุวรรณภูมิ
7-7437-15.wav	เดินทางมาถึงเมื่อ2วันก่อนแล้ววันที่28พฤศจิกายนนะครับ
7-7439-45.wav	ซึ่งสามารถเดินทางมารับช่วงเวลาใดก็ได้ตามที่ผู้ใช้สะดวกเลยค่ะ
7-7442-0.wav	มาดูกันต่อที่เหตุการณ์ที่เกิดขึ้นที่จังหวัดปทุมธานีนะคะอันนี้ไม่รู้ว่าเป็นเพราะอะไร
7-7443-12.wav	หนึ่งเดียวในจังหวัดนครพนมเลยนะ
7-7446-12.wav	หากใครที่ตกเป็นผู้ต้องหาและเดินทางกลับเข้าประเทศ
7-7446-16.wav	หากเดินทางมาด้วยเครื่องบินส่วนตัว
7-7446-36.wav	รวมทั้งมอบหมายให้กับนายตำรวจชื่อนี้คุณผู้ชมครับ
7-7451-0.wav	เรื่องของการใช้รถใช้ถนนในช่วงที่จะมีการเดินทางกันเยอะๆเนี่ยนะครับ
7-7451-1.wav	ก็มีหลายจุดหลายหน่วยงานแล้วก็หลายจังหวัด
7-7451-3.wav	รณรงค์ลดอุบัติเหตุอย่างที่นี่ที่จังหวัดหนองคายครับ
7-7454-56.wav	นายกอบต.บางสมบูรณ์คนที่ถูกลอบยิง
7-7454-6.wav	นี่คือกล้องวงจรปิดจากรถตู้นายกอบต.บางสมบูรณ์นะ
7-7455-57.wav	เคยถูกจับข้อหาพยายามฆ่าในพื้นที่จังหวัดกาฬสินธุ์
7-7455-59.wav	กลับมาอยู่บ้านได้ไม่นานครับในพื้นที่จังหวัดเลย
7-7455-7.wav	หน้าบ้านหลังหนึ่งที่อำเภอด่านซ้ายจังหวัดเลย
7-7456-38.wav	ชื่อเล่นชื่อไอค่ะอายุ25ปีอยู่จังหวัดประจวบคีรีขันธ์
7-7458-11.wav	แถบจังหวัดระนองพังงาภูเก็ตกระบี่ช่วงนี้ก็จะมีฝนตกชุ่มฉ่ำหน่อยนะคะ
7-7458-14.wav	ทำให้บางพื้นที่บางจังหวัดในแถบตอนกลางภาคอีสานภาคเหนือบางแห่ง
7-7458-25.wav	แต่ตอนนี้สิคะคุณผู้ชมที่จังหวัดนครราชสีมาอยากจะพาคุณผู้ชมไปดูความสวยงามของผีเสื้อค่ะ
7-7458-27.wav	ที่นี่นะคะก็คือพื้นที่ที่อยู่ในจังหวัดนครราชสีมาอำเภอครบุรีนั่นเองนะคะ
7-7462-13.wav	ที่อำเภอพระสมุทรเจดีย์จังหวัดสมุทรปราการ
7-7463-10.wav	ถัดลงมาจากถ้ำหลวงขุนน้ำนางนอนนะครับ
7-7463-69.wav	จังหวัดเชียงรายก็บอกว่ายินดีแล้วก็เสียสละเพื่อช่วยเหลือ13ชีวิตออกมาได้นะครับ
7-7464-29.wav	แล้วก็จำหน่ายเพียงที่แรกที่เดียวในตัวเมืองจังหวัดขอนแก่นเลยนะครับ
7-7465-15.wav	ระหว่างทางรถคันนี้ไปจอดอยู่ที่หน้าร้านเป็นร้านค้าแห่งหนึ่งที่อำเภอชุมพวงจังหวัดนครราชสีมา
7-7467-108.wav	เมื่อคืนนี้ตำรวจ20กว่านายกระจายกำลังค้นหาผู้ต้องสงสัยตามห้องต่างๆ
7-7467-120.wav	ตำรวจภูธรจังหวัดสมุทรปราการพร้อมอาวุธครบมือ
7-7467-15.wav	เป็นคอนโดย่านเมืองทองในพื้นที่ตำบลบางโฉลงอำเภอบางพลีจังหวัดสมุทรปราการ
7-7467-17.wav	เป็นชาวจังหวัดพิจิตรกลับมาจากซื้อของที่ร้านสะดวกซื้อ
7-7467-223.wav	ขอเรียกเธอด้วยนามสมมุติเหมือนกันนางสาวฝนนะคะเธอก็บอกว่าช็อกมากที่เพื่อนรุ่นน้องมาถูกฆ่าตาย
7-7467-233.wav	ครับรองผู้บังคับการตำรวจภูธรจังหวัดสมุทรปราการก็ระดมตำรวจนะคะ
7-7467-283.wav	วันนี้จะนำศพไปประกอบพิธีทางศาสนาที่จังหวัดนครปฐม
7-7467-309.wav	รวมถึงเจ้าที่ตำรวจชุดสืบสวนภูธรจังหวัดสมุทรปราการมีการลงพื้นที่ค่ะตรวจเก็บวัตถุพยานหลักฐานต่างๆเพื่อคลี่คลายคดี
7-7468-4.wav	ในอำเภอบางปะกงจังหวัดฉะเชิงเทราค่ะ
7-7470-13.wav	แล้วก็อีกหลายจังหวัดนะครับก็มีรายงานว่าฝนตกเหมือนกัน
7-7470-41.wav	เอาล่ะเป็นอันว่าวันนี้คุณผู้ชมจะต้องวางแผนการเดินทางอย่าง
7-7471-68.wav	ก็คือว่าคณะกรรมาธิการร่างรัฐธรรมนูญเดินทางไป
7-7441-2.wav	บ้านนี้อยู่ที่หมู่2ตำบลบางกระเบาอำเภอนครชัยศรีจังหวัดนครปฐม
7-7443-10.wav	ชาวบ้านน้อยชลประทานตำบลเวินพระบาทอำเภอท่าอุเทนจังหวัดนครพนม
7-7471-69.wav	ทางจังหวัดไหนที่มีเป็นกลุ่มเป้าหมายที่ต้องไปทำ
7-7471-73.wav	ทางจังหวัดอบจ.อบต.ไม่รู้ล่ะ
7-7472-55.wav	เพื่อทำหนังสือชี้แจงให้ทางจังหวัดรับทราบข้อที่จริงอีกครั้ง
7-7477-31.wav	วัดป่าขันติธรรมจังหวัดศรีสะเกษ
7-7477-38.wav	จะไปสร้างที่วัดในจังหวัดสุพรรณบุรี
7-7478-115.wav	คือท่านเดินทางไปก่อนประชุมศบค.
7-7478-30.wav	ไอ้เรื่องของการปรับโซนสีตามจังหวัดต่างๆคงเดิมนะคะ
7-7478-31.wav	แปลว่าจังหวัดของท่านใช้มาตรการเหมือนเดิม
7-7478-59.wav	ผู้หญิงคนนี้เดินทางมาจากแม่สอดจังหวัดตากนะคะ
7-7481-10.wav	เหตุการณ์นี้เกิดขึ้นที่บ้านหนองไฮใต้ในอำเภอหนองบัวแดงจังหวัดชัยภูมิค่ะ
7-7489-1023.wav	หรือที่ชาวบ้านเรียกง่ายว่าวัดป่านาฝายจังหวัดเลย
7-7489-1030.wav	หลังจากนั้นก็กลับมาทำบุญต่อที่วัดป่าสว่างธรรมจังหวัดอุดร
7-7489-1075.wav	เป็นผู้ป่วยติดเตียงเพิ่งรู้นางก็ลุกขึ้นไปวิ่ง
7-7489-1086.wav	คุณพ่อใช้ชีวิตอย่างมีความสุขเดินทางไปต่างประเทศแทบจะทุกเดือน
7-7489-204.wav	อยู่ที่ตำบลพระพุทธบาทอำเภอพระพุทธบาทจังหวัดสระบุรีเนี่ย
7-7489-241.wav	จะคุมตัว2ผู้ต้องหาเนี่ยไปรอขออำนาจศาลจากจังหวัดสระบุรีก่อน
7-7489-283.wav	ที่เอ่อนายคนนี้เขาไปพบอยู่นะคะก็
7-7489-284.wav	เขาบอกว่าที่หมู่บ้านนี้นะคะอยู่ที่จังหวัดชัยภูมินะคะ
7-7489-287.wav	ชาวจังหวัดนครนายกจมน้ำเสียชีวิต
7-7489-660.wav	ที่จังหวัดเชียงใหม่ก็ที่อุทยานดาราศาสตร์สิรินธรอำเภอแม่ริม
7-7490-30.wav	ไปทานกันได้ร้านชื่อว่าร้านไอวานะกว๊านพะเยาอยู่ที่ตำบลเวียงอำเภอเมืองจังหวัดพะเยา
7-7490-8.wav	ตั้งอยู่ที่ถนนชายกว้านตำบลเวียงอำเภอเมืองจังหวัดพะเยา
7-7492-22.wav	ในพื้นที่หมู่6ตำบลนาท่อมอำเภอเมืองจังหวัดพัทลุง
7-7492-26.wav	นักธุรกิจรับเหมาก่อสร้างรายใหญ่ในจังหวัดพัทลุง
7-7492-42.wav	เดินทางไปติดตามความคืบหน้าของคดีด้วยตัวเองเลยนะคะ
7-7497-10.wav	กู้ชีพจังหวัดกาญจนบุรีช่วยหญิงสาวชาวเมียนมาอายุ40ปี
7-7498-8.wav	ก่อนจะเดินทางกลับด้วยสีหน้าเรียบเฉย
7-7499-12.wav	อยู่ที่ตำบลวังพงศ์อำเภอปราณบุรีจังหวัดประจวบคีรีขันธ์14ไร่นะครับ
7-7499-43.wav	ส่วนการขายที่ดินที่อำเภอปราณบุรีจังหวัดประจวบคีรีขันธ์นะครับ
7-7499-4.wav	สื่อก็พุ่งเป้าแล้วให้ความสนใจที่บัญชีทรัพย์สินของนายพิธาลิ้มเจริญรัตน์นะครับ
7-7502-126.wav	คุณผู้ชมครับเดินทางมาถึงตรงจุดนี้ครับ
7-7502-171.wav	เดินทางไปที่จังหวัดนครสวรรค์ครับขึ้นรถไป
7-7502-173.wav	และไปสังเกตการใช้ชีวิตของน้องเข้าสู่จังหวัดนครสวรรค์
7-7502-24.wav	ที่แม่กลองจังหวัดสมุทรสงครามครับ
7-7503-5.wav	หมู่3ตำบลบึงอำเภอศรีราชาจังหวัดชลบุรีนะครับ
7-7504-8.wav	ที่บ้านเมืองทองตำบลเมืองทองจังหวัดร้อยเอ็ดนะครับ
7-7507-10.wav	เป็นชาวบ้านคำขามอำเภอหนองกรุงศรีจังหวัดกาฬสินธุ์
7-7507-13.wav	ผู้บังคับการตำรวจภูธรจังหวัดกาฬสินธุ์และเจ้าหน้าที่สำนักงานยุติธรรมประจำจังหวัด
7-7507-33.wav	จากสำนักงานยุติธรรมจังหวัดกาฬสินธุ์นะคะ
7-7507-30.wav	นางสาวไพรินรัตนโกสินทร์อายุ35ปีบอกว่า
7-7516-40.wav	ในการปฏิบัติหน้าที่รวมๆแล้ว16นายค่ะ
7-7508-7.wav	ฝ่ายปกครองจังหวัดมหาสารคาม
7-7510-51.wav	หลังจากที่ตำรวจรับทราบนะตำรวจก็มาเป็น10นายเลยมากับชาวบ้าน
7-7516-49.wav	มีเป็นระดับพนักงานสอบสวน7นาย
7-7516-50.wav	เป็นผู้กำกับสน.4นาย
7-7516-51.wav	รองผู้บังคับการ2นายคือมีหลายระดับเลยนะ
7-7516-54.wav	ทีนี้ไปดูความเคลื่อนไหวที่จังหวัดอุดรธานีกันหน่อยค่ะ
7-7516-83.wav	ไปสำนักงานที่ดินเพื่อโอนที่ดินในจังหวัดอุดรฯให้
7-7519-38.wav	หรือจังหวัดใกล้เคียงนี่แหละท่านมั่นใจแบบนั้น
7-7519-39.wav	และเมื่อวานนี้ครับคุณผู้ชมครับศาลจังหวัดกระบี่
7-7519-81.wav	แล้วก็นำศพไปฝากไว้กับมูลนิธิประชาสันติสุขจังหวัดกระบี่
7-7520-64.wav	ส่วนในวันนี้นะคะที่ประชุมกกต.มีมติให้นับคะแนนใหม่ในเขตเลือกตั้งที่3จังหวัดขอนแก่น2หน่วยเลือกตั้งนะคะ
7-7520-68.wav	ที่คะแนนของผู้มาใช้สิทธิ์เลือกตั้งไม่ตรงกับบัตรเลือกตั้งซึ่งก็คือที่จังหวัดลำปางเขตเลือกตั้งที่2หน่วยเลือกตั้งที่6และหน่วยเลือกตั้งที่3
7-7520-69.wav	จังหวัดยโสธรเขตเลือกตั้งที่2หน่วยเลือกตั้งที่6จังหวัดเพชรบูรณ์เขตเลือกตั้งที่1หน่วยเลือกตั้งที่12
7-7520-70.wav	จังหวัดพิษณุโลกเขตเลือกตั้งที่2หน่วยเลือกตั้งที่6และกรุงเทพมหานครเขตเลือกตั้งที่13หน่วยเลือกตั้งที่32เขตบางกะปิ
7-7523-10.wav	ส่วนที่จังหวัดนครราชสีมากู้ภัยฮุก31รับแจ้งจากชาวบ้านว่ามีรถพุ่งตกลงไปในคลองบริเวณประตูเขื่อนคนชุมริมทางหลวงชนบทสายโรงเรียนสุรนารี2อำเภอเมืองนครราชสีมา
7-7523-15.wav	สอบถามทราบว่าคนขับเป็นตำรวจสังกัดโรงพักแห่งหนึ่งในจังหวัดนครราชสีมา
7-7523-20.wav	ที่จังหวัดระยองเกิดอุบัติเหตุรถหกล้อบรรทุกดิน
7-7523-31.wav	ปิดท้ายที่จังหวัดชลบุรีชาวบ้านพบชายเสียชีวิตภายในรถกระบะ
7-7525-28.wav	ก็สำรองน้ำมันเชื้อเพลิงในคลังน้ำมันที่จังหวัดสุราษฎร์ธานี
7-7529-16.wav	มหาวิทยาลัยสงขลานครินทร์อำเภอหาดใหญ่จังหวัดสงขลา
7-7534-0.wav	ที่จังหวัดมุกดาหารนะคะเขาร่วมกับภาครัฐค่ะจัดกิจกรรมปั่นจักรยาน
7-7534-3.wav	นี่เลยค่ะสมาคมอุตสาหกรรมการท่องเที่ยวจังหวัดมุกดาหารนะคะ
7-7534-5.wav	การท่องเที่ยวแห่งประเทศไทยสำนักงานท่องเที่ยวและกีฬาจังหวัดมุกดาหาร
7-7534-6.wav	ชมรมจักรยานเพื่อสุขภาพและแข่งขันจังหวัดมุกดาหารค่ะ
7-7540-34.wav	แล้วก็มีศิลปินกราฟิตี้ในจังหวัดนครศรีธรรมราช
7-7542-25.wav	แล้วก็แก้อาการง่วงตลอดการเดินทาง
7-7544-13.wav	ที่ประสงค์เดินทางไปร่วมลงนาม
7-7544-20.wav	ประจำสำนักนายกรัฐมนตรีได้มอบหมายให้กรุงเทพมหานคร
7-7544-6.wav	ให้กับประชาชนที่เดินทางมาจากต่างจังหวัด
7-7557-1041.wav	ก็ต้องเคยสังกัดข้ามสังกัดไปตำรวจท่องเที่ยวตำรวจน้ำบ้าง
7-7557-1043.wav	จังหวัดภูเก็ตจากหลักเกณฑ์ในขณะนั้นที่ต้องเป็นรองผู้กำกับการ3ปี
7-7557-1062.wav	อยู่ในลำดับที่121ของนายตำรวจระดับรองผู้บัญชาการที่จะเลื่อนเป็นผู้บัญชาการต่อไป
7-7557-1090.wav	จึงไม่ตักต่างจากการย้อมแมวนายตำรวจที่ไม่ผ่านหลักเกณฑ์
7-7544-32.wav	ส่วนประชาชนตากจากต่างจังหวัดนะครับที่เดินทาง
7-7557-1101.wav	นายตำรวจเหล่านี้ก็ได้รับการยกเว้นหลักเกณฑ์จนเบียดเข้ามาอยู่ท้ายตาราง
7-7557-1133.wav	แต่ประเด็นคือนายตำรวจที่ผมว่ามานี้
7-7557-1151.wav	ก็อาจจะเป็นของตำรวจนายอื่นๆ
7-7557-1244.wav	ก็ต้องตอบกับพี่น้องนายตำรวจทั่วประเทศ
7-7557-1247.wav	นายตำรวจที่ท่านยกเว้นหลักเกณฑ์ให้
7-7557-1249.wav	กว่านายตำรวจอื่นในประเทศนี้อย่างไร
7-7557-1293.wav	ที่มีตำรวจ100นายได้รับผลกระทบ
7-7557-1387.wav	จังหวัดเชียงรายพรรคเพื่อไทยท่านประธานครับ
7-7557-1411.wav	จะดำเนินการคัดเลือกนายตำรวจชั้นสัญญาบัตรมาบรรจุลงในกองบัญชาการตำรวจมหาดเล็ก
7-7557-1530.wav	จำนวน1700นายนะครับ
7-7557-1550.wav	มีตำรวจ66นายนะครับ
7-7557-1582.wav	เท่านั้นยังไม่พอครับ66นายที่กรรมการตรวจสอบที่ผมพูดไปเมื่อกี้นะครับ
7-7557-172.wav	เพราะหลายคนอาจจะเข้าใจว่าการแต่งตั้งเลื่อนขั้นโยกย้ายนายตำรวจเป็นอำนาจหน้าที่ของผบ.ตร.ครับ
7-7557-188.wav	ท่านประธานครับความผิดปกติในการแต่งตั้งนายตำรวจที่ผมจะกล่าวถึงต่อไปนี้
7-7557-190.wav	คำสารภาพของนายตำรวจด้วยกันเองว่าเขาพูดเอาไว้อย่างไร
7-7557-193.wav	ท่านเป็นอดีตนายตำรวจยศพลตำรวจตรีครับ
7-7557-1951.wav	ส่วนท่านนายกรัฐมนตรีท่านจะตอบแค่ไหนเพียงไรก็เป็นสิทธิ์ของท่าน
7-7557-215.wav	ตามที่ระบุเอาไว้อ้างเหตุผลว่านายตำรวจดังกล่าวนะครับ
7-7557-236.wav	จากนั้นเมื่อเรามาดูรายชื่อตำรวจ3นายครับ
7-7557-238.wav	คนแรกนะครับเดิมเป็นสารวัตรสังกัดกองบังคับการตำรวจท่องเที่ยว2
7-7557-262.wav	มามีอำนาจยุ่งเกี่ยวมาขอสนับสนุนให้กับนายตำรวจที่อยู่นอกหน่วยงานตัวเอง
7-7557-266.wav	ขอให้แต่งตั้งนายตำรวจนอกหน่วยตัวเอง
7-7557-273.wav	ว่ามีนายตำรวจระดับแค่ผู้บังคับการ
7-7557-406.wav	อธิบายง่ายๆนะครับการที่ตำรวจแต่ละนาย
7-7557-423.wav	ให้กับนายตำรวจทุกคนได้พิสูจน์ตัวเอง
7-7557-435.wav	ตำรวจแต่ละนายก็จะต้องมุ่งสร้างผลงาน
7-7557-463.wav	ประชาชนก็จะสามารถพึ่งพาตำรวจทุกนาย
7-7557-606.wav	เป็นเพราะเขาคือนายตำรวจที่ถึงพร้อมทั้งในความสามารถและระเบียบวินัย
7-7557-666.wav	ทีนี้ถ้าเราไปดูตามรายงานนะครับที่บันทึกไว้ที่ประชุมก็มีการหารือกันถึงกรณีของตำรวจนายอื่นครับ
7-7557-768.wav	ดังนั้นจึงมีความจำเป็นในการเอ่ยชื่อถึงนายตำรวจที่ได้รับผลกระทบ
7-7557-794.wav	นายตำรวจนู่นๆนี่ๆพูดมาหมดแล้ว
7-7557-963.wav	จังหวัดเชียงรายพรรคเพื่อไทยในฐานะพรรคร่วมฝ่ายค้าน
7-7558-19.wav	หมายเลขทะเบียน85จำหมวดตัวอักษรกับจังหวัดไม่ได้
7-7558-1.wav	ว่าเกิดอะไรขึ้นนะคะที่จังหวัดยะลา
7-7560-16.wav	รวมไปถึงในบริเวณจังหวัดพัทลุงสงขลาปัตตานียะลานราธิวาส
7-7563-181.wav	เดี๋ยวคงจะไปดูไทยรัฐนิวโชว์คงจะมีการไล่เรียงแต่ละจังหวัดเป็นยังไง
7-7563-184.wav	ปรากฏแม่เราพยายามจะพูดตั้งแต่ตอนที่มีการมีการเดินทางกลับต่างจังหวัดกันบ่อยเหมือนกันว่า
7-7563-630.wav	น้องเขาชื่อสมมุติชื่อน้องเขาเป็นเด็กม.6นายเอละกัน
7-7564-18.wav	ญาติได้ช่วยกันนำตัวส่งโรงพยาบาลในจังหวัดลำพูนเพราะว่าพื้นที่มันใกล้กว่าโรงพยาบาลที่เชียงใหม่
7-7564-52.wav	แล้วก็รีบนำตัวส่งโรงพยาบาลให้เร็วที่สุดสำนักงานสาธารณสุขจังหวัดเชียงใหม่
7-7564-53.wav	เปิดเผยสถิติชาวบ้านในจังหวัดเชียงใหม่กินเห็ดพิษเสียชีวิตและเข้ารับการรักษานะครับ
7-7564-8.wav	เป็นชาวไทยภูเขาเผ่าปกาเกอะญอในตำบลศพโขงอำเภออมก๋อยจังหวัดเชียงใหม่
7-7568-5.wav	แล้วหืมพ่อนี่ทำอะไรไม่ถูกเลยอ่ะไฟไหม้บ้านที่ตำบลแม่ลาวนะคะที่จังหวัดเชียงราย
7-7570-0.wav	กลับมาในช่วงนี้นะครับเดี๋ยวจะพาไปที่จังหวัดแรกก่อนเลย
7-7572-21.wav	ก็มีประชาชนชาวไทยเดินทางมาจากทุกคนทุกแห่งละฮะ
7-7573-14.wav	ผู้สื่อข่าวนะครับไปพบคุณแม่ท่านนี้คือนางสาว
7-7574-49.wav	ของหาดชะอำแล้วก็จังหวัดเพชรบุรีมาก
7-7574-50.wav	ทางจังหวัดตอนนี้บอกว่าก็ต้องจัดระเบียบนะครับ
7-7580-3.wav	พระอารามหลวงอำเภอบางบัวทองจังหวัดนนทบุรี
7-7583-14.wav	เหตุเทศบาลนครนครสวรรค์ตำบลปากน้ำโพอำเภอเมืองจังหวัดนครสวรรค์เนี่ย
7-7584-5.wav	เจ้าหน้าที่เทศบาลตำบลพลายชุมพลอำเภอเมืองจังหวัดพิษณุโลก
7-7585-27.wav	ที่อำเภอฉวางจังหวัดนครศรีธรรมราชครับ
7-7591-11.wav	ที่นี่ก็คือทุ่งนาในจังหวัดสิงห์บุรีนะครับ
7-7591-17.wav	เป็นงานประจำปีของจังหวัดสิงห์บุรี
7-7591-42.wav	ในคำขวัญของจังหวัดสิงห์บุรีเองก็ดีเนี้ย
7-7591-69.wav	จึงได้รับการสนับสนุนจากประมงจังหวัด
7-7591-98.wav	นอกจากนี้เจ้าหน้าที่จากประมงจังหวัดสิงห์บุรี
7-7593-15.wav	ตำรวจภูธรวังน้ำเย็นจังหวัดสระแก้วเนี่ย
7-7593-28.wav	เจ้าหน้าที่เนี่ย200กว่านายเขาก็พยายามกดดันทั้งทางอากาศ
7-7593-35.wav	เดี๋ยวฟังค่ะเพราะว่ารองผู้การจังหวัดบอกว่านี่ไม่ใช่การมอบตัวแต่เป็นการควบคุมตัวได้
7-7607-48.wav	ในการเดินทางไปในในที่แบบนี้ครับ
7-7607-9.wav	ที่ติดอยู่ในถ้ำหลวงจังหวัดเชียงรายมากนะคะ
7-7608-16.wav	จับกุมเอาไว้เกือบ3000นายค่ะ
7-7609-3.wav	ข่าวใหญ่เลยแหละสายวันนี้ค่ะศาลจังหวัดฉะเชิงเทราพิพากษาจำคุก5ปี
7-7610-24.wav	สลายกลุ่มวัยรุ่นตรงนี้นะคะแล้วก็ให้แยกย้ายเดินทางกลับบ้าน
7-7610-3.wav	แล้วก็สนามแสดงช้างจังหวัดสุรินทร์จัดขึ้นก็เพื่อส่งเสริมการท่องเที่ยวด้วยนะฮะ
7-7612-2.wav	ได้เดินทางไปบุกอาคารรัฐสภาเป็นการเข้าไปขัดขวาง
7-7613-23.wav	และจะมีการส่งมอบธงการแข่งขันกีฬาแห่งชาติครั้งต่อไปให้กับจังหวัดศรีสะเกษ
7-7614-10.wav	มีรถวิ่งตลอดทั้งคืนจะมีรถบรรทุกพืชผักจากจังหวัดอื่นๆ
7-7619-0.wav	ส่วนข่าวนี้นี่นะคะก็ยังอยู่กันที่พื้นที่ภาคใต้ค่ะอยู่ที่จังหวัดตรัง
7-7619-20.wav	ตำรวจมา20กว่านายปิดล้อมหมดเลยนะ
7-7619-39.wav	ไปส่งศาลจังหวัดตรังไงแล้วก็มีตำรวจ3นายเดินประกบไปด้วย
7-7619-8.wav	ภาพที่ตำรวจสภ.กันตังที่จังหวัดตรังคุมตัวผู้ชายคนเนี้ย
7-7621-16.wav	เดินทางเข้ามาสู่ขอหญิงสาวคนดังกล่าวแบบเงียบๆที่จังหวัดขอนแก่น
7-7622-13.wav	ที่อำเภอพัฒนานิคมที่จังหวัดลพบุรีค่ะ
7-7622-148.wav	รองผู้บัญชาการตำรวจแห่งชาติเนี่ยเดินทางไปที่สน.ศาลาแดงเลยนะคะ
7-7625-22.wav	ตัวเธอเนี่ยมีอาชีพทำอาหารส่งโรงเรียนแห่งหนึ่งในจังหวัดสงขลา
7-7625-23.wav	ทีนี้ช่วง2เดือนก่อนเดินทางมากรุงเทพฯเพื่อมาทำธุระส่วนตัว
7-7625-25.wav	มีมาตรการที่เขาห้ามเดินทางออกนอกจังหวัด
7-7625-62.wav	เขาเคยถูกเจ้าหน้าที่ตำรวจชุดสืบสวนภาค9แล้วก็ตำรวจจังหวัดสงขลา
7-7626-35.wav	ทุกวันนี้ผู้กำกับหรือนายตำรวจที่บริหารโรงพักอยู่
7-7626-78.wav	ไม่มีใครมาซื้อให้นะฮะอันนี้ก็ต้องให้กำลังใจกับตำรวจทุกนาย
7-7627-4.wav	ที่นี่เลยครับอำเภอวังเจ้าจังหวัดตาก
7-7628-133.wav	มีชุดแรกที่เป็นทีมดำน้ำเนี่ยฝ่าด่านเข้าไปก่อน19นาย
7-7628-141.wav	ให้กำลังใจเจ้าหน้าที่ทุกนายเลย
7-7628-162.wav	แล้วก็เดินทางต่อถึงโรงพยาบาลเชียงรายประชานุเคราะห์
7-7628-173.wav	จากนั้นใช้เวลาไม่นานก็เดินทางถึงโรงพยาบาล
7-7628-180.wav	และเดินทางถึงโรงพยาบาลในเวลา20:37นาที
7-7628-192.wav	และประชาชนพี่น้องชาวจังหวัดเชียงราย
7-7628-222.wav	ในห้วงเวลาที่หมูป่าคนที่1เดินทางมาถึงโรงพยาบาล
7-7631-13.wav	อุทยานแห่งชาติทองผาภูมิจังหวัดกาญจนบุรี
7-7631-48.wav	ย้ำกันอีกครั้งว่าถึงขณะนี้เขาช้างเผือกยังไม่เปิดให้ประชาชนขึ้นไปท่องเที่ยวนะครับ
7-7633-19.wav	อยู่ในพื้นที่หมู่ที่2ตำบลคำเตยอำเภอเมืองจังหวัดนครพนม
7-7633-1.wav	ชาวบ้านที่ตำบลคำเตยจังหวัดนครพนมบอกว่า
7-7634-37.wav	แล้วแล้วก็สอบปากคำพยานแวดล้อมไปแล้วเนี่ยทางนาง
7-7634-73.wav	ที่โรงพยาบาลศรีนครินทร์จังหวัดขอนแก่นค่ะ
7-7635-18.wav	ด้านสำนักงานป้องกันและปราบปรามการทุจริตภาค3จังหวัดนครราชสีมา
7-7635-23.wav	2นายกอบต.ห้วยบงท่านมีส่วนได้ส่วนเสียกับโครงการนี้หรือเปล่า
7-7635-25.wav	จังหวัดนครราชสีมาเขาตั้งข้อสังเกตมาเพราะบริษัทที่ดำเนินการก่อสร้างโครงการนี้
7-7635-9.wav	จังหวัดนครราชสีมาระยะทาง15.7กิโลเมตรนะครับจำนวน227ต้น
7-7636-21.wav	ตำบลเมืองทีอำเภอเมืองจังหวัดสุรินทร์ค่ะ
7-7636-52.wav	นายกอบต.ก็บอกด้วยนะคะว่าอยากให้แขวงการทางจังหวัดสุรินทร์
7-7636-83.wav	ครับใช่ที่ท่านเอ่อนายกอบต.ที่บอกว่าอยากจะได้เกาะกลาง
7-7638-13.wav	หรือว่าก่อเหตุในลักษณะแอบอ้างตัวเป็นนายตำรวจ
7-7638-3.wav	บ้านญาติที่จังหวัดนครราชสีมาค่ะตำรวจฝ่ายสืบสวนนครบาล5ได้สนธิ
7-7638-6.wav	หนองคล้าตำบลจักราชอำเภอจักราชจังหวัดนครราชสีมา
7-7638-8.wav	ย่านอำเภอสามโคกจังหวัดปทุมธานี
7-7644-43.wav	เราได้เห็นแบบว่าการสืบสานประเพณีดีที่มันไม่ได้มีทุกที่ทุกจังหวัดนะคะ
7-7649-1.wav	ได้รับบาดเจ็บเลยคลิปนี้เพจเฮียขับรถโพสต์เอาไว้ค่ะชาวเน็ตบอกว่าเฮ้ยจำแยกนี้ได้เลยตรงเนี้ยมันคือแยกปากทางเข้าวัดห้วยปลากั้งในอำเภอเมืองจังหวัดเชียงราย
7-7650-0.wav	ไปที่จังหวัดสุรินทร์นะฮะไปประมูลทุเรียนกันสักที
7-7650-9.wav	จากหลายสวนในพื้นที่ของจังหวัดสุรินทร์ใช่ภูเขาไฟป่ะไม่ใช่
7-7651-7.wav	ในสวนปาล์มท้ายหมู่บ้านในบ้านวังพระองค์ตำบลบ้านดุงอำเภอบ้านดุงจังหวัดอุดรธานี
7-7651-9.wav	ทางแอดมินเพจเขาก็เดินทางไปจุดเกิดเหตุพร้อมกับกู้ภัย
7-7652-128.wav	ทหาร8นายก็จะได้ยกหีบบรรจุสรีระสังขารหลวงพ่อคูณลงจากรถ
7-7652-156.wav	นะครับก็จะเดินทางมาทอดผ้าไตรบังสุกุล
7-7652-72.wav	ในปี2536นั้นหลวงพ่อคูณเดินทางจากวัดบ้านไร่ไปยังจังหวัดขอนแก่นด้วยจุดประสงค์ที่สำคัญและแน่วแน่ที่จะบริจาคร่างกายเป็นครูใหญ่ที่ภาควิชากายวิภาคศาสตร์คณะแพทยศาสตร์มหาวิทยาลัยขอนแก่น
7-7655-23.wav	ตำบลนครชุมอำเภอเมืองจังหวัดกำแพงเพชรนะครับ
7-7655-5.wav	ที่ศูนย์การศึกษาพิเศษประจำจังหวัดตราดนะครับ
7-7656-9.wav	ตำรวจภูธรหนองบัวเหนือแล้วก็ตำรวจสืบภูธรจังหวัดตากเนี่ยนำกำลังไปจับกุมได้ค่ะ
7-7659-61.wav	เคลียทุกอย่างให้จบก่อนการโหวตนายกรัฐมนตรี
7-7661-12.wav	จริงๆเธออยู่ที่ตำบลบัวใหญ่อำเภอบัวใหญ่จังหวัดนครราชสีมานะครับ
7-7661-15.wav	ทางจังหวัดก็มีมาตรการคุมเข้มร้านอาหารและสถานบริการ
7-7662-57.wav	ขณะนี้ชุดสืบสวนภูธรจังหวัดตรังแล้วก็ชุดสืบสวนสภ.สิเกา
7-7662-7.wav	ในพื้นที่จังหวัดตรังนะครับ
7-7662-9.wav	ในพื้นที่หมู่1ตำบลกะลาเสที่อำเภอสิเกาจังหวัดตรัง
7-7663-19.wav	หลายๆร้านที่เคยแบบเป็นร้านอาหารอยู่ในจังหวัดนั้นตอนนี้
7-7663-4.wav	ก็เลยทำให้การเดินเนี่ยทางลดลงส่งผลให้ยอดขายไก่ย่างน้อยลงไปด้วยค่ะ
7-7664-90.wav	วันนี้เจ้าหน้าที่บ้านเด็กเชียงใหม่และพัฒนาสังคมและความมั่นคงจังหวัดเนี่ยนะคะ
7-7665-19.wav	นอกจากจะจัดเจ้าหน้าที่นางรำสวยมารำบูชาแล้ว
7-7665-1.wav	9วัน9คืนที่จังหวัดนครพนมนะคะเป็นงานบุญใหญ่ที่
7-7665-32.wav	แต่ละปีสรุปตัวเลขเศรษฐกิจนะคะในจังหวัดนครพนมเฉพาะงานนี้นะคะ
7-7666-91.wav	ฉะนั้นเขาไม่รับนานนานจะมีนายตำรวจประเภทที่ว่าเอาเงินไป
7-7668-24.wav	ให้กับทางวัดโกรกสิงขรจังหวัดราชบุรี
7-7670-37.wav	ตั้งอยู่ในพื้นที่อำเภอกุฉินารายณ์จังหวัดกาฬสินธุ์
7-7670-38.wav	และอำเภอหนองสูงอำเภอคำชะอีจังหวัดมุกดาหารระยะทาง36กิโลเมตร
7-7670-5.wav	ในพื้นที่บ้านคำพอกหมู่3ตำบลโนนยางอำเภอหนองสูงจังหวัดมุกดาหารอืม
7-7676-18.wav	แล้วถูกขู่ตลอดส่วนแก๊งเงินกู้ลักษณะนี้มีเยอะมากในจังหวัดนครราชสีมา
7-7676-20.wav	เขาบอกว่าแก๊งเงินกู้เนี่ยอ้างว่ารู้จักกับนายตำรวจยศใหญ่ครับ
7-7677-0.wav	มาติดตามไฮไลท์วันสุดท้ายของการแข่งขันกีฬาเยาวชนแห่งชาติที่จังหวัดบุรีรัมย์ครับ
7-7678-5.wav	เข้ามาจอดหน้าบ้านหลังหนึ่งในตำบลกุฎโง้งอำเภอพนัสนิคมจังหวัดชลบุรี
7-7680-208.wav	หลังจากที่เจ้าหน้าที่ได้ช่วยนำศพของนางสาว
7-7680-231.wav	โดยเฉพาะที่จังหวัดภูเก็ตไปทำที่ภูเก็ตตั้งแต่ปี59
7-7680-242.wav	เป็นคนอารมณ์รุนแรงแล้วเป็นคนมีอิทธิพลในจังหวัดภูเก็ต
7-7683-9.wav	แล้วก็สิ่งที่สำคัญคือนางได้ไปกระทบไหล่ดาราดังๆ
7-7685-3.wav	เดินทางมาให้สัมภาษณ์พิเศษกับไทยรัฐทีวีนะครับในรายการเรื่องรอบขอบสนามช่วงเย็นเมื่อวานนี้
7-7693-27.wav	ไม่ว่าจะเป็นดารานักร้องซีรีส์เครื่องสำอางอาหารหรือท่องเที่ยว
7-7696-18.wav	ตำบลวังบัวอำเภอคลองขลุงจังหวัดกำแพงเพชรเนอะ
7-7696-19.wav	ชาวบ้านกว่า50คนนะคะเขาเดินทางมาดูการขุดต้นตะเคียน
7-7703-21.wav	เดินทางเข้าพบพนักงานสอบสวนสน.ทุ่งสองห้อง
7-7703-34.wav	ก็เดินทางมาพบพนักงานสอบสวนจริงนะครับ
7-7703-35.wav	โดยที่การเดินทางมาครั้งนี้
7-7703-52.wav	ก่อนจะเดินทางกลับทันทีนะครับ
7-7704-0.wav	ที่จังหวัดพังงาจะพาคุณผู้ชมไปกินแกงส้มปลากะพงใส่ลูกเหนา
7-7704-2.wav	พากันไปที่บ้านคลองบ่อแสนหมู่3ตำบลบ่อแสนอําเภอทับปุดจังหวัดพังงาค่ะ
7-7706-8.wav	เพราะว่าเพื่อนที่เดินทางไปร่วมงานบุญด้วย
7-7708-0.wav	คุณผู้ชมไปดูเหตุยิงกันตายที่ทุ่งสงจังหวัดนครศรีธรรมราชกันหน่อยนะคะ
7-7708-21.wav	นักข่าวของเราก็เดินทางไปที่บ้านของผู้เสียชีวิต
7-7708-47.wav	ทีนี้ล่าสุดตามรายงานข่าวศาลจังหวัดทุ่งสง
7-7708-51.wav	บอกว่าเดี๋ยวจะเดินทางมามอบตัวกับตัวรวจในวันอังคาร
7-7708-5.wav	จุดเกิดเหตุที่บ้านหลังนี้แหละค่ะอยู่ที่ตำบลเขาขาวอำเภอทุ่งสงจังหวัดนครศรีธรรมราช
7-7709-104.wav	แล้วก็มีกำลังพลของเรือหลวงจักรีนฤเบศร11นาย
7-7709-106.wav	แล้วก็ตรวจพบเชื้อโควิด2นายยศจ่าเอก
7-7709-108.wav	ทำให้ตอนนี้ต้องส่งตัวกำลังพลประจำเรือทั้งหมด273นาย
7-7709-109.wav	เข้าพื้นที่กักกันที่อาคารรับรองสัตหีบ214นาย
7-7709-110.wav	แล้วกักตัวในเรืออีก59นาย
7-7709-113.wav	ชลบุรีก็เป็นหนึ่งใน10จังหวัดที่ยังมีผู้ติดเชื้อโควิด-19
7-7709-11.wav	แล้วก็จังหวัดนะฮะจังหวัดต่างที่มีผู้ติดเชื้อเพิ่มขึ้น
7-7709-13.wav	อันนี้เป็นตัวเลขที่เมื่อวานนี้ทางจังหวัดก็ได้มีการรายงานออกมาเหมือนกันนะครับ
7-7709-146.wav	ที่โรงพยาบาลสนามวัดโกรกกรากจังหวัดสมุทรสาคร
7-7709-147.wav	ก็เป็นการส่งบุคลากรข้ามจังหวัดเลยนะ
7-7709-16.wav	ก็มีการแยกจังหวัดให้เห็นชัดนะว่า10อันดับแรก
7-7709-17.wav	ของจังหวัดต่างที่มีผู้ติดเชื้ออย่างต่อเนื่องนะครับ
7-7709-21.wav	ก็ตามที่ทางจังหวัดชลบุรีได้มีการแถลงเมื่อวานตอนเย็นนะครับ
7-7709-28.wav	ทั้งหมดนี้คือ10จังหวัดที่ยังมีผู้ติดเชื้อเพิ่มเป็นอันดับแรกนะครับ
7-7709-29.wav	แล้วก็มีผู้ป่วยแล้วทั้งหมด59จังหวัด
7-7709-30.wav	เป็นพื้นที่สีแดงที่มีผู้ป่วยมากกว่า50รายใน10จังหวัด
7-7709-31.wav	พื้นที่สีส้มผู้ป่วย11-50รายอีก12จังหวัด
7-7709-35.wav	อ่าคุณผู้ชมฮะเราไปตรวจสอบตามจังหวัดต่าง
7-7709-37.wav	เป็นรายที่65,66และ67ของจังหวัด
7-7709-38.wav	ทางจังหวัดก็มีการแก้ต่างข้อมูลตรงนี้ไว้นะครับ
7-7709-39.wav	อ่าเรียงกันก่อนสำหรับผู้ติดเชื้อรายที่65นะครับของจังหวัดเชียงใหม่เนี่ย
7-7709-60.wav	ติดเชื้อโควิด-19นะครับทางจังหวัดยืนยันนะครับ
7-7709-67.wav	ไปตรวจสอบที่อำเภอแม่สอดจังหวัดตากพื้นที่ตรงนี้
7-7709-74.wav	ข่าวนี้เนี่ยคือทำให้คนที่อยู่ในพื้นที่จังหวัดตาก
7-7709-86.wav	คือทางจังหวัดเนี่ยตอนแรกก็ถูกโจมตีเหมือนกันนะ
7-7709-88.wav	ให้คนที่ลักลอบเข้าจังหวัดนะฮะเดินทางมาจากเมียนมาเนี่ย
7-7709-8.wav	แล้วก็ที่มีเดินทางกลับมาจากต่างประเทศ
7-7709-90.wav	แต่ทีนี้ทางจังหวัดก็ชี้แจงบอกว่าอันนี้มันเป็นหน้าที่เหมือนกัน
7-7713-11.wav	ที่ตลาดไนท์พลาซ่าตำบลบางเสร่อำเภอสัตหีบจังหวัดชลบุรี
7-7716-3.wav	เป็นบรรยากาศที่ธรรมสถานวิโมกสิวาลัยอำเภอสวนผึ้งจังหวัดราชบุรี
7-7718-38.wav	ก็ช่วยกันตัดกิ่งไม้ที่หักมาทับขาของนายเกรียงศักดิ์ออกก่อน
7-7719-40.wav	และชุมชนบุ่งกะแทวในจังหวัดอุบลค่ะ
7-7719-54.wav	โดยประธานเอ่อสภาอุตสาหกรรมการท่องเที่ยวจังหวัดกระบี่บอกว่า
7-7724-99.wav	เราเดินทางมาถึงจุดที่ต้องคิดว่าจะไปซ้ายหรือไปขวาแล้ว
7-7725-0.wav	ลงใต้ไปที่จังหวัดสงขลาก่อนเลยครับ
7-7725-12.wav	ริมถนนจันทร์นิเวศน์2เขตเทศบาลนครหาดใหญ่จังหวัดสงขลานะฮะ
7-7725-24.wav	ล่าสุดค่ะตำรวจสภ.หาดใหญ่นะฮะสามารถจับกุมนางสาว
7-7725-31.wav	มีอีกหลายร้านค่ะเดินทางมาชี้ตัวนะคะ
7-7727-7.wav	อำเภอโนนสูงจังหวัดนครราชสีมาครับ
7-7728-22.wav	เป็นชาวอำเภออรัญประเทศจังหวัดสระแก้ว
7-7729-12.wav	เอาละครับเดินทางถึงคู่เอกศึกยอดมวยไทยรัฐนะครับ
7-7729-45.wav	อายุ17ปีเป็นชาวจังหวัดบุรีรัมย์
7-7732-13.wav	มาแวะปั๊มน้ำมันแถวคูเมืองจังหวัดเชียงใหม่
7-7732-7.wav	อายุ19ปีอยู่ชั้นม.5ของโรงเรียนแห่งหนึ่งที่จังหวัดเชียงใหม่
7-7734-107.wav	คือตอนนี้ถ้าเกิดว่าไม่ได้ฉีดวัคซีนในการเดินทาง
7-7734-223.wav	ซึ่งเมื่อเดินทางสายทางราชการ
7-7734-241.wav	พร้อมเชื่อว่าใน3จังหวัดที่ผ่านมามีแต่คนรักมากกว่าคนเกลียด
7-7734-594.wav	ส่วนหนึ่งเนี่ยนางบอกมาจากความสนุก
7-7734-688.wav	อย่างก่อนหน้านี้เป็นอุดรฯอุดรฯเนี่ยเป็นจังหวัดที่คนถูกรางวัลที่1เยอะที่สุด
7-7735-8.wav	ตำบลในเมืองอำเภอพิมายจังหวัดนครราชสีมานะคะ
7-7736-14.wav	ชื่อว่าร้านถุงทองจำหน่ายอุปกรณ์วัวชนทุกชนิดตั้งอยู่หน้าตลาดห้วยยอดที่จังหวัดตรัง
7-7743-20.wav	หลังวัดยางงามตำบลกระแสบนอำเภอแกลงจังหวัดระยอง
7-7744-1003.wav	พอแล้วครับท่านเข้าสู่ประเด็นว่าท่านนายกรัฐมนตรีบริหารเกิดความผิดพลาดยังไง
7-7744-1113.wav	ท่านนายกรับไปกับเขาด้วยหรือเปล่า
7-7744-1131.wav	แวดวงนักพนันขยับไปที่จังหวัดตราดสุดแดนภาคตะวันออก
7-7744-1461.wav	ตามที่ตกลงกับท่านนายกรัฐมนตรี
7-7744-1701.wav	ผมฟังแล้วว่ามันเป็นการใส่ร้ายวันนี้เราอภิปรายไม่ไว้วางใจท่านนายกรัฐมนตรีและคณะรัฐมนตรี
7-7744-1811.wav	วันนี้เราอภิปรายไม่ไว้วางใจท่านนายกรัฐมนตรีและรัฐมนตรี
7-7744-2299.wav	ผมเป็นผู้กำกับการตำรวจภูธรจังหวัดชลบุรี
7-7744-231.wav	ฝากไปเรียนท่านนายกรัฐมนตรีท่านรองนายกรัฐมนตรีด้วย
7-7744-2330.wav	คงจะต้องประหารในชีวิตนายกรัฐมนตรีอีกหลายคนทีเดียวนะครับน่าถึงจะไปเทียบ
7-7744-247.wav	จังหวัดมันมีหลายคนหรือหน่วยมีหลายคน
7-7744-262.wav	อวดอ้างนะครับแต่วันนี้เราอภิปรายไม่ไว้ใจท่านนายกรัฐมนตรี
7-7744-330.wav	จะได้ไปประกอบสติปัญญาของท่านนายกรัฐมนตรีนะครับ
7-7744-612.wav	อ่ะอ่ะเริ่มเดินทางไป
7-7744-372.wav	สมาชิกสภาพผู้แทนราษฎรจังหวัดเชียงรายพรรคเพื่อไทย
7-7744-630.wav	ท่านก็จะรู้ว่าในเมื่อท่านประยุทธ์ท่านนายกรัฐมนตรีบอกไม่สามารถทำได้เนี่ย
7-7744-745.wav	ผมญัตติมันว่าท่านนายกรัฐมนตรีไร้วุฒิภาวะไร้ความรู้ความสามารถไงครับ
7-7744-782.wav	ผมไม่ได้เข้าข้างนายกรัฐมนตรีครับ
7-7745-0.wav	การเดินทางช่วงนี้นะครับต้องระมัดระวังโดยเฉพาะการขับขี่ยวดยานพาหนะ
7-7746-8.wav	จะเดินทางเข้ามาไว้อาลัยในพิธีศพอีกครั้งหนึ่งหลังจากที่ซ้อมเสร็จสิ้นนะครับ
7-7748-44.wav	เพราะทางกลุ่มวิสาหกิจชุมชนท่องเที่ยวเชิงอนุรักษ์กระแสบน
7-7752-15.wav	อำเภอเขาชัยสนจังหวัดพัทลุง
7-7752-1.wav	ในพื้นที่ที่จังหวัดพัทลุงนั่นเองนะคะ
7-7753-18.wav	วันที่21ธันวาตอน3ทุ่มตัวนายจรรย์ขี่มอเตอร์ไซค์นะซ้อนเมียออกจากบ้าน
7-7754-38.wav	ถ้าจำกันได้นายเจริญซื้อของเตรียมที่จะไปทำโรงทานที่วัดที่เขาจองเอาไว้
7-7754-63.wav	บอกว่านามสกุลนี้เป็นนามสกุลคนมีชื่อเสียงในจังหวัด
7-7759-11.wav	อยู่ที่อำเภอหนองไผ่จังหวัดเพชรบูรณ์เขาแจ้งบอกว่า
7-7759-1.wav	หัวหน้าศูนย์พักคอยโควิดที่จังหวัดเพชรบูรณ์ค่ะ
7-7761-9.wav	บ้านน้ำพร้าวจังหวัดแพร่เป็นชุมชนบนที่ราบสูงที่โอบล้อมด้วยป่า
7-7762-78.wav	คือบินดูกล้องตั้งแต่บินอยู่ในรถแล้วค่ะออกมาจากที่พักอ่ะบินดูกล้องแล้วว่าเจ้าสัวไม่อยู่อยู่แต่เจ้านาง
7-7763-5.wav	เดินทางกลับมาถึงไทยแล้วหลังคว้าแชมป์แบตมินตัน
7-7764-10.wav	ดอกบัวแดงภายในบึงกุดเค้าอำเภอมัญจาคีรีจังหวัดขอนแก่นนะครับ
7-7765-14.wav	ซึ่งเจ้าตัวให้การสั้นบอกว่าก่อเหตุเพราะว่าอารมณ์ชั่ววูบด้านนางสาว
7-7766-12.wav	โดยผู้ป่วยรายล่าสุดคนนี้ค่ะเธอเดินทางมาจากมาเลเซีย
7-7766-17.wav	ส่วนที่จังหวัดยอดฮิตเชียงใหม่ที่บอกว่ายอดฮิตก็คือ
7-7766-18.wav	หลายคนอยากจะเดินทางไปท่องเที่ยวในช่วงปลายปีแบบนี้
7-7766-1.wav	เพราะว่าช่วงนี้เห็นว่าหลายคนเริ่มจะเดินทางไปท่องเที่ยวกันแล้วนะคะ
7-7766-25.wav	เมื่อเช้าเนี่ยนักท่องเที่ยวเดินทางมาซื้อสินค้า
7-7766-38.wav	หรือว่าคนที่เดินทางไปท่องเที่ยวจากต่างจังหวัดนะฮะบอกว่าให้มั่นใจได้
7-7766-4.wav	หญิงไทยที่เพิ่งเดินทางกลับจากมาเลเซีย
7-7766-51.wav	ไม่ใช่ผู้ติดเชื้อที่เดินทางมาจากต่างประเทศอีกแล้ว
7-7766-54.wav	ก็เป็นรายเดียวกันกับที่สาธารณสุขจังหวัดเชียงราย
7-7766-57.wav	แล้วก็เป็นคนที่เดินทางมาจากต่างประเทศ
7-7766-70.wav	คนที่เดินทางไปเที่ยวงานดนตรีสิงห์ปาร์ค
7-7766-8.wav	โดยรายล่าสุดที่ไปเจออยู่ที่อำเภอเบตงจังหวัดยะลาค่ะ
7-7766-9.wav	เป็นหญิงชาวจังหวัดอำนาจเจริญอายุ24ปี
7-7768-9.wav	ในตำบลไผ่เขียวอำเภอลานศักดิ์จังหวัดอุทัยธานีนะคะ
7-7771-19.wav	โรงพยาบาลเสลภูมิจังหวัดร้อยเอ็ดนะคะ
7-7774-22.wav	ไม่รับพนักงานนวดคนไทยที่เดินทางกลับมาจากต่างประเทศด้วย
7-7774-24.wav	ส่วนผู้ประกอบการร้านนวดแผนไทยที่จังหวัดชัยนาทนี่แหละค่ะ
7-7775-6.wav	พุทธศาสนิกชนและก็นักท่องเที่ยวที่เดินทาง
7-7776-10.wav	ชาวบ้านก็เริ่มใจชื้นนะครับเดินทางเข้าไปในบ้าน
7-7776-61.wav	นี่ก็คือภาพรวมทั้งหมดในเช้าวันนี้ที่จังหวัดสกลนครครับ
7-7779-34.wav	ตามความเชื่อของชาวบ้านตำบลแม่เหียะจังหวัดเชียงใหม่
7-7779-9.wav	ชาวบ้านตำบลแม่เหียะจังหวัดเชียงใหม่เนี่ย
7-7783-6.wav	พาครอบครัวเดินทางไปร่วมพิธีเจิมหน้าผากแล้วก็ต่อเส้นวาสนา
7-7784-9.wav	ในพื้นที่ตำบลบ้านสวนอำเภอเมืองจังหวัดชลบุรีนะครับกู้ภัยก็มาช่วยเหลือนำตัวส่งโรงพยาบาล
7-7785-31.wav	ให้นายตำรวจทั้ง5นายของสภ.ลำลูกกาที่ปทุมธานี
7-7785-34.wav	สอบสวนข้อที่จริงซึ่งตำรวจ5นายที่ถูกย้ายนั้นประกอบไปด้วย
7-7785-7.wav	ร่วมกับตำรวจภูธรลำลูกกาจังหวัดปทุมธานีกว่า30นาย
7-7791-0.wav	พาคุณผู้ชมไปดูเหตุการณ์ที่จังหวัดสระบุรีค่ะ
7-7791-17.wav	แต่นายนุยังเอาไม้เนี่ยโอ้โหขว้างใส่แม่ขว้างใส่น้อง
7-7791-31.wav	ช่วงที่เกิดเหตุคุณแม่ชื่อว่านางรินเนี่ยนะคะ
7-7791-33.wav	พอนายนุรู้ว่าแม่มาอยู่กับน้องคลุ้มคลั่งมาจากไหนก็ไม่รู้ค่ะ
7-7791-38.wav	สองทุ่มกว่าๆนายนุมาอีกรอบมาอาละวาดอีกค่ะ
7-7791-49.wav	แล้วนายนุก็ขี่รถเบิ้ลเครื่องออกไปนะฮะคือผู้สื่อข่าวของเราบอกว่า
7-7791-67.wav	ก็สอดคล้องกับชาวบ้านยางนะครับที่บ้านอยู่ใกล้เคียงละแวกบ้านของนางริน
7-7791-68.wav	แล้วก็นายนุนะครับซึ่งบอกว่าเห็นนายนุทำร้ายแม่กับน้องเป็นประจำนะครับ
7-7791-70.wav	ก็สงสารแม่ของนายนุแต่ไม่รู้จะช่วยยังไง
7-7791-74.wav	ค่ะแต่คราวนี้นายนุมาทำลายทรัพย์สินของวัด
7-7791-81.wav	มันเขาก็กลัวอันตรายกับนายนุเนี่ยครับซึ่งตอนนี้ก็คือผมบอกเลยว่าเป็นแบบนี้ผมไม่ยอม
7-7793-8.wav	ภายในบ้านเลขที่204หมู่15ตำบลสตึกอำเภอสตึกจังหวัดบุรีรัมย์
7-7794-31.wav	ทุกคนไม่เคยเห็นนายคนนี้มาก่อน
7-7796-1.wav	เหตุการณ์นี้เกิดขึ้นที่จังหวัดบุรีรัมย์หลานวัยขวบเดียวนะคะ
7-7796-6.wav	ก็มีรถของหน่วยกู้ชีพอบต.ร่อนทองอำเภอสตึกจังหวัดบุรีรัมย์
7-7799-19.wav	คนที่จะเป็นนายกรัฐมนตรีของคนทั้งประเทศ
7-7799-6.wav	ท่านต้องเป็นนายกรัฐมนตรีของผมของพี่น้องประชาชน
7-7799-9.wav	การที่เราจะใช้เกณฑ์ในการพิจารณาเลือกนายกรัฐมนตรี
7-7801-25.wav	คือพื้นที่ที่จะมีโอกาสเกิดฝนเพิ่มความระมัดระวังแล้วก็เตรียมพร้อมตัวเองสำหรับการที่จะเดินทางไปที่ไหนกันด้วย
7-7801-27.wav	จะมีคลื่นสูงมากกว่าพื้นที่อื่นๆหน่อยนะคะส่วนใครที่อยากจะไปท่องเที่ยวค่ะคุณผู้ชม
7-7801-28.wav	พื้นที่ภาคอีสานหลายจังหวัดนะคะตอนนี้ก็สวยงามมาก
7-7801-37.wav	จากอีสานเราไปทางภาคกลางแถบจังหวัดลพบุรีกันหน่อย
7-7801-42.wav	อยู่ในพื้นที่ตำบลนิคมสร้างตนเองจังหวัดลพบุรีนะคะ
7-7804-12.wav	ใกล้จุดกลับรถหน้าหมู่บ้านแห่งหนึ่งนะคะในอำเภอธัญบุรีจังหวัดปทุมธานี
7-7805-25.wav	ทางจังหวัดเองก็ต้องวางแผนในการบริหารจัดการน้ำนะครับ
7-7805-45.wav	ที่จังหวัดสุราษฎร์ธานีนะครับ
7-7805-49.wav	เป็นอำเภอที่เขามีการปลูกผลไม้มากที่สุดของจังหวัด
7-7806-0.wav	เหตุใหญ่อีกเหตุหนึ่งเกิดขึ้นที่จังหวัดนนทบุรีนะฮะ
7-7806-64.wav	ตำบลบางบัวทองอำเภอบางบัวทองจังหวัดนนทบุรีนี่แหละฮะ
7-7806-7.wav	ตำรวจสภ.บางบัวทองจังหวัดนนทบุรีฮะไปตรวจสอบ
7-7808-4.wav	คือพักในเพิงสังกะสีอยู่ที่จังหวัดบุรีรัมย์นะคะแม่เนี่ยเล่าบอกว่าเมื่อ14เมษายนปี62
7-7811-42.wav	อย่างเช่นบริเวณจังหวัดเลยเพชรบูรณ์นะครับ
7-7813-0.wav	คุณผู้ชมฮะมาดูเหตุสะเทือนขวัญที่เกิดขึ้นที่จังหวัดเพชรบุรี
7-7813-30.wav	โดยตำรวจนะทั้งสภ.ชะอำสืบสวนจังหวัดเพชรบุรี
7-7813-42.wav	ทั้งหมดในพื้นที่จังหวัดเพชรบุรี
7-7813-43.wav	และพื้นที่จังหวัดใกล้เคียงคือรอยต่อก็คือหัวหิน
7-7813-49.wav	ที่อยู่ในจังหวัดเพชรบุรีทั้งหมดว่ามีกี่คำ
7-7813-60.wav	ที่ตำบลร่อนทองอำเภอบางสะพานจังหวัดประจวบคีรีขันธ์
7-7813-62.wav	ตัวนายเจมส์รับสารภาพนะคุณนะ
7-7813-70.wav	บ้านนี้อยู่ที่อำเภอชะอำจังหวัดเพชรบุรีใช่ไหม
7-7814-15.wav	ห่างจากบ้านพักประมาณ200เมตรในจังหวัดตรังในอำเภอรัษฎานะคะ
7-7814-42.wav	พร้อมกับนางสาวจอยแฟนสาวและปรากฏว่ามีนายออสลูกชายตำรวจ
7-7814-43.wav	ซึ่งเป็นเพื่อนแถวบ้านและนางสาวแพมแฟนของนายออสเนี่ย
7-7814-44.wav	ไปด้วยค่ะพอลูกกลับมาสอบนายสิบที่บ้าน
7-7814-45.wav	นางสาวแพมแฟนของออสเนี่ยมาถามหาลูกที่บ้านแล้วก็ปรึกษาด้วยบอกว่า
7-7814-46.wav	ถ้าเกิดนางสาวจอยที่เป็นแฟนของลูกแม่เนี่ยไปได้เสียมีอะไรกับนายออส
7-7814-50.wav	และเรื่องชู้สาวระหว่างลูกของแม่กับนายออสที่เป็นลูกตำรวจในพื้นที่
7-7814-9.wav	ก็เลยเดินทางมาร้องเรียนที่กองปราบปรามเพื่อขอความเป็นธรรมนี่แหละค่ะ
7-7819-8.wav	อยู่ที่อำเภอโชคชัยจังหวัดนครราชสีมา
7-7820-1.wav	แล้วก็จะเดินทางกลับบ้านแล้วปรากฏว่า
7-7820-25.wav	เป็นผู้ต้องหาตามหมายจับศาลจังหวัดตลิ่งชันนะครับ
7-7821-18.wav	ที่ตำบลนาตาขวัญอำเภอเมืองจังหวัดระยองนะคะ
7-7827-54.wav	ส่วนที่อีสานอีก1จังหวัดไปที่อุบลครับ
7-7828-0.wav	ที่จังหวัดตากครับเหล้ามันทำลายสมองผู้ชายคนนี้อายุ45ปี
7-7828-11.wav	แล้วก็แจ้งว่าผู้ก่อเหตุคือนายไพรนะฮะ
7-7828-18.wav	นายไพรเริ่มรู้ตัวแล้วและเตรียมจะต่อสู้ขัดขืนเจ้าหน้าที่บอกว่าอย่างนั้นก็ไม่รอแล้วเหมือนกัน
7-7829-153.wav	แต่ถ้าการบริหารงานหรือปฏิบัติงานของผมทุกคนรู้ดีสหกรณ์ในจังหวัดสุพรรณบุรีทุกอำเภอรู้ดี
7-7829-62.wav	ก็ได้มีการประกาศลาออกจากต่อหน้าสื่อมวลชนและท่านนายอำเภอท่านกำนันและท่านนายกอบจ.
7-7829-66.wav	ซึ่งเป็นสหกรณ์จังหวัดบอกว่าผมยังดำเนินการเป็นประธานกรรมการได้วันนี้
7-7834-11.wav	หลังเกิดเหตุตำรวจสภ.ประจันตคามจังหวัดปราจีนบุรี
7-7834-1.wav	เกิดขึ้นที่อำเภอประจันตคามจังหวัดปราจีนบุรีค่ะ
7-7834-21.wav	หรือนายหนุ่ยอายุ32ปีมีอาชีพรับเหมาก่อสร้าง
7-7834-25.wav	ระหว่างนั้นคนก่อเหตุก็คือนายหนุ่ยเนี่ย
7-7834-55.wav	เรื่องของคดีความเนี่ยตำรวจบอกว่าได้มีการนำตัวนายหนุ่ยคนก่อเหตุเนี่ย
7-7838-3.wav	ที่จะเข้ามาทำงานแก้ไขปัญหา3จังหวัดชายแดนภาคใต้
7-7838-5.wav	ขับเคลื่อนการแก้ไขปัญหาจังหวัดชายแดนภาคใต้
7-7839-17.wav	คนไข้เนี้ยเดินทางมาถึงโรงพยาบาลเวลาประมาณ13:30น.
7-7839-19.wav	คือพอน้องเดินทางมาถึงโรงพยาบาล
7-7839-2.wav	เหตุการณ์นี้เกิดขึ้นที่โรงพยาบาลแห่งหนึ่งในจังหวัดเพชรบุรีนะคะ
7-7841-135.wav	เฉพาะ10จังหวัด10จังหวัดที่จะได้ก็คือจังหวัดที่มีสีแดงเข้มนั่นแหละ
7-7841-138.wav	และแน่นอนจังหวัดที่เขาประกาศเพิ่มมาใหม่ที่คุณจะได้ด้วยเนี่ยคือ
7-7841-139.wav	3จังหวัดที่ประกาศมาใหม่เดี๋ยวคุณต้องรออีกสักแป๊บนึง
7-7841-455.wav	เป็นตัวเลขหมดเลยนะครับจังหวัดอุตรดิตถ์นะครับผม
7-7841-457.wav	แล้วก็เดินทางไปแข่งขันโอลิมปิกเกมส์2020นะครับที่ประเทศญี่ปุ่น
7-7841-462.wav	นักกีฬาไทยในโอลิมปิกเกมส์ในครั้งนี้นะครับแล้วก็เดินทางกลับนะครับ
7-7841-518.wav	หากหลังจากนี้ปุ๊บนางออกมาประกาศของนางเองแล้ว
7-7841-521.wav	หรือมีการนำรูปนางไปใช้ในอะไรก็แล้วแต่เนี่ย
7-7841-59.wav	ทางจังหวัดเองเนี่ยได้มีการเสนอมาด้วยนะครับ
7-7841-61.wav	ท่านก็เป็นรองโฆษกประจำสำนักนายกรัฐมนตรีนะครับ
7-7841-95.wav	จังหวัดที่มีพื้นที่ติดต่อกับชายแดนกัมพูชาไทย
7-7842-14.wav	โดยระบุว่าถูกนายยงอายุ69ปีปู่เลี้ยง
7-7842-18.wav	เหตุการณ์เกิดขึ้นในพื้นที่ตำบลลำนางรองอำเภอโนนดินแดงนะฮะ
7-7842-21.wav	ก็คือนายยงคนก่อเหตุนะครับโดยในบ้านจะมีย่ามีปู่เลี้ยง
7-7842-79.wav	ตำรวจตั้งข้อหากับนายยงปู่เลี้ยงแล้วนะ
7-7843-78.wav	นางสาวนรีบอกว่าคบหากับนายแชมป์มา4ปีมีลูกชายด้วยกัน4คนนะครับ
7-7845-104.wav	แล้วก็ชุดสืบสวนของภูธรจังหวัดนครศรีธรรมราช
7-7845-121.wav	รองผู้บัญชาการตำรวจภูธรภาค8ก็เดินทางไปร่วมพิธีรดน้ำศพ
7-7845-1.wav	คือดาบตำรวจนายเนี้ยก็นั่งกินบะหมี่กึ่งสำเร็จรูปอยู่หน้าบ้านคนร้ายมาที่บ้านแล้วเหมือนกับว่าน่าจะรู้จักกัน
7-7847-34.wav	พลิกวิกฤตเป็นโอกาสไม่ต้องเดินทาง
7-7847-5.wav	อำเภอสัตหีบจังหวัดชลบุรีนะครับ
7-7848-6.wav	ที่อำเภอสวรรคโลกจังหวัดสุโขทัยค่ะ
7-7849-0.wav	เอาท่านผู้ชมครับมาดูที่จังหวัดเลยหน่อยแหม
7-7849-7.wav	จังหวัดเลยนะฮะพระรูปนี้เนี่ยลักษณะเหมือนกับอาการสติไม่ค่อยดี
7-7850-4.wav	เมื่อวานการเดินทางไปพูดคุยกันนะครับก็มีสื่อไปทำข่าวมากมาย
7-7851-203.wav	แม่แพรก็เลยต้องเดินทางมาจากนครศรีธรรมราชนะครับ
7-7851-346.wav	ตกที่จังหวัดสุราษฎร์ธานีนะฮะ
7-7851-347.wav	ระหว่างที่จะเดินทางไปเล่นคอนเสิร์ต
7-7851-597.wav	ชาวจำนำที่ทางรายการจะถ่ายของให้ในสัปดาห์นี้ได้แก่คุณธนพรจากจังหวัดฉะเชิงเทรา
7-7853-24.wav	เลขที่166/6ตำบลเขาวงกตอำเภอแก่งหางแมวจังหวัดจันทบุรี
7-7854-18.wav	จังหวัดนครปฐมค่ำเมื่อวานนี้นักประดาน้ำต้องดำน้ำเข้าไปในท่อนะฮะ
7-7854-31.wav	ตำรวจสภ.พุทธมณฑลจังหวัดนครปฐมสันนิษฐานว่า
7-7854-55.wav	เดินทางมาพบพนักงานสอบสวนของสภ.พุทธมณฑลจังหวัดนครปฐมนะครับ
7-7854-69.wav	ก็จะรับศพกลับไปบำเพ็ญกุศลที่บ้านเกิดที่จังหวัดขอนแก่นนะฮะ
7-7855-11.wav	รองนายกรัฐมนตรีนะคะเดินทางมาถึงตั้งแต่ในช่วงเวลา
7-7855-13.wav	รัฐมนตรีว่าการกระทรวงมหาดไทยเดินทางมาด้วยค่ะ
7-7855-17.wav	และก็เดินทางไปที่คาร์ดิฟฟ์พร้อมกับสวมเสื้อยืดสีขาว
7-7855-37.wav	นักเตะของทีมเลสเตอร์ซิตี้ค่ะจะเดินทางมาที่ไทยนะคะ
7-7856-0.wav	คุณผู้ชมค่ะ1มกราคมที่ผ่านมาที่จังหวัดสุรินทร์นะคะ
7-7856-95.wav	ที่เดินทางไปพบศพคนแรกมาสอบปากคำในฐานะพยาน
7-7857-16.wav	อยู่ที่ตำบลดอนศิลาอำเภอเวียงชัยจังหวัดเชียงราย
7-7857-1.wav	สามีก็พาภรรยาขับรถกระบะไปนะครับที่จังหวัดเชียงรายไปร้านขายวัสดุก่อสร้าง
7-7857-5.wav	คือจังหวะที่จอดเนี่ยสามีที่เป็นคนขับยังไม่ทันเข้าเกียร์ว่างนะฮะ
7-7858-221.wav	ทำให้ตำรวจทุกนายที่อยู่ในเหตุการณ์เนี่ยเข้าข่ายละเว้นการปฏิบัติหน้าที่
7-7858-251.wav	ตำรวจทางหลวงนะครับส่วนคนที่ขับมาเป็นตำรวจนายนึง
7-7858-258.wav	ภาพจากกล้องวงจรปิดทั้งสองช่วงเวลานะฮะจะเห็นตำรวจ5นายนะฮะที่อยู่ในพื้นที่ตรงนี้นะครับ
7-7858-259.wav	บางนายก็โทรศัพท์นี่นะฮะด้วยความเคร่งเครียดนะครับ
7-7858-267.wav	มีนายตำรวจยศใหญ่หนีออกไปพร้อมกับผู้หญิงคนนึงแต่ไม่ขอระบุนะว่าเป็นใคร
7-7858-295.wav	ว่าเอ๊ะบิ๊กโจ๊กท่านบอกว่าตำรวจทุกนาย
7-7858-325.wav	เปิดสัญญาณไซเรนบีบแตรเพื่อเป็นเกียรติแก่การสละชีวิตของตำรวจทั้ง2นาย
7-7858-333.wav	ก็รีบเดินทางไปทันทีและไปถึงจุดเกิดเหตุเป็นคนแรก
7-7858-35.wav	ก่อนที่จะเดินทางกลับไปโดยไม่ได้ตอบคำถามอะไรของสื่อมวลชน
7-7858-377.wav	ก่อนที่ทั้งหมดจะเดินทางกลับไปนะครับ
7-7858-46.wav	ขณะเดียวกันนะครับวันนี้ก็มีรายงานนะครับว่ามีพยานอีกคนนึงเดินทางมาแสดงตัวกับพนักงานสอบสวน
7-7858-84.wav	ทีนี้ตำรวจก็ขับรถพาไปศาลจังหวัดนครปฐมทันทีและล่าสุด
7-7859-0.wav	กลับมาช่วงนี้นะครับพาคุณผู้ชมไปดูเหตุระทึกที่เกิดขึ้นที่จังหวัดอ่างทองกันหน่อยนะฮะ
7-7860-31.wav	จังหวัดลำปางในวันนี้ก็จะมีเพื่อนนักแสดงมาร่วมวิ่งอีกนะคะ
7-7860-37.wav	ของวันนี้ที่วิ่งที่อำเภอเถินที่จังหวัดลำปาง
7-7860-66.wav	ออกวิ่งจากบ้านดงสามสิบในอำเภอสามเงาจังหวัดตาก
7-7860-68.wav	ในอำเภอแม่พริกจังหวัดลำปางนะคะ
7-7860-71.wav	และเมื่อตูนกับคณะวิ่งเข้าเขตอำเภอในจังหวัดลำปางเนี่ยนะคะ
7-7863-11.wav	น้องนายกระซิบมาว่าผู้หญิงในแบบที่ชอบ
7-7863-7.wav	งานนี้น้องนายทั้งปลื้มแล้วก็ฝากขอบคุณทุกคน
7-7864-19.wav	และการเดินทางเข้ามาอยู่ในราชอาณาจักรไทยโดยไม่ได้รับอนุญาตค่ะ
7-7864-7.wav	จังหวัดนครปฐมค่ะตำรวจสืบไปสืบมานะคะ
7-7865-11.wav	พร้อมด้วยอุปกรณ์ดำน้ำเดินทางไปยังที่เกิดเหตุเมื่อไปถึงพบว่ามีชาวบ้านเนี่ย
7-7865-9.wav	ในพื้นที่ตำบลภูกระดึงอำเภอภูกระดึงจังหวัดเลยค่ะ
7-7868-215.wav	ทีมข่าวก็พยายามที่จะคุยกับนายอุดมเพิ่มเติม
7-7868-249.wav	ส่วนลูกสาวผู้ก่อเหตุค่ะนางสาวบีอายุ30ปี
7-7869-27.wav	ครับแต่แต่มีผู้ที่เดินทางเข้ามาอีก
7-7872-48.wav	นี่แต่ฟังประเด็นตรงนี้นิดนึงคุณผู้ชมค่ะนางล้ออายุ36เป็นคนดูแลคุณตา
7-7873-7.wav	ไหมล่ะจ๊ะท่านรักษาราชการนายกรัฐมนตรี
7-7875-11.wav	วิธีการคือก็ต้องขึ้นรถเดินทางไปเบิกในจังหวัดระยะทางเป็นร้อยกิโลเมตรนะคะ
7-7875-19.wav	ผู้สื่อข่าวประจำจังหวัดนครสวรรค์ของเรายังได้คุยกับคุณยายกรด้วยนะ
7-7875-24.wav	อยู่ในพื้นที่ตำบลบัวใหญ่อำเภอบัวใหญ่จังหวัดนครราชสีมา
7-7875-5.wav	แกอยู่ที่จังหวัดนครสวรรค์ค่ะ
7-7880-10.wav	จังหวัดเชียงรายค่ะแล้วก็จะมีอีกบันทึกนึงนะคะ
7-7880-5.wav	ที่จังหวัดนนทบุรีนะคะที่นี่ก็คือมูลนิธิสุบินนิมิตค่ะ
7-7888-106.wav	แต่กลัวจะถูกแฟนใหม่คือนายวิชัยทำร้าย
7-7888-17.wav	ที่วัดแสนภูดาษจังหวัดฉะเชิงเทรา
7-7888-91.wav	อยากให้นายบอลมาร่วมงานศพ
7-7890-15.wav	กระโดดจากชั้นที่3ของอาคารที่พักผู้ป่วยก็เลยมีการเดินทางไปตรวจสอบในพื้นที่นะคะ
7-7890-167.wav	เน้นคำว่าคนสนิทเดินทางออกจากทำเนียบรัฐบาล
7-7890-16.wav	โดยพบศพชายอายุ50ปีเป็นชาวจังหวัดอุตรดิตถ์จากการชันสูตรเบื้องต้นเนี่ยพบว่า
7-7890-188.wav	ข้าวหมกไก่อย่างนี้ขนมหวานผลไม้ปรากฏว่าวันนี้ความแปลกคือทันทีที่นายกเดินทางไปถึงมูลนิธิป่ารอยต่อนะครับ
7-7890-254.wav	เพราะว่าละครช่องวันของนางก็ยังถ่ายไม่เสร็จ
7-7890-457.wav	เออแบบคือคือสงสารนางมากเลยนะ
7-7890-477.wav	แต่เรื่องนี้นางให้ข้อมูลกับทางตำรวจไปเรียบร้อยแล้ว
7-7895-31.wav	แล้วอาศัยจังหวะเผลอนะครับก็ขโมยทรัพย์สินไป
7-7896-33.wav	ตัวนายจิรายุทธ์ได้ส่วนแบ่งล้านเดียว
7-7896-6.wav	เชื่อว่าน่าจะแบ่งครึ่งกันกับเพื่อนที่ร่วมก่อเหตุครับที่นายจิรายุทธ์มีเนี่ยสามล้านกว่าบาท
7-7897-11.wav	ตำบลดงบังอำเภอบึงโขงหลงจังหวัดบึงกาฬค่ะ
7-7898-39.wav	บอกว่าที่แยกมาบข่าที่จังหวัดระยอง
7-7899-30.wav	ก็เดินทางไปแจ้งความที่สภ.ห้วยใหญ่อำเภอบางละมุงจังหวัดชลบุรี
7-7901-11.wav	ส่วนที่จังหวัดระยองก็มีจอมปลวกโผล่อยู่กลางร้านซ่อมรถจักรยานยนต์
7-7901-16.wav	เลขที่82หมู่5อำเภอบ้านค่ายจังหวัดระยอง
7-7901-4.wav	เจ้าของสวนในจังหวัดปราจีนบุรีพบจอมปลวกแปลกดูคล้ายคนนั่งขัดสมาธิขณะเข้าปรับพื้นที่เพื่อทำการเกษตร
7-7901-6.wav	ดูคล้ายคนนั่งขัดสมาธิอยู่บริเวณสวนป่ายางนาด้านหลังบ้านพักเลขที่57/1หมู่1บ้านทรงตำบลย่านรีอำเภอกบินทร์บุรีจังหวัดปราจีนบุรีซึ่งที่นี่เนี่ยก็เปิดเป็นศูนย์การเรียนรู้เศรษฐกิจพอเพียงอีกด้วยล่ะครับ
7-7902-13.wav	เดินทางไปให้ข้อมูลเกี่ยวกับเรื่องของการจ่ายเงินสินบน
7-7902-9.wav	วันนี้นักข่าวจำนวนมากกำลังเดินทางไป
7-7903-109.wav	พรุ่งนี้เดี๋ยวเจ้าหน้าที่พม.จังหวัดกระบี่จะเข้าไปช่วยดูแลอีกทางหนึ่งด้วยนะคะ
7-7903-16.wav	เป็นพื้นที่ตำบลบ้านกลางอำเภออ่าวลึกจังหวัดกระบี่นะครับ
7-7903-21.wav	เธอไปแจ้งความไว้แล้วนะครับที่สภ.อ่าวลึกนะครับที่จังหวัดกระบี่
7-7903-62.wav	ไปคุยกับเพื่อนสนิทของนางสาวไอซ์ที่อยู่ในเหตุการณ์นะคะ
7-7903-83.wav	นางสาวไอซ์ก็บอกกับทีมข่าวนะคะบอกว่าเธอเสียใจที่ลูกสาวโดนพ่อแท้ๆทำร้าย
7-7905-269.wav	เข็มที่3จะฉีดให้เข้าไปที่หัวใจให้หยุดเต้นและก็มีคณะกรรมการครับจะไม่ว่าทั้งของจังหวัดเอง
7-7907-17.wav	จากคนเสื้อแดงนะครับหลากหลายจังหวัดที่จะเดินทางมา
7-7907-18.wav	รับนายทักษิณในวันพรุ่งนี้นะครับทั้งจากจังหวัดปทุมธานีนะครับ
7-7907-20.wav	ทยอยเดินทางมาที่สนามบินดอนเมืองตั้งแต่ช่วง00:30น.ของค่ำคืนนี้นะครับ
7-7907-21.wav	จากจังหวัดปราจีนนะครับก็จะเดินทางกันมาเองนะครับ
7-7907-30.wav	จังหวัดนครราชสีมามวลชนคนเสื้อแดงกลุ่มอำเภอเมืองนะครับ
7-7907-31.wav	อำเภอเมืองจังหวัดนครราชสีมานะครับส่วนอำเภอต่างก็จะเดินทางกันมาเองนะครับ
7-7907-32.wav	บอกว่าอ่าโดยเฉพาะภาคอีสานมีรถบัสกว่า15คันนะครับที่จะเริ่มเดินทางตั้งแต่ค่ำคืนนี้
7-7907-33.wav	เราได้ไปคุยกับคนที่มาปักหลักค้างคืนนะครับเพื่อที่จะรอรับนายทักษิณกลับบ้าน
7-7907-35.wav	ไม่เคยลืมสิ่งที่นายทักษิณทำเพื่อประเทศชาติ
7-7907-37.wav	อยากให้เดินทางปลอดภัยแล้วก็ไม่อยากให้ไปไหนแล้วครับ
7-7907-39.wav	ขอให้ท่านเดินทางไปกลับอย่างปลอดภัยนะคะ
7-7907-53.wav	รองรับคนเสื้อแดงที่จะทยอยเดินทางมาตั้งแต่ค่ำคืนนี้นะครับ
7-7907-8.wav	จุดที่นายทักษิณนะครับคาดว่าจะลงเครื่องบิน
7-7910-20.wav	แต่ปรากฏว่าระหว่างที่เปิดให้เลือกตั้งเนี่ยนายกเทศบาลเมืองบางรักพัฒนาเกิดอาการหัวเสียปะทะคารมกับกำนัน
7-7912-26.wav	หรือว่าตำบลท่าเคยอำเภอท่าฉางจังหวัดสุราษฎร์ธานีเนี่ย
7-7912-8.wav	ไปกันที่นี่ค่ะวัดบางใหญ่ตำบลลีเล็ดอำเภอพุนพินจังหวัดสุราษฎร์ธานี
7-7914-131.wav	ในเขตรอยต่อของจังหวัดสงขลาและจังหวัดปัตตานี
7-7914-16.wav	ผู้บาดเจ็บมี8นายก็เป็นเจ้าหน้าที่ของทางตชด.
7-7914-69.wav	ที่อำเภอสายบุรีจังหวัดปัตตานี
7-7921-18.wav	ก็รีบเดินทางกลับมาก็พบว่าลูกเสียชีวิตไปแล้ว
7-7921-25.wav	นางสมใจอายุ59ปีเล่าทั้งน้ำตาเลยนะคะ
7-7921-4.wav	อำเภอทุ่งสงจังหวัดนครศรีธรรมราช
7-7923-18.wav	เพื่อประสานงานกับศูนย์บริหารการทะเบียนภาคสาขาจังหวัดส่วนกรุงเทพมหานครสามารถติดต่อได้ที่สำนักทะเบียนเขต
7-7923-6.wav	และหัวหน้าศูนย์บริหารการทะเบียนภาค5สาขาจังหวัดเชียงใหม่
7-7926-2.wav	ไปที่กลางตลาดอู่ทองที่จังหวัดสุพรรณบุรีจากนั้นนะครับ
7-7928-9.wav	แล้วก็ไปเจอตำรวจสองนายเข้าตะครุบมาได้
7-7929-0.wav	คุณผู้ชมค่ะตั้งแต่วันนี้เป็นต้นไปเนี่ยพื้นที่46จังหวัด
7-7929-17.wav	โอกาสเกิดฝนมากถึง60เปอร์เซ็นต์ก็ต้องระมัดระวังกันด้วยสำหรับการเดินทางแล้วก็ต้องเฝ้าระวังเรื่องปัญหาน้ำท่วมรอการระบายนะคะ
7-7929-18.wav	สำหรับใครที่จะต้องทำกิจกรรมกลางแจ้งคงต้องวางแผนการเดินทางและวางแผนกิจกรรมกันให้ดี
7-7929-5.wav	สำหรับภาคเหนืออยู่ที่จังหวัดอุตรดิตถ์พิษณุโลกพิจิตรเพชรบูรณ์นะคะ
7-7929-7.wav	ก็คืออยู่ที่จังหวัดนครนายกจันทบุรีปราจีนบุรีชลบุรีสระแก้วระยองและตราด
7-7929-8.wav	ภาคใต้ทุกจังหวัดนะคะรวมถึงภาคอีสานด้วย
7-7929-9.wav	จังหวัดดังกล่าวนะคะต้องระวังฝนตกหนักน้ำท่วมฉับพลันน้ำป่าไหลหลากนะคะ
7-7930-6.wav	ที่เขตอุทยานแห่งชาติน้ำพองอำเภอมัญจาคีรีจังหวัดขอนแก่นนะครับ
7-7932-20.wav	ผู้โดยสารเพศหญิงกำลังจะเดินทางไปยังจังหวัดนครศรีธรรมราชนะครับ
7-7935-1.wav	ที่จังหวัดอุดรธานีโอ้โหท่านนี้เป็นชาวจังหวัดอุดรฯ
7-7936-228.wav	ไม่สามารถขึ้นมาเองได้โดยต้องใช้ชาวบ้านที่เคยเดินทางอยู่ในหมู่บ้านตระนะครับ
7-7936-233.wav	ซึ่งบนเขาลูกนี้มีเจ้าหน้าที่ตำรวจกระจายกำลังอยู่มากกว่า200นายนะครับ
7-7936-285.wav	ใช้เวลาเดินทางกว่า2ชั่วโมง
7-7936-337.wav	ผู้สื่อข่าวเราก็ไปที่วัดหัวหมอนนะคะที่อำเภอเมืองจังหวัดพัทลุงที่ตำบลนาโหนดเลย
7-7936-31.wav	เมื่อเช้านะคะที่น้ำตกโตนตกอำเภอปะเหลียนจังหวัดตรังค่ะ
7-7936-33.wav	นำกำลังกว่า10นายพร้อมกับมอเตอร์ไซค์
7-7936-439.wav	มีทั้งตบหน้านี่19มกราคมในร้านอาหารแห่งหนึ่งที่จังหวัดพัทลุงนะคะ
7-7936-553.wav	ตำบลปาล์มพัฒนาอำเภอมะนังจังหวัดสตูลซึ่งติดกับเขตรอยต่อ3จังหวัด
7-7936-578.wav	ที่จังหวัดตรังนะครับท่านผู้อำนวยการโรงเรียนบ้านควนไม้ดำที่อำเภอปะเหลียนนะครับ
7-7936-586.wav	เพื่อความปลอดภัยในการเดินทาง
7-7936-591.wav	นักเรียนไม่ให้เดินทางนะครับไม่ว่าจะเป็นกลางวันแล้วก็กลางคืน
7-7936-60.wav	เขตรักษาพันธุ์สัตว์ป่าเขาบรรทัดพื้นที่รอยต่อ3จังหวัด
7-7936-6.wav	เคยแข่งจักรยานยนต์วิบากในสนามแข่งในพื้นที่อำเภอปะเหลียนจังหวัดตรัง
7-7936-76.wav	ไปคุยกับคนเฒ่าคนแก่ในพื้นที่ชุมชนบ้านโตนตกอำเภอปะเหลียนจังหวัดตรังนะฮะ
7-7940-28.wav	อยู่ที่จังหวัดสตูลบอกก่อนว่าคุณยายเขาเปิดขาย2รอบนะ
7-7940-6.wav	อยู่ที่จังหวัดสตูลนะคะร้านนี้เขาจะขายเนื้อไก่ย่าง
7-7944-10.wav	อำเภอบางไทรจังหวัดพระนครศรีอยุธยา
7-7947-211.wav	คุณพิธาเดินทางไปนั่นแหละครับคุณผู้ชมครับ
7-7947-247.wav	คือวันพรุ่งนี้จะไปจังหวัดขอนแก่นเป็นการเล่นเกมมวลชนหรือเปล่า
7-7947-251.wav	คุณพิธายืนยันว่าไม่ใช่นะครับแต่ที่มาหลายจังหวัด
7-7947-93.wav	คุณเศรษฐาทวีสินแคนดิเดตนายกรัฐมนตรีของพรรคเพื่อไทยนะครับ
7-7947-94.wav	วันนี้ลงพื้นที่ไปดูเรื่องธนาคารน้ำนะฮะที่จังหวัดนครพนมก็เลยได้สัมภาษณ์กัน
7-7948-53.wav	แล้วก็ไปคุยกับนายยอดถามว่ามาทำอะไรเนี่ยยอดบอกว่ามาหาที่นอน
7-7948-56.wav	ปรากฏว่านายยอดไม่มีเงินครับไม่จ่ายเงินไม่พอควักปืนออกมาอีก
7-7948-59.wav	แล้วตัวของนายยอดเนี่ยหลบอยู่ในบ้านพักพอตำรวจมาพยายามเกลี้ยกล่อม
7-7949-5.wav	ที่วัดหนองน้ำแดงในตำบลบ้านไร่อำเภอลาดยาวจังหวัดนครสวรรค์ค่ะ
7-7951-17.wav	ตำบลไทรโยคอำเภอไทรโยคจังหวัดกาญจนบุรี
7-7951-35.wav	เดินทางมาเที่ยวที่ไทรโยคกาญจนบุรีเมื่อ30ปีก่อน
7-7951-5.wav	ที่จังหวัดกาญจนบุรีจำได้
7-7956-11.wav	ชาวบ้านในจังหวัดปราจีนบุรี
7-7956-24.wav	ในพื้นที่บ้านควนกลิ้งอำเภอทุ่งใหญ่จังหวัดนครศรีธรรมราช
7-7956-40.wav	ของพื้นที่ตำบลแม่ต๋ำอำเภอเมืองจังหวัดพะเยา
7-7960-32.wav	เทศบาลกับสำนักงานป้องกันและบรรเทาสาธารณภัยจังหวัด
7-7963-19.wav	ก็เลยมีนักท่องเที่ยวเดินทางเข้ามากันเยอะหน่อยนะ
7-7965-0.wav	มาติดตามความเคลื่อนไหวของทีมชาติไทยครับที่เดินทางจากจอร์เจียไปถึงเอสโตเนีย
7-7965-39.wav	เดินทางไปชมไปเชียร์ก็ตั้งคำถามว่าทำไมเขาถึงเดินทางในอีกแบบนึงได้นะครับ
7-7965-43.wav	ต้องให้นักกีฬาเนี่ยใช้เวลาในการเดินทางให้น้อยที่สุด
7-7965-4.wav	แพ้ค่อนข้างขาดอะนะครับทีมไทยก็ได้พักผ่อนเต็มที่หลังจากเดินทางจากจอร์เจียนะครับ
7-7966-33.wav	แต่ว่าทางชุดซีเกมส์ก็จะเดินทาง
7-7966-34.wav	อีกแค่2อาทิตย์ก็จะเดินทางแล้วอะไรอย่างนี้
7-7967-0.wav	ไปดูเหตุสลดที่เกิดขึ้นที่อำเภออู่ทองจังหวัดสุพรรณบุรีกันหน่อยนะคะ
7-7972-0.wav	คุณผู้ชมครับไปดูเรื่องแปลกหน่อยที่จังหวัดพะเยา
7-7973-33.wav	จังหวัดระยองครับแล้วก็อบต.หนองบัว
7-7976-16.wav	ที่จังหวัดนครราชสีมาครับระหว่างวันที่16ถึง23กันยายน
7-7977-25.wav	ไปที่วัดแม่ตะไคร้ตำบลทาเหนืออำเภอแม่ออนจังหวัดเชียงใหม่
7-7984-194.wav	เป็นชาวจังหวัดสุราษฎร์ธานีภูมิลำเนาอยู่สุราษฎร์ธานีนะฮะก็ไปตรวจสอบเพิ่มนะครับ
7-7984-250.wav	วันนี้เรามีภาพภายในร้านช่อทิพย์ร้านเสริมสวยที่ชาวอำเภอเมืองจังหวัดพิษณุโลกรู้จักดีนะฮะ
7-7984-329.wav	พิธีศพนะครับตอนนี้ทางครอบครัวเตรียมเดินทางไปรับศพ
7-7985-47.wav	เดี๋ยวตำรวจจะขยายผลไปยังนายแดงด้วยนะ
7-7985-31.wav	สารภาพว่ารับคำสั่งมาจากนายแดงอีกทีนึง
7-7986-2.wav	สงกรานต์ที่จังหวัดเชียงใหม่ในปีนี้พิเศษกว่าทุกปีนะคะ
7-7986-48.wav	พระสงฆ์กว่า40รูปในจังหวัดเชียงใหม่
7-7986-50.wav	ซึ่งเป็นพระคู่บ้านคูเมืองจังหวัดเชียงใหม่
7-7986-57.wav	พระพุทธสิหิงค์ที่ประดิษฐานในจังหวัดเชียงใหม่
7-7986-73.wav	ก่อมาแอ่วตี้จังหวัดเชียงใหม่ได้เน้อเจ้า
7-7989-61.wav	หลังจากที่ว่านางผัวจะฆ่าตัวตาย
7-7992-21.wav	ฉีดนายเสถียรไปด้วยเพื่อไม่ให้คลุ้มคลั่งมากไปกว่านี้
7-7994-12.wav	กรณีที่ทางด้านของนายสุเทพเทือกสุบรรณ
7-7996-2.wav	ที่วัดโคกสะพานขาวตำบลป่าไร่อำเภออรัญประเทศจังหวัดสระแก้ว
7-7996-5.wav	ส่วนที่จังหวัดตากนักท่องเที่ยวแห่ชมขบวนแห่สงกรานต์ชายแดน
7-7996-6.wav	ปีนี้เทศบาลนครแม่สอดจัดขบวนแห่นางสงกรานต์ถึง9วัดนำโดยขบวนรถพระพุทธรูปเก่าแก่ที่ชาวนครแม่สอดนับถือ
7-7998-10.wav	เดินทางไปถึงรูปปั้นพระเยซู
7-7998-13.wav	โดยคบเพลิงนี้ก็ได้เดินทางไปยังเมืองต่างๆ
8-8001-13.wav	ทราบว่านางคำปิ่นผู้เสียชีวิตออกจากบ้านช่วงเช้าของวันที่8
8-8001-8.wav	พื้นที่ตำบลลาดตะเคียนอำเภอกบินทร์บุรีจังหวัดปราจีนบุรีนะคะ
8-8005-19.wav	ที่ได้เดินทางไปที่ศาลมีนบุรีในช่วงบ่ายด้วย
8-8006-22.wav	และรักษาฝั่งถนนสุขุมวิทอำเภอสัตหีบจังหวัดชลบุรี
8-8007-15.wav	ซึ่งพระปลัดเสกสรรก็ยืนยันที่จะเดินทางไป
8-8007-18.wav	แม้จะมีคำสั่งจากเจ้าคณะจังหวัดปทุมธานีให้ออกจากพื้นที่
8-8007-31.wav	นำประกาศของเจ้าคณะจังหวัดปทุมธานี
8-8007-41.wav	ด้านเจ้าหน้าที่สำนักพุทธเตรียมรายงานเรื่องดังกล่าวให้เจ้าคณะจังหวัดปทุมธานีพิจารณาดำเนินการต่อไปค่ะ
8-8007-4.wav	ล่าสุดถึงแม้จะมีคำสั่งประกาศออกมาจากเจ้าคณะจังหวัดปทุมธานีให้พระสงฆ์สามเณรที่ปักหลักอยู่ตลาดกลางคลองหลวงออกไปแล้วก็กลับวัดซะ
8-8008-25.wav	ส่วนที่โรงพยาบาลบ้านโป่งจังหวัดราชบุรีนะคะ
8-8008-36.wav	ส่วนที่จังหวัดเชียงรายนะครับ
8-8008-5.wav	ของโรงเรียนตาคลีประชาสรรค์จังหวัดนครสวรรค์
8-8009-5.wav	ไทยสามัคคีอำเภอวังน้ำเขียวจังหวัดนครราชสีมา
8-8010-0.wav	พาไปดูเหตุสลดเกิดขึ้นที่จังหวัดชัยภูมินะคะ
8-8010-16.wav	อำเภอเทพสถิตจังหวัดชัยภูมิพนักงานสอบสวนสภ.เทพสถิตนะคะ
8-8011-1.wav	เกิดขึ้นที่จังหวัดนครปฐมนะคะ
8-8011-40.wav	นายบอลนามสมมุติอายุ15ปี
8-8012-13.wav	ที่จังหวัดพระนครศรีอยุธยาและถูกแจ้งความเอาผิด2ข้อหา
8-8012-17.wav	ได้เดินทางเข้าพบตำรวจภูธรพระนครศรีอยุธยาแล้วนะครับ
8-8012-36.wav	ด้านตำรวจท่องเที่ยวจังหวัดพระนครศรีอยุธยาก็ฝากประชาสัมพันธ์ให้นักท่องเที่ยว
8-8017-14.wav	โรงเรียนไทยรัฐวิทยา12แม่อายจังหวัดเชียงใหม่
8-8017-19.wav	เป็นความร่วมมือกันระหว่างศิลปาชีพบ้านนาโพธิ์จังหวัดบุรีรัมย์
8-8017-30.wav	จากศิลปาชีพบ้านนาโพธิ์จังหวัดบุรีรัมย์นะคะ
8-8019-6.wav	ใช่ครับตำบลฝายหลวงอำเภอลับแลจังหวัดอุตรดิตถ์
8-8021-16.wav	ในเวลาไปฝึกไปซ้อมเวลาเดินทางไปต่างพื้นที่ต่างจังหวัด
8-8021-32.wav	จะเดินทางออกนอกจังหวัดน้องๆก็ต้องทำหนังสือเดินทาง
8-8022-59.wav	จากเขื่อนเจ้าพระยาจังหวัดชัยนาทนะครับ
8-8022-61.wav	โดยมีพื้นที่ที่ต้องเฝ้าระวัง7จังหวัดดังนี้นะครับ
8-8022-62.wav	ก็ประกอบไปด้วยจังหวัดอุทัยธานีชัยนาท
8-8022-72.wav	โดยเฉพาะในเขตอำเภอเมืองจังหวัดสุพรรณบุรี
8-8022-73.wav	จังหวัดนครปฐมแล้วก็บริเวณจังหวัดสมุทรสาคร
8-8024-6.wav	คือที่เดินทางไปเนี่ยก็สืบเนื่องมาจากทางสำนักงานสลากกินแบ่งรัฐบาลนะครับ
8-8027-31.wav	เกิดอุบัติเหตุที่อำเภอเขื่องในจังหวัดอุบลราชธานี
8-8029-0.wav	ใครจะไปรอรับรวมทั้งใครจะเดินทางต้องติดตามเส้นทางให้ดีว่าจะเป็นอย่างไรกันบ้างครับ
8-8032-264.wav	เรื่องชื่อหรือนางสยามมีแต่น้ำใจ
8-8034-23.wav	ความคืบหน้าเรื่องนี้นักข่าวของเราเดินทางไปคุยกัน
8-8034-24.wav	กับทางด้านของนายเข็มแจ่มเมืองซึ่งเป็นคนเจ็บในภาพนี้
8-8034-87.wav	แต่ผมจะฟ้องกลับเพราะผมถูกนายคนนี้ต่อยมา
8-8036-7.wav	อยู่ที่อำเภอเมืองจังหวัดสุพรรณบุรี
8-8038-3.wav	ชาวบ้านเขาบอกว่ามันคลานมาที่บ้านของนายนายหนูเลื่อน
8-8038-5.wav	หนองหัวช้างหมู่ที่7ตำบลเสมาใหญ่อำเภอบัวใหญ่จังหวัด
8-8039-0.wav	ที่จังหวัดบึงกาฬเจ้าหน้าที่ได้มีการเผายาเสพติดของกลางนะคะ
8-8040-7.wav	ก็เกิดขึ้นผ่านสิ่งที่เป็นเหตุการณ์ที่นายตำรวจยิงหนุ่มอเมริกันผิวสีเสียชีวิตที่เมืองเฟอร์กูสันรัฐมิสซูรีสหรัฐอเมริกา
8-8041-40.wav	เบื้องต้นคาดว่าจะมีประชาชนเดินทางมาชมพระเมรุมาตรตลอดทั้งเดือนรวมกว่า3ล้านคน
8-8041-9.wav	ซึ่งประชาชนที่ต้องการเดินทางเข้าชมนิทรรศการพระเมรุมาตรที่ท้องสนามหลวง
8-8043-0.wav	ล่าสุดนะคะทางญาตินะคะแล้วก็ครอบครัวค่ะคุณพ่อค่ะก็เดินทางจากนครนายกเลยนะคะ
8-8045-2.wav	ตำรวจเข้าไปพยายามติดตามจับกุมนายเอกไม่ยอมมอบตัว
8-8045-5.wav	เหตุการณ์เกิดขึ้นที่บ้านเลขที่119หมู่12ตำบลคอนสวรรค์อำเภอคอนสวรรค์จังหวัดชัยภูมินะฮะ
8-8046-12.wav	ตรงข้างแขวงทางหลวงชนบทกาฬสินธุ์ที่จังหวัดกาฬสินธุ์นี่แหละค่ะ
8-8046-23.wav	เดินมาหาตัวนายสะอาดคนเจ็บ
8-8046-44.wav	นายสะอาดอ่ะมานานหลายปีเอาจริงผมยอมรับผมสนิทกับนายสะอาดดี
8-8046-47.wav	ผ่านมาหลายเดือนนายสะอาดก็ไม่ยอมคืนเงินผมแม้แต่บาทเดียวค่ะ
8-8046-73.wav	แต่ถ้าสมมุติคนเจ็บคือนายสะอาดเนี่ยนะคะ
8-8047-11.wav	คือลงไปงมจนเจอศพของนายปัญญาเนี่ยค่ะ
8-8047-16.wav	จะต้องเอาเชือกเนี่ยไปมัดร่างของนายปัญญา
8-8047-42.wav	แต่ว่าตัวนายปัญญากับเพื่อนสังเกตดูกระแสน้ำไม่เป็น
8-8047-50.wav	แต่ว่าตัวนายปัญญาเนี่ยว่ายกลับเข้าฝั่งไม่ทัน
8-8047-53.wav	พอเห็นนายเนี่ยปัญญาหายไป
8-8047-30.wav	นายปัญญาก็มีการชวนเพื่อนคนงาน
8-8047-55.wav	มีการแจ้งว่าพบศพนายปัญญาเพื่อนคนงานรับจ้างคัดมังคุด
8-8047-59.wav	ให้เดินทางมารับศพนายปัญญาที่โรงพยาบาลพรหมคีรี
8-8048-561.wav	และไม่ปรากฏหลักฐานการจ่ายเงินดังกล่าวว่านายอนันต์ได้ขายที่ดินแปลงนี้ต่อให้บุคคลอื่น
8-8048-623.wav	ทั้งหมดนะครับมีทั้งเจ้าหน้าที่คนเข้าเมืองจังหวัดเชียงราย
8-8055-23.wav	จุดตรงนี้เป็นรอยต่อของจังหวัดตรัง
8-8055-27.wav	เพื่อให้รถทุกคันที่จะเข้าที่จังหวัดตรังเนี่ย
8-8055-36.wav	แต่ยืนยันว่าถ้าจะเข้าจังหวัดตรัง
8-8055-50.wav	ซึ่งจ่าจำปาไม่ใช่คนจังหวัดตรังนะ
8-8055-51.wav	แต่ต้องเดินทางไปกลับเนี่ยเพื่อที่จะไปดูแลแม่
8-8055-57.wav	กองพลทหารราบที่5ค่ายเทพสตรีศรีสุนทรที่จังหวัดนครศรีธรรมราชเนี่ย
8-8055-69.wav	แล้วหนึ่งในคณะนายเสนาธิการของกองทัพภาคที่4
8-8055-89.wav	ในข้อความบอกว่ากระผมมีความจำเป็นต้องเดินทางไปพามารดา
8-8056-16.wav	ว่าการจัดงานแบบนี้ของสำนักงานสาธารณสุขจังหวัดจังหวัดนึงเนี่ย
8-8056-29.wav	สำนักงานสาธารณสุขจังหวัดบึงกาฬ
8-8059-24.wav	ได้ประกาศขอความร่วมมืองดประชาชนเดินทางมาโรงพยาบาลหากไม่จำเป็น
8-8056-3.wav	อ่อแล้วก็เป็นสำนักงานสาธารณสุขจังหวัดเลยนะ
8-8059-52.wav	ขณะที่ต่างจังหวัด71จังหวัดตัวเลขผู้ติดเชื้อตอนนี้
8-8059-57.wav	เขาบอกว่าทราบว่านอกจากชาวกรุงเทพที่ไปรับการฉีดแล้วก็ยังมีประชาชนจากจังหวัดอื่นด้วยนะคะ
8-8059-58.wav	ซึ่งทางกระทรวงสาธารณสุขก็ห่วงนะคะว่าขณะนี้อยู่ในมาตรการห้ามเคลื่อนย้ายเดินทาง
8-8060-34.wav	อาจจะไม่ใช้บริการของนกแอร์แล้วเพราะไม่มั่นใจในการเดินทาง
8-8060-56.wav	นายสมฤทธิพร้อมด้วยคณะอาจารย์และเจ้าหน้าที่มหาวิทยาลัยธรรมศาสตร์รวม12คน
8-8060-57.wav	มีกำหนดการเดินทางสู่กรุงเทพด้วยสายการบินนกแอร์เวลา19:05น.
8-8060-58.wav	แต่ต้องติดอยู่ในสนามบินอุบลราชธานีและต้องเดินทางกลับโดยสายการบินอื่น
8-8060-62.wav	เพื่อให้ผู้โดยสารเดินทางไปถึงจุดหมายปลายทาง
8-8060-64.wav	การเดินทางไปกับสายการบินอื่น
8-8061-8.wav	เมื่อช่วงเช้าค่ะเธอมารับคนไข้ติดเตียงที่ซอยโรงพยาบาลบางจากจังหวัดสมุทรปราการ
8-8065-61.wav	พื้นที่บารายพิมายจังหวัดนครราชสีมา
8-8066-24.wav	ไม่ต่างจากอุทยานแห่งชาติภูกระดึงจังหวัดเลยค่ะ
8-8066-7.wav	ที่เป็นจุดชมวิวผามออีแดงอุทยานแห่งชาติเขาพระวิหารที่อำเภอออำเภอกันทรลักษ์จังหวัดศรีสะเกษ
8-8069-19.wav	กำลังอยู่ระหว่างการเดินทางเยือนเกาหลีเหนือเพื่อพูดคุยกับฝ่ายเกาหลีเหนืออย่างจริงจัง
8-8069-24.wav	ผู้แทนสหรัฐย้ำก่อนการเดินทางเยือนเกาหลีเหนือว่า
8-8070-21.wav	ซึ่งนางวราพรเล่าทั้งน้ำตาบอกว่าที่ผ่านมาก็ดูแลลูกอย่างดีที่สุดแล้ว
8-8070-37.wav	ก่อนจะส่งฟ้องต่อศาลจังหวัดเชียงใหม่ต่อไปค่ะ
8-8070-38.wav	ส่วนเรื่องการเยียวยาช่วยเหลือครอบครัวผู้เสียชีวิตที่ผ่านมาทางยุติธรรมจังหวัด
8-8071-11.wav	บรรยากาศเช้านี้ภายในวัดซองกาเลียอำเภอสังขละบุรีจังหวัดกาญจนบุรี
8-8071-2.wav	บริเวณอำเภอสังขละบุรีจังหวัดกาญจนบุรี
8-8071-33.wav	ก็อยากให้เชิญชวนนักท่องเที่ยวมาท่องเที่ยวด่านเจดีย์3องค์เหมือนเดิมค่ะ
8-8071-44.wav	นะคะสร้างความผิดหวังให้กับนักท่องเที่ยวบางส่วนค่ะที่เดินทางมาตั้งแต่ช่วงเช้าจึงทำ
8-8071-8.wav	รายงานจากด่านตรวจคนเข้าเมืองสังขละบุรีจังหวัดกาญจนบุรีค่ะเชิญค่ะ
8-8075-52.wav	เพราะอยู่ระหว่างขั้นตอนของกกต.ประจำจังหวัดตรวจสอบความถูกต้องของเอกสาร
8-8075-53.wav	ซึ่งดำเนินการแล้วเสร็จไปแล้วใน75จังหวัด
8-8075-54.wav	เหลือเพียง2จังหวัดโดยจะมีการเผยแพร่ผ่านทางเว็บไซต์ของกกต.
8-8077-11.wav	คุณผู้ชมครับล่าสุดนั้นผู้อำนวยการสำนักงานพระพุทธศาสนาจังหวัดมหาสารคาม
8-8077-5.wav	จังหวัดมหาสารคามก็เตรียมออกหนังสือคุณผู้ชมคลิปนี้ฮะ
8-8079-27.wav	หลังจากเกิดเหตุก็ได้เดินทางไปแจ้งความที่สภ.คลองหลวง
8-8079-46.wav	แล้วก็เวลาต่อมามารดาของผู้ก่อเหตุก็ได้เดินทางมาเพื่อขอเจรจาไกล่เกลี่ย
8-8082-15.wav	จากนั้นทีมชาติไทยได้เดินทางต่อด้วยรถบัสจากกรุงจาการ์ตา
8-8082-19.wav	โดยระยะทางกว่า90กิโลเมตรใช้เวลาการเดินทางกว่า3ชั่วโมง
8-8082-2.wav	ในวันที่14ธันวาคมตอนนี้พวกเขาเดินทางถึงประเทศอินโดนีเซียแล้วนะครับ
8-8086-1.wav	พาไปที่จังหวัดตากไปเจอกับหมาแปลก
8-8089-30.wav	ที่บ้านปัวดอยตำบลงิมอำเภอปงจังหวัดพะเยา
8-8091-28.wav	อยู่ในซอยจุฑางกูร9อยู่ที่อำเภอเมืองจังหวัดมหาสารคาม
8-8093-5.wav	จังหวัดสระแก้วเหตุการณ์นี้จังหวัดสระแก้วเจอช่างเสริมสวยหลอก
8-8095-10.wav	คุณผู้ชมนี่แหละค่ะเป็นเหตุการณ์เกิดขึ้นที่จังหวัดเลยนะคะ
8-8095-18.wav	เชียงคานตำบลเมืองอำเภอเมืองจังหวัดเลย
8-8096-54.wav	ครูผู้หญิงคนนี้ย้ายไปจังหวัดนครสวรรค์
8-8102-21.wav	และแฮชแท็กนางสาวใส่ชื่อไว้เรียบร้อยคือเจ้าสาว
8-8102-43.wav	ทีมงานเดินทางไปไกลมีค่าใช้จ่ายมากที่ต้องรับผิดชอบ
8-8104-14.wav	อยู่ในซอยเจ้าแม่กวนอิมที่ตำบลป่าแดดอำเภอเมืองจังหวัดเชียงใหม่ค่ะ
8-8107-148.wav	ทางด้านของรองผู้การจังหวัดนครนายกนะครับ
8-8107-149.wav	เดินทางมาติดตามความคืบหน้าคดีด้วยตัวเองครับ
8-8107-73.wav	เดินทางไปที่โรงพักดงละครครับ
8-8107-81.wav	มาเป็น10หนึ่งในนั้นอายุน้อยสุดคือ11ขวบเดินทางมาที่โรงพักดงละครด้วย
8-8108-10.wav	ขณะเดียวกันหนึ่งในพยานบุคคลนะครับที่เดินทางมาในวันนี้ด้วย
8-8108-16.wav	นางสาวบุ๋มเป็นอีกหนึ่งนะครับในอดีตโยมอุปัฏฐากเหมือนกันเปิดเผยบอกว่า
8-8108-24.wav	นางสาวบุ๋มบอกแบบนั้นแล้วก็จะนะครับดำเนินคดีให้สุด
8-8108-38.wav	จังหวัดขอนแก่นเปิดเผยบอกว่าได้ยุติการสอบสวนของฝ่ายสงฆ์เป็นการชั่วคราว
8-8108-5.wav	อำเภอมัญจาคีรีจังหวัดขอนแก่นครับ
8-8109-11.wav	บ้านแม่เฮียวตำบลวังเหนืออำเภอวังเหนือจังหวัดลำปาง
8-8109-12.wav	ขณะที่นายอาจออกไปหาของป่า
8-8109-51.wav	ประชาชนชาวบ้านก็มุงดูกันเป็นจำนวนมากค่ะนายสัมพันธ์
8-8109-7.wav	หลังจากที่เมื่อช่วงเย็นวันนี้มีคนไปพบศพนายอาจ
8-8110-108.wav	เอาล่ะต่อค่ะที่จังหวัดกำแพงเพชรรายที่2นะคะ
8-8110-10.wav	ทั้งสิ้นเลยนะทั้งสิ้นเลยแบ่งเป็นจังหวัดไหนบ้างมันเริ่มกระจายฮะ
8-8110-114.wav	เดินทางกลับกำแพงเพชรพร้อมกับภรรยาแล้วก็ลูกชาย
8-8110-125.wav	รายแรกของจังหวัดเขาเป็นผู้จัดการโชว์รูมรถอายุ40ปี
8-8110-187.wav	เห็นไหมครับถ้ามีการเดินทางปั๊บ
8-8110-29.wav	สำหรับยอดผู้ป่วยโควิด-19ในจังหวัดสมุทรสาครนะครับ
8-8110-43.wav	ยังนะคะไปดูจังหวัดแรกหน่อยนนทบุรีตอนนี้ไปพบผู้ติดเชื้อ4รายซึ่งเชื่อมโยง
8-8110-50.wav	เป็นชายไทยอายุ31ปีเดินทางจากอำเภอกันทรารมย์จังหวัดศรีสะเกษ
8-8110-52.wav	เมื่อวันที่12ธันวาคมมีเดินทางไปคุยงานกับลูกค้า
8-8110-65.wav	ไปดูอีกหลายจังหวัดหน่อยก่อนอันนี้เป็นศูนย์
8-8110-69.wav	รายแรกของจังหวัดไปแล้วเป็นผู้หญิงอายุ24ปี
8-8110-7.wav	รายแล้วก็เดินทางมาจากต่างประเทศเข้ากักกันแล้ว14ราย
8-8110-86.wav	ในจังหวัดปราจีนบุรีสองรายครับซึ่งทีมสอบสวนโรคนะครับ
8-8110-87.wav	สาธารณสุขจังหวัดลงพื้นที่สอบสวนโรคเพิ่มเติมเพื่อหารายละเอียด
8-8110-90.wav	ทีนี้ไปที่จังหวัดกำแพงเพชรหน่อยตอนนี้เนี่ยคือโควิดเนี่ยมันกระจายไปทุกที่แล้วนะคะ
8-8110-92.wav	มีประวัติไปเชื่อมโยงกับตลาดอาหารทะเลที่จังหวัดสมุทรสาคร
8-8110-95.wav	แล้วก็มาขายในจังหวัดกำแพงเพชรตรวจหาเชื้อโควิด-1921ธันวาคมพบว่าติดเชื้อแต่ไม่แสดงอาการ
8-8111-30.wav	พร้อมกับมีคำสั่งให้ตำรวจที่เกี่ยวข้องกับคลิปนี้รวม8นาย
8-8111-31.wav	ไปปฏิบัติราชการที่ศูนย์ปฏิบัติการตำรวจภูธรจังหวัดเพชรบุรีก่อน
8-8111-33.wav	ถามว่าเรื่องนี้ท่านผู้บังคับการจังหวัดหนักใจไหม
8-8111-47.wav	แล้วก็กำชับไปยังจังหวัดแล้วนะครับว่า
8-8112-50.wav	แต่ประเด็นของนางสาวตุ๊กเนี่ยค่ะถ้าเขาเชื่อหมอปลาแล้วดี
8-8113-0.wav	อีกหนึ่งเหตุการณ์คุณผู้ชมค่ะที่จังหวัดเชียงรายค่ะ
8-8114-24.wav	ตัวของนายแดงเองก็รีบไปดูให้เห็นกับตาก่อน
8-8114-28.wav	แล้วก็ตัวนายแดงเองนี่ไม่เคยมาแถวนี้เลย
8-8114-40.wav	เรื่องนี้นะครับผู้การจังหวัดพิษณุโลกนะครับ
8-8114-83.wav	จะเดินทางมาติดตามคดีนี้
8-8115-429.wav	มันเป็นเรื่องจริงทั้งนายตำรวจทั้งนายทหารส่วนหนึ่งอ่ะ
8-8117-45.wav	ขณะที่นายธนาธรจึงรุ่งเรืองกิจหัวหน้าพรรคอนาคตใหม่
8-8118-27.wav	วันนี้ขอเขยิบลงมากันที่จังหวัดขอนแก่น
8-8118-30.wav	เขาก็ไม่ได้น้อยหน้าจังหวัดไหนเหมือนกันนะคะ
8-8118-50.wav	เป็นร้านก๋วยเตี๋ยวเนื้อเจ้าดังของจังหวัดขอนแก่นแห่งนี้นะครับผม
8-8121-132.wav	รอบสถานศึกษาในจังหวัดเชียงใหม่
8-8121-274.wav	อย่างจังหวัดกระบี่เองก็รับรู้แรงสั่นสะเทือนเหมือนกัน
8-8121-60.wav	อำเภอหาดใหญ่จังหวัดสงขลาได้รับผลกระทบหนักที่สุด
8-8124-7.wav	ไปฌาปนกิจที่วัดนิคมราชรังสรรค์เธอเป็นรายที่11ของจังหวัดประจวบคีรีขันธ์แล้วนะคะ
8-8125-31.wav	อีกทั้งตลอด1ปีที่ผ่านมาก็ได้เดินทางมาทำบุญที่วัดนี้เป็นประจำอยู่แล้วค่ะ
8-8125-48.wav	เสร็จสิ้นแล้วต่างก็เดินทางไปร่วมทำบุญ9วัดโดยรอบพื้นที่ท้องสนามหลวงด้วยค่ะ
8-8132-31.wav	นี่นะคะภาพจังหวะที่จับตัวนายประเสริฐนะคะ
8-8132-66.wav	แล้วก็ขับรถหนีไปทางจังหวัดเพชรบุรีอันนี้คือการทำแผน
8-8132-72.wav	เดี๋ยลองฟังดูนะคะว่านายประเสริฐผู้ต้องหาจะตอบว่ายังไงบ้าง
8-8132-77.wav	เราก็เลยพยายามจะถามเนี่ยนะคะตัวนายประเสริฐผู้ต้องหาก็ไม่ตอบ
8-8134-28.wav	แต่เดี๋ยวคุณดูนะหลายจังหวัดตอนนี้พิษณุโลกก็บอกว่า
8-8135-125.wav	ที่กองบัญชาการตำรวจภูธรภาค7จังหวัดนครปฐม
8-8135-138.wav	วันนี้จะไม่เดินทางไปฟังตำรวจ
8-8136-68.wav	อำเภอหล่มศักดิ์จังหวัดเพชรบูรณ์
8-8139-0.wav	ครับช่วงวันหยุดยาวปีใหม่ปีนี้นะครับใครที่กำลังวางแผนการเดินทางท่องเที่ยว
8-8139-11.wav	สำหรับการเดินทางช่วงปีใหม่มาฝากกันค่ะ
8-8139-15.wav	เราสามารถค้นหาจากภาคและจังหวัดที่ต้องการจะไป
8-8139-17.wav	เลือกที่เที่ยวได้แล้วจะเดินทางไปยังไง
8-8139-23.wav	ใครที่เดินทางด้วยรถยนต์ส่วนตัว
8-8139-2.wav	หาเส้นทางการวางแผนได้ง่ายมากขึ้นทั้งเรื่องของการเดินทาง
8-8139-30.wav	ส่วนใครที่อยากเที่ยวไกลหน่อยเดินทางด้วยเครื่องบิน
8-8139-31.wav	เราสามารถเลือกจุดหมายปลายทางได้วันที่เดินทางและตรวจสอบราคา
8-8139-33.wav	ได้ทั้งสถานที่เที่ยวแล้วก็วิธีการเดินทางสำหรับทริปปีใหม่ปีนี้แล้วนะคะ
8-8139-38.wav	จุดประสงค์ว่าไปเพื่อทำงานหรือท่องเที่ยวแล้วเลือกกิจกรรมที่จะไปทำ
8-8139-3.wav	ทั้งเรื่องของข้อมูลที่ท่องเที่ยววิธีการเดินทางเลี่ยงรถติด
8-8139-41.wav	ข้อมูลสถานที่ท่องเที่ยวพร้อมวิธีการเดินทางก็พร้อมจัดกระเป๋าก็พร้อม
8-8140-33.wav	ขณะที่สถานการณ์น้ำท่วมขณะนี้ค่ะก็ครอบคลุมพื้นที่ทั้งหมด44จังหวัด
8-8140-34.wav	โดยได้คลี่คลายแล้ว28จังหวัดส่วนอีก16จังหวัดเป็นการท่วมในพื้นที่ลุ่มต่ำค่ะ
8-8142-105.wav	เข้าใจง่ายก็คือดึงเอ่ออำนาจสรรหาแต่งตั้งเนี่ยจากผู้ว่าราชการจังหวัด
8-8144-21.wav	สอบสวนทราบว่าก่อนเกิดเหตุนางสำลีเจ้าของร้านโต๊ะจีนเนี่ย
8-8145-28.wav	หมู่11ตำบลบ้านซ่องอำเภอพนมสารคามจังหวัดฉะเชิงเทรานะครับ
8-8145-49.wav	ทีนี้ทางด้านของคุณยุ้ยนะคะที่จังหวัดบุรีรัมย์ค่ะ
8-8149-239.wav	กลุ่มทะลุฟ้าเนี่ยเขาเดินทางมาชุมนุมที่บริเวณ
8-8149-410.wav	ซึ่งล่าสุดจากกรณีที่พื้นที่อำเภอแม่จันจังหวัดเชียงรายค่ะ
8-8149-702.wav	ซึ่งตอนนี้ไม่น่าจะเกี่ยวกับการเดินทางไปบ้านพักนายกแล้ว
8-8150-25.wav	บอกกับทีมข่าวไทยรัฐทีวีว่าเดินทางมาวันนี้
8-8150-35.wav	เดินทางมาร้องเรียนด้วยตัวเองนะอ่ามีบางรายก็เป็นคนไร้บ้าน
8-8150-4.wav	แต่คนก็ยังเดินทางมาแบบไม่ขาดสายนี่นะครับ
8-8150-9.wav	มารับฟังปัญหาต่างจากผู้ที่เดินทางมานี่ฮะมากันตั้งแต่เช้าอะครับ
8-8151-13.wav	วัดแห่งนี้อยู่แถวตำบลควนปริงจังหวัดตรัง
8-8152-32.wav	อีกทั้งนางสาวเอเนี่ยยังโพสต์ด่าเขารวมถึงล่วงเกินถึงถึงแม่นะเขาเคย
8-8153-128.wav	ว่านั่นอาจจะเป็นการเดินทางครั้งสุดท้ายของชีวิตเขา
8-8153-200.wav	ซึ่งบางจังหวัดตั้งเกณฑ์10%ของพนักงาน
8-8157-0.wav	ส่วนที่พื้นที่หมู่15ตำบลเทพราชอำเภอสิชลจังหวัดนครศรีธรรมราชนะครับ
8-8158-12.wav	ขายอยู่ที่ตำบลเวียงอำเภอเมืองจังหวัดพะเยา
8-8158-71.wav	ตำบลเวียงอำเภอเมืองจังหวัดพะเยาค่ะ
8-8159-215.wav	ที่บ้านเกิดจังหวัดชัยภูมิค่ะ
8-8161-0.wav	คุณผู้ชมครับมาดูกรณีที่ตำรวจภูธรเสม็ดจังหวัดชลบุรี
8-8164-22.wav	ลวงไปที่บ้านในช่วงเย็นแล้วนางสาวช่อก็ไม่ได้กลับบ้านตัวเอง
8-8164-26.wav	ญาติของนางสาวช่อก็ไปแจ้งความที่สภ.แวงใหญ่เพราะอะไร
8-8164-45.wav	ถามว่าทำไมญาติๆเขาถึงมั่นใจว่าในปิ๊กข่มขืนนางสาวช่อ
8-8164-47.wav	ปิ๊กเองก็สารภาพบอกว่าก็มีอะไรกับนางสาวช่อจริง
8-8165-10.wav	ภายในวัดบำเพ็ญบุญตำบลห้วยกรดอำเภอสังขละบุรีจังหวัดชัยนาท
8-8165-129.wav	นางสาวหลีจึงต้องกลับบ้านเกิดเพื่อเข้าพิธีดูตัวและหาคู่
8-8165-143.wav	นางสาวหลี่บอกอีกว่าถ้าแต่งงานแล้ว
8-8165-36.wav	แต่ว่าทางจังหวัดเชียงใหม่เขามีการจัดบวชลูกแก้ว
8-8165-43.wav	ที่วัดเวฬุวันอำเภอสารภีจังหวัดเชียงใหม่ค่ะ
8-8165-4.wav	เรื่องดีที่จังหวัดชัยนาทหลังจากอ่าที่วัดแห่งนี้นะครับ
8-8165-70.wav	การบวชลูกแก้วเป็นประเพณีแบบล้านนาของเชียงใหม่และอีก7จังหวัด
8-8165-89.wav	เดี๋ยวไปดูงานแต่งกันบ้างคุณผู้ชมครับเป็นงานแต่งแบบโบราณที่จังหวัดสตูลครับ
8-8165-95.wav	ตำบลเขาขาวอำเภอละงูจังหวัดสตูลครับ
8-8169-27.wav	สอบส่วนนายสุธีอ้างว่าไอซ์ที่ยึดมาได้มีเพื่อนอีกคนชื่อว่าเบนซ์
8-8170-35.wav	นายอนุวัฒน์เนี่ยอายุ19ปีเสียชีวิตค่ะ
8-8170-34.wav	.38กระหน่ำเข้าไปไปโดนนายอนุวัฒน์เสียชีวิตนะคะ
8-8170-41.wav	ถูกกลุ่มของนายเอื้องแล้วก็นายมิก
8-8170-43.wav	ก็เลยตามมาเปิดฉากแล้วก็ชกใส่นายมิก
8-8170-56.wav	หลบหนีไปในพื้นที่อำเภอพนมสารคามจังหวัดฉะเชิงเทรา
8-8174-17.wav	พี่ชายของผู้ก่อเหตุเมื่อเดินทางมาถึง
8-8174-59.wav	บอกว่าแม้นายโอ๊ตจะมีพฤติกรรมที่ทำให้ญาติๆเอือมระอา
8-8174-62.wav	เนื่องจากเธอได้เคยแจ้งความกับตำรวจจับนายโอ๊ตหลายครั้ง
8-8176-2.wav	เดินทางมาใช้สิทธิ์เลือกตั้งที่หน่วยเลือกตั้งที่8
8-8176-4.wav	แล้วก็ที่เห็นว่าเดินทางมากับใครคือเดินทางมากับน้องแคทนะครับ
8-8177-136.wav	มีนักท่องเที่ยวต่างชาติเดินทางเข้ามาเกือบ40ล้านคน
8-8177-295.wav	เห็นว่าโครงสร้างเศรษฐกิจไทยพึ่งพาภาคบริการและภาคท่องเที่ยว
8-8177-362.wav	ผมก็ต้องรับผิดชอบอยู่ดีอะทุกเรื่องนะผมเป็นนายกรัฐมนตรีผมเข้าใจไม่ต้องย้ำบ่อย
8-8177-473.wav	ท่านนายกรัฐมนตรีตอบผมเสียหายอยู่ข้อหนึ่งเสียหายมากๆ
8-8177-70.wav	เดินทางให้กับเขาเพราะว่าปล่อยไปอิสระเสรีมันก็ไม่ได้
8-8185-17.wav	ก็เดินทางไปสอบปากคำด้วยตัวเองนะครับ
8-8185-18.wav	แบงค์สารภาพว่าก่อเหตุจริงๆร่วมกันกับเพื่อนคือนาย
8-8192-11.wav	เดินทางเข้าพบพนักงานสอบสวนสภ.อัมพวาเลยล่ะครับ
8-8192-2.wav	บอกว่าพระอาศัยอยู่ในมูลนิธิแห่งหนึ่งในจังหวัดสมุทรสงคราม
8-8192-6.wav	เด็กเยาวชนกลุ่มนี้ที่อาศัยอยู่ในมูลนิธิในจังหวัดสมุทรสงครามนะฮะ
8-8194-16.wav	ผู้อำนวยการโรงเรียนไทยรัฐวิทยา1บ้านหัวช้างจังหวัดลพบุรีกล่าวว่า
8-8194-15.wav	ขณะที่นายวิทยาประชากุล
8-8197-2.wav	กดวางไม่ได้อะไรไม่ได้เลยครับสวัสดีครับคุณผู้ชมครับเปิดปากกับภาคภูมินะครับวันนี้เป็นอีกวันที่เราจะคุยกันเรื่องเงินในแอปในมือถือในบัญชีธนาคารเนี่ยมันถูกดูดหายไปอีกแล้วนะครับคราวนี้เป็นพ่อค้าแม่ค้าขายส้มตำอยู่ที่วังสะพุงจังหวัดเลย
8-8197-338.wav	เราไปชุมนุมกันหน้าศาลากลางสักวันละจังหวัดดีไหม
8-8197-354.wav	มันต้องมีสักวันไหมวันละจังหวัดก็ได้
8-8197-371.wav	พวกเราได้ทุกจังหวัดในการทำเรื่องฟ้องให้
8-8197-46.wav	ก็เลยย้อนกลับมาอยู่บ้านที่วังสะพุงจังหวัดเลย
8-8199-9.wav	ร้านนี้อยู่ที่เลขที่178หมู่1ตำบลทัพหลวงอำเภอบ้านไร่จังหวัดอุทัยธานีค่ะ
8-8201-38.wav	เสร็จแล้วนายโจนี่นะไม่ได้รู้จักกับกลุ่มคู่กรณีเลย
8-8201-33.wav	คือวันนั้นเนี่ยกลุ่มของเขารวมถึงนายโจไปร่วมงานบวชของเพื่อน
8-8201-41.wav	ทีนี้ตอนประมาณ5ทุ่มกลุ่มกลุ่มของนายโจออกมาจากร้าน
8-8201-43.wav	เพราะว่านายโจเนี่ยก็เป็นคนหน้าตาดีอะก็มีปัญหากันเรื่องผู้หญิง
8-8201-47.wav	แต่ตอนนั้นเนี่ยนายโจไม่ลงจากฟอร์จูเนอร์
8-8201-49.wav	ตอนนั้นนะนายโจอยู่ในรถฟอร์จูเนอร์คนเดียว
8-8202-17.wav	ทางจังหวัดเนี่ยเข้าช่วยเหลือร่วมกับสมาคมพัฒนาผู้นำภาคประชาสังคมจังหวัดร้อยเอ็ด
8-8202-6.wav	ผู้บังคับการตำรวจภูธรจังหวัดร้อยเอ็ดแล้วก็ฝ่ายปกครอง
8-8202-7.wav	เดินทางไปที่บ้านอีง่องที่ตำบลอีง่องอำเภอจตุรพักตรพิมาน
8-8203-10.wav	อำเภอศีขรภูมิจังหวัดสุรินทร์เป็นที่รู้จักกันในชื่อว่าหมู่บ้านข้าวเม่า
8-8203-8.wav	ที่จังหวัดสุรินทร์ครับหมู่บ้านนี้ชื่อว่าหมู่บ้านข้าวเม่า
8-8205-1.wav	เป็นเหตุการณ์ที่เกิดขึ้นในจังหวัดแพร่
8-8207-17.wav	สาขาต้นเปาอำเภอสันกำแพงจังหวัดเชียงใหม่นะครับ
8-8209-13.wav	เธอบอกว่าบ้านหลังนี้อยู่ในซอยวังสิงห์วังสิงห์คำ14ตำบลป่าแดดอำเภอเมืองจังหวัดเชียงใหม่
8-8209-22.wav	มีนายหน้าที่รู้จักกันมาถามเธอว่าอยากมีบ้านเป็นของตัวเองไหม
8-8209-9.wav	ธนาคารแห่งหนึ่งในแม่เหียะจังหวัดเชียงใหม่ค่ะ
8-8210-12.wav	อำเภอหัวหินจังหวัดประจวบคีรีขันธ์นะครับ
8-8210-49.wav	รายงานจากอำเภอหัวหินจังหวัดประจวบคีรีขันธ์ครับ
8-8210-5.wav	ขออภัยค่ะอิติสุคโตจังหวัดประจวบคีรีขันธ์นะคะ
8-8215-23.wav	เล็งเห็นว่าในกีฬาแห่งชาติครั้งที่40ที่จังหวัดขอนแก่น
8-8215-44.wav	แต่ถ้าหากเป็นนักกีฬาจากจังหวัดอื่นนั้น
8-8219-35.wav	เป็นชายอายุ45ปีเพิ่งเดินทางกลับมาจากประเทศบาห์เรน
8-8220-6.wav	อย่างไรก็ตามค่ะทางพ่อของฝ่ายหญิงเนี่ยซึ่งเดินทางมารับศพ
8-8220-8.wav	คุณเบนซ์เพิ่งจะโทรมาบอกว่าถูกนายบอลทำร้าย
8-8221-91.wav	ถึงเวลาขึ้นมานายช่วยได้
8-8223-78.wav	ก็คือทางรองผู้การจังหวัดปราจีนนี่นะ
8-8224-8.wav	หมายความว่านายกอไก่มาเป็นพระมหากษัตริย์นางขอไข่มาเป็นพระมหากษัตริย์ก็ใช้สอยตรงนี้
8-8225-267.wav	ช่วงหน้าเรามาเอาใจช่วยครอบครัวของพ่อหนูจากจังหวัดศรีสะเกษ
8-8225-272.wav	จากจังหวัดศรีสะเกษนะครับจะมากู้วิกฤต
8-8225-292.wav	เรื่องที่2จังหวัดศรีสะเกษ
8-8225-300.wav	แล้วพ่อเคยเห็นตราประจำจังหวัดศรีสะเกษไหมครับ
8-8225-301.wav	ตราประจำจังหวัดเนี่ยจะอยู่ตามโลโก้สถานที่ราชการต่าง
8-8225-309.wav	ดอกลำดวนบนตราสัญลักษณ์ประจำจังหวัดศรีสะเกษคือภาพใด
8-8225-487.wav	จากจังหวัดศรีสะเกษว่าจะได้รับทุนไปต่อชีวิตเท่าไหร่
8-8225-519.wav	ครอบครัวของพ่อหนูนะฮะจากจังหวัดศรีสะเกษนะครับ
8-8225-551.wav	ดอกลำดวนบนตราสัญลักษณ์ประจำจังหวัดศรีสะเกษคือภาพใด
8-8225-567.wav	เพราะว่าดอกลำดวนบนตราสัญลักษณ์ประจำจังหวัดศรีสะเกษคือภาพที่4
8-8226-19.wav	หมู่1ตำบลท่าโรงช้างอำเภอพุนพินจังหวัดสุราษฎร์ธานี
8-8228-13.wav	ยิงเสียชีวิตที่บ้านพักแล้วก็มีอดีตทหารเกษียณอีกนายหนึ่งถูกยิงบาดเจ็บไปด้วย
8-8228-18.wav	ซึ่งตรงนี้ได้ใช้ปืนยิงพลทหารที่ดูแลคลังกระสุนเสียชีวิตไปหนึ่งนาย
8-8228-8.wav	ก่อเหตุบุกไปที่บ้านพักสองชั้นที่ตำบลชายมงคลอำเภอเมืองจังหวัดนครราชสีมานะครับ
8-8229-1190.wav	ในที่ทำงานที่อำเภอหาดใหญ่จังหวัดสงขลา
8-8229-1633.wav	อยู่ในจังหวัดพัทลุงป้าใหม่และอ่า
8-8229-1665.wav	พี่รถก็ต้องเดินทางไปจังหวัดพัทลุง
8-8229-2181.wav	ถ้าพูดถึงจังหวัดหรือว่าอำเภอ
8-8229-51.wav	ก็เรื่องเกิดที่จังหวัดบ้านเกิดผมเองแหละ
8-8229-52.wav	ถ้าเกิดใครติดตามฟังก็น่าจะทราบว่าเป็นเป็นจังหวัดหนึ่งทางภาคใต้นะครับ
8-8229-672.wav	ตำรวจนะมา2นายเอาพิมพ์ดีดมาตั้ง
8-8230-0.wav	พาคุณผู้ชมไปดูเหตุการณ์ทางภาคใต้นะครับหลังจากมีกลุ่มคนร้ายเข้าไปก่อเหตุกระหน่ำยิงพระสงฆ์ในวัดโคกโกที่จังหวัดนราธิวาสนะฮะจนทำให้พระสงฆ์นั้นมรณภาพไป
8-8230-15.wav	พร้อมกับรับสั่งประธานกำลังใจแก่พระภิกษุสามเณรในพื้นที่จังหวัดชายแดนภาคใต้
8-8230-21.wav	ในพื้นที่จังหวัดชายแดนภาคใต้ยุติการทำร้ายและสังหารประชาชนผู้บริสุทธิ์
8-8230-47.wav	แล้วก็พระสงฆ์เดินทางมาจากประเทศมาเลเซียอีกกว่า300รูป
8-8230-48.wav	ได้เดินทางไปร่วมกันขอขมากรรมและส่งน้ำศพ
8-8230-4.wav	รองผู้ว่าราชการจังหวัดนราธิวาสเชิญพวงมาลาหลวง
8-8230-53.wav	แล้วก็ให้คนเนี่ยต่างพื้นที่เนี่ยรีบเดินทางกลับ
8-8236-14.wav	ขณะที่กำลังเดินทางท่องเที่ยวอยู่ในกรุงเทพมหานคร
8-8236-23.wav	ระบุว่าจะเดินทางไปแจ้งความไว้กับตำรวจนะคุณนะ
8-8236-26.wav	และเธอจะไลฟ์สดขณะที่ไปท่องเที่ยวในประเทศต่าง
8-8236-29.wav	และเธอเพิ่งจะมาท่องเที่ยวในประเทศไทยไม่นานนะครับ
8-8238-18.wav	ลงพื้นที่ค่ะนำกำลังเจ้าหน้าที่20กว่านายเลยนะคะ
8-8238-9.wav	จมกองเลือดอยู่ในบ้านนะคะที่บ้านเหล่าครามตำบลคำอาฮวนจังหวัดมุกดาหาร
8-8239-3.wav	เดินทางเข้าไปจริงแล้วไม่รู้จักกันมาก่อนหรอก
8-8239-7.wav	หนึ่งคนที่เดินทางเข้าไปชื่อว่านางคำฟอง
8-8239-8.wav	นางคำฟองเขาบอกว่าเขาเป็นนักปฏิบัติธรรมเดินทางมาจากจังหวัดสระแก้วคุณผู้ชมนะฮะ
8-8240-38.wav	ที่อยู่กับแม่ตามคำทำนายของหมอดูจริงคืออยู่ด้วยกันแบบไม่ไปไหนเลย
8-8241-16.wav	หมดเงินไปกับเรื่องของการรักษากับเรื่องของการเดินทางเยอะแยะมากมาย
8-8246-11.wav	ระดมกำลังกว่า100นายฮะออกปฏิบัติการค้นหาผู้สูญหาย
8-8246-15.wav	แต่เป็นพื้นที่ทะเลของชะอำจังหวัดเพชรบุรี
8-8246-26.wav	ต้องเดินทางเนี่ยแล่นเรือไปกว่า3ชั่วโมง
8-8246-30.wav	แล้วก็ทีมกู้ภัยเนี่ยต้องรีบเดินทางกลับเข้าฝั่งก่อน
8-8246-34.wav	เขต4จังหวัดประจวบคีรีขันธ์ก็ลงพื้นที่ไปไปช่วยกันค้นหา
8-8247-202.wav	ที่โรงพยาบาลศรีนครินทร์จังหวัดขอนแก่น
8-8247-37.wav	ก็ไปร้องเรียนที่ศูนย์ดำรงธรรมจังหวัดเลยนะคะ
8-8247-3.wav	ผู้หญิงอายุ21ปีเขาไปร้องที่ศูนย์ดำรงธรรมจังหวัดเลย
8-8247-46.wav	ก็เลยไปร้องที่ศูนย์ดำรงธรรมจังหวัดเลย
8-8247-99.wav	ปรากฏว่าหลังจากเกิดเรื่องนะครับก็เดินทางไปหาหญิงผู้เสียหายที่บ้านเลยนะ
8-8248-36.wav	เดินทางไปสอนหนังสือให้เด็กยากไร้จากสงคราม
8-8248-37.wav	ที่แนวชายแดนอำเภอพบพระจังหวัดตากนะครับ
8-8248-38.wav	ขณะที่เดินทางกลับเกิดฝนตกหนัก
8-8248-9.wav	เกิดขึ้นที่ถนนสายแม่สอดอุ้มผางช่วงกิโลเมตรที่25บ้านม่อนหินเหล็กไฟตำบลมหาวันอำเภอแม่สอดจังหวัดตากนะครับ
8-8250-173.wav	ก็อยากให้ทางสำนักพุทธหรือว่าทางจังหวัดหนองบัวลําภู
8-8250-197.wav	วันที่มีพิธีฌาปนกิจก็ไปไม่ทันก็เดินทางไป16เมษายน
8-8251-13.wav	ในบ้านเลขที่167หมู่12ตำบลร่มเย็นอำเภอเชียงคำจังหวัดพะเยา
8-8250-59.wav	แล้วขนใส่รถแล้วไปซ่อนที่วัดป่าถ้ำเพียอินอำเภอหนองแสงจังหวัดอุดรธานี
8-8250-61.wav	คือฟังเหมือนกับคนละจังหวัดนะฮะแต่ว่าระยะทางห่างกันแค่47กิโลเมตรเท่านั้นนะครับ
8-8251-53.wav	ท่านได้ประสานต่อไปที่สืบจังหวัดและสภ.ท้องที่
8-8252-47.wav	ลูกชายเนี่ยยอมไปอยู่กับภรรยาที่จังหวัดตราด
8-8254-32.wav	บอกว่าเดินทางมาลงอักขระยันหลังมือทุกสัปดาห์เลย
8-8258-17.wav	จังหวัดบันเตียเมียนเจยนะคะ
8-8259-42.wav	บอกว่าขอยืมเงินสัก200ได้ไหมจะเดินทางกลับบ้าน
8-8263-2.wav	ที่จังหวัดภูเก็ตนักกีฬาไทยทำผลงานได้อย่างยอดเยี่ยมครับ
8-8266-12.wav	อำเภอเมืองจังหวัดกาฬสินธุ์01.42น.เมื่อวานนี้ค่ะ
8-8266-4.wav	เรื่องราวเกิดขึ้นที่จังหวัดกาฬสินธุ์นะคุณผู้ชมลองไปดูกล้องวงจรปิดกันหน่อยค่ะ
8-8270-312.wav	นั่นก็คือวัดศาลเจ้าจังหวัดปทุมธานี
8-8270-54.wav	ช่วงนี้ขอพาคุณผู้ชมมากินของอร่อยกันที่จังหวัดจันทบุรี
8-8271-10.wav	ไปกันที่ร้านก๋วยเตี๋ยว3บาทตำบลวัดเกรดอำเภอเมืองจังหวัดเชียงใหม่
8-8271-19.wav	ที่จังหวัดขอนแก่นกับร้านไก่ย่างหมักเกลือสูตรโบราณ
8-8271-20.wav	ที่ตลาดน้องไผ่ตำบลศิลาอำเภอเมืองจังหวัดขอนแก่นร้านนี้เนี่ยเขาจะใช้เนื้ออกไก่มาหมักกับเกลือ
8-8271-27.wav	และอาหารราคาถูกร้านสุดท้ายก็คือหมูปิ้งไม้ละ5ไม่ใช่5บาทนะ5สลึงจังหวัดอุทัยธานี
8-8271-29.wav	อย่างร้านหมูปิ้งสองยายตั้งขายอยู่ที่สวนสาธารณะรศ200ปีอำเภอเมืองจังหวัดอุทัยธานี
8-8271-9.wav	เริ่มกันที่ก๋วยเตี๋ยวชามละ3บาทจังหวัดเชียงใหม่
8-8272-39.wav	พื้นเพเป็นชาวจังหวัดปทุมธานี
8-8275-25.wav	เชิญเข้ามาท่องเที่ยวหน้าสถานที่อื่นแห่งนี้ได้
8-8275-33.wav	ให้เป็นหมู่บ้านท่องเที่ยวของอำเภอเชียงคำ
8-8275-8.wav	อำเภอเชียงคำจังหวัดพะเยานะครับครับเป็นบ้านที่สร้างจากไม้ไผ่ทั้งหลัง
8-8279-37.wav	ไม่รู้พ่อเมืองจะไปประกาศของจังหวัดตัวเองหรือเปล่า
8-8280-5.wav	ที่บริจาคที่วัดจังหวัดอ่างทองค่ะร่วมกับเพื่อนสุดซี้เลยนะ
8-8282-16.wav	ซื้อผ้าอ้อมลูกแล้วกลับมาบ้านที่จังหวัดลพบุรี
8-8282-39.wav	ครอบครัวอยู่อีกจังหวัดหนึ่งตัวคนหายไปทำงานต่างที่ต่างถิ่นไกลบ้านนะครับ
8-8282-40.wav	พอเสียชีวิตไปเนี่ยเอ่อครอบครัวไม่รู้อะครับว่าไปเสียชีวิตที่จังหวัดใด
8-8282-41.wav	หรือเป็นการเสียชีวิตระหว่างเดินทางนะครับ
8-8282-67.wav	ที่สะพานวัดลัฎฐิวันอำเภอท่าเรือจังหวัดพระนครศรีอยุธยา
8-8285-11.wav	ใช่คือเขามาซื้อของเสร็จมาท่องเที่ยวเสร็จมาจับจ่าย
8-8287-11.wav	ทั้งที่สำนักงานกกต.จังหวัด
8-8289-14.wav	ที่กุโบบ้านยะรมที่หมู่3อำเภอเบตงจังหวัดยะลาค่ะ
8-8289-15.wav	นี่เป็นผู้เสียชีวิตถือว่าเป็นรายที่6ของอำเภอเบตงจังหวัดยะลานะคะ
8-8290-0.wav	บ้านขามป้อมตำบลขามป้อมอำเภอพระยืนจังหวัดขอนแก่น
8-8294-12.wav	นางก็ท้องแบบว่าไม่มีปี่ไม่มีขลุ่ย
8-8294-1.wav	แต่ดันหลุดออกมาว่าบทบาทคุณแม่เลี้ยงเดี่ยวที่นางทำการแสดงมาตลอดถึงเวลาต้องเปลี่ยนไป
8-8294-35.wav	ไม่น่าแปลกใจเพราะพฤติกรรมนางเนี่ย
8-8294-4.wav	ตอนนี้เธอรับบทเป็นนางท้อง
8-8295-14.wav	พร้อมกันนี้ยังยืนยันว่าจะร่วมเดินทางไปให้กำลังใจที่ประเทศอิหร่านด้วยเช่นกันครับ
8-8295-21.wav	สำหรับทีมชาติไทยนะครับจะเดินทางสู่ประเทศอิหร่านที่ใช้เป็นสนามในการแข่งขันพบกับอิรัก
8-8295-22.wav	ในวันพรุ่งนี้นะครับเวลา23:00น.ก่อนที่จะเดินทางกลับมาถึงไทยในวันที่26มีนาคม
8-8295-2.wav	ก่อนที่จะเดินทางไปแข่งขันกับอิรักในเกมฟุตบอลโลก
8-8295-9.wav	โดยทั้งหมดนะครับจะเดินทางมาสมทบในภายหลัง
8-8296-21.wav	ฮะในพื้นที่ตำบลบางเสาธงอำเภอบางเสาธงจังหวัดสมุทรปราการ
8-8297-30.wav	ต่อกันที่จังหวัดพะเยาเราจะพาไปดู
8-8300-21.wav	ผมเชื่อว่ามันเป็นสิ่งที่ล้ำค่าในโอกาสที่ทุกท่านได้มีโอกาสร่วมเดินทางกับเรานะครับ
8-8300-39.wav	เส้นทางสายใหม่การเดินทางระดับโลก
8-8300-42.wav	มาร่วมฉลองความสำเร็จของการเดินทาง
8-8300-5.wav	บทสรุปการเดินทางของตลอด45วัน2ทวีป17ประเทศ
8-8301-159.wav	เพื่อนำส่งร้านอาหารและตลาดชายแดนที่จังหวัดตากเท่านั้นครับ
8-8301-24.wav	บ้านนี้อยู่ที่อำเภออู่ทองจังหวัดสุพรรณบุรีนะคะ
8-8302-62.wav	หลายคนอาจจะเคยได้ยินคำทำนายที่ฟังดูแล้วเสียดสยองดูน่ากลัวนะครับ
8-8302-64.wav	หลายคนที่ถูกทำนายทายทักว่าดวงไม่ดีก็ไม่ได้หมายความว่าจะไม่ดีตลอดไปนะครับ
8-8304-8.wav	จังหวัดนครราชสีมาบ่อเกรอะมันลึกประมาณเมตรนึงได้นะครับ
8-8305-105.wav	พรุ่งนี้อย่างที่บอกเราไม่รู้ว่ามันจะเข้าทางจังหวัดไหนก่อน
8-8305-167.wav	อนุญาตเตือนทั้งหมด30กว่าจังหวัดนะครับ
8-8305-180.wav	แล้วก็ว่ากันไปแล้วก็ทั้งหมด30กว่าจังหวัดนะ
8-8307-7.wav	อยู่หลังห้างสรรพสินค้าชื่อดังนะคะในพื้นที่ถนนเทพกระษัตรีอำเภอเมืองจังหวัดภูเก็ต
8-8312-44.wav	จังหวัดแพร่ครับทำอาชีพอะไรครับ
8-8313-103.wav	ล่าสุดเดือนที่แล้วขอจากพม.จังหวัดหนองคาย
8-8313-108.wav	คือไม่ใช่พม.ที่เดียวคือพม.หลายจังหวัดเนี่ยเขาไปมาหมดแล้ว
8-8313-110.wav	ซึ่งทางผู้สื่อข่าวเราก็เลยเดินทางไปที่สำนักงานพัฒนาสังคม
8-8313-114.wav	โดยนายเอ่อได้แจ้งนะคะว่าเจ้าหน้าที่ที่สัมภาษณ์และช่วยเหลือนายสมคิดขณะนั้น
8-8313-118.wav	ทางพม.จังหวัดอุดรธานีก็มีหน้าที่ช่วยเหลือประชาชนที่เดือดร้อนอยู่แล้ว
8-8313-133.wav	ขอค่ากลับภูมิลำเนาจากพม.อีก5จังหวัดด้วย
8-8313-134.wav	แล้วก็ไม่รู้มาก่อนด้วยว่านายคนนี้เนี่ยเป็นฆาตกรต่อเนื่องนะคะ
8-8313-24.wav	ผู้บัญชาการตำรวจภูธรภาค4พร้อมกำลังเจ้าหน้าที่ตำรวจกว่า300นาย
8-8313-27.wav	มีการไปขึ้นรถในเขตเทศบาลตำบลหนองโกอำเภอกระนวนจังหวัดขอนแก่น
8-8313-2.wav	วันนี้เนี่ยคุมกำลังเจ้าหน้าที่ตำรวจรวมๆแล้วกว่า100นาย
8-8313-56.wav	จากนั้นก็เดินทางกลับไปที่บ้านของผู้ตายที่อำเภอกระนวน
8-8313-75.wav	แล้วก็เดินทางต่อไปเที่ยวร้อยเอ็ดวันนี้นี่ไปกันมาหลายจังหวัดเลยค่ะ
8-8313-98.wav	ของมนุษย์จังหวัด4ภาพในสถานที่แตกต่างกัน
8-8315-5.wav	จังหวัดนครปฐมช่วงสายที่ผ่านมานี่เองนะคะ
8-8316-25.wav	จะเดินทางไปที่จังหวัดสุพรรณบุรี
8-8317-21.wav	โดยตลอดเส้นทางการเดินทางเข้าสู่ห้องพิธีนั้นนะครับ
8-8317-78.wav	ที่อำเภอคลองหลวงจังหวัดปทุมธานีในเวลา14นาฬิกานะครับ
8-8320-29.wav	การเดินทางไปต้องการให้เห็นภาพเชื่อว่าต้องมีเป้าหมายและมีอะไรมากกว่านั้นค่ะ
8-8322-31.wav	ตำรวจภูธรจังหวัดตรังเพื่อไปชี้จุดเกิดเหตุ
8-8322-9.wav	ในตำบลน้ำผุดอำเภอเมืองจังหวัดตรังถูกฆาตกรรมหมกศพอยู่ภายในรถเก๋ง
8-8323-10.wav	ตั้งอยู่ในตำบลปากแรตอำเภอบ้านโป่งจังหวัดราชบุรี
8-8323-12.wav	ผมว่าน่าจะรู้จักกันเป็นอย่างดีแล้วก็มีผู้ที่ดูแลก็คือนายคนนี้นะครับ
8-8323-1.wav	เดี๋ยวจะพาไป1จังหวัดไปดูเรื่องราวดีของผู้ที่ชื่นชอบสะสม
8-8323-57.wav	เมื่อครั้งเสด็จพระราชดำเนินไปทรงปฏิบัติพระราชกรณียกิจในจังหวัดราชบุรี
8-8323-58.wav	และเรื่องราวต่างๆเกี่ยวกับชาวจังหวัดราชบุรีให้ได้ศึกษาเรียนรู้กันอีกด้วย
8-8323-5.wav	และที่จะไปที่นี่เลยนะครับที่บ้านโป่งโอ้โหไปที่บ้านโป่งวันวานที่จังหวัดราชบุรี
8-8325-12.wav	ที่จังหวัดกาฬสินธุ์เกิดอุบัติเหตุรถจักรยานยนต์ชนท้ายรถเก๋งบนถนนสายกาฬสินธุ์สหัสขันธ์
8-8325-20.wav	อำเภอเวียงสระจังหวัดสุราษฎร์ธานี
8-8325-31.wav	เข้าอำเภอเมืองจังหวัดนครราชสีมา
8-8330-5.wav	ส่งให้ผู้ป่วยถึงที่บ้านเพื่อลดการเดินทางเข้ามารับยาด้วยตัวเองที่โรงพยาบาล
8-8331-62.wav	ทีนี้ผู้สื่อข่าวของเราก็เดินทางไปที่ร้านผ้าม่าน
8-8332-11.wav	ก่อนเดินทางไปกัมพูชาในวันที่27เมษายนนี้นะครับ
8-8332-1.wav	ก็เดินทางมารายงานตัวที่สมาคมฟุตบอลแห่งประเทศไทยนะครับ
8-8332-28.wav	และจะเดินทางตามมาสมทบกับทีมชุดซีเกมส์สิ้นเดือนนี้นะครับ
8-8335-11.wav	แทนที่จะช็อตปลากลายเป็นช็อตตัวเองจนเสียชีวิตเลยนะคะเหตุการณ์เกิดขึ้นที่จังหวัดพระนครศรีอยุธยาค่ะ
8-8335-29.wav	จริงๆตอนระหว่างกำลังพายเรือหาปลาเนี่ยได้ยินเสียงแม่นายมนตรีตะโกนบอกว่าหนุ่มๆตามหามนตรีให้หน่อย
8-8335-92.wav	อาศัยอยู่ที่จังหวัดราชบุรีอยากจะฝากแจ้งข่าวผ่านไทยรัฐทีวีว่า
8-8336-10.wav	อำเภอโป่งน้ำร้อนจังหวัดจันทบุรีมาถึงงานนี้โอ้ไม่ได้ยินเสียงเพลงธรณีกันแสงนะคะ
8-8336-12.wav	ก็เปิดไปนางรำนักเต้นก็เต้นกันไปนะคะ
8-8336-9.wav	มากันหลายนางเลยทีเดยนะคะอยู่ที่งานศพที่บ้าน30พัฒนาตำบลโป่งน้ำร้อน
8-8338-22.wav	ต่อมาคุณหมอตัดสินใจส่งต่อไปยังโรงพยาบาลพระพุทธชินราชจังหวัดพิษณุโลก
8-8338-5.wav	ที่ตำบลท่าโรงอำเภอวิเชียนบุรีวิเชียรบุรีจังหวัดเพชรบูรณ์
8-8339-0.wav	ไปกันที่จังหวัดสุพรรณบุรีนะครับ
8-8341-2.wav	เป็นชาวตำบลย่านตาขาวจังหวัดตรังนะคะขายมานานกว่า50ปีขายอยู่ข้างตลาดสดย่านตาขาวนี่แหละ
8-8342-51.wav	ต้องบอกว่าวันนี้เรามีเซเลบนะคะเป็นสเล็ปของชาวจังหวัดขอนแก่น
8-8343-12.wav	ทำเอานางนี่นะคะเรียกได้ว่าแบบว่าออกมาตอบโต้เลยทันที
8-8343-14.wav	นางก็บอกว่าพี่เล็ก
8-8344-30.wav	ที่เสียชีวิตมาติดต่อตำรวจสภ.เมืองจังหวัดชลบุรีนะครับ
8-8345-6.wav	โรงพยาบาลสุรินทร์ตำบลในเมืองอำเภอเมืองจังหวัดสุรินทร์นะคะ
8-8346-44.wav	ที่สวนหลวงร.9จังหวัดภูเก็ตกลุ่มเยาวชนนิสิตนักศึกษา
8-8346-7.wav	จังหวัดสมุทรสาครพร้อมกับทำแบบนี้ชู3นิ้ว
8-8347-218.wav	ไปตรวจสอบกล้องวงจรปิดได้เขาเองก็เดินทางไปแจ้งความลงบันทึกประจำวันเอาไว้ก่อนที่สภ.พระนครศรีอยุธยาอะ
8-8347-244.wav	หัวหน้าศูนย์ดำรงธรรมจังหวัดพระนครศรีอยุธยานะครับ
8-8347-271.wav	เล่าให้ฟังแบบนี้นะคะเหตุการณ์นี้เกิดขึ้นที่จังหวัดยโสธรค่ะ
8-8348-38.wav	เป็นชาวอำเภอสุคิรินจังหวัดนราธิวาส
8-8348-47.wav	เป็นชาวสุไหงโกลกจังหวัดนราธิวาส
8-8348-53.wav	เป็นชาวอำเภอสุคิรินจังหวัดนราธิวาส
8-8348-96.wav	ทีนี้ฮะทางรองผู้บังคับการตำรวจภูธรจังหวัดนราธิวาส
8-8349-80.wav	สำหรับท่านใดที่จะเดินทางมาที่ร้านลูกทุ่งนะคะ
8-8349-90.wav	ใครที่มีโอกาสได้ไปนะเพราะว่าเพชรบูรณ์นี้ก็เป็นอีกหนึ่งจังหวัดที่มีแหล่งท่องเที่ยวสวยๆ
8-8351-24.wav	แต่ฝ่ายหญิงเนี่ยขอเลิกนะครับเอ่อแล้วก็เดินทางมาอยู่ที่ภูเก็ต
8-8352-2.wav	มีรายงานจากจังหวัดเลยนะครับคุณผู้ชมว่าสารศาลได้อ่านคำพิพากษาที่นายไพบูลย์แสงดวงเดือนนักแต่งเพลงแล้วก็เป็นเจ้าของค่ายเพลงชื่อจ้วดจ้าดสตูดิโอนะครับ
8-8352-4.wav	แล้วก็เรียกค่าเสียหายเป็นเงินถึง20ล้านบาทครับเบื้องต้นศาลพิพากษาจำคุกนายประจักษ์ชัยเป็นเวลา4ปี16เดือน
8-8353-0.wav	พาคุณผู้ชมกลับไปที่จังหวัดนครศรีธรรมราชกันอีกครั้งหนึ่งนะคะ
8-8353-32.wav	ส่วนในวันพรุ่งนี้นะครับทางอภิสิทธิ์เวชชาชีวะนะครับ
8-8353-37.wav	ครับสำหรับสถานการณ์น้ำท่วมในอำเภอสิชลจังหวัดนครศรีธรรมราชนะครับ
8-8353-5.wav	ผู้สื่อข่าวไทยรัฐทีวีรายงานสดมาจากสิชลจังหวัดนครศรีธรรมราชนะคะ
8-8354-16.wav	ล่าสุดค่ะนานาก็พาพี่เวย์ไปพักอยู่ที่จังหวัดราชบุรี
8-8355-31.wav	ก็จะเอาไปติดตั้งไว้ที่วนอุทยานถ้ำหลวงขุนน้ำนางนอนนะครับ
8-8355-39.wav	ที่วัดสายเมืองจังหวัดท่าขี้เหล็กประเทศพม่า
8-8355-55.wav	ได้มอบภาพวิวดอยนางนอน
8-8357-35.wav	โดนแจ้งความที่จังหวัดเลยว่าทำผิดในข้อหามาตรา112แล้ว
8-8361-89.wav	ที่มหาวิทยาลัยแม่ฟ้าหลวงจังหวัดเชียงราย
8-8366-12.wav	ซึ่งผู้บัญชาการตำรวจภูธรจังหวัดกาฬสินธุ์บอกว่ารู้แล้วนะคะ
8-8368-13.wav	ในพื้นที่หมู่2ตำบลทับยาอำเภออินทร์บุรีจังหวัดสิงห์บุรี
8-8369-11.wav	ล่าสุดทหารจากกองกำลังรักษาความสงบเรียบร้อยประจำจังหวัดชัยภูมิ
8-8369-15.wav	แต่ขอปฏิเสธการเดินทางไปให้ปากคำโดยให้เหตุผลว่ายังไม่พร้อม
8-8369-16.wav	รอพ่อก่อนพ่อจะเดินทางกลับมาจากกรุงเทพฯนะครับ
8-8370-16.wav	คือทำให้แบบต้องขอบคุณน้องลิซ่าจริงแม่ค้าบอกที่ไม่เคยลืมจังหวัดบุรีรัมย์
8-8369-41.wav	เดี๋ยวจะมีการเดินทางกลับไปที่ชัยภูมิด้วยนะครับ
8-8370-51.wav	ทางททท.จังหวัดบุรีรัมย์นะครับ
8-8370-53.wav	งานลูกชิ้นยืนกินของจังหวัดบุรีรัมย์เนี่ย
8-8370-59.wav	โดยทางจังหวัดเนี่ยจะจัดมาตรการในการที่จะดูแล
8-8370-71.wav	ซึ่งเขาก็เอามาแชร์อยู่ในเพจของทางจังหวัดอยู่ในตอนนี้
8-8373-1.wav	ไม่น่าเชื่อนะครับรองนายกอบต.กับช่างไฟฟ้าของอบต.
8-8373-5.wav	รองนายกอบต.นะครับอีกคนนึงเขาเป็นช่างไฟฟ้าของอบต.นี่นะฮะ
8-8373-17.wav	เป็นพนักงานไฟฟ้ากองช่างของอบต.คลองกิ่วนะฮะที่เดินไปหารองนายกอบต.นะครับ
8-8373-50.wav	เพื่อถามเรื่องงานซึ่งต้องรายงานให้กับเขาที่เป็นรองนายกอบต.คลองกิ่วเนี่ย
8-8373-9.wav	ที่นี่คืออบต.คลองกิ่วที่อำเภอบ้านบึงจังหวัดชลบุรีนะครับ
8-8376-2.wav	ซึ่งเจ้าตัวเผยว่าก็ไม่ได้ซีเรียสอะไรและอยากจะฝากเตือนสติทุกคนว่าอย่าคอยบูลลี่คนที่เพิ่งจะเดินทางกลับมาจากกลุ่มประเทศเสี่ยง
8-8377-6.wav	ก็ไปตรวจสอบในบ้านที่ตำบลสุรศักดิ์อำเภอศรีราชาจังหวัดชลบุรีค่ะ
8-8378-511.wav	นำศพไปตั้งบำเพ็ญกุศลที่วัดโพสพผลเจริญนะครับอยู่ที่ตำบลคูคตอำเภอลำลูกกาจังหวัดปทุมธานี
8-8379-109.wav	จังหวัดเซนไดคือผมได้ยินครั้งล่าสุดเลยคือ
8-8379-155.wav	เพื่อออกเดินทางไปเที่ยวที่เมืองเซนไดวันแรกนะครับเขาจะเดินทางเที่ยวที่เซนไดตลอดทั้งวันเลย
8-8379-164.wav	แล้วก็ผมบรรยายเรื่องการไปท่องเที่ยวก่อนนะครับ
8-8380-3.wav	เหตุนี้นะฮะเกิดขึ้นที่อำเภอเมืองจังหวัดชลบุรีครับ
8-8381-270.wav	โดยเฉพาะบริเวณจังหวัดชุมพรสุราษฎร์ธานีนครศรีธรรมราช
8-8381-274.wav	โดยเฉพาะจังหวัดนครศรีธรรมราชพัทลุงสงขลาปัตตานียะลา
8-8381-287.wav	ภัยพิบัติน้ำท่วมในหลายจังหวัดทางภาคใต้เลย
8-8381-343.wav	ชาวบ้านและคอหวยที่จังหวัดเลยนะครับ
8-8382-0.wav	จีนกลับมาที่บ้านเราที่จังหวัดชลบุรีเกือบเกิดเหตุเพลิงไหม้ใหญ่ค่ะ
8-8383-22.wav	ที่อำเภอศรีราชาจังหวัดชลบุรีเมื่อวานนี้
8-8384-163.wav	ใครที่มีโอกาสเดินทางไปเขาค้อด้วยเส้นทางหลวงหมายเลข12
8-8384-1.wav	หลังจากที่เราไปชิมขนมจีนหล่มเก่าเป็นที่เรียบร้อยนะครับเราก็เดินทางตามเส้นทางหลวงหมายเลข12มาเรื่อยนะครับ
8-8384-2.wav	แล้วเขาก็สะสมความรู้ความสามารถทั้งหมดกลับมาที่ประเทศไทยบ้านเกิดของเขาที่จังหวัดเพชรบูรณ์แห่งนี้นะครับเพื่อมารังสรรค์เมนูสุดอร่อยให้กับคนไทยได้ทานกันนะครับ
8-8385-104.wav	ผู้ผลิตมะม่วงส่งออกของจังหวัดฉะเชิงเทรา
8-8385-112.wav	มะม่วงขึ้นชื่อของจังหวัดฉะเชิงเทรา
8-8386-10.wav	การเดินทางนะคุณผู้ชมมันมีเวลาจำกัด
8-8387-6.wav	พอเจ้าหน้าที่เดินทางไปถึงเห็นว่างูเนี่ยมันหนีเลื้อยเข้าไปอยู่ในท่อเหล็ก
8-8389-2.wav	ซึ่งก็จะมีนักกีฬาจากทั่วประเทศมาอยู่ที่2จังหวัดนี้
8-8392-4.wav	แชร์ภาพการเทยางมะตอยที่หน้าอาคารสำนักงานเขตรักษาพันธุ์สัตว์ป่าเชียงดาวจังหวัดเชียงใหม่
8-8394-3.wav	ก็ได้มีการยกเลิกแล้วจากที่มีข่าวของทหารอียิปต์เข้ามาในพื้นที่ของจังหวัดระยอง
8-8394-4.wav	ในส่วนตัวจังหวัดระยองเองก็ได้มีการยกเลิกเช่นเดียวกันนะคะมันก็เลยมีผลกระทบมาถึงที่เสม็ดด้วย
8-8394-9.wav	ธุรกิจการท่องเที่ยวของภายในพื้นที่จังหวัดระยองและเกาะเสม็ดให้มันเดินไปได้ด้วยดีอะค่ะ
8-8396-0.wav	ไปที่จังหวัดสมุทรสงครามกันหน่อยนะคะขึ้นชื่อว่าสมุทรสงครามเนี่ย
8-8397-15.wav	จากการไปถ่ายรายการและทำบุญที่วัดเกริ่นกฐินอำเภอบ้านหมี่จังหวัดลพบุรี
8-8398-103.wav	จำนวนนี้7จังหวัดที่มีสถานการณ์น้ำท่วม
8-8398-31.wav	จังหวัดได้รับการประสานจากกรมชลประทาน
8-8398-38.wav	หลังจากมีฝนตกหนักบริเวณอำเภอเถินจังหวัดลำปางครับ
8-8398-45.wav	ในพื้นที่หมู่1บ้านวังประดู่ตำบลวังพิกุลอำเภอวังทองจังหวัดพิษณุโลก
8-8398-46.wav	ในอำเภอนะครับและทหาร100นายเจ้าหน้าที่ปภ.
8-8398-60.wav	แล้วเดี๋ยวมันจะไปลงแม่น้ำน่านในเขตพื้นที่จังหวัดพิจิตร
8-8398-63.wav	ส่วนที่จังหวัดนครสวรรค์นะครับน้ำป่าจากเทือกเขาแม่วงก์อำเภอแม่วงก์ครับ
8-8398-96.wav	ยังเหลือพื้นที่ประสบอุทธกภัย23จังหวัดด้วยกันนะคะ
8-8399-13.wav	แล้วก็เทศบาลนครเชียงรายจังหวัดพะเยา
8-8399-27.wav	เทศบาลตำบลเวียงอำเภอเชียงแสนจังหวัดเชียงราย
8-8399-32.wav	เป็นการออกกำลังกายและก็ท่องเที่ยวด้วยการปั่นจักรยานไปด้วย
8-8399-35.wav	แสดงว่าที่จังหวัดนี้เขามีการพัฒนา
8-8399-39.wav	ก็การปั่นครั้งนี้ใช้เส้นทางท่องเที่ยวจากจุดปล่อยตัว
8-8401-89.wav	แล้วเอ่อเมื่อเช้าเนี่ยที่เดินทางไป
8-8406-0.wav	การท่องเที่ยวในเชิงอนุรักษ์กำลังเป็นที่นิยมเพิ่มมากขึ้นนะครับ
8-8406-5.wav	ที่ได้ใกล้ชิดธรรมชาติโดยไม่ทำลายธรรมชาติที่จังหวัดตรังนะครับ
8-8406-7.wav	เรือนไม้หลังกระทัดรัดยื่นลงไปในคลองสิเกาจังหวัดตรัง
8-8408-22.wav	มอบให้โรงพยาบาลพระมงกุฎเกล้าและโรงพยาบาลสามเงาจังหวัดตากค่ะ
8-8409-28.wav	พี่บุ๋มเนี่ยสวมบทเป็นนางรำสายหวานได้แป๊บเดียวเท่านั้น
8-8409-2.wav	เมื่อวานนี้พี่บุ๋มแต่งองค์ทรงเครื่องเป็นนางรำชุดสีแดงสวยสะกด
8-8409-5.wav	วังนาคินอำเภอบ้านดุงจังหวัดอุดรธานีนะคะ
8-8410-34.wav	ส่วนลูกค้าชาวไทยทั้งในจังหวัดสุรินทร์หรือต่างจังหวัด
8-8412-15.wav	เขาเดินทางไปปฏิบัติธรรมที่ต่างจังหวัดเป็นเวลา3วันนะคะ
8-8412-27.wav	คุณเจบอกว่าตอนนี้อยู่ระหว่างเดินทางไปเกาะช้างจังหวัดตราด
8-8412-45.wav	08:39น.เดินทางถึงโป๊ะที่สะพานพระราม5
8-8412-49.wav	แล้วหลังจากนั้นเขาก็เดินทางต่อไปที่โป๊ะท่าน้ำพิบูลสงครามเพราะว่าอยากจะไปติดตามเรื่องของภารกิจการค้นหาด้วย
8-8413-17.wav	อยู่ที่ตำบลวัดประดู่อำเภอเมืองจังหวัดสุราษฎร์ธานี
8-8415-41.wav	ในพื้นที่ตำบลป่าขาดที่จังหวัดสงขลา
8-8415-57.wav	นัดให้เจ้าหน้าที่เนี่ยรีบมารับตัวที่อำเภอทุ่งสงจังหวัดนครศรีธรรมราช
8-8415-59.wav	เจ้าหน้าที่ตำรวจกองปราบ6เร่งตีรถจากสิงหนครจังหวัดสงขลา
8-8417-6.wav	หลักกิโลเมตรที่25อำเภอบางเสาธงจังหวัดสมุทรปราการนะครับรถยนต์ที่ตกลงมาก็หลังคายุบหมดเลยนะครับด้านหน้ารถไปชนติดอยู่กับขอบทางนะครับ
8-8418-14.wav	ยื่นหนังสือร้องขอความเป็นธรรมที่ศูนย์ดำรงธรรมจังหวัดอุดรธานี
8-8418-9.wav	ร้องที่ศูนย์ดำรงธรรมจังหวัดอุดรธานีนะคะ
8-8419-18.wav	รายงานข่าวระบุว่ายังไม่ทราบอาการของตำรวจทั้ง2นายนี้ครับ
8-8421-14.wav	ผู้บังคับการตำรวจภูธรจังหวัดนครพนมเปิดเผยว่า
8-8421-15.wav	ตำรวจภูธรจังหวัดนครพนมได้รับคำสั่งจากสำนักงานตำรวจแห่งชาติ
8-8421-4.wav	2คนด้วยกันนะคะซึ่งสองคนนี้ค่ะได้รับหมายศาลจากจังหวัดนครพนมแล้วนะคะ
8-8421-7.wav	อดีตข้าราชการครูชาวจังหวัดสกลนครร้องทุกข์ตกเป็นแพะคดีขับรถชนคนตายค่ะ
8-8422-7.wav	เป็นหมอพราหมณ์ชาวอำเภอบัวใหญ่จังหวัดนครราชสีมาเนอะ
8-8423-305.wav	พูดถึงในเกมการแข่งขันที่เราจะทำนายไทยทักก็คือคู่ลิเวอร์พูลกับแมนซิตี้
8-8423-633.wav	ถ้าสรุปจากการทำนายสีเสื้อ
8-8424-11.wav	รายงานจากประตูระบายน้ำหาดสะพานจันทร์จังหวัดสุโขทัยครับ
8-8424-15.wav	ทำให้ในจังหวัดสุโขทัยซึ่งเป็นหนึ่งในพื้นที่รับน้ำ
8-8424-23.wav	โดยคาดว่ามวลน้ำจะไหลเข้ามาจากจังหวัดน่านและจังหวัดแพร่
8-8424-63.wav	ในพื้นที่อำเภอสวรรคโลกจังหวัดสุโขทัย
8-8425-17.wav	รถทั้งหมดเขาจอดอยู่ที่ริมถนนเจริญราชนะฮะตำบลวัดเกตอำเภอเมืองจังหวัดเชียงใหม่
8-8429-20.wav	กำลังเดินทางกลับมาจากบ้านของพ่อกับแม่ย่านลาดกระบังนะฮะ
8-8429-84.wav	ทะเบียนจังหวัดเนี่ยคือจังหวัดพระนครศรีอยุธยานะครับ
8-8430-18.wav	ส่วนที่จังหวัดนครสวรรค์ประชาชนจำนวนมากก็ได้ไปต่อแถว
8-8430-23.wav	โดยประชาชนที่เดินทางมาแลกซื้อเหรียญบอกว่า
8-8430-31.wav	โดยหลายคนเดินทางมาตั้งแต่ช่วงเวลา04.00น.
8-8430-42.wav	จังหวัดชลบุรีก็มีประชาชนจำนวนมากนะครับ
8-8432-7.wav	กล้องวงจรปิดในพื้นที่อำเภอไทรน้อยจังหวัดนนทบุรีนะ
8-8436-6.wav	โดยฝ่ายปกครองนะฮะที่อำเภอบางบ่อจังหวัดสมุทรปราการ
8-8437-114.wav	จังหวัดพระนครศรีอยุธยาไปส่องกัน
8-8437-122.wav	พร้อมข้อความบอกว่าเธอและแม่ได้เดินทางมาปฏิบัติธรรม
8-8437-54.wav	ไปส่งลูกสาวทำงานที่จังหวัดพระนครศรีอยุธยา
8-8440-20.wav	จุดตรงนี้อยู่ที่อำเภอเมืองจังหวัดร้อยเอ็ดนะคะ
8-8441-19.wav	ของคืนวันจันทร์ที่ผ่านมาในเขตเทศบาลตำบลโนนสูงอำเภอโนนสูงจังหวัดนครราชสีมา
8-8441-33.wav	ประมูลมา5หมื่นบาทเป็นลายกราฟิกประจำจังหวัดอย่างสวยงาม
8-8442-48.wav	บรรยากาศที่จังหวัดสระบุรีก็ไม่แพ้กับที่อื่น
8-8442-50.wav	มาเดินทางมาเข้ารับการคัดเลือกเป็นทหารเกณฑ์กันด้วยเนี่ยนะคะ
8-8442-6.wav	วัดพระบรมธาตุนครชุมอำเภอเมืองจังหวัดกำแพงเพชร
8-8442-71.wav	ปิดท้ายที่จังหวัดอ่างทองค่ะ
8-8442-9.wav	ก็เดินทางมาคัดเลือกด้วยนี่ไงวันนี้มากัน3คนค่ะ
8-8446-17.wav	ตายตามในปืนกระบอกเดียวกันในรีสอร์ทแห่งหนึ่งอยู่ที่จังหวัดขอนแก่นนะฮะ
8-8456-20.wav	เดินทางไปเยี่ยมผู้เสียหาย4ครั้งแล้วค่ะ3
8-8450-51.wav	เช่นเดียวกับพลเอกประวิตรวงสุวรรณรองนายกรัฐมนตรียืนยันว่าไม่ได้มีใบสั่งอะไรจากรัฐบาลนะครับ
8-8457-145.wav	ไปดูกันครับที่จังหวัดอุดรธานี
8-8457-197.wav	ที่จังหวัดนครปฐมในช่วงของตลอนกินครับ
8-8457-7.wav	เรื่องราวของที่จังหวัดเชียงใหม่นะครับ
8-8463-35.wav	โรงเรียนแห่งหนึ่งในภาคใต้ตามรายงานข่าวคือจังหวัดสุราษฎร์ธานี
8-8464-78.wav	แล้วตำรวจกองปราบก็มีการเดินทางไปถามไปเก็บข้อมูล
8-8465-0.wav	ส่วนที่จังหวัดมุกดาหารค่ะมีกลุ่มวัยรุ่นไปรุมทำร้ายชาวต่างชาตินะคะ
8-8465-6.wav	ในจังหวัดมุกดาหารเหตุการณ์เกิดขึ้นตีสองกว่าๆแล้วนะคะ
8-8466-8.wav	ในพื้นที่สภ.บางน้ำเปรี้ยวจังหวัดฉะเชิงเทรานะฮะ
8-8467-7.wav	อันนี้เอาดูในฝั่งของหมู่บ้านจัดสรรก่อนตั้งอยู่บนถนนบ้านกล้วยไทรน้อยที่ไทรน้อยจังหวัดนนทบุรี
8-8468-59.wav	และเดินทางกลับประเทศในช่วงค่ำของวันนี้ตามเวลาท้องถิ่นค่ะ
8-8470-16.wav	ในพื้นที่อำเภอบ้านนาจังหวัดนครนายกโอ้ยบ่อนใหญ่มาก
8-8470-43.wav	มีผู้หญิงคนหนึ่งเดินทางไปร้องกับศูนย์ดำรงธรรมช่วยฉันหน่อยเถอะ
8-8471-4.wav	เหตุการณ์เกิดขึ้นบนถนนสุขุมวิทนะคะอำเภอแกลงจังหวัดระยองช่วงกลางดึกคืนที่ผ่านมา
8-8474-183.wav	จนทำให้ที่นี่กลายเป็นจุดเช็คอินที่มีชื่อเสียงของจังหวัดเชียงใหม่ไปโดยปริยายค่ะ
8-8474-2.wav	7จังหวัดบนผืนแผ่นดินกว่า5แสนตารางกิโลเมตรที่รวมกันเป็นประเทศไทย
8-8475-464.wav	คือนางอะฝังใจตั้งแต่ตอนเขาสาว
8-8480-22.wav	โดยจะนำตัวผู้ต้องหาฝากขังต่อศาลจังหวัดราชบุรีพรุ่งนี้ต่อไป
8-8483-11.wav	การเบิกจ่ายเงินของวัดต่างที่นะฮะสังกัดขึ้นตรงกับจังหวัดนครศรีธรรมราชเนี่ย
8-8483-6.wav	ไปที่สำนักงานพระพุทธศาสนาจังหวัดนครศรีธรรมราชครับ
8-8484-41.wav	ก็ไปรักษาตัวที่โรงพยาบาลในจังหวัดภูเก็ต
8-8484-96.wav	แต่วันนี้มีประชาชนเดินทางไปที่กระทรวงการคลังอีกแล้วนะฮะ
8-8485-57.wav	จะรีบเดินทางไปพะเยาไปช่วยเหลือทันทีนะฮะ
8-8486-113.wav	คดีนี้ศาลจังหวัดกาญจนบุรีนัดฟังคำพิพากษาวันที่4มิถุนายน2562เวลา13:00น.นะคะ
8-8487-16.wav	อำเภอพนมสารคามจังหวัดฉะเชิงเทรา
8-8489-2.wav	ตำรวจนะคะเจ้าหน้าที่ตำรวจสภ.สาคูของจังหวัดภูเก็ต
8-8492-2.wav	เป็นวินที่บางปูจังหวัดสมุทรปราการ
8-8492-5.wav	โดยคลิปที่กลุ่มวินมอเตอร์ไซค์นิคมบางปูจังหวัดสมุทรปราการ
8-8502-11.wav	ที่เดินทางมาทำบุญนะคะด้วยพระจริยวัตรอันงดงาม
8-8502-20.wav	โดยพุทธศาสนิกชนที่เดินทางมาทำบุญวันนี้นะคะ
8-8507-59.wav	ที่พื้นที่จังหวัดกาญจนบุรี
8-8506-4.wav	ตะไคร้พันธุ์เกษตรขาวอายุ1เดือนแปลงนี้ของไร่ชมจันทร์ในอำเภอเมืองจังหวัดสุพรรณบุรี
8-8508-73.wav	อยู่ด้วย1นายคอยเฝ้าอยู่ตลอดเวลา
8-8509-118.wav	นิดหนึ่งครับสมมุติว่านายกอ(นายกอ,นายก.)ออกดอกเงินกู้
8-8509-150.wav	ที่เป็นประชาชนในพื้นถิ่นในจังหวัดอำเภอ
8-8509-169.wav	เห็นว่าจะเดินทางไปที่กาฬสินธุ์ก็ไปแจกอันนี้ใช่ไหมครับ
8-8509-172.wav	พรุ่งนี้ท่านรองนายกนี่กำหนดมอบโฉนดเอ่อให้ประชาชนทั้งประเทศนะครับ
8-8509-177.wav	พรุ่งนี้4พันคนนะครับทั้งประเทศทุกจังหวัดนะครับ
8-8514-34.wav	มีการเดินทางมาร่วมแสดงความอาลัยกันเป็นจำนวนมาก
8-8518-2.wav	โดยเฉพาะเรื่องของการเดินทางที่ยังต้องใช้พลังงานจากฟอสซิล
8-8520-34.wav	ก็คือหาดฟรีดอมตำบลกะรนอำเภอเมืองจังหวัดภูเก็ตนี่นะฮะ
8-8520-53.wav	ผู้สื่อข่าวได้เดินทางไปยังจุดเกิดเหตุนะครับ
8-8520-5.wav	หาดท่องเที่ยวที่สำคัญหาดหนึ่ง
8-8520-7.wav	ก็คือหาดฟรีดอมที่ตำบลกะรนอำเภอเมืองจังหวัดภูเก็ต
8-8521-119.wav	ที่ผ่านทางด้านกรมประชาสัมพันธ์ของจังหวัดสระแก้ว
8-8521-15.wav	ที่อ่เดินทางกลับมาจากทางด้านของฝั่งไทย
8-8521-177.wav	การเดินทางก็อาจจะไม่สะดวกที่จะเดินทางไป
8-8521-4.wav	ยังมีเจ้าหน้าที่กู้ภัยอาสากู้ภัยของอ่าประเทศไทยเนี่ยยังคงปักหลักอยู่ในพื้นที่ประมาณ40นาย
8-8526-4.wav	นี่ที่นี่ครับที่มหาวิทยาลัยราชภัฏพิบูลสงครามจังหวัดพิษณุโลก
8-8526-72.wav	ก็ลองไปในงานนี้ได้ที่จังหวัดพิษณุโลก
8-8530-33.wav	ก็เลยต้องหารือไปทางจังหวัดหารือไปยังอำเภอเมืองพะเยา
8-8530-4.wav	แล้วทางนายกอบต.บ้านตุ่นที่พะเยาเนี่ยเขาจับได้
8-8535-128.wav	เพราะชาวบ้านที่นี่บอกว่าก็ตั้งใจเดินทางไปเลือก
8-8535-258.wav	ที่อำเภอเมืองจังหวัดบุรีรัมย์นะครับ
8-8537-15.wav	นี่คือวันไหลพนมสารคามจังหวัดฉะเชิงเทรา
8-8537-18.wav	ตำรวจอยู่เกือบ10นายก็เละขนาดนี้ฮะ
8-8539-155.wav	ออกมาเปิดโปงว่าที่จังหวัดนั้นจังหวัดนี้
8-8539-2.wav	ในพื้นที่ตำบลมาบตาพุดอำเภอเมืองจังหวัดระยองนะฮะ
8-8539-5.wav	ผู้การจังหวัดระยองโดนเด้งเข้ากรุเหมือนกันนะครับ
8-8540-101.wav	คำสว่างน้อยอำเภอวังตามัวอำเภอเมืองจังหวัดนครพนมเขาสร้างขึ้นครับ
8-8540-152.wav	ภายในตัวอำเภอชุมพลบุรีจังหวัดสุรินทร์
8-8542-5.wav	ซึ่งผู้เสียชีวิตเนี่ยอยู่ในบ้านที่แคร่หน้าบ้านของอำเภอสามชุกจังหวัดสุพรรณบุรีเนี่ย
8-8543-19.wav	เพราะฉะนั้นผู้โดยสารที่ต้องเดินทางโดยเครื่องบิน
8-8543-37.wav	เผื่อเวลาแล้วก็วางแผนการเดินทางล่วงหน้าสัก2-3ชั่วโมงค่ะ
8-8544-267.wav	เป็นเจ้าเป็นนายและสุขสบายทั้งชาติ
8-8548-2.wav	จังหวัดปราจีนบุรีจุดนี้ก่อนหน้านี้ค่ะ
8-8551-3.wav	เราจึงเห็นประชาชนจำนวนมากเดินทางมาที่บริเวณท้องสนามหลวง
8-8551-63.wav	ที่จะเดินทางมาท้องสนามหลวงในวันที่12ธันวาคมนี้นะครับว่า
8-8551-64.wav	อย่าเพิ่งเดินทางมานะครับเนื่องจากจะมีการทำความสะอาดครั้งใหญ่
8-8551-9.wav	เดินทางมารอขึ้นกราบถวายบังคมพระบรมศพ
8-8553-18.wav	จังหวัดกาญจนบุรีนะครับรถกระบะคันนี้จริงจริงแล้วขับมุ่งหน้ากลับบ้าน
8-8555-22.wav	เป็นน้ำตกที่มีความสวยงามไม่แพ้น้ำตกอื่นในจังหวัดพังงา
8-8555-25.wav	ให้เป็นแหล่งท่องเที่ยวแห่งใหม่ของจังหวัดพังงาต่อไป
8-8556-42.wav	แล้วว่าเหตุการณ์เนี่ยเกิดขึ้นเมื่อวันอังคารที่ผ่านมาเส้นทางกำลังมุ่งหน้าสู่อำเภอสว่างแดนดินจังหวัดสกลนครนะคะ
8-8556-9.wav	เมื่อวานนี้ทางสำนักงานขนส่งจังหวัดนครราชสีมาก็เลยได้เรียกตัวคนขับมาแล้วนะคะ
8-8557-25.wav	แล้วก็เมื่อวานนี้เกิดขึ้นแล้วนะครับที่จังหวัดเลย
8-8557-93.wav	ดังนี้นะครับภาคเหนือจังหวัดน่านอุตรดิตถ์สุโขทัย
8-8557-98.wav	ภาคตะวันออกที่จังหวัดปราจีนบุรี
8-8559-15.wav	ก็เดินทางมาร่วมไว้อาลัยนะคะ
8-8560-55.wav	ก็จะมีหัวหน้าทีมมีพนักงานสอบสวนอย่างน้อย2นายด้วย
8-8563-0.wav	วันนี้หลายคนเนี่ยก็จะเดินทางไปทำบุญด้วยแล้วก็แก้ชงด้วยครับ
8-8563-11.wav	แล้วก็ชาวจีนเนี่ยนะครับเดินทางมาทำบุญแก้ชง
8-8567-76.wav	มีรองนายกอบต.ลูกหนองย่างทอย
8-8570-31.wav	ที่จังหวัดอ่างทองพร้อมกันกับผมเลยนะฮะ
8-8570-33.wav	ผมอยู่ที่จังหวัดอ่างทองนะครับ
8-8575-9.wav	บริเวณหน้าโรงเรียนแห่งหนึ่งในพื้นที่หมู่5อำเภอนครหลวงจังหวัดพระนครศรีอยุธยา
8-8583-66.wav	หลายอำเภอหลายจังหวัดน้ำท่วมเราได้เห็นภาพว่าเขาเก็บข้าวหนีน้ำกันเนี่ย
8-8585-9.wav	ที่โรงพยาบาลสันทรายจังหวัดเชียงใหม่ครับ
8-8592-71.wav	เดือดร้อนใครเดือดร้อนครับคนเดินทางนั่นเดือดร้อนแทนที่
8-8593-31.wav	จากหอพักก็กลับไปที่บ้านที่จังหวัดพระนครศรีอยุธยาแล้วนะครับ
8-8594-141.wav	วันนี้เดินทางมารับฟังปัญหากลุ่มผู้ปกครองด้วยค่ะ
8-8594-473.wav	ตอนนี้กลับไปที่บ้านจังหวัดอ่างทองแล้วแล้วก็บอกด้วยว่า
8-8596-21.wav	ที่จังหวัดสุรินทร์นะครับหลังได้รับแจ้งเหตุตำรวจก็ลงพื้นที่นะฮะ
8-8601-17.wav	ก็เดินทางไปพบผู้บังคับการปราบปรามการกระทำความผิดเกี่ยวกับทรัพยากรธรรมชาติและสิ่งแวดล้อม
8-8601-21.wav	ป่าฝั่งซ้ายแม่น้ำพาชีอำเภอจอมบึงจังหวัดราชบุรีกกว่า450ไร่
8-8601-8.wav	จนมีคำสั่งให้พ้นสมาชิกภาพในวันนี้นะคะทนายความผู้รับมอบเดินทางมาศาล
8-8604-9.wav	เจ้าหน้าที่กองพิสูจน์หลักฐานจังหวัดฉะเชิงเทราครับ
8-8605-1.wav	จังหวัดสมุทรสงครามนำเจ้าหน้าที่ทาสีเส้นแนวร้านค้า
8-8608-14.wav	ตำบลบางครุอำเภอพระประแดงจังหวัดสมุทรปราการ
8-8608-1.wav	ตำรวจภูธรพระประแดงในจังหวัดสมุทรปราการกันหน่อยนะคะ
8-8609-0.wav	ส่วนใครที่เดินทางนะคะโดยรถโดยสารสาธารณะ
8-8609-17.wav	มีประชาชนเดินทางเข้ามาถึงที่สถานีขนส่งผู้โดยสารกรุงเทพฯ
8-8609-19.wav	รถทัวร์โดยสารระยะยาวที่เดินทางมาจากจังหวัดทางภาคเหนือและภาคอีสาน
8-8609-39.wav	ประชาชนจะทยอยเดินทางกลับเข้ากรุงเทพฯตลอดทั้งวันและมากที่สุด
8-8610-10.wav	อำเภอชัยบุรีจังหวัดสุราษฎร์ธานีค่ะ
8-8610-1.wav	วัย11ปีนะคะที่จังหวัดสุราษฎร์ธานีค่ะ
8-8613-9.wav	ชุดสืบสวนตำรวจภูธรจังหวัดสิงห์บุรีค่ะ
8-8618-6.wav	แล้วก็ตลอดทั้งวันมีผู้ว่าจ้างนางรำมารำแก้บน
8-8619-10.wav	ยังภาคอีสานจังหวัดต่างก็จะมาสมทบกัน
8-8619-13.wav	ฉะเชิงเทราค่ะตรงนี้ก็จะเป็นจังหวัดที่เชื่อมโยงไปหลายจังหวัดในภาคอีสาน
8-8619-1.wav	ก็มีทยอยๆเดินทางกันไปล่วงหน้าแล้วแต่ว่าวันที่คาดว่า
8-8619-2.wav	จะมีการเดินทางมากที่สุดก็วันนี้พรุ่งนี้แหละค่ะ
8-8619-30.wav	เพราะว่าเริ่มเดินทางกันเป็นวันที่หยุดแล้วก็ได้ออกเดินทางกันนะคะ
8-8619-44.wav	อุบัติเหตุเกิดสูงสุดที่จังหวัดพัทลุงนะคะคุณผู้ชม14ครั้ง
8-8619-45.wav	จังหวัดที่มีผู้เสียชีวิตสูงสุดตอนนี้เป็นปทุมธานีเพชรบูรณ์และจังหวัดเลยนะ
8-8619-4.wav	การเดินทางที่ถนนมิตรภาพประตูสู่ภาคอีสานเป็นแบบนี้นะคะ
8-8619-9.wav	เพราะว่าจุดนี้ก็จะมีจากเส้นทางอื่นๆมาจากหลายจังหวัดที่มุ่งหน้าไป
8-8620-12.wav	ปากทางเข้าหมู่บ้านเนินเขาอำเภอทุ่งสงจังหวัดนครศรีธรรมราช
8-8622-37.wav	ในจังหวัดศรีสะเกษแล้วก็ทั่วประเทศอีกด้วยค่ะ
8-8624-24.wav	เมื่อวานนี้13มกราคมนักประดาน้ำแล้วก็กู้ภัย20นายได้
8-8626-56.wav	หลายจังหวัดผู้ว่าเขาประกาศแล้วนะครับ
8-8634-22.wav	ในสถานีรถไฟชุมทางบัวใหญ่จังหวัดนครราชสีมา
8-8636-31.wav	อาจารย์นะอยู่ระหว่างการเดินทางกลับจากจุดเกิดเหตุนะคะกลับบ้าน
8-8637-29.wav	อยากจะเดินกลับเดินทางกลับไทยหรือเปล่า
8-8640-12.wav	หลังฆ่าเมียได้ขับรถวนไปตามเส้นทางต่างๆไปจนถึงจังหวัดชลบุรี
8-8641-25.wav	ที่สำคัญทางศาสนาแห่งหนึ่งของเมืองไทยในจังหวัดมหาสารคามเลยนะครับ
8-8641-7.wav	ตั้งอยู่ที่บ้านวังน้ำเย็นตำบลเกิ้งอำเภอเมืองจังหวัดมหาสารคาม
8-8645-5.wav	พาไปที่แรกนะครับไปที่จังหวัดพะเยาครับ
8-8647-10.wav	ข้ามแม่น้ำเจ้าพระยาที่ตำบลบางย่าแพรกอำเภอพระประแดงจังหวัดสมุทรปราการ
8-8652-1.wav	ไปที่อำเภอวังโป่งจังหวัดเพชรบูรณ์เอาตัวเลขไปก่อนเลย
8-8659-18.wav	เพื่อการเดินทางที่ปลอดภัยนะคะ
8-8662-0.wav	ละคุณผู้ชมไปดูชาวบ้านทุ่งแต้ที่จังหวัดยโสธร
8-8662-4.wav	ชาวบ้านบ้านทุ่งแต้อำเภอเมืองจังหวัดยโสธร
8-8665-13.wav	เข้ากรุงเทพฯนะคะที่จังหวัดฉะเชิงเทราช่วงจะขึ้นสะพานข้ามคลองพระยาสมุทร
8-8666-0.wav	ไปดูทีมหญิงกันนะวันเดินทางนะครับไปแข่งขันในรายการ
8-8667-30.wav	แล้วก็จะตีแผ่ว่าตำรวจนายใดได้ตั่วนายก
8-8669-34.wav	อยู่พื้นที่หมู่ที่6ตำบลมาบไผ่อำเภอบ้านบึงจังหวัดชลบุรี
8-8670-9.wav	ตำรวจสภ.บัวใหญ่จังหวัดนครราชสีมาได้รับแจ้งนะคะ
8-8673-10.wav	ใครที่จะเดินทางท่องเที่ยวในบริเวณดังกล่าว
8-8673-110.wav	อย่างที่ได้เน้นไปนะครับในบริเวณจังหวัดสุราษฎร์ธานีนครศรีธรรมราชพัทลุงสงขลาปัตตานียะลาแล้วก็นราธิวาส
8-8673-35.wav	ซึ่งในระยะนี้ใครที่จะเดินทางท่องเที่ยว
8-8673-46.wav	แต่อย่างที่ได้เน้นย้ำนะครับว่าใครจะเดินทางไปในบริเวณพื้นที่ภาคใต้ของประเทศไทยในระยะนี้
8-8673-47.wav	ต้องระวังเป็นพิเศษเพราะว่าตอนนี้มีการประกาศเตือนหลายจังหวัดเลยทีเดียว
8-8673-71.wav	ประกอบไปด้วยบริเวณจังหวัดสุราษฎร์ธานีนครศรีธรรมราชพัทลุงสงขลา
8-8673-75.wav	ประกอบไปด้วยบริเวณจังหวัดประจวบคีรีขันธ์ชุมพรสุราษฎร์ธานีนครศรีธรรมราช
8-8673-77.wav	ภูเก็ตแล้วก็บริเวณจังหวัดกระบี่นะครับ
8-8673-78.wav	ใครที่จะเดินทางไปในบริเวณดังกล่าวใครที่อยู่ในพื้นที่ดังกล่าว
8-8674-31.wav	เธอเป็นศิลปินต้องเดินทางไปแสดงตามสถานที่ต่างๆต่อเนื่อง
8-8675-4.wav	อำเภอบางละมุงจังหวัดชลบุรีกลางดึกของเมื่อวานนี้ครับ
8-8679-17.wav	ตำบลน้ำเชี่ยวอำเภอแหลมงอบจังหวัดตราดนะคะ
8-8680-12.wav	จังหวัดนนทบุรีนะครับหลังจากเกิดเหตุทางกู้ภัยก็รีบมาช่วยกัน
8-8683-2.wav	เดินทางไปนี่คนไทยเต็มไปหมดเลยนะ
8-8683-35.wav	สำหรับการเดินทางไปต่างประเทศ
8-8683-44.wav	มีนักท่องเที่ยวไทยทั้งที่เดินทาง
8-8683-7.wav	ทำให้ภาครัฐกับสมาคมผู้ประกอบการท่องเที่ยว
8-8683-86.wav	เพื่อไม่ให้กระทบตลาดท่องเที่ยวในประเทศ
8-8685-51.wav	ทำได้เพียงแค่การเดินทางไปรับศพ
8-8686-9.wav	ตำบลคลองเกลืออำเภอปากเกร็ดจังหวัดนนทบุรีฮะ
8-8691-266.wav	ในขณะที่เธอเดินทางไปร่วมงานบวช
8-8698-39.wav	ที่ผู้คนต่างเดินทางมาเพื่อกราบสักการะสักครั้งหนึ่งในชีวิต
8-8699-188.wav	กับผู้ชายที่เดินทางมาจากจังหวัดเชียงใหม่
8-8701-22.wav	แต่ไม่เห็นมีตำรวจรับสายสักกะนาย
8-8706-9.wav	ในพื้นที่ตำบลหนองปริงอำเภอเมืองจังหวัดนครสวรรค์
8-8708-2.wav	มอบความสุขตลอดชีวิตเลยนะครับในการเดินทางด้วย
8-8709-22.wav	ที่จังหวัดฉะเชิงเทราตำรวจสภ.บางปะกง
8-8710-2.wav	ไปจับกุมทหารนายหนึ่งยศพันจ่าเอกนะนี่ค่ะ
8-8713-2.wav	โอ้โหติดกันมาหลายงวดแล้วที่จังหวัดนครปฐม
8-8713-9.wav	ไปกันที่นี่ที่เดิมครับวัดสว่างอารมณ์ตำบลขุนแก้วอำเภอนครชัยศรีจังหวัดนครปฐมนะครับ
8-8714-14.wav	จัดขึ้นที่ศาลาวัดเสมาใหญ่อำเภอบัวใหญ่จังหวัดนครราชสีมานะคะ
8-8718-33.wav	จากเดิมเขาตั้งเป้าว่าจะเดินทางไปยังทำเนียบรัฐบาล
8-8718-71.wav	เดินทางไปสภาผู้แทนราษฎร
8-8718-99.wav	ผู้บัญชาการตำรวจนครบาลเดินทางไปรับหนังสือ
8-8721-25.wav	ใกล้ศาลากลางจังหวัดสมุทรปราการนะครับ
8-8722-40.wav	รวมถึงจังหวัดต่างๆที่มีการขอความร่วมมือจากประชาชนนะ
8-8722-42.wav	คือตอนนี้ค่ะคุณผู้ชมมี11จังหวัดแล้ว
8-8722-67.wav	จังหวัดที่มีมาตรการให้ประชาชนเนี่ยใส่หน้ากาก
8-8722-73.wav	แปลว่าประเทศไทย77จังหวัด
8-8722-78.wav	4จังหวัดนะคะส่วน73จังหวัดเนี่ยคือเข้มข้นเลย
8-8724-2.wav	วันนี้ก็เดินทางมาพร้อมกับทนายความค่ะ
8-8726-0.wav	คุณผู้ชมครับตามความคืบหน้าเหตุการณ์นี้หน่อยนะครับที่ตำรวจกับนักศึกษาสาวคนหนึ่งถูกยิงเสียชีวิตพร้อมกันเหตุการณ์เกิดขึ้นที่จังหวัดระนองนะครับ
8-8726-19.wav	อำเภอละอุ่นจังหวัดระนองชุดพิสูจน์หลักฐานก็มาเก็บหลักฐานต่างๆในรถนะครับ
8-8728-538.wav	เป็นสถานกักขังของจังหวัดราชบุรีครับ
8-8730-22.wav	อาศัยอยู่ที่อำเภอพระสมุทรเจดีย์จังหวัดสมุทรปราการครับ
8-8736-10.wav	รองผู้บัญชาการตำรวจท่องเที่ยว
8-8738-25.wav	คือช่วงที่คนเดินทางมาสำเพ็งมากที่สุดของปี
8-8740-102.wav	ป่าหวายที่หมู่3ตำบลน้ำพุอำเภอเมืองจังหวัดราชบุรีนะคะ
8-8740-40.wav	ไปต่อที่จังหวัดสมุทรสาครกันบ้างครับ
8-8740-57.wav	อำเภอเมืองจังหวัดสมุทรสาครครับ
8-8740-93.wav	ทีนี้ระหว่างเดินทางกลับจากไปเอาเครื่องปั่นไฟ
8-8743-3.wav	พื้นที่บ้านฉางจังหวัดระยอง
8-8744-5.wav	จังหวัดมหาสารคามเขาถ่ายเอาไว้นะคะมีเสียงดังคล้ายระเบิด
8-8745-16.wav	เมื่อช่วงเย็นที่ผ่านมานักข่าวของเราก็เดินทางไปที่ทำการผู้ใหญ่บ้านบ้านเขาน้อยหมู่ที่5
8-8745-17.wav	อำเภอท่าตะโกจังหวัดนครสวรรค์นะคะครอบครัวกับญาติเตรียมงานศพด้วยความโศกเศร้าค่ะ
8-8746-0.wav	พาคุณผู้ชมไปดูเหตุการณ์นี้ค่ะที่จังหวัดอุทัยธานีคือถ้าเป็นจริงอย่างที่ท่านเจ้าอาวาสวัดมาร้องเรียนเนี่ยนะ
8-8746-41.wav	ขอให้ตรวจสอบสารปนเปื้อนแล้วก็ไปร้องที่ศูนย์ดำรงธรรมจังหวัดอุทัยธานีด้วย
8-8747-180.wav	ให้เราเดินทางไปนู่นไปนี่กันได้หมดแล้วเนี่ยสิ่งหนึ่งที่ทั่วโลกเขาต้องการคือวัคซีนพาสปอร์ต
8-8747-187.wav	เพื่ออะไรเพื่อใช้ในการเดินทางระหว่างประเทศนะครับ
8-8747-536.wav	ใช้ความรุนแรงทุกวันนี้นางหลอนนางว่าอย่างนั้น
8-8747-537.wav	นะฮะนางบอกว่าอุ้ยนางเคยโดนเอาหัวกดพื้นแล้วก็กระทืบซ้ำ
8-8747-547.wav	แล้วจนทุกวันนี้นางก็มีแฟนนอกวงการนั่นแหละ
8-8758-10.wav	ปูพรมตรวจค้นบ้าน9จุดในเขตอำเภอเมืองจังหวัดอุบลราชธานี
8-8758-9.wav	อุบลราชธานีด้วยชุดสื่อภาค3ด้วยหน่วยสวาทด้วยกว่า100นาย
8-8762-4.wav	นี่ค่ะคุณผู้ชมเหตุการณ์ก็เกิดขึ้นภายในโรงเรียนบ้านโนนตูมนะคะอยู่หมู่12ตำบลวังโป่งอำเภอวังโป่งจังหวัดเพชรบูรณ์แล้วคุณดูดิ
8-8763-88.wav	แต่ว่าเอาไปปลูกที่จังหวัดศรีสะเกษ
8-8764-12.wav	ที่ห้องพักอยู่ในตำบลหนองกระเจ็ดอำเภอบ้านลาดจังหวัดเพชรบุรี
8-8770-30.wav	นายกกาชาดจังหวัดฝ่ายปกครองช่วยเหลือตามระเบียบราชการ
8-8772-16.wav	ขับรถพามาที่โรงพยาบาลมหาราชแต่ปรากฏว่าระหว่างเดินทาง
8-8780-21.wav	เหตุการณ์เกิดญาติอำเภอพานทองจังหวัดชลบุรี
8-8780-7.wav	เผื่อใครไม่ได้โฟกัสอยู่ที่หน้าจอนะคะเหตุการณ์มันเกิดขึ้นภายในปั๊มน้ำมันแห่งหนึ่งที่จังหวัดชลบุรีค่ะ
8-8781-5.wav	เขาขโมยถังแก๊สมาจากร้านขายโรตีแห่งหนึ่งในซอยบางแฟบพัฒนาอยู่เขตเทศบาลเมืองควนลังอำเภอหาดใหญ่จังหวัดสงขลา
8-8786-4.wav	ทางเข้าวัดอุโมงค์ถนนคลองชลประทานจังหวัดเชียงใหม่
8-8788-20.wav	แต่ว่าอาจจะมีตกมากหน่อยแถบจังหวัดประจวบคีรีขันธ์บริเวณนี้
8-8788-25.wav	แล้วก็เลยไปถึงจังหวัดเลยด้วยแถบขอนแก่นชัยภูมินครราชสีมาก็คือเป็นภาคอีสานตอนกลางนะคะ
8-8788-26.wav	ส่วนอีกหนึ่งภาคเตือนกันหน่อยค่ะก็คือภาคกลางนะคะภาคกลางแถบจังหวัดนครสวรรค์อุทัยธานีสระบุรีลพบุรี
8-8789-12.wav	สามารถจับภาพนายจอกเอาไว้ได้เพราะเนี่ยคุณผู้ชมภาพนี้นะ
8-8789-16.wav	คุณเห็นไหมว่ามีคนหนึ่งที่เดินสวนกับนายจอกเนี่ย
8-8789-19.wav	นายเกมเป็นผู้ชายคนสุดท้ายที่ได้มีโอกาสพูดคุยกับนายจอก
8-8789-22.wav	เจอนายเกมแล้วไปคุยกับนายเกมนะ
8-8789-25.wav	พอมาถึงหน้าร้านขายของชำก็เจอนายจอกผู้ก่อเหตุเดินสวนมา
8-8789-26.wav	นายเกมก็เลยถามกลับไปว่าลุงจอกจะไปไหน
8-8789-32.wav	เท่านั้นแหละค่ะนายเกมกลับมาบ้าน
8-8789-33.wav	พอถึงบ้านพ่อของนายเกมเล่าให้ฟังบอกว่าลุงจอกแกยิงเมียแกตายแล้ว
8-8789-35.wav	โอ้โหแกบอกว่านายเกมบอกว่าแทบจะไม่เชื่อนะ
8-8789-48.wav	ซึ่งเกมเนี่ยเป็นผู้ชายคนสุดท้ายที่ได้มีโอกาสคุยกับนายจอก
8-8789-56.wav	ไม่คิดว่านายจอกจะลงมือก่อเหตุยิงเมียตัวเองนะคะ
8-8789-70.wav	และนายจอกคนนี้เป็นคนรักเด็กมาก
8-8789-81.wav	คือนายจอกเนี่ยจะมีนิสัยขี้หึงขี้น้อยใจ
8-8791-17.wav	ที่พระองค์เสด็จพระราชดำเนินมายังจังหวัดสุโขทัย
8-8791-3.wav	รวมถึงเสด็จพระราชดำเนินไปจังหวัดสุโขทัยเนี่ยทั้งหมด7ครั้งค่ะ
8-8791-6.wav	ที่วัดทุ่งเสลี่ยมจังหวัดสุโขทัยอย่างงดงามค่ะ
8-8792-9.wav	เดินทางไปตรวจสอบพบว่าเป็นโลมาสีชมพู
8-8794-16.wav	ตำบลหนองข้างคอกอำเภอเมืองจังหวัดชลบุรีนะครับ
8-8794-47.wav	อยู่ที่ตำบลหนองข้างคอกอำเภอเมืองจังหวัดชลบุรี
8-8803-54.wav	แม้ว่าเจ้าตัวจะเดินทางมาให้ข้อมูลกับตำรวจ
8-8804-8.wav	ทะเบียนเนี่ยจังหวัดแพร่อยู่ในสภาพอย่างที่คุณชนะบอกว่าเละค่ะ
8-8805-13.wav	นางก็ออกมาที่ร้านบะหมี่หมูแดงอันนี้
8-8806-4.wav	อำเภอบ้านดุงจังหวัดอุดรธานี
8-8806-63.wav	ไปดูที่ตำบลในเมืองอำเภอเมืองจังหวัดนครราชสีมานะครับ
8-8806-70.wav	และครั้งนี้เองก็ทำให้ชาวบ้านเดินทางมาขอโชคขอลาภกันอย่างต่อเนื่องครับ
8-8807-11.wav	เขาก็จะกระจายไปแต่ละจังหวัดตามภูมิลำเนาของตัวเอง
8-8807-13.wav	เมื่อ6เมษายนที่รับคนไทยที่เดินทางกลับมา
8-8807-24.wav	ดังนั้นหมายความว่าคุณผู้ชมคะก่อนหน้านี้สตูลเป็นจังหวัดสีเขียว
8-8807-25.wav	เป็นจังหวัดที่ไม่มีผู้ป่วยด้วยโรคโควิด-19
8-8807-27.wav	ละเขาป่วยด้วยโควิด-19อะกลายเป็นว่ามีคนติดเชื้อแล้วในพื้นที่จังหวัดสตูลนะคะ
8-8807-2.wav	ที่เป็นคนไทยเดินทางกลับมาจากการไปประกอบพิธีทางศาสนาที่ประเทศอินโดนีเซีย
8-8807-43.wav	ตามพื้นที่ที่จังหวัดปัตตานีกำหนดไว้กักตัวดูอาการ14วัน
8-8807-4.wav	สำหรับไม่ว่าใครก็ตามที่เดินทางเข้ามาในประเทศไทยเมื่อมาถึงเมืองไทยปุ๊บ
8-8807-7.wav	ก็จะส่งกลับไปที่จังหวัดนั้นๆ
8-8807-8.wav	แต่เป็นสถานที่กักตัวที่จังหวัดนั้นเปิดขึ้นมานะคะ
8-8810-17.wav	ที่วัดป่าบ่อน้ำพระอินทร์จังหวัดอุบลราชธานีค่ะ
8-8814-154.wav	พร้อมกับชุดสืบสวน6นายค่ะก็ออกไปตรวจสอบเป้าหมาย
8-8814-440.wav	นางโกรธแค้น
8-8814-450.wav	สะใจนางเลยสินะใช่ไหม
8-8817-22.wav	แล้วก็ประสานเจ้าหน้าที่ประมงจังหวัดมารับตัวไป
8-8817-8.wav	เพราะชาวนาที่จังหวัดพระนครศรีอยุธยา
8-8819-19.wav	ให้กับจังหวัดให้กับท้องที่ที่มีการออกใบสั่ง
8-8819-30.wav	แบ่งให้จังหวัด200บาทเข้าคลัง10บาทเป็นเงินรางวัล
8-8825-200.wav	แล้วไปเชิญคนนอกมาเป็นนายกรัฐมนตรี
8-8827-143.wav	แล้วก็ขับรถหนีไปเลยที่พื้นที่จังหวัดราชบุรี
8-8835-164.wav	และจังหวัดเข้าส่งสินค้าในเมือง
8-8836-14.wav	จังหวัดพังงาที่ไม่พบผู้ติดเชื้อในช่วงที่ผ่านมา
8-8836-16.wav	รายแรกของจังหวัดเป็นเด็กชายอายุ8ขวบ
8-8836-18.wav	ตอนนี้เจ้าหน้าที่ส่งไปรักษาที่โรงพยาบาลแห่งหนึ่งในจังหวัดพังงาแล้ว
8-8836-20.wav	ซึ่งเดินทางมาจากจังหวัดกระบี่แล้วก็มาเยี่ยม
8-8836-21.wav	ญาติๆที่จังหวัดพังงาที่เกาะยาวแล้วน้องเขาอยู่ที่บ้านหลังนี้ด้วย
8-8836-23.wav	ก่อนหน้านี้เด็กชายคนนี้อยู่กับพ่อกับแม่ที่ทำงานอยู่ที่เกาะพีพีจังหวัดกระบี่นะครับ
8-8836-24.wav	มีนาคมพ่อกับแม่พาเดินทางกลับมาที่บ้านที่ตำบลเกาะยาวใหญ่
8-8836-30.wav	หลังจากหญิงคนนี้เดินทางกลับไปที่เกาะลันตา
8-8836-32.wav	ตอนนี้รักษาตัวอยู่ที่โรงพยาบาลจังหวัดกระบี่
8-8836-34.wav	สาธารณสุขจังหวัดกระบี่เขาก็ประสานมายังจังหวัดพังงาว่า
8-8836-49.wav	เป็นคนแรกของจังหวัดพังงานะฮะเด็กชายวัย8ขวบ
8-8836-4.wav	พบผู้ติดเชื้อรายแรกของจังหวัดแล้วนะครับ
8-8836-50.wav	ตอนนี้ทางจังหวัดนะครับก็เลยวางมาตรการเพิ่มแบบเข้มข้นมากขึ้น
8-8836-6.wav	ทางจังหวัดพังงาครับวันนี้ผู้ราชการจังหวัดพังงา
8-8836-8.wav	บอกว่าจังหวัดพังงาพบผู้ป่วยติดเชื้อโควิด-19
8-8837-23.wav	ก็สามารถมากันได้ที่วัดต้นเป๋าจังหวัดเชียงใหม่นะจ๊ะ
8-8837-30.wav	ตำบลบ้านบึงอำเภอบ้านคาจังหวัดราชบุรี
8-8837-7.wav	เริ่มกันที่พระพุทธรูปทำจากกระดาษสาองค์เดียวในโลกที่จังหวัดเชียงใหม่
8-8838-0.wav	คุณผู้ชมคะชาวบ้านในพื้นที่ตำบลบางแก้วจังหวัดสมุทรสงครามตอนนี้ได้รับความเดือดร้อนอย่างหนักนะคะ
8-8839-10.wav	ที่อำเภอนครไทยจังหวัดพิษณุโลก
8-8839-68.wav	คลิปนี้นะคะให้ข้อมูลว่าเหตุเกิดเนี่ยแถวๆห้างแห่งหนึ่งในจังหวัดสุราษฎร์ธานี
8-8840-12.wav	ซึ่งเขาว่ากันว่าถ้าเกิดว่าเดินทางมาหนองคายแล้ว
8-8840-19.wav	ซึ่งเช้าวันนี้ก็มีพระสงฆ์จากหลายวัดนะครับได้เดินทางไปรวมตัวกันนะครับ
8-8840-38.wav	ซึ่งได้เห็นบั้งไฟพญานาคตามความตั้งใจของเราในการเดินทางมาทำข่าวที่นี่นะครับ
8-8840-41.wav	ร่วมกับนางรำอีกกว่า1พันคนซึ่งมาจากทุกตำบลของอำเภอโพนพิสัยครับ
8-8840-46.wav	รายงานจากวัดโพธิ์ชัยอำเภอเมืองจังหวัดหนองคาย
8-8847-16.wav	มารับ5คนออกจากบ้านพักไปอยู่ที่อำเภอท่าศาลาจังหวัดนครศรีธรรมราชนะคะ
8-8847-21.wav	เขามีการไปแจ้งความไว้ที่สภ.ท่าศาลาจังหวัดนครศรีธรรมราชแล้ว
8-8850-0.wav	นอกจากการเดินทางกลับด้วยการขับรถส่วนตัว
8-8850-36.wav	จะเป็นช่วงที่ประชาชนเดินทางกลับเข้ากรุงเทพฯหนาแน่นมากที่สุดค่ะ
8-8851-190.wav	ที่ไหนนี่เลยจังหวัดนครปฐม
8-8852-8.wav	บริเวณชายหาดเกาะพงันจังหวัดสุราษฎร์ธานี
8-8854-18.wav	ด้วยการทำบุญบ้านสวนต้อนรับปีใหม่ค่ะที่บ้านเกิดจังหวัดยโสธรนั่นเอง
8-8856-10.wav	โดยมีนางรำกว่าหนึ่งพันห้าร้อยคน1,500คน
8-8860-15.wav	เราไปชมเรื่องราวของครอบครัวนี้ที่เดินทางมาจากจังหวัดเชียงใหม่พร้อมกันเลยครับ
8-8867-9.wav	ก็เจ็บที่ใบหน้าและลำตัวนะคะส่วนนายพรนิ้วขวาถูกมีดฟันนะคะ
8-8868-8.wav	ไปแจ้งความลงบันทึกประจำวันที่สภ.บ้านค่ายจังหวัดระยอง
8-8871-4.wav	เป็นชาวบ้านในตำบลบ้านด่านที่อำเภอบ้านด่านจังหวัดบุรีรัมย์นะครับ
8-8873-96.wav	สมมุติคุณเดินทางไปร้านอาหารต่างประเทศ
8-8874-12.wav	เป็นความท้าทายของเจ้าหน้าที่หลายร้อยนาย
8-8325-5.wav	ตรงจุดกลับรถหน้าวิทยาลัยเฉลิมกาญจนาตำบลชุมเห็ดอำเภอเมืองจังหวัดบุรี
8-8773-135.wav	หลังจากที่ตำรวจนำตัวส่งศาลแขวงจังหวัดนนทบุรี
8-8878-137.wav	เพราะฉะนั้นวันนี้เอาใจคนรักสุขภาพกันบ้างมาที่นี่เลยครับที่อำเภอบ้านหมอจังหวัดสระบุรี
8-8878-138.wav	ที่นี่นั้นปลูกผักหวานมากที่สุดในจังหวัดสระบุรีเลยทีเดียวเพราะฉะนั้นวัตถุดิบหลักของเราวันนี้คือผักหวาน
8-8880-19.wav	เป็นบ้านพักในหมู่บ้านพระปิ่นสวนส้มตำบลบางโปรงอำเภอเมืองจังหวัดสมุทรปราการนะครับ
8-8885-244.wav	แต่นี่นางมุ่งมั่นเพื่อหาผัว
8-8885-584.wav	พี่นางคิดว่าวันผู้สูงอายุหรือว่าวันครอบครัวค่ะ
8-8886-2.wav	ก็ที่วัดทัพกระดานจังหวัดสุพรรณบุรีนี่แหละค่ะ
8-8889-14.wav	ทางเหนือก็ไม่น้อยหน้าเหมือนกันค่ะ2จังหวัดใหญ่เชียงใหม่และเชียงรายสู้กันสุดพลังค่ะ
8-8889-16.wav	นอกจากนี้ยังมีอีกหลายจังหวัดที่เราไม่ได้เอ่ยชื่อไปนะโดดเด่นทั้งชุดและการนำเสนอ
8-8889-1.wav	ไม่มีใครยอมใครแต่ละจังหวัดนี้สู้ตายจริงๆ
8-8889-2.wav	แล้วก็นอกจากจะดึงเอาเอกลักษณ์วัฒนธรรมของแต่ละจังหวัดออกมาแล้ว
8-8889-7.wav	นำปลาสร้อยขาวสัตว์น้ำประจำจังหวัดมาประยุกต์เข้าเป็นชุดนางพญาปลาสร้อยขาว
8-8890-8.wav	ตำบลเขาไม้แก้วอำเภอกบินทร์บุรีจังหวัดปราจีนบุรี
8-8893-19.wav	แล้วครอบครัวบอกว่าได้ข้อมูลพิกัดสุดท้ายที่แองจี้ปรากฏตัวอยู่ที่ด่านแม่สายจังหวัดเชียงราย
8-8893-26.wav	จากนั้นนั่งรถต่อไปที่อำเภอแม่สายจังหวัดเชียงราย
8-8893-29.wav	สอบถามพี่ชายของนางสาวแองจี้บอกว่า
8-8893-37.wav	แล้วจากเชียงใหม่ลูกสาวเขาได้เดินทางต่อไปที่เชียงราย
8-8893-45.wav	ตั้งอยู่ที่หน้าด่านพรมแดนแม่สายแห่งที่1จังหวัดเชียงราย
8-8893-52.wav	เดินทางไปที่หน้าโรงแรมเหมือนกับไปรอใครบางคนมือขวาถือ
8-8893-59.wav	คนนั่งอยู่แถวนั้นด้วยนะครับใกล้ๆกันกับโซฟาที่นางสาว
8-8893-69.wav	ใหญ่ที่มักจะมีคนเดินทางไปทำงานกันมีทั้งคนไทยและ
8-8893-6.wav	พิกัดที่เจอตัวครั้งสุดท้ายคือด่านแม่สายจังหวัดเชียงราย
8-8893-72.wav	ถ้าเจอตัวนางสาวแองจี้เมื่อไหร่มีคำชี้แจงความ
8-8895-134.wav	คือคืนเกิดเหตุเนี่ยเขาเดินทางไปเปลี่ยนยางรถยนต์ให้ลูกค้าครับ
8-8895-135.wav	อยู่ในพื้นที่รอยต่อจังหวัดพัทลุงจังหวัดตรัง
8-8895-145.wav	ช่วงเกิดเหตุสามีอย่างที่บอกเลยคือเดินทางไปซ่อมรถยนต์ให้ลูกค้า
8-8895-150.wav	เดินทางไปที่สภ.เมืองนครศรีธรรมราชครับ
8-8895-152.wav	ผู้บังคับการตำรวจภูธรจังหวัดนครศรีธรรมราชนั้น
8-8895-18.wav	ยิงอดีตนายกอบจ.นครศรีธรรมราชชิงตัวผู้ต้องหา
8-8895-57.wav	โดยทางผู้บังคับการตำรวจภูธรจังหวัดนครศรีธรรมราชนะครับ
8-8898-179.wav	มันยังมีสิ่งมากมายที่เราต้องเดินทางไปสู่หลักนิติธรรม
8-8898-193.wav	แต่ยุทธศาสตร์ชาติเดินทางมาหลายปีเหตุการณ์ก็ยังไม่สงบ
8-8904-31.wav	เดินทางมาเป็นประธานในการประกอบพิธีนะคะ
8-8904-38.wav	นำข้าราชการพ่อค้าประชาชนชาวจังหวัดอุดรธานี
8-8905-79.wav	ลงพื้นที่ไปกำชับตำรวจภูธรของจังหวัดไปกำชับท้องที่ด้วยตัวเองฮะ
8-8906-0.wav	ในวันนี้ประชาชนจำนวนมากนะครับยังคงหลั่งไหลเดินทางไปกราบถวายบังคมพระบรมศพ
8-8906-14.wav	เดินทางมากราบถวายบังคมพระบรมศพ
8-8906-28.wav	โดยทั้งหมดได้เดินทางมาจากจังหวัดพระนครศรีอยุธยา
8-8906-48.wav	ที่เดินทางมากราบถวายบังคมพระบรมศพ
8-8906-53.wav	จำนวนประชาชนที่เดินทางมากราบถวายบังคมพระบรมศพ
8-8908-5.wav	ซึ่งวันนี้ถือว่ามีการติดเชื้อมากที่สุดนะคะโดยระบุบอกว่านอกจากมาตรการที่ทางจังหวัดกำหนดไปแล้วเนี่ย
8-8909-18.wav	ที่อำเภอลำลูกกาจังหวัดปทุมธานี
8-8909-62.wav	ผู้บังคับการตำรวจภูธรจังหวัดสมุทรปราการนะคะ
8-8911-34.wav	พอเจอศพแล้วคุณผู้ชมทีมข่าวนะไปที่บ้านภรรยาของนาย
8-8913-12.wav	สัปหงกหรือเปล่าตำรวจนายนี้เป็นอะไรอาการไม่ปกติ
8-8913-15.wav	ทีมข่าวของเราไม่รอช้าเพราะว่าประชาชนสงสัยว่าตำรวจนายนี้
8-8913-23.wav	ตำรวจนายนี้ฮะดันไปอำนวยการจราจรในงานบวชต่อในช่วงสาย
8-8914-104.wav	ย้ำว่าวิธีการที่ดีที่สุดคือการเดินทางไปที่ธนาคารกรุงไทยสาขาต่างๆ
8-8914-60.wav	ด่านศุลกากรช่องเม็กจังหวัดอุบลราชธานี
8-8914-62.wav	ทหารตำรวจภูธรจังหวัดป้องกันและบรรเทาสาธารณภัยจังหวัด
8-8914-73.wav	ส่วนเรื่องของทีมกู้ภัยทีมกู้ภัยจะได้รับเอกสารการเดินทาง
8-8914-78.wav	อาสากู้ภัยจากจังหวัดต่างๆตอนนี้ก็เข้ามาช่วยเหมือนกันนะคะ
8-8914-80.wav	เช่นเดียวกับหอการค้าภาคอีสานร่วมกับภาคเอกชนในจังหวัด
8-8914-94.wav	อันนี้เป็นจุดแรกนะคะที่ทีมกู้ภัยจากจังหวัดอุบลราชธานีเข้าไปช่วยเหลือ
8-8914-9.wav	ได้เดินทางเข้าไปในพื้นที่ของสปป.ลาวแล้วเรียบร้อย
8-8919-12.wav	อยู่ที่ตำบลพระธาตุผาแดงที่อำเภอแม่สอดจังหวัดตาก
8-8919-19.wav	พอหลังจากเกิดเหตุปั๊บตำรวจสภ.แม่สอดที่จังหวัดตาก
8-8921-18.wav	ในพื้นที่หมู่1ตำบลแสลงอำเภอเมืองจังหวัดจันทบุรี
8-8921-37.wav	ไปส่งให้ลูกค้าที่จังหวัดกาญจนบุรี
8-8922-0.wav	ดูเหตุการณ์ที่จังหวัดกระบี่นะคะมือปืนเนี่ยสบโอกาสขับรถประกบยิงเสี่ยรับเหมาจนเสียชีวิต
8-8922-13.wav	ส่วนจะเกี่ยวข้องกับคดีเก่าในพื้นที่จังหวัดตรังหรือไม่นั้น
8-8922-58.wav	ตำรวจภูธรจังหวัดกระบี่เปิดเผยว่า
8-8922-61.wav	ที่ผู้ตายประมูลงานได้หลายแห่งในจังหวัดกระบี่
8-8922-62.wav	และจังหวัดใกล้เคียงแต่ยังไม่ตัดประเด็นใดทิ้ง
8-8922-7.wav	ขณะกำลังไปตรวจไซต์งานก่อสร้างถนนปลายพระยาเขาต่อจังหวัดกระบี่เมื่อช่วงเย็นวานนี้
8-8923-3.wav	หลายจังหวัดนะคะตรวจสอบกันหน่อยนะคะ
8-8924-29.wav	เมื่อวานนี้นะคะเดินทางไปกราบขอพรถวายเสียงเพลงใหม่
8-8925-101.wav	ล่องเรือชมความสวยงามของแม่น้ำไนล์ขี่อูฐชมพีระมิด
8-8925-63.wav	สำหรับใครที่จะพาคนรักไปท่องเที่ยวตามจุดต่างๆในประเทศไทยของเรา
8-8926-16.wav	ในพื้นที่ตำบลบางเหรียงอำเภอควนเนียงจังหวัดสงขลา
8-8926-1.wav	ที่อำเภอคลองท่อมจังหวัดกระบี่กันหน่อยนะ
8-8926-27.wav	โดยเฉพาะคดีล่าสุดที่เกิดขึ้นที่จังหวัดกระบี่
8-8927-18.wav	เอารถตู้มาเพราะว่าพี่เดินทางบ่อย
8-8927-25.wav	เราก็เลยให้แม่เขามานั่งเป็นแม่ย่านางหน่อย
8-8928-0.wav	ทีนี้ลงใต้กันหน่อยค่ะพาคุณผู้ชมไปที่จังหวัดนครศรีธรรมราชนะคะ
8-8928-10.wav	ที่ประชาชนนั้นจะเดินทางมาจับจ่ายใช้สอยในการซื้ออาหาร
8-8928-38.wav	ขณะนี้นะครับในพื้นที่จังหวัดนครศรีธรรมราชนั้นก็พบว่า
8-8928-41.wav	เบื้องต้นมีประชาชนใน4อำเภอต้องอพยพออกจากบ้านเรือนไปพักอาศัยอยู่ในที่ทางจังหวัดจัดหาไว้ให้
8-8928-45.wav	และนี่นะครับก็เป็นสถานการณ์ล่าสุดที่เกิดขึ้นที่จังหวัดนครศรีธรรมราชนะครับ
8-8928-4.wav	สถานการณ์น้ำท่วมที่จังหวัดนครศรีธรรมราชนะครับ
8-8929-101.wav	ตรงข้ามเรือนจำพิเศษกรุงเทพนะครับบรรยากาศตอนนี้มวลชนเริ่มทยอยเดินทางมาในพื้นที่อย่างต่อเนื่องนะครับ
8-8929-109.wav	นี่คือกลุ่มเด็กนักเรียนอาชีวะครับที่เดินทางมาเป็นการ์ดในครั้งนี้
8-8929-118.wav	ดึกก็เริ่มทยอยเดินทางกันมาเรื่อย
8-8929-141.wav	เพื่อที่จะให้ผู้ชุมนุมได้เดินทางไปอ่าใช้ห้องน้ำได้อย่างสะดวกสบาย
8-8929-83.wav	จึงไม่ขอออกจากเรือนจำกลางจังหวัดเชียงใหม่
8-8932-31.wav	แต่ผมไม่เคยไปเป็นจังหวัดที่นึงทางภาคอีสานแล้วกัน
8-8932-457.wav	ชื่อนายนี้นี้บริจาคเงินเพื่อสร้างที่เนี้ยเป็นสาธารณประโยชน์
8-8933-46.wav	ภาพที่คุณผู้ชมเห็นต่อไปนี้นี่แหละภาพที่จังหวัดอ่างทองนั่นเองนะคะ
8-8934-10.wav	ซึ่งคุณผู้ชมจะเห็นว่าจุดนี้ที่ผมยืนอยู่เนี่ยด้านหลังก็ถือว่าเป็นจุดสำคัญที่จะเข้าสู่ช่วงการเดินทางเปิดประตูสู่ภาคเหนือนะครับ
8-8934-16.wav	ส่วนจังหวัดที่เกิดอุบัติเหตุสูงที่สุดในตอนนี้นะครับได้แก่จังหวัดเชียงใหม่และจังหวัดราชบุรี
8-8934-17.wav	ที่มีอุบัติเหตุเกิดขึ้นทั้งสิ้น19ครั้งจังหวัดที่มีผู้เสียชีวิตสูงสุดได้แก่จังหวัดขอนแก่นและจังหวัดลพบุรี
8-8934-19.wav	และตอนนี้ผมก็ยืนอยู่กับทางปลัดอบต.ยางตาลนะครับท่านก็มีข้อความเชิญชวนพี่น้องประชาชนแล้วก็อยากจะประชาสัมพันธ์ในการเดินทางกลับสู่ภูมิลำเนาในช่วงปีใหม่นะครับ
8-8934-8.wav	และใครหลายๆคนครับก็ถือโอกาสวันนี้เป็นการเดินทางกลับสู่ภูมิลำเนานะครับ
8-8934-9.wav	และตอนนี้ผมก็ยืนรายงานข่าวอยู่ที่จุดประจำของเขตตำบลยางตาลอำเภอโกรกพระจังหวัดนครสวรรค์นะครับ
8-8936-3.wav	วันนี้คลื่นจับตาที่ภาคใต้ตอนล่างค่ะในทะเลอ่าวไทยตอนล่างติดจังหวัดยะลาและนราธิวาสตรงนี้นะคะจะเห็นเป็นสีน้ำเงินตรงนี้ๆๆเลยค่ะ
8-8938-4.wav	ทีมข่าวเดินทางลงพื้นที่วัดมะยางตำบลหนองแค
8-8938-5.wav	อำเภอราษีไศลจังหวัดศรีสะเกษช่วงเย็นวานนี้
8-8941-25.wav	เฉพาะในพื้นที่จังหวัดปทุมธานีคือ3คดีนะคะ
8-8941-27.wav	จังหวัดนครราชสีมาอีก1คดี
8-8941-69.wav	ตำรวจนอกเครื่องแบบนายหนึ่งเดินไปที่ร้านค้าไปพูดคุยทำความเข้าใจ
8-8942-1.wav	คือเดินทางอยู่แล้วก็อ่าออกนอกประเทศไม่ได้
8-8946-19.wav	อย่างคุณพี่ท่านนี้เดินทางมาไกลจากเมืองร้อยเอ็ด
8-8946-49.wav	มีชาวบ้านเดินทางมาจากทั่วสารทิศนะครับ
8-8947-11.wav	ทั่วหาดแม่รำพึงจังหวัดระยอง
8-8951-19.wav	ต้องใช้กำลังตำรวจนับ10นาย
8-8952-10.wav	เพื่อระบายน้ำลงสู่แม่น้ำโขงอ่ะครับนี่คือบริเวณประตูทางออกศาลากลางจังหวัดริมถนน
8-8953-28.wav	บริเวณทางตอนบนของภาคนะครับแถวบริเวณจังหวัดแม่ฮ่องสอนเชียงรายเชียงใหม่
8-8953-43.wav	ตอนนี้เลื่อนมาอยู่บริเวณพื้นที่ภาคตะวันออกแถวบริเวณจังหวัดชลบุรีระยองรวมไปถึงฉะเชิงเทรานะครับ
8-8954-0.wav	ไปดูอีก1เรื่องนะครับที่จังหวัดสระบุรี
8-8956-104.wav	ตำบลทัพเสด็จอำเภอตาพระยาจังหวัดสระแก้ว
8-8956-105.wav	เมื่อเดินทางไปที่เกิดเหตุแล้วก็ได้ร่วมกับชาวบ้าน
8-8956-107.wav	ระหว่างนั้นได้มีตำรวจตระเวนชายแดนจำนวน10นาย
8-8956-22.wav	เดินทางโดยรถสายตรวจค่ะเพื่อเข้าไปช่วยเหลือชาวบ้านที่เขาถูกน้ำท่วม
8-8956-30.wav	ที่ทราบชื่อในภายหลังก็คือสังกัดค่ายทหารแห่งหนึ่งในจังหวัดปราจีนบุรี
8-8956-52.wav	นี่อำเภอตาพระยาจังหวัดสระแก้วนะคะ
8-8956-97.wav	นี่คือภาพที่เดินทางเข้ามารายงานตัวกับคณะกรรมการ
8-8959-22.wav	ถนนตรังปะเหลียนอำเภอย่านตาขาวจังหวัดตรัง
8-8959-3.wav	ส่วนที่จังหวัดตรังเนี่ยเกิดเหตุนี้
8-8959-50.wav	ส่วนที่จังหวัดประจวบคีรีขันธ์ตำรวจพบชายไทยไม่ทราบชื่อ
8-8959-54.wav	บอกว่าผู้เสียชีวิตชื่อเล่นว่านายตี๋ไม่ทราบชื่อจริง
8-8959-57.wav	เมื่อช่วงหัวค่ำได้มาตะโกนเรียกแต่ว่านายตี๋เนี่ยไม่มีเสียงไม่ตอบรับออกมา
8-8959-59.wav	แล้วก็เขย่าตัวนายตี๋นายตี๋ไม่รู้สึกตัวแล้วนะครับ
8-8959-60.wav	พระท่านเลยบอกว่าสงสัยนายตี๋จะเสียชีวิตเพราะอากาศร้อน
8-8961-15.wav	ป่าไม้ลุ่มน้ำยมจังหวัดแพร่กล่าวว่า
8-8961-55.wav	เราคงต้องปรับยุทธศาสตร์การพัฒนาจังหวัด
8-8961-5.wav	ซึ่งเป็นแหล่งกำเนิดแม่น้ำยมในจังหวัดแพร่นะคะ
8-8961-63.wav	ในส่วนของจังหวัดสุโขทัยจึงวางแผนจัดการน้ำ
8-8965-28.wav	เราไปเจอกับนายน้อยนะคะหลานชายของคุณตาเที่ยงนี่แหละ
8-8968-23.wav	ให้กับผู้ว่าจังหวัดเชียงใหม่ภายในวันไหนครับ
8-8973-0.wav	แข่งขันวอลเลย์บอลชายหาดรายการเอวีซีนะคะที่เป็นการแข่งขันรอบคัดเลือกเพื่อไปโอลิมปิกเกมส์ที่ริโอเดจาเนโรค่ะก็จัดการแข่งขันกันที่จังหวัดกาฬสินธุ์ก็เลยทำให้เด็กในจังหวัดนะคะได้มีส่วนร่วมในการแข่งขันทั้งระหว่างเกมการแข่งขันรวมถึงรับชมเกมการแข่งขันไปพร้อมกัน
8-8968-74.wav	ซึ่งกำลังติดต่อกับผู้ว่าราชการจังหวัดเพื่อขอบริจาคเงินอยู่
8-8973-16.wav	รายงานจากจังหวัดกาฬสินธุ์
8-8973-4.wav	ทั้งสองสาวเพิ่งควงคู่กันไปจังหวัดราชบุรีวาดลวดลายนักตบลูกยางบนผืนทราย
8-8976-11.wav	ที่นี่นะคะคือหมู่บ้านหนองแวงหมู่20ตำบลบ้านเพชรอำเภอบำเหน็จณรงค์จังหวัดชัยภูมิ
8-8978-8.wav	เหตุเกิดบริเวณหน้าโรงเห็ดช่างแดงในซอยเพชรหึง26อำเภอพระประแดงจังหวัดสมุทรปราการครับ
8-8979-21.wav	บ้านเอกอำเภอแม่อายจังหวัดเชียงใหม่
8-8979-47.wav	ชาวเวียดนามเดินทางไปเที่ยวยังประเทศไทยมากกว่า7แสนคน
8-8979-48.wav	ขณะเดียวกันก็พบว่าคนไทยก็นิยมมาท่องเที่ยวที่ประเทศเวียดนามเช่นกัน
8-8980-10.wav	เดินทางไปสักการะศาลหลักเมืองและองค์พ่อจตุคามรามเทพที่จังหวัดนครศรีธรรมราช
8-8980-11.wav	และต่อด้วยพานักเตะและทีมงานนะครับไปพักผ่อนเป็นการส่วนตัวที่จังหวัดภูเก็ตครับ
8-8980-5.wav	ซึ่งขบวนแห่นะครับก็นำมาโดยนายวิชัยศรีวัฒนประภาประธานสโมสร
8-8979-45.wav	ด้านนางนพสรค้าขายผู้อำนวยการการท่องเที่ยวแห่งประเทศไทย
8-8980-6.wav	และนายอัยยวัฒน์ศรีวัฒนประภารองประธานสโมสรนะครับ
8-8984-14.wav	จังหวัดเชียงใหม่ราชบุรีเกิดอุบัติเหตุสูงสุด
8-8986-60.wav	มีอีกหลายจุดหลายจังหวัดที่กำลังจะตรวจกันอยู่อย่างจริงจัง
8-8986-89.wav	แล้วประชาชนจะได้รู้ว่าอ๋อประเทศไทยขณะนี้เดินทางมาถึงจุด
8-8989-4.wav	มวยเล็กครับด้านเพชรเอกเนี่ยเก็บตัวซ้อมที่ค่ายส.ชัยรังสีอำเภอเมืองจังหวัดสมุทรสาครนะครับ
8-8989-8.wav	ซึ่งนายกอบชัยขาวพุ่มครับผู้จัดการค่ายส.ชัยรังสีก็ฝากถึงคู่ชกของเพชรเอกว่า
8-8992-20.wav	ตอนนี้มันอยู่ภูขี้เถ้าจังหวัดเลยกับเพชรบูรณ์ต่อกัน
8-8992-36.wav	แล้วก็มาที่จังหวัดเพชรบูรณ์อีกที่ภูขี้เถ้า
8-8992-37.wav	ระหว่างจังหวัดเพชรบูรณ์และที่ภูหลวงจังหวัดเลยที่ทุ่งดอกกระเจียว
8-8993-88.wav	ท่าน้ำวัดบางนางเกรงจังหวัดสมุทรปราการ
8-8996-33.wav	ที่สถานีขนส่งผู้โดยสารจังหวัดกาญจนบุรี
8-8997-14.wav	ในช่วงกลางวันฮ่ะนำวัวกลับบ้านจะเอาเข้าคอกระหว่างทางนางโบ๊ท
8-8997-16.wav	นางโบ๊ทเป็นวัวเพศเมียอายุประมาณ2ปีที่กำลังท้องนั่นแหละ
8-8997-6.wav	ในพื้นที่บริเวณตรงนี้เป็นคลองชลประทานหมู่2ตำบลบ้านอิฐอำเภอเมืองจังหวัดอ่างทอง
8-8999-2.wav	วันพรุ่งนี้ผู้ที่ถูกกล่าวหาทั้งหมดเนี่ยจะเดินทางมารับฟังคำพิพากษาหรือไม่นะคะ
8-8999-36.wav	สำหรับฐานความผิดที่นายบุญทรงและจำเลยในคดีนี้
8-8999-52.wav	โดยนายบุญทรงระบุบัญชีส่วนหนึ่งที่ถูกอายัดไปเป็นของภรรยา
8-8999-54.wav	ขณะที่นายบุญทรงระบุเงินจำนวนมากที่ถูกอายัดไว้นั้น
8-8999-7.wav	ชี้มูลความผิดนายบุญทรงเตริยาภิรมย์อดีตรัฐมนตรีว่าการกระทรวงพาณิชย์
8-8999-8.wav	นายภูมิสาระผลอดีตรัฐมนตรีช่วยว่าการกระทรวงพาณิชย์
9-9001-41.wav	ท่องเที่ยวบางคนก็ยังฝ่าฝืนอยู่ดี
9-9002-3.wav	คือตำรวจภูธรกุดจับที่จังหวัดอุดรธานีก็เปิดเผยโฉมหน้าของผู้โชคดีค่ะ
9-9005-32.wav	คุณแซคก็บอกไม่ได้ไม่ท้องคุณต้องไปชนกับแฟนคุณนู่นต้องไปชนกับผู้ชายเออนางไม่เข้าใจ
9-9006-0.wav	นำท้องถิ่นกำนันผู้ใหญ่บ้านข้าราชการฝ่ายปกครองตำรวจหมอและชาวบ้านสูงวัยในพื้นที่หมู่บ้านภูมิเจริญหมู่ที่2ตำบลหัวสำโรงอำเภอแปลงยาวจังหวัดฉะเชิงเทรา
9-9008-14.wav	ที่อำเภอเมืองจังหวัดภูเก็ต
9-9010-27.wav	ก็จะไปที่สถานีตำรวจภูธรขลุงจังหวัดจันทบุรีค่ะ
9-9010-6.wav	ผู้บังคับการตำรวจภูธรจังหวัดพระนครศรีอยุธยาค่ะ
9-9012-126.wav	เพราะอย่างที่บอกไปติดปัญหาเรื่องวีซ่าเรื่องการเดินทาง
9-9012-149.wav	นายตั้มโพสต์ด้วยนะบอกว่าผมไม่โง่นะครับ
9-9012-50.wav	เอายังไงอะนี่ต้องเดินทางไปอเมริกาอีกไหมทำวีซ่าอะไรยังไง
9-9016-21.wav	เขาเล่าหน่อยฮะน้องบอกว่าน้องกลับมาจากเดินทางแล้ว
9-9026-12.wav	ที่ตำบลบ้านครัวอำเภอบ้านหมอจังหวัดสระบุรี
9-9026-35.wav	อยู่ที่อำเภอเฉลิมพระเกียรติจังหวัดสระบุรี
9-9026-55.wav	หลังไปแจ้งความไว้มีเพียงแม่เจ้าของโต๊ะจีนเดินทางมาพบ
9-9030-24.wav	ต่ออีกหนึ่งเรื่องค่ะที่จังหวัดพระนครศรีอยุธยา
9-9030-49.wav	ส่วนที่จังหวัดปัตตานีมีลักษณะ
9-9030-56.wav	และทีมพยาบาลที่จังหวัดกระบี่ค่ะ
9-9033-0.wav	คุณผู้ชมครับที่จังหวัดนครศรีธรรมราช
9-9034-48.wav	ส่วนการเดินทางไปเที่ยวในทริปนี้
9-9034-51.wav	เป็นทริปเดินทางต่างประเทศที่จัดขึ้นปีละครั้ง
9-9034-52.wav	ปกติจะเดินทางไปช่วงของการปิดสมัยประชุมสภา
9-9034-53.wav	แล้วก็มีการจองคิวเดินทางมาเป็นปีครับ
9-9035-28.wav	กู้ภัยฉะเชิงเทราจำนวน3นาย
9-9036-25.wav	ซึ่งเป็นชื่อของทางแยกหนึ่งที่จังหวัดบุรีรัมย์แต่ก็ไม่ได้ระบุนะฮะว่า
9-9039-13.wav	ทั้งหมด5นายด้วยกันตามรายชื่อด้านบนนี้นะคะ
9-9043-18.wav	แววตานางก็แบบหืมเกรี้ยวกราดมาก
9-9046-62.wav	ในเฟซบุ๊คส่วนตัวของนายเนติวิทย์นะคะ
9-9047-0.wav	ส่วนที่จังหวัดพระนครศรีอยุธยาก็ตามหาขโมยอีกเหมือนกัน
9-9048-19.wav	เหตุการณ์เกิดขึ้นวันศุกร์ที่ผ่านมาที่ตลาดนัดคลองถมจังหวัดแพร่
9-9049-3.wav	ใช่แล้วล่ะครับไปกันที่บ้านเลขที่234หมู่ที่9ตำบลบ้านจันทร์อำเภอบ้านดุงจังหวัดอุดรธานี
9-9051-11.wav	ที่อำเภอบ้านนาจังหวัดนครนายกทีนี้พอทีมกู้ภัยได้รับแจ้ง
9-9052-26.wav	เอาส่วนที่นครราชสีมาค่ะนางสาว
9-9053-0.wav	เป็นขนมอร่อยเป็นของทานอร่อยนะครับที่เป็นเอกลักษณ์ของจังหวัดพระนครศรีอยุธยานั่นเองนะครับ
9-9053-8.wav	จึงตระเวนหาเจ้าอร่อยถูกใจที่จังหวัดพระนครศรีอยุธยา
9-9054-150.wav	เมื่อวานนี้นี่นะมีแฟนคลับเดินทางมามาให้กำลังใจทั้งลุงพล
9-9054-151.wav	ทั้งป้าแต๋นมากันเป็นร้อยอ่ะค่ะหลายจังหวัดด้วยคุณสืบสกุล
9-9055-14.wav	ก็เป็นทหารแหละครับทั้งกลุ่มเลยและประจำอยู่ที่จังหวัดนครพนม
9-9059-11.wav	ของนายพิธาลิ้มเจริญรัตน์หัวหน้าพรรคก้าวไกล
9-9059-16.wav	หานายพิธาเมื่อ26พฤษภาคม2566หรือไม่อย่างไร
9-9059-19.wav	ให้กกต.ชี้แจงกรณีที่มีผู้ยื่นคำร้องกล่าวหานายพิธาว่า
9-9059-21.wav	มีการให้นายพิธาชี้แจงข้อเท็จจริงหรือไม่อย่างไรเพราะเหตุใด
9-9059-25.wav	ให้แก่นายชาญชัยอิสระเสนารักษ์มาพิจารณาหรือไม่เพราะเหตุใด
9-9059-26.wav	และนายพิธาเคยดำรงตำแหน่งส.ส.มากี่สมัย
9-9059-28.wav	นายพิธาเคยแจ้งให้กกต.ทราบมาก่อนหรือไม่
9-9062-7.wav	ให้ชุดปฏิบัติการ7ชุดเกือบ7ชุดนี่เกือบร้อยนายค่ะ
9-9062-9.wav	แล้วก็ไปตรวจตามถ้ำต่างๆรอบบริเวณบ้านนายตระ
9-9063-22.wav	ซึ่งการทำงานช่วงนี้มันก็ทำให้เดินทางสะดวกขึ้น
9-9064-13.wav	แม้ครั้งหนึ่งเขาจะเคยเลือกเดินทางผิดพลาด
9-9065-10.wav	ไปหาเพื่อนที่จังหวัดกาญจนบุรีก็มีแค่เธอกับน้องสาวที่อยู่ชั้นล่างของบ้าน
9-9067-38.wav	ทีมข่าวเดินทางไปยังจุดเกิดเหตุนะคะคุณผู้ชมคะ
9-9067-8.wav	โรงพยาบาลสมุทรสาครจังหวัดสมุทรสาครนะคะ
9-9070-25.wav	ก็มีการระดมกำลังกว่า40นายนะเจ้าหน้าที่กว่า40นาย
9-9070-29.wav	เจ้าหน้าที่ไปพบกางเกงและรองเท้าของนายบอส
9-9070-33.wav	แม่ของบอสที่เดินทางมาจากจังหวัดตราดนี่นะบอกว่าตอนนี้ติดใจนะ
9-9073-29.wav	แล้วก็ยังเตรียมต่อยอดโครงการนี้ขยายไปยังจังหวัดอื่นๆทั่วประเทศในอนาคต
9-9073-3.wav	โดยไม่คิดค่าใช้จ่ายเลยที่โรงเรียนวัดศรีวิชัยจังหวัดชัยนาทนะคะ
9-9073-6.wav	ของโรงเรียนวัดศรีวิชัยจังหวัดชัยนาท
9-9077-103.wav	หนูมีมงตำแหน่งระดับตัวแทนประเทศไทยไม่ใช่นางงามจังหวัด
9-9077-14.wav	และโอนครั้งที่3ให้กับผู้หญิงอีกคนชื่อนางสาวตาอีก1ล้าน3หมื่นบาท
9-9077-23.wav	แล้วมีนางสาวน้ำเพชรอายุ24ปี
9-9077-28.wav	แล้วก็มีอีก1คนที่เป็นหนึ่งในผู้ต้องหาคือนางสาวตาที่รับโอนเงินไป1ล้าน3หมื่นบาทในการโอนครั้งที่3นั่นเองคุณผู้ชม
9-9077-31.wav	โดยเจ้าตัวกับนายโจเนี่ยร่วมกันจับในหวังลงไปนอนในกล่องพลาสติกที่ซื้อมาอยู่ในลักษณะท่าทางนอนตะแคง
9-9077-42.wav	ตำรวจจับกุมนางสาวตาอายุ28ปีที่ลานจอดรถหลังสพ.หัวหิน
9-9077-62.wav	ส่วนคุณน้ำเพชรหรือนางสาวเพชรดายังไม่ให้การใดๆครับ
9-9077-7.wav	นายหวังไปกักขังไว้ที่อำเภอหัวหินจังหวัดประจวบคีรีขันธ์1คืน
9-9077-87.wav	เธอก็เลยแยกย้ายจากนางสาวน้ำเพชร
9-9078-17.wav	ย่านสำโรงเหนืออำเภอเมืองจังหวัดสมุทรปราการ
9-9079-4.wav	วัดแห่งนี้เป็นวัดเก่าแก่ของจังหวัดนครนายกด้วยค่ะ
9-9083-3.wav	ว่ามันเกิดอะไรขึ้นนะครับมีบ้านหลังหนึ่งอยู่ที่จังหวัดพัทลุง
9-9083-59.wav	พร้อมด้วยหน่วยงานที่เกี่ยวข้องก็เดินทางไปที่บ้านหลังนี้นะคะ
9-9083-70.wav	ขณะนี้ก็ทางเจ้าหน้าที่ของสำนักงานสาธารณสุขจังหวัดพัทลุงนะ
9-9084-48.wav	ให้กับเหล่าสาธุชนที่เดินทางมาที่วัดอีกด้วย
9-9085-22.wav	เดินทางไปพบกับนายทักษิณชินวัตรอดีตนายกที่ฮ่องกง
9-9085-41.wav	บอกว่าการโพสต์ข้อความของนายสิริโชค
9-9085-6.wav	ภารกิจส่งท้ายรอบสัปดาห์นายกรัฐมนตรีลงพื้นที่ตรวจความเชื่อมโยงระบบการเดินทาง
9-9087-0.wav	นี่แหละค่ะเป็นเรื่องสยองที่เกิดขึ้นที่แม่น้ำแม่ปิงตรงจังหวัดกำแพงเพชรนะคะ
9-9087-9.wav	ที่จังหวัดกำแพงเพชรบอกว่าตอนนี้ตรวจสอบแล้ว
9-9090-150.wav	เมื่อทั้งสองทีมได้ขนุนกันแล้วครับเราก็ต้องรีบเดินทาง
9-9092-33.wav	เหตุการณ์นี้เกิดขึ้นที่จังหวัดอุดรธานีนะคะ
9-9092-35.wav	ฝ่ายผู้หญิงบอกว่าเดินทางไปแจ้งความกับตำรวจเป็นที่เรียบร้อยแล้ว
9-9092-55.wav	พื้นเพเป็นชาวจังหวัดอุดรธานี
9-9093-154.wav	ล่าสุดวันนี้พนักงานสอบสวนสภ.อ่าวนางจังหวัดกระบี่
9-9093-161.wav	ตอนนี้ก็หนีกันอยู่ทั้งสามคนเนี่ยนะฮะนายสุวิทย์หรือบังสันนี่มาเข้ามอบตัวแล้ว
9-9093-32.wav	ครับมาตรวจหาหลักฐานแล้วก็มาชี้จุดด้วยหรือเปล่าแล้วก็บอกว่ามีฝูงอีกาหลายสิบตัวบินวนอยู่เหนือโรงพักอ่าวนาง
9-9093-8.wav	ก็ตอนนี้รถเนี่ยถูกนำขึ้นมาจากหลุมแล้วจอดอยู่ที่หน้าสภ.อ่าวนางจังหวัดกระบี่ค่ะ
9-9094-51.wav	ก่อสร้างมาเมื่อปี56นะครับโดยสำนักงานโยธาธิการและผังเมืองจังหวัดประจวบคีรีขันธ์
9-9095-18.wav	เดินทางมาร่วมรดน้ำศพกันอย่างต่อเนื่องเลย
9-9095-3.wav	หรือว่านายมงคลอุทกวัย67ปีค่ะ
9-9098-15.wav	ยังอยู่กันที่ทุ่งนาเหมือนเดิมแต่ย้ายจังหวัดกันสักหน่อยค่ะ
9-9098-16.wav	คราวนี้อยู่กันที่จังหวัดนครราชสีมา
9-9098-2.wav	ไปกันที่แรกค่ะที่แปลงนาข้าวแปลงนี้ในจังหวัดสุโขทัย
9-9098-31.wav	อยู่ที่จังหวัดอ่างทองและก็มีถึง3ยอดด้วยกัน
9-9099-9.wav	หมู่เกาะซีมิลันจังหวัดพังงาตามที่ปรากฏเป็นภาพเป็นข่าวในโซเชียล
9-9100-8.wav	เจ้าหน้าที่ไปตรวจสอบร่างของนายยามอายุ77ปี
9-9103-36.wav	เดินทางไปหากันก็ยากเย็นเนี่ยนะคะ
9-9108-2.wav	จะเดินทางไปเตะที่ยูเออีนะครับในสนามกลางก็มีการยืนยันเบื้องต้น
9-9109-12.wav	ขณะที่ประชาชนยังคงเดินทางมาถ่ายรูปเก็บบรรยากาศกันอยู่
9-9109-19.wav	ที่ทางจังหวัดได้มีการประชุมตั้งแต่เมื่อคืนที่ผ่านมา
9-9112-154.wav	การที่เราจะวางให้คนเดินทางเข้ามาท่องเที่ยวได้
9-9112-168.wav	เส้นทางการเดินทางเขาจะเดินทางจากไหนไปไหน
9-9112-170.wav	ท่องเที่ยวที่ไหนเส้นทางเดินทางเป็นยังไง
9-9112-213.wav	ซึ่งไม่ได้กันแค่เฉพาะคนเดินทางอย่างเดียว
9-9112-217.wav	ถ้าจะมีการเดินทางเข้ามาท่องเที่ยวของนักท่องเที่ยวจริงๆเนี่ย
9-9112-257.wav	เราจะคุยกับนายกสมาคมธุรกิจการท่องเที่ยวจังหวัดภูเก็ต
9-9112-272.wav	อันนี้ก็เป็นประเด็นที่ที่ต้องเข้าใจแต่ว่าจังหวัดอื่นเนี่ยอาจจะมีอุตสาหกรรมอื่นที่ที่ซัพพอร์ตอยู่รองรับอยู่
9-9112-275.wav	ตัวที่ทำให้เกิดการเดินทางเข้ามาบ้างเราคงไม่ได้คาด
9-9112-304.wav	สมมุตินักท่องเที่ยวเดินทางมา5วัน
9-9112-309.wav	ว่าสามารถที่จะรับนักท่องเที่ยวได้อย่างสบายใจ
9-9112-318.wav	ก็จะสามารถจะท่องเที่ยวได้
9-9112-412.wav	เดินทางมาแล้วจะช่วยให้เศรษฐกิจมันเดินต่อไปได้
9-9112-440.wav	จริงๆรออยู่ทุกจังหวัดแหละค่ะคุณผู้ชมนะคะ
9-9112-302.wav	ได้ว่าคนที่เดินทางมาเนี่ยไม่มีเชื้อจริงๆไม่ใช่
9-9112-464.wav	คุณกับฉันตกลงกันว่าอ่าเราจะเดินทางไปมาหาสู่กันได้
9-9112-484.wav	ในการที่จะหย่อนผ่อนให้การเดินทางเนี่ย
9-9113-2.wav	เราจะพาท่านผู้ชมไปที่จังหวัดอ่างทอง
9-9115-2.wav	วันนี้ก็เป็นทิดสมปองและนายสมปองนครไธสง
9-9115-44.wav	นายสมปองนครไธสงเข้าพักแล้วมีเรื่องเคลียร์น่องเคลียร์นี่มันผิดกฎหมายพักการเมืองหมด
9-9115-7.wav	นี่ตอนที่เดินทางมาถึงนะครับเป็นร้านอาหารแห่งหนึ่ง
9-9116-11.wav	รวมทั้งท่าทีเกี่ยวกับเรื่องของนางสาวยิ่งลักษณ์ชินวัตรด้วยนะครับ
9-9116-33.wav	รองนายกรัฐมนตรีและรัฐมนตรีว่าการกระทรวงกลาโหม
9-9116-47.wav	อะและนายอุตมะสาวนายน
9-9117-157.wav	ตายในห้องพักโรงแรมที่ตำบลทัพเที่ยงอำเภอเมืองจังหวัดตรัง
9-9117-161.wav	ถูกกดน้ำตายที่อำเภอเมืองจังหวัดอุดรธานี
9-9117-162.wav	เห็นไหม2จังหวัดเลยจังหวัดตรังไปที่ใต้ก็กลับมาที่อีสาน
9-9117-340.wav	เหตุเกิดนี้ที่จังหวัดนนทบุรีครับ
9-9117-70.wav	เดินทางไปยังกองกำกับการสืบสวนสอบสวนตำรวจภูธรภาค3
9-9117-758.wav	มีคนมาตั้งโพสต์เนี่ยฮะอยู่ที่ริมถนนสุขสวัสดิ์นะครับเป็นวัดแหลมฟ้าผ่าจังหวัดสมุทรปราการ
9-9117-898.wav	ละครนางเพิ่งดังๆไปไม่ใช่เหรอเธอ
9-9118-22.wav	ค่ะวัดแห่งหนึ่งในอำเภอเมืองจังหวัดอ่างทองนะฮะ
9-9118-82.wav	เพราะว่ายังเป็นเด็กกันวันนี้ก็มีเจ้าหน้าที่พัฒนาสังคมและความมั่นคงของมนุษย์จังหวัดอ่างทอง
9-9124-9.wav	หากตำรวจนายใดเสนอข้อมูลที่แจ้งมาก็จะตรวจสอบว่าเป็นไปตามที่ชี้แจงหรือไม่
9-9126-104.wav	แม่ของนายแมนค่ะวันนี้ตำรวจเชิญตัวไปเกลี้ยกล่อมลูกชายนะคะ
9-9126-107.wav	แล้วก็ไปศาลจังหวัดนครปฐมกับลูกชาย
9-9126-114.wav	ยืนยันว่านายแมนไม่เคยเสพยาเสพติด
9-9126-18.wav	ช่วงที่นำตัวส่งศาลฝากขังผลัดแรกที่ศาลจังหวัดนครปฐมก็โวยวายๆไม่หยุดค่ะ
9-9126-19.wav	ตำรวจใช้กำลังกว่าสิบนายคุมตัวนายแมนขึ้นรถคุมขังเพื่อส่งศาล
9-9126-225.wav	วันนั้นนายแมนนี่ไปเอ่ยชื่อผมนี่มันเอ่ยมั่วเลยหรืออะไรก็ว่ากันไป
9-9129-32.wav	เมื่อตำรวจกว่า10นายมาถึงก็พยายามเข้าจู่โจม
9-9129-9.wav	ในซอยทุ่งสะ2ตำบลเสม็ดอำเภอเมืองจังหวัดชลบุรีนะครับ
9-9130-17.wav	เดินทางมาตามความตั้งใจทั้งครอบครัวเลยคุณผู้ชม
9-9130-1.wav	เมื่อวานนี้นะคะครอบครัวอาต้อยเศรษฐาเนี่ยเดินทางไปทำบุญที่วัด
9-9130-9.wav	ก็หลานชายของอาต้อยนี่แหละค่ะเดินทางไปทำบุญนะคะ
9-9133-5.wav	ตั้งอยู่ที่หมู่ที่2ตำบลจอหออำเภอเมืองจังหวัดนครราชสีมาครับ
9-9134-7.wav	พรรคประชาชาติเป็นตัวแทนมารับหนังสือค่ะนายพริษฐ์บอกว่า
9-9135-9.wav	สัตหีบจังหวัดชลบุรีเรื่องนี้ให้ผู้รับเหมาดำเนินการก่อสร้างสะพานลอยไปก่อน
9-9136-30.wav	ดังนั้นใครที่จะเดินทางไปบริเวณดังกล่าวในช่วงกลางสัปดาห์
9-9137-23.wav	นี่นะคะเป็นพิธีกรรมโบราณนะคะของชาวไทยยวนที่อาศัยอยู่ที่อำเภอสีคิ้วจังหวัดนครราชสีมานะคะ
9-9139-22.wav	ของคดีต่างๆรายละเอียดต่างๆนะครับคุณปารีณาบอกว่านาย
9-9139-27.wav	ทนายความของนางสาวปารีณาบอกว่ายอมรับว่ากังวลกับคดีนี้
9-9139-30.wav	แต่ก็มีคำถามว่าตอนนี้ตำรวจดำเนินคดีกับนางสาวปารีณาเรื่อง
9-9139-32.wav	มาว่านางสาวปารีณาไม่ผิดแล้วจะเอายังไงต่อค่ะแล้วจะทำยังไง
9-9139-34.wav	ชี้แจงว่าเมื่อมีผู้ร้องเรียนนางสาวปารีณาว่าเข้าไปยึด
9-9139-41.wav	จึงได้พิจารณาเพราะนางสาวปารีณาเป็นผู้แทนราษฎรเกี่ยวข้อง
9-9139-6.wav	ขณะเดียวกันนะครับวันนี้นางสาวปารีณาได้โพสต์ข้อความทาง
9-9141-20.wav	มันเป็นทางลาดลึกลงไปก่อนจะถึงหน้าผาเขานางนอน
9-9141-48.wav	บอกว่าเดี๋ยวจะไปเที่ยวเขานางนอนให้ได้
9-9141-4.wav	ทีนี้ก็หายไปในป่าในเขานางนอนเทือกเขานางนอน
9-9141-65.wav	ก่อนถึงหน้าผาเขานางนอน
9-9144-125.wav	ข้อ8เขตท่องเที่ยวพิเศษครับ
9-9144-34.wav	ส่วนนายชัยเกษมนิติสิรินะครับซึ่งเป็นถือว่าเป็นหนึ่งแคนดิเดต
9-9144-44.wav	ที่สนามกีฬาบ้านหมี่ในอำเภอบ้านหมี่จังหวัดลพบุรีค่ะ
9-9144-45.wav	พรรคพลังประชารัฐนำโดยนายสนธิรัตน์สนธิจิรวงศ์
9-9144-4.wav	ผู้สมัครเริ่มเดินทางเข้ามาเพื่อจะสมัครกันแล้วนะครับ
9-9144-63.wav	หลังจากนั้นนายสนธิรัตน์ก็ทำการปักธง
9-9144-73.wav	นายสุริยะจึงรุ่งเรืองกิจนายสมศักดิ์เทพสุธิน
9-9144-74.wav	นายพุทธิพงษ์ปุณณกันต์นายวิรัติรัตนเศรษฐ
9-9144-75.wav	นายสันติพร้อมพัฒน์นายสุพลฟองงาม
9-9144-78.wav	รวมถึงนายเอกราชช่างเหลาด้วยนะครับ
9-9144-80.wav	อาจจะมีปัญหาเพราะมีรายชื่อของนายณัฐพลทีปสุวรรณ
9-9150-32.wav	ใช่ตอนนี้เดินทางเดินสายกราบปู่อยู่
9-9152-13.wav	ซื้อต้นกุหลาบและปุ๋ยมาจากงานบุญเบิกฟ้าและกาชาติจังหวัดมหาสารคาม
9-9153-42.wav	นำโดยนายธนาธรจึงรุ่งเรืองกิจค่ะลงพื้นที่สยามสแควร์ไปขอบคุณเยาวชน
9-9153-46.wav	ที่นายธนาธรจะต้องเดินทางมารายงานตัวตามหมายเรียกความผิดตามมาตรา116
9-9153-5.wav	เลือกตั้งที่3จังหวัดขอนแก่นอืมแล้วก็ให้มีการเลือกตั้งใหม่
9-9153-6.wav	จำนวน6หน่วยเลือกตั้งใน5จังหวัดประกอบด้วย
9-9155-18.wav	ที่เขื่อนอุบลรัตน์จังหวัดขอนแก่น
9-9159-13.wav	ผู้กำกับการโรงพักภูเรือจังหวัดเลย
9-9159-24.wav	และชาวนาไทยที่จังหวัดขอนแก่น
9-9159-25.wav	งานนี้มีนายสมศักดิ์จังตระกุล
9-9160-2.wav	เขามาแจ้งความบอกว่าเขาเนี่ยเดินทางมาผ่านสนามบินสุวรรณภูมินี่แหละ
9-9160-6.wav	ตำรวจภูธรท่าอากาศยานสุวรรณภูมิจังหวัดสมุทรปราการพร้อมด้วยเจ้าหน้าที่การท่าอากาศยานสุวรรณภูมิเนี่ยนะคะ
9-9160-8.wav	หลังจากที่ได้รับแจ้งจากหญิงชาวญี่ปุ่นวัย49ปีที่เดินทางมาจากสนามบินฮาเนดาประเทศญี่ปุ่น
9-9168-27.wav	แล้ววันนี้เองคุณเจจะเดินทางไปที่จุดที่คุณแตงโมเสียชีวิต
9-9172-11.wav	จอดอยู่ริมถนนนาทุ่งตำบลนาทุ่งอำเภอเมืองจังหวัดชุมพร
9-9172-1.wav	เธอไปประสบเหตุที่จังหวัดชุมพรก็ยังไม่รู้เนี่ยว่ามันเกิดอะไรขึ้น
9-9173-11.wav	ในพื้นที่จังหวัดขอนแก่นนะคะโดยเฉพาะร้านปาริตาหมูสดอยู่ในภายตลาดสด
9-9173-21.wav	ก็เลยทำให้นี่คะเขียงหมูตรงนี้ในพื้นที่ตลาดสดของจังหวัดขอนแก่นเนี่ย
9-9176-0.wav	และวันนี้ถือว่าเป็นวันที่6ของการเดินทางเข้ามาถวายสักการะเบื้องหน้าพระบรมฉายาลักษณ์
9-9176-16.wav	ซึ่งปริมาณประชาชนที่เดินทางมาที่นี่
9-9176-30.wav	ขณะที่ประชาชนยังคงเดินทางมาที่พระบรมมหาพระราชวังกันอย่างเนื่องแน่น
9-9176-45.wav	หากใครจะเดินทางมาที่นี่ก็ขอให้พกร่มติดตัวมาด้วยครับ
9-9176-4.wav	ก็สะท้อนให้เห็นว่ายังคงมีการเดินทางเข้ามาของพสกนิกรอย่างต่อเนื่องครับ
9-9176-9.wav	พสกนิกรนับพันคนได้เดินทางมาต่อแถว
9-9177-26.wav	และเป็นธุรกิจรายใหญ่ของจังหวัดสุพรรณบุรีด้วย
9-9177-2.wav	ไปบ้านแฟนสาวที่ชัยนาทนะคะแล้วก็พากันไปที่จังหวัดนครสวรรค์
9-9177-68.wav	วัดใหม่คูเมืองที่จังหวัดสุพรรณบุรีบรรยากาศแน่นอนไม่ต้องพูดถึงนะคะ
9-9177-72.wav	แล้วสุดท้ายแล้วลูกก็ทำตามก่อนที่จะเดินทางออกจากบ้าน
9-9178-11.wav	ซึ่งจังหวัดที่ได้รับความเสียหายจากภัยแล้งสูงสุด
9-9184-14.wav	ก็เลยเดินทางไปหาอาจารย์แอ้ที่บ้านเทวานาคราชจังหวัดอุบลราชธานี
9-9184-40.wav	เขามีการเปิดนะฮ่ะพิธีกรรมต่างที่จังหวัดอุบลราชธานีก่อน
9-9185-209.wav	ขอให้จังหวัดเตรียมความพร้อมโรงพยาบาลสนามไว้นะคะ
9-9185-23.wav	ซึ่งแต่ละจังหวัดนั้นก็กระจายๆกันไปมากน้อยก็แตกต่างกันนะ
9-9185-24.wav	แต่ว่าทั้งหมดนั้น20จังหวัดจากคลัสเตอร์สถานบันเทิงย่านทองหล่อ
9-9185-36.wav	นายศักดิ์สยามชิดชอบครับรัฐมนตรีอ่าว่าการกระทรวงคมนาคม
9-9185-39.wav	วงการตำรวจนะฮะก็มีบช.น.18นายรวมตำรวจสน.ทองหล่อด้วย
9-9185-40.wav	ที่ไปปฏิบัติหน้าที่ที่สถานบันเทิงย่านทองหล่อด้วยสตมหนึ่งนาย
9-9185-61.wav	มินเป็นพริตตี้มอเตอร์โชว์นะฮะแล้วก็หลินเป็นพริตตี้อยู่ที่จังหวัดชลบุรี
9-9185-66.wav	ส่วนสภ.รัตนาธิเบศร์นะฮะต้องเรียกตำรวจประจำโรงพัก197นายไปตรวจโควิด-19เป็นการด่วนอือเพราะอะไร
9-9185-32.wav	ข้าราชการผู้ว่าการรถไฟครับนายนิรุฒมณีพันธ์ครับ
9-9185-67.wav	ไปเจอว่ารองผู้กำกับติดโควิด-19หลังจากเดินทางไปเที่ยว
9-9185-69.wav	มีการฉีดพ่นยาฆ่าเชื้อมีตำรวจสุ่มเสี่ยงทั้งหมด31นายกักตัวอยู่14วัน
9-9185-70.wav	โดยโรงพักรัตนาธิเบศร์นั้นไม่ได้ปิดทำการครับประชาชนยังเดินทางไปแจ้งความร้องทุกข์ได้เหมือนเดิม
9-9190-49.wav	แล้วก็ขับไปตระเวนตามจังหวัดต่างเพื่อไปก่อเหตุลักเล็กขโมยน้อยก่อเหตุขโมยข้าวของ
9-9191-1.wav	เรื่องนี้เกิดขึ้นที่จังหวัดเชียงใหม่คุณผู้ชมค่ะ
9-9191-48.wav	ทีนี้ผู้สื่อข่าวก็รายงานแบบนี้นะคะว่าครอบครัวของนางกะเนี่ย
9-9196-49.wav	เจอแน่นอนประมาณสักหนึ่งทุ่มนะคะแถบจังหวัดของภาคกลางนะคะ
9-9200-28.wav	แล้วพอจบรายการค่ะพี่หนุ่มกรรชัยรีบเดินทางไปโรงพยาบาลทันทีเลยนะฮะ
9-9203-19.wav	อำเภอมหาชนะชัยจังหวัดยโสธรครับ
9-9203-1.wav	ที่จังหวัดยโสธรค่ะที่ชาวบ้านยางน้อยนะคะ
9-9204-22.wav	อย่างที่บอก2จังหวัดนี้ทางภาคอีสานเขามีความเชื่อมโยงกันอยู่นะครับ
9-9204-3.wav	เขาว่ากันว่าเป็นแหล่งอารยธรรมของสองจังหวัดในภาคอีสานครับ
9-9206-47.wav	ตอนนี้น้ำในแม่น้ำเจ้าพระยาก็ไหลผ่านจังหวัดปทุมธานีเข้าสู่อำเภอปากเกร็ดแล้วนะคะ
9-9206-52.wav	นายสุธีทองแย้มผู้ว่าราชการจังหวัดนนทบุรีได้ออกประกาศเขตพื้นที่ประสบสาธารณภัย3อำเภอนะคะ
9-9207-14.wav	ก็อยู่ที่ว่านายบอลเนี่ยจะขอยื่นประกันตัวในชั้นศาล
9-9210-29.wav	และเมนูยำขนมจีนจากร้านส้มตำป้านาง
9-9210-40.wav	แต่สำหรับคุณน็อตไม่ว่าจะเดินทางออกจากบ้านเมื่อไหร่ก็อุ่นใจทุกครั้ง
9-9210-44.wav	เรียกได้ว่าเดินทางเมื่อไหร่เนี่ยก็อุ่นใจและปลอดภัยเป็นสองเท่าเลยนะคะ
9-9211-1428.wav	ผมก็ยิ่งสงสัยหนักนี่พอฟังนายกรัฐมนตรีพูดปั๊บ
9-9211-1538.wav	ฉีดซีโนแวคนายกนำหน้า
9-9211-1863.wav	กับนายกรัฐมนตรีผมอาจจะไม่มีความหวัง
9-9211-2.wav	สมาชิกสภาพผู้แทนราษฎรจังหวัดมหาสารคามพรรคเพื่อไทยครับ
9-9211-310.wav	อยู่ที่บ้านผมอยู่ตามชนบทอยู่ตามจังหวัดวันนี้
9-9213-7.wav	ขับรถไปแล้วตำรวจโรงพักทุ่งใหญ่นครศรีธรรมราช2นาย
9-9214-23.wav	แต่สุดท้ายนายโจเนี่ยเสียชีวิตในเวลาต่อมา
9-9214-29.wav	ก่อนเกิดเหตุกลุ่มของเขาและนายโจ
9-9214-36.wav	นายโจไม่รู้จักกับคู่กรณี
9-9214-57.wav	และกล้องท้ายรถของรถฟอร์จูเนอร์ของนายโจค่ะ
9-9214-52.wav	ตอนนั้นนายโจเนี่ยก็อยู่ในรถคนเดียวนะ
9-9214-50.wav	แต่นายโจเนี่ยยังไม่ลงมาจากรถ
9-9214-43.wav	เพราะนายโจซึ่งเป็นชาวลาว
9-9214-40.wav	กลุ่มของเขาและนายโจก็คือผู้ตายเนี่ย
9-9216-61.wav	บอกว่านายกเนี่ยนะกำชับเรื่องนี้มาแล้ว
9-9216-88.wav	หมายเลข1506หรือว่าติดต่อที่สำนักงานประกันสังคมจังหวัดที่ตนเองอยู่นะฮะ
9-9220-27.wav	นี่ครับท่านผู้ชมครับนายอาทิตย์กับนายมงคล
9-9220-7.wav	จังหวัดนครปฐมลูกชายก็ถ่ายคลิปไว้ค่ะระหว่างที่แม่ถูกทวงหนี้ถีบประตงถีบประตู
9-9222-0.wav	ทีมบอลหญิงของไทยที่ชื่นมื่นไปแล้วนะครับหลังจากที่เดินทางไปที่อังกฤษ
9-9222-9.wav	ซึ่งสาวไทยนะครับอยู่ระหว่างการเดินทางกลับจากอังกฤษแล้วก็กลับมาปุ๊บเนี่ยก็จะมีเวลาพักผ่อนไม่มากนะครับ
9-9223-11.wav	คือชาวบ้านกับบรรดานักเสียงเสี่ยงโชคเนี่ยเดินทางมาทั้งมาขอโชคขอลาบลาภ
9-9224-10.wav	ในการทำงานในป่าเขากว่าร้อยนาย
9-9224-122.wav	แต่ว่าทุกนายก็ปลอดภัยดีนะคะ
9-9224-12.wav	ควบคู่ไปกับการจัดกำลังผสมจากโรงพักต่างๆในพื้นที่จังหวัดพัทลุง
9-9224-24.wav	ขณะที่นายนกและนายพริกสมุนคนสนิทของเสี่ยแป้งที่ยังหลบหนีในวันที่ตำรวจปะทะกับเสี่ยแป้ง
9-9224-28.wav	ในตอนบ่ายเมื่อช่วงบ่ายที่ผ่านมาตำรวจกองบังคับการตำรวจภูธรจังหวัดพัทลุงกว่า30นาย
9-9224-53.wav	มีคนพามาชื่อว่านายนกกับนายพริกครับ
9-9224-56.wav	หลังจากนั้นก็ติดต่อนายนกและนายพริกไม่ได้อีกเลยนะครับ
9-9224-92.wav	ก็เดินทางจากอ่างเก็บน้ำคลองหัวช้างที่พัทลุง
9-9226-24.wav	นายละอองนี่แหละเจ้าของบ้าน
9-9227-2.wav	ที่เกิดเหตุเป็นป่ารกร้างริมถนนมิตรภาพแยกชุมชนคุรุสภาตำบลบ้านใหม่อำเภอเมืองจังหวัดนครราชสีมานะครับ
9-9231-11.wav	ที่โรงพยาบาลพระนั่งเกล้าจังหวัดนนทบุรี
9-9232-30.wav	บอกว่าสำนวนคดีผู้กำกับโจ้กับพวกรวม7นายเนี่ยนะ
9-9232-39.wav	และตำรวจภูธรจังหวัดนครสวรรค์มาโดยตลอด
9-9232-57.wav	หากพบว่ามีตำรวจนายใดมีประวัติหรือพฤติกรรมไม่ดี
9-9233-11.wav	ให้ทุกคนรู้ว่าตอนนี้สามารถท่องเที่ยวได้แล้วนะ
9-9233-5.wav	แต่ว่าเจอพิษโควิด-19ก็เลยทำให้ต้องพักการเดินทางไป
9-9234-9.wav	ทำให้จังหวัดนั้นเองตามภาพที่เห็นคุณผู้ชมนะคะ
9-9235-45.wav	พาไปร้องเรียนศูนย์ดำรงธรรมจังหวัดนนทบุรี
9-9238-14.wav	ส่วนรัฐบาลเนี่ยนายกครม.ก็ยังรักษาการอยู่นะครับ
9-9240-16.wav	ที่เจ้าบ่อยากจำที่ร้องเพลงนี้นะครับไม่ได้อกหักเลยครับความรักยังดีอยู่นะครับแต่ว่าตอนนี้ผมอยู่ที่อำเภอพนมไพรจังหวัดร้อยเอ็ดและคนร้องเพลงนี้ก็คือคุณบอยพนมไพรเป็นคนที่นี่แหละครับตอนนี้มียอดวิวถึง130ล้านวิวอยู่ในยูทูปเลยนะครับโอ้โหกำลังดังในโลกออนไลน์เลยก็ต้องร้องซะหน่อย
9-9240-184.wav	ข้าวโพดในคราวนี้พาไปที่จังหวัดสระบุรี
9-9240-196.wav	ตอนนี้นะครับผมอยู่ที่อำเภอพระพุทธบาทจังหวัดสระบุรี
9-9240-38.wav	เดินทางปลอดภัยครับผมก็อยากให้ทุกสี่แยกนั่นแหละ
9-9241-29.wav	ในพื้นที่จังหวัดพัทลุงนะครับอืม3วัดด้วยกันคุณผู้ชมครับ
9-9241-38.wav	ในอำเภอควนขนุนจังหวัดพัทลุงนะครับทางผู้สื่อข่าวของเรานะครับ
9-9243-34.wav	ที่ถนนบ้านสันดรอำเภอเมืองจังหวัดลำพูน
9-9245-21.wav	เป็นชายไทยอายุ45ปีเป็นชาวจังหวัดนราธิวาสค่ะ
9-9245-24.wav	ทั้งเดินทางไปร่วมพิธีทางศาสนา
9-9253-12.wav	เขาบอกว่ามันเกิดขึ้นที่ศูนย์ราชการจังหวัดเชียงใหม่
9-9254-20.wav	นางสาวออมนามสมมุติอายุ18ปีซึ่งตอนนั้นเนี่ยถูกส่งตัวไปที่
9-9254-24.wav	แต่นางสาวออมเนี่ยปฏิเสธไม่ยอมนอน
9-9254-65.wav	ฝากขังต่อศาลจังหวัดนนทบุรีในวันนี้
9-9254-62.wav	นางสาวออมแล้วก็แฟนหนุ่มอายุสักประมาณ23ปีเนี่ยนะคะคือ
9-9254-39.wav	สอบปากคำผู้หญิงเนี่ยก็คือนางออมเนี่ยนะคะ
9-9254-36.wav	เข้าจับกุมนางสาวออมพร้อมกับแฟนหนุ่ม
9-9254-33.wav	ของนางสาวออมเนี่ยมันไปตรงกับเด็กทารก
9-9256-5.wav	ก็เดินทางไปพร้อมกับทีมแพทย์ไปตรวจสอบที่เกิดเหตุก็คือ
9-9256-6.wav	ภายในลำน้ำมินบ้านแสนสุขตำบลนาปรังอำเภอปงจังหวัดพะเยา
9-9259-26.wav	แล้วก็ระยะเวลาในการเดินทางค่ะ
9-9260-32.wav	เออตำรวจเลยบอกเอาอย่างนี้อายัดร่างเด็กไว้เลยส่งไปผ่าชันสูตรหาสาเหตุการเสียชีวิตอย่างละเอียดที่โรงพยาบาลศรีนครินทร์จังหวัดขอนแก่น
9-9260-9.wav	สำหรับพ่อเลี้ยงค่ะตำรวจสภ.กุฉินารายณ์จังหวัดกาฬสินธุ์
9-9263-12.wav	จังหวัดนนทบุรีตอนนี้อัปเดตแบบนี้ค่ะเจ้าตัวปลอดภัยนะคะ
9-9263-14.wav	เป็นอาสามูลนิธิป่อเต็กตึงจังหวัดนนทบุรีเล่าบอกว่า
9-9265-106.wav	ผมเดินทางมาต่างประเทศพักผ่อนกับเพื่อนๆอย่าทึกทักว่าผมไปพบใครที่ไหนในยามนี้
9-9265-17.wav	ทางนายสนธิรัตน์ยังมั่นใจว่าพรรคพลังประชารัฐ
9-9265-75.wav	และนายอนุทินชาญวิรากูลหัวหน้าพรรคภูมิใจไทย
9-9265-87.wav	มีนายถาวรเสนเนียมเป็นแกนนำก็มีการหารือแลกเปลี่ยนให้กำลังใจผู้สมัครส.ส.ที่สอบได้และสอบตกของพรรคประชาธิปัตย์
9-9266-0.wav	นะคะว่าจะพูดถึงการลงพื้นที่จังหวัดพระนครศรียุธยาของร้อยเอกธรรมนัฐพรหมเผ่าเลขาธิการพรรคพลังประชารัฐ
9-9266-34.wav	จังหวัดพระนครศรีอยุธยา
9-9270-14.wav	ร้อยตำรวจรีส่งพร้อมด้วยตำรวจอีก2นาย
9-9270-11.wav	ส่งตวยกระโทกรองสารวัตรสืบสวนสถานีตำรวจภูธรจังหวัดนครราชสีมา
9-9270-36.wav	ส่งกำลังคอมมานโด20นายลงพื้นที่ไป
9-9270-42.wav	นี่นะคะเจ้าหน้าที่เอาถุงเท้าเอาเสื้อยืดของนาย
9-9271-2.wav	ก็เดินทางไปชมเกมไทยลีกนัดที่23ที่ราชบุรีเอฟซีเปิดบ้านต้อนรับ
9-9272-27.wav	ทุกคนที่เดินทางเข้ามาต้องถูกกักตัวเป็นเวลา14วัน
9-9272-4.wav	มีผู้ชายคนหนึ่งเป็นชาวจังหวัดศรีสะเกษ
9-9272-5.wav	เป็นคนงานก่อสร้างเดินทางเข้าไปที่ตำบลโคกสะอาดจังหวัดสุรินทร์
9-9276-44.wav	ไปที่วัดริมขานอำเภอแม่วางจังหวัดเชียงใหม่ครับนี่
9-9282-4.wav	ที่จังหวัดนครปฐม
9-9284-13.wav	จังหวัดเองได้เนรมิตพื้นที่บริเวณศาลหลักเมืองขอนแก่นให้เข้ากับบรรยากาศตรุษจีน
9-9287-21.wav	ตำรวจสภ.บางกรวยจังหวัดนนทบุรีไปตรวจสอบเหตุ
9-9289-0.wav	ติดความพร้อมของทีมชาติไทยครับเดินทางไปที่เชียงใหม่เรียบร้อยแล้วนะครับ
9-9289-8.wav	ทั้งชนาธิปสรงกระสินธ์สุภโชคสารชาติก็เดินทางมาสมทบกับทีมตรงนี้อะนะครับ
9-9296-28.wav	โรงเรียนเตรียมอุดมศึกษาที่อำเภอสว่างแดนดินจังหวัดสกลนคร
9-9296-34.wav	เพื่อไปแข่งระดับโรงเรียนมัธยมของจังหวัดอุดรธานีด้วยนะครับ
9-9305-68.wav	ในแต่ละวันจะมีนักท่องเที่ยวมากกว่าหนึ่งพันคนเดินทางมาที่นี่เพื่อจับจ่ายสินค้าที่ระลึกและเยี่ยมชมวัฒนธรรมท้องถิ่น
9-9307-10.wav	คุณผู้ชมคะนี่แหละค่ะอะลองไปดูนายคนนี้
9-9310-12.wav	ก็ได้เดินทางไปแจ้งความที่กองบังคับการปราบปรามการกระทำความผิด
9-9311-6.wav	ตำบลปากน้ำอำเภอละงูจังหวัดสตูล
9-9312-13.wav	มีมารดาเป็นชาวพม่าอืมเกิดและเติบโตที่จังหวัดระนอง
9-9312-14.wav	พ่อกับแม่เป็นแรงงานชาวต่างด้าวที่มาทำงานในพื้นที่จังหวัดระนองค่ะ
9-9312-31.wav	เริ่มแรกแข่งขันระดับภาคที่โรงเรียนดีบุกพังงาวิทยายนจังหวัดพังงา
9-9312-39.wav	หรือไม่ก็2ก็ต้องยอมถูกตัดสิทธิ์ออกจากการเดินทางไป
9-9312-42.wav	พลอยบอกว่าน้องพลอยไปยื่นขอเอกสารเดินทางคนต่างด้าว
9-9312-44.wav	แต่ทางปลัดอำเภอที่เธออยู่เนี่ยนะอยู่ที่จังหวัดระนองเนี่ย
9-9312-52.wav	ทั้งๆที่ก็สามารถเดินทางไปสร้างชื่อเสียงให้กับประเทศได้
9-9312-57.wav	พยายามต่อสู้ให้เพื่อให้เดินทางไปได้
9-9312-82.wav	แล้วก็ส่งไปให้ทางอำเภอแล้วก็ทางจังหวัดด้วยแล้วก็ส่งไปกระทรวงมหาดไทยนี่แหละค่ะ
9-9312-8.wav	อยู่ม.4เนี่ยเปิดเทอมเนี่ยจะขึ้นม.5แล้วนะครับอยู่โรงเรียนสตรีระนองที่จังหวัดระนองนะฮะ
9-9313-44.wav	ท่านค่ะแนะนำคนเดินทางช่วงนี้หน่อยค่ะยังไงดีคะเพื่อลดอุบัติเหตุนะคะ
9-9315-205.wav	ที่วัดที่จังหวัดราชบุรีเป็นป้ายเงินบริจาคครับ
9-9317-24.wav	และสลายตัวในบริเวณจังหวัดสุโขทัยในวันนี้
9-9317-26.wav	แต่ว่าเราก็ต้องจับจ้องมองไปถึงจังหวัดตากด้วย
9-9317-45.wav	แยกรายภาครายจังหวัดเลยนะฮะ
9-9317-58.wav	ภาคกลางเนี่ยก็9จังหวัดนะฮะ
9-9319-3.wav	ทำให้เจ้าหน้าที่ในพื้นที่จังหวัดตรังนะคะ
9-9321-26.wav	พอคุณแม่รู้เรื่องปุ๊บก็รีบเดินทางกลับจากกรุงเทพมาดูลูกเลยนะคะ
9-9323-7.wav	อยู่ในรถกระบะนั่งอยู่ในท้ายกระบะกันนะคะริมถนนมิตรภาพในปั๊มน้ำมันที่อำเภอพลจังหวัดขอนแก่นนะคะ
9-9326-67.wav	เป็นจุดท่องเที่ยวที่ถือว่าเป็นจุดไฮไลท์สำคัญ
9-9326-94.wav	สำหรับท่านผู้ชมที่เห็นแล้วอยากไปท่องเที่ยวบ้าง
9-9326-98.wav	เท่านี้คุณก็สามารถท่องเที่ยวได้
9-9332-105.wav	จะต่อสู้ขัดขืนนายแหบ
9-9332-102.wav	ก่อนที่นายแหบจะเห็นเด็กหญิงวัย9ขวบเดินเล่นอยู่ละแวกนั้น
9-9332-116.wav	ระดมกำลังกันกว่า50นาย
9-9332-21.wav	อำเภอปักธงชัยจังหวัดนครราชสีมา
9-9332-87.wav	ชาวบ้านกว่า200คนออกค้นหานายแหบเนี่ยกว่า3ชั่วโมง
9-9332-89.wav	ต่อการค้นหาแล้วก็ตำรวจคาดว่าคนร้ายหรือว่านายแหบเนี่ย
9-9333-13.wav	ป.4ครับโรงเรียนตำรวจตระเวนชายแดนบ้านลาดเรืออำเภอชาติตรการจังหวัดพิษณุโลก
9-9335-3.wav	นอกจากจะขออวยพรวันเกิดย้อนหลังน้องนายเมื่อวานนี้
9-9335-6.wav	นี่นะคะน้องนายก็เลยถือโอกาสทำบุญครั้งใหญ่ค่ะ
9-9336-11.wav	เป็นภาพที่จังหวัดนครศรีธรรมราชค่ะ
9-9336-18.wav	นายบุญเหลือกล่าวว่าเขาพิการเดินไม่ได้
9-9336-25.wav	ส่วนทางด้านของนายจำเริญทิพยพงศ์ธาดาผู้ว่าราชการจังหวัด
9-9336-28.wav	ส่วนที่จังหวัดสุราษฎร์ธานีนะคะมีเหตุฉุกเฉินเกิดขึ้น
9-9336-34.wav	เป็นชาวอำเภอโคกโพธิ์จังหวัดปัตตานี
9-9336-39.wav	ลัดคิวให้นางสาวศิริพรคนนี้เข้าคูหาเลือกตั้งก่อน
9-9336-45.wav	พานางสาวศิริพรคนนี้ส่งโรงพยาบาลได้เรียบร้อยค่ะ
9-9336-49.wav	ลงใต้ไปที่จังหวัดนราธิวาสค่ะ
9-9336-4.wav	โดยเฉพาะที่จังหวัดนครศรีธรรมราชค่ะ
9-9336-50.wav	มีประชาชนเดินทางไปใช้สิทธิ์กันอย่างคึกคักค่ะ
9-9336-55.wav	มีทหารเดินทางมาปฏิบัติหน้าที่ในพื้นที่
9-9336-66.wav	ไปดูต่อที่ศาลากลางจังหวัดพิษณุโลกเลยนะคะ
9-9336-68.wav	ผู้ที่ลงทะเบียนเลือกตั้งล่วงหน้าก็เดินทางมาใช้สิทธิ์กันอย่างคึกคัก
9-9336-70.wav	โดยแต่ละคนเนี่ยเดินทางมารอคิวก่อนเปิดหีบตั้งแต่เช้าเลยนะคะ
9-9336-75.wav	บรรยากาศการเลือกตั้งส.ส.ล่วงหน้าทั้งในแล้วก็นอกเขตเลือกตั้งของจังหวัด
9-9336-80.wav	ด้านกกต.ประจำจังหวัดบุรีรัมย์ก็มีการจัดเจ้าหน้าที่ดูแล
9-9337-22.wav	ในพื้นที่อำเภอชานุมานจังหวัดอำนาจเจริญนะคะ
9-9337-82.wav	นางเปลี่ยนอายุ50ตกใจมากบอกไม่เคยเจอกับเหตุการณ์แบบนี้
9-9337-87.wav	เจ้าหน้าที่ก็ไปบอกนางเปลี่ยนที่บ้านอยู่ตรงกันข้ามอะ
9-9338-4.wav	เคารพรูปของในหลวงร.10ของเราด้วยก่อนที่จะมีการเดินทางไปที่โรงแรมค่ะ
9-9339-37.wav	โดยเฉพาะจังหวัดภูเก็ตกระบี่ตรังแล้วก็สตูลครับ
9-9343-32.wav	อะมาดูเรื่องราวของจังหวัดอุบลราชธานี
9-9343-38.wav	ก็คือจุดชมวิวอุทยานแห่งชาติผาแต้มในจังหวัดอุบลราชธานี
9-9343-3.wav	หลายจังหวัดจัดงานได้อย่างยิ่งใหญ่
9-9343-52.wav	ก็คึกคักเหมือนกันจังหวัดหลักครับแหล่งท่องเที่ยว
9-9343-69.wav	เดินทางเข้าไปร่วมงานกว่า8พันคน
9-9343-6.wav	แล้วก็มีประชาชนเดินทางไปร่วมนับ
9-9343-78.wav	ในอำเภอหลังสวนจังหวัดชุมพร
9-9343-92.wav	คนซึ่งอยู่ในโบกี้เดินทางมาจากสิงคโปร์
9-9345-8.wav	จุดนี้คือบ้านป่าไม้ตำบลตุ่นอำเภอเมืองจังหวัดพะเยานะคะ
9-9346-36.wav	น้องทั้ง3คนอยู่ในจังหวัดพระนครศรีอยุธยา
9-9346-6.wav	จังหวัดพระนครศรีอยุธยาค่ะ
9-9347-2.wav	บรรยากาศการจัดงานมหกรรมวัฒนธรรมวิถีถิ่นวิถีไทยภาคใต้ที่จังหวัดกระบี่ถูกจัดขึ้นอย่างยิ่งใหญ่และได้รับความสนใจจากประชาชนรวมไปถึงนักท่องเที่ยวที่เดินทางไปร่วมงานจำนวนมากครับ
9-9347-3.wav	โดยไฮไลท์ของงานปีนี้ประกอบไปด้วยขบวนแห่ทางวัฒนธรรมของภาคใต้ทั้งทางบกทางน้ำซึ่งทางบกได้แก่ขบวนแห่วัฒนธรรมเฉลิมพระเกียรติขบวนวิถีชีวิตวัฒนธรรม14จังหวัดและขบวนคาร์นิวัลครบรอบ144ปีจังหวัดกระบี่ส่วนทางน้ำนั้นมีริ้วขบวนเรือหัวโทงนะครับจำนวน60ลำ
9-9347-4.wav	โดยนายพงศ์ศักดิ์เสมอสรรพที่ปรึกษารัฐมนตรีว่าการกระทรวงวัฒนธรรมกล่าวว่างานมหกรรมวัฒนธรรมวิถีถิ่นวิถีไทยที่จังหวัดกระบี่เป็นส่วนหนึ่งของโครงการที่กระทรวงวัฒนธรรมจัดขึ้นเพื่อเฉลิมพระเกียรติพระบาทสมเด็จพระเจ้าอยู่หัว
9-9347-6.wav	จากนั้นยังถือเป็นงานครบรอบ144ปีแห่งการจัดตั้งเมืองกระบี่ทั้งนี้งานมหกรรมวัฒนธรรมวิถีถิ่นวิถีไทยจัดขึ้นใน5จังหวัดทั่วประเทศทั้งกรุงเทพมหานครเชียงรายเพชรบุรีหนองคายและที่กระบี่ถือเป็นจังหวัดสุดท้ายในการจัดงานนี้ขึ้นมาครับ
9-9348-0.wav	ที่จังหวัดลพบุรีนะครับน้องขี้เมาอืมกินเหล้าขาวไปขวดกว่า
9-9349-11.wav	แล้วก็มีการเดินทางไปที่จังหวัดเชียงรายนะครับ
9-9349-13.wav	ซึ่งนี้จะอยู่ที่จังหวัดปัตตานีนราธิวาสและยะลานะครับ
9-9349-16.wav	1ก็คือเดินทางจากต่างประเทศนะครับเป็นชาวต่างชาติ12รายซึ่งเป็นคนไทย6รายต่างชาติ6ราย
9-9349-17.wav	จำนวนนี้มีหลายรายมีประวัติเดินทางเอ่อกลับจากการท่องเที่ยวที่ผับนะครับที่ต่างประเทศแถวปอยเปตอะไรอย่างนี้นะครับ
9-9350-110.wav	ร่วมงานกันครั้งสุดท้ายที่จังหวัดฉะเชิงเทรา
9-9352-11.wav	เพราะว่าเมื่อวานค่ะผู้สื่อข่าวก็เดินทางไปไปพบกับทางด้านร้อยตำรวจโทจรูญนะคะ
9-9352-23.wav	และขอสาบานต่อหน้าศาลหลักเมืองจังหวัดกาญจนบุรี
9-9352-58.wav	จังหวัดกาญจนบุรีเวลา10โมงนี่แหละนะคะ
9-9352-2.wav	วันนี้ที่ศาลหลักเมืองจังหวัดกาญจนบุรีนะคะ
9-9353-51.wav	ไปที่จังหวัดเลยกันบ้างค่ะมีเรื่องแปลกๆเกิดขึ้นเกี่ยวกับสภาพอากาศ
9-9352-76.wav	เดินทางไปร่วมสาบานที่ศาลหลักเมืองกาญจนบุรีในวันนี้ด้วย
9-9355-13.wav	และผู้อำนวยการสำนักงานคุมประพฤติจังหวัดพังงา
9-9354-3.wav	นะคะล่าสุดนะคะเจ้าตัวก็ได้เดินทางไปร่วมงานทำบุญทอดกฐินกับทางวัดค่ะ
9-9355-18.wav	จากนั้นนางสาวเรอายุ24ปีนั่งซ้อนท้ายรถจักรยานยนต์มา
9-9355-1.wav	มีผู้อำนวยการคุมประพฤติจังหวัดพังงาและยุติธรรมค่ะ
9-9355-29.wav	นายฉวีไปมีความสัมพันธ์ลึกซึ้งกับนางสาวเร
9-9355-32.wav	โทรศัพท์ลวงนายฉวีมาที่บ้านหลังที่เกิดเหตุ
9-9358-16.wav	อำเภอบ้านโป่งจังหวัดราชบุรี26พฤศจิกายนที่ผ่านมา
9-9364-10.wav	ที่จังหวัดขอนแก่นอำเภอกระนวน
9-9364-801.wav	ครั้งที่13ที่ตำบลเชิงทะเลอำเภอถลางจังหวัดภูเก็ต
9-9364-813.wav	แถมเข้าเส้นชัยปั๊บนางก็มาคล้องเหรียญให้เลยทันที
9-9364-859.wav	เจนนี่ก็ขอไม่พูดอะไรเลยดีกว่าแล้วนางก็ยิ้มเบา
9-9364-863.wav	เอาเป็นว่าเจนแฮปปี้และนางตอบต่ออย่างนี้
9-9367-47.wav	อ่าแล้วจุดนั้นเป็นจุดท่องเที่ยวไม่อยากให้เกิดอุบัติเหตุเกิด
9-9368-103.wav	จังหวัดสระบุรีไปตรวจสอบสภาพแวดล้อม
9-9368-106.wav	ไปอยู่ในความดูแลของบ้านพักเด็กและครอบครัวจังหวัดสระบุรีไหม
9-9368-2.wav	อยู่ที่โรงเรียนแห่งหนึ่งที่จังหวัดสระบุรี
9-9368-31.wav	ก็นำตัวไปที่ศาลเยาวชนและครอบครัวจังหวัดสระบุรี
9-9368-70.wav	ผู้บังคับการตำรวจภูธรจังหวัดสระบุรี
9-9369-4.wav	จะไปเที่ยวไหนก็เดินทางปลอดภัยนะคะ
9-9370-22.wav	เพื่อให้เป็นแหล่งท่องเที่ยวเก่าแก่ของชาวจังหวัดอ่างทองครับ
9-9370-3.wav	ตำบลศาลาแดงอำเภอเมืองจังหวัดอ่างทองครับ
9-9372-19.wav	ตำรวจสภ.พระประแดงจังหวัดสมุทรปราการจับได้แล้วนะคะ
9-9373-128.wav	แล้วก็พัฒนาในส่วนของเรื่องรายได้เพิ่มมากขึ้นอันนี้เพื่อเป็นวิทยาทานให้แก่เกษตรกรคนอื่นในจังหวัดอื่นทั่วประเทศได้ฟังด้วยนะครับ
9-9373-159.wav	ที่เกริ่นมานะครับว่าอาจจะมีโอกาสที่ดีกว่าหลายคนที่อยู่ในจังหวัดเดียวกัน
9-9373-162.wav	ให้กับจังหวัดบ้านเกิดของเราจนไปถึงการเปิดนะครับ
9-9375-0.wav	อ้าวคุณผู้ชมไปดูอีกหนึ่งเรื่องราวหน่อยนะคะเกิดขึ้นที่จังหวัดอุดรธานี
9-9376-14.wav	เป็นตึกหนึ่งคูหาแล้วมีลูกค้าเนี่ยก็ทยอยเดินทางมาสั่งอาหารนะ
9-9377-28.wav	บอกว่าก่อนเกิดเหตุนะจะไปคือเดินทางอ่ะครับ
9-9377-47.wav	โดยร่างคุณแม่ของพี่เอสเนี่ยถูกนำไปบำเพ็ญกุศลที่วัดที่จังหวัดพิจิตร
9-9377-55.wav	เราเสี่ยงทุกวันเพราะว่าเราต้องเดินทาง
9-9377-8.wav	ตำบลคุ้งสำเภาอำเภอมโนรมจังหวัดชัยนาท
9-9380-38.wav	เจ้าหน้าที่เนี่ยเป็น10นายเหมือนกันนะคะครับ
9-9380-49.wav	เพื่อที่จะเดินทางไปฝากขังที่ศาลอาญารัชดาทันทีเลยนะคะ
9-9382-29.wav	เหตุการณ์นี้เกิดขึ้นในสภ.บ้านโป่งจังหวัดราชบุรี
9-9383-18.wav	ที่กองบังคับการตรวจคนเข้าเมืองจังหวัดเชียงใหม่
9-9383-22.wav	ไปคุมขังที่เรือนจำกลางจังหวัดเชียงใหม่
9-9385-1333.wav	ต่างชาติบางคนสะสมโมเดลตุ๊กตานางรำ
9-9385-1448.wav	เรายังคงอยู่ในธีมของผีนางรำ
9-9385-1465.wav	ก็คือนางรำ
9-9385-1466.wav	วันนี้คุณเต้มาพร้อมกับเรื่องของนางรำผู้อาพับ
9-9385-1550.wav	น้องคนนี้เป็นนางรำลุงก็เลยบอกว่าอ๋ออ้าวแล้วทำไมถึงไม่ได้ไปกับคณะล่ะ
9-9385-1819.wav	แล้วเสียชีวิตในชุดนางรำครับ
9-9385-1929.wav	แล้ววันนั้นอาจารย์คนนี้มาพอดีก็เลยเสียชีวิตในชุดของนางรำอือ
9-9385-1956.wav	จนสุดท้ายรู้ว่าน้องออนอยู่อำเภอนี้จังหวัดนี้อือ
9-9385-2007.wav	คุณผู้ชมนะนางรำผู้อาพับ
9-9385-2095.wav	คนที่อยู่ในจังหวัดหนึ่ง
9-9385-2096.wav	ขอพูดว่าเป็นจังหวัดทางใต้ละกัน
9-9385-2492.wav	เหมือนกับนางนางตะเคียน
9-9385-2998.wav	เดี๋ยวนายอะนอนที่บ้านฉันอีกคืนนึง
9-9385-3000.wav	เพราะไงนายก็ต้องมาออดิตฉันในวันจันทร์อยู่แล้ว
9-9385-3179.wav	แล้วผมก็เลยบอกแล้วทำไมนายเห็นคนเดียวทำไมฉันไม่เห็น
9-9385-3224.wav	ทุกคนก็ถามว่าโอเคผีนางรำพอเข้าใจอือ
9-9385-330.wav	นางวันทองถูกประหารชีวิตพี่อือ
9-9385-3373.wav	ทุกคนก็อะก็แล้วแต่นายแล้วกัน
9-9385-3375.wav	แต่ถ้านายคิดว่ามันไม่เกี่ยวข้องกับกระสุนแล้วแต่นายครับอะก็เก็บไป
9-9385-3408.wav	ฉันไม่สามารถไปไปอ่าดูแลนายได้นะ
9-9385-3427.wav	ถ้าสมมุตินายมีเรื่องไม่สบายใจเรื่องอะไร
9-9385-3998.wav	แล้วก็ผมก็อันนี้อีกเรื่องหนึ่งที่ผมก็เดาว่าจริงๆแล้วอ่ะผีนางรำที่เขาเจอเนี่ย
9-9385-3.wav	เราเริ่มต้นกันด้วยธีมผีนางรำเป็นธีมผีที่ชาวโลกรู้จักกันเป็นอย่างดี
9-9385-4.wav	เชื่อว่าทุกท่านนั้นมีความกลัวมีความฝังใจกับผีนางรำที่เป็นเรื่องเล่าอยู่แล้วนะครับ
9-9385-50.wav	ซึ่งต้องเดินคู่กับพระรามแล้วก็นางสีดานะครับ
9-9385-51.wav	ซึ่งนางสีดาเนี่ยผมต้องบอกก่อนว่าอ่าคนที่แต่งเป็นนางสีดาเนี่ย
9-9385-58.wav	ผมก็เลยมีความคิดเห็นกับเพื่อนที่แต่งเป็นพระรามแล้วก็นางสีดาเนี่ยว่าจะออกไปหาเช่าชุดกัน
9-9385-686.wav	เรายังคงอยู่ในธีมของผีนางรำ
9-9385-710.wav	เรื่องของผีนางรำของไทยเป็นอย่างมาก
9-9385-712.wav	วันนี้พี่แพทมาพร้อมกับเรื่องของแค้นนางรำ
9-9385-78.wav	เขาเป็นคล้ายๆเป็นคุณครูท้องถิ่นของจังหวัดนนทบุรี
9-9385-79.wav	แล้วก็เป็นคุณครูภูมิปัญญาไทยของจังหวัดนนทบุรีเลย
9-9385-83.wav	ผมก็เดินทางนั่งแท็กซี่ไปตามที่พิกัดที่คุณครูเขาส่งมา
9-9385-9.wav	และในสัปดาห์นี้นักเล่าที่จะมาถ่ายทอดในธีมของนางรำท่านแรก
9-9386-0.wav	ไปที่จังหวัดนนทบุรีกันหน่อยนะคะนี่ยิ่งว่าเหมือนยิ่งยุ
9-9386-17.wav	ตำรวจโรงพักบางใหญ่กับฝ่ายปกครองของอำเภอบางใหญ่จังหวัดนนทบุรีนะคะ
9-9386-30.wav	ไม่ทำตามมาตรการของจังหวัดอีกรู้ไหมคะ
9-9386-37.wav	ผู้บังคับการตำรวจภูธรจังหวัดนนทบุรี
9-9386-39.wav	มีการให้ข้าราชการตำรวจโรงพักบางใหญ่4นาย
9-9386-40.wav	ไปปฏิบัติราชการที่ศูนย์ปฏิบัติการตำรวจภูธรจังหวัดนนทบุรี
9-9386-53.wav	และผู้การจังหวัดนนทบุรีนะคะมีการแต่งตั้งคณะกรรมการ
9-9388-12.wav	ตำบลตากแดดอำเภอเมืองจังหวัดชุมพร
9-9388-32.wav	เขาบอกว่าได้ยินเสียงคนตะโกนออกมานะจากบ้านพักของนายซออะ
9-9388-48.wav	อายุแค่22บอกว่าเป็นคนลงมือแทงนายซอจนเสียชีวิตจริงๆ
9-9388-88.wav	นำไปบำเพ็ญกุศลสวดพระอภิธรรมที่ศาลาวัดสุบรรณนิมิตรอำเภอเมืองจังหวัดชุมพร
9-9389-19.wav	ตั้งอยู่แถวโรงเรียนสัพพะวิทยาจังหวัดชัยนาท
9-9389-41.wav	ใช่ค่ะนางสมปองเป็นเจ้าของเฉาก๊วย
9-9390-268.wav	จากการสอบถามนายรังสิมันนะครับอายุ21ปีเนี่ย
9-9390-272.wav	นานกว่าหนึ่งชั่วโมงโดยคนขับรถให้การว่าเดินทางมาจาก
9-9390-326.wav	แต่ชาวบ้านที่เดินทางไปกราบไหว้เนี่ยต่างเชื่อว่าตรงนี้ศาลนี้มีสิ่งศักดิ์สิทธิ์ประดิษฐานอยู่มีสิ่งศักดิ์สิทธิ์ที่อยู่ในศาลนี้แน่นอน
9-9390-525.wav	เอาจริงๆนะนางไม่ได้มีเจตนาที่จะหลอกลวงเลย
9-9390-880.wav	นางก็โอ้โหดูแลประคบประงมเหมือนลูกอะ
9-9390-98.wav	ไปยังจังหวัดต่างเพื่อให้ประชาชนนั้นสามารถตรวจเชื้อโควิด-19ได้
9-9391-18.wav	ซึ่งถือว่าเป็น1ใน6จังหวัดนะครับในพื้นที่ส่วนกลางเนี่ย
9-9391-25.wav	ปทุมธานีซึ่งถือว่าเป็นอีกหนึ่งจังหวัด
9-9391-46.wav	ก็ได้เดินทางไปตรวจสถานที่นะครับ
9-9391-48.wav	ที่เพิ่มขึ้นมาใหม่ค่ะแล้วก็ที่น่าเป็นห่วงของจังหวัดนะครับ
9-9393-52.wav	เดินทางไปสำนักงานตำรวจแห่งชาติเลยครับ
9-9394-11.wav	เสียชีวิตตั้งแต่ปี2554ที่อำเภอเรณูนครจังหวัดนครพนม
9-9394-14.wav	ศาลก็มีคำพิพากษาว่านางจอมทรัพย์มีความผิดจริงให้จำคุก8ปีโดยไม่รอลงอาญา
9-9394-35.wav	ศาลจังหวัดนครพนมได้มีคำพิพากษาจำคุก2ปี10เดือน
9-9396-355.wav	ในนั้นที่ลงไปค้นไม่เจอไซยาไนด์นะคะพี่มด
9-9396-331.wav	แหล่งที่มาของไซยาไนด์ที่บิ๊กโจ๊กพูดถึงก็คือว่า
9-9396-324.wav	เราพบนะฮะแหล่งที่มาของไซยาไนด์
9-9396-574.wav	เขาขายรถของโชว์รูมที่จังหวัดเชียงใหม่
9-9396-797.wav	หลังจากที่ตอนนี้นางก็ถูกมิจฉาชีพนำรูปไปใช้
9-9397-14.wav	ตำบลวิสัยเหนืออำเภอเมืองจังหวัดชุมพร
9-9397-42.wav	มาต่อกันที่จังหวัดศรีสะเกษ
9-9397-82.wav	ที่วัดร้างในจังหวัดชุมพร
9-9397-8.wav	เริ่มกันที่แรกที่จังหวัดชุมพร
9-9398-30.wav	หมู12ตัวตายหมดเลยอ่ะทีนี้อีกหนึ่งจุดที่จังหวัดกาฬสินธุ์ค่ะ
9-9398-6.wav	เป็นเรื่องน่าเศร้าเกิดขึ้นที่จังหวัดสุรินทร์นะคะ
9-9399-1.wav	มันคือการย่างหอยที่จังหวัดนครพนม
9-9401-7.wav	เหตุการณ์นี้มันเกิดขึ้นเอ่อจุดตรงนี้คือถนนอ่าวลึกแหลมศักดิ์ที่จังหวัดกระบี่ค่ะ
9-9402-21.wav	คนก่อเหตุคือแฟนหนุ่มของนางสาวกระแตนี่แหละ
9-9402-64.wav	เป็นคุณยายของนางสาวกะแตคนเจ็บนะคะ
9-9403-10.wav	ขณะที่นายมานิตเพียรทองนายอำเภอตะกั่วป่า
9-9403-18.wav	ผู้บังคับการตำรวจภูธรจังหวัดสุราษฎร์ธานีได้ประชุม
9-9403-1.wav	ส่วนที่จังหวัดพังงาครับตำรวจก็ได้ภาพวงจรปิดคนร้ายที่ลอบวางระเบิดตลาดนัดบางเนียงแล้ว
9-9403-2.wav	ลักษณะก็คล้ายกับผู้ต้องสงสัยในจังหวัดภูเก็ตนะครับ
9-9403-7.wav	และคล้ายผู้ต้องสงสัยกับเหตุระเบิดในจังหวัดภูเก็ต
9-9403-8.wav	โดยชุดสืบสวนตำรวจภูธรจังหวัดพังงา
9-9404-111.wav	ทนายนายรณรงค์บอกว่าเอาอย่างนี้ง่ายๆกล้องวงจรปิดอะไรไม่มีอะไรก็จริงนะ
9-9404-20.wav	อยู่ที่ตำบลบางพูดอำเภอปากเกร็ดจังหวัดนนทบุรี
9-9404-6.wav	3แสนกว่าที่วัดบางพูดนะครับจังหวัดนนทบุรีฮะ
9-9405-14.wav	ก็ได้มีการเรียกระดมพลเจ้าหน้าที่กว่าหลายพันนาย
9-9405-1.wav	จุดที่ศูนย์ปฏิบัติการส่วนหน้าตำรวจภูธรจังหวัดปทุมธานี
9-9405-26.wav	และกองบัญชาการตำรวจนครบาลกว่า3พันนาย
9-9408-0.wav	ไปดูเรื่องของพิษภัยยาเสพติดกันบ้างที่จังหวัดสุพรรณบุรีค่ะ
9-9410-1.wav	ที่จังหวัดสุโขทัยนะคะเป็นร้านของป้าแจ๋ว
9-9416-11.wav	เช่นเดียวกับนายเนวินชิดชอบที่มอบโรงแรมส่วนตัวข้างสนามแข่งรถ
9-9416-15.wav	ปราสาทสายฟ้าเขาโพสต์ภาพเอกสารราชการของคณะกรรมการโรคติดต่อจังหวัดบุรีรัมย์
9-9416-16.wav	ที่กำหนดให้โรงแรมบริคบ็อกซ์โฮเทลบุรีรัมย์เป็นโรงแรมส่วนตัวของนายเนวิน
9-9416-18.wav	คือยกให้เป็นโรงพยาบาลสนามควบคุมโรคติดต่อโควิด-19ภายในจังหวัดบุรีรัมย์
9-9416-19.wav	หลังจากที่นายเนวินประกาศขอมอบโรงแรมส่วนตัวนี้ให้กับจังหวัดในการช่วยเหลือเจ้าหน้าที่ในการควบคุมโรค
9-9416-24.wav	อันนี้อยู่ที่จังหวัดนครราชสีมา
9-9416-36.wav	ในอำเภอโชคชัยจังหวัดนครราชสีมา
9-9419-4.wav	ตำบลและอำเภอประจันตคามจังหวัดปราจีนบุรีครับแต่มันอาจจะดูยากนิดนึงเพราะมีต้นไม้อ่ะ
9-9421-18.wav	ร้านอาหารเชิงท่องเที่ยวนั่งทานถ่ายรูปบนเครื่องบินแห่งแรกของจังหวัดนราธิวาสเลย
9-9421-39.wav	ที่อำเภอเมืองจังหวัดมหาสารคามนะคะ
9-9424-1.wav	ที่จังหวัดบึงกาฬผู้เสียหายออกมาร้องเรียนค่ะ
9-9424-71.wav	พลตำรวจตรีพลัฏฐ์วิเศษสิงห์ผู้บังคับการตำรวจภูธรจังหวัดบึงกาฬบอกว่า
9-9424-75.wav	ได้แจ้งข้อหาตำรวจชุดนี้5นายนะคะ
9-9424-81.wav	ดาบตำรวจ2นาย
9-9424-86.wav	ทั้ง4รายถูกคำสั่งย้ายไปช่วยงานที่ศูนย์ปฏิบัติการตำรวจภูธรจังหวัดบึงกาฬ
9-9428-1.wav	ที่ผู้มีรายได้น้อยในกรุงเทพมหานครและอีก6จังหวัด
9-9429-45.wav	เลยร้องเรียนผ่านเพจข่าวท้องถิ่นโหดจังจังหวัดภูเก็ตให้ช่วยเหลือ
9-9429-48.wav	ในพื้นที่ตำบลราไวย์อำเภอเมืองจังหวัดภูเก็ต
9-9430-10.wav	ค่ะตอนนี้กำลังน้ำท่วมหนักเลยอืมที่จังหวัดอุบลราชธานี
9-9430-12.wav	ที่จังหวัดอุบลฯเนี่ยเป็นเวลาเกือบเดือนแล้ว
9-9431-81.wav	ถ้าเรากลัวก็คงไม่เดินทางมาถึงขนาดนี้
9-9432-0.wav	ส่วนเรื่องนี้นะคะที่จังหวัดเพชรบูรณ์ค่ะมีผู้ชายคนหนึ่งก็ไปหลงรักผู้หญิงวัย52ครับ
9-9432-10.wav	กลางดึกคืนที่ผ่านมาค่ะกู้ชีพนำตัวนางสาวสมพรสารีอายุ50
9-9432-11.wav	ส่งโรงพยาบาลชนแดนจังหวัดเพชรบูรณ์นะคะถูกมีดแทงที่แขนด้านซ้ายได้รับบาดเจ็บ
9-9432-14.wav	ในพื้นที่หมู่8ตำบลบ้านกล้วยอำเภอชนแดนจังหวัดเพชรบูรณ์
9-9433-29.wav	แล้วก็รถพ่วง22ล้อมีนายสุพจน์ชมพูนุช
9-9434-64.wav	ไปตามมูลนิธิหลายแห่งในจังหวัดกระบี่
9-9436-11.wav	ที่ติดอยู่ภายในถ้ำหลวงขุนน้ำนางนอน
9-9436-44.wav	มหาวิทยาลัยรามคำแหงจังหวัดเชียงราย
9-9436-42.wav	วันนี้ความตั้งใจของนายปกรณ์นำ
9-9436-52.wav	ครอบครัวของนายปกรณ์นำได้รับเงินเยียวยาช่วยเหลือ
9-9437-61.wav	ท่านนี้คือนายเสรีโอสถานุเคราะห์นะฮะ
9-9436-55.wav	ตำบลบ้านด้ายอำเภอแม่สายจังหวัดเชียงราย
9-9438-0.wav	ถูกหลอกอีกแล้วนะคะสำหรับเจ้าของร้านอาหารที่อำเภอยางตลาดจังหวัดกาฬสินธุ์เขาบอกว่าเดี๋ยวนี้มิจฉาชีพมันมาหลากหลายรูปแบบ
9-9440-10.wav	อำเภอแม่สายจังหวัดเชียงรายนะคะโดยท่านบอกแบบนี้บอกว่า
9-9440-67.wav	ศูนย์อนุรักษ์อุทยานใต้ทะเลจุฬาภรณ์จังหวัดพังงา
9-9440-9.wav	ปฏิบัติการช่วยเหลือ13ชีวิตที่ยังคงติดอยู่ในถ้ำหลวงขุนน้ำนางนอน
9-9443-18.wav	เพื่อนผู้เสียชีวิตนายภูบดินทร์ทองเสือบอกว่า
9-9444-32.wav	นางอาจจะพิจารณาว่าน่าจะออกมาแล้วอยากจะทำสิ่งที่ตัวเองเนี่ย
9-9445-14.wav	อำเภอป่าพยอมจังหวัดพัทลุง
9-9445-5.wav	นั่นก็คือที่อำเภอป่าพยอมจังหวัดพัทลุงนะครับ
9-9446-162.wav	และอยากให้ทางผู้เช่านี่นะฮะเดินทางไปให้ปากคำพร้อมกันด้วย
9-9448-32.wav	ยำหอยนางรมแล้วก็ตำกุ้งสดค่ะ
9-9449-38.wav	ได้พูดคุยได้สัมภาษณ์เลยนี่คือนายสมพรหรือว่าผอ.น้อยอายุ59ปี
9-9451-69.wav	จะเดินทางไปพบกับร้อยเวรเจ้าของคดีที่สภ.
9-9453-149.wav	จังหวัดสระบุรีเนี่ยห่างกันไปประมาณสัก30-40กิโล
9-9456-17.wav	แถมทางจังหวัดยังขอให้ออกแบบและปรับปรุงสิ่งอำนวยความสะดวก
9-9456-5.wav	นำโดยนายสมศักดิ์จังตระกูลผู้ว่าราชการจังหวัดขอนแก่น
9-9457-11.wav	ตำบลปากแพรกอำเภอดอนสักจังหวัดสุราษฎร์ธานี
9-9457-13.wav	เหตุนี้มีนายคมกริชบังเจริญหรือเก่งอายุ47ปี
9-9461-0.wav	เมื่อคืนที่ผ่านมามีคนร้ายก่อเหตุหลายจุดในพื้นที่จังหวัดชายแดนใต้นะครับ
9-9461-11.wav	จังหวัดนราธิวาสเมื่อคืนที่ผ่านมา
9-9461-18.wav	กับหน่วยปฏิบัติการพิเศษเฉพาะกิจนราธิวาสที่33จังหวัดนราธิวาส
9-9461-19.wav	ทำให้เจ้าหน้าที่บาดเจ็บ2นายทรัพย์สินของประชาชนได้รับความเสียหาย
9-9461-24.wav	ชุดรักษาความปลอดภัยครู6นายบริเวณศาลาที่พักริมถนน
9-9461-25.wav	ใกล้โรงเรียนบ้านบางหมูตำบลบ้านน้ำบ่ออำเภอปะนาเระจังหวัดปัตตานี
9-9461-28.wav	เหตุการณ์ครั้งนี้เจ้าหน้าที่บาดเจ็บ1นาย
9-9461-3.wav	ตำบลปิตูมุดีอำเภอยะรังจังหวัดปัตตานี
9-9463-0.wav	พาคุณผู้ชมไปดูเหตุการณ์ที่จังหวัดกำแพงเพชรกันหน่อยค่ะ
9-9468-16.wav	ตำรวจท่องเที่ยวแล้วก็ศูนย์การทหารราบ
9-9469-17.wav	ที่ตำบลพิมลราชอำเภอบางบัวทองจังหวัดนนทบุรี
9-9469-80.wav	ด้านของรองผู้อำนวยการฝ่ายวิศวกรรมกรมทางหลวงนางสาว
9-9470-19.wav	เหตุการณ์นี้เกิดขึ้นซอยอู่ตะเภาซอย3เขตเทศบาลตำบลพลาอำเภอฉางบ้านฉางจังหวัดระยองค่ะ
9-9470-3.wav	เหตุการณ์นี้เกิดขึ้นที่จังหวัดระยองนะคะ
9-9471-9.wav	พร้อมกับชาวบ้านในตำบลพรุดินนาอำเภอคลองท่อมจังหวัดกระบี่
9-9473-123.wav	แล้วก็เห็นนายอัจฉริยะบอกกับทีมข่าวของเราว่า
9-9473-126.wav	ก็เหมือนที่นายอัจฉริยะบอกนะครับว่า
9-9473-33.wav	ในขณะที่ผมอ่าเป็นผู้บริสุทธิ์ในคดีที่ผมถูกฟ้องที่จังหวัดปทุมธานี
9-9473-46.wav	ที่เขาเดินทางไปช่วยเหลือเหยื่อที่จังหวัดพระนครศรีอยุธยา
9-9473-60.wav	แล้วไม่ใช่แค่นี้นะคะนายอัจฉริยะบอกว่าเดี๋ยวสัปดาห์หน้า
9-9473-64.wav	ผู้สื่อข่าวไทยรัฐทีวีก็ถามนายอัจฉริยะล่ะค่ะ
9-9473-66.wav	ก็บอกว่านายอัจฉริยะบอกว่าได้รับการติดต่อจากตำรวจ
9-9474-11.wav	จนกระทั่งได้กลับมาอยู่บ้านเกิดที่จังหวัดสมุทรสงคราม
9-9478-14.wav	นางรำของทางเขานะครับแล้วพอออกมาจากจากที่ไหว้เนี่ย
9-9479-19.wav	จากนิติเวชโรงพยาบาลระยองโดยจะรับศพไปตั้งบำเพ็ญกุศลที่บ้านเกิดที่จังหวัดกาฬสินธุ์ทั้งคู่มาทำงานโรงงานรถยนต์อยู่ที่จังหวัดระยอง
9-9481-4.wav	ในพื้นที่บ้านบุ่งเบาตำบลบ้านจานอำเภอพุทไธสงจังหวัดบุรีรัมย์นะฮะ
9-9482-47.wav	และก่อเหตุลักทรัพย์หลังจากนั้นได้เดินทางเข้าไปที่วัด
9-9482-72.wav	โดยตำรวจได้ให้ทางครอบครัวติดต่อนายสนอง
9-9482-8.wav	เห็นใบหน้าของนายสนองเข็มทองอายุ48ปี
9-9483-3.wav	แต่ทีนี้ไม่สำรวจเกาะไม่ท่องเที่ยวอย่างเดียวนะฮะ
9-9484-11.wav	ที่มีศักยภาพพัฒนาสู่การเป็นชุมชนท่องเที่ยวแบบยั่งยืน
9-9484-37.wav	เพื่อพัฒนาเป็นชุมชนท่องเที่ยว
9-9484-53.wav	ซึ่งเป็นจุดแข็งของชุมชนท่องเที่ยว
9-9484-60.wav	ช่วยสร้างระบบการจองที่พักแพ็กเกจท่องเที่ยว
9-9484-61.wav	ทุกวันนี้ชุมชนท่องเที่ยวเกาะยาวน้อย
9-9484-8.wav	หลังจากใช้เวลาเดินทางกว่า30นาที
9-9484-92.wav	พร้อมเชื่อมโยงไปสู่เครือข่ายชุมชนท่องเที่ยว
9-9484-9.wav	เราก็มาถึงชุมชนท่องเที่ยวเกาะยาวน้อย
9-9485-7.wav	ที่จังหวัดสุราษฎร์ธานีครับ
9-9487-0.wav	ยังอยู่กันที่คดีโหดค่ะจะพาไปดูกันต่อเนื่องที่จังหวัดระยอง
9-9487-2.wav	เป็นคอนโดหรูอยู่ที่จังหวัดระยองนะคะ
9-9487-27.wav	นายไพโรจน์ก็เลยชักปืนออกมาจากเอวยิงเข้าใส่
9-9487-29.wav	กลุ่มแรงงานต่างด้าวเห็นเหตุการณ์เห็นเพื่อนถูกยิงก็เลยวิ่งกรูกันเข้าไปใส่นายไพโรจน์
9-9487-30.wav	ไปแย่งปืนออกมาไปรุมทำร้ายไปทุบตีนายไพโรจน์จนเสียชีวิตคาที่อยู่ตรงนั้น
9-9488-46.wav	ตอนนี้ก็ทราบข่าวแล้วอยู่ระหว่างการรอเดินทางมารดน้ำศพลูกสาวในช่วงเย็นวันนี้นะครับ
9-9490-0.wav	ร้านชาบูแห่งหนึ่งนะคะที่จังหวัดพระนครศรีอยุธยามีคนร้ายย่องเข้าไป
9-9494-11.wav	ในตำบลคลองหลวงแพ่งอำเภอเมืองจังหวัดฉะเชิงเทราคุณผู้ชมก็เห็นนะเมื่อกี้
9-9496-17.wav	เป็นชาวตำบลเขาเขนอำเภอปลายพระยาจังหวัดกระบี่
9-9499-4.wav	เพราะฉะนั้นในวันที่24ธันวาคมนะคะจังหวัดที่ต้องเฝ้าระวังคือ
9-9503-32.wav	ที่อำเภอบ้านดุงจังหวัดอุดรธานี
9-9505-10.wav	ตำรวจภูธรปลวกแดงจังหวัดระยองหลังลอตเตอรี่หายไปจากที่ฝากไว้
9-9505-1.wav	ล่าสุดที่เป็นเรื่องเป็นราวกันอยู่ก็คือที่จังหวัดระยองครับ
9-9505-38.wav	โดยตรวจสอบทั้งพื้นที่จังหวัดเพชรบูรณ์
9-9505-40.wav	และในพื้นที่อำเภอปลวกแดงจังหวัดระยอง
9-9506-28.wav	จากร้านขายเฟอร์นิเจอร์ชื่อดังในจังหวัดภูเก็ต
9-9509-1.wav	กับผมนายอัครเดชวงษ์พิทักษ์โรจน์
9-9512-4.wav	ของคนตายเดินทางไปดูไปเจอศพ
9-9514-2.wav	น้ำทะเลในบริเวณดอนหอยหลอดจังหวัดสมุทรสงคราม
9-9514-8.wav	น้ำทะเลในบริเวณดอนหอยหลอดจังหวัดสมุทรสงคราม
9-9517-4.wav	เทคโนโลยีสารสนเทศพร้อมผู้เกี่ยวข้องกว่า20นายเนี่ย
9-9519-72.wav	ซึ่งนักเตะทีมชาติไทยนะคะก็จะเดินทางกันในวันพรุ่งนี้
9-9520-0.wav	ไปดูเรื่องของพิธีการอุปสมบทแบบโบราณของชาวบ้านที่จังหวัดสุรินทร์
9-9522-25.wav	ในซอยศรีสมิตรที่ตำบลเทพารักษ์อำเภอเมืองจังหวัดสมุทรปราการ
9-9522-8.wav	จังหวัดสมุทรปราการให้ข้อมูลมา
9-9523-1.wav	ลงใต้ไปดีกว่าที่จังหวัดสตูลจะพาไปชิม
9-9523-8.wav	ซึ่งเป็นร้านเก่าแก่ของจังหวัดเลยคุณ
9-9527-1.wav	คดีที่เกิดขึ้นที่จังหวัดระยองนะฮะ
9-9529-3.wav	ทหารค่ายฝึกรบพิเศษอำเภอสิชลจังหวัดนครศรีธรรมราช
9-9529-50.wav	ไปดูที่ลานวัดท่าลาดที่ตำบลศรีณรงค์อำเภอชุมพลบุรีจังหวัดสุรินทร์นะครับ
9-9529-51.wav	มีชาวบ้านจากทั่วทุกสารทิศเดินทางมากราบไหว้ขอพร
9-9529-5.wav	ได้เดินทางไปจับงูเหลือมขนาดใหญ่ภายในเล้าไก่
9-9529-93.wav	ตำบลกุดบงที่อำเภอโพนพิสัยจังหวัดหนองคายนะคะ
9-9533-27.wav	แล้วก็ลูกชายผู้ตายนี่นะครับที่เดินทางมาที่เกิดเหตุทันทีที่ทราบข่าว
9-9533-2.wav	ร้อยตำรวจเอกนายนี้ตำแหน่งรองสารวัตรจราจรสภ.สมุทรสงครามเนี่ย
9-9533-45.wav	บอกว่าผบ.ตร.เนี่ยเป็นห่วงเป็นใยถึงข้าราชการตำรวจทุกนาย
9-9533-5.wav	สุดท้ายร้อยตำรวจเอกนายนี้ยิงตัวตายคาป้อมจราจรคุณค่ะ
9-9534-24.wav	นายไพบูลย์ยอมรับสารภาพบอกว่าเขาก่อเหตุจริงอือ
9-9552-35.wav	ทางจังหวัดก็มอบหมายให้วิทยาลัยเทคนิคยะลาเป็นผู้ดำเนินการคิดประดิษฐ์และปรับปรุงหอนาฬิกา
9-9552-58.wav	ใช่แล้วครับไปที่จังหวัดค่ะสกลนครเขาบอกว่าเจอเสาไม้นับพันต้น
9-9552-8.wav	เอาล่ะคุณผู้ชมช่วงนี้จะพาบินไปที่จังหวัดยะลา
9-9552-9.wav	ที่บอกว่าพาบินไปชมเนี่ยนะคือพาไปชมหอนาฬิกาที่อยู่ใจกลางเมืองจังหวัดยะลา
9-9556-24.wav	จังหวัดลำปางนะครับโอ้โหคือหลากหลายสาวงามที่มาเข้าประกวด
9-9556-48.wav	ที่ตำบลเวียงเหนืออำเภอเมืองจังหวัดลำปางนะครับนี่เป็นภาพเมื่อคืน24ตุลาคม
9-9556-49.wav	ผู้เข้าประกวดเนี่ย16คนนะครับมาจากจังหวัดลำปางลำพูนเชียงใหม่แม่ฮ่องสอน
9-9556-50.wav	หลายจังหวัดในภาคเหนือนี่ฮะ
9-9557-41.wav	อำเภอลำปลายมาศจังหวัดบุรีรัมย์
9-9558-2.wav	หนุ่มคู่แรกเดินเท้าจากจังหวัดเชียงรายมุ่งหน้าเข้าสู่กรุงเทพมหานคร
9-9558-42.wav	คาดว่าในวันนี้ก็เดินเท้าถึงจังหวัดสิงห์บุรีแล้วนะคะ
9-9558-4.wav	ส่วนอีกคู่นึงเป็นชาวปักษ์ใต้ค่ะเดินเท้าจากจังหวัดชุมพร
9-9558-9.wav	เดินเท้าไปถึงพื้นที่อำเภอชะอำจังหวัดเพชรบุรีเมื่อวานนี้นะคะ
9-9559-2.wav	คือมีการไปถามนายกรัฐมนตรีแล้ว
9-9559-45.wav	หลังจากที่เมื่อวานนี้นายกพูดออกมาแล้วก็ยอมรับ
9-9559-8.wav	นี่เป็นสิ่งที่นายกรัฐมนตรีพูด
9-9562-149.wav	เป็นเจ้าพ่อยาเสพติดซึ่งมีเครือข่ายอยู่ทางภาคเหนืออยู่ที่จังหวัดพิจิตรแล้วกระจายยาเสพติดในภาคเหนือไปยัง
9-9562-30.wav	ทีมสืบสวนสอบสวนตำรวจภูธรจังหวัดนครสวรรค์3ชั่วโมงค่ะที่เขาคุยกัน
9-9562-36.wav	เคยถูกจับคดียาเสพติดที่อำเภอคีรีมาศจังหวัดสุโขทัย
9-9562-38.wav	ใช้ที่อยู่ปัจจุบันของตัวเองเป็นศูนย์กลางส่งพัสดุบรรจุยาเสพติดชุดใหญ่ไปใน4จังหวัดอือ
9-9562-49.wav	มี1ในเครือข่ายอยู่ในพื้นที่จังหวัดนครสวรรค์
9-9562-66.wav	แต่เดินทางกันคนละสาย
9-9562-70.wav	สารวัตรแย้ไปอยู่ที่จังหวัดกำแพงเพชรค่ะ
9-9562-72.wav	แล้วไปจับกุมเครือข่ายรายย่อยในจังหวัดกำแพงเพชร
9-9562-76.wav	ไปถึงตัวการใหญ่ในอำเภอคีรีมาศจังหวัดสุโขทัยครับ
9-9562-90.wav	ก็นายก็มาจับพรรคพวกแก๊งยาเสพติดของเราอือ
9-9562-91.wav	เราก็เลยให้พวกเนี่ยส่งไปให้นายสักกล่องนึง
9-9563-26.wav	นักเรียนชั้นม.5โรงเรียนมัธยมแห่ง1ในจังหวัดเชียงใหม่
9-9566-23.wav	เพราะว่าในวันนี้เนี่ยมี35จังหวัด
9-9566-25.wav	ตัวเลขจังหวัดก็เพิ่มขึ้นเรื่อยนะคะ
9-9568-34.wav	เธอขับรถเก๋งนะครับทะเบียนจังหวัดระยอง
9-9568-36.wav	แดงเทาทะเบียนป้ายเหลืองจังหวัดระยองขี่มาปาดหน้า
9-9569-53.wav	เพื่อจะย้ายไปอยู่ที่จังหวัดสุพรรณบุรีเออ
9-9570-4.wav	นายคนนี้ค่ะฉายาเขาคือโอมคลอง2
9-9573-10.wav	กระโดดลำน้ำโขงที่จังหวัดบึงกาฬ
9-9579-19.wav	ก็ได้จัดให้เป็นแหล่งท่องเที่ยวแห่งหนึ่งของจังหวัดนครสวรรค์
9-9579-30.wav	เป็นจุดถ่ายรูปเป็นแหล่งชมวิวท่องเที่ยวได้
9-9579-5.wav	ไปที่ไร่ธรรมชัยนะคะอยู่ที่จังหวัดนครสวรรค์นี่แหละค่ะ
9-9582-17.wav	กรมอุตุประกาศให้พื้นที่5จังหวัดเป็นพื้นที่เสี่ยงภัยสีแดงคุณผู้ชม
9-9582-19.wav	รวมไปถึง2จังหวัดทางภาคตะวันออกก็คือจันทบุรีและตราดด้วย
9-9582-21.wav	ส่วนจังหวัดอื่นอีก30กว่าจังหวัดเนี่ยรวมไปถึงกรุงเทพฯและปริมณฑล
9-9582-5.wav	ซึ่งอุตุนิยมวิทยาของไทยคาดว่า2จังหวัดแรกที่จะโดนคืออำนาจเจริญและอุบลฯครับ
9-9582-9.wav	ส่งผลให้หลายจังหวัดทางภาคอีสานอย่างอุบลฯศรีสะเกษอำนาจเจริญยโสฯ
9-9583-33.wav	ซึ่งเป็นที่พักของผู้ต้องหาทั้ง5คนที่ศาลจังหวัดเชียงใหม่อนุญาตให้ปล่อยตัวชั่วคราว
9-9586-118.wav	เขาเป็นชาวตำบลห้วยราชจังหวัดบุรีรัมย์นะคะ
9-9586-125.wav	เลยไม่สามารถเดินทางกลับมาได้
9-9586-193.wav	ล่าสุดเนี่ยครับเราสอบถามกับผู้หญิงชาวจังหวัดหนองคาย
9-9586-198.wav	แล้วนายแยบจะส่งเงินมาให้ทุกเดือนเดือนละ1หมื่น
9-9586-214.wav	ไม่มีเงินที่จะเดินทางไปร่วมงานศพ
9-9590-7.wav	นางลำดวนมีศรีนะครับเป็นชาวบ้านคลองลำท่าแดง
9-9589-52.wav	โบนัสให้กับเอ่อให้กับรปภ.ทุกนายเต็มนะครับมันเป็นภาพที่ที่เอ่อ
9-9590-8.wav	หมู่4ตำบลย่านซื่ออำเภอเมืองจังหวัดอ่างทอง
9-9591-48.wav	ทีลอซูเป็นแหล่งหรือเป็นสถานที่ท่องเที่ยวของจังหวัดตากนะคะที่ดังพอจะมีข้อมูลอยู่บ้าง
9-9592-26.wav	สามารถรับงานได้100โรงเรียนที่จังหวัดขอนแก่นโรงเรียนหนึ่งก็จ่ายเงินไป5แสนบาท
9-9592-40.wav	เพราะว่าที่ผ่านๆมาถ้าระดับนายพลเอกเป็นคดีความอย่างนี้แล้วก็ยากครับ
9-9598-0.wav	พูดถึงแหล่งท่องเที่ยวในจังหวัดพระนครศรีอยุธยา
9-9598-3.wav	ที่จังหวัดพระนครศรีอยุธยามีชุมชนเก่าแก่ด้วย
9-9598-8.wav	อำเภอผักไห่จังหวัดพระนครศรีอยุธยาเห็นจนชินตาค่ะ
9-9599-0.wav	สมเด็จพระเจ้าอยู่หัวทรงชื่นชมทุกจังหวัดด้วยนะคะที่จัดพิธีพลีกรรมตักน้ำศักดิ์สิทธิ์เรียบร้อยสมพระเกียรติค่ะ
9-9599-2.wav	สมเด็จพระเจ้าอยู่หัวมีพระราชกระแสทรงชมเชยผู้ว่าราชการจังหวัดทุกจังหวัด
9-9600-11.wav	มันเกิดขึ้นที่อ่างเก็บน้ำที่จังหวัดลำพูนนะฮะ
9-9602-7.wav	ในพื้นที่หมู่บ้านแม่ต๋ำอำเภอแม่สรวยจังหวัดเชียงราย
9-9603-0.wav	ดูเหตุสยองที่จังหวัดศรีสะเกษบ้างนะคะ
9-9603-12.wav	จากนั้นภรรยาได้หนีไปอยู่บ้านญาตินายกล้องจึงออกตามหาหลายครั้งแต่ไม่พบ
9-9603-26.wav	บรรยากาศก็เป็นไปอย่างโศกเศร้าชาวบ้านหลายคนก็เดินทางไปช่วยงานศพจำนวนมาก
9-9603-31.wav	แม้ตอนนี้นายกล้องจะถูกจับแล้วแต่ชาวบ้านก็กลัวว่าอีกไม่นานพ้นโทษออกมา
9-9603-41.wav	นายกล้องผู้ต้องหารับสารภาพเป็นผู้ก่อเหตุฆ่านายคำพาจริง
9-9603-9.wav	จากการสอบสวนทราบว่าก่อนเกิดเหตุนายกล้องได้มาอาศัยอยู่กับภรรยาและพ่อตาแม่ยายที่ศาลาประชาคมหมู่บ้าน
9-9604-10.wav	ไปต่อกันที่อำเภอบางบัวทองจังหวัดนนทบุรีผมพาไปที่วัดสร้างใหม่
9-9604-35.wav	ส่วนที่วัดจิกสูงนะครับอำเภอเมืองจังหวัดปราจีนบุรีนะครับ
9-9604-7.wav	ทางวัดก็นำมาจากวัดเจดีย์ที่จังหวัดนครศรีธรรมราช
9-9607-17.wav	อ่ะคลิปเนี้ยผู้เสียหายก็ถ่ายเอาไว้เพราะพาตำรวจไปถึงบ้านของนายคนนี้ค่ะ
9-9607-19.wav	อยู่ที่หมู่บ้านแห่งหนึ่งค่ะย่านคลอง5ถนนรังสิตนครนายกที่จังหวัดปทุมธานี
9-9607-28.wav	หนึ่งในผู้เสียหายที่ชื่อว่านางสาวเจนอายุ24ปี
9-9607-48.wav	ไม่รู้ว่าตัวนายคนนี้เนี่ย
9-9609-71.wav	ขอฝากนายกว่าต้องเร่งดำเนินการทำให้นโยบายแจกเงินดิจิทัล
9-9610-45.wav	จังหวัดนครราชสีมาให้เหตุผลที่ต้องบรรทุกอ้อยครั้งละมาก
9-9611-0.wav	ที่จังหวัดสุราษฎร์ธานีค่ะจะพาไปดูอาหารทานเล่นแบบปักษ์ใต้
9-9612-97.wav	กลับไปจัดพิธีที่วัดบ้านทรายอำเภอบ้านหมี่จังหวัดลพบุรีนะคะ
9-9616-129.wav	เราจะเดินทางทางของเราที่จะผ่านสื่อนะครับ
9-9617-169.wav	ที่จะยกทัพหลากหลายเมนูเส้นจากหลายจังหวัดมาเสิร์ฟถึงหน้าจอ
9-9618-0.wav	ส่วนคดียิงกันเสียชีวิตในร้านอาหารแห่งหนึ่งย่านบางแสนจังหวัดชลบุรี
9-9622-11.wav	ที่โรงเรียนอนุบาลชัยนาทอำเภอเมืองจังหวัดชัยนาทนะครับ
9-9624-13.wav	เขตท่าศาลาจังหวัดนครศรีธรรมราชนะครับ
9-9624-42.wav	เดินทางมาทำงานแล้วมาเก็บสายเคเบิ้ลในจุดดังกล่าว
9-9626-113.wav	มาดูข้อมูลจากนายอนุทินชาญวีรกูลรองนายกรัฐมนตรีและรัฐมนตรีว่าการกระทรวงสาธารณสุขค่ะ
9-9626-138.wav	แล้วก็จังหวัดอื่นๆนะฮะคะแล้วก็ในพื้นที่อื่นๆของทางภาคกลางของประเทศ
9-9626-158.wav	ยังมีพื้นที่ปลอดภัยอยู่ครับคือฮงแดและเมียงดงก็คือย่านท่องเที่ยว
9-9626-253.wav	อยู่แถวอำเภอบางใหญ่จังหวัดนนทบุรีเอ่อ
9-9627-23.wav	ร้านของเขาถือว่าเป็นร้านแรกของจังหวัดพะเยานะคะ
9-9628-487.wav	พอเดินทางมาได้สักพักนึงก็พอจะเข้าใจแล้วครับเพราะว่าเพื่อนรุ่นเดียวกันโทรศัพท์
9-9628-497.wav	ผมก็เดินทางทุกศาลทุกที่ที่ทางธรรมศาสตร์บอกมา
9-9628-536.wav	นายโน้ตจะโล่งใจมากขึ้นแล้วก็5ที่ผ่านมาเนี่ยจริงจริงแล้ว
9-9632-104.wav	จังหวัดของท่านอยู่ตรงจุดนี้หรือเปล่าสีเหลืองก็หนักเช่นเดียวกันนะคะครับเนี่ยคะ
9-9634-0.wav	ไปดูเหตุอาชญากรรมที่เกิดขึ้นที่จังหวัดอุดรธานีกันบ้างนะคะ
9-9634-38.wav	วันนี้2สามีภรรยาเขาก็เลยเดินทางไปแจ้งความกับตำรวจ
9-9639-19.wav	ต้องขอเดินทางมาสักครั้งด้วยตัวเองค่ะ
9-9639-28.wav	เจ้าเมืองคนแรกของจังหวัดระนองเป็นเจ้าของ
9-9639-29.wav	ที่นี่จึงเปรียบดังจิ๊กซอที่ประติดประต่อเรื่องราวอดีตของจังหวัดระนองเอาไว้
9-9639-2.wav	7จังหวัดบนพื้นแผ่นดินกว่า5แสนตารางกิโลเมตรที่รวมกันเป็นประเทศไทย
9-9641-21.wav	ก็ได้มีการเดินทางมาที่กองบังคับการปราบปรามค่ะ
9-9641-25.wav	หลังจากที่ตำรวจกองปราบปรามนะคะได้มีการปูพรมค่ะลงพื้นที่ที่จังหวัดกาญจนบุรีค่ะ
9-9641-29.wav	โดยในวันนี้ค่ะการประชุมนั้นจะเป็นการนำสำนวนที่พนักงานสอบสวนกว่า40นายนะคะ
9-9641-62.wav	ขณะที่นายตำรวจทั้ง4นายที่ทำคดีนะคะก็อยู่ระหว่างการสอบสวนค่ะ
9-9641-64.wav	และยืนยันนะคะว่าการสอบสวนตำรวจทั้ง4นายนั้นไม่ได้เป็นไปอย่างเคร่งเครียดค่ะ
9-9641-66.wav	ส่วนกระแสข่าวนะคะที่ว่าจะมีการย้ายผู้บังคับการตำรวจภูธรจังหวัดกาญจนบุรีนั้นก็ไม่เป็นความจริงค่ะ
9-9641-67.wav	ขอให้รอความชัดเจนจากที่ประชุมนะคะด้านพยานนะคะเช่นในแผนและนางกุ้งค่ะ
9-9642-11.wav	และคุ้มครองเด็กจังหวัดสระบุรีเช่นเดียวกันกับอีก4คน
9-9642-44.wav	มาอยู่ในความดูแลของบ้านพักเด็กและครอบครัวจังหวัดสระบุรี
9-9642-6.wav	จังหวัดสระบุรีครับเพื่อให้ศาลไต่สวนและพิจารณา
9-9646-3.wav	เขาเข้ามาในร้านทองเมื่อวันพุธที่20พฤษภาคมที่ร้านทองเจียรนัยอยู่ที่ตำบลเวียงชัยจังหวัดเชียงรายนะคะ
9-9647-32.wav	หรือที่ชาวบ้านเรียกว่าวัดน้ำดิบอำเภอเมืองจังหวัดกำแพงเพชรนะฮะ
9-9647-6.wav	อำเภอบ้านฉางที่จังหวัดระยองนะฮะทดแทนรูปปั้นเก่าที่มันมีขนาดเล็กนะฮะนี่
9-9652-13.wav	ที่อำเภอเวียงเชียงรุ้งจังหวัดเชียงราย
9-9659-25.wav	นี่เป็นอีกหนึ่งจุดที่อยากจะให้ลองไปกันดูเพราะว่ามันเดินทางง่ายสะดวก
9-9664-22.wav	เหตุการณ์เกิดขึ้นบนถนนที่จะมุ่งหน้าเข้าจังหวัดปทุมธานี
9-9666-36.wav	นายธนาธรจึงรุ่งเรืองกิจอันนี้เป็นจำเลยที่1
9-9666-37.wav	นายไกลก้องไวทยการนายทะเบียนพรรคอนาคตใหม่
9-9666-47.wav	พลเอกประยุทธ์จันทร์โอชานายกรัฐมนตรีเดินทางไปประชุมที่สหประชาชาติ
9-9668-3.wav	นี่คือบรรยากาศของชาวบ้านตำบลวังหลวงอำเภอหนองม่วงไข่จังหวัดแพร่จ้า
9-9669-35.wav	มีนายตำรวจชั้นผู้ใหญ่นอกราชการคนหนึ่งที่รู้จักมานานเนี่ย
9-9669-86.wav	ประธานจำนวนช่วยเหลือเหยื่ออาชญากรรมค่ะก็เดินทางมาที่กองปราบ
9-9674-27.wav	แข่งขันที่สนามกีฬากลางจังหวัดสุพรรณบุรีค่ะ
9-9676-0.wav	คุณผู้ชมคะชาวจังหวัดสงขลาที่มีโอกาสรับเสด็จพระบาทสมเด็จพระปรมินทรมหาภูมิพลอดุลยเดช
9-9676-33.wav	นายสนิทจันวดีอายุ70ปี
9-9676-7.wav	อำเภอคลองหอยโข่งจังหวัดสงขลา
9-9680-9.wav	นายชัชชาติสิทธิพันธุ์นะครับผู้สมัครชิงผู้ว่ากทม.เบอร์8ครับ
9-9681-19.wav	เดินทางมาร่วมพิธีกันเป็นจำนวนมากเลย
9-9682-0.wav	ที่จังหวัดพิจิตรครับคุณผู้ชมครับเกิดเหตุกับลูกสาวอายุ4ขวบ
9-9682-42.wav	ล่าสุดครับสาธารณสุขจังหวัดพิจิตรครับ
9-9682-5.wav	เหตุเกิดที่จังหวัดพิจิตรเป็นเหตุสุดสลดพ่อร้องลูกสาว4ขวบเป็นไข้หวัด
9-9683-20.wav	ไม่อนุญาตให้ประกอบกิจกรรมท่องเที่ยวทุกรูปแบบ
9-9683-25.wav	ไม่อนุญาตให้ประกอบกิจกรรมท่องเที่ยวทุกรูปแบบเช่นเดียวกัน
9-9683-27.wav	แจ้งให้ผู้ประกอบการเรือนำเที่ยวทั้งในพื้นที่จังหวัดกระบี่
9-9683-3.wav	เขาได้มีการประกาศปิดทะเลรอบเกาะยูงจังหวัดกระบี่นะคะ
9-9684-46.wav	ที่ตัวอำเภอเมืองจังหวัดขอนแก่น
9-9685-11.wav	วัดดอนงิ้วตำบลนาตาลอำเภอนาตาลจังหวัดอุบลราชธานี
9-9686-10.wav	ตอนนี้นะคะงานศพจัดอยู่ที่จังหวัดพิจิตรนะคะ
9-9687-6.wav	เกิดขึ้นเมื่อคืนเมื่อวานนี้ค่ะบ้านอยู่ที่อำเภอเฉลิมพระเกียรติจังหวัดบุรีรัมย์
9-9688-0.wav	ท่านประธานที่เคารพกับผมนายชลน่านศรีแก้ว
9-9688-15.wav	จากหลักการและเหตุผลที่นายกรัฐมนตรีแถลงประกอบกับรายละเอียดประกอบ
9-9688-262.wav	จังหวัดซึ่งตามกฎหมายแล้วเป็นผู้ว่าระบาดหนักครับท่าน
9-9688-304.wav	สู้น่านบ้านผมก็ไม่ได้สู้จังหวัดต่างๆที่อยู่นอกจะไม่ได้
9-9688-316.wav	งบประมาณด้านส่งเสริมสุขภาพที่จัดให้จังหวัดนะครับจัดให้กทม.
9-9688-436.wav	และที่สำคัญท่านประธานครับที่จังหวัดน่านบ้านผมเนี่ย
9-9690-33.wav	ดังนั้นนะตอนนี้นะคะมี12จังหวัดแล้วที่ห้ามขายเครื่องดื่มแอลกอฮอล์นะคะ
9-9690-47.wav	รวมแล้ว12จังหวัดนะคะ
9-9692-359.wav	โดยหลังจากเกิดเหตุได้เดินทางมาลงบันทึกประจำวันนะ
9-9692-368.wav	ในคดีหมิ่นประมาทด้วยการโฆษณาที่สภ.อาวนางจังหวัดกระบี่ด้วยตั้งแต่ปี64
9-9692-370.wav	แต่ว่าตนเองเนี่ยต้องเดินทางไปพบพนักงานสอบสวนด้วยที่จังหวัดกระบี่ภายในสัปดาห์นี้
9-9692-536.wav	ไปดูเรื่องของนายฮารุกันบ้างนะคะ
9-9692-546.wav	ก็จะมีนางสาวไข่มุกแล้วก็นางสาวพลอยนะคะ
9-9692-553.wav	แล้วก็บอกบอกว่ายาทั้งหมดนายฮารุเป็นคนซื้อให้
9-9692-571.wav	ในส่วนของนายฮารุนี่มีการแบบว่าใช้จิตวิทยาในการพูด
9-9692-607.wav	แล้วก็วัดค่าปอดก่อนนางจะไหว้
9-9693-39.wav	มีแม่อีกหน่อยแม่ก็ไม่เห็นหน้านายตลอดชีวิตแล้ว
9-9694-139.wav	แล้วก็จะช่วยการเดินทางช่วยประหยัดน้ำมันช่วยประหยัดชีวิต
9-9694-23.wav	แต่ก็เนื่องจากเศรษฐกิจของอีสาน20จังหวัด
9-9694-2.wav	จากจังหวัดนครราชสีมานะครับผมต้องขอขอบคุณท่านประธานนะฮะ
9-9694-71.wav	ขากลับเช่นกันครับพี่น้องเดินทางกลับจากอีสาน
9-9695-0.wav	คุณผู้ชมครับในเรื่องของการเมืองถึงแม้ตอนนี้ตัวนายพิธาลิ้มเจริญรัตน์นะครับ
9-9695-18.wav	รางวัลเลขท้าย2ตัวที่ไปช่วยอุดหนุนแม่ค้ามา2ใบตอนลงพื้นที่ขอบคุณพี่น้องชาวจังหวัดลำพูน
9-9695-27.wav	ทำไมการขึ้นดำรงตำแหน่งนายกรัฐมนตรีของนายพิธาถึงได้มีอุปสรรคมากมาย
9-9696-101.wav	ซึ่งเรื่องนี้นายราเมศรัตนะเชวงโฆษกพรรคประชาธิปัตย์ก็บอกว่าเข้าใจ
9-9698-13.wav	อ่าทีมข่าวเราก็เลยเดินทางไปที่บ้านของป้าหลานคู่นี้
9-9698-14.wav	อยู่ตำบลหนองยางในอำเภอเฉลิมพระเกียรติจังหวัดนครราชสีมาค่ะ
9-9700-12.wav	คือทั้งหมดเนี่ยเดินทางกลับจากอู่ฮั่นตั้งแต่วันที่4กุมภาพันธ์
9-9700-5.wav	เมื่อวานนี้เดินทางกลับถึงบ้านเกิดเมืองนอนภูมิลำเนาของตัวเองแล้วนะคะ
9-9701-136.wav	แต่ว่าทางสาธารณสุขจังหวัดบอกว่ามาถึงบ่าย2
9-9701-144.wav	ซึ่งตรงนี้มันขัดแย้งกับการชี้แจงของทางเจ้าหน้าที่อนามัยแล้วก็สาธารณสุขจังหวัดนะครับ
9-9701-146.wav	ทางรองสาธารณสุขจังหวัดชี้แจงว่าเรื่องนี้ก็ต้องไปตรวจสอบเพิ่มเติม
9-9701-154.wav	เรื่องนี้ทางสาธารณสุขจังหวัดนะครับ
9-9701-155.wav	นายแพทย์นนท์จินดาเวชซึ่งเป็นรองนายแพทย์สาธารณสุขจังหวัดสมุทรปราการบอกว่า
9-9701-18.wav	ในตำบลบางโฉลงอำเภอบางพลีจังหวัดสมุทรปราการ
9-9701-286.wav	ก็เป็นไปตามที่รองนายแพทย์สาธารณสุขจังหวัดได้ชี้แจงไปแล้ว
9-9701-3.wav	ทางโรงเรียนก็พาไปส่งที่โรงพยาบาลส่งเสริมสุขภาพในจังหวัดสมุทรปราการครับ
9-9701-69.wav	คุณพ่อก็มาจากที่ทำงานเลยนะจากจังหวัดปทุมธานีนั่งแท็กซี่มาเลยอือ
9-9701-89.wav	ตำบลบางโฉลงอำเภอบางพลีจังหวัดสมุทรปราการเนี่ย
9-9702-40.wav	ไปโรงพยาบาลเนี่ยเดินทางก็จะได้สะดวก
9-9703-0.wav	การจับกุมผู้ต้องหาในคดีค้ายาเสพติดพื้นที่จังหวัดสมุทรปราการนะคะ
9-9703-39.wav	ซอยบางปลาย22ก็เลยนำกำลังชุดปฏิบัติการพิเศษกว่า20นาย
9-9703-7.wav	ตำรวจชุดสืบสวนสถานีตำรวจภูธรจังหวัดสมุทรปราการ
9-9704-2.wav	ส่วนพสกนิกรที่เดินทางไปเข้าเฝ้าทูลละอองธุลีพระบาทรับเสด็จพระบาทสมเด็จพระเจ้าอยู่หัว
9-9704-8.wav	นางหทัยชนกปันนารมย์ชาวจังหวัดนนทบุรีที่เดินทางมาเฝ้ารอรับเสด็จมาตั้งแต่ช่วงเที่ยงวันนี้นะครับ
9-9712-17.wav	เป็นชาวประมงที่แหลมตะลุมพุกอำเภอปากพนังจังหวัดนครศรีธรรมราชนะคะ
9-9712-37.wav	ล่าสุดค่ะมีนักธุรกิจคนหนึ่งจากจังหวัดภูเก็ต
9-9713-13.wav	รองเจ้าคณะจังหวัดพะเยาเจ้าอาวาสวัดลีอำเภอเมืองจังหวัดพะเยา
9-9715-177.wav	แต่ช่วงจังหวะที่เราเรากำลังคิดอยู่
9-9715-2817.wav	มากใช่แล้วก็เจาะจงจะเป็นที่จังหวัดนี้ด้วยแสดงว่าที่
9-9715-605.wav	พี่อะจะกลับไปบ้านพี่ที่จังหวัดนี้แหละ
9-9717-51.wav	แล้วก็เป็นคนถ่ายคลิปเป็นชาวตำบลเมืองนะอำเภอเชียงดาวจังหวัดเชียงใหม่
9-9717-61.wav	สุดท้ายเนี่ยพากันเดินทางกลับเขาให้กินยาพาราวัดความดันก็เดินทางกลับ
9-9719-145.wav	คนในคนใน34จังหวัดที่อาจารย์เอ่ยถึงว่าเขาควรจะได้มีโอกาสเลือกส.ส.เพิ่มขึ้นมาอีก1คนเนี่ย
9-9719-91.wav	แล้วมันมีผลทำให้บางจังหวัด
9-9719-92.wav	บางจังหวัดกลับได้ส.ส.เพิ่มขึ้น
9-9720-42.wav	หาวิธีการที่จะเดินทางให้เร็วกว่าเดิม
9-9721-22.wav	พลเอกประยุทธ์เดินทางต่อไปยังศาลากลางจังหวัดเชียงรายไปเป็นสักขีพยานพิธีมอบหนังสือ
9-9721-39.wav	ทีนี้ก่อนเดินทางออกจากศาลากลางจังหวัดเชียงรายนะคะ
9-9721-8.wav	ไปติดตามการดำเนินการดูแลผู้สูงอายุของจังหวัดเชียงรายก่อน
9-9723-91.wav	ทีมข่าวเดินทางไปที่บ้านของหมู่โด้
9-9730-3.wav	ซึ่งจะจัดขึ้นที่ไร่ทองสมบูรณ์คลับอำเภอปากช่องจังหวัดนครราชสีมาในวันที่7-9มกราคมที่ผ่านมา
9-9731-283.wav	อ่าวอุดมอำเภอศรีราชาจังหวัดชลบุรีตรงนั้นน่ะแน่นเลยคือการจราจรติดขัดครับ
9-9731-342.wav	แต่ไม่เคยหมดสักทีคลิปวิดีโอนี้นะครับทางกลุ่มอนุรักษ์และนักสำรวจถ้ำในจังหวัดกระบี่นะครับ
9-9731-343.wav	ก็พานักท่องเที่ยวชาวต่างชาติเนี่ยเข้าไปเที่ยวชมความงามของถ้ำคลังในพื้นที่อำเภออ่าวลึกจังหวัดกระบี่ครับ
9-9731-351.wav	โบราณคดีในจังหวัดกระบี่บอกว่าถ้ำคลังเนี่ยนะคะ
9-9731-355.wav	จะบอกแบบนี้ที่จังหวัดกระบี่เนี่ยถ้ำเยอะนะ
9-9731-371.wav	ที่โรงงานแห่งนึงในจังหวัดสมุทรสาครกันหน่อย
9-9731-376.wav	ที่ทำงานอยู่ที่อำเภอเมืองจังหวัดสมุทรสาครเนี่ยนะ
9-9731-386.wav	โอ้โหผมสัมผัสได้เหมือนวิญญาณของนายหนุ่มมาตามหลอกตามหลอนอยู่ค่ะ
9-9731-389.wav	ซึ่งก็อนุญาตให้ทีมข่าวของเราเข้าไปดูจุดที่นายหนุ่มเนี่ยผูกคอตาย
9-9731-390.wav	พบว่าเป็นจุดที่วางเครื่องจักรโดยนายหนุ่มเนี่ยก็ปีนขึ้นไปด้านบน
9-9731-393.wav	ก่อนเสียชีวิตนายหนุ่มใช้ปากกาเมจิกปากกาเมจิกสีแดงเนี่ย
9-9731-414.wav	ภรรยาของนายหนุ่มนิมนต์พระมาทำพิธีเชิญดวงวิญญาณไปแล้ว
9-9731-89.wav	มีนะตัวอย่างอย่างที่จังหวัดสุโขทัยเขาก็ทำการปรับปรุงโรงพักเก่าให้กลายเป็นแหล่งท่องเที่ยว
9-9733-133.wav	พลตำรวจตรีโชคชัยเหลืองอ่อนรองผู้บัญชาการตำรวจภูธรภาค1เดินทางมาในพิธีรดน้ำศพด้วยนะครับ
9-9733-5.wav	ตำรวจเขาก็มาเพื่อระงับเหตุสุดท้ายถูกยิงเสียชีวิตไป1นายครับ
9-9736-161.wav	ตะเคียนทองมายังบ้านของนางสาวพรทิพย์คนนี้
9-9737-29.wav	อันนี้คือเขาก็แปลกใจไงหลังจากนั้นเนี่ยก็เดินทางไปดูรถ
9-9739-18.wav	บนถนนศาลายาบางภาษีที่พุทธมณฑลจังหวัดนครปฐมค่ะ
9-9740-19.wav	เป็นภรรยาแล้วก็นางเรียม
9-9745-26.wav	ทีนี้ทางด้านของนางสาวเอคนเสียหายเนี่ย
9-9745-27.wav	เนี่ยเธอบอกแบบนี้ว่าตัวเธอกับนายอ้นนี่นะฮะ
9-9745-44.wav	คือเธอบอกว่าเธอไม่กลับไปคืนดีกับนายอ้นแน่นอน
9-9745-50.wav	พอพูดคุยเสร็จคุณกันก็เดินทางไปที่บ้านของนายอ้น
9-9745-52.wav	เจอเพียงแค่พ่อกับแม่แล้วก็น้องชายของนายอ้น
9-9745-53.wav	คุณกันก็นั่งคุยกับทางครอบครัวของนายอ้นนะคะ
9-9745-54.wav	แล้วพยายามบอกให้น้องชายของนายอ้นนะโทรศัพท์
9-9745-82.wav	แล้วก็เห็นสภาพรถแบบนี้นางสาวเอบอก
9-9748-26.wav	ที่อำเภอนางรองจังหวัดบุรีรัมย์อะค่ะ
9-9751-1.wav	ก็คือเหตุการณ์ฟ้าผ่าครับซึ่งนี่เป็นเหตุการณ์ที่เกิดขึ้นที่จังหวัดขอนแก่นนะครับ
9-9752-1.wav	ชาวบ้านตกใจยกจังหวัดเลยนะคะ
9-9754-46.wav	ที่รับมาจากพระสงฆ์ในจังหวัดลำปางนะ
9-9759-1.wav	มาเลยจ้าใครที่ผ่านไปผ่านมาแถวตำบลธรรมเสนอำเภอโพธารามจังหวัดราชบุรี
9-9763-16.wav	เพราะว่าประชาชนและนักท่องเที่ยวมักจะเดินทางมากราบไหว้รอยพระพุทธบาทศักดิ์สิทธิ์อายุราว2พันปี
9-9763-33.wav	รวมไปถึงแหล่งน้ำที่ทำการเกษตรตามพื้นที่ต่างๆในจังหวัดนครพนม
9-9763-38.wav	ตอนนี้เนี่ยชลประทานจังหวัดก็มีการเร่งการเก็บน้ำเอาไว้
9-9763-73.wav	ยอมรับเลยว่าตอนนี้เป็นห่วง13จังหวัดภาคอีสานแล้วก็อีก10จังหวัดภาคเหนืออย่างมาก
9-9764-14.wav	กับอาสาสมัครมูลนิธิร่วมกตัญญูจังหวัดชัยนาท
9-9765-1.wav	ร้านขายของชำแห่งหนึ่งที่จังหวัดขอนแก่นนะครับ
9-9765-30.wav	ในพื้นที่จังหวัดขอนแก่นจับภาพได้เลยนะครับ
9-9765-36.wav	เมื่อวานนี้ตำรวจสภ.พลจังหวัดขอนแก่นลงพื้นที่ร้านที่เกิดเหตุนะครับ
9-9769-22.wav	จังหวัดนครศรีธรรมราชนะครับเหตุการณ์เกิดขึ้นหกโมงเช้า
9-9770-0.wav	อีกหนึ่งเหตุสลดเกิดขึ้นในจังหวัดนครศรีธรรมราช
9-9770-11.wav	เหตุการณ์นี้เกิดขึ้นในห้องนอนที่บ้านหลังหนึ่งในอำเภอทุ่งสงจังหวัดนครศรีธรรมราช
9-9771-16.wav	ที่บ้านเลขที่307หมู่ที่3ตำบลบ้านดู่อำเภอเมืองจังหวัดเชียงรายนะคะ
9-9771-1.wav	เป็นเหตุการณ์สะเทือนขวัญเกิดขึ้นที่จังหวัดเชียงราย
9-9771-20.wav	ภายในห้องนอนพบศพที่2เป็นเมียของนายอุดม
9-9771-33.wav	เล่าบอกว่าผู้เสียชีวิตศพแรกก็คือนายอุดมเนี่ย
9-9771-35.wav	ส่วนภรรยาของนายอุดมทำงานอยู่ที่เทศบาลตำบลแม่ลาว
9-9772-24.wav	บอกว่าตัวเธอเป็นคนจังหวัดตรังแต่เพิ่งกลับมาจากประเทศบรูไน
9-9772-28.wav	เพื่อจะไปสถานีขนส่งสายใต้เธอจะนั่งรถทัวร์กลับบ้านที่จังหวัดตรังไง
9-9772-32.wav	เอ้ยไปขนส่งหมอชิตดีกว่าเดินทางสะดวกกว่าไม่ต้องไปหรอกสายใต้
9-9772-34.wav	เออบอกเดินทางสะดวกกว่าไม่รู้สะดวกใครแต่เขาบอกแบบนี้
9-9774-16.wav	ผมจะขอเฉลยจากเรื่องจังหวัดตากครับ
9-9774-18.wav	เขื่อนใดที่อยู่ในจังหวัดตาก
9-9774-25.wav	เขื่อนภูมิพลก็คืออีก1สถานที่มีชื่อเสียงของจังหวัดตากนะครับ
9-9774-3.wav	เป็นวินาทีที่เรามาเอาใจช่วยครอบครัวของน้องทีจากจังหวัดตากนะครับว่า
9-9774-81.wav	สำหรับครอบครัวของน้องทีจากจังหวัดตากในวันนี้นะครับ
9-9776-101.wav	อยู่ที่วัดข้างวัดเพหลาอำเภอคลองท่อมจังหวัดกระบี่นะครับ
9-9776-107.wav	ที่ผ่านมาไม่เคยเห็นนายประจวบมาช่วยเมียขายของเลย
9-9776-117.wav	ได้รับตัวนายประจวบมาจากตำรวจที่สงขลาแล้วนะครับ
9-9776-12.wav	นี่คือคนก่อเหตุนะครับนายประจวบนวลจันทร์อายุ50ปีนะครับ
9-9776-13.wav	คือทางป้าสาวเนี่ยถูกนายประจวบทำร้าย
9-9776-14.wav	จนเสียชีวิตในบ้านพักที่พื้นที่ตำบลเพหลาอำเภอคลองท่อมจังหวัดกระบี่นะครับ
9-9776-16.wav	และเมื่อวานนี้ตำรวจตามไปจับนายประจวบได้
9-9776-17.wav	หนีไปอยู่ที่บ่อเลี้ยงกุ้งในพื้นที่อำเภอระโนดจังหวัดสงขลา
9-9776-19.wav	ที่นายประจวบใช้มีดพระเนี่ยฟันภรรยาตัวเองจนเสียชีวิตนะครับ
9-9776-20.wav	สืบเนื่องมาจากนายประจวบที่เป็นสามีโมโหที่เห็นภรรยาก็คือป้าสาวเนี่ย
9-9776-31.wav	วัดคลองเฉลิมที่ตำบลคลองเฉลิมอำเภอกงหราจังหวัดพัทลุง
9-9776-34.wav	แต่บ้านเกิดเนี่ยญาติๆอยู่ที่จังหวัดพัทลุง
9-9776-39.wav	กับคำโกหกกล่าวอ้างของพ่อเลี้ยงของเธอคือนายประจวบ
9-9776-44.wav	ว่าพฤติกรรมของนายประจวบที่มีศักดิ์เป็นพ่อเลี้ยงของเธอเนี่ย
9-9776-45.wav	เธอบอกเธอขอแฉหน่อยมันสุดทนจริงๆแม่เธอไปอยู่กินกับนายประจวบ
9-9776-47.wav	นายประจวบพ่อเลี้ยงเนี่ยเป็นคนที่โมโหร้ายมาก
9-9776-51.wav	เพราะนายประจวบขู่ว่าจะตามไปฆ่าฆ่าทั้งแม่ทั้งลูก
9-9776-53.wav	ตอนนั้นถูกนายประจวบเอาแก้วอะที่ทุบไปแล้วเนี่ยนะ
9-9776-56.wav	นายประจวบไม่ได้ช่วยแม่นะฮะค่ะกระชากสร้อยคอทองคำจากคอแม่
9-9776-60.wav	แต่พฤติกรรมของนายประจวบก็ไม่เคยดีขึ้น
9-9776-61.wav	ที่นายประจวบพ่อเลี้ยงของเธออ้างว่าเห็นแม่เนี่ย
9-9776-68.wav	จะได้เอามาใช้ในการค้าขายเพราะนายประจวบเนี่ย
9-9776-70.wav	นายประจวบเนี่ยเอารถไปใช้เองเมื่อวานเขาหาว่า
9-9776-76.wav	นายประจวบนั่นแหละไม่ยอมให้แม่เธอเนี่ยทำมาหากิน
9-9776-83.wav	เธอถูกนายประจวบใช้มีดฟันจนเสียชีวิต
9-9776-87.wav	ก็ถูกนายประจวบเนี่ยขโมยไปด้วยหลังจากเกิดเหตุ
9-9776-88.wav	บอกว่าขอให้ตำรวจดำเนินคดีกับนายประจวบให้ถึงที่สุดนะครับ
9-9776-90.wav	เพราะเชื่อว่านายประจวบตั้งใจจงใจวางแผนฆ่าแม่ของเธอ
9-9777-15.wav	นะครับนอกจากนี้ก็ยังใช้ได้ให้มีการสั่งการให้นายอนันต์
9-9778-1.wav	ในพื้นที่จังหวัดกาฬสินธุ์หลังจากที่เขาไปมีเรื่องกันในสถานบันเทิงแห่งนึง
9-9779-54.wav	ทีมข่าวก็เลยเดินทางไปที่ชุมชนปากเกร็ดร่วมใจ7เพื่อไปตามหากลุ่มผู้ก่อเหตุ
9-9781-61.wav	วันนี้ความจริงนี่นะคะเรานัดรองผู้บัญชาการตำรวจท่องเที่ยว
9-9781-72.wav	ค่ะรองเสียดายถ้ายังเดินทางมาทันก่อนถึง20:00.มานะคะ
9-9783-5.wav	นี่เป็นแถวชายหาดบางเทานะอำเภอถลางจังหวัดภูเก็ตครับ
9-9787-20.wav	ก็อยู่ที่อำเภอละแมจังหวัดชุมพร
9-9789-0.wav	พาไปดูเหตุการณ์ที่จังหวัดอุดรธานีกันหน่อยนะคะ
9-9790-14.wav	ทั้ง3รายเนี่ยยังไม่ได้เดินทางมาแต่อย่างใดนะ
9-9790-5.wav	เดินทางเข้าพบพนักงานสอบสวนเพื่อลงบันทึกประจำวัน
9-9791-10.wav	จังหวัดกำแพงเพชรซึ่งทางกลุ่มแฟนเพลงของแม่ผึ้ง
9-9791-28.wav	ที่จังหวัดสุพรรณบุรีกลุ่มแฟนเพลง
9-9792-118.wav	ทั้งในจังหวัดกาญจนบุรีและต่างจังหวัด
9-9792-49.wav	โกได้ยินมาว่าร้านโกเนี่ยเรียกได้ว่าติด1ใน10ของร้านอาหารที่อำเภอท่าม่วงจังหวัดกาญจนบุรี
9-9792-54.wav	ภูมิใจร้านดังครับภูมิใจดีใจนะอะใครอยากจะมาร้านโกเนี่ยเดินทางมายังไง
9-9793-5.wav	ในจังหวัดฉะเชิงเทรานะครับ
9-9795-18.wav	หลังจากเกิดเหตุการณ์ที่เขาอ่าถ้ำหลวงขุนน้ำนางนอนนะครับ
9-9795-38.wav	เดินทางไปที่ท่าอากาศยานสุวรรณภูมิขา
9-9795-39.wav	เป็นเดินทางขาออกไปต่างประเทศนะครับ
9-9795-3.wav	หลังจากที่พระครูบาบุญชุ่มเดินทางไปทำพิธีที่ถ้ำหลวงขุนน้ำนางนอนค่ะ
9-9795-57.wav	ได้ออกมาจากถ้ำหลวงขุนน้ำนางนอนเป็นที่เรียบร้อยแล้ว
9-9796-6.wav	ใหญ่จริงๆครับร้านนี้ชื่อว่าร้านโกะก๋วยเตี๋ยวชามยักษ์ในพื้นที่ตำบลคลองแม่ลายอำเภอเมืองจังหวัดกำแพงเพชรนะครับ
9-9797-31.wav	ผู้ที่ได้รับบาดเจ็บคือนางสาวอรสา
9-9797-48.wav	ล่าสุดตัวแทนคู่กรณีฝั่งรถบัสรับส่งผู้โดยสารเดินทางมาไกล่เกลี่ยครอบครัวผู้เสียหายแล้วนะ
9-9799-9.wav	งานนี้ค่ะจัดขึ้นที่วัดแห่ง1ในตำบลเชียงทองอำเภอวังเจ้าจังหวัดตากนะฮะ
9-9800-13.wav	จุดที่เกิดเหตุอยู่ในห้องเช่าที่อำเภอพระประแดงจังหวัดสมุทรปราการค่ะ
9-9804-337.wav	ทำนายฝันยอดฮิตกันดีกว่าคุณผู้ชมค่ะ
9-9804-430.wav	เดินทางมาดูเนื่องจากเป็นสิ่งที่แปลก
9-9807-21.wav	จากสภาพอากาศที่หนาวเย็นของจังหวัดเชียงรายเขาบอกว่าเย็นลงต่อเนื่องเลยนะ
9-9807-24.wav	เขาบอกว่าน้ำเต้าหู้และปาท่องโก๋ร้านนี้ฟางฟางชื่อร้านฟางฟางครับในเขตเทศบาลอำเภอเมืองจังหวัดเชียงราย
9-9807-34.wav	ใครที่อยู่ที่จังหวัดเชียงรายอยากจะลองไปทาน
9-9808-13.wav	ทางนี้นะครับเจ้าแหลมยังชวนคุณพ่อคุณแม่นะครับไปเที่ยวที่จังหวัดชุมพรอีกด้วยหลังจากการชกอุ่นเครื่องด้วย
9-9808-4.wav	เข้าพิธีหมั้นแบบเรียบง่ายกับแฟนสาวใหม่ที่จังหวัดชุมพรปรากฏในโลกโซเชียล
9-9808-5.wav	เมื่อวานนี้ก็มีผู้สื่อข่าวไปสอบถามคุณพ่อคุณแม่ของเจ้าแหลมนะครับที่บ้านเกิดในจังหวัดศรีสะเกษ
9-9809-31.wav	ตำรวจเนี่ยต้องจัดกำลังกว่า20นายนะคะดูแลความสงบเรียบร้อยระหว่างทำแผนค่ะ
9-9813-0.wav	ไปสงขลาหน่อยคุณผู้ชมฮะตำรวจสนธิกำลัง20นายนี่ฮะ
9-9813-17.wav	แล้วก็ให้เจ้าหน้าที่กับมีไม่ต่ำกว่า20นายนะ
9-9813-50.wav	ส่งโรงพักสะเดาจังหวัดสงขลาซึ่งเป็นพื้นที่เกิดเหตุครับ
9-9814-0.wav	พาไปที่จังหวัดชลบุรีบ้างนะครับที่นั่นเนี่ยโอ้โหเกิดอุบัติเหตุครับ
9-9814-8.wav	ตำบลสัตหีบอำเภอสัตหีบจังหวัดชลบุรี
9-9817-14.wav	จังหวะสองยิงทีก็ข้ามคานออกไปไกลและโอกาสของบุรีรัมย์ครับ
9-9820-116.wav	ผู้สื่อข่าวของเราก็เดินทางไปที่วัดครับก็ไปพูดคุยสนทนากับทางเจ้าอาวาส
9-9820-136.wav	ล่าสุดนั้นก็เดินทางมาร่วมพิธีช่วงก่อนเข้าพรรษานี่เองครับ
9-9820-17.wav	ซึ่งนายกรัฐมนตรีให้เหตุผลครับว่าแคนดิเดตทั้ง4นายอาวุโสเนี่ยไม่ต่างกันมากนัก
9-9820-26.wav	นะซึ่งวันนี้ท่านก็เดินทางมาพร้อมกับพระชั้นผู้ใหญ่และคณะศิษยานุสิต
9-9820-28.wav	เจ้าอาวาสวัดเทพนิมิตสุดเขตสยามจังหวัดเชียงราย
9-9820-75.wav	พลตำรวจเอกต่อศักดิ์นั้นเดินทางมาตรวจสอบ
9-9821-1.wav	เหตุการณ์นี้เกิดขึ้นที่โรงพยาบาลแห่ง1ครับที่จังหวัดเพชรบูรณ์
9-9821-53.wav	ใช่ค่ะทางสาธารณสุขจังหวัดเพชรบูรณ์นะคะ
9-9821-65.wav	ภรรยาของผู้ป่วยเนี่ยได้เดินทางมาตรวจ
9-9821-79.wav	หรือคนที่เดินทางมาจากพื้นที่อื่นหรือไม่เนี่ย
9-9821-85.wav	ซึ่งทางสาธารณสุขจังหวัดก็ขออภัยมาณที่นี้
9-9824-119.wav	แล้วก็บอกว่าจะดำเนินการลงโทษทหารนายนี้และยืนยันว่าจะให้ความเป็นธรรมกับครอบครัวของผู้เสียหาย
9-9824-142.wav	มาร่วมสอบปากคำด้วยค่ะอืมส่วนคำถามที่ว่าและทหารนายนี้
9-9824-168.wav	หลังที่อยู่ตรงกลางพอดีเลยนะค่ะระหว่างบ้านของจ่าทหารนายนี้
9-9824-38.wav	พฤติกรรมของทหารนายนี้เนี่ยคือชกผู้เสียหายเข้าไป7ครั้งครับ
9-9827-45.wav	พี่เขาจะต้องสั่งตรงมาจากทับสะแกจังหวัดประจวบคีรีขันธ์เท่านั้นโห
9-9827-52.wav	สั่งมาจากจังหวัดกาญจนบุรี
9-9829-3.wav	เจ้าของร้านขายของชำแล้วก็เป็นสำนักงานรถตู้นะครับเส้นทางมหาชัยแม่สอดในตำบลท่าสายลวดอำเภอแม่สอดจังหวัดตากครับ
9-9832-32.wav	วิ่งได้อย่างปลอดภัยไปถึงเป้าหมายอำเภอแม่สายจังหวัดเชียงรายนะ
9-9833-19.wav	ขณะนี้เจ้าหน้าที่ชลประทานจังหวัดเลยเร่งทำกาลักน้ำ
9-9833-2.wav	แล้วก็ที่จังหวัดกาญจนบุรีด้วย
9-9835-26.wav	แวะไปได้เลยนะคะที่กูบนาคาเฟ่อำเภอจุนจังหวัดพะเยา
9-9835-31.wav	ใช่คือจังหวัดพะเยาเป็นอีก1จังหวัดนะที่น่าไป
9-9835-9.wav	ครับอยู่บ้านเซี๊ยะหมู่ที่4ตำบลจุนอำเภอจุนจังหวัดพะเยา
9-9836-125.wav	คะถ้าลูกค้าอยากเดินทางมาง่ายเลยนั่งรถไฟฟ้ามาก็ได้
9-9836-141.wav	อร่อยกับก๋วยเตี๋ยวไก่ต้มยำมะนาวเจ้าเก่าประจำจังหวัดกำแพงเพชร
9-9839-11.wav	เขาเดินทางมากราบไหว้หลวงพ่อสมหวัง
9-9839-30.wav	ก็จะแจกจ่ายกล้วยให้กับสาธุชนที่เดินทางมากราบไหว้
9-9839-9.wav	จังหวัดนครปฐมนี่แหละค่ะ
9-9841-23.wav	เป็นชาวจังหวัดตรังยังนอนหมดสติอยู่เลยค่ะ
9-9843-19.wav	นี่คือความคืบหน้าของเหตุการณ์อุกอาจที่เกิดขึ้นในหาดใหญ่จังหวัดสงขลานะครับ
9-9845-10.wav	ร้านนี้ขายอยู่แถวจังหวัดอุทัยธานี
9-9846-1.wav	จังหวัดตรังที่มีเอ่อพี่สุภาพสตรีนะครับ
9-9847-26.wav	พื้นที่ภาคเหนือจังหวัดที่ต้องเฝ้าระวัง
9-9847-29.wav	ภาคเหนือจังหวัดเชียงใหม่เชียงราย
9-9847-2.wav	ใครที่จะวางแผนทำกิจกรรมกลางแจ้งเดินทางท่องเที่ยว
9-9847-33.wav	ใครที่อยู่บริเวณดังกล่าวติดตามประกาศเตือนภัยจากทางราชการด้วย
9-9847-34.wav	รวมไปถึงนักท่องเที่ยวนะครับที่จะเดินทางทำกิจกรรมกลางแจ้ง
9-9847-63.wav	ใครที่จะเดินทางทำกิจกรรมกลางแจ้งตรวจสอบสถานการณ์ฟ้าฝน
9-9848-43.wav	6จังหวัดยกเว้นกรุงเทพฯนะคะ
9-9848-44.wav	ของจังหวัดจะเริ่มฉีดนะคะให้กับคนที่มีอายุ18ปี
9-9848-52.wav	และย้ำว่ามีวัคซีนกระจายให้ทุกจังหวัดแน่นอน
9-9848-53.wav	ผู้สื่อข่าวค่ะถามย้ำนายกว่า
9-9848-59.wav	งบประมาณท้องถิ่นแต่ละจังหวัดมีเท่ากันหรือไม่
9-9848-68.wav	แต่ว่าตอนนี้เพจของแต่ละจังหวัดหลายจังหวัดเขาโฆษณาไปแล้วนะค่ะ
9-9848-86.wav	แจงกันระหว่างส่วนกลางกับส่วนจังหวัด
9-9850-12.wav	หลายคนยังมองว่าการเดินทางมาจองด้วยตัวเองนั้นทำให้รู้สึกเป็นส่วน1ในช่วงของประวัติศาสตร์นะฮะ
9-9850-5.wav	หลายคนอยากไปจองด้วยตัวเองก็เดินทางไปตั้งแต่ตี5เลยของเมื่อวานนะครับ
9-9851-10.wav	ในพื้นที่ตำบลห้วยกะปิอำเภอเมืองจังหวัดชลบุรี
9-9851-1.wav	ด้วยเหตุการณ์ที่เกิดขึ้นที่จังหวัดชลบุรีกันก่อนนะครับ
9-9853-1.wav	ฆ่าพ่อตัวเองที่จังหวัดขอนแก่นแล้วก็หลบหนี
9-9853-42.wav	แต่ก็กลับไปอยู่บ้านกับพ่อที่ตำบลบ้านผืออำเภอหนองเรือจังหวัดขอนแก่น
9-9853-8.wav	ฆ่าเสร็จแล้วก็ทิ้งศพเอาไว้ในบ้านหลายวันที่จังหวัดขอนแก่น
9-9854-108.wav	ผู้การจังหวัดชลบุรีเนี่ยได้สั่งการให้ชุดสืบสวน
9-9854-112.wav	เดินทางออกจากจังหวัดชลบุรีไปต่างจังหวัดแล้วนะฮะ
9-9854-17.wav	เมาน์เทนบีผับจังหวัดชลบุรีกว่า13ราย
9-9855-24.wav	นี่เป็นเหตุการณ์ที่สวนทุเรียนหมู่4ตำบลพลวงอำเภอเขาคิชฌกูฏจังหวัดจันทบุรีนะคะ
9-9856-25.wav	โดยเฉพาะพื้นที่4อำเภอของจังหวัดบึงกาฬคือ
9-9856-43.wav	และมีฝนตกหนักบางแห่งบริเวณจังหวัดมุกดาหาร
9-9857-3.wav	และเพิ่มมูลค่าการผลิตจากน้ำผึ้งชันโรงแก่ชุมชนในพื้นที่จังหวัดขอนแก่น
9-9859-24.wav	เพื่อช่วยทางด้านของคดีให้กับนางนุ้ย
9-9857-5.wav	ใต้แนวสายส่งการเลี้ยงผึ้งชันโรงในพื้นที่จังหวัดขอนแก่น
9-9859-37.wav	ผู้อำนวยการสำนักยุติธรรมจังหวัดนครพนม
9-9859-48.wav	ที่เดินทางมาให้ข้อมูลกับเจ้าหน้าที่ยุติธรรมจังหวัด
9-9859-50.wav	หญิงสาวคนเดียวกันกับนางนุ้ย
9-9859-52.wav	เคราะห์ดีนะคะที่ตัวเธอยังไม่ได้รับผลกระทบเหมือนนางนุ้ย
9-9859-53.wav	สำหรับนางนุ้ยเคยถูกเรียกเก็บภาษีมาแล้วครั้งนึง
9-9859-59.wav	ก่อนนางนุ้ยจะถูกหมายศาลเรียกเก็บภาษีอีกครั้ง
9-9859-9.wav	เจ้าหน้าที่สำนักงานยุติธรรมจังหวัดนครพนมครับ
9-9862-27.wav	ก็เป็นเพราะนายปรินเป็นผู้ต้องหาในหลายคดี
9-9862-32.wav	และไม่ให้เดินทางไปต่างประเทศนะคะ
9-9862-48.wav	ไปยื่นคัดค้านการประกันตัวของนายปรินนะคะ
9-9862-73.wav	และยังสามารถดำเนินคดีกับตัวนายปรินได้ตามปกติค่ะ
9-9862-86.wav	ทนายนายเดชาบอกว่าเท่าที่ผมมีประสบการณ์เนี่ยส่วนใหญ่เคลียร์กันแล้วจบ
9-9864-18.wav	เหล่านางรำเขามาร่วมรำบวงสรวงนะคะ
9-9864-19.wav	นางรำเขาจ้างมาแล้ว
9-9864-2.wav	ล่าสุดนี่เขาพาคุณแม่ไปจังหวัดนครพนม
9-9864-5.wav	สิ่งศักดิ์สิทธิ์คู่บ้านคูเมืองของจังหวัด
9-9866-14.wav	นางสาวเอ็มออนผู้ใหญ่บ้านในพื้นที่
9-9866-27.wav	สะใภ้คือนางสาวพนิดา
9-9867-120.wav	ทางจังหวัดเองก็สั่งให้ทางอำเภอท้ายอ่าง
9-9867-149.wav	หน่วยกู้ภัยฮุก31ก็ต้องระดมกำลังกว่า30นายเข้าไปช่วย
9-9867-158.wav	ทั้งในพื้นที่ชัยภูมิจังหวัดใกล้เคียงและกู้ภัยทหารตำรวจ
9-9867-99.wav	พ่อเมืองโคราชอย่างนายกอบชัยบุญอรณะก็ยืนยันนะคะ
9-9867-9.wav	อำเภอด่านขุนทดจังหวัดนครราชสีมานะครับ
9-9869-6.wav	นี่คือนายดลเดชพัฒนรัฐผู้ว่าราชการจังหวัดยะลาค่ะ
9-9875-1.wav	ก็ทหารนาวิกโยธินกองทัพเรือทั้งหมด1984นาย
9-9877-32.wav	คุณผู้ชมค่ะไปกันที่จังหวัดพะเยานะคะมีการค้นพบคัมภีร์ใบลานที่วัดลี
9-9877-34.wav	ส่วนที่จังหวัดนครพนมค่ะก็ประชาชนก็แห่กันไปกราบไหว้วัตถุโบราณนะคะ
9-9877-40.wav	ตำบลนาถ่อนอำเภอธาตุพนมจังหวัดนครพนม
9-9877-57.wav	เร่งประสานไปยังเจ้าหน้าที่วัฒนธรรมจังหวัดและกรมศิลปากรเข้ามาตรวจสอบอีกครั้ง
9-9877-58.wav	ส่วนจังหวัดพะเยานะคะเจ้าหน้าที่จากสถาบันวิจัยสังคมมหาวิทยาลัยเชียงใหม่ค่ะ
9-9879-9.wav	เหตุการณ์นี้เกิดขึ้นตี5นะคะ20พฤศจิกายนหน้าตลาดท่าพลอำเภอเมืองจังหวัดเพชรบูรณ์ค่ะ
9-9880-12.wav	ตำบลคลองพลูอำเภอเขาคิชฌกูฏนะฮะคือนายสนิทเนี่ย
9-9880-17.wav	จำลองเหตุการณ์นะครับนายสนิทผู้ต้องหาอ้างว่าอย่างนี้นะฮะ
9-9880-41.wav	แล้วก็มักทะเลาะตบตีกันเป็นประจำคาดว่าครั้งนี้นายสนิทก็คงจะหึงหวงแล้วก็เมาด้วยนะครับ
9-9880-9.wav	ถูกตำรวจสภ.เขาคิชฌกูฏจังหวัดจันทบุรีควบคุมตัวหลังจากก่อเหตุ
9-9882-22.wav	พ่อของนายพีชมีส่วนร่วมในการทำร้ายด้วยค่ะล่าสุดก็มีภาพจากกล้องวงจรปิดค่ะ
9-9883-47.wav	แล้วก็พาไปที่จังหวัดระนอง
9-9884-44.wav	นี่นายเรากำลังแจกลายเซ็นต์ตรงนี้อยู่เราก็ขึ้นป้อมเสริมยนต์เลย
9-9885-0.wav	ในเมื่อท่านนายกรัฐมนตรีลงพื้นที่จังหวัดระยองนะคะ
9-9885-28.wav	รองประธานสภาผู้แทนราษฎรคนที่1เขาติดโควิด-19จากจังหวัดระยอง
9-9885-2.wav	เล่นการพนันการเปิดบ่อนการพนันในพื้นที่จังหวัดระยองตกลงแล้ว
9-9885-36.wav	โอ้โหเป็นคนที่มีอิทธิพลในพื้นที่จังหวัดระยอง
9-9885-37.wav	มีธุรกิจสีเทาหลากหลายรูปแบบในพื้นที่จังหวัดระยองเมื่อเดือนมิถุนายน
9-9885-57.wav	ทีนี้ค่ะสำหรับสถานการณ์โควิด-19ในพื้นที่จังหวัดระยองวันนี้นะคะ
9-9885-58.wav	นายชาญนะเอี่ยมแสงผู้ว่าราชการจังหวัดระยองก็ออกมาแถลงเพิ่มเติมนะคะ
9-9885-60.wav	จากเดิม92รายรวมแล้วมีผู้ติดเชื้อที่จังหวัดระยอง148รายนะคะ
9-9885-62.wav	ซึ่งตอนนี้นะครับที่จังหวัดระยองเนี่ยนะฮะที่มีผู้ป่วยติดเชื้อโควิด-19รวมแล้ว148รายเนี่ย
9-9885-63.wav	พบผู้ป่วยมากสุดคืออำเภอเมืองจังหวัดระยอง116รายนะครับ
9-9885-65.wav	แล้วก็กระจายไปอำเภออื่นอีก5อำเภอของจังหวัดระยองนะครับ
9-9885-69.wav	คณะกรรมการโรคติดต่อของจังหวัดระยองนะครับยกระดับพื้นที่ที่ติดกับอำเภอเมืองระยองเป็นพื้นที่ควบคุมนะครับ
9-9885-71.wav	ซึ่งยังไม่พบผู้ติดเชื้อตอนนี้ให้เป็นพื้นที่เฝ้าระวังสูงสุดนะครับแล้วก็จำเป็นต้องปิดจุดเสี่ยงเพิ่มทั้งหมดเพื่อควบคุมทั้งจังหวัดเหมือนกับอำเภอเมืองอย่างเช่นสถานบันเทิงโรงเรียนสถานอาบอบนวดนวดแผนโบราณสวนสนุกสนามซ้อมชนไก่อะไรพวกนี้ฮะสนามไก่ชนพวกนี้ปิดหมดค่ะนะฮะยกเว้นซุปเปอร์มาร์เก็ต
9-9886-14.wav	เลยนะคะนั่นก็คือบริเวณดอยอินทนนท์อำเภอจอมทองจังหวัดเชียงใหม่
9-9891-14.wav	ร้านนี้อยู่ที่อำเภอเมืองจังหวัดลำปางค่ะ
9-9891-33.wav	ตามมาตรการของจังหวัดว่านอกจากการตรวจวัดอุณหภูมิลงทะเบียนแล้ว
9-9892-13.wav	ทีนี้เนี่ยเขาเนี่ยทำตัวดีนะฮะก็มีการเลื่อนให้เป็นนักโทษชั้นดีมากไปอยู่ที่เรือนจำจังหวัดตราดนะฮะ
9-9892-15.wav	และทีนี้ก็เลยเอาตัวไปอยู่ที่เรือนจำชั่วคราวเขาระกำจังหวัดตราดตั้งแต่วันที่9กุมภาพันธ์ที่ผ่านมา
9-9893-13.wav	ก็เข้าไปได้ที่บ้านพระเจ้านั่งโก๋นตำบลดอนแก้วอำเภอแม่ริมจังหวัดเชียงใหม่
9-9894-0.wav	ไปดูภารกิจนายกเศรษฐากันหน่อยครับเดินทางไปที่สหรัฐอเมริกานะฮะ
9-9894-32.wav	ก่อนจะไปเป็นนายคนให้เป็นขี้ข้าเขาก่อนใน3ปีแรก
9-9894-45.wav	นี่นะฮะภารกิจนายกเสร็จสิ้นแล้วเดี๋ยวน่าจะเดินทางกลับมาถึงประเทศไทย
9-9894-5.wav	นายกรัฐมนตรีครับนายเศรษฐาทวีสินแล้วก็เป็นรัฐมนตรีว่าการกระทรวงการคลัง
9-9897-0.wav	แล้วก็อย่างที่รัฐมนตรีประจำสำนักนายกรัฐมนตรีนายเทวัญลิปตพัลลภนะฮะ
9-9897-2.wav	อ๋อและอาจจะมีจังหวัดต่างๆเนี่ยค่ะจะร่วมกันสวดบทสวดรัตนสูตรนะครับ
9-9898-741.wav	หรือว่าจะเดินทางมาทานที่ร้านก็จะได้เมนูหลากหลายแบบนี้
9-9899-26.wav	เราลงพื้นที่ไปเลยค่ะที่ตำบลในเมืองอำเภอเมืองจังหวัดสุรินทร์นะคะ
9-9899-44.wav	แล้ววันนี้เองค่ะเจ้าหน้าที่สำนักงานพระพุทธศาสนาจังหวัดสุรินทร์
9-9900-29.wav	ในอำเภอพนมสารคามจังหวัดฉะเชิงเทรา
9-9900-45.wav	จากนั้นได้เดินทางไปโครงการเกษตรรวมใจ
9-9900-46.wav	อันเนื่องมาจากพระราชดำริจังหวัดนครนายก
9-9902-36.wav	วันนี้ก็กำลังเร่งติดกันอยู่นะครับผู้ว่าราชการจังหวัดเชียงรายบอกว่าเมื่อวานนี้เดินสายเข้าไปแล้วถึงสามแยกแล้วนะครับ
9-9902-3.wav	วันนี้ผู้ว่าราชการจังหวัดเชียงรายนายณรงค์ศักดิ์โอสธนากร
9-9902-52.wav	ความคืบหน้าเป็นยังไงนะคะนายจงคล้ายวรพงศธรรองอธิบดีกรมอุทยานแห่งชาติสัตว์ป่าและพันธุ์พืชบอกว่า
9-9902-89.wav	เพื่อจะเชื่อมโยงกับจุดที่เด็กๆอยู่ได้คือถ้ำหลวงขุนน้ำนางนอนเนี่ย
9-9903-44.wav	เมื่อวานนี้นายจาตุรนต์ฉายแสงอดีตรองนายกรัฐมนตรีและแกนนำพรรคเพื่อไทย
9-9903-53.wav	คณะของนายจาตุรนต์ฉายแสงนะครับ
9-9903-60.wav	ทางด้านของนายจตุพรพรหมพันธุ์ประธานนปช.
9-9903-68.wav	และไม่เกี่ยวอะไรกับนายพานทองแท้ชินวัตร
9-9903-70.wav	ก็เมื่อวานนี้นายจตุพรพรหมพันธุ์
9-9903-84.wav	ซึ่งสนิทและเป็นผู้รับฝากเงินจากนายพานทองแท้ชินวัตร
9-9903-92.wav	นี่เป็นความคิดความเห็นของนายจตุพรพรหมพันธุ์
9-9903-93.wav	คะส่วนอีกคนนึงเมื่อวานนี้นะฮะนายวัฒนาเมืองสุข
9-9903-9.wav	ไม่ว่าจะเป็นนายวัฒนาเมืองสุขนายจาตุรนต์ฉายแสงอันนี้ฝากฝั่งของเพื่อไทย
9-9904-19.wav	อยู่ตรงริมถนนกรอกใน15ซอยลุงผลที่ตำบลทัพมาอำเภอเมืองจังหวัดระยอง
9-9906-7.wav	เซฟเนี่ยเป็นหนุ่มกู้ภัยป่อเต็กตึ๊งจุดบางจักรจังหวัดอ่างทองที่กลายเป็นคู่หูคู่ซีกัน
9-9907-102.wav	คะตอนนี้อยู่ระหว่างพิจารณาว่าจะถอดรายชื่อนายทองคำ
9-9907-78.wav	ชื่อว่านายทองคำสระแก้วอายุ50ปี
9-9907-81.wav	ครับโดยนายทองคำยอมรับว่าพูดจาไม่สุภาพจริง
9-9908-0.wav	ไปดูที่จังหวัดขอนแก่นกันบ้างนะฮะมันจะมีถนนที่เชื่อมต่อจังหวัดนะคะ
9-9908-4.wav	ไปกันเลยคุณผู้ชมค่ะที่ถนนเชื่อมจังหวัดนะ
9-9908-5.wav	ตั้งอยู่ที่อำเภออุบลรัตน์จังหวัดขอนแก่นกับอำเภอโนนสังจังหวัดหนองบัวลำภู
9-9908-6.wav	อู้ยผมจะบอกให้นะการเดินทางข้ามจังหวัดเนี่ย
9-9909-58.wav	และให้นายจุรินทร์รับไปดำเนินการแล้ว
9-9910-100.wav	ก็หลังจากเลิกกันไปนะฮะทางเพื่อนของนายเอิร์ทเนี่ย
9-9910-2.wav	แถวรัตนาธิเบศร์ที่จังหวัดนนทบุรีค่ะ
9-9910-36.wav	คอนโดมิเนียมแห่งหนึ่งย่านรัตนาธิเบศร์ที่อำเภอเมืองจังหวัดนนทบุรี
9-9911-29.wav	นอกจากนี้ยังจับกุมตัวนายสมคิด
9-9916-13.wav	การย้ายครั้งนี้คำนึงถึงความสะดวกสบายของประชาชนในการเชื่อมต่อการเดินทาง
9-9916-18.wav	ทางด้านของนายจิรศักดิ์เยาว์วัชสกุล
9-9916-27.wav	จะจอดรถสายยาวที่มีระยะทางในการเดินทาง200กิโลเมตรจากกรุงเทพมหานคร
9-9917-106.wav	ในจังหวัดที่มีความพร้อม
9-9918-56.wav	เดินทางมาทำแผลให้กับผู้ต้องหาด้วย
9-9918-88.wav	ผู้บังคับการตำรวจภูธรจังหวัดนครสวรรค์ก็เปิดเผยนะครับว่า
9-9918-99.wav	ในพื้นที่หมู่10ตำบลหนองกรดอำเภอเมืองจังหวัดนครสวรรค์
9-9921-16.wav	อยู่ในพื้นที่อำเภอเคียนซาจังหวัดสุราษฎร์ธานี
9-9921-37.wav	ตามที่ต่างๆถึง6จังหวัดระยะทางร่วมๆ3พันกิโลเมตร
9-9921-45.wav	ก่อนที่จะเดินทางต่อไปหลบพักอยู่ในสวนยาง
9-9921-46.wav	ในวันที่26มิถุนายนจากนั้นเดินทางไปหานายดำ
9-9921-4.wav	แล้วก็หลังจากเกิดเหตุก็หลบหนีไปกบดาน6จังหวัดนะคะ
9-9921-51.wav	หลบไปพักกับนายไข่วันที่3-14กรกฎาคม
9-9921-52.wav	พักอยู่หาดต้นไทรในอ่าวนาง15กรกฎาคมเดินทางไปหา
9-9921-54.wav	รุ่งขึ้น16กรกฎาคมไปหลบอยู่กับนายนรินทร์ที่จังหวัดภูเก็ต
9-9921-56.wav	ที่อำเภอเคียนซาในจังหวัดสุราษฎร์ธานีแล้วก็ระหว่างนี้กลับไปอยู่ที่
9-9921-9.wav	ตำรวจสน.หนองแขมนำตัวนายชานุเทพ
9-9922-18.wav	คนที่หลับอยู่เนี่ยชื่อว่านายตี๋
9-9922-28.wav	ผู้ชายที่หลับอยู่ชื่อว่านายตี๋เป็นเจ้าของบ้าน
9-9922-30.wav	นายตี๋ตอนนี้ถูกตำรวจออกหมายจับเป็นที่เรียบร้อยแล้วนะคะ
9-9925-22.wav	จะขายแพะให้กับตลาดในจังหวัดเพชรบุรีแล้วก็สุพรรณบุรี
9-9925-4.wav	มาตามมาที่นี่บ้านเลขที่11/1หมู่7ตำบลหัวไผ่อำเภอเมืองจังหวัดสิงห์บุรี
9-9926-26.wav	เดินทางมาจากสมุทรสาครนะฮะ
9-9931-262.wav	เราเริ่มจากลพบุรีเดินไปจังหวัดไหนบ้างฮะ
9-9931-265.wav	ปีนึงอะครับเราไปกี่จังหวัดบ้างครับ
9-9931-345.wav	ก็เช็คให้ดีว่าเอ๊ะจะเดินทางอะไรยังไงวันไหนนะครับ
9-9931-347.wav	คือ23ตุลาคมอือเดินทางวันสุดท้ายคือ31ตุลาคมนะอืม
9-9931-361.wav	เออแหมนายมันเกินคนจริงๆเขาติดแฮชแท็กไปเลยนะ
9-9931-362.wav	ว่านายมันเกินคนจริงๆ
9-9931-74.wav	ในอำเภอท่าศาลาจังหวัดนครศรีธรรมราช
9-9932-28.wav	เป็นชาวบ้านสระทะเลตำบลย่านมัทรีอำเภอพยุหะคีรีจังหวัดนครสวรรค์ค่ะ
9-9932-2.wav	หลวงพ่อพัฒน์วัดห้วยด้วนจังหวัดนครสวรรค์นะคะ
9-9932-32.wav	แล้วไปเป็นลูกศิษย์หลวงปู่ชุบวัดพระบรมธาตุทุ่งยั้งจังหวัดอุตรดิตถ์
9-9932-8.wav	และเป็นที่ปรึกษาเจ้าคณะจังหวัดนครสวรรค์
9-9934-41.wav	แล้วก็ทีนี้ให้นายต้นไปจำลองเหตุการณ์ให้ดูหน่อยค่ะ
9-9934-43.wav	ที่นายต้นบอกว่าคนร้ายเนี่ยยิงเสร็จแล้วขี่หลบหนี
9-9934-46.wav	แปลกครับสุดท้ายนายต้นสารภาพครับบอกแบบนี้ครับ
9-9935-14.wav	ละโวยลั่นสนามบินสุวรรณภูมิเพราะว่าซื้อตั๋วเดินทางกลับอุดรครับ
9-9938-0.wav	ไปดูกันหน่อยค่ะว่าแต่ละจังหวัดนั้นเขาจัดงานกันสนุกสนานแค่ไหน
9-9938-32.wav	ส่วนที่อำเภอจุนจังหวัดพะเยาครับ
9-9938-49.wav	ส่วนสงกรานต์วันสุดท้ายที่จังหวัดยโสธร
9-9938-52.wav	นายบุญธรรมเลิศสุขีเกษมผู้ว่าราชการจังหวัด
9-9938-56.wav	ส่วนสุดยอดสงกรานต์อีสานถนนข้าวเหนียวจังหวัดขอนแก่นนั้น
9-9939-0.wav	เอ้าส่วนที่จังหวัดกำแพงเพชรนะคะให้คุณผู้ชมดูพฤติกรรมของเจ้าสุนัขพิตบูล
9-9939-3.wav	มีการฝึกเป็นอย่างดีเนี่ยนะคะเจ้าพิตบูล2ตัวที่จังหวัดกำแพงเพชร
9-9939-6.wav	ผู้สื่อข่าวได้ข่าวก็ลงพื้นที่ไปพร้อมกันเจ้าหน้าที่ที่ลงพื้นที่ไปจัดการเจ้าพิตบูล2ตัวนี่เป็นเจ้าหน้าที่จากสำนักงานปศุสัตว์จังหวัดกำแพงเพชรแหละ
9-9940-0.wav	ก่อนหน้านี้ไม่นานคุณมดดำได้เดินทางมาที่วัดยางใหญ่ครั้งแรก
9-9946-25.wav	ขับรถผ่านมาแถวอำเภอนิคมพัฒนาจังหวัดระยอง
9-9947-21.wav	อยู่บริเวณหน้าโรงเรียนสตรีประเสริฐศิลป์ตำบลบางพระอำเภอเมืองจังหวัดตราดนะครับ
9-9947-33.wav	ตั้งอยู่ที่ตำบลเขาใหญ่อำเภอชะอำจังหวัดเพชรบุรีนะครับ
9-9950-13.wav	มีสติก่อนสตาร์ทและงดการดื่มแอลกอฮอล์ระหว่างเดินทางด้วยค่ะ
9-9950-23.wav	ใช่ค่ะเชื่อว่าปีใหม่นี้ทุกคนก็อยากจะเดินทางกลับบ้านกันนะฮะ
9-9950-8.wav	โดยทั้ง2คนเนี่ยฝากเตือนสติพี่น้องที่กำลังเดินทางกลับบ้าน
9-9951-44.wav	ตำบลชอนไพรอำเภอเมืองจังหวัดเพชรบูรณ์
9-9951-45.wav	ทีมข่าวจึงเดินทางไปยังสถานที่จัดงานโดยพิธีดังกล่าวจัดขึ้นที่บ้านสักแห้ง
9-9955-16.wav	อำเภอบางสะพานจังหวัดประจวบคีรีขันธ์ขออภัยนะครับ
9-9955-9.wav	เพราะว่าตอนนี้นะครับครับที่จังหวัดชุมพร
9-9956-12.wav	นี่ฮะก็เป็นภาพนาทีที่คุณบีเขาเดินทางมาพบตำรวจตามหมายจับที่ตำรวจได้มีการขอศาลออกไป
9-9956-171.wav	เดินทางมาที่สภ.พลูตาหลวงค่ะมาทำเอกสารขอรับศพลูกชาย
9-9956-21.wav	แล้วก็เดินทางมาปุ๊บเนี่ยก็คุมตัวเข้าไปที่ห้องขังท่ามกลางกองทัพสื่อมวลชน
9-9956-6.wav	แต่เดินทางไปพบตำรวจแล้วแล้วต้องบอกว่าเมื่อคืนนี้
9-9956-8.wav	แต่ว่าจังหวะที่เสี่ยบีเดินทางมาถึงนักข่าวพยายามถาม
9-9958-1.wav	เรื่องของแม่เฒ่าท่านหนึ่งที่จังหวัดสตูลค่ะ
9-9958-57.wav	และชุดสืบสวนจังหวัดสตูลเร่งติดตามตัวคนร้ายค่ะ
9-9963-20.wav	ย้อนกลับไปเมื่อวันที่15มีนาคม2561นายธนาธรจึงรุ่งเรืองกิจอดีตรองประธานบริหารบริษัทไทยซัมมิทและนายปิยบุตรแสงกนกกุลอดีตอาจารย์ประจำคณะนิติศาสตร์มหาวิทยาลัยธรรมศาสตร์พร้อมคณะผู้ร่วมจัดตั้งพรรคกว่า20คนยื่นจดแจ้งชื่อพรรคอนาคตใหม่ได้รับการรับรองจากกกต.ให้มีสถานะเป็นพรรคการเมือง
9-9963-26.wav	ขณะที่นายธนาธรในฐานะหัวหน้าพรรคไม่มีโอกาสเข้าไปนั่งทำงานในสภาผู้แทนราษฎร
9-9966-24.wav	จังหวัดสมุทรปราการนะครับคุณผู้ชมครับ
9-9966-6.wav	จัดชกที่สมาคมไต้หวันจังหวัดสมุทรปราการนะครับ
9-9968-25.wav	ครับที่ไม่ร่วมฝึกซ้อมแต่ว่าเดินทางมากับทีมเช่นเดียวกันครับ
9-9968-2.wav	ตอนที่เดินทางมาประเทศไทยบนเครื่องบินนะครับ
9-9968-58.wav	เดินทางมาไกลเพื่อสิ่งนี้โอ้ถือว่าปั่นพอสมควรเลยนะ
9-9968-69.wav	แฟนบอลเดินทางกันมาอย่างต่อเนื่องเลยนะครับทีมข่าวไทยสปอร์ตครับ
9-9969-17.wav	จังหวัดนครราชสีมาเขามีมติสั่งยกเลิกคอนเสิร์ตบิ๊กเมาน์เท่น
9-9969-20.wav	สกุลลิขเรศสีมารองผู้ว่าราชการจังหวัดนครราชสีมาพร้อมนายแพทย์สาธารณสุขจังหวัดและตำรวจสภ.ปากช่อง
9-9969-31.wav	แต่ผู้จัดงานยื่นอุทธรณ์คำสั่งนะคะยื่นอุทธรณ์คำสั่งไปยังคณะกรรมการโรคติดต่อจังหวัด
9-9969-37.wav	7คนเดินทางจากสนามบินเชียงใหม่ไปดอนเมืองแล้วก็นั่งรถตู้ไปงานนี้
9-9969-61.wav	มีการโพสต์ภาพที่เจ้าหน้าที่สาธารณสุขประจำจังหวัด
9-9970-12.wav	ซึ่งอนามัยเขาก็บอกแล้วว่าอ่าให้รีบพาไปรักษาที่โรงพยาบาลจังหวัดนะครับ
9-9971-0.wav	ต่อเนื่องอีกหนึ่งเหตุการณ์เกิดขึ้นที่จังหวัดเชียงใหม่
9-9971-42.wav	คล้ายๆกับว่าเหมือนจะหาเรื่องเพื่อนของเขาก็คือนายภู
9-9971-47.wav	ได้เข้ามาทำร้ายนายภูก็คือคนเจ็บตอนนี้ที่อาการสาหัสนะฮะ
9-9971-49.wav	ฮะจนเลือดอาบจนกระทั่งนายภูสลบคาที่ยังไม่หนำซ้ำค่ะ
9-9972-15.wav	อยู่ที่วัดป่าภูจันทร์หอมอำเภอไชยวานจังหวัดอุดรธานี
16-16245-77.wav	โดยมีนายบุญธรรมมงคลช่วงอายุ70ปีเป็นพ่อเดินทางมาที่สถานีตำรวจด้วย
9-9972-7.wav	พี่แจ๊คเห็นรำเผินๆสวยแบบนี้คิดว่านางรำมืออาชีพใช่ไหม
9-9974-13.wav	นายพุทธพงษ์สุริยะสิงห์ท่านนายอำเภอดอนพุด
9-9974-16.wav	ไปที่บ้านของนางจำรูญสาชาติอายุ85ปีท่านเป็นอัมพฤกษ์ครับกล้ามเนื้ออ่อนแรงเห็นไหมครับ
9-9974-20.wav	ทำให้ลงทะเบียนรับสิทธิโครงการเราชนะไม่ได้แล้วก็ไม่สามารถจะเดินทางไปทำบัตร
9-9974-2.wav	เฟซบุ๊คที่ว่าการอำเภอดอนพุดจังหวัดสระบุรีนะครับ
9-9979-26.wav	แม่ของนายสมเกียรติมาเป็นโจทก์ร่วมในคดีได้
9-9979-8.wav	ได้ร่วมกันฆ่านายสมเกียรติศรีจันทร์ชายพิการ
9-9985-7.wav	โดยหลังจากปิดห้องพูดคุยกันราว10นาทีเจ้าหน้าที่จึงให้ญาติเดินทางกลับ
9-9986-0.wav	ส่วนที่จังหวัดสงขลาสงขลานะคะ2สาวเขาทะเลาะกัน
9-9991-6.wav	อย่างที่ตำบลเกาะขนุนอำเภอพนมสารคามจังหวัดฉะเชิงเทราก็เช่นกันนะคะ
9-9991-7.wav	ปัญหาที่เกิดขึ้นนี้ก็เลยทำให้ทางด้านนายกัมปนาทชูสุวรรณนายกอบต.เกาะขนุนละค่ะมีแนวคิดในการจัดการปัญหาขยะ
9-9994-6.wav	มาอยู่ที่ชายแดนเบื้องบูรพาอำเภออรัญประเทศจังหวัดสระแก้วนั่นเองครับ
9-9996-88.wav	ญาติเดินทางมารับศพที่นิติเวชโรงพยาบาลจุฬาลงกรณ์แล้วค่ะ
9-9997-1.wav	เฝ้าศพไปไหนไม่ห่างเลยนะคะครับเหตุการณ์เกิดขึ้นที่จังหวัดสุพรรณบุรีค่ะ
9-9998-6.wav	ก็เลยถูกเรียกว่าเป็นแก๊งแฟนฉันที่จังหวัดสุราษฎร์ธานี
9-9999-58.wav	ติดต่อไปยังลูกสาวของนางเพ็ญศรีคุณยายวัย60
7-7936-286.wav	จุดที่มีการปะทะกันอยู่ที่ทิศใต้สุดของบ้านตระติดกับฝั่งจังหวัดสตูล
10-10001-28.wav	ก็ลงไปที่พื้นที่จังหวัดระยองเลยอะค่ะ
10-10003-11.wav	ชาวบ้านที่ทราบข่าวก็เดินทางมากว่า500คนนะคะ
10-10004-1.wav	มีเดินทางไปร่วมพิธีไว้อาลัยกันเป็นจำนวนมากเลย
10-10004-2.wav	1ในนั้นคือคุณนุ่นวรนุชอ่อที่เดินทางไปด้วย
10-10005-13.wav	ในจังหวัดนนทบุรีถูกรุ่นพี่อายุ16ปี
10-10006-28.wav	ทางจังหวัดเขาก็เคร่งครัดแล้วก็เข้มงวดในทุกปี
10-10007-5.wav	เขามีมิติใหม่ของการขายปลาเพราะว่ามีนางเงือกด้วย
10-10009-77.wav	เดินทางไปที่วิทยาลัยเทคนิคดังกล่าว
10-10011-29.wav	นักข่าวถามว่าถือว่าเป็นการปิดฉากการใช้เรือเหาะในพื้นที่จังหวัดชายแดนภาคใต้แล้วใช่ไหมครับ
10-10011-42.wav	สมัยที่ผมลงไปปฏิบัติหน้าที่ในจังหวัดชายแดนภาคใต้เมื่อปี54เนี่ย
10-10013-12.wav	อย่างที่เห็นนะฮะคือเขาสูญหายพลัดตกลงไปขณะที่ล่องแก่งน้ำว้าที่อำเภอบ่อเกลือที่จังหวัดน่านจริง
10-10013-5.wav	นะฮะเป็นแก่งที่จังหวัดน่านเขาเรียกว่าแก่งน้ำว้า
10-10017-0.wav	จะพาคุณผู้ชมไปที่นี่จังหวัดอ่างทองที่แรกในช่วงนี้
10-10017-14.wav	อยู่ที่อำเภอโพทองจังหวัดอ่างทอง
10-10017-18.wav	แล้วเมื่อชาวบ้านที่เขาทราบข่าวเนี่ยเขาเดินทางมาดูกัน
10-10018-39.wav	และในวันนี้ค่ะทางเจ้าหน้าที่จากศูนย์ช่วยเหลือสัตว์ป่าภาคกลางจังหวัดนครนายก
10-10018-5.wav	คือชาวบ้านในตำบลดอนยอจังหวัดนครนายกค่ะ
10-10020-0.wav	กินอีก1เมนูเด็ดๆอยู่ที่จังหวัดอุทัยธานีครับ
10-10021-8.wav	เจริญสุขตำบลตูมใหญ่อำเภอคูเมืองจังหวัดบุรีรัมย์นะคะ
10-10025-35.wav	นายวีระโรจน์พจนรัตน์รัฐมนตรีว่าการกระทรวงวัฒนธรรม
10-10025-45.wav	ก็ได้ทยอยเดินทางมาที่ทำเนียบรัฐบาลแล้ว
10-10025-47.wav	ยังเดินทางมาไม่ถึงทำเนียบรัฐบาลค่ะ
10-10025-51.wav	ก็ได้เดินทางมาตรวจสอบความเรียบร้อย
10-10026-101.wav	เป็นผู้ใหญ่บ้านหมู่3ที่ตำบลบ้านพรานนะครับที่จังหวัดอะไรนะ
10-10026-103.wav	ตำบลบ้านพรานอำเภอแสวงหาจังหวัดอ่างทอง
10-10026-8.wav	เป็นผู้ใหญ่บ้านที่ตำบลบ้านพรานอำเภอแสวงหาจังหวัดอ่างทอง
10-10031-40.wav	อืมตำบลพระลับอำเภอเมืองจังหวัดขอนแก่นค่ะ
10-10032-0.wav	คุณผู้ชมคะเมื่อกลางดึกคืนที่ผ่านมาค่ะตำรวจสภ.เพ็ญในพื้นที่จังหวัดอุดรธานี
10-10032-51.wav	ผู้บังคับการตำรวจภูธรจังหวัดอุดรธานี
10-10032-9.wav	อำเภอเพ็ญจังหวัดอุดรธานีผู้เสียชีวิตชื่อว่านายหนูกัน
10-10033-12.wav	ถนนร่วมไทย2เขตเทศบาลเมืองสะเดาจังหวัดสงขลา
10-10033-18.wav	เหตุสุดสะเทือนขวัญในพื้นที่อำเภอสิงหานครจังหวัดสงขลา
10-10033-40.wav	ก่อนจะย้ายภูมิลำเนาไปอยู่อำเภอสะเดาจังหวัดสงขลา
10-10034-15.wav	เหตุการณ์นี้เกิดขึ้นช่วงเวลาประมาณ7:45น.นะครับหลังเคารพธงชาติตำรวจสภ.รัตนาธิเบศร์รับแจ้งเหตุยิงกันภายในโรงเรียนย่านถนนเลี่ยงเมืองนนทบุรีอำเภอเมืองจังหวัดนนทบุรีครับที่เกิดเหตุอยู่บริเวณหน้าห้องเรียนชั้นม.1/2ชั้น5พบผู้ถูกยิงเป็นเด็กนักเรียนนอนหายใจ
10-10035-0.wav	มาดูเหตุเศร้าใจที่เกิดขึ้นที่จังหวัดอุดรธานีนะ
10-10035-13.wav	เป็นชาวบ้านในตำบลข้าวสารอำเภอบ้านผือจังหวัดอุดรธานีค่ะ
10-10035-14.wav	แล้วก็เป็นผู้ต้องหาตามหมายจับศาลจังหวัดอุดรธานี
10-10035-17.wav	เจ้าหน้าที่บ้านพักเด็กและครอบครัวจังหวัดอุดรธานี
10-10035-24.wav	ทีนี้จากการสอบสวนนางน้อยคุณแม่ของน้องที่เป็นเหยื่อเนี่ย
10-10035-29.wav	แล้วก็ถูกคุมขังในเรือนจำจังหวัดหนองคายนานถึง9ปีด้วยกัน
10-10035-52.wav	นางน้อยค่ะตัดสินใจพาลูกสาว2คน
10-10035-53.wav	เดินทางกลับไปอยู่กับครอบครัวที่สปป.ลาว
10-10035-59.wav	เพราะว่าสามีเนี่ยเดินทางเดินทางตามไปง้อเธอให้กลับมาอยู่ด้วยกัน
10-10035-60.wav	แต่นางน้อยเนี่ยไม่ยอม
10-10035-63.wav	กระทั่งนางน้อยก็เลยต้องออกอุบายแบบนี้
10-10035-67.wav	หลังจากนั้นค่ะตัดสินใจนางน้อยตัดสินใจเด็ดขาดเลยนะคะ
10-10035-69.wav	จังหวัดอุดรธานีบอกว่าช่วยหน่อย
10-10035-71.wav	ที่สะพานมิตรภาพไทยลาวจังหวัดหนองคาย
10-10035-76.wav	จึงนำไปดูแลที่บ้านพักเด็กและครอบครัวจังหวัดอุดรธานี
10-10036-0.wav	ไปดูความคืบหน้าเหตุการณ์ความไม่สงบในพื้นที่จังหวัดชายแดนภาคใต้ครับ
10-10036-1.wav	ล่าสุดครับศูนย์ปฏิบัติการตำรวจจังหวัดชายแดนภาคใต้มีคำสั่งให้ย้าย
10-10036-20.wav	เหมือนที่เคยเกิดขึ้นกับเจ้าหน้าที่หลายนายก่อนหน้านี้
10-10036-22.wav	ซึ่งเป็นอดีตผู้กำกับการสถานีตำรวจภูธรบันนังสตาจังหวัดยะลา
10-10036-2.wav	นายตำรวจซึ่งถือว่าตำรวจอันนี้เป็นฮีโร่นะครับ
10-10036-8.wav	เป็นผู้บังคับหมู่ฝ่ายปราบปรามสถานีตำรวจภูธรระแงะจังหวัดนราธิวาส
10-10038-10.wav	แช่มแช่มรัมย์หรือนักร้องลูกทุ่งจากจังหวัดบุรีรัมย์
10-10038-88.wav	เลยเดินทางมาดูโชว์ของคุณแช่ม
10-10039-11.wav	มีผู้ที่ลักลอบเดินทางข้ามแดนผ่านทางชายแดนของไทยเข้ามา
10-10039-20.wav	อยู่ที่เชียงใหม่นะฮะอีก4อยู่ที่พะเยาพิจิตรราชบุรีและกรุงเทพจังหวัดละ1นะครับ
10-10039-33.wav	5พฤศจิกายนนะครับช่วงเย็นๆแฟนขับรถยนต์ส่วนตัวจากจังหวัดพะเยามารับไปเที่ยวงานสิงห์ปาร์ค
10-10039-37.wav	จากนั้นก็เดินทางไปเชียงใหม่17:00น.เข้ารับการตรวจเชื้อที่โรงพยาบาลเอกชนแล้วกลับจังหวัดพะเยาด้วยรถยนต์ส่วนตัว
10-10039-38.wav	ทีนี้ก็มีอาการนะฮะ24:00น.ก็เข้ารับการรักษาที่โรงพยาบาลจังหวัดพะเยาค่ะ
10-10039-45.wav	พฤศจิกายนลักลอบเข้าไทยทางอำเภอแม่สายจังหวัดเชียงราย
10-10039-47.wav	จากนั้นไปจังหวัดพิษณุโลกและกลับจังหวัดพิจิตรตั้งแต่วันที่29-30พฤศจิกายนเธอก็ทัวร์เที่ยวค่ะทั้งร้านอาหารทั้งบาร์ยามค่ำคืน
10-10039-49.wav	ซึ่งทางสาธารณสุขจังหวัดพิจิตรนะคะ
10-10039-56.wav	ก็ระหว่าง1727พฤศจิกายนอยู่ที่โรงแรมวันจีวันที่จังหวัดท่าขี้เหล็กเมียนมาเหมือนกันค่ะ
10-10039-57.wav	อยู่กับเพื่อนสนิทอีกคนนึงซึ่งก็เป็นเพื่อนกับหญิงจังหวัดพิจิตรก่อนหน้านี้อือ
10-10039-58.wav	พฤศจิกายนตอนตี5เดินทางเข้ามาไทย
10-10039-60.wav	มาทางอำเภอแม่สายจังหวัดเชียงรายนะครับ
10-10039-66.wav	3:40น.เดินทางโดยเครื่องบินนะครับ
10-10039-73.wav	รายที่4เป็นผู้หญิงอายุ36นะคะจังหวัดราชบุรี
10-10039-77.wav	ที่จังหวัดเชียงใหม่มากับเพื่อนไม่สวมใส่หน้ากากอนามัยด้วย
10-10039-79.wav	แล้วก็นั่งรถตู้จากหมอชิตกลับจังหวัดราชบุรี
10-10039-89.wav	แล้วเดินทางจากแม่สายมาที่พักให้ประวัติว่าอยู่ในที่พัก
10-10039-93.wav	ที่จังหวัดเชียงใหม่นะครับอีกคนนึงที่เดินทางมาด้วยกันไม่ติดเชื้อนะฮะ
10-10040-23.wav	ตำบลกกตูมอำเภอดงหลวงจังหวัดมุกดาหาร
10-10041-52.wav	อำเภอวิเชียนบุรีจังหวัดเพชรบูรณ์ครับ
10-10042-20.wav	นางสาวฟ้าเนี่ยอายุ26ปีนะอือพอชาวบ้านมาช่วยเหลือนางสาวฟ้าแล้ว
10-10043-41.wav	ก็เลยเดินทางมาขอโชคขอลาภกันที่บ้านหลังนี้กันหน่อยว่ากันแบบนั้น
10-10046-10.wav	เป็นช่างเสริมสวยที่อำเภอหนองสูงจังหวัดมุกดาหารนี่นะคะ
10-10046-15.wav	ทางเจ้าหน้าที่ในอำเภอหนองสูงจังหวัดมุกดาหาร
10-10046-173.wav	เพราะว่าผู้ต้องหาเขาเป็นเจ้าหน้าที่สัตวบาลในอำเภอหนองสูงจังหวัดมุกดาหารเนี่ย
10-10046-32.wav	เขาบอกว่าเนี่ยเขาขับรถวนอยู่ในพื้นที่อำเภอคำชะอีอำเภอหนองสูงจังหวัดมุกดาหาร
10-10046-8.wav	ขับรถข้ามจังหวัดเลยจากมุกดาหารไปทิ้งที่กาฬสินธุ์โอ้โหเนี่ยค่ะ
10-10046-93.wav	สามีทำงานอยู่ที่สำนักปศุสัตว์ที่อำเภอหนองสูงจังหวัดมุกดาหาร
10-10048-137.wav	บ้านคลองสีนวลอำเภอเมืองจังหวัดกำแพงเพชรรู้แล้ว
10-10048-340.wav	ต้องไปอยู่กับนายเอเนี่ยนะให้นายเอกรีดคอสักที
10-10048-519.wav	เรื่องของนางร้ายสาวปากเจ่อผมยาว
10-10048-521.wav	ว่ากันว่านางร้ายสาวคนนี้
10-10048-534.wav	แล้วก็นางก็ขยันโชว์ของแบรนด์เนมเนี่ย
10-10048-572.wav	ข่าวยังเม้าท์อีกว่าช่วงแรกนางร้ายคนนี้เข้าไปอยู่ในกลุ่มนักร้องสุดแซ่บ
10-10049-17.wav	เอาล่ะไปดูอีกที่หนึ่งที่จังหวัดอุบลราชธานีนะครับ
10-10049-4.wav	ได้รับความสนใจอย่างมากจากบรรดาคู่รักในพื้นที่อำเภอเมืองจังหวัดอ่างทอง
10-10051-11.wav	โดยเฉพาะจ่ายเพื่อการเดินทางค่าติดต่อธุรกิจนอกสถานที่
10-10054-1.wav	ค่ะต้องบอกว่ายุคนี้สมัยนี้ไปท่องเที่ยวอย่างเดียวไม่พอนะคะ
10-10054-4.wav	เพราะว่าแขกรับเชิญของเราที่จะร่วมเดินทางวันนี้เป็นสาวสวย
10-10056-34.wav	ใช่ค่ะพาไปดูหลายจังหวัดใช่ไหม
10-10057-8.wav	นายคำล้าศรีฮราชค่ะคนขับให้การว่าตอนนั้นตัวเองเนี่ย
10-10058-66.wav	เดินทางไปแจ้งความที่สน.ห้วยขวางแล้วนะฮะ
10-10059-56.wav	เดินทางไปจากกรุงเทพมหานครเลยเขาบอกว่า
10-10059-6.wav	พรหมโยธีจังหวัดปราจีนบุรี
10-10060-39.wav	สายอินอายุ57ปีพ่อของนายโหน่งนะครับ
10-10060-40.wav	เลือดขึ้นหน้าฮะทุบโต๊ะชี้หน้าด่านางสาวนิ้ง
10-10060-45.wav	ถ้าจำกันได้เราเล่าไปเมื่อวานต้นเรื่องมาจากที่นางสาวนิ้งเนี่ย
10-10060-66.wav	ฝ่ายชายคือนายโหน่งเนี่ยอืมเปิดเผยกับไทยรัฐของเรา
10-10061-18.wav	เสด็จพระราชดำเนินไปยังจังหวัดภูเก็ตซึ่งอยู่ใกล้เคียงสถานที่เกิดเหตุโดยเร็ว
10-10062-6.wav	อำเภอเมืองจังหวัดพิษณุโลกค่ะมาที่นี่เจอกับซุ้มบังแดดที่เป็นองุ่นแบบนี้
10-10063-0.wav	สำหรับปฏิบัติการค้นหาผู้สูญหายทั้ง13ชีวิตที่ถ้ำหลวงในจังหวัดเชียงราย
10-10063-23.wav	ที่ร่วมกันเดินทางมาแล้วก็มีการสแตนด์บายมากกว่า10หน่วยด้วยกันค่ะ
10-10064-23.wav	ผู้ว่าราชการจังหวัดจรดปากกาเซ็นย้ายพยาบาลคนนี้แล้ว
10-10064-28.wav	เปิดเผยในงานแถลงข่าวต่อสื่อมวลชนของจังหวัดนะ
10-10064-2.wav	เป็นคลิปเกิดขึ้นที่โรงพยาบาลพุทธชินราชนะคะที่จังหวัดพิษณุโลก
10-10065-106.wav	ก็มีคนแห่ไปซื้อหวยชุดกับนายพีท
10-10065-111.wav	อืมซึ่งนายอัจฉริยะก็เลยเรียกร้องนะคะให้รัฐบาลเร่งช่วยแก้ไขปัญหาการขายสลาก
10-10065-115.wav	ตามที่กฎหมายกำหนดเอาไว้ครับและอยากที่จะให้ดำเนินคดีกับนายพีท
10-10065-12.wav	ทางนายพีทเนี่ยก็มีสีหน้าที่สลดแล้วก็เครียดพอสมควรนะครับ
10-10065-13.wav	แล้วก่อนที่จะมีการจบการแถลงข่าวก็มีการร้องไห้ของนายพีทด้วยนะครับ
10-10065-14.wav	เดี๋ยวลองไปฟังเสียงการสัมภาษณ์ของนายพีทเมื่อสักครู่ที่ผ่านมากันครับ
10-10065-24.wav	มหาชัยจังหวัดสมุทรสาครซึ่งตำรวจนะครับ
10-10065-26.wav	และมีรายงานนะครับว่าขณะที่เจ้าหน้าที่พบตัวนายพีทเนี่ย
10-10065-32.wav	แล้วก็นายพีทนะครับได้ยอมขอโทษกับทุกคนนะครับ
10-10065-36.wav	ที่ประชาชนจากทั่วทุกสารทิศเนี่ยต้องเสียเวลาในการขับรถเดินทางมาที่ปั๊มที่ตน
10-10065-47.wav	ก็จะมีการฝากขังนายพีททันทีที่ศาลจังหวัดสมุทรสาคร
10-10065-5.wav	ทางนายพีทเนี่ยก็ถูกทางตำรวจสภ.โคกขามนะครับ
10-10065-84.wav	มีการตัดต่อของนายพีท7แผ่น
10-10065-85.wav	ปกสลากที่นายพีทนำมาโชว์อีก1แผ่น
10-10065-91.wav	ที่จะให้นายอัจฉริยะหยุดออกมาเคลื่อนไหว
10-10065-97.wav	ซึ่งถูกรางวัลที่190ล้านบาทให้กับนายพีชจริง
10-10066-14.wav	อ่าที่วัดเขาสมโภชน์อำเภอชัยบาดาลจังหวัดลพบุรี
10-10069-108.wav	เพราะว่าจะทำให้เศรษฐกิจของจังหวัดภูเก็ตดีขึ้น
10-10069-21.wav	เขากำลังจะเป็นจังหวัดนำร่องในการเปิดประเทศ
10-10069-99.wav	ที่จะให้ภูเก็ตเป็นจังหวัดนำร่องในการเปิดประเทศ
10-10071-3.wav	นายอนันต์ชูโชติอธิบดีกรมศิลปากร
10-10074-78.wav	เขามา29ธันวา65แล้วเดินทางกลับเนี่ย
10-10077-10.wav	จับทั้งผู้ประสานงานยาเสพติดอย่างนายหนำเลี้ยบหรืออัจฉริยะชื่นชมอายุ30ปี
10-10077-28.wav	ยอมรับเคยไปฝากเงินให้นายจูนหลายครั้ง
10-10077-2.wav	ซึ่งเป็นนักค้ายาเสพติดรายใหญ่ในจังหวัดสิงห์บุรีแล้วก็ภาคกลาง
10-10077-44.wav	นำกำลังเข้าจับตัวนายพรเทพภู่เจริญวนิชย์
10-10077-47.wav	ในจังหวัดสิงห์บุรีในข้อหาเดียวกัน
10-10077-65.wav	มาจอดไว้ในบ้านของจูนบ่อดินในจังหวัดสิงห์บุรี
10-10077-7.wav	นักค้ายาเสพติดรายใหญ่ในพื้นที่จังหวัดสิงห์บุรีและพื้นที่ภาคกลาง
10-10078-0.wav	เกิดเหตุระเบิดขึ้น3จังหวัดนะคะนราธิวาสปัตตานีและจังหวัดยะลานะคะ
10-10078-152.wav	ศูนย์อำนวยการบริหารจังหวัดชายแดนภาคใต้เป็นศูนย์กลาง
10-10078-60.wav	ภารกิจของศูนย์สุขภาพ42ดูแลพื้นที่7จังหวัดภาคใต้ตอนล่าง
10-10078-63.wav	นะคะซึ่งอยู่จังหวัดนราธิวาสซึ่งเหตุการณ์ถูกระเบิด
10-10079-198.wav	เรื่องต้นนายสุรศักดิ์เป็นสามีของเจ๊ไข่
10-10079-20.wav	โดยทุกวันที่ร้านนี้เนี่ยก็จะมีรถขนส่งจากจังหวัดต่างๆ
10-10079-32.wav	อันนี้นะคะของเรานี่จะมาแต่ละจังหวัดจังหวัดมาไม่เหมือนกันนะคะ
10-10079-475.wav	แต่เป็นข้าวเหนียวดอยที่นำมาจากจังหวัดน่านกันเลยทีเดียว
10-10079-52.wav	เพราะตอนนี้เราขอพาคุณผู้ชมไปกันที่ตลาดนัดคลองถมจังหวัดอ่างทอง
10-10079-99.wav	ก็แวะเวียนกันไปได้ที่ตลาดนัดคลองถมจังหวัดอ่างทอง
10-10080-105.wav	เสียงมันก็เลยเงียบสี่โมงครึ่งตอนเย็นได้ยินเสียงนายชูชาติ
10-10080-13.wav	ในอำเภอพนัสนิคมที่จังหวัดชลบุรีบ้านหลังนี้เนี่ยอยู่ที่หมู่บ้านแห่งหนึ่งนะครับ
10-10080-184.wav	นี่ยังไม่นับเรื่องของพี่สามีที่ชื่อว่านายชูศักดิ์วัย70ปีนะฮะ
10-10080-234.wav	ฟอร์จูเนอร์สีดำของนายชูชาติ
10-10080-264.wav	ก็ให้นายชูชาติสามีของผู้เสียชีวิต
10-10080-26.wav	อายุ70ปีเป็นพี่ชายสามีของนางจันทนีเป็นพี่สามี
10-10080-29.wav	ห่างกันแค่ซอยสองซอยศพของนายชูศักดิ์เนี่ยมีผู้ไปพบ
10-10080-305.wav	ซึ่งเป็นฟอร์จูเนอร์คันของนายชูชาตินี่ฮะในภาพจากกล้องวงจรปิดนะครับหมายเลขทะเบียนนี้เลย
10-10080-322.wav	เบื้องต้นทราบว่าญาติก็จะนำไปตั้งศพบำเพ็ญกุศลที่วัดเกาะแก้วนครสวรรค์ที่พนัสนิคมจังหวัดชลบุรีเนี่ยนะฮะ
10-10080-324.wav	ก็คือพี่ชายของสามีนางจันทนีครับบ้านก็อยู่ใกล้กันห่างกันแค่800เมตรบ้านอยู่ในหมู่บ้านเดียวกัน
10-10080-326.wav	พี่ชายของนายชูชาติก็คือพี่ชายสามีของนางจันทนีครับบ้านเลขที่64อืมซอย2หมู่บ้านเดียวกันเลยค่ะ
10-10080-333.wav	เพราะคิดว่านายชูศักดิ์อาจจะดื่มเหล้าหนักเมานอนไม่ตื่นหรือเปล่าครับจน14:30น.เพื่อนบ้านก็ไปแจ้งผู้ใหญ่บ้านให้มาดู
10-10080-334.wav	พอเข้าไปดูเท่านั้นแหละพบศพของนายชูศักดิ์อยู่บนชั้น2ในห้องน้ำอื้อหืออย่างที่เล่าไปตั้งแต่ต้นก็คือสภาพเปลือยกายไม่มีร่องรอยการรื้อค้นสภาพศพก็มีบาดแผลแต่มันไม่ได้มีเลือดอะไร
10-10080-335.wav	ระหว่างที่กู้ภัยกำลังเก็บศพกลายเป็นว่าได้รับแจ้งว่าภรรยาของนายชูชาติซึ่งเป็นน้องชายของนายชูศักดิ์ก็เสียชีวิตในห้องน้ำเหมือนกันครับ
10-10080-336.wav	ทีนี้ค่ะการเสียชีวิตของนายชูศักดิ์เนี่ยเขาเชื่อว่าอาจจะเป็นอุบัติเหตุลื่นล้มจริงๆนะคะครับ
10-10080-341.wav	กรณีนี้เขาก็เลยมองว่านายชูศักดิ์เนี่ยน่าจะเป็นอุบัติเหตุจริงๆ
10-10080-342.wav	ครับอันนี้คือบ้านของนายชูศักดิ์นะคะทีเนี้ยค่ะแต่กรณีของนางจันทนีเนี่ย
10-10080-356.wav	ใช่ค่ะนางจันทนีก็ช่วงเวลานั้นเหมือนกันก็คือวิ่งจากบ้านในชูศักดิ์ที่เสียชีวิตหนึ่งศพอ่ะ
10-10080-357.wav	ไปที่บ้านนางจันทนีอีกหนึ่งศพตอนนั้นประมาณห้าโมงเย็นค่ะ
10-10080-40.wav	บอกว่าให้มาช่วยตรวจสอบบ้านของนายชูศักดิ์หน่อยนะ
10-10080-46.wav	นายชูศักดิ์เนี่ยเขานอนคว่ำหน้าสภาพเปลือยเสียชีวิต
10-10080-48.wav	ค่ะผู้ใหญ่ธนบดีบอกว่าตอนนั้นสี่โมงเย็นนะที่บ้านนายชูศักดิ์
10-10080-53.wav	เห็นสามีของนางจันทนีเนี่ยตอนนั้นอยู่ในสภาพแขนแบบแขนเสื้อเปื้อนเลือดอะไรเต็มเลย
10-10080-56.wav	เขาก็ยกร่างนางจันทนีเนี่ยออกมาที่หน้าบ้านในสภาพตอนนั้นหายใจรวยรินแล้ว
10-10080-73.wav	ไปที่บ้านหลังแรกกันก่อนบ้านของนางจันทนีบ้านหลังนี้ค่ะครับ
10-10080-75.wav	กรุงเทพจอดอยู่ในโรงรถนี่คือบ้านของนางจันทนีอดีตรองผู้อำนวยการที่เสียชีวิตน่ะนะคะ
10-10080-76.wav	มีเจ้าหน้าที่ชุดสืบสวนสอบสวนภูธรจังหวัดชลบุรีสืบสวนของสภ.พนัสนิคม
10-10080-79.wav	มีเพื่อนของสามีนางจันทนีครับมาที่บ้าน
10-10080-80.wav	ก็มารอติดตามเรื่องที่เกิดขึ้นมาให้กำลังใจสามีของนางจันทนีนะคะ
10-10080-81.wav	สามีก็คือนายชูชาติสันติธรรมกรทีมข่าวก็เลยขออนุญาตคุยด้วยหน่อย
10-10080-87.wav	เรื่องงานเนี่ยตัวนายชูชาติสามีของผู้เสียชีวิตเขาก็ทำธุรกิจหลายอย่าง
10-10080-96.wav	พอช่วงเวลาสักประมาณสิบเอ็ดโมงกว่าๆนางจันทนีผู้เสียชีวิตนะคะ
10-10082-18.wav	และเปิดตลาดท่องเที่ยวใหม่ๆในเมืองจีนเป็นหลักอย่างเดียว
10-10082-82.wav	ไม่สะดวกกับการเดินทางอันนี้จะต่างกับยุคประธานาธิบดีหูจิ่นเทา
10-10083-14.wav	6:00น.วันนี้เนี่ยนะครับปรากฏว่าพื้นที่ที่ร้อนที่สุดก็คือในบริเวณพื้นที่ภาคอีสานตอนล่างครับโดยเฉพาะบริเวณจังหวัดอุบลราชธานีอยู่ที่ประมาณ30องศาเซลเซียสนะครับ
10-10084-14.wav	แล้วก็ไปขึ้นเวทีแม่ผึ้งที่วัดทับกระดานจังหวัดสุพรรณบุรีทุกปีค่ะ
10-10085-0.wav	ส่วนอีกหนึ่งเรื่องราวที่จังหวัดปราจีนบุรีค่ะที่นี่ก็มีเรื่องราวเหมือนเป็นเรื่องอาถรรพ์เกิดขึ้นเหมือนกัน
10-10085-6.wav	ตำบลย่านรีอำเภอกบินทร์บุรีจังหวัดปราจีนบุรี
10-10088-13.wav	นายวันเฉลิมเจ๊แลอยู่ประเวศนะประเวศกรุงเทพเนี่ย
10-10088-14.wav	เห็นว่านางแอนเพื่อนบ้านที่อยู่ข้างกันออกมายืนด่าไฟแลบเขย่าประตูน่ะ
10-10088-40.wav	หรือว่านางติ้งเป็นเพื่อนบ้าน
10-10088-46.wav	เพราะว่านางแอนเคยทะเลาะกับเจ้าของบ้านคนเก่า
10-10088-49.wav	มันกระเด็นเลอะนะครับไปบ้านของนางแอนเขา
10-10088-50.wav	ลามไปถึงขั้นเจ้าของบ้านคนเก่าเอาปืนจ่อยิงสามีของนางแอนเสียโอ๋ชีวิตที่หน้าบ้านค่ะ
10-10088-51.wav	ต่อหน้าต่อตานางแอนเลยส่วนนางแอนก็เจอยิงเหมือนกันนะ
10-10088-53.wav	ทำให้มีอาการทางประสาทนางแอนฝังใจตั้งแต่นั้นเป็นต้นมา
10-10088-73.wav	แต่นางแอนก็บอบช้ำทางจิตใจซะเหลือเกิน
10-10088-55.wav	แต่นางแอนยังฝังใจอยู่แบบนั้นครับจนวันหนึ่งนะ
10-10093-0.wav	มีชาวประมงที่จังหวัดระยองเขาก็ออกเรือไปหาปูหาปลาหาหมึกเนี่ย
10-10093-11.wav	อ่าได้รับการเปิดเผยจากนายชานนท์เดชคุ้มอายุ36ปี
10-10093-12.wav	เป็นชาวประมงเรือเล็กอยู่ที่ตำบลเนินพระอำเภอเมืองจังหวัดระยองนะฮะ
10-10094-102.wav	ก็คือต่อให้มา2นายฮะ
10-10094-126.wav	สมมุติว่าไปกัน2นาย
10-10094-73.wav	ต่อให้มา2นาย
10-10094-84.wav	สมมุติไปกัน2นาย
10-10095-39.wav	ผู้บาดเจ็บอยู่ในคลิปก็คือนายจตุพล
10-10095-41.wav	ล่าสุดนายจตุพลเสียชีวิตแล้วค่ะ
10-10095-43.wav	แล้วก็นายจตุพลเนี่ยน่าจะทนอาการบาดเจ็บไม่ไหว
10-10097-139.wav	ว่าการที่นายถาวรถูกตามไปยิงแล้วก็เสียชีวิตที่ในห้องน้ำเนี่ย
10-10097-142.wav	มือยิงชื่อว่านายบอย
10-10097-192.wav	หรือบางกระแสก็บอกว่านายถาวรไปยิงตัวตายในบ่อน
10-10097-211.wav	อันนี้คุณชูวิทย์บอกว่านายถาวรเป็นเจ้าหนี้
10-10097-257.wav	อย่างศพของนายถาวรศรีสดที่บอกว่าเป็นมือยิงสารวัตรแม็กซ์เนี่ย
10-10097-26.wav	ผู้เสียชีวิตอีกคนนึงคือนายถาวรศรีสดอายุ51ปี
10-10097-272.wav	ถูกนายถาวรยิงไปด้วยหรือเปล่าอะนี้นะฮะ
10-10097-41.wav	มีศพของนางสาวพีรยาเสียชีวิตอยู่ที่พื้น
10-10097-74.wav	ส่วนนางเมาเสื้อสีเหลืองเสียชีวิตบนโต๊ะคาเอ่อบาคาร่า
10-10097-75.wav	แต่ในภาพไม่เห็นศพของนายถาวร
10-10097-76.wav	เพราะนายถาวรเนี่ยถูกยิงตายอยู่ในห้องน้ำนะครับ
10-10098-35.wav	เพราะว่าจังหวัดระยองเนี่ยเป็น1ใน5แห่งที่จัดขึ้น
10-10098-52.wav	ฐานเสียงพรรคประชาธิปัตย์ในพื้นที่จังหวัดระยองเนี่ย
10-10100-13.wav	ที่ผ่านมากรมป่าไม้และกรมอุทยานแห่งชาติได้นำเจ้าหน้าที่ควบคุมไฟป่าจากนอกพื้นที่9จังหวัดภาคเหนือ
10-10100-14.wav	เข้ามาสนับสนุนจำนวนกว่า1พันนายและนำเฮลิคอปเตอร์จากสำนักการบินอนุรักษ์ธรรมชาติพร้อมอุปกรณ์
10-10100-5.wav	ปัญหาหมอกควันและไฟป่าในพื้นที่9จังหวัดภาคเหนือ
10-10101-30.wav	โทรมาหาแม่คือคุณแม่จันทีที่จังหวัดชลบุรีนะครับ
10-10101-34.wav	ว่าลูกสาวกลับไปที่บ้านร้างที่ลูกสาวเคยอยู่ที่จังหวัดระยอง
10-10101-59.wav	แล้วก็จะไม่ให้นายประเสริฐลิ้นจิตสัมผัสวิญญาณนี่
10-10101-63.wav	มีเสียงว่าตอนที่นกน้อยเนี่ยไปที่ระยองเนี่ยก็ไปกับนายประเสริฐนะ
10-10101-65.wav	นายประเสริฐก็บอกว่าจริงๆนะเราก็แค่อะไรนะคุณ
10-10101-71.wav	แต่ว่าที่บ้านของนกน้อยก็ไม่พอใจนายประเสริฐเหมือนกันนะครับ
10-10102-0.wav	ส่วนที่จังหวัดนครพนมนะคะกรณีที่พ่อกับแม่ไปแจ้งความ
10-10102-24.wav	พันตํารวจเอกศรีนครนัยวัฒน์ผู้กำกับการสภ.ธาตุพนม
10-10103-7.wav	อำเภอเมืองจังหวัดชลบุรีครับรีบไปตรวจสอบนะครับ
10-10105-5.wav	มันมีมันคือการเดินทางของคน2คนมันมีความทุกข์ความสุข
10-10106-35.wav	จากฝูง231จังหวัดอุดรธานีค่ะซึ่งเป็นการร่วมโครงการฝนหลวง
10-10107-11.wav	และครอบครัวเดินทางมาจากเชียงราย
10-10107-14.wav	ซึ่งครอบครัวของน้องดอมเองก็จะเดินทางกลับเชียงรายทันที
10-10107-1.wav	ที่เคยไปติดในถ้ำหลวงขุนน้ำนางนอนจังหวัดเชียงรายที่ไปเสียชีวิตอยู่อังกฤษนะ
10-10107-2.wav	ล่าสุดอัฐิของน้องได้เดินทางกลับมาที่ประเทศไทยเป็นที่เรียบร้อย
10-10108-20.wav	นายณัฐวุฒิโพสต์เฟซบุ๊กเผยผลตรวจโควิดรอบ2ออกมาเป็นลบ
10-10109-11.wav	ของโดมที่มันพังถล่มลงมาจากพายุนะคะโดยทางด้านของท่านนายกเนี่ยก็เดินทางไปบริเวณจุดเกิดเหตุ
10-10109-14.wav	เหตุการณ์และความช่วยเหลือสาธารณภัยวาตภัยด้วยแล้วก็บอกว่าเดี๋ยวจะมีการเดินทางไปร่วมงานอภิธรรมศพนะคะ
10-10109-7.wav	ไปที่โรงเรียนวัดเนินปออำเภอสามง่ามจังหวัดพิจิตรนะคะ
10-10110-26.wav	และยังมีผู้ต้องหาที่หลบหนีก็คือนางพัฒนา
10-10110-2.wav	ตำรวจสืบนครบาลจับกุมตัวนางพัฒนาอายุ69เป็นผู้ต้องหาตามหมายจับศาลจังหวัดลำปางครับ
10-10111-15.wav	อยู่ที่อำเภอสังขะจังหวัดสุรินทร์
10-10112-11.wav	เรื่องการตรวจสอบคุณสมบัติการเป็นส.ส.ของนายพิธาลิ้มเจริญรัตน์กรณีถือครองหุ้นไอทีวี
10-10112-29.wav	สันทัดศิริอนันต์ไพบูลย์4นายเลิศวิโรจน์โกวัฒนะ
10-10112-35.wav	ค่ะว่านายพิธานั้นเนี่ยยังเป็นเจ้าของหุ้นจริงหรือไม่
10-10112-4.wav	กรณีหุ้นไอทีวีของนายพิธาลิ้มเจริญรัตน์นี่แหละ
10-10112-53.wav	เพื่อวินิจฉัยสมาชิกภาพส.ส.ของนายพิธา
10-10112-85.wav	ก็คือคำร้องของนายธีรยุทธสุวรรณเกษร
10-10112-92.wav	คือเรื่องของนายพิธาและพรรคก้าวไกล
10-10113-30.wav	ถนนสวรรค์ชายโขงแล้วก็แก่งกะเบาจังหวัดมุกดาหารนั่นเอง
10-10114-18.wav	ส่วนนักแสดงหนุ่มหนึ่งในแก๊งไนน์บายไนน์อย่าง
10-10114-33.wav	แต่ปีนี้มีศิลปินดาราหลายท่านนะคะที่เดินทางไปผ่อนผันบ้าง
10-10115-44.wav	เดินทางมาจนถึงเพลงที่4แล้ว
10-10116-137.wav	ดูที่นางว่านางจะเลือกความรักในมุมไหน
10-10116-138.wav	ถ้านางแบบนางอยากจะมั่นคง
10-10116-139.wav	นางกดคลิกเดียวนางก็มั่นคง
10-10116-140.wav	ถ้าวันหนึ่งนางเบื่อนางก็คลิกเดียวนางก็
10-10116-143.wav	นางนางเป็นคนกุมเรื่องความรักค่ะ
10-10118-15.wav	โดยเฉพาะที่ลุ่มน้ำตาปีในพื้นที่จังหวัดสุราษฎร์ธานีค่ะ
10-10118-17.wav	ในพื้นที่จังหวัดชุมพรนครศรีธรรมราช
10-10118-19.wav	ลุ่มน้ำทะเลสาบสงขลาในพื้นที่จังหวัดสงขลาพัทลุง
10-10118-21.wav	ในพื้นที่จังหวัดระนองพังงา
10-10118-22.wav	และลุ่มน้ำปัตตานีในพื้นที่จังหวัดยะลาค่ะ
10-10121-100.wav	กระบะเป็นของชาวจังหวัดยโสธรนะคะ
10-10121-2.wav	ก็ทำให้พื้นที่ภาคเหนือกับอีสานหลายจังหวัด
10-10121-79.wav	อะอย่างที่สำนักงานที่ดินจังหวัดอุบลราชธานีตอนนี้ก็เปิดเป็นศูนย์อพยพนะครับ
10-10122-11.wav	ผู้ชายคนนั้นชื่อนายไพรวันเอามีดดาบยาวสักเมตรนึงอะ
10-10123-11.wav	ก็คือ,นายธีรพัฒน์ธีรพงศ์ไพบูลย์อายุ27ปี
10-10123-127.wav	แล้วก็ทางฝ่ายผู้หญิงฝ่ายแฟนสาวของนายธีรพัฒน์นี่น่ะ
10-10123-140.wav	ใช่ค่ะแล้วก็ทางครอบครัวเนี่ยนำร่างของนายธีรพัฒน์นี่นะค่ะ
10-10123-151.wav	และหลังจากนั้นเนี่ยลูกก็เดินทางออกจากบ้าน
10-10123-1.wav	แล้วก็พุ่งตกแม่น้ำเจ้าพระยาที่จังหวัดนครสวรรค์จนเสียครับชีวิต
10-10127-0.wav	คุณผู้ชมวันนี้นะคะตำรวจคุมตัวนายพิสุทธิ์
10-10127-112.wav	กลับมาสาดใส่ทั้งคุณหมอนใส่ทั้งนายประภาส
10-10127-134.wav	ส่วนที่วัดแสงอรุณที่บ้านหนองแสงจังหวัดอุดรธานีค่ะ
10-10127-23.wav	อย่างที่บอกว่าถึงแม้จะใช้กำลังตำรวจ100นายแล้วอะ
10-10127-25.wav	1ในนั้นก็คือหลานชายของนายประภาส
10-10127-26.wav	นายประภาสคือคนขับรถ2แถวที่นายต้นนะลงไปขอน้ำดื่มจำได้ไหมคะอ่า
10-10127-44.wav	นายสมพงศ์ซึ่งเป็นหลานชายของนายประประภาสนะคะเขาบอกเลยว่า
10-10131-37.wav	ตำบลริมใต้อำเภอแม่ริมจังหวัดเชียงใหม่
10-10133-43.wav	ส่วนใหญ่ก็จะเดินทางมาขอพรมาบนบานศาลกล่าวไว้กับท่าน
10-10134-104.wav	ตอนนี้นะคะเราพักจากการเดินสายทานเมนูเส้นในจังหวัดอุดรธานีไปเข้าครัวทำเมนูเส้นง่ายกับเชฟฟางในช่วงปรุงเส้นเป็นเรื่องกันค่ะ
10-10135-1.wav	เหตุการณ์ที่คนร้าย3คนบุกเข้าไปปล้นทองที่ร้านทองที่พบพระจังหวัดตากอะค่ะ
10-10137-17.wav	อีกคนนึงคือนายปริญญาสามนหรือนายต้น
10-10137-21.wav	ผู้ตายคือนายวีรพงศ์เนี่ยเขามานั่งดื่มกินอยู่ที่บ้านเพื่อน
10-10137-28.wav	ส่วนนายอรรถพล
10-10137-36.wav	ก็อยู่ด้วยขณะที่นายอรรถพลกับนายปริญญาเนี่ยยืนคุมเชิงอยู่ที่หน้าประตู
10-10137-40.wav	นายสาธิตตอนนั้นชกต่อยกับผู้ตายสักพักนึง
10-10137-43.wav	แต่ลงมาด้วยนายสาธิตเอกปากน้ำโพเนี่ยเขาเป็นคู่กรณีหลัก
10-10137-45.wav	พอชกต่อยกันแล้วอ้างว่านายวีรพงศ์ผู้ตายเนี่ยเขาชักเอาปืนขึ้นมาจะยิง
10-10140-11.wav	เมื่อวานนี้8โมงเช้าตำรวจภูธรจังหวัดระนองครับ
10-10140-13.wav	ไปตรวจค้นจับกุมนางสาวนภัสรคำเพ็งอายุ29ปี
10-10140-16.wav	ไม่เจอตัวนะไม่เจอตัวนางสาวนภัสร
10-10140-17.wav	แต่เจอคุณพ่อของนางสาวนภัสรก็คือพ่อเฉลิมพงษ์คำเพ็ง
10-10140-28.wav	โดยผู้การจังหวัดระนองเนี่ยอย่างพลตำรวจตรีเชิดพงษ์ชิวปรีชา
10-10140-29.wav	บอกว่านางสาวนภัสรลูกสาวของกำนันแก่น
10-10140-31.wav	และสนับสนุนการฟอกเงินของศาลจังหวัดระนอง
10-10140-41.wav	ของรัฐมนตรีช่วยมหาดไทยก็คือนายชาดาไทยเศรษฐ์ครับ
10-10141-17.wav	หลังจากเสร็จงานเลี้ยงเปิดวงดนตรีในหมู่บ้านหนองแกตำบลบ้านเทื่อมอำเภอบ้านผือจังหวัดอุดรธานี
10-10141-2.wav	มีนักร้องหนุ่มอยู่คนนึงอยู่ที่จังหวัดอุดรธานี
10-10142-4.wav	เรื่องนี้ทางด้านของตำรวจภูธรกุตาไก้นะฮะที่อำเภอปลาปากจังหวัดนครพนมครับ
10-10142-5.wav	รวบรวมพยานหลักฐานทำสำนวนคดีส่งฟ้องต่อศาลจังหวัดนครพนมเมื่อวาน
10-10143-40.wav	ถือกล้องอยู่แล้วนางอยากแกล้ง
10-10143-41.wav	คือจริงๆนางไม่ได้จะบ่นอะไรจริงจังหรอก
10-10146-18.wav	ทำงานอยู่บริษัทแห่งนึงในจังหวัดปราจีนบุรี
10-10147-1.wav	เหตุการณ์นี้เกิดขึ้นที่จังหวัดนครปฐมค่ะ
10-10147-22.wav	แกอุตส่าห์นั่งรถหนีจากบ้านหมู่ที่3ตำบลวังน้ำเขียวอำเภอกำแพงแสนจังหวัดนครปฐม
10-10148-6.wav	ตำรวจภูธรบ้านดุงจังหวัดอุดรธานี
10-10150-38.wav	ต้องเห็นใจคนอื่นที่เขาไปพักผ่อนท่องเที่ยว
10-10152-1.wav	ตำรวจตามไปจับกุมตัวได้เพราะว่าไปหลบซ่อนตัวอยู่ที่บ้านเกิดที่จังหวัดชัยภูมินะคะ
10-10152-29.wav	ที่จังหวัดชัยภูมิบ้านเกิดด้วยนะคะ
10-10158-180.wav	นี่เดินทางมาเกือบครึ่งทางแล้วนะคะ
10-10158-58.wav	คุณผู้ชมจังหวัดอื่นยังไม่ต้องเปลี่ยนค่ะเราให้เขาแตะเขตเขานิดเดียวค่ะ
10-10159-44.wav	จากทั่วทุกสารทิศเดินทางไปขอพรกันอย่างไม่ขาดสายเลยนะคะ
10-10159-7.wav	ตำบลฉลองอำเภอสิชลจังหวัดนครศรีธรรมราชค่ะ
10-10161-52.wav	เขาก็เดินทางไปร้องเรียนที่กองบัญชาการตำรวจภูธรภาค5เลย
10-10163-13.wav	จังหวัดนครราชสีมาเจ้าของบ้านถ่ายไว้
10-10164-10.wav	เป็นรูปตำรวจที่เกาหลีใต้ค่ะเดินทางไปยังห้างห้างนึง
10-10164-16.wav	ทนายตั้มบอกว่าตกใจมากเพราะเห็นว่าออกจากวงการเพราะโดนแบนไปแล้ว
10-10164-25.wav	ก็เดินทางไปกันนะแต่ว่าคนละไฟล์ทบินไปเจอกันที่เกาหลีใต้
10-10164-52.wav	ทนายตั้มบอกว่าดารารุ่นใหญ่คนนี้เนี่ยพยายามติดต่อกับนักแสดงหนุ่มที่ไปกระทำกับเขานะฮะ
10-10164-60.wav	ทนายตั้มบอกด้วยว่าให้ผู้ถูกกล่าวหาเนี่ยเดี๋ยวให้ออกมาชี้แจงก็แล้วกัน
10-10164-71.wav	ยังอยู่ที่เกาหลีใต้จะอยู่อีก4วันถึงจะเดินทางกลับไทย
10-10165-18.wav	เป็นการแสดงที่น่าชื่นชมของตำรวจภูธรกร่ำอำเภอแกลงจังหวัดระยองนะคะ
10-10165-20.wav	ทางถนนช่วงเทศกาลสงกรานต์ของจังหวัดระยองนั่นเอง
10-10165-25.wav	ไม่ต่างจากที่จังหวัดพระนครศรีอยุธยาค่ะก็ร่วมรณรงค์ขับขี่ปลอดภัยบนถนนสายเอเชียด้วย
10-10165-43.wav	แจกให้กับคนมาเที่ยวงานประเพณีสงกรานต์แจกให้กับผู้ที่เดินทางกลับภูมิลำเนาในช่วงสงกรานต์
10-10165-7.wav	รวมไปถึงอีกที่นึงค่ะที่จังหวัดระยองนะคะ
10-10166-6.wav	ตำบลฉลุงอำเภอหาดใหญ่จังหวัดสงขลาค่ะ
10-10167-14.wav	เพื่อเผด็จศึกกับนายประยุทธ์จันทร์โอชารวมถึงฝากบอกสื่อนะครับว่า
10-10167-27.wav	แต่ก่อนหน้านี้คุณผู้ชมครับมีกลุ่มของตำรวจนั้นจำนวนหลายสิบคนประมาณ50-60นาย
10-10167-35.wav	แต่เมื่อสักครู่นี้ปรากฏเห็นนายเอกชัยหงส์กังวานซึ่งเป็นผู้ต้องหาที่ถูกจับกุมและถูกปล่อยตัวไปก่อนหน้านี้
10-10167-54.wav	ขณะเดียวกันฟากนี้นะครับคุณผู้ชมก็จะเห็นว่ายังคงมีการมีกลุ่มผู้ชุมนุมที่อยู่บริเวณตรงนี้เดินทางเข้ามาเรื่อยๆ
10-10167-78.wav	ขณะเดียวกันการ์ดก็เริ่มที่จะทยอยเดินทางกันมาเรื่อยนะครับเพื่อที่จะเตรียมตัวในการเดินขบวนในวันนี้นะครับ
10-10167-81.wav	และนี่เป็นบรรยากาศทั้งหมดนะครับขณะเดียวกันที่อนุสรณ์สถาน14ตุลานะครับก็จะเห็นว่ามีกลุ่มมวลชนเดินทางเข้าไปข้างในนะครับ
10-10167-9.wav	โดยรถที่มีการนำมาจอดอยู่บริเวณนี้นั้นเป็นรถของกลุ่มแดงก้าวหน้าที่จังหวัดปทุมธานี
10-10168-1.wav	อดีตผู้ช่วยผู้ใหญ่บ้านที่จังหวัดตรังค่ะ
10-10168-25.wav	แล้วก็ใช้มีดพร้าฟันประตูบ้านของนายประพันธ์
10-10168-28.wav	ตรงจุดนี้ค่ะก็เลยทำให้นายประพันธ์สุดทน
10-10168-30.wav	แล้วก็ไล่ฟันนายสุชาติจนเสียชีวิตอย่างที่เห็นนี่แหละค่ะ
10-10168-31.wav	วันนี้ผู้สื่อข่าวลงไปที่พื้นที่ค่ะบ้านของนายประพันธ์
10-10168-35.wav	นี่ค่ะนี่คือร่องรอยที่บ้านของนายประพันธ์นะคะ
10-10168-42.wav	แล้วก็ไปทำแบบนี้กับนายประพันธ์หลายครั้งแล้ว
10-10168-51.wav	ล่าสุดตำรวจสภ.เมืองตรังสอบสวนนายประพันธ์นะคะ
10-10176-25.wav	พระพุทธรูปคู่บ้านคู่เมืองของจังหวัดขอนแก่นมาให้ประชาชนได้สรงน้ำกันนะครับ
10-10176-27.wav	ที่อยู่ในจังหวัดขอนแก่นนะครับร่วมกันสร้างความสวยงามแล้วก็ความคึกคัก
10-10176-30.wav	ซึ่งนี่ก็เป็นมนต์เสน่ห์ของจังหวัดขอนแก่นที่สามารถควบคุมแอลกอฮอล์ได้นะครับ
10-10176-34.wav	แล้วก็ทยอยเข้ามาเรื่อยเรื่อยนะครับจังหวัดขอนแก่นถือว่าเป็นอีก1จังหวัดนะครับ
10-10176-4.wav	ผู้สื่อข่าวไทยรัฐทีวีรายงานสดมาจากถนนข้าวเหนียวที่จังหวัดขอนแก่นครับ
10-10176-5.wav	เริ่มขึ้นแล้วนะครับสำหรับการเล่นคลื่นมนุษย์ที่จังหวัดขอนแก่นนะครับ
10-10178-26.wav	ก็รีบตามมาช่วยนะครับมีทหารอีก4นายด้วยนะ
10-10179-6.wav	อยู่ในอุทยานแห่งชาติออบหลวงอำเภอฮอดจังหวัดเชียงใหม่ฮะ
10-10180-100.wav	ว่าเอ่อในเรื่องของการเดินทางใช่ไหมครับ
10-10180-11.wav	ทุกกลุ่มอาชีพเดินทางมาลงทะเบียนผู้มีรายได้น้อย
10-10180-28.wav	ก็ทยอยเดินทางมาลงทะเบียนเช่นกันซึ่งยังมีอีกหลายรายนะคะที่ยังขาดเอกสาร
10-10180-59.wav	ไปติดตามเกษตรกรในจังหวัดนครปฐม
10-10180-69.wav	เกษตรกรในอำเภอนครชัยศรีจังหวัดนครปฐม
10-10181-12.wav	ครับตำบลชมพูอำเภอเมืองลำปางจังหวัดลำปาง
10-10184-0.wav	ไปดูความรู้สึกดีใจของเด็กชาวเขาเผ่าม้งที่จังหวัดเชียงใหม่
10-10184-3.wav	เด็กนักเรียนชาวเขาเผ่าม้งบ้านบวกจั่นตำบลโป่งแยงอำเภอแม่ริมจังหวัดเชียงใหม่นะครับ
10-10185-22.wav	ด้านนายฟรองซัวส์ออลลองด์ประธานาธิบดีฝรั่งเศสได้ประนามเหตุรุนแรงที่เกิดขึ้นค่ะ
10-10190-71.wav	ที่จังหวัดอิบารากิครับ
10-10191-13.wav	รวมทั้งการเรียกสอบปากคำนายสันธนะประยูรรัตน์อดีตตำรวจสันติบาล
10-10192-15.wav	เป็นบ้านของผู้ชายคนหนึงที่ชื่อว่านายอาทิตย์หรือว่าเบส
10-10192-19.wav	อันนี้ชาวบ้านอ้างแบบนั้นทีนี้ชาวบ้านก็ได้ยินเสียงผู้ตายเนี่ยถามนายเบสว่า
10-10192-29.wav	เสร็จแล้วเนี่ยคนตายซึ่งเป็นเพื่อนรักกันเลยนะคะก็มีการนำเงินส่วนตัวไปประกันตัวนายเบสก็คือประกันตัวคนที่ต้องสงสัยนี่แหละ
10-10193-31.wav	หญิงกนกพรเด็กชายธนพัฒน์แล้วก็นายเขียว
10-10194-36.wav	ซึ่งล่าสุดเนี่ยผู้สื่อข่าวของเราก็ไปเจอกันกับนายพระราดาธาโยธีนะฮะ
10-10194-37.wav	ก็เป็นลูกของคนเจ็บบอกว่าคือตัวเขาเองเนี่ยกำลังเดินทางไปเยี่ยมคนเจ็บเป็นพ่อเขา
10-10195-75.wav	ก็เดินทางไปแจ้งความกับตำรวจเป็นที่เรียบร้อยแล้วอะนะคะ
10-10196-2.wav	ผู้ช่วยผู้ใหญ่บ้านที่ได้พานางสาวรุ่งทิพย์ภรรยาตั้งครรภ์9เดือน
10-10196-38.wav	ด้านนางสาวเฉิดโฉมคำตันพี่สาวของนางสาวรุ่งทิพย์
10-10198-18.wav	อย่างไรก็ตามค่ะการเดินทางด้วยเครื่องบินนั้น
10-10198-23.wav	ไม่ว่าจะเป็นการเดินทางแบบมีสัมภาระน้อย
10-10198-27.wav	เพื่อการเดินทางอย่างมีคุณภาพ
10-10200-157.wav	เอะนี่ไงนางแบบนายแบบ
10-10200-6.wav	น้องใบตองเขายังอยู่ที่จังหวัดแม่ฮ่องสอนนะครับค่ะ
10-10204-1.wav	ที่จังหวัดระยองนะคะมีรองสารวัตรคนหนึ่งเสียชีวิตอยู่ในสภาพหัวทิ่มอ่างน้ำค่ะ
10-10204-32.wav	ผู้บังคับการตำรวจภูธรจังหวัดระยองและผู้กำกับการภูธรเมืองระยอง
10-10204-9.wav	เข้าห้องน้ำอยู่ที่ปั๊มบนถนนสุขุมวิทตำบลเนินพระอำเภอเมืองจังหวัดระยอง
10-10206-71.wav	แล้วนางก็ไม่ยอมตอบเขาใช่ไหมล่ะใช่
10-10206-75.wav	หรือมีหนังสืออะเหมือนแบบฝรั่งมาสัมภาษณ์นาง
10-10207-5.wav	กลายเป็นจังหวัดที่มีผู้ติดเชื้อมากที่สุดเป็นอันดับที่2รองจากกรุงเทพมหานคร
10-10207-9.wav	การแพร่ระบาดที่มากขึ้นนี้เองนะครับทำให้จังหวัดเนี่ยสั่งปิดตลาดปากน้ำ
10-10210-37.wav	ไปฟังคำตอบจากปากน้องนายกันเลยค่ะ
10-10210-3.wav	อย่างน้องนายณภัทรเองก็ถือว่าเป็นตัวอย่างที่ดีเขารักคุณแม่ของเขามากๆ
10-10210-29.wav	ส่วนประเด็นที่เพจทวงคืนน้องนายจากแก๊งตั๊กไลฟ์
10-10210-6.wav	แถมต่อจากทริปเที่ยวนี้น้องนายเองก็ได้บินมาถ่ายทำโฆษณาที่เซี่ยงไฮต่อ
10-10211-26.wav	อำเภอศรีมหาโพธิจังหวัดปราจีนบุรี
10-10211-2.wav	ร้านส้มตำไก่ย่างอยู่ในจังหวัดปราจีนบุรี
10-10212-18.wav	พอไปถึงไปพบศพของนางสาวชนัญชิดาชานนท์อายุ15ปี
10-10212-29.wav	คนขับรถเก๋งคือนางสาวชลลดาก็บอกว่าก่อนเกิดเหตุการณ์
10-10213-57.wav	ตลอดระยะเวลา1เดือนที่ผ่านมาก็ใช้เส้นทางนี้เดินทางไปกลับเป็นประจำนะคะ
10-10214-16.wav	ก็เลยเดินทางมาร่วมพิธีเปิดประชุมรัฐสภาตามปกติเนี่ยนะคะ
10-10214-19.wav	ส่วนนายมิ่งขวัญแสงสุวรรณส.ส.พรรคเศรษฐกิจใหม่ค่ะ
10-10214-24.wav	เพื่อเดินทางไปยังกระทรวงการต่างประเทศ
10-10214-47.wav	ว่าพรรคจะเสนอนายสุชาติตันเจริญส.ส.ฉะเชิงเทราเพียงผู้เดียว
10-10214-54.wav	โดยกลุ่มนายอภิสิทธิ์เวชชาชีวะชวนอดีตนายกรัฐมนตรี
10-10214-55.wav	เดินทางมาถึงหน้าลานพระแม่ธรณีบีบมวยผมก่อน
10-10214-56.wav	ส่วนกลุ่มนายถาวรเสนเนียมส.ส.สงขลา
10-10214-57.wav	เดินทางมาที่หน้าลานพระแม่ธรณีบีบมวยผม
10-10214-58.wav	แต่พอเห็นกลุ่มของนายอภิสิทธิ์ก็เลยเดินกลับไปที่อาคาร
10-10214-5.wav	ไปดูบรรยากาศส.ส.แล้วก็ส.ว.ที่เดินทางไปกันหน่อยค่ะ
10-10214-60.wav	ก่อนจะเดินกลับมาอีกครั้งพร้อมนายพีระพันธุ์สาลีรัฐวิภาค
10-10214-69.wav	ก็มีการคาดการณ์กันว่าที่ประชุมวุฒิสภาจะเสนอชื่อนายพรเพชรวิชิตชลชัย
10-10214-71.wav	และนายศุภชัยสมเจริญเป็นรองประธานวุฒิสภาคนที่2ค่ะ
10-10214-9.wav	เตรียมตัวเดินทางพร้อมกัน
10-10215-1.wav	วันนี้มีผู้ติดเชื้อรายใหม่ในบ้านเราเพิ่มขึ้นเนี่ย7รายทั้งหมดเดินทางกลับมาจากต่างประเทศนะครับ
10-10215-24.wav	นั่นก็คือการที่มีคนไทยเดินทางกลับมาจากต่างประเทศแล้วครับ
10-10215-6.wav	และอีก1รายเป็นนักเรียนชายอายุ11ขวบนะครับเดินทางมาถึงไทยวันที่2มิถุนายน
10-10216-13.wav	ไปที่ตำบลดงคู่อำเภอศรีสัชนาลัยจังหวัดสุโขทัย
10-10221-1.wav	พาไปพิสูจน์บ่อน้ำแห่งหนึ่งในจังหวัดร้อยเอ็ดเขาขึ้นชื่อเลยครับ
10-10221-5.wav	ที่ตำบลเด่นราชอำเภอหนองฮีจังหวัดร้อยเอ็ด
10-10223-30.wav	วันนี้เดินทางมากับครอบครัวนะครับ
10-10224-12.wav	คุณผู้ชมอยู่ที่จังหวัดพิษณุโลกเป็นอาหารไทยโบราณ
10-10224-29.wav	อยู่ที่จังหวัดพิษณุโลกทำไมต้องเรียกว่าส้มซ่า
10-10225-25.wav	ช่วงเช้าวันนี้นะฮะได้เดินทางไปติดต่อกับกฟน.บางใหญ่แล้ว
10-10225-67.wav	เราได้สอบถามไปยังนายวิโรจน์บัวคลี่
10-10225-69.wav	ซึ่งนายวิโรจน์ยอมรับว่าโอกาส
10-10225-6.wav	ผู้ใช้ทวิตเตอร์คนนึงนะฮะเขาพักอาศัยอยู่ที่จังหวัดนครราชสีมานี่ครับได้โพสต์ภาพบินค่าไฟฟ้าเดือนเมษายนนะอ่าส่งมาแล้วของเดือนเมษายนเนี่ยส่งมาให้เขานะครับ
10-10226-8.wav	เป็นแม่ค้าในตลาดเกษตรสุวพันธุ์อำเภอเมืองจังหวัดอ่างทอง
10-10227-1.wav	เป็นเด็กชาย2คนเป็นนักเรียนของโรงเรียนบ้านขุนห้วยแม่ท้อจังหวัดตากค่ะ
10-10227-7.wav	บรรยากาศที่โรงเรียนบ้านขุนห้วยแม่ท้อที่อำเภอแม่ระมาดจังหวัดตาก
10-10228-9.wav	ช่วงสายวันนี้นะครับนายอรรถพลเจริญชันษา
10-10230-9.wav	จังหวัดฉะเชิงเทราบันทึกภาพเหตุการณ์ขณะที่ชายคนดังกล่าวนะครับ
10-10232-12.wav	ครูวิทยาศาสตร์โรงเรียนบ้านลำหาดจังหวัดสุรินทร์
10-10233-2.wav	เจ้าแรกและเจ้าเดียวในจังหวัดชลบุรี
10-10235-16.wav	รองผู้บังคับการตำรวจภูธรจังหวัดลำปางพร้อมด้วย
10-10235-50.wav	ภูธรจังหวัดลำปางและกำลังทหารขยายผลตรวจค้นที่บ้านของลูกเขย
10-10237-15.wav	ก็โพสต์ต้อนรับรุ่นพี่ที่เพิ่งย้ายมาร่วมทีมหลังจากเดินทางมาถึงในค่ำคืนนี้
10-10238-115.wav	เฮ้อะฟังแล้วครูปรีชาเจ๊บ้าบิ่นนายอัจฉริยะไปแล้วเรียบร้อย
10-10238-152.wav	แต่จะเป็นข้อมูลที่นายปรีชาได้ประโยชน์หรือเสียประโยชน์
10-10238-189.wav	เรียกร้องให้ตำรวจกองปราบเนี่ยสอบปากคำนายปรีชาถึง9ข้อ
10-10238-93.wav	ด้านของนายอัจฉริยะเรืองรัตนพงศ์
10-10238-95.wav	ซึ่งนายอัจฉริยะไม่ให้เวลาครูปรีชาแล้วนะอืม
10-10239-0.wav	เกมต่อชีวิตครับคุณผู้ชมครับวินาทีต่อไปนี้นะฮะที่ครอบครัวของน้องเมจิจากจังหวัดนครราชสีมา
10-10239-193.wav	ว่าวันนี้ครอบครัวของน้องเมจินะครับจากจังหวัดนครราชสีมา
10-10240-10.wav	เพราะตั้งอยู่ในจังหวัดที่ขึ้นชื่อว่า
10-10240-15.wav	แล้วก็เราคิดว่าเราอยากจะทำเป็นเกษตรเชิงท่องเที่ยวนะครับ
10-10242-23.wav	เหตุการณ์นี้เกิดขึ้นที่ตำบลบางพระอำเภอศรีราชาจังหวัดชลบุรี
10-10242-37.wav	บรรทุกไม้ยางพาราท่อนมาจากจังหวัดกระบี่
10-10242-39.wav	ที่อำเภอนาบอนจังหวัดนครศรีธรรมราช
10-10243-11.wav	จังหวัดราชบุรีกว่า100คน
10-10243-36.wav	และให้ความสำคัญกับการเชื่อมโยงท่องเที่ยวอาเซียน
10-10243-37.wav	โดยอาศัยช่องทางท่องเที่ยวแนวชายแดน
10-10243-8.wav	โดยมีการเริ่มนำร่องที่จังหวัดราชบุรีนะคะ
10-10244-12.wav	ขับรถบรรทุกน้ำตาลมาจากจังหวัดชลบุรี
10-10245-12.wav	บ้านแกใหญ่จริงๆนะฮะแล้วก็ปฏิบัติตามขั้นตอนของจังหวัดอย่างถูกต้อง
10-10245-13.wav	ใครจะเดินทางไปที่ใดก็สามารถตรวจสอบข้อกำหนดของจังหวัดได้นะครับ
10-10245-9.wav	ทั้งนี้ก็ได้ลงทะเบียนผ่านแอปพลิเคชันของจังหวัดแล้ว
10-10247-43.wav	นี่อยู่โรงเรียนบ้านพระแก้วอำเภอสังขะจังหวัดสุรินทร์นะคะ
10-10250-2.wav	วันนี้ตลอดทั้งวันหลายคนคงได้เดินทางท่องเที่ยวตามจุดต่างทั่วไทย
10-10250-75.wav	เน้นแถวๆบริเวณจังหวัดนครศรีธรรมราช
10-10250-79.wav	โดยเฉพาะบริเวณที่อยู่ตั้งแต่จังหวัดนครศรีธรรมราชเรื่อยลงมานะครับ
10-10250-84.wav	ยังไงท่องเที่ยววันนี้ก็ขอให้มีความสุข
10-10252-0.wav	ส่วนความคืบหน้าคดีของนายเปรมชัยกับพวกที่เข้าเขตรักษาพันธุ์สัตว์ป่าทุ่งใหญ่
10-10252-15.wav	แต่สำหรับคำพูดที่มาจากปากของนายเปรมชัย
10-10252-23.wav	และล่าสุดวันนี้นายเปรมชัยมารับทราบข้อกล่าวหาเพิ่มเติมอีก3คดี
10-10252-2.wav	วันนี้นายเปรมชัยไปพบเจ้าหน้าที่ตำรวจนะครับ
10-10252-38.wav	ที่เคยเข้าตรวจค้นในบ้านพักของนายเปรมชัยก่อนหน้านี้
10-10252-40.wav	เนื่องจากผู้ต้องหาเดินทางเข้ามารับทราบข้อกล่าวหาตามหมายเรียก
10-10252-48.wav	ต้องติดตามว่าจุดจบในคดีนี้จะเป็นเช่นอะไรความมั่นใจของนายเปรมชัยที่พูดในวันนี้จะมีผลตามที่สังคมคาดหวังไว้หรือไม่
10-10255-24.wav	ใครที่เดินทางไปไหนมาไหนก็ระมัดระวังหน่อยนะคะใช่ครับตอนนี้
10-10256-35.wav	ขณะที่ชุดสืบสวนตำรวจภูธรจังหวัดกาญจนบุรี
10-10257-12.wav	บริเวณสวนสาธารณะหาดในทอนตำบลสาคูอำเภอถลางจังหวัดภูเก็ตนะครับ
10-10256-48.wav	ขณะนี้ยังตั้งบำเพ็ญกุศลศพของนายเม็ด
10-10257-32.wav	ตำรวจสภ.สาคูเชิญตัวนายสันติอายุ52ปี
10-10257-36.wav	และพบรถคันสีขาวของนายพรมพิทักษ์
10-10257-42.wav	แล้วก็ที่นายสันติอ้างว่าต้องไปหยิบมีดพร้ามาเนี่ย
10-10259-17.wav	เขาเนี่ยโอ้โหก็เห็นแบบนั้นแล้วนายเอี้ยงจะเอาเงินมาให้เขา
10-10256-42.wav	ส่วนอาการของนางสาวชะเอมอายุ42ปี
10-10259-4.wav	ตำรวจสภ.ท่าวุ้งไปตรวจสอบนะครับพบศพของนายชัดชายปานเนียม
10-10259-7.wav	ละทุบไปแตกก่อนแล้วแทงคออ่ะนะฮะคือนายสายัณห์ทองขาวเนี่ยนะ
10-10267-22.wav	โรงเรียนโยธินบูรณะอำเภอเขาย้อยจังหวัดเพชรบุรีครับ
10-10267-28.wav	จะไปส่งปลายทางที่ตำบลป่าละอูที่หัวหินจังหวัดประจวบครับ
10-10267-4.wav	ขับมาข้ามจังหวัดจากสุพรรณฯจะไปประจวบฯ
10-10268-15.wav	นายรณรงค์แก้วเพชรประธานเครือข่ายรณรงค์ทวงคืนความยุติธรรมในสังคม
10-10268-9.wav	แล้วน้องก็เสียชีวิตในที่สุดขณะที่นางมีนาอินศิริอายุ54ปี
10-10272-61.wav	ไปที่สำนักงานอธิบดีผู้พิพากษาภาค4ที่จังหวัดขอนแก่นก่อน
10-10272-81.wav	ก็คือพนักงานอัยการจังหวัดมุกดาหาร
10-10274-14.wav	โดยเจ้าของร้านขายเสื้อผ้าย่านอ่าวนางจังหวัดกระบี่
10-10274-21.wav	ได้ที่รีสอร์ทในอำเภอเกาะลันตาจังหวัดกระบี่
10-10274-37.wav	ด่านสนามบินนานาชาติจังหวัดกระบี่
10-10274-38.wav	และมีกำหนดการเดินทางออกจากประเทศไทย
10-10274-3.wav	ของเจ้าของร้านขายเสื้อผ้าในจังหวัดกระบี่
10-10280-0.wav	เจ้าพระยาหน้าวัดสนามชัยที่จังหวัดพระนครศรีอยุธยา
10-10280-10.wav	จากเหตุเรือล่มบริเวณวัดสนามชัยจังหวัดพระนครศรีอยุธยาอย่างต่อเนื่องนะคะ
10-10280-4.wav	ผู้สื่อข่าวไทยรัฐทีวีรายงานสดมาจากจังหวัดพระนครศรีอยุธยาครับ
10-10281-142.wav	เขาบอกว่าก็ใช่เขาเคยเห็นตำรวจนายนี้มาที่บ้านจริง
10-10281-35.wav	ของตำรวจนายนี้เนี่ยเธอบอกว่าสามีพาผู้หญิงมาแอบมากกอยู่ในป้อมยามที่มาเข้าเวร
10-10281-38.wav	แต่ก็มีภาพที่ตำรวจนายนี้ก็พยายามมาไล่ให้กลับบ้านนั่นแหละนะครับ
10-10284-18.wav	อายุ18ปีเป็นชาวจังหวัดสุรินทร์
10-10286-11.wav	เพื่อไปอยู่ในพื้นที่อนุบาลที่จังหวัดปทุมธานี
10-10290-10.wav	อำเภอเมืองจังหวัดเชียงใหม่เนี่ยครับต้องช่วยกัน
10-10291-12.wav	ถือเป็นการนำผู้ประกอบการไทยในจังหวัดประจวบคีรีขันธ์สมุทรสาคร
10-10291-13.wav	แล้วก็จังหวัดใกล้เคียงได้เดินทางโดยรถยนต์
10-10291-14.wav	ข้ามจุดผ่อนปรนพิเศษด่านสิงขรไปที่จังหวัดมะริด
10-10291-15.wav	เพื่อสำรวจเส้นทางตั้งแต่ด่านสิงขรไปจนถึงจังหวัดมะริด
10-10291-2.wav	โดยนายทวีนริสศิริกุลผู้ว่าราชการจังหวัดประจวบคีรีขันธ์
10-10291-3.wav	ร่วมกับนายวีระศรีวัฒนตระกูล
10-10291-5.wav	เป็นประธานในการปล่อยขบวนคาราวานรถยนต์เดินทางจากบริเวณซุ้มประตูเมือง
10-10293-4.wav	เปิดเผยความคืบหน้าอาการของนายโชคชัยทองเนื้อขาวหรือว่าน้องบอสอายุ19ปี
10-10294-16.wav	โดยแม่ค้าเครื่องในไก่ในพื้นที่บอกว่า
10-10294-1.wav	ในพื้นที่บ้านบัวนาคพัฒนาอำเภอเชียงคำจังหวัดพะเยานะครับ
10-10297-35.wav	เมาได้ที่ก็หาเรื่องไปทะเลาะกับพี่ชายคือนายเคนประจำ
10-10297-65.wav	ทีนี้เพื่อนบ้านอีกคนนึงคือนางแดงเล่าให้ฟังนะ
10-10299-50.wav	ดังนั้นใครที่จะเดินทางท่องเที่ยวทั้งในไทยเอง
10-10300-6.wav	วัดเขาพระทองอำเภอชะอวดครับจังหวัดนครศรีธรรมราชนะฮะโอ้ย
10-10300-7.wav	วันนี้นะตั้งแต่เช้านะประชาชนเดินทางไปทั่วทุกสารทิศเลย
10-10301-0.wav	โขนเรื่องรามเกียรติ์มีตัวนางจำนวนมากทั้งมนุษย์เช่นนางสีดาเทพเช่นพระอุมาปลาเช่นนางสุพรรณมัจฉา
10-10301-1.wav	แต่รวมแล้วโขนตัวนางแบ่งออกเป็น2ประเภทคือนางกษัตริย์ซึ่งสุภาพนุ่มนวลกรีดกลายนิ้วมือแต่พองาม
10-10301-2.wav	และนางตลาดซึ่งจัดจ้านคล่องแคล่วว่องไว
10-10303-22.wav	ใช้จระเข้ไปถึง3ตัวจากฟาร์มทวีชัยฟาร์มจังหวัดราชบุรี
10-10307-5.wav	สำรวจตลาดที่เชียงใหม่ตลาดวโรรสอำเภอเมืองจังหวัดเชียงใหม่ฮะ
10-10308-34.wav	ผมเคยเลี้ยงไซบีเรียนที่จังหวัดพิษณุโลกที่บ้านผม
10-10310-15.wav	ขณะที่นายครรชิตโพขาวคนขับกระบะได้รับบาดเจ็บที่แก้มซ้ายฉีกขาดนะคะ
10-10311-34.wav	ทำงานอยู่ที่โครงการชลประทานฝ่ายชีกลางจังหวัดร้อยเอ็ดนั่นแหละ
10-10312-203.wav	ครับเมื่อวานนี้ผมไปที่จังหวัดสกลนคร
10-10312-258.wav	ก็จริงอย่างที่ท่านนายกว่านะครับ
10-10312-268.wav	อยู่ที่เดียวฮะที่จังหวัดสกลนคร
10-10312-512.wav	ท่านประชาชนทุกท่านในภาคเอ่อจังหวัด
10-10312-569.wav	เตือนรัฐบาลเตือนถึงประชาชนที่อยู่ในพื้นที่ในจังหวัด
10-10312-577.wav	อย่างในจังหวัดสกลนครเนี่ยแน่นอนครับอย่างที่ผมบอก
10-10313-68.wav	ที่จะตรวจในวันที่5ของการเดินทางเข้ามาในประเทศไทยของนักท่องเที่ยวเนี่ย
10-10313-71.wav	ไม่ได้อยู่ต่างประเทศครับดังนั้นคนที่เดินทางมาจากต่างประเทศ
10-10313-83.wav	ใช่ค่ะไปร่วมงานกับนายณรงค์เรืองศรีรองปลัดกรุงเทพมหานคร
10-10314-12.wav	ตำรวจชุดสืบสวนสภ.พนมสารคามจังหวัดฉะเชิงเทรา
10-10314-14.wav	กว่า20นายเนี่ยเข้าไปตรวจค้นบ้านหลังหนึ่งในตำบลเกาะขนุน
10-10314-15.wav	หลังจากที่นางสาวเอนามสมมุตินะครับค่ะอายุ17ปี
10-10314-17.wav	ว่าถูกนายไก่อะเป็นนามสมมุติเหมือนกัน
10-10314-29.wav	เบื้องต้นนายวินัยยอมรับว่าได้มีอะไรกับลูกสาวตัวเองจริง
10-10315-25.wav	แต่ขณะที่นายปรเมศวร์ผู้ตายขี่รถจักรยานยนต์จะกลับบ้าน
10-10315-34.wav	ทำให้นายปรเมศวร์พยายามคลานหลบหนี
10-10316-0.wav	ไปที่จังหวัดสตูลครับคุณผู้ชมครับ
10-10316-31.wav	นายเจริญเมืองสุขครับสามีของผู้เสียหายเนี่ย
10-10319-119.wav	ต้องมีพื้นที่ที่รัฐเปิดให้เขาเดินทางไปสู่ความปรารถนาที่เขาต้องการจะเป็น
10-10319-5.wav	ฉบับแก้ไขเพิ่มเติมฉบับที่พ.ศ.ของนายพริษฐ์วัชรสินธุและคณะ
10-10322-390.wav	หรือเปล่าอือฉะนั้นวันนี้เนี่ยมันขึ้นอยู่กับท่านนายกว่า
10-10323-11.wav	ซึ่งเป็นเหตุการณ์ที่เกิดขึ้นที่สี่แยกหน้าค่ายจิรประวัติในอำเภอเมืองจังหวัดนครสวรรค์เย็นเมื่อวานนี้เองค่ะ
8-8712-25.wav	เป็นปลัดอำเภอสนามชัยเขตจังหวัดฉะเชิงเทรา
10-10565-45.wav	ด้านของนายอีทประกายแก้วคุณตาของเด็กๆทั้ง4คนบอกว่า
10-10567-0.wav	จังหวัดปราจีนบุรีคุณผู้ชมครับในงานศพคือญาติๆเขาก็นอนเฝ้าใช่ไหม
10-10567-14.wav	ตำรวจต้องตรวจสอบก่อนบอกว่านายเอเนี่ยป่วยจิตจริงหรือเปล่า
10-10568-42.wav	ก็เดินทางมาดูกันบ้างเผื่อจะสมหวังเหมือนคุณอำนวยกับภรรยาของเขานั่นเองครับ
10-10569-0.wav	ที่จังหวัดสมุทรสาครมีชายวัย80ปีค่ะเรียกว่าเป็นผู้สูงอายุแล้วนะคะ
10-10569-5.wav	ตำบลท่าจีนอำเภอเมืองจังหวัดสมุทรสาครค่ะพอเข้าไปตรวจสอบที่เกิดเหตุพบปลอกกระสุน6ปลอกตกอยู่ที่พื้น
10-10570-10.wav	ซึ่งมันวันมันตรงกันกับเดือนตรงกันแต่สถานที่จังหวัดมันไม่ใช่ใกล้กันเลยครับ
10-10570-16.wav	เจ้าแม็กซ์ที่ว่านี้อยู่ในเรือนจำที่จังหวัดระนองนะคะ
10-10570-263.wav	เขาไม่ได้อยู่ในจังหวัดระนองเขาอยู่ที่จังหวัดนครปฐม
10-10570-27.wav	จริงๆแล้วซ้อมมวยอยู่อีกจังหวัดนึงนะคะ
10-10570-299.wav	เจ้าแม็กซ์อยู่คนละจังหวัดใช่ไหมคะอันนี้อย่างแรก
10-10570-380.wav	เพราะ1ระนองเนี่ยจังหวัดระนองเนี่ยอ่า
10-10570-488.wav	เขาเป็นภรรยาของนายอัจฉริยะ
10-10323-16.wav	เสียชีวิตทั้งคู่เขาเป็นเจ้าของกิจการผลิตเฟอร์นิเจอร์ในจังหวัดนครสวรรค์
10-10323-1.wav	ที่นครสวรรค์นะครับสี่แยกในจังหวัดนครสวรรค์รถปาเจโร่คันหนึ่งนะครับ
10-10324-55.wav	แม่และญาติได้เดินทางกลับไปบ้านที่โคราช
10-10324-5.wav	อายุ38ปีชาวจังหวัดตรังทำอาชีพขายอุปกรณ์คอมพิวเตอร์
10-10326-27.wav	ขณะเดียวกันนะครับเจ้าหน้าที่พบว่าจากการตรวจสอบกล้องวงจรปิดที่บ้านนายแทนไทย
10-10326-29.wav	เป็นรถที่จอดอยู่ในบ้านนายแทนไทยในวันที่ตำรวจเข้าจับกุม
10-10326-5.wav	ตำรวจนำหมายค้นเข้าตรวจค้นในโกดังไม่มีชื่อในซอยบางใหญ่บางคูลัด4หมู่5ตำบลบางม่วงอำเภอบางใหญ่จังหวัดนนทบุรีครับ
10-10330-0.wav	ดูเหตุการณ์ที่เกิดขึ้นที่อุบลราชธานีหน่อยนะฮะก็เป็นเรื่องของสามีภรรยานั่นแหละคือเขาเลิกกันแล้วแต่มันยังมีปัญหาเรื่องของการแบ่งสมบัติกันนะสุดท้ายเนี่ยถึงขั้นแทงกันนะฮะฝ่ายสามีเนี่ยแทงฝั่งอดีตภรรยาไปจนเขาบาดเจ็บนี่คุมตัวมานะครับคุณผู้ชมครับมาชี้จุดมาทำแผนนะฮะคนเจ็บสมมุติว่าชื่อส้มก็แล้วกันนะนางสาวส้ม
10-10331-110.wav	นายนิรันดร์ประดิษฐ์กุลเป็นประธานกรรมการ
10-10331-112.wav	อภิรัตน์ศิวพรพิทักษ์และนายเพชรภูมิมา
10-10326-9.wav	มีคนมาขอเช่าเมื่อ19ตุลาคมที่ผ่านมาชื่อนายบุญเลิศบานเย็น
10-10332-17.wav	ที่หน่วยตรวจเลือกทหารกองเกินอำเภอวังโป่งจังหวัดเพชรบูรณ์
10-10332-19.wav	เดินทางมารายงานตัวกันอย่างคึกคักครับ
10-10332-23.wav	และอีกที่นึงที่จังหวัดแพร่ก็มีเหมือนกันนะครับ
10-10332-24.wav	เพราะว่าสาวประเภท2จังหวัดแพร่ได้เข้ายื่นเอกสาร
10-10332-43.wav	แล้วก็ชนะเลิศการประกวดน้องนางบ้านนาจำแลงประเพณีวิ่งควายที่ชลบุรี
10-10332-52.wav	และเธอก็เดินทางไปยังศูนย์ประสานแผนพัฒนาท้องถิ่นประจำ
10-10332-73.wav	ใช่ก็เดินทางมาคัดเลือกแต่ว่าสุดท้ายพอตรวจร่างกายเนี่ย
10-10332-77.wav	ในพื้นที่รับผิดชอบของกองทัพภาคที่3ทั้ง17จังหวัด
10-10334-20.wav	พฤษภาคมก่อนนำตัวไปฝากขังต่อศาลจังหวัดพระนครศรีอยุธยาเมื่อช่วงเที่ยงที่ผ่านมา
10-10334-21.wav	นี่เป็นภาพวันทำแผนนะครับซึ่งนายวิรพลนั้นพนักงานสอบสวนสภ.อุทัยบอกว่า
10-10697-190.wav	ประธานพรโพธิสัตว์จังหวัดเชียงใหม่
10-10697-22.wav	จำนวน2ใบนะครับขึ้นโรงพักด่านขุนทดจังหวัดนครราชสีมา
10-10697-32.wav	ที่วัดคลองนาดีอำเภอสีคิ้วจังหวัดนครราชสีมานี่แหละครับค่ะ
10-10697-96.wav	หยิบมาจากแม่ค้าลอตเตอรี่ที่เร่ขายในศาลากลางจังหวัด
10-10699-114.wav	จะได้ว่ามีมวลชนจำนวนมากทยอยเดินทางเข้ามาในพื้นที่
10-10699-115.wav	ไม่ว่าจะเป็นสกายวอล์กเองรวมไปถึงมวลชนที่เดินทางมาจากแยกรัชโยธินนะครับ
10-10696-43.wav	กลุ่มปกป้องสถาบันจากจังหวัดเพชรบุรีครับ
10-10696-49.wav	เดี๋ยวเราไปฟังบางช่วงบางตอนของนายอดุลย์กันครับ
10-10334-29.wav	โดยบอกว่าหลังจากรู้ว่านางจำปีเสียชีวิตแล้วไม่รู้จะทำยังไงต่อ
10-10334-30.wav	ก็นอนอยู่กับศพของนางจำปีอยู่คืนนึงนะอืมก็แทงตั้งแต่20:00น.
10-10334-37.wav	แล้ว04:00น.21เมษายนเอาถุงผ้า2ถุงที่ใส่ชิ้นส่วนของนางจำปี
10-10334-42.wav	ก่อนที่25เมษายนจะเดินทางจากอยุธยาเข้ากรุงเทพฯไปหาเพื่อน
10-10334-43.wav	แล้วก็เดินทางค่ะกลับไปบ้านเกิดที่จังหวัดอุดรธานีอือ
10-10334-49.wav	ระหว่างคบหากันนางจำปีขอเงินใช้ก็ให้นะครับ
10-10334-51.wav	เมษายนเพราะจับได้ว่านางจำปีมีครอบครัวอยู่แล้วอ่านี่นะฮะ
10-10334-53.wav	มีชิ้นส่วนศพของนางจำปีที่ทิ้งชักโครกด้วยค่ะ
10-10334-56.wav	เพื่อที่จะหาชิ้นส่วนศพของนางจำปีก็ใช้รถดูดสิ่งปฏิกูลมาดูดชิ้นส่วนขึ้นมานะฮะ
10-10334-6.wav	จังหวัดพระนครศรีอยุธยาที่ชาวบ้านไปเจอเนี่ยคือช่วง13:00น.26เมษายน
10-10334-7.wav	หลังจากนั้นชุดสืบสวนของสภ.อุทัยจังหวัดพระนครศรีอยุธยาก็สืบหาข้อมูล
10-10334-9.wav	ส่วนผู้ตายนั้นคือนางจำปีหอมหวนอายุ45ปีเป็นชาวจังหวัดสระแก้วนะฮะ
10-10335-87.wav	นางก็บอกนางเป็นโรคซึมเศร้านะมดดำอะไรอย่างเงี้ยอือคือถามว่า
10-10336-8.wav	ไปทอดที่วัดนางคันจันตรีครับซึ่งอยู่ห่างออกไปสัก2กิโล
10-10343-18.wav	ก็บอกว่าเบื้องต้นเนี่ยคือผู้ต้องหาก็คือนายจุ๊บเนี่ย
10-10343-1.wav	พื้นเพเป็นชาวจังหวัดพัทลุงนะคะ
10-10343-27.wav	นอกจากตัวนายจุ๊บที่ไปก่อเหตุฆ่าผู้ตาย
10-10343-35.wav	ในถังน้ำมันนั้นมีศพของนายขิกอยู่ข้างใน
10-10343-50.wav	ส่วนตัวของนายจุ๊บตำรวจมีการแจ้งข้อกล่าวหาคือ1
10-10343-6.wav	หลังจากที่ก่อเหตุแล้วก็หนีกลับบ้านไปที่อำเภอปากพะยูนจังหวัดพัทลุงนะคะ
10-10344-19.wav	เป็นผู้ใหญ่บ้านที่ตำบลป่าแงะอำเภอป่าแดดจังหวัดเชียงราย
10-10346-51.wav	จังหวัดระดับประเทศก็ไปนะฮะ
10-10346-63.wav	คาดว่านะครับเงินจะเข้าจังหวัดในช่วงนี้เกี่ยวกับทุเรียนเนี่ย
10-10346-7.wav	ผมจะพาไปที่จังหวัดอุตรดิตถ์ก่อนนะครับ
10-10347-7.wav	วัดเสม็ดอยู่ที่อำเภอเมืองจังหวัดชลบุรีค่ะพระครูสังครักษ์เจ้าอาวาสวัดเสม็ดเนี่ยบอกว่า
10-10349-10.wav	นะก็คือสมาชิกวุฒิสภาจังหวัดนครราชสีมา
10-10349-2.wav	เพราะว่าช่วงค่ำที่ผ่านมาอาจารย์โต้งครับนายไกรศักดิ์ชุณหะวัณ
10-10350-50.wav	ก็สอบสวนกันที่ห้องสอบสวนคดีเด็กและเยาวชนสำนักงานอัยการจังหวัดยโสธร
10-10350-70.wav	ยังเป็นเยาวชนก็นำตัวส่งสถานพินิจคุ้มครองเด็กและเยาวชนจังหวัดยโสธร
10-10351-0.wav	พาคุณผู้ชมไปที่งานเทศกาลไหมนานาชาติที่จังหวัดขอนแก่นนะคะ
10-10351-18.wav	เจ้าหน้าที่ประมาณสัก5-6นายเข้าไประงับเหตุได้ค่ะ
10-10352-245.wav	ควบคู่กับระบบบันทึกข้อมูลการเดินทาง
10-10354-13.wav	ที่โรงพยาบาลโคกเจริญพบร่างนายวันฉลองหรืออ้ำ
10-10354-1.wav	จากแค่วิวาทก็นำมาสู่การฆ่ากันตายอย่างสยองในพื้นที่จังหวัดลพบุรีค่ะ
10-10354-31.wav	นางสาวเอเจ้าของโต๊ะสนุกบอกวันนั้นอ้ำมาเล่นสนุกเกอร์กับเพื่อน
10-10354-37.wav	ตำรวจแจ้งข้อหานายแบงค์ฐานฆ่าผู้อื่นโดยเจตนา
10-10354-9.wav	ในตำบลโคกแสมสารอำเภอโคกเจริญจังหวัดลพบุรี
10-10356-12.wav	เหตุการณ์นี้เกิดขึ้นบนถนนบุรีรัมย์สตึกก็คือจังหวัดบุรีรัมย์
10-10357-103.wav	5คนเนี่ยทั้งใจดำแล้วก็จริงจริงแล้วโดยเฉพาะนายนิวเนี่ย
10-10357-10.wav	เหตุนี้เกิดขึ้นหลังจากที่ญาติของนายฟิล์มได้ไปแจ้งความว่ามีคนหายนะคะเพราะหายไปนานกว่า20วันเนี่ยนะคะครับ
10-10357-115.wav	พลตำรวจตรีทิวธวัชนครศรีผู้บังคับการตำรวจภูธรจังหวัดสงขลา
10-10357-15.wav	นะครับแล้วก็ภรรยาของนายฟิล์มผู้เสียชีวิตก็สงสัยเหมือนกัน
10-10357-16.wav	กลุ่มเพื่อนมีอะไรกับนายฟิล์มหรือเปล่า
10-10357-27.wav	ประกอบด้วยนายนิวอายุ24ปี
10-10357-40.wav	นายโอมซึ่งเป็นหนึ่งในแก๊งเนี่ย
10-10357-46.wav	แม่ของนายนิวเนี่ย
10-10357-52.wav	2สัปดาห์ก่อนก่อนที่นายฟิล์มจะถูกฆ่านะอืมนะครับ
10-10357-53.wav	ทีนี้ฮะในกลุ่มเพื่อนโดยเฉพาะนายนิวเนี่ย
10-10357-54.wav	สงสัยว่านายฟิล์มเนี่ย
10-10357-59.wav	พอถึงจังหวะที่นายฟิล์มผู้ตายเนี่ย
10-10357-60.wav	ส่งข้อความมาทางโทรศัพท์ของนายนิว
10-10357-62.wav	นายโอมซึ่งก็โกรธแค้นแทนเพื่อน
10-10357-6.wav	แล้วก็เอาศพนั้นยัดกระสอบปุ๋ยไปฝังในสวนมะพร้าวที่จังหวัดสงขลาเพื่อเป็นการอำพรางคดีนะคะ
10-10357-76.wav	ก็เลยแน่นิ่งไปใช่ฮะจากนั้นค่ะนายนิวและนายกร
10-10357-77.wav	นายกรคือคนที่พาไปชี้จุดนี่นะคะคือ2คนนี้ก็ช่วยกันนำร่างของผู้ตาย
10-10357-89.wav	จริงๆตำรวจบอกว่านายฟิล์มผู้ตายน่าจะตายตั้งแต่ตอนถูกไม้ฟาดศีรษะแล้ว
10-10357-94.wav	ว่าแม่ของนายนิว1ในผู้ต้องหาถูกจับเรื่องยาเสพติด
10-10358-18.wav	เหตุการณ์นี้อำเภอวาปีปทุมจังหวัดมหาสารคามฮะ
10-10358-33.wav	ดังนั้นแจ้งข้อหาวิเชียรข่มขืนบังคับขู่เข็นกับนายวิเชียรเป็นที่เรียบร้อยแล้วครับค่ะ
10-10359-8.wav	โดยเสี่ยฮุยก็บอกเหมือนกันว่ารอเซ็นสัญญาแล้วก็นักมวยไม่น่ามีปัญหาในการเดินทางมา
10-10360-12.wav	โดยนายธนชนยังบอกอีกนะครับว่า
10-10361-100.wav	นั่นก็คือน้องคืนนะครับที่บ้านหนองแก้วหมู่13ตำบลแม่กาอำเภอเมืองจังหวัดพะเยาค่ะ
10-10361-157.wav	ไปดูกันเลยที่จังหวัดอ่างทองค่ะ
10-10361-15.wav	เราจะเอาใจสายท่องเที่ยวแบบชอบผจญภัยกันเลย
10-10361-35.wav	อำเภอบ้านแพงจังหวัดนครพนม
10-10361-38.wav	กับอำเภอบึงโขงหลงครับจังหวัดบึงกาฬนั่นเอง
10-10361-53.wav	ประชาชนนักท่องเที่ยวที่เดินทางขึ้นไป
10-10361-74.wav	สำหรับการเดินทางที่จะต้องเดินเท้าลุยป่าปีนเขาสูงชันเป็นเส้นทางผจญภัยเนี่ย
10-10361-78.wav	ซึ่งผู้ที่เดินทางขึ้นไปสิ่งสำคัญมากเลยที่ทางเจ้าหน้าที่อุทยานแห่งชาติเขากล่าวเขาบอกเอาไว้
10-10361-81.wav	สำหรับประชาชนนักท่องเที่ยวที่เดินทางมาเที่ยวศึกษาธรรมชาติทางอุทยานแห่งชาติภูลังกา
10-10362-0.wav	พาไปกินหมูสะเต๊ะอือหมูสะเต๊ะร้านนี้เนี่ยอยู่จังหวัดเชียงใหม่
10-10362-28.wav	เพียงแค่เลี้ยวมาทางถนนช้างม่อยตัดใหม่จังหวัดเชียงใหม่
10-10364-17.wav	ชาวบ้านก็ไปหวังแบบพึ่งพี่นางนี่แหละค่ะว่าแล้วนะคะ
10-10364-18.wav	ก็พากันแบบแห่ไปซื้ออายุวันเดือนปีเกิดค่ะของพี่นางซึ่งเกิดวันที่9นะคะ
10-10366-6.wav	ที่งานงิ้วจังหวัดร้อยเอ็ด
10-10368-14.wav	และมีรายงานว่าเจ้าหน้าที่2นาย
10-10368-41.wav	เจ้าหน้าที่กว่า400นายก็ยังคงระดมกำลังเข้าค้นหาผู้สูญหาย
10-10375-0.wav	ก็ไปต่อเลยดีกว่านะคะดิฉันเนี่ยจะพาไปเที่ยวบ้านของดิฉันที่จังหวัดศรีสะเกษ
10-10375-12.wav	ก็เป็นการบอกเล่าเรื่องราวของจังหวัดศรีสะเกษนะคะ
10-10375-5.wav	มาเที่ยวที่นี่ในช่วงเวลานี้ช่วงเวลาที่ดอกลำดวนซึ่งเป็นดอกไม้ประจำจังหวัดศรีสะเกษเนี่ยปลูกกันมากแล้วก็เบ่งบานกันในช่วงนี้
10-10376-18.wav	นี่คลอดหน้าห้องน้ำเลยในห้องเช่าเลขที่5หมู่5ตำบลหาดเล็กอำเภอคลองใหญ่จังหวัดตราดครับ
10-10377-18.wav	หน้าตู้ตำรวจท่องเที่ยวป่าตองนะคะ
10-10377-9.wav	คลิปนี้เพจโหดจังจังหวัดภูเก็ตนำมาโพสต์ค่ะพร้อมข้อความว่าไม่ต้องตกใจ
10-10378-7.wav	โอ้โหคือผู้สื่อข่าวของเรานะครับไปคุยกับนางสาวจำเนียนจีนวังและนายเผชิญชาวคำ
10-10380-41.wav	กบินทร์บุรีจังหวัดปราจีนบุรี
10-10380-9.wav	ตั้งแต่วันที่18พฤษภาคมที่จังหวัดสระแก้วนะ
10-10381-14.wav	ใกล้กันมีศพนายอินแก้วพรมอ่าพรมดำอายุ70ปีนะฮะสภาพศพนอนคว่ำหน้าเช่นเดียวกัน
10-10381-16.wav	ที่บริเวณในบ้านเนี่ยไปเจอศพอีกคนนึงคือนายสมทบสายก้อนอายุ52ปี
10-10381-21.wav	แล้วก็มีคนเจ็บอีก1คนชื่อว่านางพันนีสายก้อนอายุ51ปี
10-10381-24.wav	ก่อนเกิดเหตุนายสมทบผู้ก่อเหตุเดินไปหานางพันนีก่อน
10-10381-25.wav	แล้วก็เอามีดจ้วงแทงนางพันนีจนบาดเจ็บสาหัส
10-10381-26.wav	นางพันนีวิ่งตามถนนครับตะโกนขอความช่วยเหลือ
10-10381-27.wav	ก็คือไปหาสามีคือนายอำพลแล้วก็ไปหาพ่อคือนายอินแก้ว
10-10381-28.wav	2คนนั้นก็วิ่งออกมาห้ามนะฮะแต่นายสมทบยังคลุ้มคลั่งอยู่
10-10381-30.wav	นางพันนีเห็นท่าไม่ดีก็เลยวิ่งไปหลบซ่อนตัวในบ้าน
10-10381-31.wav	นายสมทบผู้ก่อเหตุพยายามเดินหานางพันนีแต่ว่าหาไม่เจอ
10-10381-35.wav	ยังไม่ทราบว่าทำไมนายสมทบถึงคลุ้มคลั่ง
10-10381-37.wav	ผู้ก่อเหตุอาจจะคับแค้นใจเพราะว่าเคยถูกนางพันนีคนบาดเจ็บเนี่ย
10-10382-7.wav	เขาจัดกันที่ตำบลท่าลาดขาวอำเภอโชคชัยจังหวัดนครราชสีมานะครับ
10-10383-20.wav	นายอัธชัยอาจอุดมอายุ19ปีนี่คือภาพของน้องเขา
10-10388-12.wav	ซึ่งบ้านหลังนี้อยู่ห่างจากอบต.ทุ่งฮั้วในอำเภอวังเหนือจังหวัดลำปาง
10-10388-28.wav	พอแผ่นดินไหวปุ๊บเนี่ยนะคะนายนริศจิวะสันติการที่ปรึกษาสาขาภาคเหนือ1
10-10388-30.wav	แล้วก็คณะเดินทางไปตรวจสอบองค์พระธาตุเลย
10-10390-0.wav	วันนี้เราตามความคืบหน้าเรื่องของน้องจอยน้องจอยนางสาวนันทิดาวัย22ปีที่เสียชีวิตค่ะ
10-10390-135.wav	หมอปลาเดินทางไปจริงๆนะคะ
10-10390-138.wav	แล้วก็เล่าว่าระหว่างที่เดินทางไป
10-10390-197.wav	ตอนเช้ามืดระหว่างที่เดินทางมา
10-10390-20.wav	เพราะว่าครอบครัวของน้องจอยนางสาวนันทิดาสุขจันทร์อายุ22ปี
10-10390-29.wav	ถูกต้องนะครับแม่ของน้องจอยนะครับชื่อนางจงรักอายุ43ปีนะครับ
10-10390-305.wav	กรณีที่เกิดขึ้นของน้องจอยหรือว่านางสาวนันทิดาเนี่ยนะครับท่านผู้ชมครับ
10-10393-31.wav	พอสนามปิดทุกคนก็แยกย้ายพากันเดินทางกลับ
10-10394-18.wav	เมล็ดพันธุ์ข้าวจังหวัดชัยนาทอือ
10-10394-28.wav	มาใช้ในการปรุงแต่งอาหารอีกด้วยค่ะเพราะว่าที่จังหวัดชัยนาทเขา
10-10394-37.wav	มะนาวพริกก็ได้มาจากเกษตรกรในจังหวัดชัยนาท
10-10394-38.wav	อืมเห็นไหมผมบอกแล้วเธอนั้นเจ้าของร้านเนี่ยเลือกใช้วัตถุดิบในจังหวัด
10-10394-7.wav	นี่นางอนุภาปัญญาดิลกครับ
10-10395-11.wav	นางสาวสรยาพางามครับ
10-10395-12.wav	นำหลักฐานเข้าไปแจ้งความกับโรงพักเสม็ดนะฮะจังหวัดชลบุรี
10-10397-8.wav	และเดินทางไปร่วมงานบุญที่วัดไร่ขิงจังหวัดนครปฐมค่ะ
10-10398-26.wav	อยู่ที่วัดบางกุ้งตำบลบางกุ้งอำเภอบางคนทีที่จังหวัดสมุทรสงคราม
10-10400-14.wav	นี่เป็นเหตุการณ์ที่ตำรวจแล้วก็ชาวบ้านพยายามไล่จับตัวนายสมชาย
10-10400-17.wav	แต่นายสมชายก็วิ่งหนีออกจากบ้านไปได้ฮะ
10-10401-65.wav	คุณชูวิทย์บอกว่าจะเดินทางไปยังบ้านพัก
10-10401-66.wav	และพรุ่งนี้ครับจะเดินทางไปงานรับปริญญาลูกสาว
10-10402-15.wav	ตำรวจนายนี้ช่วยปั๊มหัวใจอยู่10นาทีจนเขาฟื้นขึ้นมาได้นี่ครับ
10-10404-13.wav	นะครอบครัวมีการเดินทางไปทำบุญที่วัดไร่โคกสูง
10-10404-14.wav	วัดบ้านไร่โคกสูงตำบลมะเกลือเก่าอำเภอโนนสูงจังหวัดนครราชสีมาอำเภอสูงเนินนะ
10-10404-8.wav	ครอบครัวของนายจิรัฐิติกาลนอบไทยหรือว่าน้องเนยอายุ26ปี
10-10406-11.wav	หมู่ที่3ตำบลคลองพิไกรอำเภอพรานกระต่ายจังหวัดกำแพงเพชร
10-10406-18.wav	แต่ที่แปลกก็คือนางสุนทรออมสินเป็นหลานสาวของผู้เสียชีวิตนะครับ
10-10409-10.wav	จังหวัดบุรีรัมย์เพื่อนำไปขายหารายได้เลี้ยงแม่
10-10409-33.wav	และเจ้าหน้าที่จากบ้านพักเด็กและครอบครัวจังหวัดบุรีรัมย์
10-10415-10.wav	โดยนายทศจิราธิวัฒน์ประธานกรรมการบริหารกลุ่มเซ็นทรัลก็จะแถลงข่าวเพื่อที่แจงเรื่องนี้อีกครั้งนึงครับ
10-10415-5.wav	ทั้งหมดนั้นเป็นกลุ่มของบริษัทของนายเจริญสิริวัฒนภักดีครับ
10-10417-14.wav	อยู่ที่หมู่2ตำบลท่ามะขามอำเภอเมืองจังหวัดกาญจนบุรีนะครับ
10-10419-12.wav	อำเภอท่ายางจังหวัดเพชรบุรี2ราย
10-10419-15.wav	ไปเจอร่างของนางอารีทัพเปลี่ยนอายุ40ปี
10-10419-21.wav	ช่วยราชการเป็นตำรวจชุดสืบสวนภูธรจังหวัดประจวบคีรีขันธ์นะคะ
10-10419-57.wav	ลูกที่เดินทางมาด้วยกันเนี่ยนะคะลูกของคนตายให้ข้อมูลตรงกันเลยนะ
10-10419-66.wav	ส่วนศพของนางอารีทางญาติก็จะเอาศพ
10-10420-0.wav	คุณผู้ชมที่จังหวัดตรังนะคะตำรวจเนี่ยได้รับแจ้งว่ามีอุบัติเหตุแล้วก็มีคนเสียชีวิต
10-10422-0.wav	ก่อนจะออกจากบ้านเรามีเรื่องการเดินทางการคมนาคมมาเล่าให้ฟังเยอะเลยคุณผู้ชมฮะ
10-10422-1.wav	โดยเฉพาะการรถไฟวันนี้ดีเดย์นะเขาจะขายตั๋วเดินทางที่สถานีกลางบางซื่อวันนี้วันแรกเลย
10-10423-11.wav	ในซอยข้างอนามัยบ้านซ่องไปเจอศพนายอรรถพลนิลวลีอายุ49ปี
10-10423-21.wav	ตำรวจชุดสืบสวนสอบสวนนะครับควบคุมตัวนายกานต์นนท์เนี่ยนะฮะ
10-10423-24.wav	เขามีปัญหากับนายอรรถพลผู้ตายตั้งแต่ช่วงเช้าที่ผ่านมาแล้ว
10-10423-44.wav	ไปคุยกับนายธีรวัฒน์นราธรรมนะครับที่ร้านน้ำชาโกตั๊กนะฮะ
10-10423-45.wav	เขาก็เล่าบอกว่าช่วงสายที่ผ่านมาเนี่ยนายอรรถพลผู้ตายเนี่ยนะครับ
10-10423-48.wav	เนื่องจากคิดว่านายอรรถพลเนี่ยกับภรรยาเนี่ยไปขโมยผักเขาไงไปขโมยของเขา
10-10423-62.wav	นายสันติแสงกำลังอายุ47ปีนะครับ
10-10423-6.wav	4ตำบลบ้านซ่องอำเภอเวียงสระจังหวัดสุราษฎร์ธานีเบื้องต้นพบผู้เสียชีวิต1รายนะครับ
10-10424-14.wav	ผู้ชายคนนี้ชื่อว่านายเมธัสแก้วทรายขาวค่ะ
10-10425-29.wav	สำนักงานจัดหางานจังหวัดสุรินทร์
10-10425-9.wav	อำเภอกาบเชิงจังหวัดสุรินทร์
10-10429-20.wav	อาจจะเป็นเพราะว่าเป็นวันหยุดนะคะคุณผู้ชมเป็นวันหยุดท่องเที่ยวเทศกาลดิวาลีคนก็เลยเยอะ
10-10432-51.wav	ไม่เข้าใจอยู่แถวตำบลสุรศักดิ์อำเภอศรีราชาจังหวัดชลบุรีใช่
10-10432-8.wav	จังหวัดนครราชสีมาอะ
10-10433-48.wav	อะในช่วงการเดินทางเยอะ1669นะครับ
10-10434-42.wav	แล้วเขาก็อาศัยจังหวะนั้นนะเอาเงินในกระเป๋าคาดเอวไป
10-10435-35.wav	ก่อนจะมีการส่งมอบเจ้าภาพสนามต่อไปให้จังหวัดสงขลา
10-10437-34.wav	เพราะก่อนไปแข่งขันพวกเขาจัดเต็มไปฝึกซ้อมที่จังหวัดเชียงใหม่
10-10438-16.wav	ตั้งอยู่ในหมู่บ้านเสน่พ่องตำบลไล่โว่อำเภอสังขละบุรีจังหวัดกาญจนบุรี
10-10438-19.wav	เพราะขาดทุนทรัพย์และการเดินทางไปโรงเรียนในอำเภอสังขละบุรี
10-10439-16.wav	ชื่อว่านายวิชิตเทพเพชรอายุ50ปี
10-10439-9.wav	ตำบลพรุดินนาอำเภอคลองท่อมจังหวัดกระบี่นะคะ
10-10442-105.wav	โดนกระทำเนี้ยไม่ได้บอกใครเลยคือนางนึงคืออายแล้วก็กลัวด้วย
10-10442-138.wav	วันเกิดเหตุในคลิปนั้นเลยเนี่ยอยู่จังหวัดนครปฐม
10-10442-194.wav	ปัจจุบันนี้เขาอยู่ที่จังหวัดนครปฐม
10-10442-44.wav	ผู้เสียหายเป็นชาวจังหวัดนครปฐมอายุ29ปี
10-10442-6.wav	อือเป็นเจ้าอาวาสวัดดังที่จังหวัดกาญจนบุรี
10-10442-73.wav	ก็ให้ไปประสานกับสำนักงานพระพุทธศาสนาจังหวัด
10-10443-23.wav	ที่จากการตรวจสอบมีจำนวน2แสนคนของจังหวัดนนทบุรี
10-10443-3.wav	รองลงมาก็คือจังหวัดนนทบุรี73คนนะคะผู้ป่วยสะสม
10-10443-45.wav	สำหรับจังหวัดนนทบุรีค่ะอย่างที่บอกไป
10-10443-4.wav	ทีนี้จังหวัดนนทบุรีต้องยอมรับว่ามีสนามมวยด้วย
10-10443-6.wav	ผู้ว่าราชการจังหวัดนนทบุรีก็เลยบอกว่าต้องเพิ่มความเข้มข้น
10-10443-9.wav	ก็เลยมีการเตรียมออกคำสั่งให้ร้านสะดวกซื้อทั้งหมดในจังหวัดนนทบุรี
10-10445-11.wav	พูดถึงการดูแลรักษาความปลอดภัยประชาชนที่จะเดินทาง
10-10445-14.wav	โดยบอกว่าจากการเปรียบเทียบจำนวนประชาชนที่เดินทางมา
10-10445-46.wav	พร้อมประสานไปยังไกด์ที่จะนำนักท่องเที่ยวเดินทางมา
10-10445-55.wav	ฝากไปบอกแล้วประสานกองบังคับการตำรวจท่องเที่ยว
10-10447-14.wav	ซึ่งทางด้านนางธนพรแสนคำอายุ49ปี
10-10447-4.wav	ไปฝากขังศาลจังหวัดตลิ่งชันซึ่งก็มีชาวบ้านไปให้กำลังใจดาบตำรวจนายนี้นะคะคุณ
10-10448-9.wav	จังหวัดปราจีนบุรีครับเอาเค้กมาเซอร์ไพรส์น้องไบท์
10-10450-108.wav	ซึ่งเป็นนางสาวมายภัสสราวลีที่อยู่ระหว่างการแถลงข่าวอยู่
10-10450-55.wav	ตอนนี้มวลชนก็เริ่มทยอยเดินทางกลับบ้านกันแล้วและนี่เป็นบรรยากาศทั้งหมดที่เกิดขึ้นที่บริเวณหน้าศาลฎีกาครับ
10-10450-58.wav	กลุ่มผู้ชุมนุมก็มีการประกาศยุติแล้วก็ทยอยเดินทางกลับกันแล้วนะคะครับ
10-10450-78.wav	ซึ่งเป็นตำรวจควบคุมฝูงชนของตำรวจภูธรจังหวัดสงขลากองบัญชาการตำรวจภูธรภาค8
10-10450-91.wav	แกนนำที่ขึ้นขออภัยครับแกนนำที่คอยปราศรัยในวันนี้ก็คือนางสาวสุวรรณาตาลเหล็กนะครับ
10-10450-98.wav	ทั้งหมดนั้นก็ทางแกนนำประกาศบอกว่าให้เดินทางกลับภายในคืนนี้ทันทีนั่นเองนะครับ
10-10452-22.wav	แล้วก็ภรรยาด้วยนะคะแต่ว่าอยู่ระหว่างการเดินทาง
10-10452-446.wav	ไม่ได้บอกสังกัดว่าอยู่ตรงไหนประจำอยู่จังหวัดอะไรยังไง
10-10453-143.wav	ปอนายตนุภัทรเนี่ย
10-10453-144.wav	แล้วก็โรเบิร์ตนายไพบูลย์เนี่ยนะฮะ
10-10453-156.wav	ส่วนโรเบิร์ตเนี่ยเดินทางมาถึงเมื่อวาน
10-10453-34.wav	จะต้องมีการเดินทางมามอบตัวภายใน24ชั่วโมง
10-10454-25.wav	บอกอีกนะคะบอกว่าบางคนบอกว่านายหล่อมากสุดยอด
10-10456-26.wav	แล้วก็ไปที่จังหวัดปราจีนบุรีอ่าแล้วก็เอารถเบนซ์ของคุณเชอรี่เนี่ยไปจอดเอาไว้ที่ลานจอดรถเอกชนแห่งนึง
10-10457-154.wav	นานจะขี่รถไปหาแม่ที่บ้านที่ลาดยาวจังหวัดนครสวรรค์สักครั้งนึง
10-10457-37.wav	แต่ว่าตอนช่วงจังหวะแล้วพี่ไม่รู้ว่าใครทำร้ายเขา
10-10457-8.wav	สายหนองฉางลานสักบ้านสวนป่าอำเภอหนองฉางจังหวัดอุทัยธานี
10-10458-33.wav	เดินทางมาเล่นน้ำนะฮะแล้วทีนี้เขาก็จำได้ว่า
10-10461-33.wav	เพื่อช่วยชาวชนบทของจังหวัดราชบุรี
10-10461-46.wav	ทีมข่าวเดินทางไปที่วัดชัยชุมพลชนะสงคราม
10-10461-66.wav	นายนิทานอายุ51ปี
10-10461-78.wav	หลังจากลงเวร4โมงเย็นแต่วันเกิดเหตุหมอมีนดินทางเอง
10-10462-0.wav	นายภิญโญภิญโญชีพทายาทเจ้าของโรงสีในจังหวัดปทุมธานี
10-10463-164.wav	ค่ะเราก็จะนำเอาศิลปะวัฒนธรรมต่างๆของแต่ละจังหวัด
10-10463-19.wav	เป็นจังหวัดที่เหมือนพาเราย้อน
10-10463-350.wav	วอนท่านจงอย่างแนงหน่าย
10-10463-491.wav	บ่แม่นมาวัดแล้วก็บ่ได้ใจนาง
10-10463-492.wav	หว่าแหหลงนางก็ดึงใจนั่งไว้บ่ได้
10-10463-597.wav	ถ้าจะเดินทางก็ขอให้ปลอดภัย
10-10463-65.wav	ให้กับโรงเรียนบ้านนาตำบลบ้านนาอำเภอศรีสำโรงจังหวัดสุโขทัย
10-10463-732.wav	จะทยอยคาราวานไปนะครับค่ะทุกจังหวัดทั่วประเทศไทย
10-10463-733.wav	ครั้งต่อไปก็ต้องคอยลุ้นล่ะครับว่าเราจะไปจังหวัดอะไรกันครับ
10-10466-2.wav	ซึ่งของนายจอนอึ๊งภากรณ์กับประชาชนผู้มีสิทธิ์เลือกตั้ง
10-10467-17.wav	ตอนสอบสวนตอนแรกนายสันติก็ให้การปฏิเสธครับบอกว่าเขาไม่ได้ทำ
10-10467-1.wav	ก่อนหน้านี้เรารายงานไปว่าจับกุมตัวนายสันติได้
10-10467-22.wav	คนนึงชื่อว่านายสามารถแซ่หลีครับอีกคนชื่อว่านายธนวัฒน์พุ่มเข็มทอง
10-10467-23.wav	โดยชุดหนุมานกองปราบเนี่ยไปจับกุมตัวนายธนวัฒน์ได้ที่บ้านเลยครับ
10-10467-25.wav	ได้เงินมา5แสนเป็นค่าจ้างครับให้ไปทำการทำร้ายร่างกายนางสาวลามี่แล้วก็สามี
10-10467-26.wav	โดยคนที่เป็นคนล่อลวงคู่สามีภรรยาก็คือนายสันตินี่แหละก็ล่อลวงทั้ง2คนออกมา
10-10467-27.wav	ส่วนนายธนวัฒน์ก็คือเขาและนายสามารถอีกคนนึงเอาท่อนเหล็กครับ
10-10467-28.wav	รุมตีทั้ง2คนจนเสียชีวิตจากนั้นนายสันติขับรถขนศพของทั้งคู่ไปจอดทิ้ง
10-10467-30.wav	ปมเหตุเนี่ยไม่ได้เกี่ยวกับมาเฟียอะไรหรอกเป็นความขัดแย้งระหว่างนายสันติ
10-10467-38.wav	ยังเหลืออีก1คนคือนายสามารถแซ่หลีครับเจ้าหน้าที่อยู่ระหว่างติดตามตัวอยู่นะฮะ
10-10468-12.wav	อยู่ในอำเภอศรีสัชนาลัยจังหวัดสุโขทัย
10-10468-36.wav	ส่วนบ้าบินร้านนี้ชื่อร้านนางระเบียบ
10-10468-4.wav	อะส่วนอีก1ที่ค่ะพาไปชิมหมูสะเต๊ะที่จังหวัดสุโขทัย
10-10469-2.wav	จ่ะเพราะนายตำรวจท่านนี้บอกว่าไม่ไหวถนัดจับแต่โจร
10-10477-16.wav	จะมีการพูดคุยอะไรบางอย่างอืมกับทางเจ้าหน้าที่นะครับมีตำรวจยศร้อยตำรวจโทนายนึงนะครับ
10-10477-44.wav	อยากให้ผู้บังคับบัญชาของตำรวจนายนี้เอาเรื่องให้ถึงที่สุด
10-10477-56.wav	ทำไปเพราะเมาตอนนี้เลยมีคำสั่งให้ไปช่วยราชการที่ตำรวจภูธรจังหวัดกาฬสินธุ์ตั้งแต่วันนี้เป็นต้นไปโดยไม่มีกำหนดนะฮะ
10-10477-5.wav	เด็กก็อ่าไม่เป็นไรก็งั้นกลับก็ได้อือนะฮะแต่น้องบอกว่าอยู่ดีๆตำรวจนายนี้นะซึ่งลักษณะแบบเมาด้วย
10-10477-8.wav	เห็นไหมฮะแล้วน้องสาวก็เดินตามขึ้นไปดูพี่ด้วยนะครับตำรวจนายนี้เนี่ยเห็นว่าเด็กเนี่ยเข้ามากับน้องสาวก็ไม่ได้เกรงกลัวอะไรเลยนะฮะ
10-10478-12.wav	แล้วเธอก็ผันตัวมาเป็นเจ้าของร้านลูกชิ้นทอดชื่อดังของจังหวัดนครนายกแบบนี้
10-10481-1.wav	คือในจังหวัดนครปฐมนะคะก็คือเป็นอุบัติเหตุรถกระบะค่ะ
10-10481-39.wav	ซึ่งเมื่อวานนี้เองค่ะปลัดอำเภอท่านนี้นะเดินทางมา
10-10486-10.wav	นำกำลังตำรวจและเจ้าหน้าที่กว่า200นายเนี่ยนะคะไปปิดล้อมตรวจค้นพื้นที่รวม10จุด
10-10486-35.wav	กระจายอยู่ตามจังหวัดต่างๆทั่วประเทศเลยนะส่วนขบวนการนี้เนี่ยจะมีวิธีการนำเด็ก
10-10487-17.wav	จังหวัดอ่างทองมาดึงกระสอบทรายออกค่ะ
10-10487-2.wav	ชาวบ้านตำบลบางปลากดที่จังหวัดอ่างทองทนไม่ไหวค่ะ
10-10488-37.wav	ส่วนรถคู่กรณีเนี่ยเขาจำได้ว่าเป็นของนายปุ้ย
10-10488-40.wav	ตอนนี้ญาติได้เดินไปสอบถามภรรยาของนายปุ้ย
10-10488-41.wav	ก็ทราบว่าก่อนเกิดเหตุนายปุ้ยได้มีปากเสียงกับภรรยา
10-10488-45.wav	ส่วนเขาเองบอกว่าเขาไม่เคยมีเรื่องหรือว่ามีอะไรบาดหมางกับนายปุ้ย
10-10490-11.wav	ที่บ้านดอนจำปาตำบลกวางโจนอำเภอภูเขียวจังหวัดชัยภูมิ
10-10490-12.wav	เมื่อวันเสาร์ที่ผ่านมาแต่นายเทวีกลับไม่มีท่าทางสลด
10-10490-17.wav	แต่กลับปล่อยนายเทวีออกมาข่มขู่เธอและญาติๆ
10-10495-10.wav	เขาไปเจอตำรวจสน.พหลโยธินมาแล้วเขาถึงเดินทางกลับมาพักผ่อน
10-10495-11.wav	อยู่ที่บ้านที่จังหวัดสุโขทัยอืมอ่าแล้วเขาก็รอว่าถ้าตำรวจสน.พหลโยธินติดต่อมาเมื่อไหร่
10-10495-5.wav	ก็ไปเจอผู้ปกครองของทอมคนนี้นะฮะซึ่งชื่อว่านางสาวกาญจนาสินประเสริฐนะครับ
10-10495-7.wav	จากการสอบปากคำนางสาวกาญจนาอ้างว่าหลังเกิดเหตุไม่ได้คิดจะหลบหนีไปไหน
10-10500-14.wav	ตำบลดงขี้เหล็กอำเภอเมืองจังหวัดปราจีนบุรี
10-10500-45.wav	ตำบลหาดคำอำเภอเมืองจังหวัดหนองคาย
10-10500-58.wav	บริเวณสี่แยกท่าตูมอำเภอศรีมหาโพธิจังหวัดปราจีนบุรี
10-10500-79.wav	ในพื้นที่อำเภอแม่สอดจังหวัดตาก
10-10501-102.wav	ส่วนงานศพของนายธิติพงศ์วันนี้นะครับท่านผู้ชมครับ
10-10501-103.wav	เราไปที่บ้านของนายธิติพงศ์นะครับ
10-10501-106.wav	ญาติรับศพไปที่จังหวัดตากนะครับ
10-10501-10.wav	ตำบลคลองน้ำไหลอำเภอคลองลานจังหวัดกำแพงเพชร
10-10501-115.wav	รองนายกอบต.แม่ท้อแล้วก็เป็นญาติกับผู้ตายด้วยนะครับ
10-10501-17.wav	ก่อนหน้านี้เคยเห็นนายธิติพงศ์เนี่ยมีปัญหาทะเลาะวิวาท
10-10501-31.wav	ถูกยิงเสียชีวิตไปแล้วเพื่อนบ้านของนายธิติพงศ์นะฮะบอกว่า
10-10501-74.wav	ยืนยันว่าไม่มีส่วนเกี่ยวข้องอะไรกับเรื่องที่นายธิติพงศ์ถูกยิงตายเลย
10-10502-25.wav	ไม่จริงไม่เคยมีความคิดที่จะสะบั้นความสัมพันธ์กับนายทักษิณอยู่ในหัว
10-10502-2.wav	นายกอบจ.ปทุมธานีเนี่ยโอ้โหต้องรีบพุ่งตัวออกมาชี้แจงเป็นการด่วนเลย
10-10502-4.wav	นายอนุทินชาญวีรกูลหัวหน้าพรรคภูมิใจไทยเขาลงพื้นที่หมู่บ้านไวท์เฮ้าส์ที่ปทุมธานี
10-10502-60.wav	เป็นเวทีปราศรัยในจังหวัดที่2ของการลงพื้นที่ช่วงสุดสัปดาห์นี้ครับ
10-10502-63.wav	ในขณะที่นายณัฐวุฒิใสยเกื้อครับ
10-10505-111.wav	เด็กนักเรียนตั้งแต่5ขวบขึ้นไปที่ท่านนายกว่าเนี่ย
10-10505-140.wav	ฉะนั้นเอาล่ะวันนี้ก็ต้องขอบคุณท่านนายกเพื่อให้นายกเทศมนตรีนายกอบจ.ที่อื่นเอะ
10-10507-26.wav	ครับการจะเดินทางไปไหนในระยะนี้ก็ต้องระวัง
10-10507-92.wav	ใครวางแผนไปท่องเที่ยวในระยะนี้
10-10509-12.wav	โดยนายธนกรเนี่ยบอกว่าที่ประชุมคณะรัฐมนตรีมีมติออกมา
10-10509-86.wav	ทางนายวัฒนศักย์เสือเอี่ยมอธิบดีกรมการค้าภายในนี่
10-10509-9.wav	นายธนกรวังบุญคงชนะก็ออกมาเปิดเผยถึงเรื่องนี้
10-10510-89.wav	ใช่นายสุภาพเป็นคนประกันภัยอยู่กับ
10-10512-24.wav	ขณะที่นางสาวฝนเป็นคนที่ปรากฏในคลิป
10-10513-19.wav	คือเรือลำนี้เป็นเรือท่องเที่ยวที่ใหญ่ที่สุดของบริษัทเรือท่องเที่ยวรายใหญ่ในพื้นที่
10-10516-119.wav	ตัวสามีนายท็อปค่ะนายกิตติพรค่ะก็ยอมรับว่าอ๋อผมเมา
10-10516-17.wav	ในพื้นที่อำเภอชัยบาดาลจังหวัดลพบุรีนะคะ
10-10518-0.wav	ที่จังหวัดเลยมีอุบัติเหตุเกิดขึ้นนะคะ
10-10518-19.wav	ในเทศบาลหนองหินจังหวัดเลยค่ะ
10-10518-21.wav	ผู้เสียชีวิต2รายคือนายสุรศักดิ์คำมงคุณวัย29ปี
10-10519-1044.wav	พึ่งสึกนี่แหละนางก็บวชงานบวชนางก็ไม่ให้คนไปเยอะ
10-10519-1048.wav	ไม่ได้กลับบ้านมานานแล้วนะอือนางไม่ได้กลับบ้านนางมานานแล้ว
10-10519-127.wav	เราจะมีการปรับมาตรการอะไรปรับเรื่องสีหรือเปล่าสีของจังหวัดต่างๆอือ
10-10519-255.wav	นายธนกรวังบุญคงชนะเนี่ยนะฮะ
10-10519-283.wav	แล้วก็ภูมิภาคอีก76จังหวัด
10-10519-312.wav	สั่งการลงไปแต่ละจังหวัดให้ควบคุมด้วยเนาะ
10-10519-593.wav	รถพยาบาลฉุกเฉินของโรงพยาบาลอุ้มผังจังหวัดตาก
10-10519-597.wav	นางสาวปุณยวีร์,ศรีดวงแปงอายุ25ปี
10-10519-620.wav	คืออุบัติเหตุในระหว่างการเดินทางใช่
10-10522-139.wav	คุณจ๋าแจ่มสีนักข่าวของเราเดินทางไปที่บ้านของเด็กหญิงอายุ13
10-10522-186.wav	เพื่อเชิญมาร่วมสอบปากคำเพิ่มเติมอย่างละเอียดอีกครั้งและวันนี้ก็ได้นำตัวไปขออำนาจศาลเยาวชนและครอบครัวจังหวัดนครราชสีมาเนี่ย
10-10522-69.wav	ย่าเนี่ยเดินทางมาจากขอนแก่นต้องการจะมาดูหน้าคนก่อเหตุ
10-10523-10.wav	อำเภอเมืองจังหวัดเพชรบุรี
10-10523-57.wav	จะไปขอเป็นนางอิจฉาในคณะลิเกเขาเนี่ยนะคะ
10-10523-7.wav	การแต่งงานขึ้นเกวียนของจังหวัดเพชรบุรีค่ะ
10-10523-90.wav	อำเภอเมืองจังหวัดเพชรบุรีครบถ้วนค่ะ
10-10524-161.wav	เทน้ำต้มสุกคือนางที่ต้มจนเดือด
10-10524-1.wav	เหนือใต้ออกตก77จังหวัดบนพื้นที่กว่า5แสนตารางกิโลเมตรที่รวมกันเป็นประเทศไทย
10-10525-3.wav	จังหวัดเชียงใหม่วันที่22-25กันยายนนี้
10-10526-14.wav	จิตใจของชาวบ้านหวายเหนียวและจังหวัดกาญจนบุรี
10-10526-2.wav	ในจังหวัดกาญจนบุรีนะครับต้นมิกนี้มีขนาดใหญ่มาก
10-10528-16.wav	ส่วนทางด้านของภาคอีสานนะครับที่จังหวัดนครพนม
10-10528-28.wav	แต่ก็เป็นที่ชื่นชอบชื่นใจของนักท่องเที่ยวครับที่เดินทางขึ้นไป
10-10528-34.wav	ร่วมกันกับนายนิพนธ์จำนงสิริศักดิ์ผู้อำนวยการสำนักบริหารพื้นที่อนุรักษ์ที่15
10-10528-35.wav	ก็เตรียมเปิดฤดูการท่องเที่ยวปล่อยแถวเจ้าหน้าที่ทหารป่าไม้กว่า200นายครับ
10-10532-0.wav	ที่จังหวัดบุรีรัมย์เป็นเรื่องราวฉาวในวงการศึกษาอีกแล้ว
10-10532-24.wav	ผู้ปกครองนะฮะในพื้นที่กว่า100คนเดินทางไปรวมตัวกัน
10-10532-33.wav	อดีตผู้ช่วยผู้ใหญ่บ้านชื่อว่านายสงวนเองก็บอกว่า
10-10532-37.wav	พร้อมกับนายโชคอนันต์วิชัยเลิศ
10-10532-39.wav	เดินทางไปที่นี่ครับพร้อมกับเรียกตัวแทนผู้ปกครองไปคุยเพื่อหาข้อยุติ
10-10535-20.wav	เป็นผู้บังคับการตำรวจภูธรจังหวัดกาญจนบุรี
10-10535-22.wav	ทั้งตำรวจสืบตัวเมืองตำรวจสืบจังหวัด
10-10535-29.wav	ชื่อว่านายปัถวีขำสกุลหรือว่าฉายาเป้เกาะสำโรงอายุ25ปีเนี่ยนะคะ
10-10538-43.wav	เรื่องนี้นายเดชรัตสุขกำเนิดหัวหน้าภาควิชา
10-10538-49.wav	ส่วนทางด้านของนายศรีสุวรรณจรรยาเลขาธิการองค์การพิทักษ์รัฐธรรมนูญไทยเนี่ยนะ
10-10538-77.wav	เดินทางไปประชุมรัฐกระทรวงกลาโหมอาเซียน
10-10539-21.wav	เหตุการณ์นี้เกิดขึ้นถนนมิตรภาพในช่วงจังหวัดหนองคาย
10-10540-10.wav	ในงานนี้นะครับก็มีนายอารยันท่าใหญ่นายอำเภอตาพระยามาเป็นประธานในพิธี
10-10540-19.wav	มอบรถสามล้อโยก10คันนะครับส่วนสำนักงานพัฒนาสังคมและความมั่นคงของมนุษย์จังหวัดสระแก้ว
10-10540-1.wav	นั่นก็คือทางด้านองค์การบริหารส่วนตำบลตาพระยาจังหวัดสระแก้ว
10-10540-5.wav	เป็นลีลาการออกกำลังกายของเจ้าหน้าที่จากองค์การบริหารส่วนตำบลตาพระยาจังหวัดสระแก้วนะครับ
10-10540-9.wav	องค์การบริหารส่วนตำบลตาพระยาจังหวัดสระแก้วครับ
10-10543-17.wav	หลังจากพาทีมเดินทางกลับมาจากศึกชิงแชมป์เอเชียที่อินโดนีเซีย
10-10544-39.wav	เดินทางไปที่วัดโคกมะขามเพื่อจะไปทำบุญ
10-10549-21.wav	ในช่วงเช้าวันนี้ที่เดินทางมาร่วมทำบุญให้กับน้าค่อม
10-10549-6.wav	คุณไอซ์ลูกสาวน้าค่อมรวมไปถึงคนในครอบครัวก็เดินทางไปที่วัดด้วย
10-10550-17.wav	เหตุการณ์นี้เกิดขึ้นที่ตำบลหนองปรืออำเภอบางละมุงจังหวัดชลบุรี
10-10550-32.wav	นายเหรียญทองคุณลุงเหรียญทองบอกว่าน้องทีเนี่ยนะเรียกให้ลุงจอดรถแล้วก็ซื้อลูกชิ้นทอดกิน
10-10552-28.wav	คนที่ก่อเหตุคือนนายทินหรือว่านายรำพันธ์อายุ41ปีครับ
10-10552-33.wav	หลังจากนั้นนายทินมือมีดกินเหล้าย้อมใจ
10-10552-68.wav	แล้วก็จุดที่นายทินเขาวิ่งไปหลบหนีอะนะครับ
10-10552-85.wav	นะครับนายทินเคยเมาเหล้าขาวแล้วทะเลาะกับผู้ตายมาแล้ว
10-10555-16.wav	เดินทางมาจากสถานีรถไฟปาดังเบซาร์ช่วงเย็นเมื่อวานนี้ค่ะ
10-10555-17.wav	สอบถามนายวันชัยภู่จำปีชาวบ้านที่อยู่ใกล้จุดเกิดเหตุก็บอกว่า
10-10555-1.wav	เกิดขึ้นที่จังหวัดสงขลาในอำเภอหาดใหญ่ค่ะ
10-10556-13.wav	ในการเดินทางไปยังฐานปฏิบัติการร่วมไทยมาเลเซียครั้งนี้
10-10558-26.wav	อำเภอประโคนชัยจังหวัดบุรีรัมย์
10-10558-59.wav	จากการประกวดที่มหาวิทยาลัยจังหวัดขอนแก่น
10-10561-12.wav	ที่เป็นตำรวจชุดปราบปรามยาเสพติดของจังหวัดสุราษฎร์ธานี
10-10561-17.wav	แล้วก็ผู้ต้องหาเนี่ยหลบหนีไปปรากฏว่าทางญาติของนายสุรเชษฐ์
10-10561-22.wav	นายสุรเชษฐ์ยอมรับว่าเป็นคนขับรถพุ่งชนตำรวจจริงเพื่อเปิดทางจะหลบหนี
10-10561-31.wav	คือนายวันชัยชัยณรงค์อายุ28ปีหลบหนีไปเหมือนกันตอนเกิดเหตุนะครับ
10-10561-33.wav	อดีตผู้ใหญ่บ้านก็ได้รับการขอจากนายวันชัยให้พามามอบตัวอือ
10-10561-37.wav	พอตำรวจมาถึงนายวันชัยชัยณรงค์ที่นั่งอยู่ในรถเก๋ง
10-10561-41.wav	แล้วผู้ต้องหาก็คือนายชัยณรงค์ที่อยู่ในรถเนี่ย
10-10561-42.wav	กับทางนายวันชัยที่ลงมาส่งยาเนี่ยอ่านายสุรเชษฐ์นะขออภัยที่อยู่ในรถนะครับ
10-10561-43.wav	ที่เป็นคนขับนะครับกับนายวันชัยที่ลงมาส่งยา
10-10561-45.wav	นายสุรเชษฐ์เนี่ยที่เป็นคนขับรถเห็นท่าไม่ดีขับรถหนีก่อนเลยนะครับ
10-10561-46.wav	เมื่อตรงไปข้างหน้าเป็นซอยตันไปเจอกับชุดจับกุมที่เป็นตำรวจอีก4นาย
10-10561-48.wav	มาเจอชุดล่อซื้ออือดักอยู่นะฮะนายสุรเชษฐ์ตัดสินใจขับรถชนตำรวจครับ
10-10561-4.wav	ปรากฏว่ามันไหวตัวทันขับรถหนีชนตำรวจจนเสียชีวิตไป1นาย
10-10561-53.wav	นายสุรเชษฐ์ก็ขับรถหลบหนีไปได้สัก3กิโลเมตรรถเสียหลักตกข้างทาง
10-10561-56.wav	ก็ได้ร่วมกันสอบปากคำนายสุรเชษฐ์และนายวันชัยทั้งคู่รับสารภาพตลอดทุกข้อกล่าวหา
10-10561-66.wav	ที่อำเภอพิปูนจังหวัดนครศรีธรรมราชมีพิธีรดน้ำศพค่ะ
10-10562-20.wav	รองเจ้าคณะตำบลโคกสว่างอำเภอหนองกี่จังหวัดบุรีรัมย์ค่ะ
10-10562-18.wav	ควบคุมตัวนายไสวแดนไธสงอายุ50ปี
10-10562-21.wav	นายไสวเนี่ยมอบตัวกับตำรวจนะคะแล้วก็รับสารภาพ
10-10562-22.wav	ว่าเป็นคนฆ่านางสายสุดาพรหมประดิษฐ์
10-10562-24.wav	แล้วเอาศพไปทิ้งอำพรางในพื้นที่อำเภอเฉลิมพระเกียรติจังหวัดนครราชสีมา
10-10562-28.wav	เขารับสารภาพเองนายไสวคนนี้บอกเขาก่อเหตุ
10-10562-30.wav	50กิโลเมตรนะคะนายไสวผู้ต้องหายอมรับต่อหน้าตำรวจเลยว่า
10-10562-31.wav	เป็นคนฆ่านางสายสุดาจริงๆเขาอ้างแบบนี้ค่ะ
10-10562-34.wav	เขาอ้างแบบนี้นะคะนายไสวผู้ต้องหาให้ข้อมูลแบบนี้ค่ะ
10-10562-36.wav	แต่เมื่อช่วงเดือนมีนาคมที่ผ่านมารู้จักกับนางสายสุดาผู้เสียชีวิตผ่านทางเฟซบุ๊ก
10-10562-39.wav	แล้วแต่ละครั้งให้เงินนางสายสุดาครั้งละ2พันบาทล่าสุดซื้อโทรศัพท์มือถือให้1เครื่อง
10-10562-3.wav	อยู่ในพื้นที่อำเภอเฉลิมพระเกียรติจังหวัดนครราชสีมาคือถูกใส่ถุงดำมิดชิดเลย
10-10562-40.wav	พอมาระยะหลังๆนางสายสุดาเข้ามาวุ่นวายค่อนข้างบ่อย
10-10562-41.wav	เป็นคำกล่าวอ้างของนายไสวผู้ต้องหานะคะ
10-10562-47.wav	นัดเคลียร์กับนางสายสุดาในวันที่5กรกฎาคมในพื้นที่อำเภอจักราชนี่แหละ
10-10562-48.wav	นางสายสุดาก็แต่งตัวสวยออกจากบ้านนะคะบอกแม่ว่าเดี๋ยวไปหาเพื่อนนะเดี๋ยวกลับมา
10-10562-49.wav	แต่พอเจอกันนายไสวกับนางสายสุดาทะเลาะกันบนรถนะคะ
10-10562-50.wav	นายไสวอ้างว่าโมโหก็เลยบีบคอนางสายสุดา
10-10562-51.wav	นางสายสุดาหมดสติหลังจากนั้นเลยเอาเชือกรัดคอซ้ำ
10-10562-78.wav	แต่ตอนนั้นน่ะเจ้าอาวาสซึ่งก็คือนายไสวผู้ก่อเหตุอะอ้างว่า
10-10562-81.wav	มีคนไปพบศพนางสายสุดาอยู่ในป่านะคะ
10-10562-85.wav	ว่านายไสวบวชเป็นพระมาตั้ง11พรรษาทำไมถึงทำเรื่องแบบนี้ได้
10-10562-99.wav	อืมสุดท้ายนายไสวถูกแจ้งข้อหาหนักเลยนะคะ
10-10564-4.wav	ถามถึงสำนักงานเลขาธิการศาลรัฐธรรมนูญที่มีนายเชาวนะไตรมาศเป็นเลขาธิการ
10-10565-13.wav	หลังจากโพสต์ข้อความนายมาเชลเดินทางไปโรงพยาบาลรามคำแหง
10-10570-70.wav	ก็เขาบอกว่าเขาหลังจากที่เขาไปทำเรื่องทำอะไรอยู่กับการเดินทางเสร็จเนี่ย
10-10573-15.wav	อยู่ในกลางทุ่งนาในหมู่บ้านป่าข่าตำบลหัวง้มอำเภอพานจังหวัดเชียงรายนะคะ
10-10574-12.wav	และซอยกิ่งแก้ว15ตำบลราชาเทวะอำเภอบางพลีจังหวัดสมุทรปราการ
10-10575-13.wav	จากการนับคะแนนที่หน่วยและจังหวัดต่างๆที่เข้ามายังกกต.
10-10575-18.wav	ในเขตสำคัญในจังหวัดสำคัญของเขาอาจจะยังโอเค
10-10580-7.wav	แต่ผมก็ได้ถามไปแล้วว่ามีใช่ไหมนายตำรวจก็บอกว่ามีแผนเฝ้าระวัง
10-10583-378.wav	นักข่าวก็ต้องไปรุมถามนางอีกนางก็หนีออกทางด้านลิฟต์แล้วออกไปเลยเหมือนกัน
10-10583-714.wav	ก็คือจังหวัดที่เกิดเหตุอยู่ที่อำเภอเมืองจังหวัดสระบุรี
10-10583-927.wav	แต่ครั้งนี้จะไปเที่ยวไหนต้องรอนางรีวิว
10-10584-109.wav	ก่อนได้ไหมนางก็ให้เช่าแล้วก็ทำสัญญาภายในวันนั้นเลย
10-10584-68.wav	ก็โทรให้เจ้าของตึกมาเปิดตึกนางก็มาเปิดตึก
10-10585-36.wav	แล้วนายบอลก็โอบประคองไว้ขี่รถ
10-10590-16.wav	โอ้โหนี่แหละครับคุณผู้ชมครับไปถามนะครับนาย
10-10590-18.wav	และเป็นกำนันตำบลกุดพิมานอำเภอด่านขุนทดจังหวัดนครราชสีมา
10-10591-11.wav	บุกไปจับตัวนายเสี่ยโป้โป้อานนท์
10-10591-125.wav	นายคนนี้ทำหน้าที่เป็นพ่อบ้านแต่จะกิจการอะไรไม่ทราบ
10-10593-15.wav	พอไปถึงเขตตำบลกะไหลอำเภอตะกั่วทุ่งจังหวัดพังงา
10-10593-1.wav	ก็คือรถเจ้าของคลิปเนี่ยค่ะเขาบอกว่าเขาก็ขับรถมาจากจังหวัดพังงา
10-10593-2.wav	จะไปทำงานที่กระบี่แต่พอรถไปถึงในพื้นที่อำเภอตะกั่วทุ่งจังหวัดพังงา
10-10593-7.wav	อันนี้คือเหตุการณ์ที่เกิดขึ้นในพื้นที่อำเภอตะกั่วทุ่งจังหวัดพังงา
10-10593-9.wav	เขาก็เล่าให้ฟังแบบนี้ค่ะนายสมพร<MARK>เพ็งแสนอายุ48
10-10596-117.wav	ทนายความยื่นฟ้องร้องค่าเสียหายที่เกิดขึ้นเลยนะ
10-10599-41.wav	โรงน้ำแข็งแห่งหนึ่งในอำเภอซำสูงจังหวัดขอนแก่น
10-10600-2.wav	คุณผู้ชมจู่ๆประกาศในราชกิจจานุเบกษาออกมาคุมเข้มกรุงเทพและปริมณฑลพร้อมกับจังหวัดภาคใต้อีก4จังหวัด
10-10601-0.wav	เรื่องของความคืบหน้าคดีค้ามนุษย์และจัดให้มีการค้าประเวณีในพื้นที่จังหวัดแม่ฮ่องสอน
10-10601-22.wav	ก็คือนกฮูกน้ำเพียงดินที่จังหวัดแม่ฮ่องสอนบอกว่า
10-10601-33.wav	เดินทางไปสัมมนาที่รีสอร์ทแห่งหนึ่งที่แม่ฮ่องสอน
10-10601-62.wav	กับข้าราชการของจังหวัดแม่ฮ่องสอนก็คือปลัดนี่แหละ
10-10601-65.wav	ที่ทำการปกครองจังหวัดแม่ฮ่องสอน
10-10602-24.wav	ค่ะคือนายทนก็มีการแชทกับเพื่อน
10-10602-31.wav	เดี๋ยวนายทนเนี่ยจะเข้ามอบตัววันนี้
10-10602-54.wav	เป็นเขตรอยต่อระหว่างจังหวัดสตูลกับจังหวัดตรังค่ะ
10-10602-9.wav	เสียชีวิตแล้วใช่ค่ะและคาดว่าน่าจะเป็นนายทนนี่แหละ
10-10604-38.wav	ขณะกำลังจะเดินทางจากโรงแรมย่านสุขุมวิท15
10-10606-0.wav	ที่จังหวัดอุทัยธานีนะคะเกิดอุบัติเหตุขึ้นเช่นกันนะคะเป็นกลุ่มเด็กแว้นรวมตัวกันเกือบ100คันค่ะร่วมไปเที่ยวกันนะคะแต่ว่าในขณะที่เดินทางไปเที่ยวเขาก็มีการแข่งกันไปด้วยนะคะรวมทั้งมีการขับรถแบบหวาดเสียวในขณะนั้นเองนะคะเกิดเสียหลักค่ะทำให้หลายคันนี้ก็เสียหลักไปพุ่งชนนะคะกับรถกระบะ
10-10606-12.wav	ซึ่งเป็นการรวมตัวเด็กแว้นในจังหวัดอุทัยธานีและจังหวัดใกล้เคียง
10-10606-13.wav	โดยหลังจากเที่ยวกันแล้วแก๊งกลุ่มนี้นะคะขี่รถไปตามถนนลานสักหนองฉางเพื่อที่จะกลับตัวเมืองของจังหวัดอุทัยธานี
10-10606-6.wav	เหตุเกิดบนถนนสายลานสักหนองฉางบ้านดินแดงหมู่ที่2ตำบลทุ่งนางามอำเภอลานสักจังหวัดอุทัยธานี
10-10607-144.wav	ผู้ว่าราชการจังหวัดนครราชสีมาก็เลยมีการประกาศแจ้งเตือนทั้งหมด9อำเภอ
10-10607-145.wav	ในพื้นที่จังหวัดนครราชสีมา
10-10607-15.wav	อำเภอนาดีของจังหวัดปราจีนบุรีครับนี่แหละฮะน้ำแรงด้วยค่ะ
10-10607-17.wav	ไหลเข้าท่วมโรงแรมแห่งหนึ่งในตำบลบุพราหมณ์อำเภอนาดีจังหวัดปราจีนบุรีครับ
10-10607-26.wav	สัตย์เลี้ยงที่โรงแรมเลี้ยงเอาไว้ให้นักท่องเที่ยวดูแล้วให้นักท่องเที่ยวถ่ายรูปเนี่ย
10-10607-71.wav	ไปท่องเที่ยวที่อุทยานแห่งชาติทับลานเมื่อช่วงวันหยุดที่ผ่านมา
10-10609-24.wav	เขาได้แชร์คลิปนี้ลงในกลุ่มเพจจังหวัดลพบุรี
10-10609-4.wav	เกิดขึ้นที่จังหวัดลพบุรี
10-10612-42.wav	ด้านเจ้าหน้าที่ขนส่งจังหวัดเชียงใหม่พอรู้เรื่องก็ได้พูดคุยทางโทรศัพท์กับคุณกายแล้วนะ
10-10613-11.wav	ที่โรงงานร้างแห่งหนึ่งในพื้นที่หมู่3ตำบลหนองรีอำเภอเมืองจังหวัดชลบุรีนะครับ
10-10613-44.wav	อายุเป็น100ปีนะครับซึ่งนายบุญรักษ์เชื่อว่าย่อมมีเจ้าที่สิงสถิตอยู่
10-10613-5.wav	ที่จังหวัดชลบุรีเนี่ยเหตุการณ์เกิดขึ้น11:00น.วันนี้ครับ
10-10613-83.wav	นำไปบำเพ็ญกุศลที่บ้านเกิดนะคะหรือว่าจะที่จังหวัดชลบุรี
10-10614-81.wav	แล้วปืนเนี่ยเอาไปซ่อนไว้ที่บ้านของนายบาสครับ
10-10614-75.wav	คุมตัวนายเพชรอายุ15และนายบาสอายุ17ปี
10-10617-10.wav	ที่จากไปด้วยโรคตับแข็งจัดขึ้นที่วัดแสลงโทนอำเภอประโคนชัยจังหวัดบุรีรัมย์เมื่อคืนนะคะ
10-10619-26.wav	แต่ศาลมองว่าแม้จะเดินทางกลับมากรุงเทพจริง
10-10619-2.wav	เกี่ยวกับสมาชิกภาพความเป็นส.ส.ของนายธนาธรจึงรุ่งเรืองกิจค่ะ
10-10619-32.wav	ดังนั้นศาลจึงเห็นว่าสมาชิกภาพของนายธนาธร
10-10619-35.wav	แล้วก็เป็นวันที่ศาลรัฐธรรมนูญมีคำสั่งให้นายธนาธรยุติการปฏิบัติหน้าที่เอาไว้ก่อน
10-10619-51.wav	นายธนาธรก็ออกมาจากศาล
10-10619-53.wav	นายธนาธรก็บอกว่าพูดถึงประเด็น5ประเด็น
10-10619-55.wav	แล้วก็นายธนาธรบอกว่ายืนยันว่าจะทำงานต่อ
10-10619-69.wav	วันนี้ภรรยาของนายธนาธรไปด้วยนะคะ
10-10619-75.wav	เพราะมั่นใจว่านายธนาธรและพรรค
10-10621-60.wav	เกี่ยวข้องกับนายอาจจะโยงตำรวจชั้นผู้ใหญ่
10-10622-9.wav	โดยเดินทางไปศึกษาพระธรรมไกลถึงอินเดีย
10-10623-38.wav	ก่อนคุมตัวมาดำเนินคดีที่สถานีตำรวจภูธรกระทุ่มแบนจังหวัดสมุทรสาคร
10-10623-43.wav	กลับนำไปบ้านร้างในจังหวัดสมุทรสาครเพื่อกระทำชำเราและกักขัง
10-10624-29.wav	พบว่าบริเวณบ้านดอนระเบียงอำเภอศรีสัชนาลัยจังหวัดสุโขทัย
10-10624-3.wav	ลงไปที่อำเภอสวรรคโลกจังหวัดสุโขทัยแล้ว
10-10624-44.wav	และนี่ก็คือสถานการณ์ล่าสุดที่เกิดขึ้นในพื้นที่จังหวัดสุโขทัยครับ
10-10624-46.wav	รายงานจากอำเภอสวรรคโลกจังหวัดสุโขทัยครับ
10-10625-9.wav	อ้อมไปเส้นอื่นพร้อมกับบอกพิกัดว่าเหตุการณ์นี้เกิดขึ้นในจังหวัดขอนแก่น
10-10627-18.wav	ตรงบริเวณนี้คือชายหาดจอมเทียนที่ตำบลหนองปรืออำเภอบางละมุงจังหวัดชลบุรีค่ะ
10-10628-4.wav	ส่วนป่าสักกว่า9พันไร่ในอำเภอแม่แตงอำเภอพร้าวและอำเภอดอยสะเก็ดจังหวัดเชียงใหม่
10-10628-5.wav	คือสวนป่าแม่หอพระที่อยู่ในความดูแลขององค์การอุตสาหกรรมป่าไม้หรืออ.อ.ป.จังหวัดเชียงใหม่
10-10629-12.wav	เนืองแน่นไปด้วยประชาชนที่ทยอยเดินทางมาวางดอกไม้จันทน์กันตั้งแต่เช้านะคะ
10-10629-50.wav	ส่งผลให้ประชาชนนั้นหลั่งไหลเดินทางมาวางดอกไม้จันทน์กันเป็นจำนวนมากเป็นพิเศษนะคะ
10-10629-51.wav	จึงขอแนะนำประชาชนที่จะเดินทางมาที่นี่ขอให้เดินทางมาโดยรถสาธารณะนะคะ
10-10629-56.wav	เพราะว่าทางจังหวัดเองก็มีการย้ำเตือนให้ประชาชนเนี่ยนำร่มติดตัวไปด้วย
10-10629-58.wav	ใช่ค่ะช่วงสุดสัปดาห์แบบนี้นี่ประชาชนเดินทางไปเยอะนะคะ
10-10629-59.wav	แต่ว่าบรรยากาศการที่ประชาชนเดินทางไปไปร่วมฟังสวดพระอภิธรรมศพ
10-10631-185.wav	รายได้ส่วนนึงจะไปทำบุญให้วัดป่านาเบี้ยที่จังหวัดเลยค่ะ
10-10631-6.wav	แล้วก็ให้ไปรอคดีเดียวก็คือคดีที่ศาลอาญาจังหวัดกาญจนบุรี
10-10635-66.wav	ตำบลนาดินคำอำเภอเมืองเลยจังหวัดเลย
10-10636-41.wav	ส่วนเรื่องของการออกมาโพสต์ประกาศยกเลิกการเดินทาง
10-10638-1.wav	เมื่อวานเนี่ยก็เข้าที่ทำงานแล้วก็มีการสั่งการแล้วก็มีการพูดถึงเรื่องของโรงพยาบาลสนามของทางจังหวัดที่จะเอาไว้สู้กับโควิด
10-10638-23.wav	ก็ผู้ว่าก็เลยพักฟื้นอยู่ที่บ้านพักในจังหวัดอ่างทองนะครับ
10-10638-33.wav	ที่ยังมีเขตเชื่อมต่อกับจังหวัดใหญ่
10-10638-34.wav	ค่ะแล้วก็เป็นจังหวัดที่ต้องเฝ้าระวังนะครับ
10-10638-36.wav	เราจะทำโรงพยาบาลสนามของจังหวัดสมุทรสาคร
10-10638-8.wav	เข้าห้องประชุมเข้าห้องประชุมร่วมกับทางสาธารณสุขจังหวัดสมุทรสาครและผู้บริหารโรงพยาบาลเอกชน8แห่งของจังหวัดนะครับ
10-10639-39.wav	รัฐมนตรีประจำสำนักนายกรัฐมนตรี
10-10639-54.wav	รัฐมนตรีประจำสำนักนายกรัฐมนตรีก็ย้ำด้วยนะครับ
10-10640-40.wav	ร้านในป่าครับอยู่ที่ตำบลโป่งน้ำร้อนอำเภอโป่งน้ำร้อนจังหวัดจันทบุรี
10-10640-9.wav	อยู่ที่จังหวัดจันทบุรีแต่ว่าจากโควิดเองนะฮะ
10-10641-2.wav	หรือคนไทยที่กำลังจะเดินทางไปที่ฝรั่งเศส
10-10641-8.wav	และคนไทยที่กำลังจะเดินทางไปฝรั่งเศสในช่วงนี้นะคะ
10-10642-104.wav	ต่อมาเพจเพจประจำจังหวัดลำพูนชื่อฮาลำพูน
10-10642-21.wav	เชื่อมโยงกับจังหวัดสมุทรสาคร
10-10642-36.wav	กลุ่มผู้ป่วยที่เดินทางจากต่างประเทศ
10-10642-46.wav	ในประเทศไทยไม่ได้มีจังหวัดสีเขียวแล้ว
10-10642-47.wav	ใช่ค่ะหมายความว่าไม่มีจังหวัดไหนแล้วที่รอดจากโควิด
10-10642-60.wav	ทั้งหมดตัวเลขขึ้นๆลงๆขึ้นอยู่กับการตรวจของแต่ละจังหวัดว่าจะ
10-10642-89.wav	ที่เขาถูกเป็นผู้ติดเชื้อแล้วเรียบร้อยในพื้นที่จังหวัดลำพูนนะคะ
10-10642-99.wav	ทำให้ทางจังหวัดต้องออกคำสั่งปิดสถานบริการ
10-10647-11.wav	ก็เดินทางไปที่นี่เลยวัดเล่งเน่ยยี่2
10-10647-12.wav	อำเภอบางบัวทองจังหวัดนนทบุรี
10-10648-6.wav	เขาใหญ่จังหวัดนครราชสีมาเป็นวันที่2แล้วนะคะโดยการซ้อมเมื่อวานนี้ก็มีเพียงแค่
10-10651-0.wav	ที่จังหวัดร้อยเอ็ดนะคะมีคดีตาทองใบพ่อเฒ่าวัย73
10-10651-45.wav	และยังมีนายไสวพิมโยธาอีก1คนที่กลายเป็นตุ๊กตาของตำรวจ
10-10651-8.wav	ในตำบลดอกล้ำอำเภอปทุมรัตต์จังหวัดร้อยเอ็ด
10-10652-25.wav	บันทึกภาพขณะนางสาวพลอยนำมีดที่ใช้ก่อเหตุ
10-10652-19.wav	และตัดอวัยวะเพศของนายเกษมบุญญชลอายุ58ปี
10-10652-11.wav	นางสาวพลอยวัย29ปียืนกรานต่อหน้าตำรวจ
10-10652-38.wav	ที่โรงพยาบาลธัญญารักษ์จังหวัดปทุมธานี
10-10652-58.wav	ก่อนเกิดเหตุเพื่อนบ้านพบเห็นนางสาวพลอย
10-10652-61.wav	เห็นนางสาวพลอยออกมาจากบ้านมีคราบเลือดเปื้อนตามเนื้อตัว
10-10652-80.wav	ด้านเพื่อนสนิทนางสาวพลอยยืนยันว่า
10-10652-95.wav	ขณะที่แม่นางสาวพลอยไม่ขอยื่นประกันตัวลูกสาว
10-10653-40.wav	ไม่ว่าจะเป็นกอ.รมน.ที่เข้าไปคุมทุกจังหวัด
10-10656-11.wav	บ้านอยู่ที่บ้านวังไทรทองตำบลซับเปิบอำเภอวังโป่งจังหวัดเพชรบูรณ์
10-10657-24.wav	เธอบอกเธอไปแจ้งความเอาไว้แล้วด้วยนะที่สภ.ลาดย่าจังหวัดกาญจนบุรี
10-10661-16.wav	คนที่พยายามจะเข้ามาฟันเนี่ยก็คือนายมอส
10-10661-18.wav	โดยบอกว่าเอ่อภรรยาของเขาถูกนายมอสเข้ามาต่อว่า
10-10661-24.wav	แต่สุดท้ายเนี่ยก็ถูกนายมอสทำร้ายนะคะ
10-10661-25.wav	แล้วหลังจากนั้นนายมอสก็กลับไปเอาอาวุธมีดที่บ้านมา
10-10661-29.wav	ผู้เสียหายบอกว่านายมอสเนี่ยพยายามจะเข้ามาทำร้ายอีกนะ
10-10663-17.wav	ซึ่งนายทรัมป์ย้ำชัดเจนว่าถ้าเขาได้ขึ้นเป็นประธานาธิบดีสหรัฐจะไม่มีทางอนุมัติข้อตกลงเหล่านี้อย่างแน่นอน
10-10663-20.wav	เมื่อประมาณ10ปีที่แล้วเคยถูกนายทรัมป์ยื่นข้อเสนอด้วยเงินก้อนโตและอนุญาตให้ใช้เครื่องบินส่วนตัวได้ถ้าเธอตอบตกลงยอมรับข้อเสนอต่างๆของเขา
10-10663-23.wav	แต่นายทรัมป์ได้ถามกลับว่าคุณต้องการเงินเท่าไหร่
10-10663-27.wav	ขณะที่นางฮิลลารีได้กล่าวโจมตีนายทรัมป์
10-10663-2.wav	ขณะที่นางคลินตันได้ออกมาระบุว่านายทรัมป์นั้นเป็นภัยคุกคาม
10-10663-34.wav	ซึ่งนางคลินตันได้ระบุว่าไม่เคยมีผู้ลงชิงสมัคร
10-10664-46.wav	จะเดินทางกลับไหวไหมคุณเดี๋ยวจะต้องรอให้หมอประเมินอาการอีกครั้งนึงก่อน
10-10666-184.wav	แล้วก็ได้รับความเห็นชอบจากคณะกรรมการโรคติดต่อจังหวัดก่อน
10-10666-235.wav	วันนี้เราก็จะเห็นว่าแต่ละจังหวัดรู้สึกจะมีปทุมธานี
10-10666-236.wav	เขาขอจองละ5แสนโดสเขาก็มีหลายๆจังหวัดเนี่ยขอจอง
10-10666-237.wav	เพราะว่าวัคซีนยังไม่ถึงจังหวัดเขาอือนะครับซึ่งวันนี้คำถามคือ
10-10666-290.wav	ก็เป็นเรื่องของแต่ละภาคส่วนแต่ละจังหวัด
10-10666-291.wav	ที่เขาบอกว่ามีผู้นำในการที่จะดูแลคนในจังหวัด
10-10666-317.wav	สำหรับแต่ละจังหวัดที่จะซื้อวัคซีนเขาว่ายังไงบ้างน้อง
10-10666-337.wav	สมมุติใครเป็นนายกอบจ.จะเอาเงินงบจากอบจ.มาซื้อวัคซีน
10-10666-378.wav	ไปถูกพบเป็นศพบนภูเหล็กไฟที่บ้านกกกอกจังหวัดมุกดาหาร
10-10666-412.wav	แม่ของน้องชมพู่นางสาวนางสาวสาวิตรีวงศ์ศรีชานะฮะ
10-10666-419.wav	ที่จังหวัดสกลนครใช่ลุงพลเนี่ยเป็นคนสกลนครจนถึงตอนนี้ยังไม่กลับมาเลย
10-10669-10.wav	ในขณะที่ประเทศไทยกำลังจะเปิดให้นักท่องเที่ยวเดินทางเข้ามาเที่ยวที่ภูเก็ตได้ในโครงการภูเก็ตแซนด์บ็อกซ์ตั้งแต่วันที่1กรกฎาคมนี้
10-10673-29.wav	วิ่งหนีกันแล้วผู้ก่อเหตุคือนายอิ๋วก็หลบหนีไปนะครับคุณผู้ชมครับ
10-10673-78.wav	จังหวัดนครราชสีมาหลังเห็นคลิปวงจรปิดนี้
10-10675-117.wav	รูปปั้นนางรำไปทิ้งอีกครับแบบนี้ค่ะ
10-10675-13.wav	อำเภอพระประแดงจังหวัดสมุทรปราการนะคะศพลอยอยู่ในแม่น้ำค่ะ
10-10677-2.wav	แล้วก็เป็นรุ่นพี่เนี่ยนะคะจากโรงเรียนแห่งหนึ่งในพื้นที่จังหวัดมุกดาหารค่ะ
10-10678-15.wav	คนขับรถกระบะชื่อว่านายวารียิ้มย่องอายุ71ปีแล้ว
10-10678-6.wav	ตำบลปากแพรกอำเภอบางสะพานน้อยจังหวัดประจวบคีรีขันธ์
10-10681-12.wav	นักข่าวสาวของสถานีโทรทัศน์ช่องออสเตรเลียเน็ตเวิร์กนาย
10-10682-3.wav	ย้ายไปลงในโลงสีขาวแล้วก็ลำเลียงขึ้นรถของมูลนิธิไปที่วัดบางแพรกใต้จังหวัดนนทบุรีไปประกอบพิธีฌาปนกิจศพให้มันถูกต้องนะฮะ
10-10687-3.wav	กล้องวงจรปิดบริเวณหน้าธนาคารแห่งหนึ่งที่อำเภอคำชะอีจังหวัดมุกดาหาร
10-10688-1072.wav	เพราะว่าอ่าช่วงที่ผ่านมาหายไปหลายวันเนี่ยก็มีข่าวว่าท่านไปจังหวัดนู้น
10-10688-1077.wav	ทางเจ้าหน้าที่ไปยึดพื้นที่ที่พักสงฆ์ถ้ำจารย์ครูภูหินต่างที่จังหวัดมุกดาหารเนี่ย
10-10688-1096.wav	เธอก็ประกาศออกมาว่าก็ประกาศออกมาว่ากับอีนางนั้นก็ประกาศออกมาว่า
10-10688-1169.wav	หรือพระนิ้งหน่องที่มาช่วงท้ายๆอ่ะค่ะพระนิ้งหน่องทำนายว่า
10-10688-122.wav	วันนี้ภรรยาของนายนรินทร์เชื้อคมตานะครับที่ตกเป็นผู้ต้องหาในคดีกระทำอนาจารเด็กหญิงวัย5ขวบเนี่ย
10-10688-124.wav	ซึ่งศาลจังหวัดมุกดาหารใช้เวลาพิจารณาอยู่2ชั่วโมงกว่า
10-10688-164.wav	ก่อนที่จะระบุว่านายรินนี่เป็นคนทำ
10-10688-171.wav	ไปถาม2เรื่องหลักๆกรณีนายนรินทร์
10-10688-216.wav	ท่านก็ประชุมกันแล้วก็เชิญออกจากพื้นที่จังหวัดมุกดาหาร
10-10688-232.wav	วันนี้มาที่นี่นะครับคุณผู้ชมครับที่พุทธอุทยานมาฆบูชานุสรณ์สวนพุทธชยันตีที่จังหวัดนครนายกจะมาจำวัดอยู่ที่นี่นะฮะ
10-10688-234.wav	พอนักข่าวไปเจอวันนี้ก็พยายามถามเกี่ยวกับเรื่องราวต่างๆนะครับพระเดือนชัยบอกว่าอ๋อเดินทางมาเพื่อมาประกอบพิธีหล่อเทียนพรรษามามอบถุงยังชีพต่างๆให้กับชาวบ้าน
10-10688-405.wav	เอ่อหลังจากนั้นตัวเองก็เดินทางรอนแรมข้ามจังหวัดแบบค่ำไหนนอนนั่น
10-10688-410.wav	นายสงบบอกว่าเดินทางมาตามหาความฝันโดยมีเสียงปริศนาทั้งหญิงทั้งชาย
10-10688-412.wav	แล้วก็มีจุดหมายจะเดินทางไปที่อำเภอเขาวงจังหวัดกาฬสินธุ์นะฮะ
10-10688-414.wav	ที่ตำบลกกตูมอำเภอดงหลวงจังหวัดมุกดาหารเพราะมันเป็นทางผ่านกัน
10-10688-422.wav	เมื่อเช้าวันนี้นะครับคุณผู้ชมครับมีน้องชายของนายสงบนะฮะ
10-10688-425.wav	เพราะว่าเจ้าหน้าที่เนี่ยนำตัวนายสงบไปที่โรงพยาบาลและ
10-10688-477.wav	แต่กับนายสงบเท่าที่ดูจากข่าวนะ
10-10688-491.wav	เนี่ยนายสงบน่าจะไม่ใช่คนสติไม่ดีคงเป็นเพียงชายเร่ร่อน
10-10688-498.wav	เร็วเกินไปนะฮะส่วนที่นายสงบเนี่ยมีสมุดที่เขียนคาถานะครับ
10-10688-49.wav	เอาความคืบหน้าของนายสงบเนี่ยวันนี้นะครับท่านผู้ชมครับ
10-10688-50.wav	เจ้าหน้าที่ตำรวจนำตัวนายสงบไปส่งที่โรงพยาบาลมุกดาหารก่อนนะครับ
10-10688-561.wav	หรือว่าจะนายนรินทร์ก็แล้วแต่นะครับนายนรินทร์ที่เจ้าหน้าที่คุมตัวไปสอบปากคำอยู่3-4วันอ่ะ
10-10688-563.wav	นั้นนายสงบเนี่ยนะดูแล้วเนี่ยเขาก็น่าจะปกตินะ
10-10688-567.wav	ค่ะแต่บุคลิกจะไม่ไม่ดูสงบแบบเนี้ยนะครับหมอปลาบอกว่าอาการที่นายสงบเป็นเนี่ย
10-10688-57.wav	หลานชายนายสงบนะครับที่เราได้สอบถามข้อมูลไปบอกว่านายสงบเนี่ยเขาเดิมเนี่ยเป็นคนฉะเชิงเทรานะ
10-10688-59.wav	แต่ว่าพักหลังๆนายสงบเขามีอาการเหมือนกับอาการทางจิตประสาทเป็นโรคหูแว่ว
10-10688-610.wav	ทั้งลุงชายเร่ร่อนกับนายนรินทร์นะครับ
10-10688-632.wav	เพราะวันที่ผมเดินทางไปมุกดาหารผมก็ไม่เคยเจอกับผู้ชายคนนี้
10-10688-650.wav	สติไม่ดีตอนนี้น่าจะอยู่เขตอำเภอสตึกแถวสนามบินจังหวัดบุรีรัมย์
10-10688-676.wav	ส่วนประเด็นเรื่องของจักรยานของนายนรินทร์นายนรินทร์ที่เป็นผู้ต้องหาอีกคดีนึงคดีอนาจารเด็กเนี่ยนะคะ
10-10688-758.wav	อยู่ที่จังหวัดบุรีรัมย์นะครับเขาบอกว่า
10-10688-836.wav	นี่ครับคุณผู้ชมครับทางหมอธรรมคนนี้บอกว่าก็เป็นหมอธรรมนะทำนายหรือว่าเห็นนิมิตมีร่างทรงอะไรอย่างนี้มานานกว่า30ปีแล้ว
10-10688-859.wav	ก็คือเรื่องของชายเร่ร่อนกับนายนรินทร์
10-10688-860.wav	นายนรินทร์เนี่ยเป็นผู้ต้องหาอีกคดีนึงเป็นคดีก่อนหน้านี้
10-10688-866.wav	แต่ตำรวจอยากได้ข้อมูลบางอย่างจากนายนรินทร์คนนี้นะคะ
10-10688-867.wav	นายนรินทร์คนนี้เนี่ยมีประเด็นเพิ่มเติมในวันนี้
10-10688-869.wav	ว่าจากบ้านนายนรินทร์ไปบ้านน้องชมพู่
10-10688-86.wav	ส่วนนายนรินทร์ผู้ต้องหาคดีค้างเก่าคดีอนาจารเด็กหญิงวัย5ขวบ
10-10688-877.wav	ส่วนนายนรินทร์มาเชื่อมโยงกับเรื่องนี้ได้ยังไงคือนายนรินทร์เป็นพรานป่าค่ะต้องขึ้นเขาประจำ
10-10688-878.wav	แล้วชาวบ้านบอกว่านายนรินทร์ไม่ได้ไปช่วยตามหาน้องชมพู่ตั้งแต่น้องหายไป11,12,13พฤษภาคม
10-10688-882.wav	ก็เลยคนเลยตั้งข้อสงสัยในตัวนายนรินทร์เพราะเรื่องนี้
10-10688-898.wav	นอกจากนี้ค่ะเรื่องนี้เชื่อมโยงกับนายนรินทร์ในลักษณะที่ว่า
10-10688-903.wav	ไปทักทายกับนายนรินทร์ที่ทุ่งนาก่อนถึงฟาร์มหนูนี่นะคะ
10-10688-904.wav	เมื่อช่วงเย็น12พฤษภาคมคือลูกชายถามนายนรินทร์เป็นภาษาภูไท
10-10688-905.wav	ว่าไปเผ๋อซึ่งหมายถึงจะไปไหนอืมนายนรินทร์ตอบว่าจะไปหาพระอาจารย์
10-10688-907.wav	นายนรินทร์เคยให้สัมภาษณ์กับทีมข่าวของเราเอาไว้อ่ะค่ะครับ
10-10688-910.wav	11-12พฤษภาคมอ่าเดี๋ยวย้อนฟังคำสัมภาษณ์ของนายนรินทร์อีกรอบนึง
10-10688-940.wav	นายนรินทร์บอกว่าจะไปหาพระอาจารย์
10-10688-947.wav	นายนรินทร์ก็เคยพาคุณวิมลวรรณผู้สื่อข่าวของเรา
10-10688-958.wav	เอ่อบ้านน้องชมพู่นะครับซึ่งอยู่ห่างกันประมาณ4-5ร้อยเมตรนะครับโดยทดลองทั้งเดินเท้าขี่จักรยานยนต์ด้วยนะครับเพื่อดูเวลาของการเดินทางทั้ง2แบบว่ามันจะแตกต่างมากน้อยกันขนาดไหนมันจะสอดคล้องสัมพันธ์กับช่วงเวลาในการหายตัวไปของน้องชมพู่หรือไม่อย่างไร
10-10688-959.wav	คุณผู้ชมครับขณะนี้ทีมข่าวไทยรัฐทีวีของเราเนี่ยก็มายืนอยู่บริเวณหน้าบ้านของนายนรินทร์เชื้อคมตานะครับ
10-10688-961.wav	ที่เรามายืนอยู่ตรงบริเวณนี้เราอยากจะรู้ว่าระยะทางจากบ้านของนายนรินทร์ไปบ้านน้องชมพู่ซึ่งห่างไปประมาณ4
10-10688-977.wav	จากบ้านนายนรินทร์นะฮะเดินมาแถวบ้านน้องชมพู่แถวที่น้องนั่งเล่นใต้ต้นมะม่วงอ่ะนะ4-5ร้อยเมตรตรงนี้ก็ใช้เวลาประมาณเกือบ5นาทีนะครับตรงนี้นะครับถ้าเป็นขี่จักรยานยนต์ล่ะเพราะว่ามีคนบอกว่าเห็นนายนรินทร์ขี่จักรยานยนต์ค่ะใช่ไหมลองดูนะครับคุณผู้ชมครับว่าติจะใช้เวลาเท่าไหร่แล้วถ้าขี่จาก
10-10688-982.wav	ประมาณ2นาที26วินาทีนะครับผมในการขี่มอเตอร์ไซค์จากบ้านนายนรินทร์มา
10-10688-99.wav	เพราะวันที่ผมเดินทางไปมุกดาหารผมก็ไม่เคยเจอกับผู้ชายคนนี้
10-10690-1.wav	เพราะว่าฝนตกเยอะที่จังหวัดน่านเนี่ยฝนตกหนักเมื่อคืนนั้นหลายพื้นที่เสียหายครับ
10-10690-9.wav	จังหวัดน่านมีหลายพื้นที่ฝนตกหนักตั้งแต่เมื่อคืนนะครับ
10-10695-18.wav	ที่เห็นตรงกลางนี้ก็คือแนวเทือกเขาที่เป็นมาจากบริเวณจังหวัดเพชรบุรีนะครับ
10-10695-27.wav	ส่วนปลายๆนี่แหละครับก็คือในจังหวัดเพชรบุรีนะครับ
10-10696-6.wav	กลุ่มศูนย์รวมประชาชนปกป้องสถาบันหรือศปปส.นำโดยนายจักรพงศ์กลิ่นแก้วนะครับ
10-10697-132.wav	นายเรไรเลิศพุทราผู้ใหญ่บ้านหัวสะพานหมู่9
10-10697-133.wav	ตำบลวังตะเฆ่อำเภอเทพสถิตจังหวัดชัยภูมิ
10-10697-177.wav	ญาติๆเปิดเผยนะครับว่านำอายุของนายวิทยาเนี่ยไปซื้อลอตเตอรี่
10-10699-264.wav	โอเคค่ะจากกรณีที่จังหวัดตากนะคะ
10-10699-433.wav	แม่ค้าเขาออกมาพูดว่ายังไงเพราะว่าทัวร์ไปลงนางเยอะพอสมควร
10-10699-596.wav	ได้เดินทางมาไหว้ขอพรพ่อปู่พญานาค
10-10699-601.wav	เดินทางมาพร้อมกับน้องชายแล้วก็ครอบครัวเนี่ย
10-10699-606.wav	ลุงพลกับป้าแต๋นก็เดินทางมาไหว้ด้วยเหมือนกัน
10-10701-7.wav	หวังขโมยตัดไม้พะยูงที่บ้านปะอาวตำบลในเมืองอำเภอเมืองจังหวัดอุบลราชธานีครับ
10-10702-1.wav	จากสหพันธ์กรีฑานานาชาติที่หาดบางแสนจังหวัดชลบุรี
10-10707-36.wav	ซึ่งอยู่ระหว่างการเปิดเวทีปราศรัยที่จังหวัดสุโขทัย
10-10830-18.wav	หรือว่าใบเล่หรือว่านายโอ๊ตซึ่งเป็นชาวนครสวรรค์เนี่ยนะฮะ
10-10708-400.wav	ครับให้สัมภาษณ์เอาไว้อ่าท่านนายกว่าไงล่ะ
10-10708-72.wav	บุคคลหนึ่งอีกครับที่เป็นระดับผู้บริหารของเทศบาลของตำบลนาย
10-10710-17.wav	ที่คำชะโนดจังหวัดอุดรธานี
10-10712-0.wav	สีสันและความน่ารักนะคะจากการแข่งขันกีฬาโรงเรียนตำรวจตระเวนชายแดนที่จังหวัดเพชรบุรีค่ะ
10-10712-3.wav	สมเด็จพระเทพรัตนราชสุดาสยามบรมราชกุมารีที่สนามราชนิเวศน์กรีฑาสถานจังหวัดเพชรบุรีค่ะ
10-10716-13.wav	ตำรวจนำกำลังไป3นาย
10-10716-16.wav	เพราะนายหนึ่งอายุ45ปีเนี่ย
10-10718-12.wav	คนโพสต์บอกว่าเหตุการณ์เกิดขึ้นที่ตำบลท่าล้ออำเภอท่าม่วงจังหวัดกาญจนบุรี
10-10718-55.wav	แต่นายต้อมอะก็ยังรั้นแล้วออกไปหาเรื่องคนที่งาน
10-10721-20.wav	อยู่ที่ตำบลในเมืองจังหวัดพิษณุโลกอ่อ
10-10721-24.wav	ทำไมตาดีขนาดนั้นคะผู้สื่อข่าวจังหวัดพิษณุโลก
10-10723-1.wav	เป็นภาพของอดีตพระนักเทศน์ชื่อดังพระเจ้าอาวาสที่จังหวัดขอนแก่นนะคะ
10-10723-7.wav	เป็นอดีตเจ้าอาวาสวัดศรีสว่างโนนทันตำบลในเมืองอำเภอเมืองจังหวัดขอนแก่น
10-10724-19.wav	แล้วก็เป็นเป็น4จังหวัดของญี่ปุ่นนะฮะ
10-10726-0.wav	เจ้าของอู่รถที่จังหวัดสงขลาก่อนสงกรานต์ก็พาครอบครัวมาเที่ยวกรุงเทพฯเนี่ย
10-10726-14.wav	ตำบนคลองแหอำเภอหาดใหญ่จังหวัดสงขลาครับ
10-10729-18.wav	คือทางด้านผู้ช่วยป้องกันจังหวัดสุพรรณบุรี
10-10729-55.wav	ทีนี้หลังจากตรวจสอบนะผู้ช่วยป้องกันจังหวัดก็มีการตักเตือน
10-10734-15.wav	100/5หมู่7ตำบลท่าสะอ้านอำเภอบางปะกงจังหวัดฉะเชิงเทรา
10-10736-118.wav	โดยเสี่ยโป้บอกว่าต้องการเดินทางมาดูหน้าของผู้ต้องหา
10-10736-155.wav	แม่ของพระที่เดินทางมาให้สัมภาษณ์กับสื่อด้วยเนี่ย
10-10736-37.wav	นายเอกไฝเนี่ยกล่าวขอโทษทุกคนในสังคม
10-10736-42.wav	ส่วนบ้านของนายเอกไฝเนี่ยเป็นบ้าน2ชั้น
10-10736-49.wav	ไอ้เรื่องยาเสพติดคือแม่ของนายเอกไฝเนี่ย
10-10737-31.wav	จากบารมีหลวงพ่อรวยวัดตะโกอำเภอภาชีจังหวัดพระนครศรีอยุธยา
10-10737-5.wav	เป็นโค้งอาถรรพ์100ศพที่จังหวัดชลบุรี
10-10738-41.wav	ทั้งคู่ก็เดินทางมาที่ขนำที่จุดเกิดเหตุทุกวัน
10-10739-37.wav	จากนั้นจะเดินทางนะครับไปร่วมเชียร์เจ้าแหลมพร้อมกับพ่อและแม่ของตัวเอง
10-10739-39.wav	ผ่านการถ่ายทอดสดครับที่อำเภออุทุมพรพิสัยจังหวัดศรีสะเกษ
10-10740-121.wav	ที่วัดบ่ออิฐอำเภอปะทิวจังหวัดชุมพร
10-10740-135.wav	ถูกลอบยิงขณะปฏิบัติหน้าที่อยู่ในพื้นที่จังหวัดนราธิวาส
10-10740-139.wav	ประจำจังหวัดชุมพรจังหวัดบ้านเกิด
10-10740-16.wav	รักษาความสงบเรียบร้อยของมทบ.44ที่ชุมพร6นาย
10-10740-43.wav	ชุดสืบสวนของสภ.เมืองจังหวัดระนอง
10-10740-5.wav	ที่ตำบลบางนอนอำเภอเมืองจังหวัดระนอง
10-10740-82.wav	ในพื้นที่3จังหวัดชายแดนใต้หรือไม่
10-10740-85.wav	ในพื้นที่จังหวัดนราธิวาสนะครับ
10-10741-137.wav	รายการเกมต่อชีวิตขอต้อนรับครอบครัวแม่ตุ๊กจากจังหวัดสมุทรสาครนะครับ
10-10741-374.wav	ก็คือเรื่องจังหวัดสมุทรสาคร
10-10741-425.wav	จากจังหวัดสมุทรสาครตอบไปแล้ว2ข้อถูก1ข้อตอนนี้ได้รับทุนสะสมต่อชีวิตอยู่ที่5พันบาท
10-10741-429.wav	ตอนนี้เหลือด้วยกันอีก2เรื่องครับก็คือเรื่องจังหวัดสมุทรสาครและผลไม้สุดโปรด
10-10741-586.wav	รวมแม่ตุ๊กจากจังหวัดสมุทรสาครนะครับ
10-10745-33.wav	หมู่6อำเภอบ้านนาจังหวัดนครนายก
10-10754-6.wav	พร้อมนำตัวส่งตำรวจภูธรบ้านค่ายจังหวัดชัยภูมิดำเนินคดีตามกฎหมายต่อไป
10-10758-13.wav	ในพื้นที่ตำบลตลาดอำเภอพระประแดงจังหวัดสมุทรปราการ
10-10758-22.wav	เจ้าของร้านก็เป็นยายของนายโจผู้ตาย
10-10758-33.wav	เป็นการปลูกบ้านลุกล้ำที่ดินกับบ้านญาติของนายโจ
10-10758-60.wav	ทีนี้พอนายโจที่เป็นญาติกันรู้เรื่อง
10-10758-92.wav	แล้วก็บอกว่าเรื่องที่เกิดขึ้นไม่เกี่ยวกับนายโจ
10-10760-17.wav	แล้วก็นางสาวอำนาจเจริญด้วยค่ะแล้วต้องบอกแบบนี้คุณผู้ชม
10-10760-24.wav	มีการร่วมรำกับนางรำนะคะชาวจังหวัดอำนาจเจริญด้วยประมาณพันคน
10-10764-1.wav	ชนเข้ากับรถบรรทุกวัวที่จังหวัดเพชรบุรีนะครับ
10-10764-41.wav	มุ่งหน้าสถานีหลังสวนจังหวัดชุมพร
10-10764-73.wav	เจ้าอาวาสวัดเขาเขียวที่ร่วมเดินทางมาด้วย
10-10767-1.wav	ต่างเดินทางมาร่วมเฝ้าทูลละอองธุลีพระบาทพระบาทสมเด็จพระเจ้าอยู่หัว
10-10767-46.wav	สำหรับประชาชนที่จะเดินทางมาร่วมใน
10-10768-109.wav	พัฒนาด้านการท่องเที่ยวข่าวออนไลน์ศบค.เผยฟื้นท่องเที่ยว
10-10768-25.wav	วันนี้ก็เลยจะมาถามท่านนายกว่าผ่านมา3ปีเนี่ยท่านทำอะไรสำเร็จได้บ้าง
10-10771-12.wav	จากจังหวัดสุพรรณบุรีพร้อมกันแล้วนะฮะ
10-10771-150.wav	น้องแทนเลือกเรื่องจังหวัดสุพรรณบุรีนะครับ
10-10771-152.wav	มาถึงเรื่องของจังหวัดสุพรรณบุรี
10-10771-154.wav	พ่อนิดเห็นว่าจังหวัดสุพรรณเนี่ยนะครับ
10-10771-164.wav	ศิลปินคนใดต่อไปนี้ไม่ได้เกิดที่จังหวัดสุพรรณบุรี
10-10771-174.wav	ที่ไม่ได้เกิดจังหวัดสุพรรณ
10-10771-205.wav	น้องแนนจริงๆน้องแนนเกิดที่จังหวัดอะไรลูก
10-10771-227.wav	ครอบครัวของพี่ต้อมจากจังหวัดสุพรรณบุรี
10-10771-42.wav	เรื่องที่3จังหวัดสุพรรณบุรี
10-10771-62.wav	แล้วรู้ไหมว่านายกคนไหนมีบ้านเกิดที่จังหวัดสุพรรณบุรี
10-10772-44.wav	ทำให้เหยื่อหลงเชื่อพอเดินทางมาถึงก็รู้ว่าสถานที่ทำงานนั้นเป็นห้องแคบๆ
10-10772-50.wav	สำหรับการเดินทางไปยังบาห์เรนนะครับคุณผู้ชม
10-10774-11.wav	ตรงสวนริมถนนภายในหมู่บ้านแห่งหนึ่งที่อำเภอเมืองจังหวัดปราจีนบุรี
10-10776-23.wav	บอกว่านางสาวอ้อยเนี่ยยักยอกเงินพ่อของเธอไป15ล้านบาท
10-10776-28.wav	โดยมีนางสาวอ้อยเนี่ยมาดูแลกระทั่ง9สิงหาคมพ่อเธอเสียชีวิต
10-10776-29.wav	เสียชีวิตหลังจากนั้นนางสาวอ้อยยังแอบใช้โทรศัพท์มือถือของพ่อ
10-10776-34.wav	หลังจากนั้นตำรวจรวบรวมหลักฐานตามไปจับนางสาวอ้อยพบว่า
10-10777-14.wav	ของเทศบาลห้วยทรายอำเภอหนองแคจังหวัดสระบุรี
10-10777-181.wav	ตำรวจสภ.หนองแคจังหวัดสระบุรียืนยันว่าตอนนี้
10-10781-20.wav	บางส่วนเดินทางมาจากต่างจังหวัด
10-10781-7.wav	แฟนฟุตบอลก็เริ่มเดินทางมาทยอยรับบัตรเข้าชม
10-10782-30.wav	จังหวัดกำแพงเพชรแล้วก็ตามเทศกาลรวมถึงงานประเพณีสำคัญของ
10-10782-31.wav	จังหวัดกำแพงเพชรโอ้โหเรียกได้ว่ามีงานมีตลาดสดที่ไหน
10-10782-7.wav	ตั้งอยู่ที่ตำบลสระแก้วอำเภอเมืองจังหวัดกำแพงเพชร
10-10784-9.wav	จังหวัดนครราชสีมาก็ปฏิเสธ
10-10786-212.wav	ถ้าเกิดว่าใครไม่ได้มีโอกาสเดินทางไปต่างจังหวัดก็ไปวัดเนาะ
10-10788-30.wav	ไปพบว่างานนี้เป็นงานระดับจังหวัดนะคะ
10-10788-37.wav	เหตุการณ์เกิดขึ้นก็คือถูกจัดขึ้นที่หน้าศาลากลางจังหวัดมุกดาหาร
10-10788-47.wav	ตลอดจนเพื่อเป็นการหารายได้ให้กับกาชาดจังหวัดมุกดาหาร
10-10790-1.wav	โอ้โหที่จังหวัดพระนครศรีอยุธยาเขาบอกว่าถูกแล้วก็ดวงดีมากๆ
10-10790-5.wav	เขามีอาชีพรับเหมาไฟฟ้าเดินทางมาพร้อมกับฟักทอง1ตัน
10-10792-11.wav	รวมไปถึงไปรับประทานอาหารที่เป็นอาหารพื้นบ้านกันหน่อยที่จังหวัดพิษณุโลกครับ
10-10792-15.wav	ที่ตำบลนครชุมอำเภอนครไทยจังหวัดพิษณุโลกครับ
10-10792-59.wav	มาถึงอำเภอเมืองจังหวัดนครนายกกันแล้ว
10-10802-2.wav	คดีคนร้ายฆ่ามัดมือไพล่หลัง2ศพชายหญิงในพื้นที่สถานีตำรวจภูธรประตูน้ำจุฬาลงกรณ์จังหวัดปทุมธานี
10-10804-44.wav	ตั้งอยู่ในอำเภอบ้านโป่งจังหวัดราชบุรีค่ะ
10-10804-6.wav	มาชมตลาดปลาสวยงามจังหวัดราชบุรีแล้ว
10-10806-51.wav	ให้เข้ามาช่วยเหลือผู้ชายคนนี้นี่นะคะชื่อว่านางสาวสวย
10-10807-21.wav	จากอำเภอเมืองจังหวัดยโสธรวัย22ปี
10-10807-2.wav	เริ่มต้นจากในมุมน้ำเงินกันเลยดีกว่านะครับคนนี้มาจากอำเภอศรีวิไลจังหวัดบึงกาฬ
10-10807-6.wav	มาถึงในมุมแดงกันบ้างดีกว่านะครับคนนี้มาจากอำเภอเมืองจังหวัดยโสธร
10-10808-14.wav	พลทหารนายนี้เสียชีวิตจากการถูกไฟช็อต
10-10808-32.wav	โดยมีพลทหารนายหนึ่งซึ่งเป็นบัดดี้เนี่ย
10-10809-18.wav	ชื่อว่านางสาวบีเรียกแบบนี้ละกันคุณผู้ชม
10-10809-19.wav	นางสาวบีเนี่ยคือคนที่โดนผัวทำร้ายนะ
10-10811-0.wav	เรื่องนี้กันหน่อยคุณผู้ชมค่ะที่จังหวัดราชบุรีค่ะ
10-10811-53.wav	คือที่สภ.กำแพงแสนจังหวัดนครปฐมนะคะญาติมาแจ้งหายค่ะคือคนนี้
10-10813-6.wav	ขณะที่กลุ่มแฟนบอลไทยที่เดินทางมาเชียร์ในเกมนี้
10-10816-20.wav	เป็นชาวจังหวัดบุรีรัมย์ชกมาแล้ว65ครั้งชนะ48ครั้งแพ้15ครั้งและเสมอ2ครั้ง
10-10816-61.wav	แล้วตอนนี้ก็เดินทางมาอยู่ที่ยอดมวยไทยรัฐ
10-10817-27.wav	เรียนอยู่ในอำเภอสว่างแดนดินจังหวัดสกลนคร
10-10817-30.wav	เพื่อจะไปแข่งขันระดับสโมสรระดับโรงเรียนที่จังหวัดอุดรธานีนะคะ
10-10822-2.wav	11นะครับที่จังหวัดมุกดาหารครับ
10-10822-6.wav	อยู่ที่อำเภอคำชะอีจังหวัดมุกดาหารครับ
10-10824-156.wav	ที่ภูมิลำเนาก็คือที่จังหวัดศรีสะเกษนะคะ
10-10824-163.wav	อำเภอขุขันธ์จังหวัดศรีสะเกษนะคะ
10-10824-165.wav	เดินทางไปแสดงความเสียใจกับครอบครัว
10-10824-174.wav	ตำแหน่งผู้บังคับหมู่ป้องกันปราบปรามสภ.เสม็ดจังหวัดชลบุรี
10-10824-31.wav	เนี่ยนายนิวก็ยอมเปิดประตูออกมามอบตัว
10-10824-58.wav	ใช้กำลังตำรวจกว่า50นายนะฮะสภ.บ่อทองด้วยชุดปราบปรามยาเสพติดของภูธรภาค2ด้วย
10-10826-32.wav	ภาคตะวันออกจังหวัดระยองจันทบุรีจังหวัดตราด
10-10826-34.wav	ตั้งแต่บริเวณจังหวัดระนองพังงาภูเก็ตกระบี่
10-10826-47.wav	เขื่อนกิ่วคอหมาจังหวัดลำปางมีปริมาณน้ำเพิ่มขึ้นนะครับ
10-10826-51.wav	ก็ยังพบว่าฝนตกเพิ่มขึ้นในพื้นที่ภาคเหนือโดยเฉพาะจังหวัดแม่ฮ่องสอนเชียงใหม่เชียงรายลำปางน่านเพชรบูรณ์
10-10826-53.wav	จังหวัดเลยหนองคายบึงกาฬสกลนครนครพนมภาคตะวันออก
10-10826-55.wav	ส่วนภาคใต้ก็คือบริเวณจังหวัดนราธิวาสพื้นที่เหล่านี้เอง
10-10826-57.wav	ยังไงใครที่อยู่บริเวณดังกล่าวจะทำกิจกรรมกลางแจ้งคงต้องเฝ้าตรวจสอบสภาพอากาศ
10-10830-1.wav	เพราะว่าตอนนี้ตำรวจจากภาคต่างๆจากจังหวัดต่างๆเขาทำงานร่วมกันอยู่
10-10830-24.wav	ก็โอ้โหส่งจากหลายจังหวัดเลยนะฮะไปตามจุดต่างๆ
10-10830-27.wav	นายใบเล่เนี่ยนะฮะมีหมายจับคดียาเสพติดที่อำเภอคีรีมาศจังหวัดสุโขทัย
10-10830-29.wav	โดยการส่งพัสดุทางไปรษณีย์เป็นหลักส่งไปยังพื้นที่จังหวัดต่างๆค่ะ
10-10830-30.wav	ขณะที่เจ้าหน้าที่ป.ป.ส.ได้ตั้งรางวัลนำจับนายใบเล่จำนวน3หมื่นบาท
10-10830-42.wav	โดยนายใบเล่เป็นคนสั่งการครับ
10-10830-49.wav	ซึ่งเรื่องนี้เองมีการพบมีการพบว่านายใบเล่กับสารวัตรแย้เนี่ย
10-10830-60.wav	ขณะที่นายใบเล่เนี่ยเกี่ยวข้องกับยาเสพติดกับสารวัตรแย้
10-10830-61.wav	ขณะที่ย้ายไปอยู่ที่จังหวัดกำแพงเพชร
10-10830-63.wav	จากนั้นก็ขยายผลไปถึงตัวการใหญ่ในอำเภอคีรีมาศจังหวัดสุโขทัย
10-10830-64.wav	จับผู้ต้องหาได้8คนซึ่งเป็นเครือข่ายของนายใบเล่นี่แหละครับ
10-10830-72.wav	ขณะที่จากการตรวจสอบกลุ่มของนายใบเล่
10-10830-75.wav	ว่ากลุ่มของนายใบเล่นั้นอาจจะเป็นเครือข่ายเดียวกัน
10-10830-81.wav	เป็นเจ้าพ่อยาเสพติดมีภูมิลำเนาอยู่ที่จังหวัดพิจิตร
10-10830-84.wav	มีนายใบเล่นะฮะเป็นเอเยนต์กระจายยาเสพติดในพื้นที่ภาคเหนือตอนล่าง
10-10833-106.wav	เมื่อวานนี้ก็เดินทางไปที่โรงพยาบาลสนาม
10-10833-153.wav	ที่เดินทางมาทำพิธีด้วยบอกว่าคืออย่างนี้คุณนักข่าว
10-10833-327.wav	เมื่อช่วงเช้าพ่อแม่ก็มีการเดินทางไป
10-10833-62.wav	อำเภอธัญบุรีจังหวัดปทุมธานี
10-10834-22.wav	นางสวยบอกว่าเหตุการณ์ที่เกิดขึ้นเกิดขึ้นคืนวันที่29กุมภาพันธ์
10-10843-0.wav	คุณผู้ชมคะมีเหตุสลดเกิดขึ้นที่จังหวัดลพบุรีค่ะ
10-10843-70.wav	บำเพ็ญกุศลศพให้กับน้องที่วัดป่าหวายทุ่งตำบลป่าตาลอำเภอเมืองจังหวัดลพบุรี
10-10845-8.wav	และสมาพันธ์คณะกรรมการอิสลามประจำจังหวัด
10-10847-10.wav	ข้าวต้มกะลาร้านนี้นะคะอยู่ที่ตลาดท้ายเหมืองอำเภอท้ายเหมืองจังหวัดพังงา
10-10848-45.wav	คือเป็นรอบที่2แล้วนะที่สายตรวจ2นายนี้เข้าไปเจอ
10-10849-10.wav	นาเกลือพัทยานะคะที่จังหวัดชลบุรีเขาโพสต์ถ่ายเอง
10-10851-13.wav	จังหวัดนครราชสีมาเพื่อไปเก็บตัวฝึกซ้อม
10-10852-38.wav	ตั้งอยู่ที่ตำบลโสนลอยอำเภอบางบัวทองจังหวัดนนทบุรีค่ะ
10-10853-20.wav	บ้านหลังนี้อยู่ที่หมู่2ตำบลบ้านสวนอำเภอเมืองจังหวัดชลบุรีนะฮะ
10-10853-4.wav	นี่จังหวะตรงนี้นะฮะขี่จักรยานยนต์มาสองคนนี่เขวี้ยงไปแล้ว
10-10854-140.wav	ไปลงพื้นที่ที่จังหวัดกำแพงเพชรนะคะคุณผู้ชมค่ะ
10-10856-11.wav	ไปจับที่บ้านในชุมชนบ้านน้อยหนองเค็มอำเภอเมืองจังหวัดนครพนมค่ะ
10-10860-9.wav	ในพื้นที่หมู่ที่5นะคะตำบลหนองแก้วอำเภอประจันตคามจังหวัดปราจีนบุรี
10-10863-30.wav	อำเภอนครไทยจังหวัดพิษณุโลกค่ะ
10-10864-23.wav	เขตรอยต่อนะคะระหว่างจังหวัดระนองและจังหวัดชุมพร
10-10864-33.wav	อำเภอเมืองชุมพรกับอ่าจังหวัดระนองครับ
10-10865-0.wav	ครับเกิดความวุ่นวายขึ้นในพื้นที่จังหวัดชลบุรีครับ
10-10865-39.wav	ในพื้นที่ศรีราชาจังหวัดชลบุรีครับ
10-10866-3.wav	พิกัดร้านอยู่ที่หน้าศาลหลักเมืองจังหวัดนครศรีธรรมราช
10-10868-13.wav	จังหวัดนครราชสีมาครับโอ้จะแก้ไขยังไงรีบแก้นะครับ
10-10871-16.wav	เดินทางมาเข้าร่วมงานส่งเสริมการขายการท่องเที่ยวที่ใหญ่เป็นอันดับ2ของโลก
10-10871-27.wav	อีกหนึ่งกลยุทธ์ที่จะช่วยดึงนักท่องเที่ยวสหราชอาณาจักรและจากโซนยุโรปเข้าไปท่องเที่ยวในประเทศไทยได้ก็คือ
10-10871-30.wav	และจากทั่วโลกมาท่องเที่ยวในไทยได้มากขึ้น
10-10875-12.wav	ประชุมร่วมกับผู้บังคับการตำรวจภูธรจังหวัดพัทลุง
10-10875-16.wav	ที่อำเภอนาโยงจังหวัดตรังแต่รอดชีวิตจนให้ปากคำกับตำรวจ
10-10875-8.wav	สำหรับเหตุการณ์ที่มีการฆ่าฝังดินในพื้นที่จังหวัดพัทลุง
10-10875-9.wav	และเหตุการณ์ข่มขืนและพยายามฆ่าโยนหญิงสาวลงไปในเหวที่จังหวัดตรัง
10-10877-30.wav	ซึ่งทั้ง3คนกำลังเดินทางไปรับลูกสาวคนโตอะค่ะ
10-10877-40.wav	เพราะว่าต้องรอให้เขาหายเจ็บแล้วก็เดินทางมาให้ปากคำก่อน
10-10878-54.wav	คนข้างๆเขาก็อยากให้เราแบบไม่อยากให้เราเดินทางด้วย
10-10879-50.wav	ตอนนี้เนี่ยคือเหมือนกับตัวพ่อเองก็พยายามเจรจาเอาตัวนายป้อมเนี่ยเดินออกมานะ
10-10879-67.wav	ทีนี้เดินทางไปที่ศาลจังหวัดค่ะพ่อกับแม่ศาลจังหวัดกำแพงเพชร
10-10881-13.wav	เหตุการณ์เกิดขึ้นในตำบลบ้านสวนในตัวเมืองจังหวัดชลบุรีนะครับ
10-10881-1.wav	ผู้หญิงคนหนึ่งทำงานบริษัทนะฮะแล้วเธอเปิดโรงแรมนอนที่จังหวัดชลบุรี
10-10881-56.wav	อยู่ที่อำเภอกบินทร์บุรีจังหวัดปราจีนบุรีครับ
10-10881-62.wav	ทำงานอยู่ที่เดียวกันในจังหวัดชลบุรี
10-10881-8.wav	ในพื้นที่อำเภอบ้านสวนจังหวัดชลบุรีครับ
10-10885-26.wav	ส่งตัวดำเนินคดีตามกฎหมายแล้วฝากขังศาลจังหวัดขอนแก่นแล้ว
10-10888-25.wav	ทั้งจังหวัดนนทบุรีนะครับตอนนี้ก็ขอความช่วยเหลือมายัง
10-10892-12.wav	คือที่นี่อยู่ที่อำเภอบางไทรจังหวัดพระนครศรีอยุธยานั่นเองค่ะ
10-10895-0.wav	เหตุการณ์ที่เกิดขึ้นเป็นเหตุการณ์ระเบิดรถยนต์และยิงถล่มซ้ำในพื้นที่จังหวัดปัตตานี
10-10895-30.wav	น่าจะรู้ผลประมาณ2-3วันนะคะส่วนร่างของนายรอมลีญาติ
10-10895-7.wav	อำเภอโคกโพธิ์จังหวัดปัตตานีค่ะ
10-10895-8.wav	ผู้บังคับการตำรวจภูธรจังหวัดปัตตานี
10-10896-0.wav	คุณผู้ชมครับถ้าหากว่าเราไปดูเรื่องราวของจังหวัดต่างๆที่ณขณะนี้ต่าง
10-10896-2.wav	ทำให้ชาวนานั้นเริ่มยิ้มได้แต่จังหวัดจะซื้ออย่างเดียวก็ไม่ได้
10-10896-31.wav	ก่อนที่จะมีการจัดกำลังพลออกช่วยเหลือชาวนาเกี่ยวข้าวเหนียวที่กำลังใกล้จะถึงเวลาเก็บเกี่ยวทั่วทั้งจังหวัดเชียงราย
10-10896-35.wav	ปั๊มปตท.นั่นเองนะครับแล้วก็ห้างสรรพสินค้าทั่วทั้งจังหวัดรวมทั้ง
10-10896-7.wav	จังหวัดชัยนาทนะครับคุณผู้ชมตอนนี้ชาวนาเร่งการเกี่ยว
10-10901-116.wav	ว่าจะอนุโลมให้เปิดได้หรือเปล่าอย่างบางจังหวัดที่ให้อำนาจอยู่แล้วแหละ
10-10901-117.wav	ว่าแต่ละจังหวัดผู้ว่าราชการจังหวัดสามารถมีอำนาจในการตัดสินใจ
10-10901-118.wav	เรื่องของมาตรการต่างๆเหล่านี้และบางจังหวัดบอกว่าอยากจะเปิด16เมษายน
10-10901-12.wav	เป็นคนไทยที่เดินทางกลับมาจากต่างประเทศ1
10-10901-16.wav	แล้วก็มีกลุ่มที่เดินทางกลับมาจากต่างประเทศ
10-10901-20.wav	แล้วอยู่ในโรงพยาบาลที่จังหวัดยะลา1
10-10901-33.wav	ในจังหวัดสมุทรปราการเมื่อ14มีนาคม
10-10903-2.wav	เจ้าของสวนกล้วยตานีหม้อในจังหวัดนนทบุรี
10-10907-112.wav	กำนันตำบลย่านยาวอำเภอคีรีรัฐนิคมจังหวัดสุราษฎร์ธานี
10-10907-42.wav	ที่ขึ้นตรงกับจังหวัดนครศรีธรรมราชนะครับ
10-10907-45.wav	จากนั้นตำรวจเนี่ยเข้ากราบนมัสการเจ้าคณะจังหวัดนครศรีธรรมราชนะครับ
10-10907-61.wav	พระย้อยเนี่ยก็เดินทางไปพบพนักงานสอบสวน
10-10907-64.wav	ก็เดินทางมาให้ข้อมูลเพิ่มเติมในฐานะพยานนะ
10-10908-11.wav	จังหวัดเชียงใหม่นะเป็นวัดอยู่บนดอยสูงของอำเภอแม่ออน
10-10910-19.wav	ข่วงประตูท่าแพจังหวัดเชียงใหม่ตู้ปันสุข
10-10910-1.wav	รอบนี้ที่จังหวัดเชียงใหม่ฮะตู้ปันสุขกลับมาบรรเทาทุกข์อีกทีแล้ว
10-10911-45.wav	และเพิ่งย้ายมาอยู่กับนายแชมป์ได้ไม่นาน
10-10913-176.wav	ผิดมันก็ไม่ได้ยากเย็นแต่ประเด็นคือมันถูกต้องหรือไม่พิธีการที่เก็บมาบางครั้งบางคราวก็อาจจะบอกว่าเออไปเก็บพบในสถานที่เกิดเหตุอาจจะมีเส้นผมเส้นขนตกอยู่บนตัวศพหยิบมาแล้วแล้วก็เอามาตรวจแล้วก็บอกว่าเป็นของนายคนนี้แสดงว่านายคนนี้เป็นคนทำมันยังไม่เพียงพอนะฮะดีเอ็นเอมันบอกได้แต่มันยังไม่เพียงพอที่จะ
10-10915-121.wav	แต่นายรักเขานะคะเท่าชีวิตเลยอะ
10-10919-55.wav	ก็เลยนำตัวส่งศาลจังหวัดมหาสารคาม
10-10923-13.wav	โดยเฮลิคอปเตอร์เสียหายไปร้อลละ60กำลังพลบาดเจ็บไป1นาย
10-10923-16.wav	มีนักบินและก็ช่างเครื่องรวม7นาย
10-10923-21.wav	เป็นผู้มอบให้กับตำรวจใน3จังหวัดชายแดนภาคใต้
10-10923-6.wav	ทหารร่วมกันกับตำรวจภูธรและตำรวจตระเวนชายแดนในจังหวัดยะลานะครับ
10-10925-13.wav	ต่อมานางสาวส้มได้ทำกระเป๋าสตางค์หล่นภายในลิฟต์
10-10925-25.wav	ไม่ใช่ฮะเพราะตอนนี้นางสาวส้มผู้เสียหายยังไม่ได้กระเป๋าคืนเลยนะ
10-10925-32.wav	นางสาวส้มผู้เสียหายก็แปลกใจว่าทำไมผู้หญิงคนนี้ถึงไม่เอากระเป๋าเนี่ยมาคืน
10-10925-34.wav	นางสาวส้มผู้เสียหายก็แจ้งความไว้ที่สน.ห้วยขวางแล้วนะครับ
10-10927-16.wav	เหตุการณ์นี้เกิดขึ้นที่วัดแห่งหนึ่งในจังหวัดกาญจนบุรีค่ะแล้วปัญหาคือยังจับโจรไม่ได้เลยนะคะ
10-10928-47.wav	เพราะว่าในแต่ละเดือน3-4จังหวัดภาคเหนือเนี่ย
10-10929-27.wav	โดยมีนางหยัดตุ่นมะโรงเจ้าของที่อ้างว่าถนนเส้นทางนี้นะครับ
10-10929-30.wav	จึงถูกนางหยัดแจ้งความเอาผิดในข้อหาบุกรุกเอา
10-10929-31.wav	จึงประสานไปยังสภาทนายความจังหวัดชัยบาดาลนะครับ
10-10929-33.wav	ให้ฟรีด้วยโดยฟ้องร้องต่อศาลจังหวัดชัยบาดาล
10-10929-39.wav	โดยนางหยัดนั้นยอมจดทะเบียนให้ทางพิพาทเป็นทางภาระจำยอม
10-10929-5.wav	และหมู่บ้านหนองสรวงอำเภอชัยบาดาลจังหวัดลพบุรี
10-10929-8.wav	ของสภาทนายความจังหวัดชัยบาดาลนะครับ
10-10931-0.wav	ผมจะพาไปที่นี่ครับที่จังหวัดพะเยาเขาบอกว่ามีอาชีพหนึ่งที่สามารถเก็บอะไรได้แค่ปีเดียวครั้งเดียวเท่านั้นเอง
10-10931-2.wav	ชาวบ้านที่นี่ในพื้นที่แห่งนี้ตำบลแม่ใจจังหวัดพะเยาครับ
10-10932-11.wav	ทั้งสองเป็นชาวตำบลตาเนาะปูเต๊ะอำเภอบรรนังสตาจังหวัดยะลา
10-10932-16.wav	ที่เห็นคือขับมาด้วยความเร็วจากเส้นทางหาดใหญ่มุ่งหน้าจะไปจังหวัดปัตตานี
10-10932-97.wav	จากนั้นก็จะเดินทางกลับที่ยะลานะครับแล้วก็เกิดอุบัติเหตุเกิดขึ้น
10-10934-11.wav	ในจังหวัดสระบุรีบอกกับผู้สื่อข่าวนะคะ
10-10934-3.wav	เรียนอยู่ชั้นป.6ในอำเภอเสาไห้จังหวัดสระบุรีค่ะ
10-10937-1.wav	ชาวไทยเชื้อสายเขมรที่จังหวัดสุรินทร์
10-10939-18.wav	ขายอยู่ที่ถนนเลียบชายฝั่งทะเลอ่าวประจวบหน้าวิหารพระอุปคุตอำเภอเมืองจังหวัดประจวบคีรีขันธ์นี่แหละค่ะ
10-10948-109.wav	ถ้าจังหวัดแพร่หรือว่าสำนักบริหารพื้นที่อนุรักษ์ที่13แพร่หรือหน่วยงานใดก็แล้วแต่เนี่ย
10-10948-131.wav	ซึ่งทำกันภายในจังหวัดทั้งๆที่มันจะต้องมาขออนุญาตจากคณะกรรมการส่วนกลาง
10-10948-144.wav	ใช่ครับงั้นเอาอาคารโบราณสถานต่างๆเนี่ยมันจะไม่ใช่ทำเฉพาะจังหวัดมันจะต้องดูส่วนกลางด้วย
10-10948-146.wav	ฉะนั้นเมื่อส่วนกลางมีอำนาจในการอนุมัติในท้องถิ่นไม่ว่าจะหน่วยไหนก็แล้วแต่จากกรมอุทยานหรือจังหวัดเนี่ย
10-10950-13.wav	มาเมาแบบนี้ไม่ได้นะคะตำรวจนายนี้ถูกย้ายไปแล้วนะคะ
10-10950-38.wav	ก็เลยจะเอาเรื่องไปแจ้งความดำเนินคดีกับตำรวจนายนี้นะคะ
10-10950-73.wav	แต่ติดใจตรงที่ตำรวจนายนี้รองสารวัตรคนนี้
10-10950-85.wav	ผู้บังคับการตำรวจภูธรจังหวัดพิษณุโลกบอกว่า
10-10950-89.wav	ตำรวจภูธรจังหวัดพิษณุโลกตั้งแต่วันนี้
10-10952-0.wav	เหตุในจังหวัดลพบุรีนะคะเป็นหนุ่มขับรถบรรทุกน้ำมันกากมะพร้าว
10-10952-5.wav	ในตำบลนิคมสร้างตนเองอำเภอเมืองจังหวัดลพบุรี
10-10954-112.wav	ที่อ้อมน้อยอำเภอกระทุ่มแบนจังหวัดสมุทรสาครนะครับ
10-10954-143.wav	ก่อนที่จะเดินทางออกมาอะเดี๋ยวฟังนะฮะ
10-10955-122.wav	บ้านต้องเช่าข้าวต้องซื้อค่ารถต้องเดินทาง
10-10956-12.wav	อำเภอบางละมุงจังหวัดชลบุรีผู้ต้องหา3คนนะครับที่จับได้แล้วพามาชี้จุดทำแผน
10-10958-12.wav	ที่ถูกศาลจังหวัดนครพนมตัดสินจำคุก7ปี9เดือน
10-10958-17.wav	ยังต้องอยู่ในเรือนจำกลางจังหวัดนครพนมต่อค่ะ
10-10961-16.wav	ที่ตำบลท่าข้ามและตำบลนากระตามอำเภอท่าแซะจังหวัดชุมพร
10-10961-17.wav	ชาวบ้านกำลังได้รับผลกระทบจากน้ำท่วมหลังมวลน้ำจากอำเภอบางสะพานจังหวัดประจวบคีรีขันธ์
10-10961-7.wav	อำเภอท่าแซะจังหวัดชุมพรค่ะเชิญค่ะ
10-10962-15.wav	แต่ปรากฏว่ามีเจ้าหน้าที่อีกนายยกมือทำท่าทางให้หยุดรถ
10-10963-4.wav	เหตุการณ์นี้เกิดขึ้นนะครับที่ตำบลโคกมะม่วงอำเภอปะคำจังหวัดบุรีรัมย์
10-10965-26.wav	วันนี้ตามกันเรื่องคดีของแอมไซยาไนด์อีกสักครั้งนะฮะก็อย่างที่ทราบนะครับ
10-10965-38.wav	ไซยาไนด์แน่นอนแล้วฮะวันนี้คุณยายของคุณแด้มาอยู่กับผมที่
10-10966-0.wav	ส่วนที่จังหวัดขอนแก่นนะคะผู้ชายคนหนึ่งค่ะ
10-10966-28.wav	เจ้าหน้าที่ก็เดินทางมาถึงจุดเกิดเหตุเบื้องต้นสันนิษฐานว่า
10-10967-16.wav	หากเดินทางไปที่ใดแล้วเจอกับตัวเงินตัวทอง
10-10969-0.wav	ช่วงนี้ตำรวจปราบปรามยาเสพติดลงพื้นที่กวาดล้างยาเสพติดในหลายจังหวัดนะ
10-10969-17.wav	โดยจับกุมได้บริเวณบ้านสวนในอำเภอแม่แตงจังหวัดเชียงใหม่
10-10969-2.wav	รวมทั้งวิสามัญไป1รายในพื้นที่จังหวัดเชียงใหม่ค่ะ
10-10969-36.wav	นอกจากนี้ค่ะยังสามารถจับกุมนางสาว
10-10969-38.wav	รวม4คนได้ที่พื้นที่จังหวัดนครนายก
10-10974-13.wav	จังหวัดยโสธรช่วยกันตัดส่วนปลายของต้นพะยูงขนาดใหญ่ที่ล้มทับหลังคากุฏิ
10-10980-123.wav	บอกว่าก่อนเกิดเหตุนายแดงก่อเหตุทะเลาะวิวาทกับคนอื่นมาก่อนแล้วนะ
10-10980-124.wav	ในขณะที่นายแดงยกพวกมาทำร้ายนายหารเธอได้ยินเสียงปาขวดปาแก้ว
10-10980-126.wav	พบว่านายแดงกับเพื่อนกำลังรุมทำร้ายนายหาร
10-10980-127.wav	พยายามจะออกไปห้ามแต่ว่ากลุ่มวัยรุ่นที่มากับนายแดง
10-10980-14.wav	เมื่อหลายเดือนก่อนนายแดงผู้ก่อเหตุ
10-10980-16.wav	นายแดงมีพฤติกรรมชอบดื่มเหล้า
10-10980-20.wav	กระทั่งวันเกิดเหตุนายแดงก็เมานะฮะ
10-10980-21.wav	เมื่อคืนนี้เดินทางกลับมาหาแม่ที่ห้องพัก
10-10980-26.wav	แล้วก็ไล่นายแดงให้กลับไปเวลาผ่านไปสัก2ชั่วโมง
10-10980-27.wav	นายแดงย้อนกลับมาฮะแต่ว่าคราวนี้พาพวกมาด้วย
10-10980-29.wav	แล้วนายหารก็ถูกแทงเข้าที่คอเนี่ยฮะแล้วก็เสียชีวิต
10-10980-38.wav	จากนั้นนายแดงน้องชายต่างพ่อของนายหาร
10-10980-46.wav	ภรรยาของนายหารเข้าไปห้าม
10-10980-47.wav	นายหารก็เลยขี่รถจักรยานออกไป
10-10980-49.wav	ส่วนนายแดงเข้าไปในบ้าน
10-10980-54.wav	นายแดงก็เลยด่าพ่อกับแม่
10-10980-57.wav	ก็เป็นเวลาเดียวกับที่นายหารที่เมื่อกี้ขี่จักรยานออกไปอะ
10-10980-59.wav	จู่ๆนายแดงก็ย้อนกลับมาอีก
10-10980-63.wav	เพื่อนๆของนายแดงอะของน้องชายอะเข้าไปข้างในห้องก่อน
10-10980-65.wav	แต่จู่ๆนายแดงกับพวกรุมทำร้ายนายหารฮะอือ
10-10980-87.wav	ส่วนนางน้องผู้เป็นแม่นะคะยังอยู่ในอาการเศร้าค่ะ
10-10980-88.wav	แล้วก็บอกว่านายแดงผู้ก่อเหตุเนี่ยไปอยู่ที่อื่นแล้วก็ทุกครั้งที่มาหาก็จะมาขอเงินไปกินเหล้า
10-10980-89.wav	พอไม่มีให้ก็จะด่าทำร้ายพ่อแม่วันเกิดเหตุนายแดงเมามาแล้วก็มาขอเงินเหมือนเดิมอะค่ะ
10-10980-90.wav	แต่แม่ก็ไม่ให้ไล่ให้กลับบ้านไปนายแดงก็ขู่จะเอาเงินให้ได้พยายามจะทำร้ายแล้วก็ออกจากห้องไป
10-10980-91.wav	จนมารู้ว่านายหารถูกนายแดงใช้มีดแทงแม่ก็รีบวิ่งออกมาดูพบว่านายหารนอนหายใจรวยริน
10-10980-94.wav	ตอนนี้สับสนมากเป็นลูกทั้งคู่อยากให้นายแดงมารับผิดชอบกับสิ่งที่เกิดขึ้นค่ะ
10-10983-33.wav	ขณะนี้ก็คือนายพิธาลิ้มเจริญรัตน์ใช่ไหม
10-10984-11.wav	เขาไปใช้บริการนวดแผนไทยที่ร้านนวดแห่งหนึ่งที่พัทยาจังหวัดชลบุรีนะคะ
10-10984-5.wav	ที่ร้านนวดแห่งหนึ่งนะคะที่พัทยาจังหวัดชลบุรี
10-10988-161.wav	เพราะว่าเดินทางมาจากทุกๆที่ทั่วโลก
10-10988-226.wav	เรื่องเกี่ยวกับดาวพระเคราะห์ที่พี่ปลาดาวพูดถึงอยู่นะคะเป็นส่วนหนึ่งในโหราศาสตร์ที่เป็นการพยากรณ์หรือทำนายโชคชะตาโดยอาศัยเวลาและการโคจรของดวงดาวเป็นหลักค่ะ
10-10989-8.wav	ตั้งอยู่ที่หมู่1ตำบลมาบไผ่อำเภอบ้านบึงจังหวัดชลบุรี
10-10991-7.wav	เป็นสามแยกเกตเวย์หนองปลาตะเพียนนะครับอำเภอแปลงยาวจังหวัดฉะเชิงเทรา
10-10992-21.wav	และอาการอาพาธดังกล่าวก็ทำให้ไม่สามารถเดินทางไปไหนได้
10-10993-24.wav	โดยใช้กำลังพลฝีพาย2200นาย
10-10995-1.wav	เป็นอุบัติเหตุที่เกิดขึ้นที่จังหวัดราชบุรี
10-10996-16.wav	ซึ่งก็เป็นวัดดังอีกแห่งหนึ่งในจังหวัดสุพรรณบุรี
10-10996-2.wav	จะพาคุณผู้ชมไปที่วัดไผ่แขกจังหวัดสุพรรณบุรีนะจ๊ะ
10-10998-0.wav	ทางครอบครัวคุณพ่อคุณแม่ของจ่าแซมก็เตรียมสถานที่สำหรับการรับศพนะคะที่จังหวัดร้อยเอ็ด
10-10998-53.wav	ที่วัดหนองคูอำเภอเมืองจังหวัดร้อยเอ็ดซึ่งเป็นวัดประจำหมู่บ้าน
10-10998-6.wav	ทางญาติและชาวบ้านค่ะที่บ้านหนองคูตำบลเมืองหงส์อำเภอจตุรพักตรพิมานจังหวัดร้อยเอ็ดนะคะ
10-10999-52.wav	ตำรวจเรียกตัวนายคนนี้มาสอบปากคำตั้งแต่วันแรกๆเลยนะ
11-11001-1.wav	เวลาจังหวัดไหนจัดงานประจำปีจัดงานสนุกสนาน
11-11002-2.wav	พาไปที่จังหวัดกาฬสินธุ์ที่นั่นเจอคนใจดี
11-11006-125.wav	นายไพศาลบอกว่าถ้าเกิดครอบครัวป้านิตนี่คือหมวดโยนะฮะ
11-11006-34.wav	เดินทางมาที่จุดเกิดเหตุเคยมาช่วยหาแล้วครั้งนึง
11-11008-13.wav	บ้านดอนยานางครับหมู่1ตำบลนาทรายที่อำเภอเมืองนครพนม
11-11009-0.wav	ไปดูเรื่องของอุบัติเหตุนะคะที่จังหวัดฉะเชิงเทรานั้นมีกล้องวงจรปิดที่สามารถบันทึกภาพของชายคนนึง
11-11009-12.wav	มาค้างที่บ้านพักบนเขายายเที่ยงและกำลังจะเดินทางกลับบ้าน
11-11009-21.wav	หลังเกิดเหตุแม่ของผู้ตายเดินทางมาถึงที่เกิดเหตุนั่งร้องไห้กอดศพลูกชายด้วยความเสียใจท่ามกลางชาวบ้านที่ออกมามุงดูเหตุการณ์จำนวนมาก
11-11009-23.wav	พอมาถึงทางแยกเข้าสนามกีฬาจังหวัดร้อยเอ็ดจู่ๆหญิงวัย59ปีขี่รถจักรยานยนต์ข้ามถนนตัดหน้าจึงทำให้ผู้ตายเบรกไม่ทันพุ่งชนเต็มแรงแล้วเสียหลักล้มครูดไปตามถนนจนเสียชีวิต
11-11009-24.wav	ที่จังหวัดนครศรีธรรมราชเกิดอุบัติเหตุรถกระบะตกข้างทางถนนสายทุ่งใหญ่หลักช้างในพื้นที่บ้านสายใหญ่หมู่8ตำบลปริกอำเภอทุ่งใหญ่ทำให้รถกระบะได้รับความเสียหายพลิกตะแคงอยู่ข้างทางความลึกประมาณ
11-11009-33.wav	คลิปนี้เพจเฟซบุ๊กชื่อกล้องวงจรปิดตำรวจภูธรจังหวัดน่าน
11-11009-7.wav	ที่จังหวัดนครราชสีมากู้ภัยเข้าช่วยเหลือผู้บาดเจ็บ
11-11010-3.wav	ไปดูกันว่ามีจังหวัดไหนบ้างครับ
11-11010-4.wav	ไปเริ่มกันที่แรกนะครับไปที่จังหวัดมุกดาหารครับ
11-11010-6.wav	เขาบอกว่ายังคงแห่เดินทางไปยัง
11-11010-7.wav	วัดศรีโพธิ์ทองอำเภอคำชะอีจังหวัดมุกดาหารกันนี่แหละครับ
11-11011-14.wav	สถานีรถไฟหินลับตำบลมวกเหล็กที่จังหวัดสระบุรี
11-11014-24.wav	ของเทพนครจังหวัดสมุทรสงครามครับเมื่อมาถึงจุดเกิดเหตุ
11-11017-27.wav	กองทัพอากาศประเมินว่าจะมีประชาชนเดินทางมาร่วมงานวันเด็กในปีนี้
11-11018-0.wav	ไทยรัฐเจาะประเด็นคืนนี้จะพาคุณผู้ชมไปเจาะสนามเลือกตั้งที่จังหวัดเชียงใหม่นะครับ
11-11018-10.wav	ในจำนวนนี้ชนะยกทีม8จังหวัดได้แก่เชียงรายเชียงใหม่น่านพะเยาแพร่ลำปางลำพูนและจังหวัดอุตรดิตถ์
11-11018-12.wav	(หนึ่ง,1)ในนั้นคือจังหวัดเชียงใหม่ลดลง1ที่นั่ง
11-11018-1.wav	นี่เป็นจังหวัดทางภาคเหนือที่มีส.ส.ได้ถึง9เขต9คนด้วยกัน
11-11018-36.wav	หลังเคยพ่ายแพ้ให้กับนายประสิทธิ
11-11018-3.wav	ในการลงชิงชัยเพื่อจะแย่งเก้าอี้จากจังหวัดนี้นะครับ
11-11018-4.wav	จังหวัดเชียงใหม่นั้นเป็นพื้นที่สำคัญของพรรคเพื่อไทยนะครับ
11-11018-5.wav	เคยกวาดส.ส.ได้แบบยกจังหวัดนะครับ
11-11020-14.wav	อยู่ในซอยเจริญพรอำเภอเมืองจังหวัดนครศรีธรรมราช
11-11020-1.wav	ก็คือหมานี่แหละไล่กัดชาวบ้านครับอยู่ที่จังหวัดนครศรีธรรมราช
11-11020-4.wav	อะไปดูเรื่องราวที่มันเกิดขึ้นนะฮะอยู่ที่จังหวัดนครศรีธรรมราช
11-11020-6.wav	พร้อมคณะกรรมการชมรมก็เดินทางไปเยี่ยมแล้วก็ให้กำลังใจนะครับ
11-11025-0.wav	กลับมาช่วงนี้นะคะคุณผู้ชมครับไปกันที่จังหวัดราชบุรีกันหน่อย
11-11025-10.wav	ผู้สื่อข่าวของเราก็เลยลงพื้นที่ไปคุยกับสสจ.จังหวัดราชบุรีกันหน่อย
11-11025-1.wav	ไม่รู้เกิดอะไรขึ้นแต่ว่าเขาบอกว่าคนเกือบทั้งจังหวัดท้องเสีย
11-11025-4.wav	วันนี้มันมีรายงานข่าวแบบนี้คุณผู้ชมที่จังหวัดราชบุรีนะคะ
11-11028-223.wav	เขาบอกว่าจะมีทั้งฝั่งเทพแล้วก็ฝั่งมารจับมือร่วมกันแล้วก็เดินทางไปด้วยกัน
11-11028-448.wav	คือเพื่อนนางอะไปทำอนาจารผู้ชายในห้องน้ำ
11-11028-472.wav	จากนั้นการ์ดคนอื่นก็ลงมากระทืบนางค่ะ
11-11028-50.wav	ยอดกำลังพลทั้งหมด105นายใช่ไหมคะที่เรือหลวงสุโขทัยรอดชีวิต76นายเสียชีวิต24นาย
11-11028-544.wav	เป็นพยาบาลของโรงพยาบาลเอกชนแห่งหนึ่งในจังหวัดพระนครศรีอยุธยาครับ
11-11028-546.wav	ผู้แทนสภาพยาบาลประจำจังหวัดพระนครศรีอยุธยา
11-11028-556.wav	พ.ร.บ.เครื่องดื่มแอลกอฮอล์ทางสำนักงานสาธารณสุขจังหวัดนะครับ
11-11028-725.wav	นักท่องเที่ยวเข้าท่องเที่ยวอุทยานแห่งชาติในช่วงเทศกาลปีใหม่4วันนะ
11-11029-54.wav	ตัดสินใจนะคะนั่งรถทัวร์กลับมาจากจังหวัดภูเก็ต
11-11030-28.wav	นี้ก็มีทั้งลูกค้าขาจรแล้วก็ขาประจำที่เดินทางกันมาตั้งแต่เช้าตรู่ครับ
11-11030-41.wav	เมื่อรถขนส่งหนังสือพิมพ์ไทยรัฐฉบับพิเศษเดินทางมาถึงก็มีตัวแทนจำหน่ายเดินทางไปรอรับ
11-11030-6.wav	เดี๋ยวพาไปดูที่จังหวัดอ่างทองกันก่อนนะครับ
11-11030-9.wav	เป็นตัวแทนจำหน่ายหนังสือพิมพ์ไทยรัฐประจำจังหวัดอ่างทอง
11-11032-25.wav	ตำรวจนายนี้เขาก็เช่นเดียวกันค่ะคุณผู้ชม
11-11032-30.wav	สิ่งที่ตำรวจนายนี้บอกก็คือฝั่งโรงพยาบาลตำรวจปฏิเสธ
11-11032-3.wav	ล่าสุดค่ะตำรวจนายหนึ่งติดโควิดพร้อมกับภรรยา
11-11032-48.wav	สุดท้ายแล้วตำรวจนายดังกล่าวพร้อมกับครอบครัว
11-11032-54.wav	คลาดเคลื่อนระหว่างตำรวจนายดังกล่าวกับทางโรงพยาบาลตำรวจคลาดเคลื่อนยังไง
11-11032-59.wav	คือทั้งสองท่านชี้แจงบอกว่าตำรวจนายดังกล่าวมาตรวจคือวันศุกร์
11-11033-41.wav	เดินทางไปที่รถส่วนตัวออกจากศาลอาญาทันที
11-11034-36.wav	ท่ามกลางตำรวจที่มาตั้งแนวรักษาความสงบเรียบร้อยกว่า100นายนะครับ
11-11036-350.wav	มีรายงานข่าวว่าบรรยากาศภายในวัดหนองเพียรตำบลบางงามอำเภอศรีประจันต์จังหวัดสุพรรณบุรี
11-11036-351.wav	เป็นไปอย่างคึกคักเนื่องจากมีบรรดานักเสี่ยงโชคเดินทางมากราบไหว้ขอพรโชคลาภหลวงพ่อดำกันอย่างเนืองแน่น
11-11036-566.wav	อะไรแล้วนางก็แบบว่าคุยไปแล้วก็ร้องไห้ใส่หมดเหมือน
11-11036-84.wav	ซึ่งตั้งอยู่ณบ้านขุนกลางกม.ที่31จังหวัดเชียงใหม่นั่นเองนะเจ้า
11-11038-3.wav	โดยเฉพาะท่องเที่ยวจีนนี่ไปกองรวมกันอยู่ในเว่ยป๋อสื่อโซเชียลของจีนนะคะ
11-11039-3.wav	เดินทางมาถึงที่ไทยแล้วนะคะเมื่อคืนที่ผ่านมา
11-11039-9.wav	ซึ่งณตอนนั้นได้รองแชมป์ที่จังหวัดอุดรธานีค่ะ
11-11041-25.wav	พื้นเพเดิมเป็นชาวจังหวัดเชียงรายมีอาชีพขับรถส่งไก่ชำแหละ
11-11043-14.wav	ณมัสยิดกลางประจำจังหวัดสงขลาที่ตำบลคลองแหอำเภอหาดใหญ่ค่ะ
11-11043-19.wav	เคลื่อนย้ายร่างของจุฬาราชมนตรีกลับไปประกอบพิธีที่บ้านเกิดในจังหวัดสงขลา
11-11043-23.wav	แล้วก็ได้เดินทางถึงกองบิน56เมื่อเวลา16:40น.
11-11043-28.wav	ที่มัสยิดกลางประจำจังหวัดสงขลานี่เป็นบรรยากาศช่วงเย็นเมื่อวานนะคะครับ
11-11043-31.wav	ท่านเกิดวันที่6มีนาคม2490ที่จังหวัดสงขลา
11-11043-40.wav	สมาชิกวุฒิสภาประธานกรรมการอิสลามประจำจังหวัดสงขลา
11-11043-41.wav	ได้รับเลือกจากกรรมการอิสลามประจำจังหวัดทั่วประเทศ
11-11047-2.wav	ถูกพระที่สำนักสงฆ์ปฏิบัติธรรมในอำเภอด่านซ้ายจังหวัดเลยเนี่ยนะคะ
11-11050-11.wav	ริมถนนเทพรัตนหรือถนนบางนาตราดอำเภอบางปะกงจังหวัดฉะเชิงเทรา
11-11050-15.wav	รวมกว่า20นายที่พยายามที่จะควบคุมสถานการณ์
11-11050-26.wav	ก็เดินทางมาเจรจาแล้วก็รับเรื่องร้องเรียนจากตัวแทนนักเรียนนะฮะ
11-11050-7.wav	เดินทางออกมารับหนังสือร้องเรียนด้วยตัวเองนะ
11-11053-176.wav	ใช่ไก่ชาวบ้านที่ตายอะก็ถูกปู่นายควักไส้กินหมดนั่นแหละ
11-11053-201.wav	ฉันจะเอาพวกมาลากคอปู่นายถึงที่บ้านเลย
11-11053-331.wav	เมื่อคืนมีไก่ตายอีกแล้วแล้วก็มีคนเห็นปู่นายอะ
11-11053-334.wav	ในละแวกนี้ก็มีปู่นายคนเดียว
11-11053-335.wav	ถ้าไม่ใช่ปู่นายแล้วจะเป็นใคร
11-11056-68.wav	เขาต้องเดินทางมาเยี่ยมมาซื้อของมาฝากเงินให้เรา
11-11057-0.wav	เปิดพฤติกรรมวัยรุ่นแก๊งปืนควายจังหวัดพัทลุงหลังก่อคดีอุกฉกรรจ์จนญาติเหยื่อขวัญผวา
11-11061-4.wav	อันนี้คือที่บ้านใหม่พัฒนาหมู่8ตำบลบ้านร้องอำเภองาวจังหวัดลำปางครับ
11-11063-12.wav	ส่วนตัวเนี่ยก็ยังคงต้องเดินหน้าพบปะกับสมาชิกอีกหลายจังหวัดนะ
11-11066-17.wav	เพราะว่าทางผู้บริหารของสโมสรเนี่ยนะครับก็เดินทางมาที่เมืองไทย
11-11066-20.wav	ค่ะเพราะว่าหลังจากเดินทางกลับจากญี่ปุ่นมาที่ประเทศไทยนะ
11-11066-25.wav	อำเภอสามพรานจังหวัดนครปฐมบ้านเกิดนั่นเอง
11-11066-37.wav	ก่อนที่จะต้องเดินทางกลับไปที่ญี่ปุ่น
11-11070-36.wav	กับการนำหนังกลางแปลงมาแก้บนหลวงปู่ทิมพระเกจิดังจังหวัดระยอง
11-11074-12.wav	หลังจากนั้นนะคะเจ้าหน้าที่เดินทางไปถึง
11-11081-10.wav	เข้ามาในหมู่บ้านดงพัฒนาที่อำเภอโนนสุวรรณจังหวัดบุรีรัมย์
11-11082-58.wav	พรานป่าแก่งหางแมวจังหวัดจันทบุรี
11-11083-10.wav	ตำบลบางพลีใหญ่อำเภอบางพลีจังหวัดสมุทรปราการนะครับ
11-11085-40.wav	ราชการจังหวัดสมุทรปราการนะครับมอบหมายให้สำนักงานพัฒนาสังคม
11-11085-41.wav	และความมั่นคงของมนุษย์จังหวัดสมุทรปราการ
11-11085-43.wav	เด็กและครอบครัวจังหวัดสมุทรปราการไปตรวจสอบข้อเท็จจริง
11-11085-45.wav	เรียนอยู่ป.1โรงเรียนคลองสำโรงมีภูมิลำเนาอยู่ที่จังหวัดน่าน
11-11086-121.wav	ตอนนี้8จังหวัดของภาคอีสานเนี่ยตอนนี้น่าจับตามองมากเลยนะฮะ
11-11086-122.wav	ตอนนี้พื้นที่หลายๆจังหวัดเสียหายกันพอสมควรค่ะอันนี้โนรูยังไม่ได้มา
11-11086-158.wav	ที่เมื่อกี้น้องไล่มามีกี่จังหวัดแล้วตอนนี้ก็เกือบทุกจังหวัดแล้ว
11-11086-34.wav	เพราะฉะนั้นปุ๊บหลังจากนี้ตอนนี้พายุเนี่ยเดินทางมาถึงประเทศลาว
11-11086-420.wav	อันนี้น่าเบื่อแต่ว่านี่อย่างที่อย่างที่แองจี้บอกว่าหลายจังหวัดนะคะ
11-11086-441.wav	หรือคือทหาร1นายเนี่ย
11-11086-45.wav	แล้วก็อำนาจเจริญคิดว่าอาจจะเป็นจังหวัดแรกที่ต้องรับมือกับโนรู
11-11086-46.wav	อุบลราชธานี2จังหวัดนี้คืนนี้มาแน่
11-11086-509.wav	เดินทางไปพร้อมกับกระเช้าเข้าไปขอโทษกับจ่าโทปานทรแล้ว
11-11086-586.wav	แค่อย่าไปทำแบบนี้กับคนอื่นอีกแต่ว่าก่อนหน้าที่ทางคุณบอยจะเดินทางมาเนี่ยนะครับ
11-11086-590.wav	หลังจากนั้นเนี่ยบอยก็บอกเขาจะเดินทางมาคุณบอยเนี่ยมามาขอโทษเขาก็มาวันนี้แต่คลาดกับน้อง
11-11086-591.wav	ก็คือเป็นภาพเมื่อกี้นี้ค่ะเดี๋ยวก็ต้องลองไปดูนะครับว่าคุณบอยจะเดินทางอีกวันไหน
11-11086-840.wav	แล้วก็พี่น้องชาวอีสานทุกจังหวัด
11-11088-19.wav	ส่วนที่อำเภอโพธิ์ทองจังหวัดอ่างทองค่ะ
11-11088-26.wav	นางรำก็มานะแต่งตัวสวยงามเลย
11-11088-35.wav	เอาไปต่อที่จังหวัดชลบุรีครับ
11-11088-3.wav	อะพาไปดูแต่ละจังหวัดทั่วประเทศไทยกันหน่อยว่าเป็นอย่างไรกันบ้าง
11-11091-104.wav	เขาก็กำลังเดินทางกลับมาเพื่อสู้คดีช่วยแม่สู้คดี
11-11091-237.wav	เราจะเรียกหวย12ล้านจังหวัดอะไร
11-11091-68.wav	แล้วก็เพื่อนบ้านก็คือที่อำเภอห้วยแถลงจังหวัดนครราชสีมา
11-11091-75.wav	ชาวอำเภอหนองหงส์จังหวัดบุรีรัมย์
11-11091-94.wav	ที่อยู่ที่จังหวัดภูเก็ตไปขึ้นเงินรางวัลแทนอือ
11-11093-24.wav	แล้วก็ใช้เวลาในการเดินทางเข้าไปถึงพื้นที่เนี่ย
11-11066-46.wav	แต่ว่าจะได้พูดคุยถึงเรื่องแนวทางกันอีกครั้งนึงก็ตอนที่มุ้ยเดินทางกลับมาถึงประเทศไทย
11-11069-100.wav	จากเหตุการณ์ที่น้ำท่วมโดยเฉพาะที่อำเภอภูเพียงจังหวัดน่านเนี่ย
11-11069-12.wav	ครับทีนี้คุณผู้ชมวันนี้ตรวจสอบหลายจังหวัดค่ะ
11-11069-19.wav	เพราะว่าตอนนี้สถานการณ์น้ำท่วมที่อำเภอชนแดนจังหวัดเพชรบูรณ์
11-11069-24.wav	ตั้งแต่บริเวณหน้าสำนักงานขนส่งจังหวัดเพชรบูรณ์สาขาอำเภอชนแดน
11-11069-36.wav	ไปตรวจสอบสถานการณ์แม่น้ำโขงกันบ้างนะครับที่จังหวัดหนองคาย
11-11070-13.wav	จากสวนผักในจังหวัดกาญจนบุรีค่ะ
11-11070-15.wav	ที่วัดสว่างอารมณ์ตำบลขุนแก้วอำเภอนครชัยศรีจังหวัดนครปฐมค่ะ
11-11070-23.wav	ด้วยความที่ประกอบอาชีพเกษตรกรรมรวมถึงขายและรับซื้อผักในตลาดศรีเมืองจังหวัดราชบุรี
11-11070-35.wav	มากันที่วัดละหารไร่อำเภอบ้านค่ายจังหวัดระยอง
11-11093-99.wav	จึงรีบเดินทางไปช่วยเหลือทันทีแต่ไม่สามารถเข้าไปในพื้นที่ได้
11-11095-82.wav	เข้าอำเภอบ้านฝางที่จังหวัดขอนแก่นให้เบอร์ไว้เลยฮะ
11-11098-25.wav	เหล่าแฟนบอลของทีมเสือเหลืองทยอยเดินทางนะครับ
11-11098-2.wav	แล้วก็มีประเด็นความดราม่ากับการเดินทางเมื่อวานที่ใช้เวลาร่วม7ชั่วโมง
11-11099-41.wav	เดินทางปลอดภัยนะจ๊ะก่อนทิ้งท้ายด้วยแฮชแท็ก
11-11101-16.wav	คือนายเนเนี่ยเป่าหูให้เธอหลงเชื่อต่อหน้าทำเป็นเหมือนกับรักลูกของเธอนะ
11-11102-269.wav	ไปดูดวงก่อนก็ได้เขานึกได้ก็เลยโทรหาเพื่อนเลยเพื่อนที่เขาอยู่ในจังหวัดนั้นนะคะ
11-11102-307.wav	กลับล้านจังหวัดใกล้เคียงนะคะไม่ใช่บ้านที่อยู่ปัจจุบัน
11-11102-490.wav	แล้วก็เจาะจงจะเป็นที่จังหวัดนี้ด้วยแสดงว่าที่นี่ดังมาก
11-11102-61.wav	พี่ลองไปที่วัดนี้ไหมอยู่ที่จังหวัดสระบุรีอื้อหือเป็นวัดป่าอื้อหือ
11-11105-10.wav	ที่ยังไม่ได้เดินทางมาร่วมทัพทีมไทยนะครับที่เหลือก็ถือว่ายังอยู่กันครบนะครับ
11-11108-54.wav	เงินที่ทางพม.จังหวัด
11-11109-19.wav	บริเวณวนอุทยานถ้ำหลวงขุนน้ำนางนอน
11-11109-8.wav	เดินชมวนอุทยานถ้ำหลวงขุนน้ำนางนอนครับ
11-11110-1.wav	ที่จังหวัดตรังเกิดเหตุระทึกขึ้นเมื่อรถบรรทุก6ล้อคันนึงเบรกแตก
11-11110-28.wav	ตำบลทัพราชอำเภอตาพระยาจังหวัดสระแก้ว
11-11110-46.wav	แต่พอมาถึงจุดกลับรถหน้าสภ.หนองขามอำเภอศรีราชาจังหวัดชลบุรี
11-11111-12.wav	อำเภอป่าโมกจังหวัดอ่างทองห่างไกลบ้านเรือนไปสักหน่อย
11-11111-34.wav	ตำรวจก็เดินทางไปตรวจสอบที่เกิดเหตุและจะติดตามตัวคนร้ายมาดำเนินคดี
11-11116-19.wav	ที่วัดไชนาวาสในตัวอำเภอเมืองจังหวัดสุพรรณบุรีนั่นแหละ
11-11116-27.wav	ก็เลยนี่แหละครับเดินทางกลับบ้านเดินเท้ากันนะฮะ
11-11116-43.wav	จนทหารเนี่ยนายอื่นๆต้องช่วยกันประคองไปที่โต๊ะ
11-11118-5.wav	ค่ะวันนี้ค่ะพี่บิณฑ์นะได้เดินทางไปแจ้งความเอาผิดผู้ก่อเหตุ
11-11119-51.wav	แล้วก็ได้สอบถามไปที่ตำรวจภูธรจังหวัดมุกดาหารแล้ว
11-11119-72.wav	สรรพากรจังหวัดมุกดาหารไปแนะนำเรื่องของการยื่นแบบ
11-11121-10.wav	เกิดขึ้นที่จังหวัดบุรีรัมย์นะครับคุณผู้ชม
11-11121-16.wav	เขาเห็นเหตุการณ์ก็เลยต้องเดินทางไปที่สถานีตำรวจ
11-11122-41.wav	เดี๋ยวลองดูผลงานในวันที่จะเลือกนายกรัฐมนตรี
11-11123-20.wav	นี่ไงโรงเรียนสักแห่งนึงในจังหวัดเพชรบูรณ์
11-11123-24.wav	อยู่ในอำเภอหล่มสักจังหวัดเพชรบูรณ์
11-11123-29.wav	ไปที่ตำบลตาลเดี่ยวอำเภอหล่มสักจังหวัดเพชรบูรณ์
11-11123-2.wav	คาดว่าเป็นผู้อำนวยการโรงเรียนแห่งหนึ่งที่จังหวัดเพชรบูรณ์
11-11124-55.wav	พลเมืองดีแจ้งว่าเห็นนายหมึกกำลังว่ายน้ำ
11-11126-14.wav	แล้วเนี่ยเป็นกล้องวงจรปิดในธนาคารกสิกรไทยสาขาซับสมอทอดที่อำเภอบึงสามพันจังหวัดเพชรบูรณ์จับภาพได้
11-11128-1.wav	คือจังหวัดเชียงใหม่เนี่ยเขามีการครบรอบ720ปีเมืองเชียงใหม่
11-11128-3.wav	ทีนี้ก็เลยมีการนำพระธาตุดอยสุเทพจำลองเนี่ยมาตั้งกลางสวนในศาลากลางจังหวัด
11-11128-7.wav	นี่แหละค่ะคุณผู้ชมกลางตัวอาคารที่ศาลากลางจังหวัดเชียงใหม่
11-11128-8.wav	เขาทำเป็นสวนแผนที่ของจังหวัด
11-11130-0.wav	อันนี้ที่จังหวัดนครพนมมีบ้านไม้ครึ่งปูนนะคะโอ้โห
11-11130-11.wav	บ้านหนาดตำบลบ้านกลางอำเภอเมืองจังหวัดนครพนม
11-11132-20.wav	เพราะอยากจะเห็นจังหวัดสุพรรณบุรีกลับมาเป็นปึกแผ่นอีกครั้ง
11-11132-22.wav	เดินทางมาสมัครเป็นสมาชิกพรรคพลังประชารัฐอีก1คน
11-11132-27.wav	สรา้งมวลชนในจังหวัดสระบุรีต่อ
11-11132-48.wav	นายธนาธรจึงรุ่งเรืองกิจหัวหน้าพรรคอนาคตใหม่
11-11132-49.wav	เดินทางพบปะสมาชิกณศูนย์ประสานงานพรรคในจังหวัดนครสวรรค์
11-11132-54.wav	ปิดท้ายที่โลกโซเชียลแห่ลงชื่อถอดถอนนางสาวปารีณาไกรคุปต์
11-11132-7.wav	ทำให้การขาดดุลจากเดิมเพิ่มขึ้นนายเดชาพิวัฒนสงคราม
11-11135-102.wav	ก็เป็นระดับนักการเมืองในจังหวัดพัทลุง
11-11135-138.wav	ไม่ค่อยจะมีเจ้าหน้าที่มากนักอะนะครับจะมีเจ้าหน้าที่ไม่กี่นายที่ประจำศูนย์อยู่ตรงนี้นะฮะ
11-11135-152.wav	ตำรวจนายหนึ่งยืนยันว่าทีมข่าวนะฮะ
11-11135-32.wav	ขณะที่น้าสาวของเสี่ยแป้งก็คือนางเพลินเนี่ย
11-11135-48.wav	ส่วนน้าของเสี่ยแป้งอีกคนนึงก็คือนางพร้อมนะ
11-11136-26.wav	แล้วตัวเธอเองก็เลยเดินทางกลับก็เท่านั้นค่ะ
11-11136-71.wav	ก็เลยตัดสินใจเดินทางมาที่โรงพยาบาล22กรกฎาคมที่ผ่านมา
11-11136-8.wav	ถูกตำรวจโรงพักพระสมุทรเจดีย์จังหวัดสมุทรปราการจับกุมได้ที่บ้านญาติย่านดอนเมือง
11-11141-10.wav	ตำรวจใช้เทคนิคพิเศษสืบจนรู้ตัวคนร้ายคือเด็กชายเอวัย14ปีและนางสาวบีวัย16ทั้ง2เป็นคู่รักกัน
11-11141-15.wav	เพื่อนนางสาวบีเปิดใจกับไทยรัฐทีวีบอกวันเกิดเหตุบีโทรมาชวนไปเที่ยวงานรำวงแต่ไม่มีใครไปด้วยเขาจึงไปกัน2คนเพิ่งมารู้ทีหลังว่าเพื่อนไปร่วมก่อเหตุฆ่าคน
11-11141-26.wav	ด้วยความเศร้าญาติของเด็กชายเอเดินทางไป
11-11141-8.wav	วัย44ปีถูกฆ่าริมถนน3แยกชลประทานตำบลหนองแหย่งอำเภอสันทรายจังหวัดเชียงใหม่
11-11144-15.wav	นายเข็มเนี่ยเล่าพฤติการณ์ทั้งหมดให้ฟังนะคะ
11-11144-40.wav	นายเข็มก็เลยเอามือบีบคอผู้ตาย
11-11144-46.wav	นายเข็มก็เลยตัดสินใจเดินทางกลับ
11-11144-71.wav	สอบสวนไปสอบสวนมาก็ต้องการที่จะให้นายเข็มเนี่ยรับสารภาพนะคะ
11-11144-81.wav	อันนี้น่าจะเป็นการวางแผนของนายเข็มเอาไว้นะคะ
11-11147-22.wav	เดี๋ยวไปตรวจสอบขยายผลต่อวันนี้นายกรัฐมนตรีนะครับก็ออกมาพูดถึงเรื่องนี้นะฮะ
11-11149-24.wav	การนำเสนอปัญหาที่เกิดขึ้นกับชุมชนรอบเหมืองทองคำอำเภอวังสะพุงจังหวัดเลย
11-11150-23.wav	แล้วงานนี้เขาจัด10วัน10คืนนะคะเพื่อเป็นการส่งเสริมการท่องเที่ยวในจังหวัด
11-11150-27.wav	เป็นการกระตุ้นการท่องเที่ยวในจังหวัดด้วยการกระตุ้นการท่องเที่ยวฐานราก
11-11152-14.wav	แล้วก็ได้รับการเลือกไปไปเป็นนายกอบจ.เชียงใหม่นะครับ
11-11152-23.wav	กับอะไหล่เครื่องจักรซึ่งอยู่ในคณะก้าวหน้าของนายธนาธร
11-11152-25.wav	หากคุณตู่นันทิดาได้รับการรับรองจากกกต.ก็จะถือว่าเป็นนายกอบจ.หญิงคนแรกของสมุทรปราการ
11-11152-30.wav	ห่างกันอยู่3หมื่นกว่าคะแนนส่วนนางสาวกรรณิการ์นาคอินทร์ก็ได้8281คะแนน
11-11152-34.wav	แล้วก็บอกว่าสัญญานะว่าจะพัฒนาจังหวัดปทุมฯให้ได้ตามนโยบายที่มีการหาเสียงเอาไว้ก่อนหน้านี้อ่า
11-11152-36.wav	เคี่ยวกันเองของคนจากพรรคประชาธิปัตย์นะครับก็อดีตนายกอบจ.อย่างนางกนกพรเดชเดโชนะครับ
11-11152-37.wav	ซึ่งเป็นภรรยาของอดีตนายกเนี่ยนะและยังเป็นแม่ของนายชัยชนะส.ส.นครศรีธรรมราชพรรคประชาธิปัตย์
11-11152-39.wav	ส่วนที่เชียงรายนะฮะก็ต้องบอกว่าเป็นศึกคนกันเองเหมือนกันนะครับเพราะว่านางอทิตาธรวันไชยธนวงศ์
11-11152-43.wav	ทีนี้ก็เลยทำให้นายวิทยาคุณปลื้มคว้าตำแหน่งนายกอบจ.ชลบุรีอีกหนึ่งสมัยนะคะ
11-11152-45.wav	ในการเลือกตั้งนายกอบจ.กันนะครับก็
11-11152-48.wav	แม้ว่าจะมีสถานการณ์โควิดในจังหวัดเอง
11-11152-50.wav	ข้อมูลจากผู้อำนวยการสำนักงานคณะกรรมการเลือกตั้งประจำจังหวัดสมุทรสาคร
11-11152-52.wav	กกต.จังหวัดตั้งเป้าไว้จะมีผู้ใช้สิทธิ์เนี่ย75
11-11152-80.wav	แล้วก็ถามว่าในส่วนของผู้สมัครนายกอบจ.
11-11152-89.wav	แล้วไม่ได้รับการเลือกตั้งเลยทั้ง42จังหวัดอือ
11-11154-145.wav	ตำบลศรีประจันต์อำเภอศรีประจันต์จังหวัดสุพรรณบุรีนะครับ
11-11154-159.wav	นะฮะคุณผู้ชมบอกว่าตนเองนั้นเป็นเลขานายกอบต.วังน้ำเย็น
11-11154-172.wav	คิดว่าน่าจะเป็นพุทธคุณของสมเด็จงาแกะหลวงพ่อกวยวัดโฆสิตารามจังหวัดชัยนาท
11-11154-309.wav	หมู่ที่3ที่อำเภอโพธิ์ประทับช้างจังหวัดพิจิตรนะฮะ
11-11154-361.wav	ไร่เชิญตะวันจังหวัดเชียงราย
11-11154-362.wav	และสมาคมไทบ้านจังหวัดมหาสารคาม
11-11154-387.wav	ไร่เชิญตะวันจังหวัดเชียงรายค่ะ
11-11154-399.wav	ตกใจสินางตกใจนางขวัญอ่อนไง
11-11154-420.wav	เพราะกว่านางจะมาเจอรายนี้ได้ก็ถือว่าผ่านอะไรมาเยอะ
11-11154-453.wav	ทางผู้ชายซึ่งกำลังหลงรักนางอย่างหัวปักหัวปำ
11-11154-519.wav	อย่างนี้ยุบหนอพองหนอนางตอบอย่างนี้อ่า
11-11154-598.wav	หน้าผมก็ต้องเอาไปเองแต่อันนี้นางบอกนางไม่ใช่นางเอกกำมะลอนางก็ออกมาปฏิเสธ
11-11154-599.wav	รู้สึกว่าแรงไหมไม่หรอกค่ะนางก็ยิ้มภาพยนตร์เรื่องนี้จะได้ชมไหมอ่ะสรุปจะได้ชมไหม
11-11155-0.wav	คุณผู้ชมฮะมีเหตุอุกอาจที่เกิดขึ้นที่จังหวัดบุรีรัมย์นะครับ
11-11155-125.wav	นายอุ้มเนี่ยเพิ่งพ้นโทษคดียาเสพติดออกจากเรือนจำเมื่อเดือนมิถุนายนที่ผ่านมานะครับ
11-11155-16.wav	ที่จังหวัดบุรีรัมย์นะครับ
11-11155-22.wav	ไม่พบสัญญาณชีพรีบนำตัวไปที่โรงพยาบาลนางรองนะครับ
11-11155-27.wav	อยู่ที่อำเภอนางรองจังหวัดบุรีรัมย์นะครับ
11-11155-50.wav	ในตำบลหนองปล่องอำเภอชำนิจังหวัดบุรีรัมย์นะฮะ
11-11155-6.wav	นี่ครับคุณผู้ชมฮะภาพเหตุการณ์ที่เกิดขึ้นหน้าร้านอาหารในพื้นที่จังหวัดบุรีรัมย์นะครับ
11-11156-114.wav	มีโรงงานแห่งหนึ่งที่จังหวัดนครศรีธรรมราช
11-11156-35.wav	พอเจอโควิด-19เข้าไปพื้นที่ที่จังหวัดกระบี่ภูเก็ตพังงาหาดใหญ่สงขลาพัทยา
11-11159-15.wav	ชุมแพจังหวัดขอนแก่นส่วนกระบะคู่กรณีครับ
11-11159-1.wav	เพราะว่าที่จังหวัดเลยครับมีเป็นกระบะนะหักหลบรถคันหน้าค่ะ
11-11159-22.wav	อันตรายของเทศกาลปีใหม่ของจังหวัดเลยด้วยก็ช่วยกัน
11-11159-3.wav	นี่คือบนถนนมะลิวัลย์บ้านน้อยสะพานยาวครับอำเภอภูกระดึงจังหวัดเลย
11-11159-5.wav	กรุงเทพเนี่ยคนขับชื่อนายนิคมครับไปโดนกระบะสี
11-11159-6.wav	ดำอีกคันทะเบียนกาฬสินธุ์นะของนายรุ่งเพชรข้ามเลน
11-11160-15.wav	โดยมีตำรวจเดินทางมา
11-11160-71.wav	ซึ่งอยู่ข้างข้างกับวัดนะคะแล้วก็เดินทางกลับเข้ามา
11-11162-6.wav	เหตุการณ์เกิดขึ้นเมื่อช่วงเช้าที่จังหวัดเชียงใหม่
11-11163-270.wav	ลุงเป็นกำลังใจให้เดินทางด้านนี้ต่อไปนะลูก
11-11167-11.wav	ส่วนผู้รับรายแรกอยู่ที่อำเภอเชียงคานจังหวัดเลย
11-11167-13.wav	พนักงานชื่อว่านางสาวหฤทัยขอสงวนนามสกุลเอาไว้ก่อนละกันนะครับ
11-11172-108.wav	จังหวัดล่ะเป็นอย่างไรเดี๋ยวเราจะนำเสนอต่อไปนะคะ
11-11172-10.wav	โรงแรมนี้เป็นโรงแรมที่เขาประสานงานให้เป็นจุดกักตัวของคนที่เดินทางกลับมาจากต่างประเทศ
11-11172-13.wav	แล้วก็เป็นจุดกักตัวคนที่เดินทางกลับจากต่างประเทศ
11-11172-32.wav	ละทีนี้เดินทางกลับมาพร้อมกับครอบครัวก็มีลูกสาวกับภรรยาก็มีการโพสต์ข้อความ
11-11172-66.wav	มีผู้ที่เดินทางจากสหรัฐอเมริกาแล้วก็ฮังการีเนี่ย
11-11173-14.wav	พบว่ามีปืน11มมเหน็บอยู่ที่เอวของนายเจริญนะครับ
11-11173-19.wav	ได้คุยกับภรรยาของนายเจริญที่เสียชีวิตนะครับ
11-11173-22.wav	นายเจริญสามีนั่งดื่มสังสรรค์อยู่กับเพื่อนเพื่อนที่หน้าบ้าน
11-11173-4.wav	ตรงจุดนี้นะฮะนายเจริญนวลเจริญนี่คือผู้ตายนะครับ
11-11173-6.wav	ที่บ้านในพื้นที่ตำบลทำนบอำเภอสิงหานครจังหวัดสงขลานะครับ
11-11174-10.wav	ล่าสุดค่ะพี่ต่ายเดินทางไปกราบไหว้
11-11174-12.wav	ตำบลเขาพระอำเภอเมืองจังหวัดนครนายกเนี่ย
11-11174-32.wav	เวลาที่เดินทางไปที่จังหวัดนครนายกนะคุณผู้ชมนะ
11-11178-0.wav	ด้วยพูดถึงเรื่องของการเดินทางพาไปดูกันหน่อยนะคะ
11-11178-10.wav	ไม่ว่าจะเป็นอุบลราชธานีศรีสะเกษบุรีรัมย์แล้วก็จังหวัดสุรินทร์
11-11178-14.wav	คุณผู้ชมเห็นได้ว่าหลายจังหวัดตอนนี้
11-11178-16.wav	แล้วก็ตามจังหวัดต่างไม่หวั่นนะคะ
11-11178-17.wav	ทยอยเดินทางกลับภูมิลำเนากันไปแล้วค่ะ
11-11178-21.wav	ก็เลยทยอยเดินทางกันกลับไปแล้ว
11-11178-26.wav	เพราะคาดว่าจะมีประชาชนเดินทางแน่นแน่นแบบนี้
11-11178-29.wav	ในพื้นที่จังหวัดนครราชสีมารถหนาแน่นนะคะหลายหลายจุดเลย
11-11178-2.wav	หลายคนที่เดินทางมาทำงานในกรุงเทพมหานครก็ทยอยกลับภูมิลำเนากันแล้วนะคะ
11-11178-36.wav	ตำรวจทางหลวงนครราชสีมาแล้วก็ตำรวจภูธรจังหวัดนครราชสีมา
11-11178-51.wav	จังหวัดปราจีนบุรีบนถนนสาย304ศรีมหาโพธิมุ่งหน้ามีนบุรีนครราชสีมา
11-11178-60.wav	ใช้ความระมัดระวังในการเดินทางด้วยนะคะ
11-11178-8.wav	ช่วงอำเภอประโคนชัยในจังหวัดบุรีรัมย์นะคะ
11-11179-0.wav	คุณผู้ชมครับพาไปดูเหตุการณ์นี้ที่จังหวัดนครพนม
11-11179-27.wav	เอาศพมาโยนถ่วงน้ำอำพรางที่นี่ส่งศพไปชันสูตรหาสาเหตุการเสียชีวิตที่นิติเวชโรงพยาบาลศรีนครินทร์จังหวัดขอนแก่น
11-11179-38.wav	บ่ายวันนี้แม่บุญธรรมของผู้เสียชีวิตชื่อว่านางบุญหลายอายุ65
11-11179-39.wav	เดินทางมาจากร้อยเอ็ดเอาเอกสารมาที่สภ.เมืองนครพนมครับ
11-11179-85.wav	ตำรวจบอกว่านายกิ่งไผ่หรือนายไผ่ผู้เสียชีวิตเนี่ยค่ะเขามีแฟนสาวอีกคนนึงนะคะ
11-11180-107.wav	ตำบลดงลิงอำเภอกมลาไสยจังหวัดกาฬสินธุ์
11-11182-181.wav	มีพระพุทธรูปคู่บ้านคู่เมืองจังหวัดสุพรรณบุรี
11-11273-36.wav	เป็นแฟนกับนางสาวอนิตยา<MARK>หรือว่าฟิวส์<MARK>
11-11182-95.wav	ปลาประจำจังหวัดสุพรรณบุรี
11-11183-42.wav	เดินทางไปแข่งขันรายการชายหาดนะครับ
11-11183-43.wav	ที่อำเภอทุ่งสงจังหวัดนครศรีธรรมราช
11-11184-13.wav	ขณะนี้ติดตั้งแล้วจำนวน4เครื่องบริเวณประตูระบายน้ำธรณิศนฤมิตจังหวัดนครพนมและจะทยอยติดตั้งอีก22เครื่อง
11-11184-30.wav	เบื้องต้นได้ส่งเจ้าหน้าที่ไปสำรวจพื้นที่อำเภอพรรณานิคมจังหวัดสกลนคร
11-11184-6.wav	ติดตามสถานการณ์น้ำท่วมที่จังหวัดสกลนคร
11-11184-7.wav	เบื้องต้นก็ประเมินว่าจังหวัดสกลนครจะมีประชาชนที่ได้รับผลกระทบ7846ครัวเรือน
11-11185-27.wav	น้องกิ๊ฟถูกรุมโทรมที่ล้งผลไม้จังหวัดจันทบุรีจนเสียชีวิต
11-11185-33.wav	ยังมีคลิปที่พี่ชายของน้องกิ๊ฟโทรมาหาว่าอดีตสามีของน้องกิ๊ฟเนี่ยบอกว่าเธอรับแทงพนันบอลให้กับเจ้ามือรายใหญ่รายหนึ่งของจังหวัดตราดเนี่ยค่ะ
11-11185-53.wav	บอกว่ากิ๊ฟเคยรับแทงบอลและเป็นบ่อนรายใหญ่ของใครคนหนึ่งที่จังหวัดตราด
11-11185-66.wav	เราต้องไม่ลืมว่าแพทย์นิติเวชอยู่ในพื้นที่จังหวัดจันทบุรี
11-11191-45.wav	ก็ได้เดินทางกลับไปปักหลักยังตลาดกลางคลองหลวงค่ะ
11-11193-1.wav	ล่าสุดฝ่ายชายเขาไปเตะบอลแมตช์พิเศษที่จังหวัดขอนแก่น
11-11195-23.wav	ส่วนใหญ่เนี่ยอพยพมาจากหลายจังหวัดในภาคอีสานอ่อ
11-11195-2.wav	แต่ที่นี่ที่จังหวัดเพชรบูรณ์ห่ะเขาก็จัดงานแบบนี้เหมือนกันนะครับ
11-11195-34.wav	ก็เป็นอีกหนึ่งประเพณีแล้วก็เป็นงานที่สืบสานถึงวัฒนธรรมพื้นบ้านในแต่ละจังหวัด
11-11197-12.wav	ตำบลลำเพียกอำเภอครบุรีจังหวัดนครราชสีมา
11-11200-17.wav	ที่เกิดเหตุคือหมู่บ้านเจริญลาภอำเภอบ้านโป่งจังหวัดราชบุรีนะคะ
11-11201-16.wav	ในชุมชนเทพารักษ์2ริมถนนเทพารักษ์ตำบลในเมืองอำเภอเมืองจังหวัดขอนแก่น
11-11204-12.wav	มาเปลี่ยนเป็นที่แข่งขันที่จังหวัดนครราชสีมาแทน
11-11204-6.wav	เนื่องจากว่าณตอนนี้นะคะกาตาร์ยกเลิกทุกเที่ยวบินที่จะเดินทางมาไทย
11-11205-1.wav	ทยอยเดินทางไปแข่งขันที่เวียดนามเป็นที่เรียบร้อยต้องโฟกัสกันหน่อยกับทัพนักเตะทีมชาติไทยของกีฬาฟุตบอลนะครับ
11-11205-2.wav	ชุดแรกเนี่ย16คนเดินทางไปที่เวียดนามเรียบร้อยนะครับในช่วงประมาณสัก8โมงที่ผ่านมานะครับ
11-11205-6.wav	ส่วนที่เหลือเนี่ยก็จะมีหลายหลายส่วนนะครับที่จะเดินทางไปเสริมสำหรับโปรแกรมการแข่งขันในวันพรุ่งนี้อะนะครับ
11-11205-7.wav	ซึ่งแน่นอนพอจบกับไทยลีกนะสุดท้ายวันนี้เนี่ยก็จะเดินทางไปที่เวียดนามต่อเนื่อง
11-11209-16.wav	อยู่ในอำเภอหาดใหญ่จังหวัดสงขลาคุณพี่ท่านเนี้ยโมโหสุดขีดเลย
11-11213-0.wav	อยากไปที่จังหวัดเชียงใหม่มีเหตุสลดใจเกิดขึ้นครับ
11-11213-5.wav	ดอยม่อนแจ่มตำบลแม่แรมอำเภอแม่ริมจังหวัดเชียงใหม่
11-11216-4.wav	ค้นหาผู้สูญหายในวนอุทยานถ้ำหลวงขุนน้ำนางนอน
11-11217-27.wav	ก็พยายามหนีการจับกุมของตำรวจสืบสวนภูธรจังหวัดสระบุรีค่ะ
11-11218-35.wav	แต่ละอำเภออื่นอื่นนะครับในจังหวัดเชียงใหม่แล้วก็ลำพูนเนี่ย
11-11221-21.wav	นี่แหละครับให้สัมภาษณ์ว่านายทักษิณแสดงความคิดเห็นในฐานะคนไทยที่รักห่วงใยบ้านเมืองเป็นสิทธิ์ของคนไทยทุกคนนะครับ
11-11221-22.wav	ส่วนที่มีอดีตส.ส.เดินทางไปพบที่ต่างประเทศนั้นเป็นเพราะสมาชิกบางคน
11-11221-28.wav	เพราะนายทักษิณไม่ได้เกี่ยวข้องหรือก้าวก่ายอะไรครับ
11-11221-32.wav	กรณีที่อดีตส.ส.ของพรรคเพื่อไทยเดินทางไปพบนายทักษิณ
11-11221-3.wav	ค่ะเกี่ยวกับความเคลื่อนไหวของนายทักษิณชินวัตรอดีตนายกรัฐมนตรี
11-11221-42.wav	นายอภิสิทธิ์เวชชาชีวะชวนก็เดินหน้าลงพื้นที่หาเสียง
11-11221-44.wav	คราวนี้ไปอยู่ที่ภูเก็ตค่ะโดยอดีตส.ส.อดีตส.ว.จังหวัดภูเก็ต
11-11222-10.wav	โดยเจ้าหน้าที่กว่า50นายนะครับนำกำลังบุกเข้าตรวจค้น
11-11225-47.wav	พรุ่งนี้จะมีการนำตัวส่งศาลจังหวัดทุ่งสงฝากขังค่ะ
11-11227-18.wav	กำลังเดินทางมารับพัสดุที่บริษัท
11-11227-9.wav	จังหวัดกระบี่แล้วก็ภูเก็ตด้วยค่ะ
11-11230-178.wav	ทำไมต้องมีกำลังตำรวจเป็นสิบนายมาหรือหรือเราจอดรถผิดที่
11-11230-226.wav	คือเห็นว่ามาเป็น10นายจะขอค้นตัวถ้าเป็นตามที่เล่านะ
11-11230-376.wav	แล้วก็ตำรวจอีกนายหนึ่งก็เข้ามาต่อยเขา3ครั้ง
11-11230-489.wav	มันเกิดขึ้นจากการที่มีการตำรวจจราจรนายหนึ่งไปเขียนใบสั่งนะครับ
11-11231-18.wav	วงดนตรีแตรวงที่ออกรับจ้างเล่นตามงานบุญในจังหวัดพิจิตรนะคะ
11-11232-8.wav	ครับตำรวจสน.ทองหล่อสองนายนะคะขี่มอเตอร์ไซค์ไล่ตามมาตั้งแต่ด่านจากเอกมัยเนี่ย
11-11233-6.wav	อยู่ริมถนนสายสุราษฎร์ตะกั่วป่าหมู่6ตำบลคลองศกอำเภอพนมจังหวัดสุราษฎร์ธานีจ้ะ
11-11235-22.wav	ที่วัดธรรมศาลาอำเภอเมืองจังหวัดนครปฐมเวลา15นาฬิกานะคะ
11-11238-7.wav	ก็ได้เดินทางไปทำงานที่สตูดิโอแห่งหนึ่ง
11-11239-1.wav	เผื่อเราจะโชคดีดวงดีดวงเฮงกับเขาบ้างเพราะว่าตักบาตรดอกไม้ที่นี่เป็นหนึ่งเดียวของจังหวัดยะลาค่ะ
11-11239-30.wav	ครับสำหรับใครที่อยากจะไปกราบไหว้รอยพระพุทธบาทจำลองนี้สามารถไปกันได้นะคะที่วัดยะหาประชารามตำบลยะหาอำเภอยะหาจังหวัดยะลาเออ
11-11239-5.wav	ซึ่งถือว่าเป็นแห่งเดียวของจังหวัดยะลานะ
11-11239-8.wav	ชาวอำเภอยะหาแล้วก็อำเภอใกล้เคียงของจังหวัดยะลานำดอกไม้
11-11242-19.wav	อำเภอประคำจังหวัดบุรีรัมย์ค่ะ
11-11243-103.wav	ส่วนจังหวัดเชียงใหม่นั้นก็พบผู้ป่วยโควิด-19มากที่สุดในช่วงสงกรานต์ที่ผ่านมาค่ะ
11-11243-259.wav	จังหวัดไหนเนี่ยนะคะห้ามประชาชนเนี่ย
11-11243-267.wav	จ้ะก็คือ5จังหวัดนะคะ
11-11243-272.wav	งดออกนอกเคหสถานตั้งแต่เวลาห้าทุ่มถึงตี4นะคะเป็นจังหวัดที่6เรียบร้อยแล้ว
11-11243-279.wav	หกจังหวัดสุราษฎร์ธานีหกสิบสองรายนะคะแล้วก็สมุทรสาครหกสิบเอ็ดรายค่ะอือ
11-11243-98.wav	ได้มีการวิเคราะห์สถานการณ์รายจังหวัด
11-11246-153.wav	นายอนุทินนะคะปราศรัยที่ตลาดสมบัติบุรี
11-11248-108.wav	ที่ติดถ้ำหลวงขุนน้ำนางนอนจังหวัดเชียงรายอือ
11-11248-13.wav	ในวนอุทยานถ้ำหลวงขุนน้ำนางนอนอำเภอแม่สายจังหวัดเชียงราย
11-11248-21.wav	คุณูปการให้กับประเทศขนาดนี้ถูกย้ายไปอยู่จังหวัดที่เล็กกว่า
11-11248-22.wav	คือไม่ใช่จังหวัดพะเยาไม่ดีนะครับแต่คุณผู้ชม
11-11248-26.wav	ท่านก็ไปทำให้ลำปางเป็นจังหวัดที่เป็นโมเดล
11-11248-63.wav	เนี่ยข้าราชการอีกหลายคนที่เคยร่วมปฏิบัติการปฏิบัติภารกิจช่วยเหลือน้องน้องที่ติดอยู่ในถ้ำขุนน้ำนางนอนเนี่ยนะ
11-11248-80.wav	อย่างที่เรารู้กันผู้ว่าก็อาจจะมีการโยกย้ายไปจังหวัดอื่น
11-11249-28.wav	โดยตอนนี้นะคะพ่อปุ้งก็ยังปักหลักอยู่ที่จังหวัดเชียงใหม่นะคะ
11-11250-3.wav	นักศึกษาจิตอาสาจากญี่ปุ่นนะคะเดินทางมาที่ประเทศไทยค่ะ
11-11250-4.wav	มาช่วยซ่อมวีลแชร์ของโรงพยาบาลจังหวัดกระบี่
11-11253-5.wav	เขาเดินเข้าไปในบ้านเลขที่105หมู่2ตำบลหนองไม้แดงอำเภอเมืองจังหวัดชลบุรี
11-11259-8.wav	ผู้สื่อข่าวไปพบกับนายจิมตำรวจอาสาสภ.เมืองอุดรธานีก็บอกว่าเหตุการณ์นี้เกิดเมื่อประมาณ23นาฬิกาของ1ตุลาคมค่ะ
11-11260-16.wav	ซ้ายปาดขวาจนมาถึงจุดนี้ค่ะนะคะที่ถนนสุขุมวิทสายเก่ามุ่งหน้าบางปะกงจังหวัดฉะเชิงเทรานะคะ
11-11261-19.wav	ชื่อว่านางสาวบีนามสมมติอายุ39ปี
11-11261-66.wav	ตำรวจกว่า50คน50นายต้องคุ้มกัน
11-11261-9.wav	ตำรวจตามไปจับกุมได้ในพื้นที่จังหวัดลำปาง
11-11262-0.wav	คุณผู้ชมคะไปดูเหตุสลดในพื้นที่จังหวัดร้อยเอ็ดค่ะอือ
11-11262-6.wav	อำเภอโพธิ์ชัยจังหวัดร้อยเอ็ดนะคะซึ่งเจ้าหน้าที่กู้ภัยก็ต้องไปตรวจสอบ
11-11263-14.wav	คือสองคนนี้คือลูกกับภรรยาเนี่ยกำลังจะเดินทางมาหาตัวเขาเอง
11-11263-15.wav	ค่ะเดินทางมาจากสุรินทร์กระทั่งเช้ามืดมีคนโทรบอกว่าภรรยากับลูกเขาเนี่ยเสียชีวิต
11-11263-19.wav	กลับไม่พบชื่อของภรรยากับลูกก็เลยเดินทางไปที่สภ.คลองหลวงไปเช็คอีกครั้งหนึ่ง
11-11263-1.wav	ลาสุดญาติของผู้เสียชีวิตนั้นก็เดินทางไปรับศพแล้ว
11-11263-4.wav	จากเหตุการณ์รถทัวร์สายกรุงเทพพนมไพรจังหวัดร้อยเอ็ดเสียหลักพลิกคว่ำในพื้นที่คลองหลวง
11-11264-105.wav	คุณกรก็เดินทางกลับบ้านเพราะว่าที่จากโรงพยาบาลไปถึงบ้านมันไม่ได้ไกลกันมาก
11-11264-56.wav	คุณกรเนี่ยเขาต้องเดินทางไปที่ภาคอีสาน
11-11265-15.wav	จากมีข้อมูลว่านายอาวินเป็นหนึ่งในขบวนการนำชาวอินเดียเข้ามาประกอบอาชีพค้าขายโดยไม่ได้รับอนุญาตในประเทศไทย
11-11267-10.wav	ที่ชอบเดินทางไปท่องเที่ยวดำน้ำแถบเกาะเต่าที่อยู่ในเขตจังหวัดสุราษฎร์ธานี
11-11267-11.wav	นะก็ถือว่าเป็นอีกหนึ่งจังหวัดที่อยู่ในพื้นที่ที่เป็นเขตอันตรายเช่นเดียวกัน
11-11269-35.wav	ประกอบไปด้วยจังหวัดน่านหนองคายบึงกาฬอุดรธานีสกลนครนครพนมกาฬสินธุ์มุกดาหารยโสธรอำนาจเจริญอุบลราชธานีจันทบุรีตราดพังงาแล้วก็ภูเก็ตนะครับ
11-11272-6.wav	ทางเฟซบุ๊กของโรงพยาบาลเกาะพะงันจังหวัดสุราษฎร์ธานีออกมาโพสต์คลิปวิดีโอนี้
11-11273-10.wav	ตำรวจสภ.เมืองกำแพงเพชรครับเข้าตรวจสอบศพของนายสุริยา
11-11273-18.wav	ก็คือนายอรรถพลหรือว่านายไนท์อายุแค่17ปี
11-11273-28.wav	ทีนี้ตำรวจเข้าตรวจสอบบ้านของนายไนท์
11-11273-35.wav	เบื้องต้นทราบว่านายไนท์ผู้ก่อเหตุนะฮะ
11-11273-45.wav	ผู้ก่อเหตุนึกว่าผู้ตายเป็นแฟนใหม่ของนางสาวฟิวส์
11-11273-55.wav	ส่วนอีกคนชื่อนายบาสยังหลบหนีอยู่นะครับ
11-11273-60.wav	ดักรอนางสาวฟิวส์ซึ่งเป็นแฟนของนายไนท์
11-11273-65.wav	ส่วนนางสาวฟิวส์เนี่ยนั่งซ้อนท้ายรถ
11-11273-71.wav	โดยนายฟิวส์เป็นคนลงมือใช้ขวดตีก่อน
11-11273-81.wav	เออนะครับล่าสุดนะฮะร่างของนายสุริยาผู้เสียชีวิตเนี่ย
11-11273-83.wav	เพื่อรอแพทย์เดินทางมาชันสูตรอีกครั้งหาสาเหตุการเสียชีวิตอย่างละเอียดนะครับ
11-11273-85.wav	เนื่องจากคาดว่ายังอยู่ระหว่างการเดินทางมาจากต่างจังหวัดนะครับ
11-11273-86.wav	เพราะว่าผู้ตายเนี่ยเป็นชาวจังหวัดขอนแก่นแต่มาเสียชีวิตที่กำแพงเพชรนะครับ
11-11274-9.wav	ประมาณ1ปีเนี่ยมักจะเดินทางไปญี่ปุ่นประมาณ3ครั้งนะครับ
11-11276-79.wav	ถ้าตัวเองรักนายข้างหน้าแล้วมีดาวตามหลังอันนี้เรียกว่าเป็นคนต้องนำเขาทำอย่างเดียวเลย
11-11277-63.wav	อำเภอสวรรคโลกจังหวัดสุโขทัยนะครับ
11-11277-65.wav	ในการรับน้ำเหนือต่อจากจังหวัดแพร่
11-11278-34.wav	ที่บริเวณสนามหน้าสำนักงานกาชาดจังหวัดพังงา
11-11278-49.wav	ก็สั่งให้ปลัดพังงาเนี่ยพร้อมกับประชาสัมพันธ์จังหวัดไปตรวจสอบซิ
11-11280-52.wav	ก็คือออกมาก็เป็นคนในคลิปพระเป็นคนเออนางหัวเราะอยู่ก็จริงแต่ก็ไม่ได้คิดอะไร
11-11284-4.wav	ขณะที่เดินทางไปร่วมงาน
11-11285-10.wav	แล้วก็การเดินทางเข้ามาเนี่ยถ้ามีปัญหาอย่างไรก็เดี๋ยวจะแจ้งความคืบหน้าแน่นอน
11-11286-41.wav	ขณะที่เด็กเด็กจากนครศรีธรรมราชและจังหวัดยะลา
11-11286-44.wav	เพราะว่าคณะกรรมการควบคุมโรคประจำจังหวัด
11-11287-75.wav	หลังจากศาลอนุญาตให้ประกันตัวก็เดินทางกลับทันทีนะครับ
11-11290-0.wav	จุดก่อนหน้านั้นก่อนฮะก่อนหน้านั้นก็คือจังหวัดขอนแก่น
11-11290-50.wav	ที่จังหวัดขอนแก่นเขาก็เลยรีวิวให้ดูว่า
11-11290-60.wav	มวลน้ำอะคือถ้าเกิดว่าตอนนี้ไปดูอ่างเก็บน้ำของจังหวัดนครราชสีมา
11-11291-10.wav	หลวงพ่อบ้านแหลมอัญเชิญขึ้นประดิษฐานณวัดบ้านแหลมหรือวัดเพชรสมุทรวรวิหารจังหวัดสมุทรสงคราม
11-11291-5.wav	หรือวัดหลวงพ่อวัดบ้านแหลมจังหวัดสมุทรสงคราม
11-11292-13.wav	อาศรมฤๅษีเณรธาตุพุทธคุณอำเภอบางไทรจังหวัดพระนครศรีอยุธยา
11-11292-28.wav	อะคุณผู้ชมไปอีกที่หนึ่งนะคะคือที่วัดสนามชัยจังหวัดอ่างทอง
11-11292-2.wav	งานนี้มีนางรำ108คนมาบายศรีมารำบายศรีกันสวยงาม
11-11293-94.wav	นายต้องมีความรู้สึกแบบ
11-11294-105.wav	เจ๊เกียวรู้จักนางกุ้งเพราะเป็นลูกค้าประจำ
11-11294-103.wav	ครูปรีชาบอกไม่รู้จักนางกุ้งอือ
11-11294-108.wav	อ้าวแล้วครูปรีชาไม่รู้จักนางกุ้งเหรอ
11-11294-136.wav	ขอเป็นกำลังใจให้ตำรวจทุกนาย
11-11294-173.wav	ผู้การจังหวัดกาญจนบุรี
11-11294-179.wav	จังหวัดกาญจนบุรีว่าแท้จริงแล้วรู้จักหรือสนิทสนมกันแค่ไหน
11-11294-202.wav	จากเรื่องของผู้การจังหวัดที่ครูปรีชาบอก
11-11294-239.wav	จะเดินทางเข้าให้ปากคำกับตำรวจที่กองปราบ
11-11294-252.wav	เอาเป็นว่าคนที่น่าสงสัยที่สุดก็คือพันตำรวจโทนายหนึ่ง
11-11294-264.wav	พาดพิงนายพลตำรวจนายพันตำรวจภาค7ไปอีก
11-11294-273.wav	บอกว่าวันหนึ่งคุณอาศัยนายตำรวจชั้นผู้ใหญ่มาต่อรองมาเจรจาบีบให้ยอม
11-11294-309.wav	แม้แต่ครูปรีชาหมวดจรูญทนายตั้ม
11-11294-31.wav	ทางด้านของผู้การจังหวัดเนี่ยตามคำสั่งแล้วต้องมา
11-11294-36.wav	อยู่ที่จังหวัดเชียงรายนะครับพลตำรวจเอกสุชาติเผยออกมาแบบนี้
11-11294-38.wav	สังคมภาครัฐร่วมเอกชนหรือว่าบรอ.ที่จังหวัดเชียงราย
11-11294-45.wav	รู้ตอนนี้ติดราชการอยู่ที่จังหวัดเชียงรายครับ
11-11294-54.wav	ด้านตำรวจอีก4นายในจังหวัดกาญจนบุรี
11-11294-86.wav	หลังนางกุ้งอ้างว่าเป็นคนที่อยู่ในเหตุการณ์เลย
11-11295-101.wav	แล้ววันดีคืนดีเนี่ยเพื่อนเขาชื่อว่านายณัฐพลบุญเรือง
11-11296-22.wav	ซึ่งเป็นแฟนใหม่ของนายธันวา
11-11296-26.wav	นายธันวา1ใน3ของผู้ที่ไปถูกรุมไปรุมทำร้ายเขาเนี่ย
11-11296-30.wav	ที่นายสมบัติมาทวงค่าแรงให้ญาติใช่ไหม
11-11296-57.wav	เอ้าด้านผู้บาดเจ็บนายสมบัติเปิดเผยว่าทุกอย่างอยู่ในดุลพินิจของศาล
11-11297-0.wav	ที่อำเภอจะนะจังหวัดสงขลาค่ะคือมีคนร้ายเนี่ยทำทีเป็นว่านัดกับเจ้าหนี้
11-11297-13.wav	คนซ้อนลงจากรถแล้วตะโกนเรียกชื่อนายชูสิทธิ์แต่เขาเรียกว่าบังบังบัง
11-11297-18.wav	นายชูสิทธิ์หรือบังยาก๊บคือก่อนเกิดเหตุมีคนโทรหาผู้เสียชีวิต
11-11297-32.wav	ทีมข่าวของเราได้คุยกับเจ้าของร้านนะคะนางสาวน้ำชงนามสมมุติ
11-11297-55.wav	ส่วนน้องสาวของผู้เสียชีวิตขอใช้เป็นนามสมมุติเรียกว่านางสาวน้ำหวานนะคะ
11-11297-4.wav	ผู้เสียชีวิตคือนายชูสิทธิ์ขาวมณีหรือบังยก๊บอายุ42
11-11297-5.wav	สงขลาหน้าร้านน้ำชาที่บ้านคลองขาตำบลนาทับอำเภอจะนะจังหวัดสงขลา
11-11297-84.wav	ร่างของนายชูสิทธิ์ผู้เสียชีวิตเนี่ยนะคะ
11-11300-40.wav	ทีนี้มีอีกคนนึงนางจำลองเป็นเพื่อนสนิทของลุงพลค่ะ
11-11301-12.wav	อำเภอเมืองจังหวัดกระบี่เนี่ยระดมกำลังกันเลย
11-11301-15.wav	แล้วทีนี้ทางด้านน้องสาวของคุณตาคือนางยุภาพร
11-11301-27.wav	คือนายดอลละแน่นอนก็ตามหาตัวจน4ทุ่มครึ่งค่ะคุณผู้ชม
11-11303-7.wav	ส่วนนี้เลยคนนี้นะคะพระเอกของเราพระเอกหน้าหล่อนายนพัฒน์นะคะยอมรับตรงเลยล่ะว่าเหมือนยกภูเขาออกจากอกเลย
11-11304-1.wav	สิบสองทีมสุดท้ายนะครับเดินทางเข้าสู่นัดที่สี่
11-11306-21.wav	เพื่อเป็นต้นแบบในการใช้ใน3จังหวัดชายแดนภาคใต้ค่ะ
11-11309-9.wav	ที่ร้านบะหมี่ของพี่โหน่งที่จังหวัดนครนายกนะ
11-11310-3.wav	โดยวันแรกของงานก็มีผู้เข้าชมอย่างคึกคักทีเดียวนายโอภาสเฉิดพันธุ์นะครับ
11-11311-36.wav	ที่จังหวัดนครราชสีมาครับ
11-11312-18.wav	คนเจ็บชื่อว่านายอุเทนสายบัวอายุ34ค่ะ
11-11312-20.wav	ตามหมู่บ้านที่ชำรุดที่รุงรังอือของการไฟฟ้าส่วนภูมิภาคจังหวัดลพบุรี
11-11312-30.wav	แล้วก็มีคนมาช่วยแล้วก็พาส่งโรงพยาบาลค่ะนายอุเทนบอกว่าการปฏิบัติหน้าที่ก็ทำตามกฎทุกอย่างนะ
11-11312-33.wav	นายอุเทนบอกว่าถ้าตัดไฟก่อนเนี้ยมันตัดไฟทั้งชุมชนเลยนะอืม
11-11313-15.wav	ต่อมาเนี่ยบุตรชายของผู้เสียชีวิตรู้ข่าวเดินทางมา
11-11313-16.wav	แต่ว่าลูกชายกับพ่อเนี่ยอยู่คนละที่กันนะฮะเดินทางมาโอ้โห
11-11313-20.wav	เช้าวันนี้จะเดินทางไปเก็บกระดูกของคุณแม่ที่วัด
11-11313-8.wav	ผู้เสียชีวิตก็เป็นร่างของนายสมชายปรีกรานหรือว่าเล็กอายุ40ปี
11-11316-1.wav	ตำรวจสน.วังทองหลางเนี่ยนำกำลังไป40กว่านาย
11-11316-8.wav	ทั้งหมดหกสิบสองคนอ่ะค่ะมารวมกันอยู่อ่ะนี่ฮะมีนายจินนะอายุหกสิบสาม
11-11318-103.wav	จากคลิปนี้นะคะทีมข่าวของเราก็เดินทางไป
11-11318-105.wav	แต่ตำรวจหญิงนายนี้ไม่สะดวกที่จะชี้แจง
11-11318-120.wav	ก็ให้ข้อมูลบอกว่าจากคลิปนายตำรวจที่ตรวจจับ
11-11318-124.wav	ไม่ยอมไปตรวจที่กองกำกับการ5แต่ไปตรวจที่ขนส่งจังหวัดพิษณุโลกอือ
11-11318-140.wav	สังเกตว่านายตำรวจหญิงท่านเนี่ยที่ถามอะนอกจากสงสัยเรื่องไอ้วันสองวัน
11-11318-154.wav	นายสุรสินธุ์เนตรภาพหัวหน้าฝ่ายตรวจสภาพรถ
11-11154-472.wav	สุดท้ายคนนี้นางรักของนางจริงๆเออ
11-11172-29.wav	เราก็สบายใจเอาจริงๆนะถ้าเกิดว่าดิฉันเป็นคนที่เดินทางกลับมาจากประเทศ
11-11204-8.wav	ซึ่งถ้าหากว่าเดินทางมาแข่งขันที่ไทยจริงๆก็จะต้องถูกกักตัว14วัน
11-11248-124.wav	บอกว่าช่วยมาตรวจสอบโครงการต่างๆในจังหวัด
11-11264-47.wav	เขาจะต้องเดินทางไปที่ไซต์งานต่างๆ
11-11265-18.wav	ซึ่งชาวอินเดียที่เดินทางเข้ามาในประเทศไทยในฐานะนักท่องเที่ยวแต่ต้องการประกอบอาชีพต่างๆจะต้องจ่ายเงินให้กับนายหน้าชาวอินเดียด้วยกัน
11-11295-27.wav	พอจังหวัดประกาศงดจัดงานต่างๆเนี่ยนะ
11-11201-38.wav	แต่ญาติๆบอกว่าที่นายเบนซ์ตามยายเข้าไปเนี่ยแล้วไปทำร้ายยาย
11-11318-155.wav	สำนักงานขนส่งจังหวัดพิษณุโลกนี่ต้นทางสุดๆเลยอ่านะฮะ
11-11318-158.wav	ยืนยันว่าเป็นเอกสารที่สำนักงานขนส่งจังหวัดพิษณุโลกออกให้จริงอือ
11-11318-15.wav	ไปตรวจที่ขนส่งจังหวัดพิษณุโลกเหมือนเดิม
11-11318-160.wav	มีการตรวจและต่อภาษีที่สำนักงานขนส่งจังหวัดพิษณุโลกนะฮะ
11-11318-164.wav	ก็เป็นเอกสารที่ออกมาจากสำนักงานขนส่งจังหวัดพิษณุโลกนะครับ
11-11318-59.wav	ช่วงเดือนมีนาคมที่ขนส่งจังหวัดพิษณุโลกแล้วก็ตอนไปจ่ายภาษีก็ต้องตรวจสอบสภาพรถ
11-11318-68.wav	ไปตรวจที่เดิมนะคะที่ขนส่งจังหวัดพิษณุโลกไปตรวจซ้ำอีกครั้งหนึ่งครับผลออกมาอยู่ที่3
11-11318-6.wav	ตั้งแต่เดือนมีนาคมไปตรวจที่ขนส่งจังหวัดพิษณุโลก
11-11319-24.wav	แต่ว่าเอาตรงๆคือพี่ดิวนางเป็นคนที่ใช้ชีวิตของนาง
11-11319-25.wav	ด้วยแบบความชัดเจนด้วยความที่นางเป็นตัวนางอ่ะ
11-11319-26.wav	เวลานางทำอะไรกวางเชื่อว่านางคิดมาก่อนทุกอย่างแล้ว
11-11319-7.wav	ของนางร้ายหน้าสวยดิวอริสรา
11-11322-22.wav	นำร่างของนายพรชัยจรเอกาอายุ33ปี
11-11322-24.wav	นายสมทรงชุมเสนาอายุ33ปีคนขับรถพ่วง18ล้อระบุว่า
11-11322-38.wav	ได้รับบาดเจ็บนอนอยู่กลางถนนสัจกุลในเขตเทศบาลนครหาดใหญ่จังหวัดสงขลา
11-11322-46.wav	เช่นเดียวกับอุบัติเหตุที่เกิดขึ้นในพื้นที่ตำบลคลองกิ่วอำเภอบ้านบึงจังหวัดชลบุรี
11-11322-52.wav	นายนัทพงศ์แสงอรุณอายุ27ปีคนขับรถเก๋งอ้างว่า
11-11323-6.wav	จังหวัดสิงห์บุรีไปที่ห้องศูนย์ปฏิบัติการงานสืบสวน
11-11325-29.wav	นายวิโรจน์ลักขณาอดิศรส.ส.บัญชีรายชื่อก้าวไกลนะ
11-11325-46.wav	10โมงกว่านายรังสิมันต์โรมสสบัญชีรายชื่อพรรคก้าวไกลระบุว่า
11-11327-19.wav	นักศึกษา11คนของมหาวิทยาลัยขอนแก่นต้องการเดินทางกลับขอนแก่น
11-11327-34.wav	ทางด้านของหัวหน้ากลุ่มงานวิชาการสำนักงานขนส่งจังหวัดขอนแก่น
11-11327-35.wav	นายธวัชชัยวิริยะจิตต์บอกว่ารถทัวร์คันนี้นะ
11-11327-37.wav	โดยทางสำนักงานขนส่งจังหวัดนครราชสีมาได้เรียกผู้ประกอบการไปพบแล้ว
11-11331-27.wav	เหตุการณ์นี้เกิดขึ้นที่ถนนเลียบคลองในอำเภอเมืองจังหวัดเพชรบูรณ์นะครับ
11-11332-0.wav	ที่แข่งกันที่จังหวัดบุรีรัมย์นะคะ
11-11333-23.wav	จังหวัดสกลนครนะคะคุณเห็นนะคะหนุ่มสาวชาวบ้านเกือบร้อยคนนะคะ
11-11333-76.wav	คำสั่งจังหวัดสกลนครที่กำหนดให้การรวมกลุ่มบุคคลหมู่มาก
11-11333-79.wav	พลตำรวจตรีสมประสงค์พิมพิลาผู้บังคับการตำรวจภูธรจังหวัดสกลนคร
11-11333-82.wav	ศปก.อือกองบังคับการตำรวจภูธรจังหวัดสกลนครแล้ว
11-11334-50.wav	และเมื่อวานเนี่ยเป็นเวลาที่ต้องเดินทางมาฟังผลการตรวจ
11-11337-48.wav	แรงระเบิดทำให้ไฟลามไปที่ตัวนายบัวลอย
11-11338-23.wav	บ้านโนนสง่าอำเภอเขาสวนกวางจังหวัดขอนแก่นนะครับ
11-11339-1.wav	เดินทางถึงเมลเบิร์นแล้วนะคะและหลังจากที่อัยการสูงสุดของไทย
11-11339-7.wav	ค่ะซึ่งก็ถือเป็นคู่ปรับสำคัญที่แฟนลูกยางเฝ้าติดตามจะแข่งขันกันที่อาคารชาติชายฮอลล์จังหวัดนครราชสีมาค่ะ
11-11340-7.wav	ดินอำเภอโพธารามจังหวัดราชบุรี
11-11341-18.wav	ผู้สื่อข่าวได้รับการร้องเรียนจากนางสาวเอ
11-11341-20.wav	ชาวอำเภอพลับพลาชัยจังหวัดบุรีรัมย์
11-11341-24.wav	นางสาวเอเนี่ยก็เอาแชทที่แชทกับพระเนี่ยเปิดให้เราดู
11-11342-84.wav	ก็คือว่าเพราะฉะนั้นต่อให้มีกรณีการปิดประวัติการเดินทาง
11-11343-0.wav	คุณผู้ชมคะมาติดตามความคืบหน้าสำหรับคดีที่เกิดขึ้นที่จังหวัดสระแก้ว
11-11343-12.wav	เธอกับสามีใหม่ซึ่งก็คือนายวิทยานอนหลับสนิทอยู่ในห้องเช่า
11-11343-13.wav	อยู่ๆสามีเก่าของเธอนายสมานเนี่ยขี่มอเตอร์ไซค์มากับลูกสาวด้วยนะคะ
11-11343-15.wav	นายสมานก็พุ่งตัวเข้าไปในห้องแล้วก็เข้าไปกระทืบสามีใหม่ที่นอนหลับอยู่เลย
11-11343-24.wav	วนรถกลับมาเหยียบร่างนายวิทยาซ้ำไปอีก
11-11343-56.wav	ส่วนลูกสองคนเนี่ยอยู่กับนายสมาน
11-11343-69.wav	ทีนี้ไปดูอาการของนายวิทยาสามีใหม่กันหน่อยนะคะ
11-11343-9.wav	ตอนนี้ภรรยานะพอจะให้การได้แล้วภรรยาก็คือนางแววนะคะ
11-11344-12.wav	ที่จังหวัดโพธารามจังหวัดราชบุรีเป็นเวลา3คืนค่ะ
11-11344-21.wav	ซึ่งตอนนี้ครอบครัวก็กำลังเดินทางไปรับร่างของคุณพ่อที่เกาะสมุยนะ
11-11345-11.wav	ซึ่งเป็นผู้ใหญ่บ้านหมู่4ที่ตำบลโคกหล่อจังหวัดตรังนะฮะ
11-11345-13.wav	ก็คือนางดวงพรแสงเงินอายุ58ปีนะครับ
11-11345-1.wav	เป็นผู้ใหญ่บ้านที่หมู่4ตำบลโคกหล่อจังหวัดตรัง
11-11345-63.wav	เคยมีนางเพราะไม่เคยมีเหตุร้ายนี้อยู่กันมา
11-11345-75.wav	ทีนี้ฮะด้านของนายชอบอดีตผู้ใหญ่บ้านหมู่4นะครับ
11-11348-1.wav	ที่จังหวัดสมุทรปราการแล้วมีคนไปเจอและจุดที่ทิ้งเนี่ย
11-11348-6.wav	จุดนี้คือซอยวัดสำโรงเหนืออำเภอพระประแดงจังหวัดสมุทรปราการ
11-11351-0.wav	ไปดูเหตุทะเลาะกันหน่อยนะคะที่เกิดขึ้นที่จังหวัดนครศรีธรรมราชค่ะ
11-11353-10.wav	ที่ทั้งหมดนั้นนะคะมีความเชื่อมโยงกับตลาดอาหารทะเลในจังหวัดสมุทรสาครค่ะ
11-11353-15.wav	แล้วก็เดินทางมาจากต่างประเทศ9รายค่ะ
11-11353-18.wav	ล้วนมีความเชื่อมโยงกับตลาดอาหารทะเลในจังหวัดสมุทรสาครค่ะ
11-11353-20.wav	แล้วก็กระจายไปจังหวัดรอบนะคะทั้งกรุงเทพฯนครปฐมและก็สมุทรปราการค่ะ
11-11353-29.wav	และในส่วนจังหวัดสมุทรสาครนั้นนะคะ
11-11353-34.wav	สมุทรสาครนะคะเป็นจังหวัดเล็กที่เศรษฐกิจใหญ่อันดับ6ของประเทศค่ะ
11-11353-55.wav	สำหรับจังหวัดสมุทรสาครนะคะรู้กันไหมคะว่า
11-11353-56.wav	จังหวัดเล็กๆที่มีขนาดพื้นที่872จุด3ตารางกิโลเมตรนี้
11-11353-59.wav	โดยสมุทรสาครนะคะเป็นจังหวัดที่มีขนาดเศรษฐกิจใหญ่ที่สุดเป็นอันดับ6ของประเทศ
11-11353-67.wav	ในส่วนประมาณการเศรษฐกิจจังหวัดสมุทรสาครนะคะ
11-11353-77.wav	ซึ่งเดินทางมาจากเมียนมานั่นเองค่ะ
11-11353-80.wav	กลับเป็นแม่ค้าปลาอายุ67ปีค่ะที่เดินทางไปตรวจที่โรงพยาบาล
11-11353-96.wav	เหมือนอย่างที่เราเห็นในจังหวัดสมุทรสาครนี้นั่นเองค่ะ
11-11354-23.wav	ทางด้านเจ้าหน้าที่กู้ภัยหญิงสาวก็เดินทางมาพร้อมกับกรงใช้อุปกรณ์ในการจับงูกดลงไปที่หัวงูเหลือม
11-11354-3.wav	ตำบลบางพลับอำเภอโพทองจังหวัดอ่างทองนะคะ
11-11358-39.wav	แล้วก็มีอดีตผู้สมัครส.ส.พรรคก้าวไกลทั้ง3เขตของจังหวัดพะเยามาร่วมชุมนุมด้วย
11-11359-7.wav	นายถนอมโพธิกุลนายกสมาคมชาวไร่อ้อยจังหวัดเพชรบูรณ์
11-11361-11.wav	ไปพบนางศรีน้อยประภาพันธ์อายุ73เป็นแม่ของเจ้าของบ้าน
11-11361-22.wav	ต่อมานะครับนายเบญจรงค์ถูกจับในคดีลักทรัพย์
11-11361-25.wav	นางศรีน้อยเชื่อว่าที่นายเบญจรงค์เก็บศพลูกไว้
11-11361-27.wav	ส่วนผู้ที่ทราบว่านายเบญจรงค์เป็นคนเก็บศพทารกไว้
11-11361-28.wav	เชื่อว่าเป็นอ่าสามีนะฮะของเธอของนางศรีน้อยที่เพิ่งจะเสียชีวิตไป
11-11361-37.wav	หลังจากนี้เจ้าหน้าที่จะติดตามตัวแฟนของนายเบญจรงค์มาสอบสวนนะครับ
11-11361-39.wav	มีประวัติการผ่าคลอดแฟนของนายเบญจรงค์จริงหรือเปล่าครับ
11-11362-12.wav	ที่ถนนเพชรเกษมฝั่งขาออกที่ตำบลอ้อมน้อยอำเภอกระทุ่มแบนจังหวัดสมุทรสาครนะคะ
11-11362-41.wav	ตามเส้นทางที่นักเรียนอาชีวะเขาใช้เป็นเส้นทางในการเดินทาง
11-11367-23.wav	ครูแป้งมีชื่อว่านางสาวจันทร์จิราใจงามนะคะ
11-11367-24.wav	เป็นครูโรงเรียนวัดบุณฑริการามอำเภอเกาะสมุยจังหวัดสุราษฎร์ธานี
11-11144-73.wav	อีกอย่างหนึ่งก็คือชุดสืบสวนเองก็ยังไม่ปักใจเชื่อในคำให้การของนายเข็มค่ะ
11-11144-74.wav	เพราะว่ายาฆ่าหญ้าที่นายเข็มนำมาแล้วก็อ้างว่าดื่มได้นั้นนะ
11-11367-43.wav	กระเป๋าเสื้อผ้าก็อยู่คือกระเป๋าเสื้อผ้าเนี่ยเหมือนเตรียมพร้อมเดินทางอะค่ะ
11-11367-4.wav	เป็นครูอยู่ที่โรงเรียนที่เกาะสมุยจังหวัดสุราษฎร์ธานีนะคะ
11-11368-26.wav	อำเภอเมืองจังหวัดกระบี่เป็นร้อยคนนะคะ
11-11368-35.wav	เรือท่องเที่ยวให้นำนักท่องเที่ยวเนี่ยขึ้นฝั่งทันที
11-11368-38.wav	ผู้ว่าราชการจังหวัดกระบี่ก็สั่งการให้เจ้าหน้าที่ออกประกาศเลยค่ะ
11-11368-44.wav	นอกจากนี้ก็มีการสั่งการให้ทางแขวงการทางจังหวัดกระบี่
11-11368-51.wav	แหล่งท่องเที่ยวทางทะเลทุกเกาะในทะเลกระบี่เลย
11-11371-32.wav	พอสอบถามก็พูดแต่ว่ามาจากประเทศไทยจังหวัดหนองคาย
11-11371-38.wav	ไปที่สำนักงานพระพุทธศาสนาที่จังหวัดขอนแก่น
11-11372-11.wav	นะครับโดยนายสมคิดจาตุศรีพิทักษ์รองนายกรัฐมนตรีนะครับ
11-11372-17.wav	นี่รองนายกสมคิดเนี่ยย้ำแบบนี้
11-11372-1.wav	วันนี้นายสมคิดจาตุศรีพิทักษ์
11-11372-29.wav	กรณีของนายอุตมะสาวนายนรัฐมนตรีอุตสาหกรรม
11-11372-30.wav	แล้วก็นายสนธิรัตน์สนธิจิรวงศ์รัฐมนตรีพาณิชย์เนี่ย
11-11372-31.wav	เดินทางเข้าพบนายสุชาติตันเจริญ
11-11372-35.wav	คือผมรู้จักนะนายสุชาติเนี่ย
11-11372-41.wav	ก็นายสมคิดบอกว่าอย่างคุณเนวินเอง
11-11372-47.wav	เพราะเป็นจังหวัดคนยากจนที่สุดของประเทศไทยนะครับ
11-11372-74.wav	นายสมชายชาญณรงค์กุลอธิบดีกรมส่งเสริมการเกษตร
11-11372-81.wav	และคนที่5ก็คือนายธวัชชัยเทิดเผ่าไทย
11-11372-8.wav	นายสมคิดจาตุศรีพิทักษ์บอกแหม
11-11373-20.wav	ได้แก่นายนิสามณีเลิศวรพงศ์
11-11373-24.wav	นางสาวคะนึงนิจจักรสมิทธานนท์หรือว่ารถเมล์
11-11373-25.wav	นางสาวชีรณัฐยูสานนท์หรือว่าน้ำชา
11-11373-4.wav	ของนางสาววรรณภาพวงสนและนายกรพวงสน
11-11376-43.wav	บริเวณกลางถนนนะครับพบศพนางสาวพยอม
11-11377-13.wav	ไม่ได้ลืมแต่ลืมจังหวัดคือภาพจำชาร์ล็อตคือชุมพรไง
11-11377-14.wav	แล้วก็พิจิตรใบพลูลืมจังหวัดแต่ไม่ได้ลืมคน
11-11377-4.wav	ลืมจังหวัดแต่ไม่ได้ลืมคนลืมก็คือลืม
11-11379-35.wav	แต่ที่จังหวัดราชบุรีอันนี้ไม่ต้องบังคับเลยนะครับ
11-11379-38.wav	ซึ่งที่อุทยานหินเขางูแห่งนี้เป็นอีกหนึ่งแหล่งท่องเที่ยวของจังหวัด
11-11379-44.wav	ภายในสวนสัตว์เปิดเขาเขียวอำเภอศรีราชาจังหวัดชลบุรี
11-11379-68.wav	คือนายพรเลิศเพชรสุวรรณอายุ41ปี
11-11379-70.wav	อำเภอกาญจนดิษฐ์จังหวัดสุราษฎร์ธานีค่ะ
11-11382-31.wav	นางจุฬารัตน์ที่เป็นเจ้าของร้านขายยำขนมจีนนะครับ
11-11383-10.wav	คุณตาท่านอาศัยอยู่ที่หมู่บ้าน2ชั้นตำบล2ชั้นอำเภอกระสังจังหวัดบุรีรัมย์ฮะ
11-11383-120.wav	ทางด้านของกันจอมพลังคุณคือนายกัณฐัศว์พงศ์ไพบูลย์เวชย์นะฮะ
11-11383-122.wav	ล่าสุดเดินทางไปเข้าให้ความช่วยเหลือคุณตาแล้วนะครับ
11-11383-124.wav	แล้วก็ต้องประสานละฮะเจ้าหน้าที่พม.ในพื้นที่ในจังหวัดและก็หน่วยงานในท้องถิ่นนะครับ
11-11383-26.wav	ลูกชายก็คือนายบุญเสริมอายุ42ปี
11-11383-29.wav	คือนางสมศรีอายุ53ทำอาชีพขอทาน
11-11383-31.wav	อีกคนคือนายบุญส่งเสียชีวิตไปแล้ว
11-11383-32.wav	อีกคนคือนางโต๊ดอายุ45ปีแต่งงานไปแล้ว
11-11383-34.wav	นายบุญเสริมอายุ42ปีปัจจุบันนี้แหละฮะ
11-11383-38.wav	แล้วก็มีนายมานพอายุ37ปีคนนี้พิการครับ
11-11383-40.wav	มีนางนิดอายุ34ปีพิการทางสมอง
11-11383-49.wav	คือนายบุญส่งลูกชายคุณตา
11-11383-51.wav	ที่เสียชีวิตไปเพราะว่านายบุญส่ง
11-11383-82.wav	ส่วนนายบุญเสริมนะครับซึ่งเป็นลูกชาย
11-11386-18.wav	จังหวัดนั้นก็มีจังหวัดนี้ก็มีแล้วไม่ได้โดนเฉพาะตัวการ์ตูนที่
11-11386-461.wav	เป็นบริษัทยักษ์ใหญ่เนี่ยจะมอบให้นายไพบูลย์คุณจอมขวัญหรือน้องเออะไร
11-11387-12.wav	ในป่ามะขามแห่งหนึ่งในพื้นที่หมู่6ตำบลบ้านโคกอำเภอเมืองจังหวัดเพชรบูรณ์
11-11387-4.wav	ตำรวจภูธรบ้านโคกจังหวัดเพชรบูรณ์นะครับรับแจ้งว่ามีการไปเจอศพผู้หญิงคนหนึ่งถูกซุกเสียชีวิตอยู่ในท่อคอนกรีตที่บริเวณป่า
11-11389-16.wav	ได้คุยกับนายคณิตชารีวงอายุหกสิบหกปีบอกว่าอ่าเมื่อก่อนเนี่ย
11-11389-27.wav	ซึ่งนายคณิตบอกว่าเขาเคยเห็นดวงไฟขึ้นมาที่บริเวณพื้นที่แถวนี้เหมือนกันนะครับ
11-11389-37.wav	นางเสือธิชัยอายุแปดสิบสี่ปีแล้วนะครับเป็นผู้เฒ่าผู้แก่ในหมู่บ้าน
11-11390-10.wav	คนขับรถ10ล้อนายอุดมศักดิ์น้อยนบอายุ49ก็บอกว่า
11-11390-25.wav	ผู้เสียชีวิตก็คือนายจีรวัตรหรือว่าน้องดรีมนะฮะ
11-11390-8.wav	ผู้เสียชีวิตชื่อว่านายจิรวัตรไรอุดมอายุ19ปี
11-11391-12.wav	จังหวัดชลบุรีที่ปั๊มน้ำมันแห่งหนึ่งริมถนนกาญจนาภิเษก
11-11391-13.wav	อำเภอบางใหญ่จังหวัดนนทบุรี
11-11391-18.wav	ท่านผู้บังคับการตำรวจภูธรจังหวัดชลบุรีมาร่วมสอบปากคำ
11-11391-27.wav	กับกลุ่มนายวุฒิกรพรมแจ้หรือว่ากรอายุ52ปี
11-11391-3.wav	ตำรวจภูธรจังหวัดชลบุรีครับวางแผนล่อซื้อยาเสพติด
11-11392-101.wav	ว่าโครงกระดูกนี้คือนางสาวกลิ่นเกษรอันนี้ถึงจะเดินหน้าต่อไปได้ครับ
11-11392-124.wav	แม่ของนางสาวกลิ่นเกษรที่เก็บจากกระพุ้งแก้ม
11-11392-126.wav	อ่าซึ่งตอนนี้ตรวจอยู่ที่สำนักพิสูจน์หลักฐาน1จังหวัดปทุมธานีนะฮะ
11-11392-133.wav	จนถึงวันที่พบศพนะฮะน้าสาวของนางสาวกลิ่นเกษร
11-11392-135.wav	เพราะว่านางสาวกลิ่นเกษรเป็นคนจัดกิจกรรมโครงการพี่รักน้อง
11-11392-141.wav	นางสาวกลิ่นเกษรเนี่ยเออหายไปไหน
11-11392-22.wav	เสี่ยคนนี้บอกว่านางสาวกลิ่นเกษรออกไปรับจ้างแต่งหน้า
11-11392-26.wav	นี่ฮะเราได้มาแล้วครับท่านผู้ชมครับนี่คือภาพสุดท้ายเท่าที่จะหาได้และมีอยู่ในขณะนี้ของนางสาวกลิ่นเกษร
11-11392-3.wav	นางสาวกลิ่นเกษรวงษ์สิงห์อายุสามสิบหกปีนะฮะเป็นเซลล์ขายปุ๋ยอืม
11-11392-48.wav	ก็คือว่าระหว่างที่นางสาวกลิ่นเกษรผู้ตาย
11-11392-52.wav	ผู้ตายไปรู้จักกับผู้ชายคนนึงซึ่งเป็นชาวจังหวัดสุพรรณบุรี
11-11392-61.wav	เสี่ยก็เลยส่งคนไปสะกดรอยตามไปทุกที่ที่นางสาวกลิ่นเกษรเดินทางไป
11-11392-62.wav	แล้วก็ไปเจอนางสาวกลิ่นเกษรกับผู้ชายคนนั้นนะที่อยู่ที่พิจิตรและเพชรบูรณ์ที่มีไร่อยู่เนี่ย
11-11392-64.wav	หลังจากเสี่ยรู้ความจริงได้ติดต่อไปหานางสาวกลิ่นเกษรบอกว่าให้มาเคลียร์กันที่สระบุรี
11-11392-66.wav	ส่งคนไปรื้อข้าวของที่ร้านสเต็กแล้วก็ร้านเช่าชุดไทยของนางสาวกลิ่นเกษรทิ้ง
11-11392-70.wav	ค่ะหมายถึงบ้านของฝ่ายนางสาวกลิ่นเกษร
11-11392-71.wav	คาดว่าจะเป็นวันที่เห็นนางสาวกลิ่นเกษรเข้าไปในโรงงานปุ๋ยเวลา4ทุ่มนั่นแหละนะครับ
11-11392-73.wav	ใครเป็นคนขับหรือจะมีใครอยู่บ้างในรถหรือนางสาวกลิ่นเกษรอาจจะขับออกไปเองคนเดียว
11-11392-75.wav	ที่ว่าเป็นชายคนสนิทคนสุดท้ายของนางสาวกลิ่นเกษรก่อนจะมีปัญหากับเสี่ยแล้วก็มีข้อมูลว่าอุปกรณ์ที่คนร้ายใช้อำพรางศพนางสาวกลิ่นเกษร
11-11392-79.wav	คุณภูริพัฒน์บุญนิลนักข่าวของเราก็ไปที่บ้านของอดีตคนขับรถเสี่ยอยู่ที่อำเภอพระพุทธบาทจังหวัดสระบุรี
11-11392-80.wav	แต่ไม่เจอตัวนะคะซึ่งก็มีข้อมูลว่าอดีตคนขับรถของเสี่ยคนนี้ก็หายตัวไปพร้อมๆกับนางสาวกลิ่นเกษรผู้ตายแล้วหายตัวไปในช่วงเวลาเดียวกันอือ
11-11392-83.wav	เธอบอกกับคุณภูริพัฒน์ว่ารู้จักกับนางสาวกลิ่นเกษรผู้ตายค่ะอือเพราะว่าเคยไปกินสเต็กที่ร้านของเธออยู่บ่อยๆ
11-11392-84.wav	พอรู้ข่าวว่าเจอกลายเป็นศพอยู่ในรถอยู่ในคลองเธอก็ตกใจมากไม่คิดว่านางสาวกลิ่นเกษรจะมาเสียชีวิตแบบนี้
11-11392-8.wav	ที่จมอยู่ในคลองชลประทานชัยนาทป่าสักที่อำเภอหนองโดนจังหวัดสระบุรี
11-11392-96.wav	เป็นโครงกระดูกของนางสาวกลิ่นเกษรวงษ์สิงห์หรือไม่
11-11392-99.wav	ใช่นางสาวกลิ่นเกษรจริงตอนนี้ให้มีการเร่งรัดไปแล้วค่ะ
11-11393-56.wav	เดินทางมาได้โดยเตรียมบัตรประชาชนนะคะ
11-11394-34.wav	เราไม่ได้แพลนว่าที่นี่เดินทางยังไง
11-11396-55.wav	ส่วนทรัพย์สินของนายกฤษฎาบุญราชเนี่ย
11-11396-80.wav	ใช่ค่ะนายกอบศักดิ์ภูตระกูลรัฐมนตรีประจำสำนักนายกรัฐมนตรี
11-11396-82.wav	ส่วนนายสุวพันธุ์ตันยุวรรธนะรัฐมนตรีประจำสำนักนายกนะคะ
11-11398-383.wav	ทนายเกิดผลค่ะคืออันนี้เป็นสิ่งที่ไม่ได้ใหม่หรอก
11-11399-10.wav	จากการสอบสวนนายภาณุวัฒน์คนขับรถกระบะบอกว่าได้ขับรถออกมาจากทางเบี่ยงค่ะ
11-11399-13.wav	จนรถของนายภาณุวัฒน์เนี่ยเสียหลักพุ่งตกข้างทาง
11-11399-8.wav	ส่วนนายอุทิศต้นแก้วอายุ48ปีที่เป็นคนขับเนี่ยนะคะก็ได้รับบาดเจ็บ
11-11400-14.wav	ผู้บังคับกองพันทหารราบที่6พร้อมด้วยนายชาติชาย
11-11400-53.wav	ครับตอนนี้ทางขนส่งจังหวัดระยองเนี่ยได้เรียกคนขับรถตู้โดยสาร
11-11400-57.wav	ขนส่งจังหวัดบอกว่าได้เพิ่มความเข้มข้นในการสร้างความปลอดภัย
11-11402-7.wav	ตามจังหวัดต่างไหมคุณดีค่ะครับที่จันทบุรีนะฮะ
11-11400-76.wav	รถโดยสารข้ามจังหวัดหรือว่าอาจจะทางโค้งอาจจะทางเขา
11-11404-21.wav	ที่วังนาคินทร์คำชะโนดด้วยจังหวัดอุดรธานีค่ะ
11-11407-13.wav	ส่วนเรื่องของการเดินทางมาโน่ก็บอกว่า
11-11407-14.wav	แน่นอนมันเป็นการเดินทางที่ดีที่สุด
11-11409-10.wav	บริเวณหมู่2ตำบลบ้านป้อมอำเภอเมืองจังหวัดพระนครศรีอยุธยาเนี่ยมา
11-11409-19.wav	มาจากอำเภอป่าโมกจังหวัดอ่างทอง
11-11409-20.wav	มุ่งหน้าที่อำเภอสำโรงจังหวัดสมุทรปราการนะครับ
11-11409-73.wav	ค่ะอำนวยการสำนักงานเจ้าท่าภูมิภาคสาขาอยุธยานายพีรธรนาคสุข
11-11409-75.wav	โดยเรือเนี่ยเก็บกู้อยู่ระหว่างการการเดินทางจากกรุงเทพมหานคร
11-11410-329.wav	โอ้โหแล้วเดี๋ยวจะพาทุกคนไปตลอนกันต่อที่จังหวัดสุรินทร์
11-11411-2.wav	ที่เขามีร้านเด็ดหลายจังหวัดก็มี
11-11412-138.wav	เราเช็คเพิ่มเติมให้มีคุณบุญทรงที่เดินทางมาถึงแล้วแน่นอนแล้วเนี่ยนะครับ
11-11412-23.wav	เอาเป็นว่าณขณะนี้เรากำลังรออยู่ว่านางสาวยิ่งลักษณ์ชินวัตร
11-11412-25.wav	รับจำนำข้าวจะเดินทางมาถึงเมื่อไหร่นะครับ
11-11412-27.wav	ที่เดินทางมาสังเกตการณ์ในวันนี้และเราก็จะได้พูดคุยกันไปด้วยเลยนะครับ
11-11412-34.wav	เอ่อนางสาวยิ่งลักษณ์ท่านเดินทางออกจากบ้านหรือยัง
11-11412-57.wav	ตอนนี้ทยอยเดินทางมาเพราะว่านัดกันไว้ตอนเช้าครับศาลท่านจะอ่านคำพิพากษา
11-11412-5.wav	ก่อนหน้านี้ก็มีรายงานว่าเดินทางไปถึงแล้ว
11-11413-0.wav	ยังอยู่กันที่เหตุยิงกันตายนะคะแต่ว่าคราวนี้เกิดขึ้นที่จังหวัดพระนครศรีอยุธยา
11-11413-101.wav	บอกว่าสงสารนายชัยสิทธิ์ที่ต้องมาติดคุกเพราะอะไร
11-11144-7.wav	นายวิโรจน์สุขเมืองหรือเข็มอายุ38ปี
11-11413-102.wav	เพราะว่านายชัยสิทธิ์เนี่ยเพิ่งแต่งงานมีครอบครัว
11-11413-104.wav	เหตุการณ์นี้ญาติบอกว่าไม่โกรธนายชัยสิทธิแม้แต่น้อย
11-11413-115.wav	แต่ว่ายังไงก็แล้วแต่นะคะนายชัยสิทธิ์ก็ยิงคนตายแล้วเป็นคดีอาญานะคะค่ะ
11-11413-119.wav	แล้วก็พ้นโทษมาโดยเร็วนะคะส่วนศพของนายพรเทพผู้ตาย
11-11413-15.wav	อุทัยจังหวัดพระนครศรีอยุธยาจุดแรกที่ตำรวจคุมตัว
11-11413-20.wav	ทั้งคู่เนี่ยตกลงไปในคูน้ำข้างบ้านนายชัยสิทธิ์อ้างบอกว่า
11-11413-26.wav	นายชัยสิทธิ์น้องชายค่ะจึงใช้อาวุธปืนเป็นปืนลูกโม่
11-11413-32.wav	นายชัยสิทธิ์มือปืนคนก่อเหตุเนี่ยนะคะถามว่ามีอะไรจะพูดไหม
11-11413-39.wav	ทีนี้ไปพูดคุยกับอาของผู้เสียชีวิตก็คือนางสาวธัญนันท์
11-11413-45.wav	ทีนี้น้องของผู้ตายก็คือนายชัยสิทธิ์มือปืนนี่แหละค่ะ
11-11413-46.wav	เข้ามาห้ามปรามสุดท้ายแล้วนายพรเทพผู้ตายเนี่ย
11-11413-48.wav	หลังเกิดเหตุนายชัยสิทธิ์น้องชายเนี่ยก่อเหตุเสร็จปุ๊บ
11-11413-50.wav	สำหรับญาติๆทุกคนเนี่ยก็บอกว่าเอือมระอากับนายพรเทพผู้ตายไปกันหมด
11-11413-58.wav	เหตุการณ์ที่เกิดขึ้นอาบอกเลยนะคะไม่โทษนายชัยสิทธิ์
11-11413-59.wav	เพราะหากนายชัยสิทธิ์ไม่ตัดสินใจยิงพี่ชาย
11-11413-60.wav	เผลออาจจะเป็นตนหรือนายชัยสิทธิ์
11-11413-61.wav	ที่ถูกนายพรเทพผู้ตายเข้าทำร้ายก็เป็นไปได้ค่ะ
11-11413-75.wav	ทีนี้ค่ะที่วัดหนองไม้ซุงญาติได้นำร่างของนายพรเทพมาประกอบพิธีทางศาสนานะคะ
11-11413-78.wav	นายพรเทพเป็นพี่คนโตค่ะนายชัยสิทธิ์เป็นน้องคนที่สาม
11-11413-81.wav	นายพรเทพไม่ทำงานทำการอะไรวันไหนชาวบ้านมาจ้างไปทำงานทำสวนถางหญ้าก็ไป
11-11413-84.wav	อยู่ไปก็ไม่ได้มีประโยชน์อยู่แล้วนายพรเทพติดยาเสพติดตั้งแต่อายุ15
11-11413-88.wav	แล้วก็นิสัยอารมณ์ของนายพรเทพเนี่ยนะคะ
11-11413-95.wav	นายพรเทพอะเคยมาขอเงินค่ะจะเอาเงินมาซื้อยาบ้า
11-11413-97.wav	ป้าก็เกือบจะถูกนายพรเทพเอาค้อนมาทุบอ่ะ
11-11414-28.wav	เป็นผู้ชายทราบชื่อคือนายถาวรขจรสาย
11-11414-32.wav	จากการสอบถามนายสราวุฒิแก้วปัญญาวงศ์
11-11414-36.wav	จนกระทั่งวันนี้เดินทางมาที่บ่อบำบัดน้ำเสีย
11-11414-56.wav	พบว่านายสมชายแก้วสายอายุ67ปี
11-11415-11.wav	นายสุรชาติบำรุงสุขอาจารย์คณะรัฐศาสตร์
11-11415-36.wav	ขณะที่ทางด้านนายสุรชัยเลี้ยงบุญเลิศชัย
11-11416-29.wav	คือนายศุภชาติถนอมมิตรเป็นอดีตผอ.โรงเรียนเทพมงคลรังษี
11-11416-40.wav	ส่วนคดีที่3ดำเนินคดีกับนายชัชวาลย์
11-11416-42.wav	และ4นายสุนทรลามพัฒน์ถูกจับในข้อหาทำร้ายร่างกายผู้อื่น
11-11416-6.wav	ทางด้านของนายระพีชำนาญเรือเป็นชาวบ้าน
11-11416-7.wav	นำชาวบ้านกว่า40คนที่ไม่พอใจการบริหารงานของนายหงส์ดีศรีเสนครับ
11-11417-36.wav	เพราะว่าเสียเลือดมากตำรวจได้ตามไปตรวจสอบพบนายภัทรดนัย
11-11418-3.wav	บิ๊กแป๊ะนะคะนายเธียรชัยวุฒิธรรมนะคะ
11-11419-12.wav	สวนน้ำของเอกชนแห่งหนึ่งนะครับในพื้นที่ตำบลพระซองอำเภอนาแกจังหวัดนครพนมนะฮะ
11-11421-117.wav	แล้วก็ชายแดนจังหวัดประจวบคีรีขันธ์กันบ้าง
11-11421-11.wav	โดยใช้เส้นทางรอยต่ออำเภอพบพระจังหวัดตาก
11-11421-17.wav	ตำบลเชียงทองอำเภอวังเจ้าจังหวัดตากนะครับ
11-11421-30.wav	ที่หมู่12ตำบลนาบ่อคำที่อำเภอเมืองจังหวัดกำแพงเพชรนะฮะ
11-11421-31.wav	นี่ข้ามจังหวัดไปแล้วนะก็ไปปล่อยทิ้งพวกเขาไว้แบบนี้นะครับ
11-11421-37.wav	ตำบลนาบ่อคำที่อำเภอเมืองจังหวัดกำแพงเพชรนะครับ
11-11421-4.wav	ผู้ได้รับบาดเจ็บและศพเหล่านี้มาจากกรณีของการเกิดอุบัติเหตุที่จังหวัดตากอือ
11-11421-53.wav	รอนะครับแล้วก็คณะเนี้ยเดินทางมาประชุมติดตามเร่งรัดคดี
11-11421-59.wav	เพราะปกติที่ผ่านมาก็มีการลักลอบเดินทางเข้ามาเป็นประจำอยู่แล้ว
11-11421-6.wav	อีกจังหวัดก็คือกำแพงเพชรและพบว่าเป็นแรงงานต่างด้าวด้วยคุณ
11-11421-77.wav	สำหรับรถคันนี้นะฮะผู้ครอบครองชื่อนางสาวนิพา
11-11421-79.wav	ที่อำเภอคลองลานจังหวัดกำแพงเพชร
11-11421-8.wav	กลายเป็นเหตุใหญ่ที่ทางทั้งจังหวัดตากและจังหวัดกำแพงเพชรเนี่ย
11-11422-11.wav	เดินทางมาถึงช่วงเวลาสำคัญ
11-11422-13.wav	ภายในวัดพระธรรมกายจังหวัดปทุมธานี
11-11422-25.wav	ในตำบลโป่งตาลองอำเภอปากช่องจังหวัดนครราชสีมา
11-11422-44.wav	ศาลจังหวัดเลยได้อนุมัติหมายจับพระธัมมชโยเจ้าอาวาสวัดพระธรรมกาย
11-11422-45.wav	ตามคำร้องขอของพนักงานสอบสวนตำรวจภูธรจังหวัดเลย
11-11422-7.wav	ที่มีนายศุภชัยศรีศุภอักษรอดีตประธานสหกรณ์
11-11423-29.wav	หลังเกิดเหตุนายนาเรนทราโมดีนายกรัฐมนตรีอินเดีย
11-11423-31.wav	และล่าสุดผู้นำอินเดียก็เดินทางไปที่เกิดเหตุ
11-11423-5.wav	อยากให้เดินทางกันปลอดภัยก็ขอบคุณทุกข้อความที่ส่งเข้ามานะครับ
11-11424-31.wav	ก็บอกว่านายประยงค์ลุงประยงค์เนี่ย
11-11425-13.wav	บ้านอยู่จังหวัดพะเยาค่ะ
11-11426-12.wav	ว่ามติในการโหวตนายกว่าจะเห็นชอบหรือไม่เห็นชอบ
11-11426-49.wav	ส่วนอีกเรื่องก็คือการเดินทางกลับมาของอดีตนายกทักษิณเนี่ย
11-11426-9.wav	โดยมีนางสาวสุณัฐชาโล่สถาพรพิพิธ
11-11427-108.wav	ครับขณะที่ทางด้านของนางอุตส่าห์วันเพ็ญอายุ60ปีนะครับ
11-11427-109.wav	หลานชายของนายสมชายคนขับเรือเนี่ยได้มีการยืนยันอย่างที่ได้มีการบอกไปนะครับ
11-11427-110.wav	ว่าร่างที่ลอยขึ้นมาคือนายสมชายอย่างแน่นอน
11-11427-111.wav	เพราะว่าเขาบอกว่าจำได้ว่านายสมชายเนี่ยได้ใส่นาฬิกาเรือนนี้
11-11427-12.wav	เรือล่มที่หน้าวัดพนัญเชิงจังหวัดพระนครศรีอยุธยา
11-11427-21.wav	ที่ล่มกลางแม่น้ำสามแยกวัดพนัญเชิงจังหวัดพระนครศรีอยุธยาค่ะ
11-11427-24.wav	เจ้าหน้าที่กู้ภัยเนี่ยเดินทางไปที่จุดพบศพ
11-11427-30.wav	ก็เชื่อว่าน่าจะเป็นศพของนี่แหละนายสมชายธารกุลอายุ64ปี
11-11427-32.wav	ลูกสาวคนโตของนายสมชายรีบเดินทางมาดูศพนะคะ
11-11427-39.wav	นายสมชายยังมีชีวิตซึ่งรูปพรรณสัณฐานการแต่งกายคล้ายคลึงกัน
11-11427-53.wav	ก็ต้องประสานให้พนักงานสอบสวนเดินทางมาชันสูตรพลิกศพเบื้องต้น
11-11427-56.wav	คือศพลอยมาจากจังหวัดพระนครศรีอยุธยา
11-11427-88.wav	ก็คือนายสมชายคนขับเรือเนี่ยจากรายงานข่าวก็ที่มีการยืนยันนะครับ
11-11427-91.wav	บอกว่าศพที่ลอยน้ำเป็นคือนายสมชายเพราะว่าเขาจำได้ชุดที่มีการสวมใส่
11-11427-93.wav	ส่วนผู้สูญหายอีกคนเนี่ยที่คือนางนฤมลเนี่ย
11-11429-31.wav	เป็นโรงเรียนแห่งหนึ่งในจังหวัดภูเก็ตค่ะ
11-11429-40.wav	ขอให้มีตำรวจสักนายไปยืนอยู่ด้วยก็จะดีมากนะคะ
11-11430-148.wav	ทั้งห้าคนนี้แล้วนะคะครับคนพ่อเนี่ยชื่อว่านายนัท
11-11430-150.wav	ชื่อนางสุชาดาพวงชมภูครับลูกทั้งสามคนเนี่ยลูกสาว
11-11430-151.wav	คนกลางนางสาวณัฐจริยาพวงชมภูแล้วก็คนแรกที่แต่งตัวเป็นสามเณร
11-11430-152.wav	8ปีที่แล้วนะคะซึ่งเขาก็ไม่สามารถจะเดินทางกลับประเทศบ้านเกิดได้อยู่แล้ว
11-11430-20.wav	ไปคุยกับพระที่วัดในจังหวัดลพบุรีนะครับท่านให้ข้อมูลนะครับ
11-11433-37.wav	เขาจะเดินทางต่อยังไงมีการเชื่อมต่อยังไง
11-11433-42.wav	เขาต้องเดินทางยังไงครับขึ้นรถไฟฟ้าเหรอครับ
11-11433-75.wav	ผมถามว่าแล้วเขาจะเอาเงินที่ไหนไปเดินทางตรงนั้นอีก
11-11435-11.wav	ให้กับหลวงพ่อโตวัดหลักสี่อำเภอบ้านแพ้วจังหวัดสมุทรสาคร
11-11436-27.wav	ขึ้นที่ร้านสะดวกซื้อแห่งหนึ่งในซอยเรวดี54จังหวัดนนทบุรีนะครับ
11-11439-0.wav	ดูเรื่องนี้หน่อยอันนี้เป็นเรื่องมาจากเพจดังจากจังหวัดนครสวรรค์นะคะ
11-11439-31.wav	สำนักพระพุทธศาสนาจังหวัดนครสวรรค์
11-11440-138.wav	ส่วนเรื่องคดีนะคะพลตำรวจตรีชยุตมารยาทผู้บังคับการตำรวจภูธรจังหวัดปทุมธานี
11-11439-6.wav	ผ่านทางแฟนเพจออกมาร้องเรียนให้วัดชื่อดังในจังหวัดนครสวรรค์ชี้แจงค่ะ
11-11440-13.wav	มีบัตรนักศึกษานะครับระบุชื่อนายสรยุทธ์พิมมณีวันอายุ25ปีนะครับ
11-11440-26.wav	ชื่อนายสมศักดิ์อายุ38ปีนะครับบอกว่าช่วงตอนเที่ยงวันนี้
11-11440-46.wav	ทีมข่าวของเราก็ลงพื้นที่ไปที่สภ.ประตูน้ำจุฬาลงกรณ์นะคะนางทัศนีย์พิมมณีวันแม่ของผู้ตายค่ะ
11-11440-88.wav	ไปคุยกับนายองอาจทัพบุรีประธานหลักสูตรค่ะ
11-11440-90.wav	ช็อกมากกับการเสียชีวิตของนายสรยุทธ์
11-11440-9.wav	ในพื้นที่ตำบลประชาธิปัตย์นะครับอำเภอธัญบุรีจังหวัดปทุมธานีนะครับ
11-11442-32.wav	ซึ่งกลุ่มนี้นะฮะมี37จังหวัดห้ามจัดกิจกรรมรวมกลุ่มมากกว่า20คน
11-11442-34.wav	คุณผู้ชมอยู่จังหวัดไหนต้องตรวจสอบดูนะ
11-11442-36.wav	บางทีไปฟังข่าวฟังข่าวไปสับสนว่าจังหวัดอื่นเขาทำได้ตัวเองทำบ้าง
11-11443-20.wav	ทีนี้นายกเทศมนตรีเทศบาลเมืองปากพนังนายขวัญชัยรอดมณี
11-11443-26.wav	ที่จังหวัดตรังต้องระดมขนข้าวของช่วยพี่ศาสิทรเขา
11-11444-13.wav	แถบจังหวัดสุราษฎร์ธานีลงมานี่แหละค่ะ
11-11445-0.wav	สนับสนุนโดยมาร่วมสร้างท่องเที่ยวไทยให้ยั่งยืนสุขทันทีที่เที่ยวไทยโมเมนต์ที่ใช่สร้างได้ไม่ต้องรอ
11-11448-0.wav	เดี๋ยวไปดูกันหน่อยกับเรื่องราวลี้ลับกันที่จังหวัดอ่างทอง
11-11448-8.wav	อำเภอไชโยจังหวัดอ่างทองนะครับค่ะ
11-11451-14.wav	ขณะที่นางสาวปนัดดาเปิดเผยบอกว่า
11-11451-7.wav	ที่บ้านของนางสาวปนัดดาเพชรอาวุธอายุ22ปี
11-11453-35.wav	ทยอยเดินทางมาลงทะเบียนเพื่อเข้ารับการรักษาอย่างต่อเนื่อง
11-11454-28.wav	ทางจังหวัดก็ต้องส่งกลับไปที่พักก็คือตลาดกลางกุ้ง
11-11454-4.wav	ออกมาแถลงอาการล่าสุดของนายวีระศักดิ์วิจิตร์แสงศรี
11-11456-17.wav	อยู่บ้านห้วยสำราญจังหวัดอุดรธานี
11-11456-28.wav	คราวนี้ไปที่โรงเรียนบ้านรามจังหวัดสุรินทร์
11-11456-46.wav	ผู้ใหญ่บ้านหนองแวงอำเภอน้ำโสมจังหวัดอุดรธานี
11-11459-14.wav	นี่คือโรงพยาบาลมัญจาคีรีนะคะอยู่ที่จังหวัดขอนแก่นค่ะ
11-11461-11.wav	บ้านไม้หลังนึงที่หมู่9อำเภอสูงเม่นจังหวัดแพร่ค่ะ
11-11462-25.wav	หนึ่งในนั้นคือนายแชมป์เป็นคนที่ใช้ปืนไล่ยิง
11-11462-7.wav	กลางดึกวันที่5กุมภาพันธ์เกิดเหตุระเบิดทางเข้าปากซอยเทศบาล9ตำบลบ้านเลนอำเภอบางปะอินจังหวัดพระนครศรีอยุธยา
11-11465-1041.wav	สองคนเขายืนยันบอกเขาไม่ได้เกี่ยวข้องอะไรกับคดีแอมไซยาไนด์อะไรเลย
11-11465-1050.wav	พร้อมด้วยตำรวจภูธรจังหวัดสมุทรสาครก็นำตัวไปที่อาศรม
11-11465-1097.wav	คือสามีของคุณหนิงคุณหนิงชื่อนางสาวสาวิตรี
11-11465-126.wav	ร่วมกับชุดสืบสวนสอบสวนภูธรจังหวัดราชบุรีสภ.บางแพแล้วก็เจ้าหน้าที่สาธารณสุข
11-11465-150.wav	มีเจ้าของอาศัยอยู่4คนมีนางบีมีซีมีเอฟและมีดี
11-11465-171.wav	คือจากการตรวจสอบพบแล้วว่าพี่สาวของแอมคนนี้เป็นอดีตเจ้าหน้าที่โรงพยาบาลแห่งหนึ่งในจังหวัดกาญจนบุรี
11-11465-209.wav	คือตำรวจนายนี้บอกว่าเขาเลิกกับแอมไปนานแล้วค่ะแต่ยังไปมาหาสู่กันอยู่เพราะว่ายังมีลูกอยู่สองคนที่ดูแลร่วมกัน
11-11465-23.wav	จังหวัดนครปฐมนะครับท่านผู้ชมครับคือการเสียชีวิตของบุคคลต่างๆเนี่ย
11-11465-336.wav	ก็เป็นอดีตผู้กำกับการสอบสวนสภ.บ้านโป่งจังหวัดราชบุรีอดีตรองผู้กำกับนะคะ
11-11465-351.wav	นายไพบูลย์ค่ะคุณพ่อของครูออส
11-11465-367.wav	เดินทางกลับมาใหม่แต่คราวนี้มาพร้อมกับอดีตสามีที่เป็นตำรวจ
11-11465-38.wav	คือนางสาวนิตยาอายุยังน้อยเพิ่ง36ปี
11-11465-409.wav	ที่เจอคนที่13นะฮะที่จังหวัดมุกดาหารคือคุณหนิง
11-11465-423.wav	เกี่ยวกับการใช้สารไซยาไนด์ต่างๆเนี่ยรู้เรื่องได้อย่างไรใช้ได้อย่างไร
11-11465-42.wav	ไปยังแพทย์ที่จังหวัดนครปฐมที่ชันสูตรศพของคุณนิตยาณขณะนั้นอีกหนึ่งศพที่วันนี้มีการยืนยันจากทางพลตำรวจเอกสุรเชษฐ์หักพาล
11-11465-49.wav	เสียชีวิตที่จังหวัดมุกดาหารนะครับค่ะตอนนั้นเนี่ยกินยาลดความอ้วน
11-11465-508.wav	พยานหลักฐานเรื่องการผ่าศพมีสารไซยาไนด์ร่างกายซึ่งตรงกับขวดยาที่เราพบที่บ้านของผู้ต้องหานะครับ
11-11465-511.wav	คือพิสูจน์ได้ว่าไซยาไนด์นี้มาจากขวดนั้นเลยเหรอคะ
11-11465-534.wav	หลักฐานคือจากการผ่าพิสูจน์ร่างของสารวัตรปูค่ะเจอสารไซยาไนด์ในร่าง
11-11465-535.wav	และตำรวจสามารถพิสูจน์ได้ว่าไอ้สารไซยาไนด์นี้มันมาจากขวดที่เจอในบ้านของแอม
11-11465-604.wav	มีการแจ้งข้อหาเพิ่มอีกอะฆ่าโดยไตร่ตรองไว้ก่อนแล้วก็จากเรื่องของไซยาไนด์
11-11465-63.wav	โดยซื้อตึกอยู่ข้างแถวสถานที่ของภาวนาพุทโธที่อำเภอสามพรานจังหวัดนครปฐม
11-11465-666.wav	ตำบลลำบัวอำเภอดอนตูมจังหวัดนครปฐมแพทย์ระบุสาเหตุคือมะเร็ง
11-11465-70.wav	ว่ายังมีเหตุการณ์เสียชีวิตของตำรวจนายหนึ่ง
11-11465-76.wav	ว่าตำรวจนายนี้เนี่ยขับรถชนแล้วก็เสียชีวิต
11-11465-77.wav	และตำรวจนายนี้เป็นเพื่อนสนิทกับอดีตสามีของแอมที่เป็นตำรวจอ่อ
11-11465-801.wav	เนื่องจากในร่างกายของสารวัตรปูผ่าพิสูจน์แล้วพบสารไซยาไนด์
11-11465-824.wav	นางสาวนิตยาแก้วบุปผาวัย36ปี
11-11465-929.wav	วันนี้เราส่งพิตินะคะคุณกิตติศักดิ์ไปที่บ้านเกิดของคุณนิดที่จังหวัดศรีสะเกษ
11-11465-99.wav	เป็นชาวบ้านตำบลนาบ่อคำอำเภอเมืองจังหวัดกำแพงเพชรนี่ครับ
11-11468-0.wav	การไฟฟ้าฝ่ายผลิตแห่งประเทศไทยก็ได้ใช้โอกาสที่โรงไฟฟ้าแม่เมาะจังหวัดลำปางนั้นได้รับรางวัลชนะเลิศ
11-11468-10.wav	ยังมีกิจกรรมนำนักวิชาการต่างชาติลงพื้นที่สำรวจเมืองแม่เมาะและโรงไฟฟ้าแม่เมาะจังหวัดลำปาง
11-11469-59.wav	ซึ่งนอกเหนือจากจุดตรงนี้ตำรวจก็ยังระดมกวาดล้างทั่วทั้งจังหวัดสมุทรปราการอีกด้วยนะครับ
11-11469-61.wav	รถจักรยานยนต์ขนาดใหญ่นะครับเดินทางออกไปในจังหวัดพื้นที่ใกล้เคียงซึ่งเป็นพื้นที่ท่องเที่ยวนะครับ
11-11470-466.wav	ภรรยาคนที่2ค่ะนางนิตยาธิรภาพสกุลวงศ์
11-11470-92.wav	ทนายเกิดผลยืนยันนะครับว่าเจ้าสาวโบไม่มีสิทธิ์ฟ้องร้องภรรยาหลวง
11-11471-19.wav	และปฏิบัติหน้าที่โฆษกกระทรวงการต่างประเทศนายณัฐภาณุนพคุณ
11-11471-38.wav	จากเมืองเบซีซาฮาในอำเภอลำจุงจังหวัดกันดากีของเนปาล
11-11471-51.wav	และบาดเจ็บระหว่างเดินทางกลับจากทะเลสาบทีลิโชว์ค่ะ
11-11471-6.wav	ระหว่างร่วมคณะเดินทางวิบากบนเส้นทางลัดเลาะภูเขา
11-11472-118.wav	โดยทั้งหมดก็ได้เดินทางมาร่วมให้กำลังใจให้ธนบูรณ์หายจากอาการบาดเจ็บโดยเร็วครับ
11-11472-26.wav	ครับเพราะว่าตัวของอิทธิพลพูลทรัพย์ก็เดินทางไปเยี่ยมธนบูรณ์
11-11472-52.wav	แล้วก็เดินทางไปแล้วก็สอบถามอาการ
11-11472-89.wav	บุคคนในวงการฟุตบอลครับยังเดินทางมาร่วมให้กำลังใจธนบูรณ์เกษารัตน์
11-11472-94.wav	ได้เดินทางมาให้กำลังใจธนบูรณ์เกษารัตน์กองกลางทีมชาติไทยที่ได้รับอาการบาดเจ็บเอ็นไขว้หน้าขาด
11-11473-276.wav	นางก็ต้องไปต่อๆๆกว่าจะมาถึง
11-11473-316.wav	ก็หลวงพี่ก็ต้องเดินทางกลับกุฏิเนอะ
11-11473-319.wav	สวมกางเกงขาสั้นสีดำเนี่ยได้อาศัยจังหวะนั้น
11-11473-48.wav	คือนางโทรทุกวันเนี่ยชาติที่แล้วนางเป็นนกพิราบ
11-11478-0.wav	ท่านผู้ชมครับเมื่อวานนี้ช่วงเย็นๆนะครับในพื้นที่จังหวัดเชียงใหม่เนี่ย
11-11477-32.wav	นายปรายก็เลยคุยกับแม่ว่าเออเห็นน้าสาวเป็นทนายความ
11-11478-26.wav	ตำรวจสภ.เวียงแหงจังหวัดเชียงใหม่5นาย
11-11478-29.wav	ตอนที่ไปตรวจสอบแบ่งกำลังเป็นการขี่จักรยานยนต์3คันคันละ1นาย
11-11478-41.wav	สองร้อยคนเนี่ยเจ้าหน้าที่เข้ามากันแค่ห้าหกนายนะครับ
11-11478-48.wav	แล้วก็ตรวจสอบพบว่าผู้ที่ถูกวิสามัญคือนายจาจือจาอ๋อนั้นเป็นผู้ต้องหาตามหมายจับคดียาเสพติดรายสำคัญ
11-11480-10.wav	เหตุการณ์นี้เกิดขึ้นบริเวณแถวซอยศรีด่าน1ตำบลด่านสำโรงอำเภอเมืองจังหวัดสมุทรปราการ
11-11480-16.wav	คนขับเนี่ยคือนายพรเทพหวังคอนกลางนะครับ
11-11480-25.wav	เจ้าหน้าที่จึงควบคุมตัวเอาไว้นะสำหรับนายสิทธิพลนะ
11-11480-26.wav	จากนั้นได้นำตัวนายสิทธิพลไปที่รถเก๋งที่จอดรออยู่
11-11483-28.wav	ทะเลาะกันกับนายปรีชาทะเลาะกันแรงมากเลยค่ะไม่มีใครกล้าเข้าไปห้ามหรอก
11-11483-29.wav	หลังจากนั้นนายปรีชาไปหยิบปืนมาแล้วมายิงใส่คุณตาบุญมี4นัด
11-11483-43.wav	ทีนี้ตัวของนายประวิทย์ลูกเขยเองนะก็รีบขับรถออกไปข้างนอกไปไหนรู้ไหมคุณ
11-11483-56.wav	เมียของผู้ก่อเหตุเนี่ยคือนางโกสุมเนี่ยนะคะบอกเลยบอกว่าจริงสามีเคยเตือนฝั่งนั้นแล้วนะว่าอย่าทำคอกแพะรุกเข้ามาในที่ของเขา
11-11484-5.wav	เหตุการณ์นี้เกิดขึ้นที่ตำบลดอนกลอยอำเภอพิบูลย์รักษ์จังหวัดอุดรธานี
11-11485-2.wav	เอ่อยังครับยังตามประกาศของท่านผู้ว่าราชการจังหวัดจะเริ่มวันที่1พฤษภาคมนี้ครับค่ะ
11-11485-33.wav	ก็กำลังจะบอกว่าไม่ได้ตั้งแต่เข้าจังหวัดแล้วใช่ไหมคะ
11-11485-36.wav	เพราะฉะนั้นคุณจอมขวัญเข้ามาในเขตจังหวัดบุรีรัมย์คุณจอมขวัญต้องกักตัว14วัน
11-11487-29.wav	ถ้าไปที่เชียงใหม่นี่ก็เป็นอีกจังหวัดหนึ่งที่เรียกว่าโอ้โหคึกคักมากๆ
11-11488-33.wav	เรากลับเปิดช่องทางให้นายกรัฐมนตรีบุคคลเพียงคนเดียว
11-11488-447.wav	ผมก็ได้ยินนายกรัฐมนตรีท่านพูดอยู่บ่อยครั้งด้วยนะครับ
11-11489-2.wav	สี่นาฬิกาของวันที่ยี่สิบหกกุมภาพันธ์ที่ผ่านมากล้องวงจรปิดบันทึกภาพขณะที่โจรหื่นรายหนึ่งบุกเดี่ยวปีนรั้วบ้านหญิงสาวในพื้นที่ตำบลมหาชัยอำเภอเมืองจังหวัดสมุทรสาคร
11-11490-107.wav	ที่กองบังคับการตำรวจภูธรจังหวัดนครศรีธรรมราชอะนะ
11-11490-108.wav	ใช่ค่ะก็ใช้ระยะเวลาในการเดินทางนานเหมือนกัน
11-11490-43.wav	คุณเสกเนี่ยเดินทางมาถึงกองบังคับการ
11-11490-95.wav	แล้วก็การควบคุมตัวจากกรุงเทพมายังจังหวัดนครศรีธรรมราชนั้น
11-11492-8.wav	ในช่วงค่ำคืนที่ผ่านมาก็ได้กำหนดการในการเดินทางคือ21พฤษภาคมนะครับ
11-11493-13.wav	ชองคนที่ได้รับบาดเจ็บคือนายสไวเทินสะเก็ดอายุ58ปี
11-11493-28.wav	ซึ่งทางหัวหน้าคนงานก็คือนางสาวทองทรัพย์วงษาบอกว่าที่โรงงานมีพนักงานอยู่70คนได้
11-11494-12.wav	เพราะว่าเห็นนายจักรกฤษณ์เดินเข้าไปในห้องก็คิดเหมือนกันว่าเข้าไปหยิบปืนแน่ๆเลย
11-11494-16.wav	ด้านนางสาวธมนต์วรรณภรรยาของนายเกียรติศักดิ์ก็ไปที่โรงพักสภ.ทุ่งใหญ่ด้วยเหมือนกันนะคะ
11-11494-17.wav	ไปพร้อมกับภรรยาของนายจักรกฤษณ์น้องชายเลยไปชี้ตัวผู้ต้องหา
11-11494-18.wav	แล้วก็แจ้งความประสงค์ขอคัดค้านการประกันตัวนายเกียรติศักดิ์ด้วย
11-11494-20.wav	เพราะหลังก่อเหตุเนี่ยนายเกียรติศักดิ์ยังส่งไลน์มาหาเธอนะ
11-11494-22.wav	ด้านตำรวจบอกว่าตอนนี้ยังไม่มีใครมาขอยื่นประกันตัวนายเกียรติศักดิ์นะคะ
11-11494-3.wav	ขอเข้ามอบตัวเองค่ะนายเกียรติศักดิ์ชัยสุวรรณติดต่อขอเข้ามอบตัว
11-11494-6.wav	พยายามฆ่านายจักรกฤษณ์วรพัฒน์ซึ่งเป็นน้องภรรยานะคะ
11-11494-7.wav	ซึ่งตอนนี้นายจักรกฤษณ์อาการสาหัสเลยพักรักษาตัวอยู่ที่โรงพยาบาลทุ่งสง
11-11494-8.wav	นายเกียรติศักดิ์บอกว่านายจักรกฤษณ์เข้ามาทำร้ายแล้วก็ชกต่อยเขาก่อน
11-11494-9.wav	ระหว่างที่เขากำลังทะเลาะกับภรรยาอยู่ภรรยาก็คือนางสาวธมนต์วรรณวรพัฒน์
11-11497-15.wav	ก่อนจะเดินทางไปประเทศมาเลเซียวันที่29พฤศจิกายน
11-11499-10.wav	ได้เดินทางไปยื่นหนังสือขอความเป็นธรรมต่อสภาทนายความ
11-11499-18.wav	แต่ตำรวจวนเวียนเข้าออกหลายนาย
11-11499-28.wav	ก็เตรียมแจ้งข้อกล่าวหากับนายแผน
11-11499-42.wav	ขณะที่นายแผนเองก็จะต้องเดินทางไปรับทราบข้อกล่าวหา
11-11500-17.wav	ผู้บาดเจ็บ2คนคือนายสงกรานต์ไพรสิงห์อายุ29ปี
11-11499-9.wav	วันนี้นายฐนุกรเหลืองใหม่เอี่ยมหรือนายแผนผู้ที่อ้างว่าเห็นร้อยตำรวจโทจรูญวิมูลก้มเก็บลอตเตอรี่
11-11500-23.wav	พอนายสงกรานต์ออกมาจากรถได้
11-11500-24.wav	แต่สุดท้ายนายสงกรานต์เสียชีวิตในเวลาต่อมาครับ
11-11500-25.wav	ส่วนผู้บาดเจ็บอีกคนที่นั่งมาด้วยคือนายมนตรี
11-11500-31.wav	กู้ภัยนำร่างนายสงกรานต์ผู้เสียชีวิต
11-11500-34.wav	ต้องแสดงความเสียใจกับครอบครัวของนายสงกรานต์ด้วยนะครับ
11-11502-15.wav	มีดพกสองเล่มก็เลยเก็บไว้เป็นหลักฐานขณะที่นางสาวรำระดาศรีชมนะครับ
11-11502-8.wav	รอบๆเป็นสวนปาล์มน้ำมันในห้องโถงพบศพนาย
11-11504-4.wav	จาก8จังหวัดทั่วประเทศจำนวน16ทีม
11-11509-12.wav	ก็คือนายอภิชาติพี่เขยที่ถูกยิงนั่นแหละนะคะ
11-11509-15.wav	สามีนางสุมารีก็ไม่พอใจออกมาแล้วก็เนี่ยค่ะ
11-11509-17.wav	ครับนะคะนายอภิชาตินายมาโนชเนี่ยเข้ามาห้าม
11-11509-47.wav	เคลื่อนไปส่งที่วัดหนองกระพี้ที่อำเภอดอนตูมจังหวัดนครปฐม
11-11510-14.wav	ก่อนที่จะเห็นร่างของนางค็อกซ์คว่ำลงกับพื้น
11-11510-21.wav	และยังมีประชาชนจำนวนมากเดินทางมาร่วมวางดอกไม้
11-11510-24.wav	ก็มีกลุ่มเพื่อนบ้านที่ต่างเดินทางมาวางดอกไม้
11-11510-8.wav	นี่ก็เป็นภาพวินาทีที่ตำรวจอังกฤษนะครับเข้าไปจับกุมตัวนาย
11-11510-9.wav	และมีดกระหน่ำแทงนางโจค็อกซ์
11-11511-12.wav	ศาลจังหวัดเชียงใหม่ออกหมายจับตั้งรางวัลนำจับให้กับประชาชนใครก็ตามที่แจ้งเบาะแส
11-11511-13.wav	จนสามารถจับตัวนายไชยาได้5000บาท
11-11511-21.wav	เพราะมั่นใจว่านายไชยาต้องติดต่อมาแน่นอน
11-11511-22.wav	แล้วก็เป็นไปตามคาดค่ะนายไชยาโทรหาฝ่ายหญิงจริงๆ
11-11511-24.wav	แล้วก็ร่วมกันวางแผนออกอุบายให้ฝ่ายหญิงโทรกลับไปหานายไชยาอีกครั้ง
11-11511-32.wav	แต่นายไชยาเนี่ยเขาไหวตัวทันอือ
11-11511-38.wav	นายไชยาก็เลยล้มพับลงไปเพราะว่าง่วง
11-11511-57.wav	แล้วก็บอกด้วยว่านายไชยาเนี่ยกินเหล่านี้อาหารเหล่านี้ที่เห็นข้าวเหนียวน้ำพริกนี่แหละค่ะ
11-11511-61.wav	ซึ่งตอนนี้นายไชยายังถูกคุมตัวอยู่ที่สถานีตำรวจนะคะ
11-11511-7.wav	นายไชยาตะนาวัย31ปี
11-11513-13.wav	ผู้เสียหายคือนายเอคนนี้นะฮะอายุ19ปี
11-11513-14.wav	เป็นนักศึกษาปี2มหาวิทยาลัยแห่ง1ในจังหวัดอุดรธานี
11-11513-15.wav	ก็เจ้าหน้าที่กับนายเอนะฮะก็กำลังขอดูภาพ
11-11513-22.wav	นายเอผู้เสียหายกำลังเดินเข้าไปในห้องน้ำชาย
11-11513-32.wav	โดยนายเอเชื่อว่าชายวัยรุ่นคนดังกล่าวเนี่ย
11-11513-35.wav	ส่วนพระสงฆ์ที่อยู่ในคลิปนั้นนะฮะนายเอเชื่อว่า
11-11513-38.wav	แต่ว่านายเอก็แสดงให้ดูว่ามันน่าจะยื่นโทรศัพท์อะไรแบบนี้
11-11513-55.wav	ถูกต้องนายเอยังร้องถามกลับไปเลยเฮ้ยทำอะไร
11-11514-24.wav	ในจังหวัดภูเก็ตนี่ท่านเน้นในจังหวัดภูเก็ตนะ
11-11513-58.wav	ตกใจสินายเอบอกว่ารีบรูดซิปกางเกงเก็บของของเขาเลยอะครับ
11-11514-49.wav	เราและประชาชนหรือคนในจังหวัดภูเก็ตเนี่ยควรจะได้รับอะไรตอบแทนมาบ้าง
11-11515-17.wav	นายแผนตอบเรื่องนี้เหมือนกันนะฮะฟังเสียงของนายแผนนะฮะ
11-11515-24.wav	หลังทราบว่านางสาวกนกพรรณหมวกไสวหรือฟ้า
11-11515-28.wav	หลังจากถูกนายอัจฉริยะแจ้งความดำเนินคดีฐานกระทำผิดพระราชบัญญัติคอมพิวเตอร์ว่า
11-11515-29.wav	หากนายอัจฉริยะอยากทำอะไรก็ตาม
11-11515-2.wav	ขณะที่เมื่อวานนี้นายแผนพร้อมกับทนายสุกิจ
11-11515-3.wav	ก็เดินทางเข้าพบพนักงานสอบสวน
11-11515-7.wav	เดินทางมาให้ปากคำพนักงานสอบสวนกองปราบปรามนะครับเพิ่มเติมตามหมายนัด
11-11518-11.wav	ส่วนเหตุการณ์นี้กล้องวงจรปิดหน้าโรงงานในนิคมอุตสาหกรรมแห่งหนึ่งในจังหวัดพระนครศรีอยุธยา
11-11518-20.wav	มัวแต่ดูรถที่อยู่ฝั่งด้านซ้ายจึงมองไม่เห็นว่ามีรถจักรยานยนต์ของนายทองดีจอดอยู่
11-11518-24.wav	อำเภอเมืองจังหวัดระยองที่อยู่ระหว่างทุบทิ้ง
11-11519-20.wav	ผู้เสียหายที่เป็นเจ้าของรถชื่อว่านางสลิสาโคมลอยนะครับ
11-11520-11.wav	คือนายวัฒนาเนี่ยบอกว่าตัวเขาก็จำไม่ได้ด้วยซ้ำว่าวันนั้นเขาพูดเรื่องอะไรออกไปบ้าง
11-11521-17.wav	นายประวิทย์อือถือมีดไปด้วย
11-11521-45.wav	อำเภอเมืองจังหวัดนครศรีธรรมราชค่ะ
11-11521-50.wav	ถือมีดพร้าบุกไปหานายประวิทย์
11-11521-58.wav	นายอนุพงศ์ไม่พอใจก็เลยทะเลาะกัน
11-11521-59.wav	นายอนุพงศ์เอามีดพร้าไล่ฟันนายประวิทย์
11-11521-60.wav	จนนายประวิทย์บาดเจ็บที่แขนแล้วก็ที่ลำตัว
11-11521-61.wav	นายประวิทย์ก็เลยเอาปืนค่ะ9มิลลิเมตร
11-11521-63.wav	ยิงสวนไปที่ชายโครงขวาของนายอนุพงศ์
11-11521-65.wav	แต่นายอนุพงศ์ยังไม่ยอมหยุด
11-11521-66.wav	ก็ถือมีดวิ่งไล่ฟันนายประวิทย์อีก
11-11521-67.wav	นายประวิทย์ก็เลยตัดสินใจยิงสวนออกไปอีก2นัด
11-11521-68.wav	สุดท้ายนายอนุพงศ์ล้มลงเสียชีวิตข้างคอกวัวชน
11-11521-69.wav	หลังก่อเหตุนายประวิทย์หนีไปนะคะ
11-11521-6.wav	นายอนุพงศ์คนนี้ก็ดูแลสวนมานานอือ
11-11521-72.wav	อันนี้ก็เป็นข้อมูลตามคำให้การของนายประวิทย์คนก่อเหตุนะคะ
11-11521-73.wav	นายประวิทย์ก็เลยยืนยันว่าเขาป้องกันตัว
11-11521-76.wav	นายประวิทย์ยืนยันว่าที่ผ่านมาไม่เคยมีเรื่องโกรธแค้นอะไรกันมาก่อน
11-11521-77.wav	แต่ว่านายอนุพงศ์ไม่พอใจที่ไปเหมาสวนมังคุดที่ตัวเองดูแลอยู่
11-11521-78.wav	ทั้งๆที่นายอนุพงศ์เองก็ไม่ใช่เจ้าของสวนครับ
11-11521-79.wav	ตำรวจก็คุมตัวนายประวิทย์นะคะไปชี้จุดค่ะ
11-11521-84.wav	ซึ่งก็ต้องนำตัวนายอนุพงศ์เนี่ยไปดำเนินคดีตามกฎหมายต่อไป
11-11522-12.wav	สอบถามนางอรดีภรรยาของผู้เสียชีวิต
11-11522-3.wav	รถดับเพลิงเทศบาลตำบลโพหักอำเภอบางแพจังหวัดราชบุรี
11-11524-12.wav	ก็จับกุมได้ที่จังหวัดปทุมธานีพร้อมกับรถจักรยานยนต์นะครับ
11-11524-14.wav	โดยอ้างว่าถูกนายอาร์ตคนตายยั่วยุก่อนแล้วก็ท้าทายให้มาหาที่บ้าน