filename	text
21-21001-10.wav	แล้วก็ทางด้านของฝ่ายปกครองกว่า200นาย
21-21001-20.wav	สำหรับผลการปฏิบัติการโดยรวมทั้งจังหวัด
21-21001-8.wav	ว่าราชการจังหวัดสมุทรปราการร่วมกันกับพันธุ์ตำรวจเอก
21-21003-8.wav	เหตุการณ์นี้เกิดขึ้นที่จังหวัดบึงกาฬนะคะ
21-21004-15.wav	แต่ว่าตำรวจนายนี้ไม่ประสงค์จะไปโรงพยาบาล
21-21004-18.wav	อยู่ในที่เกิดเหตุด้วยนายชาญเจริญยิ่งเจ้าของรถกระบะเนี่ย
21-21004-27.wav	เอาละครับกับทางรองผู้กำกับการสอบสวนท่านนั้นนายนั้นนะ
21-21004-4.wav	ตัวเมืองจังหวัดสุรินทร์ในที่เกิดเหตุพบรถกระบะของนายชาญเจริญยิ่ง
21-21006-4.wav	เหตุการณ์ที่นายมงคลคุณเพียรอายุ24ปีพลเมืองดีที่ไปช่วยรถกระบะตกไหลทางนะครับ
21-21006-7.wav	วันนี้ครอบครัวนะครับไปกับเพื่อนร่วมงานนะฮะนิมนต์พระไปประกอบพิธีเชิญดวงวิญญาณนายมงคลตรงจุดเกิดเหตุ
21-21009-1.wav	คุณยายวัย97ปีเรียกว่าคุณทวดก็คงได้ที่จังหวัดบุรีรัมย์
21-21009-7.wav	ลักษณะที่เกิดเหตุเป็นบ้านไม้ชั้นเดียวในตำบลหนองไม้งามอำเภอบ้านกรวดจังหวัดบุรีรัมย์นะคะ
21-21010-14.wav	มารักษาตัวที่บ้านเกิดในจังหวัดระยอง
21-21011-12.wav	ก่อนที่จะไปเดินทางแสดงเชิดสิงโตถวาย
21-21012-44.wav	ส่วนตอนล่างบริเวณจังหวัดพัทลุงสงขลาปัตตานี
21-21013-32.wav	ตอนนี้ก็ประสบปัญหาน้ำท่วมหลายจังหวัดอยู่เหมือนกันครับ
21-21017-42.wav	อายุ46ปีแล้วผู้หญิงคนนี้เป็นชาวจังหวัดนครปฐม
21-21018-26.wav	ครอบคลุมทุกจังหวัดทั่วประเทศ
21-21019-0.wav	คุณผู้ชมคะมีเหตุการณ์ระทึกเกิดขึ้นที่จังหวัดอ่างทองนะคะ
21-21021-1.wav	ก็ยังเดินทางมอบเงินช่วยเหลือให้กับชาวบ้านต่อ
21-21021-29.wav	แล้วก็เล่าถึงการเดินทางไปร่วมรับโทรศัพท์
21-21022-26.wav	แต่คราวนี้เดินทางมาพิษณุโลกแล้วก็เข้าเขตจังหวัดแพร่
21-21022-7.wav	ภูมิลำเนาเธออยู่ที่จังหวัดลำปางนะหลังคลอดลูกบนรถกระบะ
21-21027-3.wav	หลังจากที่ทราบข่าวกันว่าผืนป่าที่เคยอุดมสมบูรณ์ในจังหวัดน่านนั้นตอนนี้กลายเป็นเพียงอดีตไปแล้วค่ะ
21-21027-5.wav	สำหรับกรณีที่โจอี้บอยแชร์ข่าวผู้ว่าราชการจังหวัดน่านฉุนเพจดังที่กล่าวหาว่าหน่วยงานของภาครัฐเพิกเฉยต่อสถานการณ์ป่าไม้ของจังหวัดผ่านทางเฟซบุ๊ก
21-21028-8.wav	บ้านของเธออยู่ที่บ้านแดงนะฮะอำเภอภูเขียวจังหวัดชัยภูมิถูกเพื่อนบ้านมาปาก้อนหินใส่ยิงหนังสติ๊กใส่เธอบอกว่า
21-21035-0.wav	กรณีที่มีผู้ต้องหาเนี่ยยิงตำรวจกองปราบเสียชีวิตหนึ่งนาย
21-21035-1.wav	ได้รับบาดเจ็บ1นายช่วงต้นเดือนมีนาคม
21-21035-40.wav	หลังจากก่อเหตุยิงตำรวจหลบหนีในพื้นที่จังหวัดพัทลุง
21-21036-3.wav	หลังจากที่ไปพาหญิงสาววัย16ปีมาจากแม่ที่จังหวัดสุรินทร์มาอยู่ด้วย
21-21037-11.wav	พนักงานโรงแรมแห่งหนึ่งในจังหวัดระยอง
21-21037-33.wav	แม้ว่านายเกียรติศักดิ์จะมีครอบครัวแล้ว
21-21039-11.wav	เหตุเกิดบนถนนสาย344หนองใหญ่ขาเข้าอำเภอแกลงจังหวัดระยองครับ
21-21046-22.wav	ตำบลโคกขามอำเภอเมืองจังหวัดสมุทรสงคราม
21-21046-24.wav	นายสหรัฐหัสกุลอายุ37ปีเป็นคนขับรถกระบะ
21-21048-12.wav	เป็นเจ้าหน้าที่ชุดปฏิบัติการพิเศษฝ่ายปกครองจังหวัดมหาสารคาม
21-21051-1.wav	เดินทางไปรับศพมาประกอบพิธีทางศาสนานะครับท่ามกลางบรรยากาศแห่งความโศกเศร้า
21-21053-10.wav	ทีนี้นักข่าว5คนที่เดินทางไปสัมภาษณ์ปรากฏว่า
21-21053-64.wav	ส่วนผู้สื่อข่าวทั้ง5คนวันนี้เตรียมแล้วที่เดินทางไปสถานีตำรวจภูธรบ้านไผ่
21-21056-5.wav	ถูกพบเหลือแต่โครงกระดูกในรถยนต์ที่ไหม้วอดทั้งคันภายในอู่รถยนต์เก่าอำเภอจอมบึงจังหวัดราชบุรี
21-21057-9.wav	ซึ่งจังหวัดครับจะมีการประกาศแจ้งเตือนประชาชน
21-21064-66.wav	จังหวัดที่มีอุบัติเหตุสูงสุดในวันแรก
21-21064-77.wav	เพราะว่าเป็นจังหวัดที่มีการเดินทางผ่านไป
21-21064-78.wav	จังหวัดปลายทางก็สุ่มเสี่ยงเกิดอุบัติเหตุง่ายนะครับ
21-21064-80.wav	ราชการจังหวัดให้เพิ่มกำลังเจ้าหน้าที่
21-21068-33.wav	คนขับรถกระบะเป็นตำรวจยศนายดาบตำรวจ
21-21070-14.wav	เชื่อมทอดยาวไปถึง3จังหวัดด้วยกัน
21-21070-17.wav	จังหวัดสกลนครและมุกดาหาร
21-21070-26.wav	ที่มีนักท่องเที่ยวมีประชาชนสนใจแล้วก็มาท่องเที่ยวกันเยอะ
21-21070-4.wav	ผาเป้าผาเป้าที่จังหวัดนครพนม
21-21071-10.wav	จังหวัดหนองบัวลําภูแล้วนะคะช่วงเช้าที่ผ่านมาญาติพี่น้องเพื่อนบ้านเนี่ย
21-21072-10.wav	แล้วก็สมาชิกกองอาสารักษาดินแดน40กว่านายค่ะ
21-21074-108.wav	เมื่อสักครู่ผมบอกเล่าชะตากรรมของตำรวจชั้นผู้น้อยหลายร้อยนายไปแล้ว
21-21074-16.wav	ที่เป็นการสร้างเครือข่ายเส้นสายกันในหมู่นายตำรวจ
21-21074-31.wav	ก็จะเจออย่างนายตำรวจ97นาย
21-21074-356.wav	ถ้าพลเอกประยุทธ์คิดว่านายตำรวจคนนี้มีปัญหาไม่มากพอ
21-21074-37.wav	เพราะมีกันอยู่509นาย
21-21074-38.wav	แต่วันนี้เหลือแค่507นาย
21-21074-478.wav	นายตำรวจคนนี้มีดีอะไรเป็นพิเศษอย่างนั้นหรือ
21-21074-546.wav	และผู้อำนวยการเดินทางถวาย
21-21074-554.wav	และผู้อำนวยการเดินทางถวายต่อไป
21-21074-621.wav	ขาดคุณสมบัติในการเป็นนักบินถวายการเดินทาง
21-21074-624.wav	โดยสารเครื่องบินที่ขับโดยนายตำรวจคนนี้
21-21074-79.wav	การจบชีวิตตัวเองของนายตำรวจคนล่าสุด
21-21074-97.wav	กับนายตำรวจอีกนายที่เคยรับปากว่าอยู่กับพี่2ปีเดี๋ยวให้ย้าย
21-21076-10.wav	สำหรับการให้นโยบายกับจังหวัดดำเนินการใน10ด้าน
21-21076-9.wav	ประจำปีงบประมาณ2564กับผู้ว่าราชการจังหวัดทุกจังหวัดนะคะ
21-21078-3.wav	เริ่มกันที่จังหวัดสงขลากันก่อนเลยค่ะ
21-21080-21.wav	ทีมข่าวไทยรัฐทีวีจึงเดินทางไปที่อำเภอปรานบุรี
21-21082-26.wav	เดินทางไปเยี่ยมค่ะและสภาพที่เห็นลูกก็คือนอนบาดเจ็บสาหัสแบบนี้
21-21082-9.wav	พ่อแท้นามสมมุติว่านายเอละกันนะคะอายุ23ปีค่ะ
21-21084-28.wav	ชุดนางรำไปถวายด้วยนะฮะแล้วก็เป็นชุดนางรำพื้นเมืองนะฮะสวยงามทีเดียวชาวบ้านก็บอกว่าจัดขึ้นเพื่อความเป็นสิริมงคล
21-21084-4.wav	อยู่ในตำบลปิงโค้งอำเภอเชียงดาวจังหวัดเชียงใหม่
21-21088-65.wav	รวมทั้งจังหวัดที่ทำหน้าที่โดยตรง
21-21095-29.wav	และเป็นถนนที่ต้องเดินทางไปทำการเกษตร
21-21095-7.wav	นี่แหละค่ะจังหวัดบึงกาฬอัปเดตกันหน่อย
21-21096-25.wav	ทีมข่าวค่ะต้องเดินทางไปที่คลินิกแห่งนี้นะคะ
21-21097-1.wav	คุณครูในโรงเรียนแอบถ่ายเอาไว้เป็นโรงเรียนประถมที่จังหวัดระนองนะคะ
21-21097-63.wav	นายสุวรรณอายุ43ปี
21-21097-6.wav	โรงเรียนเอกชนสอนภาษาจีนหมิงซินในอำเภอเมืองจังหวัดระนอง
21-21100-17.wav	ก็เดินทางกลับมาจากการไปเล่นฟุตบอลที่สนามฟุตซอลแห่งหนึ่งค่ะ
21-21100-9.wav	อำเภอพระประแดงจังหวัดสมุทรปราการนะครับห่างจากสภ.สำโรงใต้
21-21107-134.wav	นางสาวจันจิราอายุ23เธอก็บอกว่าพ่อเธอพ้นขีดอันตรายแล้ว
21-21108-485.wav	นางก็บอกว่าไม่ซ้อมวันนี้เขาไม่ซ้อม
21-21110-13.wav	ภาคตะวันออกก็มีจังหวัดนครนายกระยองฉะเชิงเทราจันทบุรีชลบุรีแล้วก็ตราดนะครับ
21-21112-12.wav	แล้วก็คนขี่เนี่ยทราบชื่อคือนายปริญญาอายุเพียงแค่15ปีเท่านั้น
21-21112-6.wav	เหตุการณ์นี้เกิดขึ้นนะคะที่จังหวัดชลบุรีค่ะ
21-21120-121.wav	ร่วมกับจังหวัดพระตะบองของกัมพูชาเขา
21-21120-39.wav	ก็ได้เป็นนายกรัฐมนตรีทั้งสิ้น
21-21120-47.wav	นี่คือการโพสต์ข้อความของนาย
21-21120-4.wav	ไปที่การจะลงพื้นที่ของนายกรัฐมนตรีพลเอก
21-21121-1.wav	คือในเรื่องนะคะนางก็จะถอดเสื้อซิกแพคแน่นมาก
21-21122-0.wav	คุณผู้ชมครับยังมีอีกหนึ่งเรื่องราวไปติดตามกันจะพาไปเที่ยวที่จังหวัดบึงกาฬ
21-21124-53.wav	หน้าวัดช่องลมจังหวัดสมุทรสงครามแห่งนี้
21-21126-3.wav	แต่ว่าของผมนี่แหละครับเป็นห่วงครับเรื่องการเดินทางกลับมาสู่การทำงาน
21-21128-5.wav	ผู้สื่อข่าวไทยรัฐทีวีรายงานมาจากพื้นที่จังหวัดสงขลาเชิญค่ะ
21-21130-12.wav	เลขที่164หมู่4ตำบลดอนกรวยอำเภอดำเนินสะดวกจังหวัดราชบุรี
21-21133-13.wav	แรงระเบิดทำให้เจ้าหน้าที่บาดเจ็บไปสองนายนะคะ
21-21136-92.wav	และพื้นที่จังหวัดภาคใต้เป็นพื้นที่เฉพาะ
21-21139-43.wav	เราต้องไปถามไงเราไปถามนางสาวน้ำอ้อยเป็นหัวหน้าฝ่ายพัสดุและทรัพย์สิน
21-21147-12.wav	นายเสรีย้ำว่าแม้จะยอมถอยก็ไม่เชื่อแล้วเพราะว่าขัดกับจุดยืนที่แสดงมา
21-21147-17.wav	เพื่อปิดสวิตช์สวนายเสรีมองว่าทำยังไงก็ไม่สำเร็จ
21-21147-30.wav	นายเสรีมองว่าก็ไม่ได้ผิดปกติอะไร
21-21147-9.wav	ซึ่งถ้าหากเสนอชื่อนายพิธามาเหมือนเดิมก็ยังชัดเจนในจุดยืนเดิม
21-21152-113.wav	ว่าแต่ละจังหวัดแต่ละพื้นที่เป็นยังไง
21-21152-129.wav	นะครับจนในขณะเดียวกันทั้งหมดกี่จังหวัดครับ22จังหวัด
21-21152-163.wav	ก็คือพ่อเมืองเขาบอกชัดเจนเลยก็คือทางจังหวัดสมุทรสาครก็ได้มีการชี้แจงเรื่องของกำแพงเนี่ย
21-21152-271.wav	ตอนนี้คือเรานับจังหวัดไม่ได้อย่างที่บอกเราจะต้อง
21-21152-369.wav	คือรถพยาบาลเนี่ยเขากำลังจะเดินทางไปช่วยเหลือคนป่วยขั้นวิกฤต
21-21152-382.wav	เดินทางไปถึงที่หมายช้า
21-21152-386.wav	ก็เดินทางมาที่สภ.เมืองสมุทรปราการ
21-21152-387.wav	เพื่อจะติดต่อขอเอกสารในการเดินทางไปรับศพสามี
21-21152-40.wav	บอกสัก20กว่าจังหวัดถูกต้องไหม
21-21152-95.wav	ซึ่งวันนี้เขาบอกว่าที่ไปพบผู้ชายที่ป่วยโควิดที่จังหวัดนนทบุรีถูกต้องไหมครับ
21-21153-26.wav	โอ้โหหอมไปถึงจังหวัดอื่นนะ
21-21153-27.wav	ข้ามจังหวัดจากอุทัยไปไหนต่อไหนเลยคุณ
21-21155-72.wav	ผู้ช่วยผู้จัดการร้านค่ะนายกองแพงสนแจ้ง
21-21157-59.wav	ก็ทางนายปริญญาก็ยังแนะนำผู้ใช้งานนะครับให้หมั่นตรวจสอบข้อมูลส่วนตัวของตัวเองอยู่เสมอนะครับ
21-21163-46.wav	ภายในซอยกิ่งแก้ว21ตำบลราชาเทวะอำเภอบางพลีจังหวัดสมุทรปราการนะครับ
21-21163-56.wav	และก่อนการประกาศผังเมืองรวมของจังหวัดสมุทรปราการ
21-21169-59.wav	ขณะที่อีกคนนึงชื่อนายมานพซึ่งอยู่กับคุณนายดาว
21-21169-91.wav	ขณะเดียวกันนางสาวมดก็เปิดเผยว่าพี่สาวของเธอถูกดาวเจ้าของร้านกล้วย
21-21170-3.wav	และนักท่องเที่ยวค่ะก็ยังคงเดินทางไปสัมผัสกับอากาศหนาวเย็น
21-21170-4.wav	ตามสถานที่ต่างๆโดยเฉพาะดอยอินทนนท์จังหวัดเชียงใหม่นะคะ
21-21170-6.wav	สภาพอากาศที่จังหวัดเชียงใหม่ช่วงเช้าที่ผ่านมานะคะ
21-21171-12.wav	เป็นผู้ต้องหายิงนางทิติชดาตันบุตรอายุ43ปี
21-21171-21.wav	ข้างวัดนากลมใต้ที่อำเภอเมืองจังหวัดลำปาง
21-21171-45.wav	ไม่ได้ไปคบกับนายอนุวัฒน์คนเจ็บ
21-21176-12.wav	ในวันพรุ่งนี้9สิงหาคมเนี่ยตำรวจจะนำตัวทั้งหมดส่งสารจังหวัดธัญบุรี
21-21176-2.wav	ก็ไปเดินทางไปที่สำนักงานตำรวจแห่งชาติแสดงเจตนาความบริสุทธิ์นะคะ
21-21177-0.wav	ที่เขาสามมุกจังหวัดชลบุรีหลายคนบอกว่าไปที่นี่นะขอพรเรื่องความรักก็ได้ขอพรเรื่องการงานก็ดีก็เลยมีคนไปแก้บนกันค่ะ
21-21177-9.wav	แล้วก็ถือว่าเป็นสัญลักษณ์ในดวงตราประจำจังหวัดชลบุรีด้วยพิกัดอยู่ระหว่างบ้านอ่างศิลาและหาดบางแสน
21-21178-21.wav	ไปที่บ้านบ้านเขาอยู่ที่หมู่บ้านโนนหุ่งอำเภอเมืองจังหวัดศรีสะเกษ
21-21185-7.wav	แต่นี่ฮะล่าสุดเนี่ยที่จังหวัดเลยมีทหารนายหนึ่งโพสต์นะครับ
21-21189-235.wav	ไม่มีใครในจังหวัดหนองคายไม่รู้จักมาติดตามในช่วงหน้ากันครับ
21-21192-0.wav	กรณีของเด็กชายสองคนซึ่งอยู่ที่วัดทุ่งเหียงจังหวัดชลบุรีนะครับ
21-21192-34.wav	ไม่ใช่แค่สังคมที่กำลังประนามพฤติกรรมของนายยง
21-21192-48.wav	ซึ่งนายยงได้ออกมาให้เหตุผลว่า
21-21196-129.wav	แล้วก็ความสำคัญของการตรวจคัดกรองคนที่เดินทางจากต่างประเทศ
21-21196-162.wav	สำหรับคนไทยที่เดินทางกลับจากต่างประเทศ
21-21196-21.wav	และกลุ่มที่เป็นผลมาจากการค้นหาเชิงรุกที่จังหวัดยะลาอีก7รายด้วยกัน
21-21197-14.wav	เขาก็เดินทางไปให้กำลังใจลุงพลที่บ้านเหมือนกันนะฮะ
21-21197-9.wav	เมื่อวานนี้ลุงพลก็เดินทางขึ้นไปที่วัดภูผาแอก
21-21199-16.wav	อำเภอบ้านไผ่จังหวัดขอนแก่นระงับการปฏิบัติราชการหรือหน้าที่
21-21200-16.wav	แล้วก็เดินทางมาถึงถูกหมายจับด้วยนะคะ
21-21201-198.wav	เมื่อกี้นี้ค่ะหอบครับเหนื่อยฮะคุณจ๋าเดินทางต่อครับออก
21-21202-9.wav	เหตุการณ์ที่เกิดขึ้นในจังหวัดแห่งหนึ่งทางภาคอีสานนะคะ
21-21203-13.wav	ค่ะน้องมินตันนะฮะหรือว่านางสาวมินตราเชื้อวังคำ
21-21204-13.wav	ตอนแรกก็มีการสอบถามไปยังภรรยาคือนางหวังหนาน
21-21205-36.wav	ส่วนที่จังหวัดตรังชาวบ้านก็ต้องพายเรือไปขนย้ายสิ่งของ
21-21205-71.wav	ถูกน้ำท่วมสูงตอนนี้ในจังหวัดตรังค่ะ
21-21206-22.wav	เมื่อวานนี้ผมได้พูดคุยกับนายตำรวจชั้นผู้ใหญ่คนหนึ่ง
21-21206-36.wav	ชุดของศูนย์ปราบปรามเดินทางไปกัมพูชานะฮะ
21-21213-34.wav	คำนวณกันให้ดีนะไอ้เรื่องน้ำมันกับการเดินทางเนี่ยใช่
21-21216-17.wav	ที่อำเภอเมืองจังหวัดชลบุรีนะคะ
21-21217-39.wav	เป็นชาวจังหวัดเพชรชบูรณ์ชกมาแล้ว38ครั้ง
21-21217-49.wav	มุมแดงครับซ้อมอยู่ค่ายมวยดวงใจพ่อที่จังหวัดสุรินทร์นะครับ
21-21219-10.wav	เป็นทหารพรานในพื้นที่3จังหวัดชายแดนภาคใต้แล้วก็เป็นลูกพี่ลูกน้องกัน
21-21222-11.wav	เป็นผลไม้อัตลักษณ์ของจังหวัดพังงาค่ะ
21-21222-19.wav	แล้วก็ถือว่าได้รับความนิยมอย่างมากในจังหวัดพังงารวมถึงในประเทศไทยเรียกว่าเป็นหนึ่งเดียวก็ว่าได้
21-21224-0.wav	อีกหนึ่งที่นะครับพาไปหน่อยที่จังหวัดบึงกาฬ
21-21230-106.wav	แล้วก็นำตัวไปฝากขังต่อสารจังหวัดปทุมธานีในวันพรุ่งนี้นะครับ
21-21230-39.wav	เป็นการพูดจาที่ไม่รู้เรื่องของนายเต้ย
21-21230-46.wav	เรียงเรื่องราวได้ทั้งหมดว่านายเต้ยก่อเหตุทั้งสองเหตุ
21-21234-6.wav	บอกว่าในคืนวันนั้นที่ผับดังในเมืองพัทยาจังหวัดชลบุรี
21-21237-1.wav	เหตุการณ์เกิดขึ้นที่จังหวัดประจวบคีรีขันธ์คุณพ่อเนี่ยพาลูกทั้งหมด4คน
21-21237-9.wav	ตำบลช้างแรกอำเภอบางสะพานน้อยจังหวัดประจวบคีรีขันธ์
21-21238-34.wav	จะถูกชุดสืบสวนตำรวจภูธรจังหวัดสระแก้วตามรวบตัวได้
21-21238-36.wav	ผู้บังคับการตำรวจภูธรจังหวัดชลบุรี
21-21242-22.wav	บังคับการตำรวจภูธรจังหวัดสุราษฎร์ธานีก็บอกว่า
21-21242-48.wav	ผู้บังคับการตำรวจภูธรจังหวัดสุราษฎร์ธานีบอกว่า
21-21247-83.wav	เป็นภาพประวัติศาสตร์อีกทีนึงเดินทางไปพูดคุยทำความเข้าใจ
21-21253-60.wav	ที่จังหวัดอำนาจเจริญค่ะ
21-21253-61.wav	ก็คือไปจังหวัดที่ไปเก็บตัวนั่นแหละ
21-21253-67.wav	อันนี้เขานางเมื่อกี้เขานางสาวไทย
21-21254-9.wav	บ้านหนองตะกูอำเภอแปลงยาวจังหวัดฉะเชิงเทราครับ
21-21256-11.wav	เดินทางไปที่นิติเวชโรงพยาบาลธรรมศาสตร์เฉลิมพระเกียรติจังหวัดปทุมธานี
21-21256-27.wav	อำเภอคลองหาดจังหวัดสระแก้ว
21-21256-29.wav	ไปคุยกับนางนอมคุณแม่ของผู้เสียชีวิตนะคะ
21-21256-55.wav	ฐานก่อเหตุทำร้ายร่างกายโดยใช้อาวุธมีดฟันเข้าที่บริเวณศีรษะหน้าอกและกลางหลังของนายปรีชามุ่งเงิน
21-21258-24.wav	เขาขับรถมามาที่โรงพักนี้เนี่ยนะปรากฏว่าตัวนายจีรศักดิ์เนี่ย
21-21258-27.wav	ค่ะนายจีรศักดิ์ซึ่งจริงจริงก็อยู่บ้านของเขาแหละเสพกัญชาไง
21-21261-25.wav	เดินทางจากสถานีหาดใหญ่เข้ากรุงเทพนะครับ
21-21262-97.wav	ทุกครั้งที่เดินทางไปที่บ้านใบเตย
21-21263-10.wav	จากกรณีที่เรืออินแปลงของอำเภอกรรมราศัยจังหวัดกาฬสินธุ์
21-21263-13.wav	บริเวณวัดท่าตูมวารินตำบลท่าตูมอำเภอเมืองจังหวัดมหาสารคาม
21-21263-24.wav	กู้ภัยเมตตาธรรมจังหวัดกาฬสินธุ์
21-21267-48.wav	และกลุ่มผู้สื่อข่าวของไทยที่เดินทางไปติดตาม
21-21270-28.wav	เรื่องที่1จังหวัดอุบลราชธานี
21-21270-80.wav	เพราะว่ายายอะไรก็พอจะรู้มั่งในจังหวัดอุบล
21-21270-92.wav	ยายพยายามนึกถึงจังหวัดอุบลราชธานีให้ดีนะ
21-21270-94.wav	จังหวัดอุบลราชธานีมีกี่อำเภอ
21-21272-1.wav	โดยระบุว่านางสาวสุภาพรเป็นนักเรียนทุนพระราชทานและยอมสละสิทธิ์ไม่ร่วมประกวดในชุดว่ายน้ำเพื่อแสดงความอาลัย
21-21274-0.wav	สัปดาห์นี้ใครที่จะวางแผนเดินทางทำกิจกรรมกลางแจ้งสภาพอากาศเป็นอย่างไร
21-21275-27.wav	เป็นเจ้าของร้านเสริมสวยในอำเภอทุ่งใหญ่จังหวัดนครศรีธรรมราช
21-21275-28.wav	ตำรวจได้รับแจ้งเหตุก็เข้าไปตรวจสอบนางสาวยาเนี่ยยืนร้องไห้อยู่ในบ้านเนี่ยนะคะ
21-21280-104.wav	ซึ่งเรื่องนี้เนี่ยนะคะหลังจากที่เมื่อวานนายอัจฉริยะได้มีการแหมทุบโต๊ะปะทะคารมกันกับผู้บริหารโรงพยาบาลแล้วเนี่ย
21-21280-105.wav	ก็ได้เดินทางไปร้องที่กระทรวงสาธารณสุขด้วยนะคะ
21-21281-17.wav	กลางดึกถึงจังหวัดนครราชสีมาเลยทีเดียวค่ะ
21-21282-57.wav	ก็เดินทางมาที่เกิดเหตุแล้วบอกกับทีมข่าวแบบนี้
21-21283-16.wav	ออกมาขับรับส่งประชาชนที่ตั้งใจเดินทาง
21-21283-44.wav	ให้กับประชาชนที่เดินทางมาจากทั่วทุกสารทิศ
21-21286-3.wav	แถมกับมีอาหารแปรรูปพร้อมกับสร้างบรรยากาศน่าท่องเที่ยวด้วย
21-21286-46.wav	ที่เป็นภูมิปัญญาความอร่อยของชาวบ้านสาขาจังหวัดสมุทรปราการค่ะ
21-21287-15.wav	นางสาวเอก็แนะนำให้ไปเปิดบัญชี
21-21287-21.wav	กระทั่งสามีของนางสาวเอเสียชีวิตเมื่อเดือนตุลาคมปีที่แล้ว
21-21287-37.wav	ก็ไปติดต่อที่นางสาวเอบอกรับปาก
21-21288-21.wav	โซนจีนที่อำเภอปลวกแดงจังหวัดระยองนะคะ
21-21289-63.wav	รองผู้บังคับการตำรวจภูธรจังหวัดสงขลาครับ
21-21291-16.wav	เมื่อวานนี้ไปไหว้สารหลักเมืองที่จังหวัดนครศรีธรรมราชนะคะ
21-21291-22.wav	ก็คือตำรวจนายผู้ใหญ่ยังไปล้อมหน้าล้อมหนังเพียบแบบนี้นะคะ
21-21291-7.wav	ตำแหน่งที่ปรึกษาประจำสำนักนายกรัฐมนตรี
21-21292-256.wav	แล้วก็จังหวัดปราจีนบุรีกำลังตรวจสอบอย่างใกล้ชิดค่ะ
21-21292-341.wav	ซึ่งเอาเป็นว่าใครที่อยู่ในพื้นที่ที่คิดว่าน่าจะเป็นเส้นทางการเดินทาง
21-21292-367.wav	ก็เอาไปเช็คอีกอย่างเงี้ยอืมคือตอนเนี้ยปรากฏมันเดินทางไปหลายที่เหลือเกิน
21-21292-636.wav	คือเรื่องนี้ก็มีการเดินทางไปที่วัดบางกระดานะคะ
21-21292-648.wav	แล้วตัวของลูกชายเขาเองก็เดินทางมาจากจันทบุรีนะคะไปดูอาการ
21-21293-3.wav	ที่จังหวัดเชียงใหม่นะครับแล้วก็ได้ประกันไปในวงเงินหนึ่งแสนบาทครับ
21-21294-71.wav	กฎหมายผังเมืองมีทุกจังหวัดทั่วประเทศ
21-21296-4.wav	เสียงเพลงชาติไทยที่ดังกึกกล้องภายในโรงเรียนไทยรัฐวิทยา1จังหวัดลพบุรี
21-21297-2.wav	เกิดแรงระเบิดขึ้นในพื้นที่อำเภอหัวหินจังหวัดประจวบคีรีขันธ์
21-21297-30.wav	เพื่อที่จะเดินทางตามปกติค่ะ
21-21297-44.wav	เมืองหัวหินวันนี้ยังคงมีนักท่องเที่ยวเดินทางไปตากอากาศและพักผ่อนหย่อนใจ
21-21297-46.wav	ชาวบ้านที่นี่ยังต้อนรับนักท่องเที่ยวที่จะเดินทางไปชมเสน่ห์ของสถานที่ที่ขึ้นชื่อว่าเป็นเมืองตากอากาศของผู้ดีเก่า
21-21298-380.wav	คือในแอปพลิเคชันมันจะบอกแหละว่าเดินทางระยะเท่านี้
21-21298-569.wav	แต่ว่าระหว่างเดินทางกลับเนี่ยถูกรถหกล้อนะคะ
21-21298-716.wav	วันนี้เราจะยกคนความมันไปที่จังหวัดราชบุรี
21-21300-28.wav	จังหวัดเมียวดีที่พม่า
21-21300-34.wav	ก่อนที่จะรีบนำตัวส่งโรงพยาบาลพบพระจังหวัดตาก
21-21300-8.wav	มี31จังหวัดด้วยกันนับรวมแล้วตอนนี้
21-21301-3.wav	คือถูกคลื่นซัดกลางทะเลที่จังหวัดกระบี่
21-21302-16.wav	โอ้โหก็เวลานางชอบแกล้งอย่างนี้ให้ดูหน้าดูหลังนี่แหละ
21-21305-8.wav	กับการเดินทางไปแคมปิ้งการเดินทางไปคาราวาน
21-21313-38.wav	จะเดินทางมาติดต่อเพื่อขอรับศพถ้ามีความคืบหน้าเพิ่มเติมอื่นใด
21-21313-3.wav	ซึ่งเหตุการณ์ดังกล่าวทำให้มีผู้เสียชีวิตด้วยนะครับวันนี้ผมเดินทางมาติดตามความคืบหน้าที่สถาบันนิติเวชวิทยาโรงพยาบาลตำรวจครับ
21-21314-111.wav	เพราะว่ามันมีข่าวลือหนักมากว่าตอนนี้หัวใจของนางเนี่ย
21-21314-42.wav	ล่าสุดนางผุดโปรเจกต์รีสอร์ทสุดหรูบนเกาะล้าน
21-21316-26.wav	นางสาวแสงโสมนะฮะอายุ33ปีเป็นลูกสาวคนเล็ก
21-21317-106.wav	ช่วงบ่ายที่ผ่านมาหลังจากมีข่าวว่านายเหลิมเนี่ยนะ
21-21317-110.wav	เจอกับพี่ชายของนายเหลิมนะฮะซึ่งเขาก็มาเหมือนกัน
21-21317-111.wav	พี่ชายบอกว่าก็รู้ว่าน้องชายมามอบตัวก็เลยเดินทางมานะครับ
21-21317-117.wav	ก็ไปที่โรงพักเพราะรู้ว่านายเฉลิมไปมอบตัวก็เลยไปนะคะ
21-21317-12.wav	พอเมาพูดจาไม่เข้าหูกันผิดใจกันตัวนายเฉลิมเนี่ย
21-21317-136.wav	ไม่อยากจะให้นายเฉลิมเนี่ยหลุดคดีนี้นะ
21-21317-156.wav	เอาคุมได้แล้วนะฮะใช่ค่ะนายถนอมศักดิ์อ่ะนะคะ
21-21317-162.wav	พอได้ทั้งคู่แล้วตำรวจก็เลยบอกว่าแจ้งข้อหาทั้งนายเฉลิมและในเหลือ
21-21317-19.wav	หรือว่านายเฉลิมเนี่ยนะมีคนให้ข้อมูลมาว่า
21-21317-27.wav	ทีมข่าวของเราตรวจสอบเรื่องนี้ก็คือย้อนกลับไปที่บ้านของนายเฉลิมอีกรอบหนึ่ง
21-21317-42.wav	พอตื่นเช้ามามีคนมาบอกว่านายเฉลิมยิงคนตาย
21-21317-43.wav	เขาก็ตกใจมากพ่อของนายเฉลิมติดต่อมา
21-21317-48.wav	จากนั้นค่ะก็รู้มาว่านายเฉลิมก็ถูกตำรวจจับ
21-21317-78.wav	ก็ครบแล้วอ่ะชั่วโมงหนึ่งนะฮะแต่นายเฉลิมบอกว่าไม่ยอมครับ
21-21317-84.wav	ผู้จัดการวงดนตรีนะที่ชื่อนายเชิงชายค้าเจริญดีกับแดนเซอร์ของวงอีก1คนเสียชีวิตไป2ศพแล้วก็หลบหนีไป
21-21318-19.wav	ศักดีเป็นชาวบางใหญ่จังหวัดนนทบุรีมาถวายแก้บนหลวงพ่อสมหวังฮะ
21-21318-3.wav	ที่หลวงพ่อสมหวังที่จังหวัดนครปฐมนะครับ
21-21319-4.wav	แล้วก็นายศักดิ์ชายตันเจริญหรือว่ามดเล็กครับ
21-21321-35.wav	และประชาชนจำนวนมากที่เดินทางไปรับเสด็จในวันนั้น
21-21326-222.wav	สามารถมาได้เลยนะคะหรือว่าถ้าในวันนี้ใครที่ไม่สะดวกเดินทางค่ะ
21-21328-3.wav	เขาก็นำคณะสื่อมวลชนลงพื้นที่ไปที่จังหวัดภูเก็ตไปที่กะรน
21-21329-68.wav	พร้อมเสนอมาตรการรองรับการเดินทางก่อน
21-21329-90.wav	พร้อมขอให้ลดเวลาจัดงานของจังหวัดต่างในช่วงหลังเที่ยงคืน
21-21331-0.wav	ในอำเภอปรานบุรีจังหวัดประจวบคีรีขันธ์นะครับ
21-21333-0.wav	ส่วนที่จังหวัดเพชรบูรณ์ตอนนี้เนี่ยนะคะมีแก๊งมิจฉาชีพเล่นใหญ่ตั้งตัว
21-21333-20.wav	ก็พบกับนายเอนามสมมุตินะคะอันนี้เป็นน้องของผู้ที่ถูกอ้างว่าไปกู้เงินมา
21-21335-361.wav	คุณผู้ชมคะคืออันนี้นะคะสรุปว่าเจ้าที่ตำรวจมี2นาย
21-21335-437.wav	เพราะว่าส่วนหนึ่งเนี่ยผมเวลาไปประชุมจังหวัด
21-21335-630.wav	มีอีก3นายมารวมถึงสารวัตรด้วยนะคะ
21-21337-108.wav	สามารถมาได้ที่วัดนางสาวอำเภอกระทุ่มแบน
21-21337-109.wav	จังหวัดสมุทรสาครแห่งนี้ครับ
21-21337-20.wav	อยากทราบว่าวัดนางสาวชื่อเนี่ยแปลกมากเลยฮะ
21-21337-9.wav	อำเภอกระทุ่มแบนจังหวัดสมุทรสาครนั่นเองครับ
21-21338-3.wav	ซึ่งเจ้าหน้าที่กลุ่มงานเก็บกู้และตรวจพิสูจนวัตถุระเบิดกองกำกับการสืบสวนภูธรจังหวัดจันทบุรี
21-21339-44.wav	เดินทางโดยปลอดภัยแล้วก็เดือดร้อนน้อยที่สุดนะคะ
21-21340-11.wav	ที่โรงพยาบาลแห่งหนึ่งในจังหวัดสมุทรสาคร
21-21340-17.wav	โรงพยาบาลในจังหวัดปทุมธานีและเสียชีวิต
21-21340-31.wav	สาธารณสุขจังหวัดประสานญาติผู้เสียชีวิต
21-21340-39.wav	ท่านเป็นนายแพทย์สาธารณสุขจังหวัดสมุทรสาคร
21-21346-20.wav	ทีนี้พอนายโอเห็นตำรวจมาเคาะเรียกหน้าห้องนะคะ
21-21346-30.wav	เอาล่ะตำรวจก็เลยแจ้งข้อหาชิงทรัพย์นะคะไปตรวจสอบประวัติเนี่ยพบว่านายโอเนี่ยเคยโดนคดียาเสพติดมาก่อน
21-21347-0.wav	น้ำพริกแม่เฉลาที่จังหวัดกำแพงเพชรขายดิบขายดีก็บอกว่าสร้างรายได้หลักล้านต่อเดือน
21-21349-55.wav	ซึ่งนายสุเทพยังได้กล่าวถึงการที่พลเอกประยุทธ์
21-21349-67.wav	ส่วนที่พลเอกประยุทธ์ปฏิเสธร่วมเวทีดีเบตนายสุวิทย์บอกว่า
21-21350-334.wav	นายกลีเซียนลุงได้ชื่อว่าเป็นผู้นำได้ชื่อว่าเป็นผู้นำนะครับ
21-21350-59.wav	ท่านประธานครับเด็ก4เดือนฮะที่จังหวัดน่านบ้านผมเนี่ย
21-21350-707.wav	จังหวัดได้ตั้งศูนย์กักกันผู้ติดเชื้อเพื่อกระจายราย
21-21350-877.wav	นายพลังด่าดีไหมครับ
21-21351-21.wav	เป็นบ้านหลังหนึ่งนะครับตรวจสอบแล้วเป็นบ้านของนางทองเลื่อนปรุงแก้ว
21-21353-2.wav	ต้องใช้คำนี้เลยคำว่ารวบคาจังหวัดนครราชสีมาเลยคุณผู้ชมค่ะ
21-21355-19.wav	นายสมชัยอายุ53ปีตอนที่เจ้าหน้าที่เขาไปงมมานะ
21-21355-32.wav	ส่วนเมียของผู้ตายบ้างค่ะคือนางนิดดาแจ่มใส
21-21357-40.wav	เชียงใหม่ค่ะพี่เบิร์ตอำเภอเมืองจังหวัดเชียงใหม่ค่ะ
21-21358-650.wav	เขามีเรื่องเล่าสืบต่อกันมาค่ะว่าสมัยก่อนกองทัพพม่าได้เดินทางมาถึงตรงนี้ในช่วงรุ่งเช้า
21-21358-653.wav	ที่มาของชื่ออำเภอสว่างอารมณ์กองทัพพม่าเดินทางมาอำเภอสว่างอารมณ์
21-21358-669.wav	คุณผู้ชมครับกองทัพพม่าเขาเดินทางมาที่อำเภอสว่างอารมณ์
21-21358-777.wav	คุณวาสนาจากจังหวัดนครราชสีมาครับ
21-21359-33.wav	นายยิ่งบอกว่าปกติมาหาของป่าแถวนี้เป็นประจำอยู่แล้วก็เลยรู้เส้นทาง
21-21359-54.wav	อืมนี่หลังจากถูกตำรวจจับนายยันอืม
21-21359-60.wav	ได้คุยกับอดีตภรรยาของนายยอดที่ปัจจุบันก็คือ
21-21362-33.wav	หลายคนก็อาจจะวางแผนไปท่องเที่ยวนะคะ
21-21364-24.wav	เจ้าของบ้านคือนายจตุพรอายุ34ปี
21-21364-30.wav	ส่วนนายเบียร์เป็นเพื่อนที่มาขออาศัยอยู่บ้านนี้
21-21364-44.wav	ปรากฏว่านายเบียร์ที่บอกว่าปืนลั่น
21-21364-48.wav	แล้วก็ตำรวจสืบสวนสภ.บางบานคุมตัวนายเบียร์บัวขาวอายุ29ปี
21-21365-6.wav	สมัยเป็นเด็กนักเรียนเคยนั่งรถทัวร์จากบ้านจังหวัดร้อยเอ็ด
21-21365-7.wav	ไปดูวงระเบียบวาธศิลป์ถึงจังหวัดยโสธร
21-21366-1.wav	เขาบอกว่าเป็นเจ้าแรกของจังหวัดปราจีนบุรีอร่อยพูนชามลูกค้าแน่นร้านทุกวัน
21-21369-25.wav	ก็มีเจ้าหน้าที่เดินทางมารับที่บริเวณกุฏิเจ้าอาวาสค่ะ
21-21370-0.wav	ให้คุณผู้ชมดูคลิปเหตุการณ์นี้นะคะมีคนเห็นเหตุการณ์แล้วก็ถ่ายภาพเอาไว้ได้เหตุการณ์ที่อำเภอท่าบ่อจังหวัดหนองคายผู้หญิงอายุสิบหกเท่านั้นนะคะถูกแฟนหนุ่มทำร้ายร่างกายคือจิกหัวกระชากแล้วทำร้ายร่างกายแบบ
21-21370-11.wav	ลูกสาวกับผู้ชายคนนี้เขากลับมาจากทำงานที่จังหวัดแพร่
21-21373-126.wav	จากนั้นอีก10นาทีนายอภิชาติเดินเข้ามาในร้าน
21-21373-133.wav	นายอภิชาติทำอะไรจนนายอภิชาติอาศัยช่วงที่เธอไม่ทันระวังตัว
21-21373-233.wav	นายอภิชาติบุญเรืองอายุ42ปี
21-21373-47.wav	เอาของเขาไปเนี่ยเขาร้องไห้แล้วก็เนี่ยเหมือนจะเข้าไปทำร้ายนายอภิชาติด้วยนะคะ
21-21373-74.wav	เป็นร้านขายอุปกรณ์การเกษตรจังหวัดปทุมธานี
21-21373-88.wav	ให้สามีก็คือนายอภิชาติย้อนกลับมาที่ร้าน
21-21376-0.wav	สำหรับเหตุการณ์เรือล่มในแม่น้ำป่าศักดิ์ช่วงที่ไหลผ่านจังหวัดเพชรบูรณ์
21-21376-9.wav	คือนายพิทยาไข่ทองอายุ17ปี
21-21377-25.wav	ลักษณะแบบนี้นะครับแล้วนายอุดมตัวสามีเนี่ยเชื่อว่าเมียน่าจะถูกงูกัด
21-21378-113.wav	สิ่งที่จะมาควบคู่กับประชาชนที่จะเดินทางมา
21-21378-296.wav	แล้วก็วันนี้ค่ะได้เห็นว่าประชาชนเดินทางมาเป็นจำนวนมาก
21-21378-297.wav	สัปดาห์หน้า1213ก็จะเดินทางมาเป็นจำนวนมากอีก
21-21378-2.wav	วันนี้จะมาให้ข้อมูลเพิ่มเติมเกี่ยวกับประชาชนที่จะเดินทางมา
21-21378-300.wav	ที่จะเดินทางมาบริเวณท้องสนามหลวงแล้วก็พระบรมมหาราชวังค่ะ
21-21378-69.wav	ผู้บัญชาการทหารบกมีแนวคิดที่จะทำโรงทานให้กับผู้ที่เดินทางมา
21-21378-80.wav	ประมาณสามพันคนหลายจังหวัดภาคอีสานก็จะมาพักเดินทางตั้งแต่ออกจากบ้านไม่มีค่าใช้จ่าย
21-21378-81.wav	อ่ามีรถรับส่งให้เรียบร้อยอย่างมุกดาหารเมื่อสักครู่ผมทราบว่ารองผู้ว่าการจังหวัดเขานำทีมมาเอง
21-21380-0.wav	คุณผู้ชมไปดูเรื่องราวนี้เกิดขึ้นที่จังหวัดอำนาจเจริญนะคะ
21-21380-15.wav	นายระพินแสนเริงอายุ49ปีหายตัวไปอย่างไร้ร่องรอย
21-21380-19.wav	เจอเพียงรถจักรยานยนต์ของนายระพินจอดไว้ข้างทาง
21-21380-27.wav	จากจังหวัดมหาสารคามมาที่อำนาจเจริญซึ่งเป็นพระอาจารย์
21-21380-28.wav	ที่เคยเป็นพระอาจารย์ของนายระพินตอนนั้นที่ไปบวช
21-21380-31.wav	นายระพินไปล่วงเกินเจ้าปู่ซึ่งดูแลปกป้องสถานที่แห่งนี้
21-21380-38.wav	และสุดท้ายจะยอมปล่อยตัวนายระพินกลับคืนมาอย่างปลอดภัยนะคะ
21-21380-40.wav	เป็นภรรยาของนายระพินเป็นผู้สูญหายบอกว่าหลังจากที่สามีหายตัวไป
21-21380-51.wav	ถ้าเกิดว่าพบเห็นนายระพินเมื่อสักครู่เราขึ้นรูปให้เห็นแบบชัดเจนแล้ว
21-21380-55.wav	เจ้าปู่จะปล่อยนายระพินผู้สูญหายกลับมาอย่างปลอดภัยนะคะ
21-21381-0.wav	เอาล่ะคุณผู้ชมมาดูที่อำเภอศรีมหาโพธิจังหวัดปลาจีนบุรีหน่อยนะคะ
21-21381-1.wav	ผู้ชายคนหนึ่งอายุ48ปีเขาเดินทางกลับมาจากพื้นที่เสี่ยงสูงสุด
21-21383-1.wav	เป็นการแข่งขันเรือยาวชิงถ้วยพระราชทานในจังหวัดชัยนาทนะคะ
21-21391-8.wav	ร้านนี้อยู่บริเวณถนนราชวงศ์อำเภอเมืองจังหวัดพะเยา
21-21392-118.wav	แล้วก็มีลมแรงในหลายจังหวัดครับ
21-21392-185.wav	รองผู้บังคับการตำรวจภูธรจังหวัดพังงานี่รองนะท่านรองมาเองเลยนะ
21-21392-201.wav	พาไปที่จังหวัดภูเก็ตเมืองท่องเที่ยว
21-21392-49.wav	เป็นชาวจังหวัดสตูลเกิดเมื่อปีพุทธศักราช2485เป็นที่รู้จักกันมาตั้งแต่ในตอนที่เล่นตลกกับ
21-21392-71.wav	โดยตอนนี้เนี่ยทางเขื่อนเจ้าพญาจังหวัดชัยนาทเขาก็อัปเดตข้อมูลในเรื่องของการปล่อยน้ำออกมาแล้วค่ะ
21-21392-74.wav	ระดับน้ำในเขื่อนเจ้าพระยาที่อำเภอสัพยาจังหวัดชัยนาทเนี่ยนะคะตอนนี้น้ำไหลลงสู่เขื่อนเจ้าพระยาผ่านจุดวัดน้ำค่ายจิรประวัติจังหวัดนครสวรรค์เพิ่มขึ้นต่อเนื่องนะคะ
21-21392-93.wav	แล้วก็ไปมอบถุงยังชีพให้กับพี่น้องประชาชนที่จังหวัดพระนครศรีอยุธยา
21-21393-8.wav	ในพื้นที่ตำบลดอนยางจังหวัดเพชรชบุรีนะคะ
21-21394-37.wav	อำเภอเมืองจังหวัดลพบุรีพร้อมกับรถคันนี้เลยค่ะ
21-21395-10.wav	แล้วก็เจ้าหน้าที่ฝ่ายปกครองอำเภอครองหลวงสัก50กว่านายครับ
21-21396-9.wav	ที่จังหวัดตราดสาวพาส่องเลขเด็ด
21-21397-0.wav	ไปดูอุบัติเหตุเกิดขึ้นที่จังหวัดนครนายกนะคะรถไฟชนกับรถกระบะ
21-21397-12.wav	ตำบลท่าเรืออำเภอปากพลีจังหวัดนครนายก
21-21397-6.wav	เป็นชาวจังหวัดศรีสะเกษได้รับบาดเจ็บสาหัสแขนหักลำตัวงอ
21-21397-8.wav	ชื่อว่านายธีรยุทธ์แก้วละมุนอายุ28ปีนะคะ
21-21398-34.wav	ตำรวจบอกว่านางสาวเรคนก่อเหตุเนี่ย
21-21398-36.wav	เพราะได้ยินนางสาวหนึ่งคนเจ็บไปพูดกับคนอื่น
21-21398-41.wav	เดี๋ยวเตรียมจะแจ้งข้อหากับนางสาวเรก็คือทำร้ายร่างกาย
21-21398-66.wav	บอกทีมข่าวไทยรัฐทีวีได้นะครับส่วนคนเจ็บนางสาวหนึ่ง
21-21398-6.wav	นี่เป็นจุดในครัวนะครับเป็นร้านอาหารแห่งหนึ่งในปั๊มน้ำมันที่จังหวัดพิษณุโลก
21-21405-16.wav	ผู้ตายก็คือนางลำไพรโควัฒนกุลอายุ41ปี
21-21408-17.wav	รองผู้บัญชาการตำรวจสอบสวนกลางบอกว่าคือเนื่องจากมีการแพร่ระบาดของกาแฟปลอมในหลายจังหวัดนะคะ
21-21408-6.wav	อำเภอลาดหลุมแก้วจังหวัดปทุมธานี
21-21409-18.wav	เขาก็เดินทางมาเปิดใจกับบันเทิงไทยรัฐนะเกี่ยวกับเรื่องราวความรักของทั้งคู่ด้วย
21-21410-25.wav	นายชายนายชายในนามสมมุตินะ
21-21410-33.wav	โดยนายสุริยาหางคิ้วแตก
21-21410-19.wav	ก็สอบถามนายสุริยาอยู่บำรุงอายุ25ปี
21-21410-36.wav	บอกว่านายชายคนขับรถกระบะส่งของ
21-21410-50.wav	นายสุริยาบอกว่าหากเป็นอยู่แบบนี้คุณ
21-21411-105.wav	ก็เลยคิดว่าเป็นเรื่องนี้นายบอยอ้างแบบนี้นะคะ
21-21411-10.wav	นายธวัชชัยงอกคำอายุ26ปีหรือนายบอย
21-21411-11.wav	2คนนี้เป็นผู้ต้องหาก่อเหตุข่มขืนเด็กหญิงอายุ14ปีในจังหวัดชัยภูมิ
21-21411-131.wav	ทีมข่าวของเราก็เลยไปที่บ้านพักเด็กและครอบครัวจังหวัดชัยภูมินะคะ
21-21411-132.wav	ไปคุยกับนางสาวสุชีวาบุญกอง
21-21411-133.wav	เจ้าหน้าที่บ้านพักเด็กและครอบครัวจังหวัดชัยภูมิ
21-21411-7.wav	เหตุการณ์นี้เกิดขึ้นที่จังหวัดชัยภูมิแต่พอทั้งสองคนไปมอบตัวเขาบอกว่าเขาไม่ได้ข่มขืน
21-21419-23.wav	คนตายน่าจะชื่อนางสาวกุ๊กกิ๊กอายุ22ปี
21-21419-28.wav	พร้อมกับล็อกกุญแจไว้ทำให้นางสาวกุ๊กกิ๊กขาดอากาศหายใจ
21-21419-31.wav	สิ่งที่นายเฉลิมชนให้การกับตำรวจขัดแย้งกับนายไอซ์โดยบอกว่า
21-21419-42.wav	จากคดีนี้นายไอซ์ต้องติดคุก
21-21419-50.wav	แต่หลังจากพ้นโทษนายเฉลิมชัย
21-21419-73.wav	ก็คือนางสาวกุ๊กกิ๊ก
21-21419-8.wav	ชายคนนี้คือนายอภิชัยหรือไอซ์องค์วิสิต
21-21420-15.wav	ภรรยาของคนเจ็บนะฮะคือนางดอกแก้วนะครับบอกถึงปมเหตุว่าทั้งสองคนคือบุญชมสามีของเธอกับเกษมหลานของเธอ
21-21420-28.wav	หลานสาวของคนเจ็บนะฮะหลานสาวของนายบุญชมเนี่ยบอกว่าไอ้ที่ดินปัญหาเนี่ย
21-21420-30.wav	คือก่อนหน้านี้รุนแรงถึงขั้นที่นายเกษมผู้ก่อเหตุเนี่ย
21-21420-31.wav	เคยเอามีดเนี่ยฟันนายบุญชมจนนิ้วเกือบขาดมาแล้ว
21-21420-35.wav	เพราะกลัวว่านายเกษมจะย้อนมาก่อเหตุฆ่าคนในครอบครัวคนเจ็บ
21-21420-37.wav	อาการของนายบุญชมตอนนี้หมอบอกว่าพ้นขีดอันตรายแล้ว
21-21420-5.wav	มีจักรยานยนต์ของนายบุญชมเนี่ยล้มคว่ำอยู่ด้วยนะครับก็ถูกนำตัวส่งโรงพยาบาล
21-21420-6.wav	จากการสอบสวนทราบว่าก่อนเกิดเหตุนายบุญชมคนเจ็บขี่จักรยานยนต์จะไปเก็บเงินนะฮะ
21-21420-7.wav	เป็นเงินออมวันละบาทที่ชุมชนบัวขาวระหว่างทางเนี่ยไปเจอกับนายเกษมภารีนนท์
21-21421-25.wav	เช้าที่ผ่านมามือยิงครับคือนายตั้มหรือว่านายวิเศษ
21-21422-17.wav	ซึ่งก็เรียกตัวนายสามารถเจ้าของร้านที่เกิดเหตุมาสอบปากคำอีกรอบนึง
21-21424-11.wav	ผู้บังคับการตำรวจภูธรจังหวัดอุดรธานีนำรถจักรยานยนต์คันนี้
21-21424-23.wav	แล้วก็เอาเอกสารใต้เบาะอ้าวไปพบชื่อของนายนคร
21-21424-31.wav	อยากจะขอบคุณตำรวจทุกนายที่ใส่ใจดูแลและนำรถมาคืนให้ถึงบ้าน
21-21425-125.wav	ช่วงนี้นางยุ่งอยู่นางถ่ายละครอยู่
21-21425-246.wav	เขาก็เดินทางไปแจ้งความว่ากาโตะไปพูดแบบนี้ต่าง
21-21425-470.wav	หน้าวัดแห่งหนึ่งที่จังหวัดพิษณุโลกครับ
21-21425-688.wav	พร้อมกับนั่งจับกลุ่มคุยกันนะครับถึงการตายของนายวิชาณว่า
21-21425-689.wav	หลังจากนายวิชาญผูกคอตายไปแล้วเพียงข้ามคืนเดียวเนี่ย
21-21426-7.wav	นายนิพนธ์บุญยามณีนายกองค์การบริหารส่วนจังหวัดสงขลาค่ะ
21-21429-16.wav	ผมยืนยันนะครับวันนี้ก็เริ่มดำเนินการเปิดไปแล้วที่ภูเก็ตแซนบล็อกแล้วก็จะมีการขยายไปยังจังหวัดต่างโดยรอบ
21-21429-289.wav	ผมพูดไปแล้วนะครับ3ประเทศแม้ว่ารายได้ของท่องเที่ยวจากของประเทศไทยในปี63
21-21431-26.wav	ยืนยันว่าจะอยู่เคียงข้างนายพิธาเพื่อรักษาประชาธิปไตยที่มาจากประชาชน
21-21431-34.wav	แต่เมื่อได้ฟังเหตุผลของนายพิธาแล้วก็เห็นด้วยในการแก้ไข
21-21431-36.wav	มาเป็นเงื่อนไขในการโหวตไม่เห็นชอบให้นายพิธาเป็นนายก
21-21434-120.wav	อำเภอเดียวครับในจังหวัดขอนแก่นหน้าถัดไปครับ
21-21437-0.wav	เรามาดูเหตุสลดที่เกิดขึ้นที่จังหวัดสุรินทร์กันก่อน
21-21437-35.wav	ขณะที่นางสาวจีราพรโสรจันทร์อายุ20ปีภรรยาผู้ตาย
21-21437-37.wav	หลังจากที่เดินทางมาจากบ้านพ่อของตัวเองเพื่อมาดูลูกแต่เช้า
21-21437-73.wav	ให้กับนางสาวจีราพรผู้เป็นแม่
21-21437-75.wav	ส่วนศพของนายสมชายได้ตั้งบำเพ็ญกุศลไว้
21-21437-77.wav	โดยมีชาวบ้านทยอยเดินทางมาร่วมงานศพ
21-21438-7.wav	บอกว่าหลังจากที่ไปสั่งสมประสบการณ์จากการเดินทางไปใช้ชีวิตในหลายประเทศทั่วโลก
21-21440-1.wav	แม่บ้านโฮมสเตย์แห่งหนึ่งในจังหวัดจันทบุรี
21-21440-57.wav	ตอนนี้ยังติดธุระและจะเดินทางมาให้ปากคำกับตำรวจภายในวันนี้
21-21441-12.wav	โดยนางสาวเอเด็กหญิงอายุ15ปี
21-21441-31.wav	ส่วนยายของน้องคนนี้ก็คือนางลีอายุ63ปีนะฮะ
21-21441-59.wav	ก็คือมีการนำตัวของนายอนุพงศ์จันทศรี
21-21445-0.wav	ส่วนช่วงนี้มาดูเหตุการณ์ความไม่สงบในพื้นที่จังหวัดภาคใต้กันหน่อยนะคะ
21-21445-13.wav	ในพื้นที่จังหวัดยะลาตำรวจภูธรกาบัง
21-21445-28.wav	ส่งผลให้เจ้าหน้าที่ได้รับบาดเจ็บสาหัส2นาย
21-21445-3.wav	ในพื้นที่จังหวัดยะลาปัตตานีและสงขลา
21-21447-17.wav	พอช่วงที่เข้าเขตจังหวัดกำแพงเพชรรถทัวร์ได้จอดแวะรับประทานอาหารนะคะ
21-21450-30.wav	คือนายสุวัสดิ์อายุ39ปีเล่าให้ฟัง
21-21456-29.wav	ถึงกรณีที่มีการนำปฏิทินของนางสาวยิ่งลักษณ์แล้วก็นายทักษิณนะคะ
21-21456-35.wav	ซึ่งนายดอนบอกว่าส่วนตัวไม่เห็นด้วยค่ะ
21-21459-28.wav	นายเจยี่หนึ่งในผู้ต้องหาเล่าให้ฟังแบบนี้นะคะ
21-21459-29.wav	วันเกิดเหตุเนี่ยตั้งวงกินเหล้ากันอยู่กับนายอาชิงนายซานตี้กินเหล้ากัน3คน
21-21459-42.wav	ทางครอบครัวของผู้ตายก็ติดต่อรับศพนายเฉินยี่ไห่อายุ51ปีคนนี้ค่ะ
21-21459-51.wav	ภรรยาของในเฉินนางวิไลพรเล่าทั้งน้ำตาเลยค่ะ
21-21460-20.wav	บอกว่าวันนี้ได้เดินทางไปที่สน.สถานีตำรวจภูธร
21-21462-16.wav	ช่วงนี้นะคะก็มีนักท่องเที่ยวเดินทางมาชมความงามกันเยอะมาก
21-21462-44.wav	แพะเมืองผีที่จังหวัดแพร่
21-21466-60.wav	คือนายจิตชัยเนี่ยเขาบอกกับเรานะครับบอกว่าปกติเนี่ยเป็นคนที่มีลักษณะนิสัยชอบกินของดิบอยู่แล้ว
21-21466-97.wav	อ้าวนี่ฮะนายจิตชัยหรือว่าหยกลูกหยี
21-21469-16.wav	และบางส่วนก็นำไปจำนำที่จังหวัดพระนครศรีอยุธยาและปทุมธานี
21-21469-20.wav	เชิญตัวนางแมลงนางสาวเชอรี่และเพื่อนคนงานที่บันทึกภาพในวันเกิดเหตุไป
21-21469-24.wav	ทำให้นางแมลงกลัวจึงสารภาพเรื่องทั้งหมด
21-21469-26.wav	นางสาวเชอรี่ฟังแล้วรู้สึกเสียใจ
21-21469-37.wav	ขณะที่เพื่อนบ้านของนางสาวเชอรี่
21-21471-110.wav	ห้ามออกนอกเคหสถานมีจังหวัดอะไรบ้างคุณ
21-21471-124.wav	อันนี้เป็นคำสั่งการขอความร่วมมือของแต่ละจังหวัด
21-21471-128.wav	แต่เชื่อว่าเดี๋ยวหลังจากนี้นะนอกจาก5จังหวัดนี้
21-21471-130.wav	ส่วนรายละเอียดของคำสั่งของแต่ละจังหวัดที่น่าสนใจอีกเรื่องหนึ่ง
21-21471-56.wav	ส่วนใหญ่ก็จะกระจุกตัวอยู่ในพื้นที่6จังหวัดนะครับ
21-21471-57.wav	ซึ่ง6จังหวัดนี้มีผู้ป่วยเป็นจำนวนมากนะครับ
21-21471-71.wav	ดังนั้นใน6จังหวัดที่พบการแพร่ระบาดมาก
21-21471-77.wav	มีจังหวัดไหนบ้างใน6จังหวัดนี้
21-21471-86.wav	ดังนั้นเดี๋ยวเราบอกขอบอก16จังหวัดของพื้นที่สีส้มแล้วกันค่ะคุณผู้ชม
21-21471-88.wav	6จังหวัดมีแพร่พะเยานครพนมตราดสิงห์บุรีอ่างทองชัยนาท
21-21471-95.wav	ตรงนี้จะเป็นกลุ่มจังหวัดที่เยอะที่สุดในประเทศ
21-21471-96.wav	ก็คือ55จังหวัดที่เหลือนั่นเอง
21-21477-116.wav	ในจังหวัดขอนแก่นนั่นเองนะฮะตอนนี้หลายพื้นที่หลายหน่วยงานก็เริ่มมีการให้คนนั้นไปฉีด
21-21477-34.wav	กลุ่มดังกล่าวเขาก็เดินทางถือป้ายประท้วงไปที่
21-21477-70.wav	ก็เดินทางมาตรวจเยี่ยมให้กำลังใจ
21-21477-9.wav	เขาเดินหน้าเดินทางไปที่กระทรวงศึกษาธิการ
21-21478-0.wav	ไปดูเหตุระทึกข้ามจังหวัดค่ะที่บอกว่าข้ามจังหวัดเนี่ยเป็นเหตุการณ์โชเฟอร์ขับรถบรรทุก6ล้อส่งน้ำแข็ง
21-21478-20.wav	สุดท้ายก็จนมุมบริเวณรอยต่อระหว่างจังหวัดเพชรชบูรณ์แล้วก็ลพบุรีนะคะ
21-21478-38.wav	ไปส่งพนักงานโรงพักวิเชียนบุรีจังหวัดเพชรชบูรณ์
21-21478-3.wav	ข้ามไปไกล3จังหวัดแบบนี้
21-21480-65.wav	ครอบครัวก็ได้เดินทางไปที่ปากน้ำนะคะ
21-21480-66.wav	จังหวัดสุปราการเพราะว่าเป็นสถานที่ที่อาต้อยเคยบอกไว้
21-21481-20.wav	ซึ่งเจ้าหน้าที่ก็จัดกำลังตำรวจกว่า430นายในการเดินตรวจตราโดยรอบอย่างเต็มที่
21-21481-36.wav	ฝ่ายตำรวจท่องเที่ยวเองเขาก็มีการจัดศูนย์ช่วยเหลือนักท่องเที่ยวต่างชาติ
21-21486-23.wav	แต่ว่าจะได้รับผลกระทบมากหน่อยก็คือบริเวณจังหวัดชลบุรีระยองจันทบุรีแล้วก็ตราดนะคะ
21-21487-22.wav	แฟนของเธอทำงานที่โรงพยาบาลแห่งหนึ่งในจังหวัดปทุมธานี
21-21488-21.wav	นายอดุลศักดิ์เล่าเหตุการณ์ชอกช้ำใจ
21-21488-13.wav	คือเจ้าของรถคือนายอดุลศักดิ์อายุ35ปี
21-21488-85.wav	แจ้งข้อหาดำเนินคดีกับนายอดุลคนนี้นะฮะตามกฎหมายต่อไป
21-21489-25.wav	แล้วช่วงนั้นนะครับนายประเสริฐ
21-21489-31.wav	นายประเสริฐเขาก็กลัวมีปืนด้วย
21-21489-77.wav	อีกฉบับหนึ่งก็เป็นการแบ่งที่ดินที่จังหวัดพิจิตร
21-21490-0.wav	ทีนี้พาไปที่จังหวัดชลบุรีหน่อยนะคะแหม
21-21491-12.wav	ไปพูดคุยกับนายเสงี่ยมวงชัยนะคะ
21-21496-12.wav	โดยมีญาติของกัปตันเรือเดินทางไปดูศพ
21-21499-4.wav	ที่ตำบลชุมโคอำเภอประทิวจังหวัดชุมพรนะครับไปดูเลย
21-21500-2.wav	เพราะฉะนั้นเราไปปักหมุดกันที่จังหวัดชลบุรีกันค่ะ
21-21501-2.wav	หลายคนวันนี้ไม่ได้ทำงานแล้วใช่ไหมไปเที่ยวท่องเที่ยวกันที่ไหนกันบ้าง
21-21503-24.wav	แล้วก็คนเดินทางถนนเนี่ยเขาจะได้มีความรู้สึกปลอดภัย
21-21504-23.wav	ทางนี้ทางจังหวัดยังคงเฝ้าระวังตามจุดเสี่ยงตลอด24ชั่วโมงต่อไปนะครับ
21-21504-28.wav	และพื้นที่จังหวัดพิษณุโลกได้หยุดตกแล้ว
21-21504-29.wav	ส่งผลให้ระดับน้ำในลำน้ำต่างที่ไหลผ่านจังหวัดพิษณุโลกลดลงเช่นกันครับ
21-21504-26.wav	แล้วก็เตรียมรับมือมวลน้ำเหนือที่กำลังจะไหลมาจากจังหวัดสุโขทัย
21-21504-30.wav	แต่ได้เตรียมการเฝ้าระวังน้ำที่ไหลมาจากจังหวัดสุโขทัยแล้วก็อำเภอพิชัยจังหวัดอุตรดิตถ์
21-21504-40.wav	นายประมวลมาสารเจ้าของบอกว่านั่งดูไก่ตายถูกน้ำท่วมทั้งฟาร์ม8000ตัว
21-21504-4.wav	ส่วนที่จังหวัดนครสวรรค์ซึ่งเป็นจุดรวมแม่น้ำยมแม่น้ำน่าน
21-21504-58.wav	เพิ่มสูงขึ้นอย่างต่อเนื่องหลังเขื่อนเจ้าพระยาจังหวัดชัยนาท
21-21504-69.wav	พร้อมนำเรือแจกจ่ายในการเดินทางนะครับ
21-21504-6.wav	จังหวัดนครสวรรค์นะครับน้ำท่วมขยายวงกว้างเพิ่มขึ้น
21-21505-13.wav	จากนั้นเดินทางต่อไปยังจุด3แยก
21-21505-18.wav	โดยแบ่งหน่วยซิลออกเป็น3ชุดรวม14นาย
21-21505-25.wav	2นาฬิกานักดำน้ำจากต่างประเทศและหน่วยซิลแบ่งทีมกันออกเป็น6ชุดรวม25นาย
21-21505-7.wav	จากนั้นจะเดินทางต่อไปยังจุดสามแยก
21-21509-0.wav	พาไปที่อำเภอบ้านกรวดจังหวัดบุรีรัมย์กันหน่อยค่ะคุณผู้ชม
21-21511-30.wav	ท้องที่ของสภ.บางกรวยจังหวัดนนทบุรีครับ
21-21512-12.wav	ตำรวจปราบปรามยาเสพติดและหน่วยงานที่เกี่ยวข้อง1390นาย
21-21512-13.wav	เปิดแถลงข่าวกันที่ศูนย์ฝึกอบรมตำรวจภูธรภาค1จังหวัดสระบุรี
21-21512-16.wav	เพื่อที่จะขุดรากถอนโคนเครือข่ายของนายชัยวุฒิหรือว่าแม็กทิสเนอร์
21-21512-30.wav	ส่งไปยังจังหวัดต่างเพื่อทำการขายต่อ
21-21512-61.wav	ถูกคนร้ายยิงเสียชีวิตที่จังหวัดลพบุรี
21-21512-63.wav	ส่วนแฝดผู้พี่นายชัยวุฒิอยู่ระหว่างหลบหนี
21-21512-8.wav	เชื่อไหมครับว่ามีตำรวจกี่นายที่เข้าร่วมในงานแถลงข่าวคุณ
21-21512-9.wav	ดูสิพันกว่านายคือเมื่อวานนี้นะครับทางตำรวจ
21-21513-18.wav	ส่วนอาชีพหลักตอนนี้ค่ะก็เป็นการทำนาทำไร่ที่จังหวัดชัยภูมิ
21-21514-95.wav	เอาละฮะก็ท่านเจ้าวาดท่านยืนยันของท่านแบบนี้นะเพราะฉะนั้นเราก็ต้องย้อนกลับไปดูที่ต้นทางหน่อยเราก็ตรวจสอบไปยังสำนักงานเจ้าคณะอำเภอพระประแดงจังหวัดสมุทรปราการนะครับที่กำกับดูแลวัดในสังกัดของพระอ๋อยที่เคยอยู่ที่วัดนั้นนะฮะตอนที่เกิดเหตุได้รับข้อมูลว่าหลังจากเกิดเหตุในช่วงวันนั้น
21-21516-11.wav	โดยนายสำรวยยอดฟ้าอินนะคะบอกว่าคือเรื่องของเรื่องเนี่ย
21-21516-14.wav	คุณนัทพงศ์แล้วก็มีญาติของนายสงัดสายวันเนี่ยค่ะ
21-21518-22.wav	ตอนนั้นกำลังเดินทางไปร่วมงานแต่งงานนะคะ
21-21519-0.wav	กรณีอุ้มฆ่านักศึกษาสาวชาวจีนนางสาวจินซ่านอายุ22ปี
21-21519-129.wav	เดินทางมายังไทยในการรับศพลูกสาวกลับไปประกอบพิธีที่จีน
21-21520-33.wav	นำกำลังมาจับกลุ่มนายอรุณอายุ36ปี
21-21520-36.wav	นายอรุณขัดขืนนะตำรวจบอกว่ามีการเตะมีการถีบมีการขัดขืน
21-21520-38.wav	เป็นพี่ชายของนายอรุณมาเห็นว่าน้องชายเนี่ยกำลังถูกทำร้ายอยู่
21-21520-49.wav	นี่ส่วนนี้คือนายอรุณเสื้อสีแดงนะฮะ
21-21520-77.wav	ตำรวจก็กระจายกำลังปิดล้อมระหว่างนั้นพบนายอรุณ
21-21520-78.wav	แล้วก็ไล่ตะครุบตัวนายอรุณได้ทันก็กดลงพื้นเพื่อใส่กุญแจมือ
21-21520-84.wav	ส่วนนายอรุณเห็นพี่ชายถูกยิงก็วิ่งหลบหนีไป
21-21520-88.wav	ซึ่งได้จากกระเป๋าสะพายของนายอรุณ
21-21523-16.wav	ลดอย่างไรรูปธรรมก็คือกฎหมายพิเศษที่ใช้ใน3จังหวัดภาคใต้
21-21523-41.wav	ข้อสุดท้ายที่จำเป็นต้องทำก็คือเสริมสร้างเศรษฐกิจของ3จังหวัดภาคใต้
21-21523-50.wav	ทำให้3จังหวัดภาคใต้เป็นข้อต่อของเศรษฐกิจ
21-21527-108.wav	ทีนี้ค่ะพอหลังจากปิดประชุมค่ะแก่นำพักภูมิใจไทยนำโดยนายอนุทินชาญวีรกูล
21-21528-0.wav	พาไปดูเรื่องราวที่จังหวัดนครราชสีมานะครับ
21-21528-11.wav	โดยเฉพาะชาวบ้านที่จะเดินทางไปทำงานในต่างประเทศอันนี้สำคัญเขาบอกว่าจะต้องมากราบไหว้ขอพร
21-21529-24.wav	ในที่สุดก็นำลูกเดินทางมามอบตัวกับตำรวจ
21-21529-4.wav	ขาล่องหมู่1ตำบลควนขนุนที่อำเภอเขาชัยสนจังหวัดพัทลุงนะฮะ
21-21532-5.wav	แล้วก็คบกับนายเต้ยนะคะซึ่งเป็นเพื่อนกันสมัยเรียนหนังสือ
21-21534-10.wav	นายตำรวจท่านนี้ก็คือดาบตำรวจมานพสุขโสมนะครับก็ทำงานอยู่ที่สถานีตำรวจภูธรปักทงชัย
21-21534-7.wav	ปักทงชัยจังหวัดนครราชสีมาครับผู้ที่สนใจนะครับ
21-21536-68.wav	ไม่ว่าจะเป็นปีกขวาหรือว่าทางทิศเหนือของดอยนางนอน
21-21536-69.wav	รวมถึงทางปีกซ้ายหรือว่าทางทิศใต้ของดอยนางนอนนะคะ
21-21536-77.wav	ก็เดินทางขึ้นไปเลยนะคะบริเวณดอยผาหมี
21-21538-23.wav	ได้เอาไม้หลักเมืองของจังหวัดนครศรีธรรมราชนะคะ
21-21544-10.wav	ไม่ได้เป็นแค่ไม้ธรรมดาที่ช่วยในการเดินทางอย่างเดียว
21-21544-26.wav	ไม่มีไม้เท้าขาวคนตาบอดก็ไม่สามารถเดินทางใช้ชีวิตอิสระได้
21-21546-13.wav	อยู่กับคุณพ่อที่จังหวัดนครนายก
21-21546-33.wav	จากจังหวัดนครนายกไปหาแม่ที่จังหวัดสตูลเพื่อเซอร์ไพรส์แม่
21-21546-3.wav	พาคุณผู้ชมเดินทางไปที่ปลายทางจังหวัดสตูล
21-21546-7.wav	จากนครนายกไปที่จังหวัดสตูล
21-21548-28.wav	ช่วงเดินทางกลับเนี่ยมันผ่านลพบุรีพอดี
21-21549-19.wav	และอดีตนายตำรวจสันติบาลได้เปิดบ้านแถลงต่อสื่อมวลชนก่อนที่จะเข้ามอบตัวนะคะ
21-21549-36.wav	ขึ้นรถของเจ้าหน้าที่เพื่อเดินทางมาเซ็นรับทราบหมายจับของศาล
21-21549-52.wav	เดินทางไปรับทราบข้อกล่าวหาต่อที่สน.ดอนเมือง
21-21551-16.wav	ที่บ้านรัตนภพตำบลดงใหญ่อำเภอพิมายจังหวัดนครราชสีมา
21-21553-0.wav	ข่าวเย็นไทยรัฐนะคะคุณผู้ชมค่ะกับกรณีเกิดขึ้นในจังหวัดเชียงใหม่ที่พนักงานการไฟฟ้าท่านหนึ่งนะคะขึ้นไปซ่อมหม้อแปลงไฟฟ้าแล้วเกิดระเบิดขึ้นมาสุดท้ายไฟคลอกร่างของเจ้าหน้าที่ท่านนี้นะคะล่าสุดเสียชีวิตลงแล้วเพราะว่าทนพิษบาดแผลไม่ไหว
21-21555-11.wav	ถ้าเอาเรื่องของแก๊งเราไปแฉนะนายตายแน่นายบีนายตายแน่
21-21557-39.wav	ก็คือจุดกำเนิดเดิมของเชียงคานก็คือการไปท่องเที่ยวเมืองเก่า
21-21562-12.wav	โอ้โหได้เดินทางไปสัมผัสความสวยงามของท้องทะเลไทย
21-21562-25.wav	ต่อจากนั้นค่ะพวกเธอก็เดินทางไปยังเกาะหลีเป๊ะ
21-21562-2.wav	นี่เขาไปเก็บตัวกันลงเกาะลงใต้กันไปที่จังหวัดสตูลนะคุณ
21-21562-4.wav	หลังจากเมื่อวานนี้เดินทางมาร่วมกิจกรรม
21-21562-5.wav	เพื่องานประชาสัมพันธ์การท่องเที่ยวทางทะเลที่จังหวัดสตูล
21-21563-2.wav	ของลุงเดี่ยวจากจังหวัดนครสวรรค์นะครับ
21-21563-45.wav	ครอบครัวของลุงเดี่ยวจากจังหวัดนครสวรรค์ตอนนี้นะครับ
21-21563-49.wav	ผมจะเลือกเฉลยข้อต่อไปจากเรื่องจังหวัดนครสวรรค์ครับ
21-21563-51.wav	อำเภอใดในจังหวัดนครสวรรค์มีพื้นที่เล็กที่สุด
21-21564-12.wav	วัยรุ่นที่ถูกทำร้ายร่างกาย2คนคือนายพีชอายุ24ปี
21-21564-13.wav	และนายตูนอายุ24ปีเท่ากัน
21-21564-36.wav	แล้วก็พยายามพูดให้นายพีชกับนายตูน
21-21567-5.wav	มันเกิดขึ้นที่ตลาดพันล้านที่อำเภอสามพรานจังหวัดนครปฐมนะคะ
21-21570-28.wav	ทั้ง2เส้นทางจะรองรับการเดินทางของประชาชน
21-21570-3.wav	ซึ่งก็เป็นการเป็นเส้นทางที่จะเดินทางเข้าสู่กรุงเทพชั้นในค่ะ
21-21571-8.wav	อยู่ที่ตำบลย่านรีอำเภอกบินบุรีจังหวัดปราจีนบุรีนะครับ
21-21573-26.wav	ซึ่งก็แตกต่างกันออกไปคราวนี้เป็นนายรำและนางรำนะครับ
21-21573-4.wav	คุณผู้ชมที่เห็นอยู่เนี่ยนายรำและนางรำ
21-21573-7.wav	บอกกันก่อนที่นี่คือวัดสนามชัยตำบลตลาดหลวงอำเภอเมืองจังหวัดอ่างทอง
21-21573-9.wav	เดินทางมาพร้อมกับนางรำและนายรำ
21-21574-15.wav	ส่วนศพของนายประเสริฐเนี่ยญาติตอนแรกจะติดต่อไปรับศพ
21-21574-18.wav	นายสมชายพันเอกอายุ57ปีซึ่งเป็นพ่อผู้ตาย
21-21574-20.wav	เขาเดินทางไปที่สถาบันนิติวิทยาศาสตร์โรงพยาบาลธรรมศาสตร์เฉลิมพระเกียรติ
21-21574-21.wav	เพื่อขอรับศพของนายประเสริฐพันเอก
21-21574-8.wav	จนถึงขั้นเสียชีวิตแล้วหลังก่อเหตุนายสมชายผู้ก่อเหตุเนี่ย
21-21576-16.wav	นายสุรชัยนามสกุลภูแก้วอายุ38ครับเป็นชาวบ้านในพื้นที่นี่แหละนะครับ
21-21576-57.wav	เรื่องต้นแล้วเนี่ยนะวิเคราะห์ว่านายสุรชัย
21-21577-4.wav	ที่บ้านเลขที่228ทับ1หมู่11ตำบลชัยเกษมอำเภอบางสะพานจังหวัดประจวบคีรีขันธ์
21-21578-70.wav	พร้อมกันนี้ก็ได้ให้ตำรวจท่องเที่ยวเชิญตัวผู้เสียหายมาจากจังหวัดภูเก็ต
21-21580-15.wav	ตำรวจท่องเที่ยวรวมถึงหน่วยงานที่เกี่ยวข้องพาณิชย์จังหวัด
21-21580-36.wav	เพราะว่ามีนักท่องเที่ยวชาวจีนที่เดินทางมาเที่ยวบ้านเรา
21-21580-58.wav	เสียความรู้สึกต่อการเดินทางมาท่องเที่ยว
21-21583-22.wav	ที่จังหวัดขอนแก่นอุบลราชธานีเชียงใหม่นครสวรรค์สงขลา
21-21588-23.wav	ส่วนที่จังหวัดเพชรชบุรีเกิดอุบัติเหตุรถกระบะเสียหลักตกข้างทาง
21-21589-23.wav	ทางสำนักงานสาธารณสุขจังหวัดจันทบุรี
21-21589-2.wav	ทางจังหวัดจันทบุรีค่ะคุณผู้ชมค่ะ
21-21589-34.wav	ทางจังหวัดยังให้ความสำคัญเป็นพิเศษ
21-21589-3.wav	เขาก็สร้างความมั่นใจให้กับผู้ที่ต้องการจะเดินทางไปแสวงบุญนะคะ
21-21589-7.wav	พร้อมคณะแพทย์สาธารณสุขจังหวัด
21-21593-100.wav	แล้วก็เบื้องต้นปล่อยตัวนายสิทธิ์กลับไปก่อน
21-21593-89.wav	และทีนี้กลายเป็นเรื่องใหม่นะคุณนะแม่ก็ยังบอกสงสัยจะเป็นนายสิทธิ์คนเดิมเนี่ย
21-21593-95.wav	แต่นายสิทธิ์ให้การปฏิเสธบอกว่าผมไม่ได้ก่อเหตุ
21-21598-9.wav	ก็จังหวัดเขามีกฎของเขาอยู่ว่าที่เชียงใหม่เนี่ย
21-21599-23.wav	จังหวัดนครสวรรค์ค่ะนะครับทีมข่าวการเมืองของเราก็เกาะติด
21-21601-25.wav	ไปฟังเสียงนางร้ายในตำนานหน่อยค่ะ
21-21603-3.wav	สำหรับเรื่องราวที่เกิดขึ้นซึ่งนายกรัฐมนตรีก็ออกมาบอกว่า
21-21604-164.wav	ทีมข่าวไทยรัฐทีวีที่เราลงพื้นที่จังหวัดภูเก็ตเนี่ย
21-21604-166.wav	ก็ได้เปิดเผยกับเรานะฮะบอกว่าเธอก็เดินทางมาจากบ้านเกิดจังหวัดกาฬสินธุ์เหมือนกับสปายแล้วก็ฟอร์สนั่นแหละ
21-21604-27.wav	เขาเป็นคนกว้างขวางเป็นผู้มีอิทธิพลอยู่ในพื้นที่จังหวัดภูเก็ต
21-21604-4.wav	ยิงจนเสียชีวิตที่เขาชีจันทร์จังหวัดชลบุรี
21-21605-29.wav	เรื่องราวเหล่านี้ไปเกิดขึ้นที่จังหวัดเชียงราย
21-21605-321.wav	ในจังหวัดสระบุรี
21-21605-630.wav	แล้วก็เขาก็บอกว่านางเคลียร์ทุกคำถามเลยล่ะ
21-21605-786.wav	เพราะเด็กเขาเล่าว่านางขอมีอะไรด้วย
21-21606-1.wav	เจ้าหน้าที่ฝ่ายปกครองของจังหวัดมหาสารคามค่ะ
21-21606-32.wav	พอไปพบกับนายเอกพันธ์เจ้าหนี้นอกระบบ
21-21606-35.wav	นายเอกพันธ์เจ้าหนี้เงินกู้นอกระบบยอมรับนะคะว่า
21-21606-53.wav	เจ้าหน้าที่ก็เลยนำตัวนายเอกพันธ์
21-21608-12.wav	ในพื้นที่อำเภอทับสะแกจังหวัดประจวบคีรีขันธ์นะคะรถพังเสียหาย
21-21610-18.wav	ที่ปรากฏรูปภาพและลายเซ็นต์ของนายทักษิณและนางสาวยิ่งลักษณ์ว่า
21-21610-47.wav	ก็ยังคงนำปฏิทินนายทักษิณและนางสาวยิ่งลักษณ์จำนวนกว่า500ใบ
21-21611-0.wav	ไปที่จังหวัดจันทบุรีกันหน่อยนะคะ
21-21611-14.wav	หลังจากที่นายชนะปีนขึ้นไปตัดแต่งกิ่งของต้นยางพารา
21-21611-18.wav	ตัดกระแสไฟฟ้าแล้วก็ไปให้การช่วยเหลือนายชนะนะคะ
21-21611-26.wav	เจ้าหน้าที่ก็เลยรีบนำตัวนายชนะส่งโรงพยาบาล
21-21612-0.wav	แต่มาดูเหตุการณ์นี้ค่ะที่จังหวัดตรังค่ะ
21-21612-101.wav	นายสุรเดชเสียชีวิต
21-21612-11.wav	เหนืออำเภอวังวิเศษจังหวัดตรัง
21-21612-132.wav	ขณะที่นายนิกรทองใบพี่ชายของผู้ตายนะครับอยู่ในเหตุการณ์ด้วยนะครับบอกว่า
21-21612-136.wav	ส่วนแม่ของผู้ต้องหานะครับนางจำปีทองใบอายุ55นะครับ
21-21612-17.wav	ผู้เสียชีวิตชื่อว่านายสุรเดชทองใบ
21-21612-30.wav	ส่วนคนเจ็บคือนายนิกรทองใบ
21-21612-50.wav	ตัวผู้ต้องหาก่อเหตุแทงนายสุรเดชจนเสียชีวิตเนี่ยนะคะ
21-21612-67.wav	นั่งดื่มเหล้าขาวกับนายนิกร
21-21612-75.wav	นายนิกรเหมือนกับไปพูดแทงใจดำ
21-21612-7.wav	เมื่อช่วงกลางดึกที่ผ่านมาตำรวจสภ.วังวิเศษจังหวัดตรัง
21-21612-84.wav	แต่นายปฐมพงศ์เอามีดออกมานะคะ
21-21618-2.wav	เพราะว่าที่จังหวัดแพร่เนี่ยนะฮะผู้หญิงอายุ34ปีท้องแก่แล้ว
21-21619-119.wav	ช่วยครอบครัวของแม่น้ำค้างจากจังหวัดพิษณุโลก
21-21619-44.wav	สิ่งศักดิ์สิทธิ์ประจำจังหวัด
21-21619-7.wav	นครไทยสิ่งศักดิ์สิทธิ์ประจำจังหวัดน้ำพริก
21-21623-1.wav	ซึ่งเป็นระดับเจ้าอาวาสในวัดแห่งหนึ่งที่จังหวัดน่าน
21-21623-7.wav	ค่ะแล้วก็มีการโพสต์ภาพการเดินทางท่องเที่ยว
21-21624-12.wav	กำลังวิ่งข้ามถนนหนีนะครับเหตุการณ์เนี่ยเกิดขึ้นที่เรือนจำจังหวัดกระบี่
21-21624-35.wav	สำนักงานเขตพื้นที่การปฐมศึกษาจังหวัดกระบี่
21-21624-38.wav	ทั้งคู่เนี่ยถูกจับคดียาเสพติดในจังหวัดกระบี่แต่
21-21624-40.wav	ตำรวจภูธรจังหวัดกระบี่ลงพื้นที่อำเภอปลายพระยาทำไม
21-21624-7.wav	เป็นนักโทษชายในเรือนจำจังหวัดกระบี่ครับถอดเสื้อใส่กางเกงขาสั้นนะครับ
21-21627-9.wav	อำเภอพุนพินจังหวัดสุราษฎร์ธานี
21-21629-23.wav	คือเดินทางไปแจ้งความที่สถานีตำรวจ
21-21630-14.wav	ไม่ใช่การตัดสินใจของนายกรัฐมนตรีเพียงคนเดียวนะครับแต่เป็นภารกิจที่ได้รับความร่วมมือร่วมใจจากคนไทยทั้งประเทศ
21-21630-4.wav	เป็นที่จังหวัดภูเก็ต3แล้วก็กระบี่1
21-21634-138.wav	ข่าวไทยรัฐทีวีรายงานสดจากอำเภอปากช่องจังหวัดนครราชสีมา
21-21634-76.wav	รายงานมาจากอำเภอปากช่องที่จังหวัดนครราชสีมา
21-21635-18.wav	อำเภอนครไทยจังหวัดพิษณุโลก
21-21635-21.wav	ซึ่งล่าสุดนะครับภาครัฐโดยสมาคมผู้เสียสละจังหวัดพิษณุโลก
21-21635-4.wav	เป็นต้นยางนาอยู่ที่อำเภอนครไทยจังหวัดพิษณุโลกครับ
21-21636-1.wav	ก็เป็นโครงการอยู่ที่พื้นที่ของดอยสุเทพอยู่เชิงดอยสุเทพนะครับที่จังหวัดเชียงใหม่นะฮะ
21-21638-11.wav	จุดเกิดเหตุก็คือที่อาคารเฉลิมพระเกียรติเทศบาลเมืองท่าโขลงตำบลคลอง1อำเภอคลองหลวงจังหวัดปทุมธานีนะคะ
21-21638-17.wav	อีกคนหนึ่งที่ได้รับบาดเจ็บก็คือนายนิวัตรจอมมะเลื่อม
21-21641-1.wav	สามจังหวัดชายแดนภาคใต้ค่อนข้างที่จะระอุค่ะและครั้งนี้
21-21641-50.wav	ขณะที่ทางจุฬาราชมนตรีและประธานกรรมการอิสลาม3จังหวัดชายแดนภาคใต้
21-21641-51.wav	ก็จะเดินทางมาให้กำลังใจแก่พระสงฆ์ที่บาดเจ็บด้วย
21-21641-53.wav	ในพื้นที่จังหวัดชายแดนภาคใต้เป็นอย่างมาก
21-21641-54.wav	โดยพระสงฆ์ในพื้นที่3จังหวัดชายแดนภาคใต้และ4อำเภอของจังหวัดสงขลา
21-21643-2.wav	นายกิตติมศักดิ์ศรีเดือนเป็นผู้ใหญ่บ้านบ้านแม่ตาหมู่1ตำบลท่าสายลวดอำเภอแม่สอดจังหวัดตากนะครับ
21-21648-15.wav	กล้องวงจรปิดจะเห็นว่านายปริญญาสิริชาตินะครับ
21-21648-34.wav	แต่ว่าทีนี้ไม่ถึง1นาทีนะคะหลังจากที่นายปริญญาฝากเงินเสร็จเรียบร้อย
21-21648-43.wav	ซึ่งหลังจากเกิดเรื่องนายปริญญาผู้เสียหาย
21-21649-15.wav	ลูกชายของนายมานพจนเป็นเหตุให้เสียชีวิต
21-21649-1.wav	หลังจากที่ถูกตำรวจสภ.แม่กาจังหวัดพะเยาไล่ตามยิงสกัดรถกระบะ
21-21649-43.wav	ภายในตำบลวังทรายอำเภอวังเหนือจังหวัดลำปาง
21-21649-5.wav	เมื่อวันที่14ตุลาคมที่ผ่านมาตำรวจภูธรแม่กาจังหวัดพะเยา
21-21649-9.wav	ขณะนั้นเองตำรวจที่ประจำจุดตรวจ4นาย
21-21650-97.wav	คนต่างจังหวัดล่ะหลักเมืองประจำจังหวัดของทุกจังหวัดนี้
21-21651-21.wav	บอกว่านางเข้าห้องน้ำที่บ้านจ้า
21-21654-165.wav	ก็มีคณะครูจากโรงเรียนเดินทางมาร่วมฟังพระสวดอภิษฐรรมศพของเฟรม
21-21654-19.wav	มีครอบครัวทั้งสองฝั่งเดินทางมาให้ข้อมูลด้วยค่ะ
21-21662-63.wav	สำหรับสถานการณ์ล่าสุดที่เกิดขึ้นในจังหวัดน่านขณะนี้นะครับ
21-21664-1.wav	ไปดูในสถานที่ต่างๆค่ะหลากหลายจังหวัดเลย
21-21664-40.wav	ไปดูกันที่จังหวัดนครราชสีมาค่ะคุณผู้ชมค่ะ
21-21664-76.wav	อยู่จังหวัดเชียงใหม่จ้า
21-21665-22.wav	นายกิรติอ้างว่านางดวงใจไม่ใช่พี่สาวโดยสายเลือด
21-21667-0.wav	พูดถึงวัดพระธรรมกายก็มีประเด็นเกิดขึ้นอีกที่จังหวัดระยอง
21-21667-27.wav	ซึ่งก็มีพระราชสิทธินายกเจ้าคณะจังหวัดระยองเป็นประธานสงฆ์
21-21667-6.wav	วัดพระธรรมกายจังหวัดระยองนะคะ
21-21668-26.wav	นำตัวไปโรงพยาบาลตรวจหาโควิดก่อนอืมนะคะวันนี้ทางเจ้าหน้าที่ศูนย์ไร้ที่พึ่งจังหวัดสมุทรปราการ
21-21668-31.wav	นางสาวแดงบอกอย่างนี้ค่ะบอกว่าเธออยู่ที่บ้านร้างแห่งนี้มาปีนึงแล้ว
21-21669-20.wav	ก็ตามไปที่บ้านก็เจอนายสิทธิชัยยืนอยู่หน้าบ้านเลยนะคะ
21-21669-23.wav	นายสิทธิชัยคนนี้ยอมรับสารภาพทุกข้อกล่าวหาเลยค่ะ
21-21669-26.wav	นายสิทธิชัยยอมรับว่าเขาเข้าไปงัดร้านอาหารร้านนี้จริง
21-21670-16.wav	พบนายเหยียบอายุ53ปีเจ็บค่ะ
21-21674-31.wav	เคยเดินทางมายื่นเรื่องที่สมาคมกีฬาฟุตบอลแห่งประเทศไทย
21-21675-3.wav	นักท่องเที่ยวจีนที่เดินทางเข้ามาเที่ยวที่เมืองไทย
21-21675-5.wav	คือนักท่องเที่ยวเดินทางมาแล้วแสดงเอกสารไม่ครบในการผ่านเข้าเมือง
21-21678-14.wav	เป็นชาวอำเภอพะโต๊ะจังหวัดชุมพร
21-21679-36.wav	คือตอนนี้เดี๋ยวจะให้เด็กไปอยู่กับยายที่จังหวัดตรังก่อนนะ
21-21682-11.wav	เดินทางมาเยี่ยมที่เสถียรธรรมสถานโดยมิได้นัดหมาย
21-21685-225.wav	อยู่คนละที่กันอยู่คนละจังหวัดกันเลย
21-21687-0.wav	คุณผู้ชมคะขยับไปดูเรื่องนี้ค่ะที่จังหวัดสมุทรปราการมันมีอุบัติเหตุเช่นเดียวกัน
21-21687-20.wav	โดยมีคนขับเนี่ยคือนายสุดเขตวัย27ปีเขายืนรอให้การ
21-21687-23.wav	ก็เจอร่างคนตายคือนายธนพัฒน์ค่ะวัย37ปีนอนตายคาที่เลยนะคะ
21-21687-25.wav	สภาพศพของนายธนพัฒน์เขาขาหักทั้งสองข้างแขนซ้ายหักคอหักนะคะ
21-21687-35.wav	ทีนี้ทางด้านของตัวนายสุดเขตค่ะคนขับรถกระบะนะคะ
21-21688-16.wav	คนขับรถคันนี้แล้วก็นางสาวสุนามสมมุติอายุ35ปี
21-21688-27.wav	ก็เหลือแต่นายบุญมาที่จะให้การได้
21-21688-33.wav	ดักรอรถใหญ่ของนายพิชิต
21-21688-35.wav	ว่าภรรยาของเขาคือนางสาวสุ
21-21688-48.wav	ตัวของนายบุญมาก็พยายามขับรถใหญ่แซงขวา
21-21688-49.wav	แต่ว่ารถใหญ่ของนายพิชิตก็ไม่ยอมเหมือนกัน
21-21688-8.wav	อำเภอบางบ่อจังหวัดสมุทรปราการนะครับ
21-21690-20.wav	แต่นายแชมเบอร์ก็มั่นใจว่าพวกเขาจะสร้างหุ่นยนต์
21-21691-107.wav	กับการแข่งขันกีฬาพื้นบ้านสตรีสากลจังหวัดสตูล
21-21691-50.wav	มีงานแข่งขันด้วยที่จังหวัดสุรินทร์นะคะ
21-21691-8.wav	เพราะว่าการแข่งที่นี่นะครับเขาเป็นการแข่งขันรถไถนาที่จังหวัดพิษณุโลก
21-21692-45.wav	เนื่องจากมีปริมาณประชาชนไม่แออัดมากนักทุกคนก็ยังสามารถเดินทางเข้าไปในพระบรมมหาพระราชวัง
21-21693-14.wav	ก็ทยอยเดินทางมารับบุตรหลานกลับบ้าน
21-21694-1.wav	คนร้ายคนนี้เป็นชาวกัมพูชาไปก่อเหตุขโมยของในบ้านของชาวบ้านที่บางประกงจังหวัดฉะเชิงเทราค่ะ
21-21694-7.wav	ชาวบ้านก็วิ่งไล่จับนายดำ
21-21695-0.wav	มาดูเรื่องราวของนักศึกษารายหนึ่งนะคะนักศึกษาสาวคนหนึ่งในมหาวิทยาลัยที่จังหวัดกำแพงเพชรค่ะ
21-21695-19.wav	เดินทางไปเข้าพบพนักงานสอบสวนสภ.เมืองกำแพงเพชร
21-21695-4.wav	เป็นเรื่องของนักศึกษาหญิงในมหาวิทยาลัยแห่งหนึ่งจังหวัดกำแพงเพชร
21-21696-19.wav	หลังจากนั้นก็ถูกนายธนกรผู้ต้องหาเนี่ย
21-21696-39.wav	เดินทางกลับโรงแรมตามปกติ
21-21696-55.wav	ก็เจ้าหน้าที่สำนักงานทนายความของนายบัญชานะคะ
21-21696-63.wav	ก็คือนางสุภาพรนะคะ
21-21697-121.wav	ในส่วนของรองโฆษกประจำสำนักนายกรัฐมนตรีนะครับ
21-21697-146.wav	โดยให้สาธารณสุขและหน่วยงานต่างของจังหวัด
21-21697-19.wav	ในช่วง10นาฬิกา45นาทีผมเข้าไปดูในเพจประชาสัมพันธ์ของจังหวัดเชียงใหม่เขานะครับ
21-21697-29.wav	แต่ทั้งหมดทั้งมวลก็ทางเรือนจำแล้วก็ทางจังหวัดชี้แจงบอกว่า
21-21697-36.wav	จะไม่มีผลทำให้เกิดการประบาดไปสู่ประชาชนในจังหวัดเชียงใหม่นะครับ
21-21699-16.wav	เป็นวินาทีที่คนก่อเหตุคือนายสมชาติอายุ45
21-21699-18.wav	กระชากคอก่อนจะยิงนายพิทักษ์อายุ45เท่ากันเลย
21-21699-24.wav	ศพนายพิทักษ์พบว่าถูกยิงเข้าไปโดนเข้าที่หัวและลำตัว9นัด
21-21704-57.wav	คนก็ไปเที่ยวกันเยอะนักท่องเที่ยวก็ยังคงไปท่องเที่ยวได้ตามปกตินะครับ
21-21705-8.wav	ป่าอ้อดอนชัยอำเภอเมืองจังหวัดเชียงราย
21-21707-299.wav	โบราณคดีคณะกรรมการจังหวัดจะทำการขุดค้นซากปรักหักพัง
21-21708-24.wav	ซึ่งจะเดินทางมาร่วมรับฟังคำวินิจฉัย
21-21708-27.wav	โดยจะเดินทางมาถึงที่พักในเวลา13นาฬิกา
21-21708-29.wav	ก็มีมวลชนบางส่วนทยอยเดินทางมา
21-21709-122.wav	พาไปไม่ถึงไม่ไปเจอนายวินัยที่เป็นผู้ใหญ่เลยนะ
21-21709-168.wav	บอกว่าอยากจะส่งน้องฟ้าใสไปเรียนที่จังหวัดสุราษฎร์ธานี
21-21709-33.wav	นางสาวบีมแล้วก็นางสาวรุ้งก็ออกมาเปิดใจครั้งแรกเลย
21-21711-23.wav	ก็ส่งชุดค้นหาไป22นายมีเครื่องมือกู้ภัยก็เข้ากันไปในถ้ำ
21-21712-182.wav	นี่นายอานนท์เขาประกาศไว้แบบนี้
21-21713-24.wav	ตรงกับกำหนดการที่เสกโลโซจะต้องเดินทางไปรายงานตัวต่อสารจังหวัดนครศรีธรรมราชด้วยเช่นเดียวกัน
21-21714-16.wav	อีกทั้งฝ่ายนายประเสริฐผู้ตายเคยนำมีดยาวมาขูดถึงหน้าบ้าน
21-21714-3.wav	หลังสิ้นเสียงปืนรัว9นัดสังหารผู้ช่วยผู้ใหญ่บ้านหมู่3ตำบลบางขุนกองอำเภอบางกรวยจังหวัดนนทบุรี
21-21714-5.wav	เพราะเขาคือผู้ก่อเหตุใช้ปืนขนาด9มิลลิเมตรหญิงคู่อริคือนายประเสริฐมีแป้นเสียชีวิตหน้าบ้านพัก
21-21714-9.wav	กระทั่งคืนเกิดเหตุนายเชิดศักดิ์และแฟนสาวกลับจากดื่มสังสรรค์กับเพื่อนบ้าน
21-21716-123.wav	ซึ่งนำโดยนายอำเภอเขาชะเมาตำรวจทหารกว่า100นายนั้นเดินทางเข้าไปยังจุดนี้เรียบร้อยแล้วค่ะ
21-21716-35.wav	ซึ่งคาดการณ์ว่าน่าจะเป็นร่องรอยของทหารอากาศทั้ง3นาย
21-21716-5.wav	จากอำเภอแก่งหางแมวจังหวัดจันทบุรี
21-21718-14.wav	คืออยู่ที่ตำบลหาดใหญ่ที่อำเภอหาดใหญ่จังหวัดสงขลา
21-21719-15.wav	เอาให้อายกันทั้งจังหวัดไม่ต้องมีที่ยืนบนสังคม
21-21719-1.wav	ที่จังหวัดระยองมีเจ้าหนี้นะ
21-21719-59.wav	จากการสอบถามชาวบ้านในซอยทราบว่าผู้ที่นำป้ายมาติดไว้ก็คือนางสาวเอเป็นนามสมมุติแล้วกันนะฮะ
21-21719-64.wav	ก็ตามไปหานางสาวเอนางสาวเอนะครับเปิดเผยกับทีมข่าวเหมือนกัน
21-21720-0.wav	นี้ก็เกี่ยวกับเด็กครับในพื้นที่จังหวัดตรัง
21-21721-13.wav	ถ้าดูไทม์ไลน์เนี่ยตามที่ญาติเขาบอกเนี่ยน้องผู้หญิงที่อยู่ที่จังหวัดเลยเนี่ยนะฮะ
21-21721-163.wav	แต่ถ้าเราดูจากเรื่องชีวิตของน้องที่เสียชีวิตที่จังหวัดเลยเนี่ยนะ
21-21721-17.wav	ข้อมูลการไปสักลายของหญิงสาวชาวจังหวัดเลยอายุ22ปีเป็น1ใน4ที่เสียชีวิตนะ
21-21721-181.wav	21สิงหาคมได้โพสต์ภาพถ่ายของลูกสาวตอนที่อยู่ที่โรงพยาบาลที่จังหวัดเลย
21-21721-18.wav	พ่อของผู้เสียชีวิตที่อยู่ที่จังหวัดเลยเหมือนกันอ่าบอกกับไทยรัฐทีวีว่าลูกสาวเนี่ย
21-21721-1.wav	เพราะว่ามีน้องผู้หญิงคนหนึ่งอายุ22ปีเป็นชาวจังหวัดเลย
21-21721-26.wav	กระทั่งลูกสาวโทรศัพท์มาบอกว่าปวดท้องมากแล้วก็เดินทางไปหาหมอที่โรงพยาบาลแห่งหนึ่งในอำเภอลำลูกกาจังหวัดปทุมธานี
21-21721-29.wav	ลูกสาวโทรศัพท์มาบอกอีกครั้งว่ากำลังนั่งรถจะเดินทางไปหาป้าที่เชียงใหม่นะ
21-21721-33.wav	เข้าไปทั้งหมดในคืนนั้นเนี่ยที่จะเดินทางไปหาป้าที่เชียงใหม่เนี่ย9ครั้ง
21-21721-35.wav	ก็เลยพาไปที่โรงพยาบาลแห่งหนึ่งที่จังหวัดเชียงใหม่
21-21721-36.wav	ก่อนที่ผู้เป็นพ่อจะขับรถไปหาลูกสาวที่จังหวัดเชียงใหม่
21-21721-41.wav	พ่อบอกว่าพ่อได้ย้ายลูกสาวกลับมาที่โรงพยาบาลจังหวัดเลยที่บ้าน
21-21723-18.wav	ตำบลผาจุกอำเภอเมืองจังหวัดอุตรดิตถ์
21-21725-17.wav	เจ้าหน้าที่ด่านกักกันสัตว์จังหวัดสงขลาเนี่ย
21-21725-27.wav	ทีมข่าวก็เลยสอบถามไปที่ด่านกักกันสัตว์จังหวัดสงขลา
21-21727-26.wav	อีกต่อไปยกเว้นครับนักการเมืองจังหวัดสุพรรณบุรี
21-21728-7.wav	ชื่อเขานะเขาบอกว่าเป็นการสร้างสรรค์การรับรู้เกี่ยวกับอุทยาประวัติศาสตร์ศรีเทพที่ชาวจังหวัดเพชรชบูรณ์เขาภาคภูมิใจ
21-21729-15.wav	ไปส่องจอมปลวกกันต่อที่ใต้อุโบสถของวัดอีแงวอำเภอขลุงจังหวัดจันทบุรี
21-21730-38.wav	ก็คือนายวิชิตนะครับบอกกับคุณกิติศักดิ์ผู้สื่อข่าวของเรา
21-21731-50.wav	ที่ผ่านมาร้องเรียนเทศบาลจังหวัด
21-21732-48.wav	หากินได้เพียงที่นี่ที่เดียวคือที่จังหวัดพะเยาคุณผู้ชม
21-21734-19.wav	กิโลเมตรที่46ในอำเภอบางปะกงจังหวัดฉะเชิงเทราครับ
21-21736-42.wav	ที่อำเภอตาคลีจังหวัดนครสวรรค์ท้องที่สภ.ตาคลี
21-21737-38.wav	ที่มีคนทักมาบอกบูมเหมือนกันว่าทำไมไม่เอาเพื่อนนางมาบ้าง
21-21742-108.wav	ส่วนกรณีของจังหวัดปัตตานี
21-21742-10.wav	มันมีหลายตัวอย่างหลายจังหวัดแล้วนะฮะ
21-21742-112.wav	ซึ่งรวมถึงจังหวัดปัตตานีโรงพยาบาลปัตตานีด้วยนะครับ
21-21742-143.wav	เรื่องของการจัดส่งที่น้อยกว่าจำนวนที่ทางจังหวัด
21-21742-30.wav	จังหวัดได้รับมาเพียง2160โดส
21-21742-92.wav	แห่งทั้ง77จังหวัดตั้งแต่3สิงหาคม
21-21742-98.wav	ในพื้นที่จังหวัดเชียงใหม่นะครับ
21-21743-11.wav	เพื่อให้ประชาชนและภาคธุรกิจไม่ต้องเสียเวลาและค่าใช้จ่ายในการเดินทางค่ะ
21-21743-2.wav	อยู่ที่จังหวัดมุกดาหารค่ะ
21-21743-41.wav	สามารถนำนิทานหุ่นมือเคลื่อนที่นี้ออกไปเดินทาง
21-21744-154.wav	มาเอาใจช่วยครอบครัวของน้องใสจากจังหวัดอุบลราชธานีจะสามารถคว้าทุนไปต่อชีวิตสูงสุดได้หรือไม่ในเกมต่อชีวิตช่วงหน้าครับ
21-21744-30.wav	เคยไปทำธุระที่สารกลางจังหวัดบ้างไหม
21-21746-19.wav	ตรงนี้คือบ้านโพนทรายตำบลสำโรงจังหวัดมหาสารคาม
21-21746-25.wav	คนก่อเหตุชื่อว่านายวุฒิไกรอายุ35ปี
21-21749-12.wav	หลังจากนิวพร้อมมารดาเดินทางไปร่วมกิจกรรม7รอบคณะราช84ปี
21-21751-33.wav	การแก้ไขปัญหาในพื้นที่3จังหวัดชายแดนภาคใต้
21-21751-58.wav	ในพื้นที่3จังหวัดชายแดนภาคใต้เด่นชัดมากขึ้น
21-21751-60.wav	แต่โครงสร้างของ3จังหวัดชายแดนภาคใต้
21-21758-67.wav	เคยพูดสนับสนุนจังหวัดนครสวรรค์นะ
21-21759-12.wav	ซึ่งเป็นภรรยาของนายสุชาติผู้เสียชีวิต
21-21759-6.wav	ทางครอบครัวได้มีการตั้งศพของนายสุชาติผลเจริญอายุ38ปี
21-21764-100.wav	เมื่อวานก่อนคุณผู้ชมเดินทางไปหาสามีนะคะที่โรงพักพร้อมกับซื้อแกงเหลือง
21-21764-103.wav	อยู่กินกับนายสุวิทย์มากว่า3ปีรู้ดีว่าสามีไม่มีทาง
21-21764-108.wav	ภรรยาของนายสุวิทย์บอกว่าวันเกิดเหตุก็คือวันที่
21-21764-109.wav	นายสุชาติเสียชีวิตเนี่ยสามีไปทำงานที่บริษัทกำจัดปลวกแห่งหนึ่ง
21-21764-113.wav	ไม่ได้ออกไปไหนทีนี้นายสุวิทย์บอกกับภรรยา
21-21764-115.wav	แล้วนายสุวิทย์ยังบอกกับภรรยาบอกว่าเราถูกซ้อมให้รับสารภาพ
21-21764-118.wav	ภรรยาของนายสุวิทย์ตั้งข้อสังเกตแบบนี้พี่เบิร์ตก๊อฟ
21-21764-21.wav	ชื่อจริงก็คือนายสุรชัยเริงสมุทรอายุ37ปีค่ะ
21-21764-51.wav	ก็คือนายสุวิทย์เริงสมุทรอายุ25ปีหรือว่าบังเลาะเนี่ยนะคะ
21-21764-52.wav	ตำรวจบอกว่าบังเลาะเนี่ยเดินทางไปเองเลยนะ
21-21764-57.wav	นายสุวิทย์หรือว่าบังเลาะยอมรับสารภาพบอกว่า
21-21764-65.wav	ไปขุดหลุมเพื่อฝังศพของนายสุชาติ
21-21764-6.wav	เราเดินทางไปพูดคุยกับภรรยาของบังเลาะคนนี้แล้วนะคะคุณผู้ชม
21-21764-85.wav	ก็เลยสั่งการให้พนักงานสอบสวนสภ.อ่าวนาง
21-21764-94.wav	บอกว่าตอนนี้ไม่กังวลเลยกรณีที่นายสูวิทย์รู้ว่า
21-21764-99.wav	ทีนี้มาดูฝั่งภรรยาของบังเลาะหน่อยภรรยาของนายสุวิทย์นะคะ
21-21770-25.wav	ซึ่งนายรังสรรค์สวมเสื้อวินเบอร์65ล่ะที่มีการออกหมายจับมาก่อนหน้านี้
21-21770-3.wav	ล่าสุดวันนี้ญาติเองก็เดินทางเข้าไปรับศพ
21-21770-77.wav	ก็เดินทางมาประชุมติดตามความคืบหน้าคดีนี้ด้วยตัวเอง
21-21772-27.wav	ที่บ้านท่าไม้แดงที่หมู่ที่3ตำบลวังหินอำเภอเมืองจังหวัดตากนะครับ
21-21772-50.wav	เขารู้เลยเพราะเขาดูข่าวโจรปล้นทองที่พื้นที่ของเขาคือจังหวัดตาก
21-21773-18.wav	ไปที่โรงเรียนดังกล่าวอยู่ในอำเภอสังขะของจังหวัดสุรินทร์
21-21773-4.wav	โรงเรียนแห่งหนึ่งที่จังหวัดสุรินทร์คุณผู้ชมลองดูภาพหน้าจอนะฮะ
21-21775-11.wav	นี่ค่ะมีนางรำสวยงามอ่อนช้อยขนาดนี้
21-21775-13.wav	ไปจนถึงนางรำสาวใหญ่ไปจนถึงนางรำสาวสวย
21-21775-16.wav	โดยเฉพาะนี่นางรำคนนี้คุณดูสวยไหม
21-21775-7.wav	ภายในพิธีนะคุณผู้ชมต้องบอกเลยว่าทางจังหวัดเนี่ย
21-21775-9.wav	มีการนำเหล่าบรรดานางรำกว่า672ชีวิต
21-21776-49.wav	ส่วนที่จังหวัดนราธิวาสนะครับ
21-21779-18.wav	เพราะต้องการจะเดินทางให้ถึงพระบรมมหาราชวัง
21-21779-2.wav	ตอนนี้เป็นเวลากว่า12ชั่วโมงแล้วค่ะที่ลุงปานเดินทางด้วยรถสามล้อพระราชทาน
21-21779-31.wav	และยืนยันจะคอยดูแลตลอดการเดินทาง
21-21780-510.wav	ก็ได้เดินทางไปต้อนรับการเปิดเหมืองการผลิตทองคำ
21-21783-0.wav	คุณผู้ชมครับเรามาดูรายละเอียดในรายจังหวัด
21-21783-3.wav	หายป่วยแล้วทั้งสองรายทางจังหวัด
21-21783-40.wav	สาธารณสุขจังหวัดได้ออกมายืนยันว่าผู้ป่วยติดเชื้อโควิด2ราย
21-21783-43.wav	ชาวจังหวัดศรีสงครามที่เข้ารับการตรวจรักษาตัว
21-21783-58.wav	สำหรับคำสั่งปิดการเข้าออกระหว่างจังหวัด
21-21783-6.wav	แล้วก็ไปดูอีกจังหวัดก็คือที่พังงา
21-21785-30.wav	อยู่ที่ถนนนครสวรรค์จังหวัดมหาสารคามค่ะ
21-21785-3.wav	มานี่เขาปิ้งกันเป็นแผงแบบนี้เลยค่ะครับที่นี่นะคะอยู่ที่จังหวัดมหาสารคาม
21-21785-41.wav	เรากินอิ่มแล้วเราก็จะได้รู้ว่าเราจะต้องเดินทางไปที่ไหนบ้าง
21-21788-11.wav	อำเภอบ้านบึงจังหวัดชลบุรีนะคะ
21-21789-14.wav	มาจากหนึ่งในแนวทางแก้ไขปัญหาจังหวัดชายแดนภาคใต้
21-21789-21.wav	คือศูนย์อำนวยการบริหารจังหวัดชายแดนภาคใต้
21-21789-33.wav	พร้อมกับแผนนโยบายในการแก้ไขปัญหาจังหวัดชายแดนภาคใต้
21-21795-0.wav	ความคืบหน้านะคะกรณีที่ประชาชนในจังหวัดเชียงใหม่
21-21795-66.wav	ขอให้เป็นอำนาจหน้าที่ของนายกรัฐมนตรี
21-21795-72.wav	ภายใน7วันนี้ขอเรียกร้องให้นายกรัฐมนตรี
21-21798-3.wav	อนาคตครอบครัวของมะนาวจากจังหวัดสุพรรณบุรี
21-21798-55.wav	เพราะฉะนั้นครอบครัวของคุณมะนาวจากจังหวัดสุพรรณบุรี
21-21802-223.wav	ในวันที่เขาเดินทางมาที่ไฮบิลลี่ตอนปี96
21-21803-64.wav	ส่วนผู้ชมคนนี้บอกว่าเขาพร้อมกับครอบครัวเดินทางมาที่นี่
21-21805-131.wav	ตอนนี้มาอาศัยอยู่กับนางก้านอายุ84ปี
21-21805-5.wav	ครับผมวันนี้นางไปถ่ายรายการเนอะรายการอะไรนะ
21-21805-655.wav	มาถึงเรื่องราวท่องเที่ยวกันบ้างดีกว่า
21-21805-660.wav	โดยทั้งหมดเดินทางมาจากกรุงเทพรวมทั้งหมด11คน
21-21805-679.wav	เธอก็บอกว่าตนเองเห็นกลุ่มคนที่เดินทางขึ้นไป
21-21806-15.wav	จากนั้นเจ้าหน้าที่ก็ร่วมกันเดินทางไปที่จุดพักแคมป์ของนายเปรมชัยและพวก
21-21806-20.wav	มากพอที่จะเป็นพยานหลักฐานเพื่อเอาผิดคณะของนายเปรมชัยได้
21-21806-67.wav	ไปแจ้งความดำเนินคดีกับนายเปรมชัยเอาไว้นะครับ
21-21806-87.wav	กรณีแจ้งข้อกล่าวหากับนายเปรมชัยฐานทารุณกรรมสัตว์
21-21806-99.wav	โดยนายสมชัยบอกว่ากรณีนี้เนี่ย
21-21807-0.wav	มาดูสองยายหลานที่จังหวัดเลยกันหน่อยค่ะ
21-21807-46.wav	ในพื้นที่นี้ที่จังหวัดเลย
21-21807-53.wav	ที่อำเภอผาขาวจังหวัดเลย
21-21807-55.wav	ไปรักษาดิฉันว่าแค่เดินทางไปกับ
21-21809-15.wav	ส่วนนายปิยบุตรผู้ต้องหาที่เป็นคนขายกระสุนปืนให้
21-21809-18.wav	ญาติของนายปียบุตรก็มาเยี่ยมเอาอาหารเอาเสื้อผ้ามาให้
21-21809-23.wav	ตำรวจคุมตัวนายปิยบุตรไปสอบปากคำนะคะ
21-21809-24.wav	ซึ่งนายปียบุตรก็ไม่ได้พูดอะไรนะคะ
21-21809-25.wav	อันนี้ก็คือในส่วนของนายปียบุตร
21-21811-66.wav	ส่งคำชี้แจงเรื่องการเป็นนายกว่าครบ8ปีหรือยัง
21-21813-6.wav	เริ่มต้นกินล้างบางวันนี้ที่ย่านปากน้ำจังหวัดสมุทรปราการ
21-21813-786.wav	อำเภอเมืองจังหวัดสมุทรปราการใครที่ชอบกินปลา
21-21814-0.wav	สำหรับประชาชนที่จะเดินทางมาร่วมในงานพระราชพิธี
21-21815-327.wav	ประกาศหวังพบน้องนาง
21-21816-16.wav	อยู่ที่ตำบลพระพุทธบาทอำเภอเชียงกลางจังหวัดน่านนะคะ
21-21816-44.wav	จะช่วยเรื่องเกี่ยวกับค่าใช้จ่ายในการเดินทาง
21-21818-8.wav	ตำบลบางพลีน้อยอำเภอบางบ่อจังหวัดสมุทรปราการ
21-21820-17.wav	สี่แยกไฟแดงอำเภอขลุงจังหวัดจันทบุรี
21-21824-108.wav	เดินทางมาพบพนักงานสอบสวนอีกครั้งหนึ่ง
21-21824-16.wav	ก็บอกว่าเดินทางมาให้ปากคำในฐานะพยานนะคะ
21-21824-52.wav	คุณพ่อก็มาด้วยก็คือนายดำรง
21-21833-10.wav	อำเภอแม่สอดจังหวัดตากนี่นะคะ
21-21835-11.wav	อำเภอตะกัวป่าจังหวัดพังงานะครับ
21-21835-14.wav	ด้านสำนักงานป้องกันและบรรเทาสาธารณภัยจังหวัดพังงา
21-21835-1.wav	ที่จังหวัดเชียงรายตอนนี้ต้องระมัดระวัง
21-21835-37.wav	ส่วนที่จังหวัดเชียงใหม่นะครับอุทยานแห่งชาติดอยสุเทพปุยยังคงปิดให้บริการน้ำตกแม่สา
21-21835-40.wav	สำหรับจังหวัดนครสวรรค์นาข้าวที่กำลังออกรวงในพื้นที่หมู่ที่9ตำบลลาดยาวเสียหายหลายร้อยไร่
21-21835-6.wav	ขณะที่ภาคใต้ครับจังหวัดพังงา
21-21838-13.wav	ดังนั้นพ่อแม่พี่น้องชาวใต้หรือว่าใครจะไปท่องเที่ยวช่วงนี้ก็ต้องทำใจไว้ด้วยนะคะ
21-21840-0.wav	คุณผู้ชมคะเราพาไปดูที่บางแสนจังหวัดชลบุรีหน่อยค่ะ
21-21843-80.wav	ถ้ำหลวงขุนน้ำนางนอนจังหวัดเชียงรายจนถึงขณะนี้
21-21847-20.wav	จังหวัดกาญจนบุรีนะครับก็ไปกับญาตินี่แหละ
21-21848-27.wav	อย่างที่จ้าบอกคู่กรณีเยอะมากก็เลยต้องเดินทางมา
21-21850-0.wav	คุณผู้ชมคะที่วัดแห่งหนึ่งค่ะที่จังหวัดนครนายกวัดเขาเอาคลิปมาเตือนภัย
21-21851-119.wav	ลงพื้นที่ไปที่จังหวัดตรังค่ะนะฮะไปบ้านของ
21-21851-125.wav	เป็นคนบ้านเดียวกันนี่แหละที่จังหวัดตรังนะครับ
21-21851-171.wav	เป็นลูกเลี้ยงของตำรวจนายหนึ่งค่ะแต่ตำรวจนายนี้ก็ไม่ได้ส่งเสียเลี้ยงดูเป็นเพียงแค่ลูกเลี้ยง
21-21851-69.wav	สาเหตุน่าจะมาจากเรื่องชู้สาวเพราะก่อนหน้าที่ลูกชายเสียชีวิตไปทำงานที่จังหวัดภูเก็ต
21-21851-79.wav	ระหว่างที่อยู่ที่จังหวัดภูเก็ตที่ผู้ตายเขาไปทำงานไปทำอะไรอยู่ที่นั่นเนี่ยนะ
21-21851-83.wav	แล้วอีกคนนึงคือนางสาวแพมแพมเนี่ยเป็นแฟนสาวของออส
21-21851-90.wav	เกี่ยวกับเรื่องของผู้หญิงระหว่างลูกชายกับนายออสที่เป็นเพื่อนกันแล้วเพื่อนมาแอบตีท้ายครัว
21-21852-47.wav	เขาบอกว่าเขาก็จะไม่เข้าไปค่ะเพราะว่ายังกลัวนายมอสอยู่
21-21858-54.wav	อำเภอระแงะจังหวัดนราธิวาสประจำการอยู่8เดือนเต็มนะคะ
21-21858-56.wav	แล้วก็ได้รับการบรรจุเข้ารับราชการตำรวจที่จังหวัดภูเก็ตค่ะ
21-21859-145.wav	หลังจากนั้นวันที่27เมษาน้องเดินทางไปเที่ยวญี่ปุ่นกับครอบครัว
21-21859-216.wav	เขาบอกว่าแต่คนพื้นที่ภูเก็ตเขาบอกว่านางเป็นคนที่จิตใจอ่อนโยน
21-21859-246.wav	นางก็ไปตามผู้ชายมามาช่วยดูแลบอสนะ
21-21859-357.wav	โดยจะมีการซื้อผ่านนายหน้าที่เป็นพนักงานร้านสะดวกซื้อแห่งหนึ่ง
21-21859-419.wav	ผลงานสร้างชื่อของนางก่อนหน้านี้
21-21859-427.wav	ดูนางเต้นใหญ่เลย
21-21859-431.wav	หนูเคยถามเขาเนี่ยนางมีลูกชายสองคน
21-21859-454.wav	อีกหลายมาตราทางอุทยานได้มอบหมายให้นายเอกฤทธิ์นะฮะ
21-21859-459.wav	ทางพนักงานสอบสวนสภ.สามร้อยยอดได้ส่งหมายเรียกไปถึงนางลีน่าจังจังจา
21-21859-465.wav	นางไม่มาค่ะนางไม่ว่างค่ะ
21-21859-467.wav	หรือแจ้งสาเหตุอันจำเป็นว่าทำไมถึงไม่มาทำไมถึงไม่สามารถเดินทางมาได้
21-21859-471.wav	ทำผิดนะแต่ก็ไม่มานั่นแหละแล้วก็วันนี้อยู่ไหนไม่เห็นไลฟ์เลยข่าวโหดของนางไปไหนแล้วข่าวโหดนางก็ดูเยอะ
21-21859-47.wav	เป็นถึงเจ้าของธุรกิจสถานบันเทิงชื่อดังในจังหวัดภูเก็ต
21-21859-494.wav	อย่างนี้นางทำอย่างนี้
21-21859-875.wav	กับของการจัดงานแต่งงานนางก็จะที่จริงจะแต่งกันอยู่แล้วใช่ไหม
21-21860-29.wav	ซึ่งการเดินทางมาที่นี่นั้นนะคะต้องบอกว่าเป็นการเดินทางที่ค่อนข้างยากลำบากค่ะ
21-21860-30.wav	เราใช้ระยะเวลาเดินทางมาถึง3ชั่วโมงเลยทีเดียวค่ะ
21-21860-36.wav	ระยะการเดินทางของเราเนี่ยค่อนข้างจะลำบาก
21-21860-41.wav	ทหารที่ปฏิบัติหน้าที่และภารกิจบนฐานนี้มีเพียง6นาย
21-21860-5.wav	จังหวัดเชียงรายนั้นเขาจะมีวิธีการดำรงชีวิต
21-21868-17.wav	ก็คือนางวีรดาค่ะพอมาเห็นสภาพลูกชาย
21-21807-14.wav	ตำบลโนนป่าซางอำเภอผาขาวจังหวัดเลย
21-21874-23.wav	นี่คือเรื่องราวที่มาเตือนกันหน่อยสำหรับใครที่จะวางแผนท่องเที่ยวทำกิจกรรมกันนะครับ
21-21877-17.wav	สองคนชวนกันดื่มเหล้าที่บ้านพักของนายอภิชาติ
21-21878-0.wav	การแสดงระบำช้างผ้าที่ได้ถ่ายทอดเรื่องราวประเพณีช้างผ้าของบ้านเมาะหลวงอำเภอแม่เมาะจังหวัดลำปาง
21-21880-101.wav	ตอนนี้ตำรวจก็ตามไล่ล่านายศักดาอยู่นะครับ
21-21880-59.wav	ก็คือนางสาวแสงเดือนศรีจตุรพรอายุ28ปี
21-21880-63.wav	นั่นก็คือนางสาวแสงจันทร์ศรีจตุรพรอายุ30ปี
21-21880-79.wav	ซึ่งนายเป้าเป็นเจ้าหน้าที่กรมป่าไม้ในพื้นที่จังหวัดตราดนะครับ
21-21880-82.wav	ศักดาได้เข้ามาพูดคุยเพื่อง้อขอคืนดีกับนางสาวแสงจันทร์อดีตแฟนสาว
21-21880-83.wav	หลังจากที่อดีตแฟนสาวแยกจากนายศักดาแยกกันอยู่สักพักหนึ่งแล้วนะฮะ
21-21880-88.wav	บอกว่าตอนที่ก่อนที่นายศักดาจะชักปืนออกมายิง
21-21880-92.wav	แล้วก็มีรายงานว่าก่อนหน้า1วันที่นายศักดาจะก่อเหตุ
21-21880-96.wav	และนายศักดาก็มาก่อเหตุอีกวันหนึ่งก็คือเมื่อวานนี้นะครับ
21-21882-1.wav	สำหรับขบวนการทุนจีนสีเทาซึ่งก็มีชื่อของนายตู้ห่าวอยู่ในกระแสข่าวอยู่เรื่อย
21-21887-21.wav	แถวโรงพยาบาลมหาชัยจังหวัดสมุทรสาครครับ
21-21892-27.wav	หลังจากการสอบสวนขยายผลนายอานนท์
21-21893-38.wav	นายทวีพรหรือในเอ๋อรับสารภาพว่ายิงลุงพรตายจริง
21-21894-15.wav	ขณะที่นายพงศักดิ์กำลังนั่งกินข้าวที่โต๊ะอาหาร
21-21894-38.wav	จนเป็นเหตุให้นายพงศักดิ์ถูกแทงเสียชีวิต
21-21895-11.wav	จังหวัดเองก็ต้องมีการเพิ่มมาตรการป้องกันเหมือนกัน
21-21895-16.wav	เพื่อประชาสัมพันธ์ให้ประชาชนรับทราบต่อไปแต่คนก็ไม่ได้เดินทางไปเหมือนแต่ก่อนนะครับ
21-21895-27.wav	ก็มีการไปตรวจร่างกายพระอาคันตุกะ10รูปเพิ่งเดินทางกลับมาจากมาเลเซียแล้วก็ไปพักอยู่ที่วัดหาดใหญ่ตั้งแต่18มีนาคม
21-21895-2.wav	ทางจังหวัดต้องมีการประกาศปิดสำนักทะเบียนท้องถิ่นทุกพื้นที่
21-21895-54.wav	แล้วตีเชิงสัญลักษณ์นะคะไปที่จังหวัดตากค่ะ
21-21895-58.wav	จากประชาชนที่เดินทางมาจากกรุงเทพแล้วก็อีกหลายจังหวัดกลุ่มเสี่ยงนะคะ
21-21895-59.wav	คือมีหลายคนมากที่เดินทางมาจากพื้นที่เสี่ยง
21-21897-0.wav	ตอนนี้เดินทางไปแข่งขันรายการพิเศษที่ประเทศเวียดนามอยู่ค่ะ
21-21902-50.wav	แล้วจะเรียกนายพิธามาให้ข้อมูลในฐานะผู้ถูกร้องหรือไม่
21-21902-52.wav	เมื่อถามว่าการยื่นคำร้องของนายพิธาเป็นการเตะตัดขากันทางการเมืองหรือเปล่า
21-21903-121.wav	ขอให้ผู้ที่จะเดินทางไปชุมนุมมานัดเจอกันที่จุดรวมตัวก่อน
21-21903-134.wav	ถ้าเกิดท่านนายกลาออกจะไม่ตีกันเนี่ย
21-21903-33.wav	ส่วนที่จังหวัดลพบุรีเป็นยังไงครับน้องปุ้ยฮะ
21-21903-40.wav	ปัญหาการคมนาคมในจังหวัดลพบุรี
21-21903-60.wav	ครับส่วนนักเรียนในอำเภอพระประแดงจังหวัดสมุทรปราการนะครับ
21-21903-81.wav	มีเจ้าหน้าที่หลายร้อยนายนะคะดูแลความปลอดภัย
21-21905-0.wav	ในวันนี้นะคะก็มีอีกหนึ่งขวัญกำลังใจที่เดินทางมาทำพิธีอธิษฐานจิตให้ทั้ง13ชีวิตอยู่รอดปลอดภัยด้วย
21-21905-15.wav	วันนี้เองครับก็เลยมีการนิมนต์พระครูบาบุญชุ่มนะครับที่เป็นพระคู่บ้านคู่เมืองของชาวจังหวัดเชียงรายครับ
21-21905-5.wav	จำนวน13ชีวิตที่ติดอยู่ในถ้ำหลวงขุนน้ำนางนอนนะครับต้องบอกว่า
21-21909-16.wav	วันนี้ยังทยอยเดินทางมารับใบรับรอง
21-21909-22.wav	ทยอยเดินทางมาตั้งแต่ช่วงเช้า
21-21910-25.wav	อยู่ในพื้นที่อำเภอบ้านไร่จังหวัดอุทัยธานี
21-21913-26.wav	ท้องที่สภ.บางพลีจังหวัดสมุทรปราการค่ะ
21-21921-59.wav	มหาวิทยาลัยแม่โจ้จังหวัดเชียงใหม่กว่าพันคนนะคะ
21-21925-1.wav	หายไปนะคะจากสถานีเพาะเลี้ยงนกน้ำบางพระจังหวัดชลบุรี
21-21926-10.wav	แต่ว่าจนถึงขนาดนี้ยังไม่มีการเดินทางกลับไปยังบ้านพักในประเทศสเปน
21-21926-11.wav	อีกทั้งฐานข้อมูลของสำนักงานตรวจคนเข้าเมืองของไทยก็ไม่พบว่านักท่องเที่ยวรายนี้เดินทางออกจากประเทศไทยไปแล้วเช่นกันครับ
21-21926-72.wav	ได้รับการตอบกลับจากญาติหรือยังคะว่าจะเดินทางมาให้ตรวจสอบดีเอ็นเอได้เมื่อไหร่
21-21927-233.wav	เราต้องพัฒนาเป็นภาคเป็นกลุ่มจังหวัดและเป็นจังหวัดนะครับ
21-21928-1.wav	ต่างนิยมเดินทางไปท่องเที่ยวนะครับ
21-21930-2.wav	สุดสัปดาห์นี้ใครวางแผนจะไปท่องเที่ยวต้องบอกคุณผู้ชมไว้ให้เตรียมตัวเตรียมใจให้ดี
21-21930-8.wav	รวมไปถึงงดการท่องเที่ยวทั้งฝั่งอ่าวไทยและอันดามันไปก่อนนะคะแต่ว่าคุณผู้ชมท่านใดค่ะที่จะเดินทางไปภาคเหนือภาคอีสานก็ต้องตรวจสอบสภาพอากาศกันอย่างละเอียดกันอีกครั้งหนึ่ง
21-21931-35.wav	ครับและทั้งคู่ก็เดินทางกลับทีเนี้ยพนักงานสอบสวน
21-21931-44.wav	ทีนี้เราก็ตรวจสอบดูนะคะว่าตกลงแล้วเป็นลูกของนายตำรวจระดับสูงจริงหรือเปล่า
21-21931-4.wav	ผู้ชายคนนี้อายุ27แล้วก็บอกน้องว่าเป็นลูกชายนายตำรวจระดับสูงเลย
21-21931-55.wav	สถานที่เกิดเหตุอยู่ในพื้นที่จังหวัดนนทบุรีเป็นโรงแรมม่านรูดในอำเภอบางกรวย
21-21933-41.wav	ในอำเภอเวียงป่าเป้าจังหวัดเชียงราย
21-21933-55.wav	แล้วก็จังหวัดใกล้เคียงแม้จะตัวเล็กกว่า
21-21933-6.wav	ที่จังหวัดเชียงใหม่เขาเป็นผู้หญิงเหมือนดิฉันเลย
21-21902-43.wav	ส่วนคำร้องการถือหุ้นสื่อของนายพิธาลิ้มเจริณรัตน์
21-21937-64.wav	เจ้าหน้าที่บอกว่าเดี๋ยวต้องประสานไปยังจังหวัดปทุมธานีนะฮะ
21-21909-71.wav	นายปียบุตรเลขาธิการพรรคอนาคตใหม่ก็เดินทางเข้ายื่นคำร้อง
21-21942-10.wav	และถือว่าเป็นเสาหลักของจังหวัด
21-21942-8.wav	ได้เข้ามาพูดคุยและร่วมแสดงความเสียใจต่อการจากไปของนายบรรหาร
21-21942-9.wav	ซึ่งเป็นที่เคารพรักของประชาชนจังหวัดสุพรรณบุรี
21-21944-20.wav	ก็จะมีลูกค้าบางส่วนที่ไหว้ในช่วงบ่ายเดินทางออกมาจับจ่ายใช้สอยกันค่ะ
21-21944-6.wav	เพื่อเป็นการอำนวยความสะดวกให้กับประชาชนที่จะเดินทางมากราบไหว้ขอพรในช่วงเช้านี้ค่ะ
21-21947-213.wav	ส่วนนายเฉลิมชัยเฟื่องคอนก็เสนอนะคะว่า
21-21948-3.wav	พาคุณผู้ชมไปที่จังหวัดประจวบคีรีขันธ์นะคะ
21-21950-10.wav	รองลงมา353บาทมี6จังหวัด
21-21950-9.wav	จะมี3จังหวัดนะคะคือชลบุรีระยองและภูเก็ตค่ะ
21-21951-58.wav	ด้านผู้เสียหายได้เดินทางไปยังศาลจังหวัดตลิ่งชัน
21-21952-19.wav	หลังจากที่เสร็จสิ้นพิธีได้เห็นนางรำกว่า20คนผ่านไปแล้วเนาะ
21-21952-32.wav	อารมณ์ประมาณว่าแจกโชคไงเผื่อไปลุ้นโชคกันต่อสำหรับนางรำ
21-21953-40.wav	นางรัตนาพรสุภาทิพย์หรือเจ๊บ้าบิน
21-21953-71.wav	กลุ่มตำรวจที่ทำคดีที่จังหวัดกาญจนบุรี
21-21954-17.wav	ฝ่ายปกครองจังหวัดมหาสารคามและทหาร
21-21954-1.wav	และคิดดอกเบี้ยโหดบ้างทางด้านของฝ่ายปกครองจังหวัดมหาสารคาม
21-21954-36.wav	บอกว่าตัวเองเป็นชาวจังหวัดชัยนาทนำเงินจำนวนหลายล้านบาทเนี่ยมาปล่อยกู้ให้ชาวบ้านในภาคอีสาน
21-21956-0.wav	พนมทวนจังหวัดกาญจนบุรีคุณผู้ชม
21-21959-13.wav	ใครที่อยากจะทำบุญสามารถร่วมบริจาคกันได้ที่ธรรมสถานแม่ชีหลวงดาจังหวัดปทุมธานีนะคะ
21-21959-4.wav	ธรรมสถานแม่ชีหลวงดาจังหวัดปทุมธานี
21-21959-6.wav	พลังความศรัทธาจากเหล่าลูกศิษย์ค่ะเดินทางมาร่วมงานกัน
21-21960-8.wav	เขาประเดิมเล่นไปแล้วเมื่อคืนก่อนนะคะที่จังหวัดสระบุรีค่ะ
21-21964-66.wav	โดยพบว่าตั้งแต่บริเวณจังหวัดสุราษฎร์ธานี
21-21966-104.wav	เธอก็ใช้ชีวิตและมีความลำบากในเรื่องการเดินทางอยู่แล้ว
21-21966-41.wav	ล่าสุดค่ะผู้สื่อข่าวเราเดินทางไปที่บ้านของผู้หญิงคนนี้นะคะ
21-21967-103.wav	เขาจะเดินทางจากกรุงเทพไปที่เกาะสมุย
21-21967-106.wav	นายมงคลทองโบราณพร้อมด้วยภรรยาและลูกอีก2คนนี้นะคะ
21-21967-110.wav	ก็คือเดินทางเลยไม่ได้มีการพักในวันนั้น
21-21967-124.wav	โอนเงินมาให้เพื่อที่จะเดินทางต่อจนถึงช่วงเช้า
21-21967-125.wav	ก็คือไปถึงที่เกาะสมุยที่จังหวัดสุราษฎร์ธานี
21-21967-14.wav	เขาเล่าให้ฟังบอกว่าตัวเองเดินทาง7มกราคมที่ผ่านมา
21-21967-73.wav	จังหวัดประจวบอำเภอชะอำจังหวัดเพชรชบุรี
21-21973-1.wav	อย่างโตโยต้าเองครับไปปลูกป่านิเวศให้กับพื้นที่จังหวัดน่านโดยใช้เทคนิคพิเศษนะครับ
21-21973-5.wav	และอาสาสมัครในพื้นที่จังหวัดน่าน
21-21974-0.wav	โอ้โหภาพนี้เหตุการณ์นี้อาจจะเป็นอีกครั้งหนึ่งที่เป็นอุทาหรณ์นะคะสำหรับการเดินทางบนท้องถนนเนี่ยค่ะ
21-21975-2.wav	วันนี้ก็เดินทางไปพร้อมกับทนายความ
21-21979-20.wav	นะฮะเป็นอาสาสมัครหนึ่งเดียวที่เดินทางมาจากจังหวัดประจวบคีรีขันธ์นะครับ
21-21979-24.wav	ลุงก็จะเอามาเลี้ยงแต่วันนี้คุณลุงเขาเดินทางมาที่นี่ตั้งใจเลยครับ
21-21979-25.wav	ที่มาที่ถ้ำหลวงในนามของจิตอาสาจังหวัดประจวบคีรีขันธ์นะครับ
21-21979-45.wav	แต่ผมก็ไม่สนใจนะครับจะได้ไม่ได้จะหมดงบเท่าไรการเดินทางผมนะ
21-21979-49.wav	เขาก็บอกว่าเขาเนี่ยเป็นชาวจังหวัดนครศรีธรรมราชตั้งใจมานวดให้ฟรีเลย
21-21980-28.wav	ผู้กำกับการสถานีตำรวจภูธรจังหวัดพระนครศรีอยุธยา
21-21982-16.wav	พร้อมด้วยนางสาวสมศรีสายสมคุณบุตรสาวคนโต
21-21984-17.wav	ตำรวจชุดสืบสวนเชิญตัวนางสาววิไลพร
21-21984-186.wav	ผู้สื่อข่าวก็ถามเพื่อนบ้านชื่อว่านางสาวติ๊กนะคะ
21-21984-74.wav	พัฒนาสังคมและความมั่นคงของมนุษย์จังหวัดชลบุรี
21-21990-5.wav	ก็มีการโพสต์เรื่องราวของผู้หญิงคนหนึ่งก็เดินทางไปเที่ยวสเปนช่วงปีใหม่
21-21991-0.wav	จังหวัดเลยมีคนไปพบศพผู้หญิงคนหนึ่งเป็นผู้ช่วยผู้ใหญ่บ้าน
21-21991-12.wav	นายบุญธรรมวัย67ปีพ่อผู้ตายซึ่งอยู่ในอาการโศกเศร้าเล่าว่า
21-21991-16.wav	พบผู้ต้องสงสัยคือนายขจรวัย40ปีที่บ้านอยู่ห่างกันไม่ถึงร้อยเมตรโดยเมื่อ2เดือนก่อน
21-21991-17.wav	นายขจรเคยเข้ามาลักทรัพย์ในบ้านหลังนี้ได้เงินไป8500บาทแต่มีคนมาเจรจาเจ้าของบ้านเห็นเป็นคนบ้านเดียวกันจึงไม่เอาเรื่อง
21-21991-40.wav	ตำรวจยังบี้สอบปากคำนายขจร
21-21991-44.wav	ในชั้นนี้นายขจรยังให้การปฏิเสธตลอดข้อหา
21-21991-48.wav	ไม่ว่าใครจะเป็นคนร้ายนายขจรจะเกี่ยวข้องหรือไม่
21-21991-50.wav	แต่ในชั้นนี้ตำรวจแจ้งข้อหานายขจร
21-21991-7.wav	เช้าตรู่วันที่23สิงหาคมตำรวจสภ.ภูกระดึงรุดไปชนะสูตรพลิกศพนางสาวดัชนี
21-21993-107.wav	ก็ต้องมีการบวงสรวงนางตะเคียน
21-21993-108.wav	เพราะว่าเชื่อว่านางศักดิ์ตะเคียนสิงสถิตอยู่แล้วก็เป็นต้นไม้เก่าแก่
21-21993-110.wav	ถ้าเป็นเรือนำมาทำเป็นเรือก็จะเรียกนางตะเคียนนี้ว่าแม่ย่านาง
21-21993-111.wav	ถ้ามาทำเป็นบ้านก็จะเรียกนางตะเคียนว่าผีบ้านผีเรือน
21-21993-112.wav	อันนี้เป็นความเชื่อแต่โบร่ำโบราณเกี่ยวกับเรื่องของนางตะเคียน
21-21993-1.wav	ว่าแต่ละจังหวัดเขาไปขอที่ไหนมีเลขอะไร
21-21993-98.wav	ความเชื่อของนางตะเคียนมีความเชื่อมาแต่โบร่ำโบราณคุณ
21-21994-13.wav	โรงเรียนสามัคคีวิทยาคารเทศบาลเมืองน่านอำเภอเมืองน่านจังหวัดน่าน
21-21994-2.wav	คุณผู้ชมจำได้ไหมคะก่อนหน้านี้โรงเรียนแห่งหนึ่งที่จังหวัดน่าน
21-21994-22.wav	คือนายสุรพลเธียรสูตรนายกเทศมนตรีเทศบาลเมืองน่านเลยนะคะ
21-21993-87.wav	นายน้อยคนขับรถแบ็กโฮขุดลอกคลองบอกว่า
21-21993-67.wav	รวมถึงมีเสื้อผ้าชุดนางตะเคียนสวยๆแบบนี้ด้วย
21-21993-13.wav	นายคำลือเขตสนานผู้ใหญ่บ้านคำบอนเวียงชัยบอกเลยค่ะว่า
21-21992-1.wav	เพราะว่าที่หมู่บ้านแห่งหนึ่งที่อำเภอท่าลี่ที่จังหวัดเลย
21-21991-5.wav	และมีรอยเล็บข่วนตายคาที่นอนในบ้านชั้นเดียวซึ่งเปิดเป็นร้านขายของชำในตำบลศรีฐานอำเภอภูกระดึงจังหวัดเลย
21-21991-18.wav	และที่สำคัญตามตัวนายขจรมีร่องรอยบาดแผลคล้ายรอยขีดข่วนด้วยตำรวจจึงควบคุมตัวไว้สอบสวน
21-21985-19.wav	รับอากาศหนาวท่องเที่ยวบนอุทยานแห่งชาติเขาใหญ่
21-21984-71.wav	ส่วนนางอรุณรัศมีบุญเกิดนักสังคมสงเคราะห์ชำนาญการ
21-21984-54.wav	ส่วนคนนี้ก็คือนางสาวรสรินพฤหัสหรือว่าครูดาว
21-21984-30.wav	แล้วก็ระหว่างสอบปากคำนางสาววิไลพรก็เครียด
21-21984-224.wav	ทนายเอกเล่าให้ฟังหน่อยค่ะตกลงเรื่องราวตั้งแต่ต้นที่รับเรื่องจนกระทั่งถึงตอนนี้เป็นอย่างไรบ้าง
21-21984-221.wav	ทนายรณณรงค์แก้วเพ็ชร์ก็มาออกรายการ
21-21984-172.wav	ลักษณะของบ้านประมาณสักร้อยตารางวาอยู่ในซอยชัยพรวิถี11ตำบลหนองปรืออำเภอบางละมุงจังหวัดชลบุรี
21-21983-7.wav	เจ้าหน้าที่ก็กำลังค้นหาค้นหาตัวนางสาวนันทนาอยู่
21-21982-61.wav	ทางด้านของนางฉวีวรรณลูกจันทร์
21-21982-28.wav	ฝั่งของแม่ยายเองก็คือนางมานิตย์
21-21982-14.wav	ตำบลเสาเดียวอำเภอหนองหงส์จังหวัดบุรีรัมย์
21-21982-13.wav	ให้เอาผิดกับนางมานิตย์เต็มปักษีชาวบ้านหนองไผ่
21-21982-12.wav	ได้เข้าแจ้งความกับตำรวจสภ.หนองหงส์จังหวัดบุรีรัมย์
21-21981-1.wav	นี่ฮะเห็นไกลๆไหมฮะฝุ่นตลบแบบนั้นเลยนะครับเพราะว่ารถกระบะเนี่ยขึ้นไปเสยเกาะกลางนะฮะตรงถนนสุขุมวิทขาออกไปทางจังหวัดตราดในพื้นที่ของตำบลเกวียนหักอำเภอขลุงนะครับ
21-21979-60.wav	ธีรเดชวงศ์เฉลิมวัฒน์ถ่ายภาพทัศนัยโคตรทองรายงานสดจากถ้ำหลวงขุนน้ำนางนอนจังหวัดเชียงรายครับ
21-21979-1.wav	มีโอกาสไปคุยกับเอ่อจิตอาสาท่านหนึ่งเดินทางมาจากปักษ์ใต้
21-21977-37.wav	ออกแถลงการณ์เรียกร้องให้นางสาวปารีณากล่าวคำขอโทษ
21-21977-23.wav	ทนายอนันต์ชัยบอกว่าคือตอนนี้เนี่ยนะครับ
21-21977-21.wav	ทนายอนันต์ชัยนะครับบอกว่าเดี๋ยวมันจะมีเพิ่มเติมอีกนะ
21-21976-123.wav	ตัวของนางสุพรรษาเองก็รู้จักรู้จัก
21-21976-119.wav	นางสุพรรษาบอกว่าผู้ก่อเหตุไม่ใช่ใครที่ไหน
21-21975-9.wav	เดินทางไปพบกับพันตำรวจเอกอลงกรณ์ศิริสงคราม
21-21975-8.wav	พร้อมด้วยนายอนันต์ชัยไชยเดชทนายความ
21-21975-7.wav	วันนี้นางสาวบุญศรีแล้วก็นางสาวรัตนฉัตรแสงหยกตระการ
21-21975-45.wav	แต่เอาล่ะก็ยังให้โอกาสนางสาวรชนิกรคู่กรณี
21-21975-40.wav	นางสาวรัตนฉัตรบอกว่าหลังเกิดเหตุคู่กรณี
21-21975-28.wav	คือนางสาวรชนิกรมาเลื่อนรถให้เพื่อไม่ให้ขวางประตูบ้าน
21-21975-18.wav	กล่าวหาว่านางสาวมณีรัตน์กับพวกเนี่ย
21-21975-17.wav	และวันเกิดเหตุนางสาวรชนิกรก็เข้าแจ้งความกับตำรวจ
21-21975-15.wav	นางสาวมณีรัตน์ได้ใช้ขวานทุบรถของนางสาวรชนิกร
21-21975-11.wav	เพื่อไปแจ้งความเอาผิดกับนางสาวรชนิกรเลิศวาสนา
21-21974-8.wav	ส่วนรถกระบะคู่กรณีก็สภาพไม่ต่างกันเลยคุณผู้ชมนายวิรัตน์อายุสี่สิบเก้าปี
21-21973-7.wav	ของตำบลเมืองจังอำเภอภูเพียงจังหวัดน่าน
21-21973-3.wav	นายนินนาทไชยธีระภิญโญรองประธานกรรมการบริษัทโตโยต้ามอเตอร์ประเทศไทย
21-21972-58.wav	ส่วนดร.พี่เอ้หรือนายสุชัชวีร์สุวรรณสวัสดิ์
21-21970-24.wav	ได้แก่นายพิธาพลเอกประยุทธ์และพลตำรวจเอกเสรีพิศุทธ์
21-21970-20.wav	อันดับ2นายพิธาลิ้มเจริญรัตน์ร้อย
21-21967-76.wav	สะดวกในการพักผ่อนและแนะนำให้เดินทางต่อในวันรุ่งขึ้น
21-21967-63.wav	ก็คือไล่ผู้โดยสารลงก็คือนายวันชัยแก้วเจริญ
21-21967-59.wav	นางสาวพรพิมลกลิ่นหอมเป็นนายสถานี
21-21967-53.wav	ชื่อว่านายวันชัยแก้วเจริญ
21-21967-126.wav	และทีนี้ก็มีญาติรับเดินทางต่อๆไปนะคะ
21-21967-108.wav	เขาได้เดินทางไปที่ท่าเทียบเรือโดยสารเฟอร์รี่
21-21966-6.wav	รักษาเสร็จเธอจะนั่งรถทัวร์กลับบ้านคือที่จังหวัดเพชรบูรณ์
21-21966-42.wav	เธอชื่อนางสาวเจนจิตรเสนานุชอายุ35ปีเป็นชาวอำเภอหล่มเก่าจังหวัดเพชรบูรณ์ค่ะ
21-21966-3.wav	ผู้หญิงคนนึงเธอเป็นชาวจังหวัดเพชรบูรณ์เธอมีอาการป่วยเรื้อรังนะคะ
21-21965-6.wav	มีการนำเสนอแนวทางการเดินหน้าต่อฐานะพรรคการเมืองนายธนาธรบอกว่า
21-21965-4.wav	นำโดยธนาธรจึงรุ่งเรืองกิจว่าที่หัวหน้าพรรคนะครับแล้วก็นายปิยบุตรแสงกนกกุล
21-21965-14.wav	แล้วก็จะไม่เล่นการเมืองแบบเก่าเช่นเดียวกันกับนายรณวิตหล่อเลิศสุนทรรองหัวหน้าพรรคก็บอกว่า
21-21965-13.wav	ด้านนายปิยบุตรบอกว่าพรรคอนาคตใหม่คือพื้นที่แห่งการที่รวมทุกคนทุกกลุ่ม
21-21963-4.wav	เสียชีวิตอยู่ในแม่น้ำอะค่ะนี่เป็นกล้องวงจรปิดหน้าโรงพยาบาลเจ้าพระยาอภัยภูเบศรอำเภอเมืองจังหวัดปราจีนบุรีผู้หญิงคนนี้อายุประมาณสามสิบค่ะอย่างที่เห็นจะรูปร่างท้วมๆหน่อยนะคะผมบ๊อบใส่เสื้อยืดแขนสั้นกางเกงสีน้ำตาลแบบสามส่วนใส่รองเท้าแตะเดินออกมาจากโรงพยาบาล
21-21963-0.wav	มาดูอีกหนึ่งเหตุการณ์ค่ะอันนี้เนี่ยมีภาพจากกล้องวงจรปิดอืมที่หน้าโรงพยาบาลนะคะโรงพยาบาลเจ้าพระยาอภัยภูเบศรที่จังหวัดปราจีนบุรี
21-21960-9.wav	พี่กานต์วิภากรแล้วก็น้องเสือเนี่ยทำหน้าที่ผู้จัดการคนใหม่ที่เดินทางไปกับพี่เสกด้วยทุกที่เลยนะคะ
21-21957-18.wav	แล้วไปพูดคุยกับนายยิ่งยศอินทร์มียืน
21-21955-9.wav	สองสามีภรรยานี้คือนายจรัญจีนแดงอายุ43ปี
21-21955-16.wav	ตำบลคลองแหอำเภอหาดใหญ่จังหวัดสงขลา
21-21955-11.wav	แล้วก็นางดาวนางดารุณีฤทธิ์ประทีปอายุ53ปี
21-21954-46.wav	ที่ศูนย์ดำรงธรรมทุกจังหวัดทั่วประเทศนะคะ
21-21954-37.wav	พร้อมกับจ้างนายสราวุฒิและนายอิทธิคอยขับรถตระเวนเก็บเงินจากลูกหนี้
21-21954-35.wav	ดอกเบี้ยโหดจริงๆนายพงศ์พันธุ์นายทุนเงินกู้นอกระบบก็รับสารภาพค่ะ
21-21954-31.wav	ก่อนหน้านี้มีชาวบ้านในตำบลเขวาไร่อำเภอโกสุมพิสัยเนี่ยร้องเรียนที่ศูนย์ดำรงธรรมจังหวัดมหาสารคาม
21-21954-19.wav	แล้วก็ไปจับกุมนายพงศ์พันธุ์จีเมือง
21-21954-18.wav	กองกำลังรักษาความสงบเรียบร้อยประจำจังหวัดสนธิกำลังกัน
21-21952-36.wav	ยังไงซะอนุโมทนาสาธุด้วยก็ขอให้นางรำโชคดีกันไป
21-21952-33.wav	เพราะจริงๆนางรำที่เขามากันเนี่ยเอาจริงๆเขาก็ได้สินน้ำใจ
21-21952-31.wav	แจกลอตเตอรี่กับนางรำให้ทุกคน
21-21952-11.wav	ได้รับเงินรางวัล12ล้านจัดมานางรำชุดใหญ่เต็มคาราเบล
21-21951-55.wav	และแจ้งข้อหาเพิ่มอีก1ข้อหากับนายธนากร
21-21950-15.wav	สมัยรัฐบาลนางสาวยิ่งลักษณ์ชินวัตรปรับค่าแรงขั้นต่ำ
21-21950-13.wav	มี5จังหวัดนะคะคือยะลาปัตตานีนราธิวาสน่านและอุดรธานีค่ะ
21-21944-9.wav	ก่อนที่จะเดินทางออกจากบ้านเพื่อมายังศาลเจ้าหรือวัดต่างๆ
21-21944-25.wav	จะมีชาวไทยเชื้อสายจีนเดินทางมากราบไหว้ขอพรเทพเจ้าต้อนรับสิ่งดีๆที่จะเกิดขึ้นในช่วงตรุษจีนนี้เป็นจำนวนมากค่ะ
21-21944-17.wav	ส่วนบรรยากาศการเดินทางมาซื้อของไหว้ที่เยาวราชในเช้ามืดนี้นะคะ
21-21944-12.wav	ที่ทุกๆปีจะมีชาวไทยเชื้อสายจีนเดินทางมากราบไหว้เทพเจ้า
21-21943-4.wav	หลังจากเจ้าหน้าที่ใช้อุปกรณ์ตรวจวัดพื้นที่โดยรอบเขาสนที่เป็นพื้นที่ของเขาสนฟาร์มครับคำยืนยันก็ออกมาแล้วครับว่าพื้นที่ทั้งหมดประมาณ691ไร่ของนางสาวปารีณาอาจจะเป็นพื้นที่ของหลวงอย่างแน่นอนครับแต่ยังไม่ขอระบุครับว่าจะเป็นพื้นที่ของป่าสงวนประมาณกี่ไร่และเป็นพื้นที่ของส.ป.ก.
21-21943-32.wav	เพื่อตรวจสอบว่าเป็นไปตามที่นางสาวปารีณาแจ้งบัญชีทรัพย์สินและหนี้สินไว้หรือไม่
21-21943-26.wav	หลังนางสาวปารีณาลดราคาขายเหลือเพียงกระสอบละ10บาท
21-21943-19.wav	ซึ่งในเรื่องนี้เป็นสาเหตุทำให้เรื่องที่ดินของนางสาวปารีณา
21-21943-0.wav	รับความกระจ่างจนทำให้มีการตั้งข้อสังเกตจากหลายฝ่ายว่าอาจจะมีการช่วยเหลือนางสาวปารีณาไกรคุปต์ส.ส.ราชบุรีพรรคพลังประชารัฐไม่ให้ถูกดำเนินคดีหรือถูกดำเนินคดีด้วยโทษสถานเบาเพื่อไม่ให้เป็นการลดความน่าเชื่อถือของรัฐบาล
21-21942-12.wav	ที่พัฒนาและนำความเจริญมาสู่จังหวัด
21-21942-0.wav	จากกรณีที่นายบรรหารศิลปอาชา
21-21941-8.wav	คือนางสาวเนติพรทองทรงวงศ์นะคะ
21-21941-6.wav	ที่นี่คือวัดโขดทิมทารามอยู่ที่อำเภอเมืองจังหวัดระยองค่ะ
21-21941-24.wav	จุดที่นางสาวเนติพรไปเจอแม่ชี
21-21940-8.wav	ตำบลตลาดไทรอำเภอชุมพวงจังหวัดนครราชสีมานะครับ
21-21940-7.wav	เหตุการณ์นี้เกิดขึ้นที่บ้านของนายสุทัศน์เสาะไธสงหมู่ที่สิบเก้า
21-21933-54.wav	การชกมวยไทยตามเวทีมวยต่างๆในจังหวัดเชียงใหม่มาแล้ว
21-21933-30.wav	หรือว่านางสาวอักษรภัคกับเพชรลีลาเพชรต้นผึ้งนะคะ
21-21932-5.wav	จะถูกรถชนนะคะในพื้นที่จังหวัดเชียงใหม่ค่ะ
21-21931-48.wav	ก็คือเป็นลูกหลานของนายตำรวจชั้นผู้ใหญ่จริงๆคุณผู้ชม
21-21930-0.wav	มาร่วมงานลอยกระทงค่ะในช่วงนี้นะคะหลายจังหวัดหลายพื้นที่ก็จัดงานเทศกาลลอยกระทงกันชื่นมื่นชื่นใจกันถ้วนหน้าค่ะ
21-21928-63.wav	ที่ยังคงพยายามขวนขวายเดินทางมาท่องเที่ยวที่ป่าที่นี่
21-21928-10.wav	ยอมรับว่าเขาไม่เคยท่องเที่ยวแบบซาฟารี
21-21927-99.wav	การท่องเที่ยวบริการที่เราเน้นจำนวนนักท่องเที่ยวมากกว่าคุณภาพมามาก
21-21927-0.wav	ต่อไปท่านนายกรัฐมนตรีชี้แจงเชิญนะครับ
21-21926-9.wav	หลังนักท่องเที่ยวรายนี้ครบกำหนดเดินทางกลับจากการท่องเที่ยวในประเทศไทยตั้งแต่ช่วงปลายเดือนที่แล้วครับ
21-21926-74.wav	ก็ต้องรอรอดำเนินการต่อไปยังไม่ยังไม่ทราบผลว่าจะเดินทางมาเมื่อไรอย่างไรนะคะ
21-21926-68.wav	ได้เดินทางไปที่ไหนอย่างไรหรือว่ามีคนเข้ามาขอพบก่อนหน้านี้หรือไม่ค่ะ
21-21925-17.wav	พร้อมสั่งย้ายนายทรงกรดภู่ทองหัวหน้าสถานีออกจากพื้นที่
21-21923-316.wav	ครอบครัวของพี่นุชจากจังหวัดนครปฐม
21-21923-29.wav	ชื่อนางสาวนิรดีอินจันทร์ชื่อเล่นชื่อปุ้ยอายุ37ปี
21-21920-9.wav	5ทุ่มถึงตี3และสามารถเดินทางข้ามจังหวัดได้แต่ต้องเป็นภายต่ายภายใต้ข้อกำหนดของจังหวัดนั้น
21-21920-99.wav	แต่ว่า11รายที่ว่านี้นะคะเป็นผู้ที่เดินทางกลับมาจากต่างประเทศคือกลับมาจากคูเวตนะคะ
21-21919-6.wav	ก็พูลวิลล่านี้อยู่ที่อำเภอสัตหีบจังหวัดชลบุรีนะคะ
21-21918-17.wav	พบกับนางสาวสุวิชาดามีคงอายุ19ปี
21-21917-30.wav	ซึ่งพระครูประศาสน์ครับบอกว่าจะนำเรื่องนี้แจ้งไปยังเจ้าคณะจังหวัดบุรีรัมย์
21-21916-133.wav	ไม่กลัวไอ้หนุ่มอยู่ข้างหลังมาตื๊อน้องนางขวัญยืน
21-21915-3.wav	นายวิศักดิ์วัฒนศัพท์ผู้อำนวยการสำนักงานกองทุนน้ำมันเชื้อเพลิง
21-21913-9.wav	แล้วก็แปะไว้กระจกหน้ารถกระบะของท่านรองนายกอบต.คนนี้
21-21913-15.wav	แล้วก็เขียนข้อความว่าเป็นรองนายกอบต.แล้วไงครับ
21-21913-11.wav	และเมื่อรองนายกอบต.กลับมาที่รถเห็นใบสั่งแปะเอาไว้ที่กระจก
21-21913-10.wav	แล้วก็ยืนรอกระทั่งท่านรองนายกอบต.นำเงินไปฝากธนาคารจนเสร็จเรียบร้อยค่ะ
21-21913-0.wav	ดูกันต่อนะคะครับอีกเรื่องหนึ่งนะคะเป็นกรณีคลิปนี้ค่ะมีคนมาตั้งโพสต์เอาไว้แล้วก็เขียนหัวข้อโพสต์นี้เอาไว้ว่าเป็นรองนายกอบต.แล้วไงค่ะอันนี้เป็นเหตุการณ์ที่ตำรวจเนี่ยนะคะไปเตือนนายกอบต.คนนึงที่เขาจอดรถอยู่ริมถนนหน้าธนาคารแล้วการจอดรถของเขามันทำให้รถติดยาวทีเดียวค่ะพอตำรวจไปเตือนเกิด
21-21909-76.wav	โดยนายปิยบุตรก็ยืนยันว่าพรรคการเมืองที่ได้รับการจัดสรรส.ส.บัญชีรายชื่อ
21-21909-53.wav	นายปิยบุตรแสงกนกกุลเลขา
21-21909-29.wav	นายภราดรปริศนานันทกุลส.ส.อ่างทอง
21-21907-20.wav	นางสาวบุษบาหนึ่งในเจ้าของบ้านที่ถูกเรือพุ่งชนก็บอกให้ฟังแบบนี้
21-21905-23.wav	ชาวจังหวัดเชียงรายบอกแล้วนะครับนี่เป็นทางเดียวที่มีความเสี่ยงน้อยที่สุดและปลอดภัยมากที่สุดในการเดินเท้าเข้าไปในจุดของห้องโถงพัทยาบีชทางผู้ว่าเองเนี่ยยังมั่นใจว่าน้องๆน่าจะยังคงมีการรออยู่ที่จุดนั้นและพวกเขาก็ยังเชื่อว่าน้องๆทั้ง13ชีวิตจะยังคงมีความปลอดภัยและก็ยังไม่มีใครได้รับอันตรายนะครับ
21-21905-18.wav	ตัดสินใจเดินทางจากวัดนะครับที่เขาได้มีการพักแล้วก็มาที่ถ้ำหลวงมาทำพิธีหลังจากนั้นเนี่ยสิ่งหนึ่งที่น่าสนใจครับก็คือว่าหลังจากที่มีการทำพิธีเสร็จสิ้นเนี่ยพระครูบาบุญชุ่มได้มีการเดินให้กำลังใจกับทางผู้ปกครองของน้องๆทั้ง13ชีวิตนะครับว่าไม่ต้องกังวลและก็ตอนนี้น้ำกำลัง
21-21905-16.wav	เขาก็ได้มีการเดินทางมาทำพิธีขอขมาแล้วก็ทำพิธีเปิดปากถ้ำนะครับซึ่งผมอธิบายอย่างนี้นะครับเพราะว่าต้องเกริ่นว่าในช่วงสัก4-5ชั่วโมงที่ผ่านมาจะมีการแชร์ในโลกออนไลน์ค่อนข้างที่จะหนาตาพอสมควรแล้วมียอดแชร์ค่อนข้างที่จะสูงนะครับก็คือมีหญิงสาวคนหนึ่งครับที่ทำงานเป็นเชฟ
21-21903-5.wav	นายกฯรับคิดเปิดวิสามัญ
21-21903-48.wav	ประชาคมมช.จังหวัดเชียงใหม่เมื่อวานถึงแม้จะมีการงดจัดการชุมนุมก็ตาม
21-21899-49.wav	ให้มาช่วยราชการที่กองบังคับการตำรวจภูธรจังหวัดอ่างทอง
21-21899-47.wav	บอกว่าทางผู้การจังหวัดอ่างทองเนี่ยสั่งย้ายแล้วค่ะ
21-21899-20.wav	ในพื้นที่อำเภอโพธิ์ทองจังหวัดอ่างทอง
21-21898-64.wav	เพราะว่ามีข่าวว่าจะมีการชิงตัวเขาบนทางด่วนระหว่างคุมตัวไปศาลจังหวัดพระโขนงด้วย
21-21898-14.wav	และตำรวจนครบาลพร้อมอาวุธครบมือกว่า20นายค่ะ
21-21895-20.wav	ก่อนหน้านี้ผู้ตายเนี่ยเดินทางข้ามพรมแดนไปที่เมืองรันเตาปันจังรัฐกลันตันของมาเลเซีย
21-21895-17.wav	ส่วนที่นราธิวาสนายปรีชานวลน้อยนายอำเภอสุไหงโก-ลกนะครับได้มีการออกประกาศ
21-21894-8.wav	หลังนายอัครวิทย์รำเพยหรือบอยอายุ27ปี
21-21894-26.wav	แทงเข้าที่ร่างนายพงษ์ศักดิ์นับ10แผลจนเสียชีวิต
21-21894-14.wav	ตำบลฉวางอำเภอฉวางจังหวัดนครศรีธรรมราช
21-21892-29.wav	จากเรือนจำจังหวัดสงขลาได้ประมาณ2เดือน
21-21892-20.wav	คือนายบรอหมานหมีนยุ้ยชาวจังหวัดพัทลุง
21-21892-14.wav	ในพื้นที่หมู่11ตำบลคลองแหอำเภอหาดใหญ่จังหวัดสงขลา
21-21891-21.wav	จังหวัดนครศรีธรรมราชร่วมกับโรงพยาบาลถ้ำพรรณรา
21-21882-5.wav	คุณชูวิทย์นะคะออกมาพูดถึงคดีของนายชัยณัฐกรณ์ชายานันท์หรือว่าตู้ห่าวและทุนจีนสีเทาบอกว่า
21-21880-98.wav	เพื่อเร่งรัดติดตามจับกุมตัวนายศักดา
21-21880-78.wav	สอบสวนทราบว่าผู้ก่อเหตุก็คือนายศักดาอินทร์ปิ่นปักหรือว่าเป้า
21-21880-68.wav	แล้วก็นายสุทธิพัฒน์สมสีทาอายุ19ปี
21-21880-67.wav	ผู้บาดเจ็บอีก2รายคือนางสาวณัฐกมลสุเมธวันอายุ16ปี
21-21877-51.wav	แม่ของผู้เสียชีวิตชื่อนางกิมลั้งมัถปิไข
21-21877-20.wav	คว้ามีดพร้าที่วางอยู่บนพื้นฟันนายเสนี
21-21873-3.wav	หนีเข้ามาที่จังหวัดระยองชาวบ้านบอกว่าเป็นเหตุระทึกนะทั้งกลัวแล้วก็ต้องหลบกระสุนกันจ้าละหวั่นนะ
21-21873-0.wav	พาไปดูเหตุการณ์ที่จังหวัดระยองกันหน่อยนะคะจุดเกิดเหตุเนี่ยก็คือตลาดนัดนิคมพัฒนากิโลเมตรที่12นะคะ
21-21871-70.wav	อาอย่างนี้สะดวกสบายมากขึ้นในการเดินทางไปรับประทานเมนูจีนไหหลำแบบดั้งเดิมจริงๆนะครับผม
21-21870-928.wav	เราวัดในระนาบใช้บ้านหลังบ้านของรังวัดระนาบดูว่ามันจะใกล้เคียงกันหรือเปล่า
21-21870-455.wav	รถก็ต้องเดินทางไปจังหวัดพัทลุงเพื่อไปรับขันของครูหมอมโนราห์
21-21870-448.wav	เพราะว่าสมัยทำงานพี่รถแกก็มาบ่นให้ฟังประจำว่าเนี่ยพ่อกับแม่แกไปงานไหว้ครูมโนราห์ที่จังหวัดพัทลุงอ่ะนะ
21-21870-443.wav	ลุงมาตรเนี่ยเป็นคนดั้งเดิมของจังหวัดพัทลุงอืมซึ่งทั้งฝ่ายของป้าใหม่
21-21870-442.wav	บรรพบุรุษของเขาเนี่ยอยู่ในจังหวัดพัทลุงป้าใหม่และอ่า
21-21870-103.wav	ในที่ทำงานที่อำเภอหาดใหญ่จังหวัดสงขลา
21-21865-6.wav	นายพูนพงษ์นัยนาภากรนะครับ
21-21863-7.wav	นายวิเชียรทรัพย์เจริญนะคะนายกองค์การบริหารส่วนจังหวัดตราด
21-21863-26.wav	ด้านนายสุชาติถนอมวงศ์ประธานคณะกรรมการจัดการแข่งขันก็บอกว่า
21-21861-47.wav	เรื่องราวเกี่ยวกับการไปท่องเที่ยวของหนุ่มหมากค่ะ
21-21859-99.wav	อย่างที่คุณมดดำบอกจ้างนายสายัณห์ให้มาจีบอั้ม
21-21859-66.wav	ซึ่งนายสายัณห์นะฮะถูกตำรวจควบคุมตัวนะครับ
21-21859-52.wav	นายจิรศักดิ์อุทัยบรรพตนะฮะอายุ34ปี
21-21859-466.wav	นางไม่ได้เดินทางมาพบกับพนักงานสอบสวนตามกำหนดนะครับโดยไม่มีการติดต่อ
21-21859-461.wav	บอกให้นางลีน่าว่างนักก็มารับทราบข้อกล่าวหาหน่อย
21-21859-439.wav	ลูกชายก็ไม่ให้นางไปนะเคยถามนางอย่างนี้ตรงๆ
21-21859-42.wav	แกะสลักเขาชีจรรย์จังหวัดชลบุรี
21-21859-426.wav	อยากเรียนปริญญาเอกนางเต้นใหญ่ใส่ชุดนี่
21-21859-417.wav	นางเป็นผู้รู้ผู้ตื่นผู้เบิกบาน
21-21859-412.wav	แต่จ่ายเงินปรับไงนางทำอะไรอย่างนี้
21-21859-406.wav	ฉันโดนปรับไป5-6 หมื่นไงเพื่อเอานางมาออกรายการไง
21-21859-179.wav	อ๋อนางเป็นผู้ชายหลังๆ
21-21858-55.wav	จะมาสอบนายสิบได้ที่โรงเรียนศูนย์ฝึกตำรวจภูธรภาค8
21-21857-32.wav	จนกระทั่งคนขับก็คือนายสุริโยเนี่ยค่ะตายคาที่แบบนี้
21-21857-15.wav	ก็พบศพผู้ตายคือนายสุริโยหรือว่าต้นวัย44ปี
21-21852-9.wav	นายวรพัฒน์หนึ่งในผู้ถูกทำร้ายนะครับบอกว่าวัยรุ่น6คนขับรถเก๋งมาปิดถนน
21-21852-65.wav	แล้วก็อ่ามีนายจิราชัยมาสะอาดหรือนายจิอายุ19ปี
21-21852-43.wav	ก็ไปเจอนายวรพัฒน์กับนายธนพัฒน์ที่เคยทำร้ายเขามาก่อน
21-21852-35.wav	เคยถูกนายวรพัฒน์กับนายธนพัฒน์ที่เป็นรุ่นน้องของนายมอสเนี่ย
21-21852-32.wav	ให้กับวัยรุ่นในย่านสายไหมกลุ่มผู้ต้องหาก็ถูกว่าจ้างให้ช่วยส่งของให้กับนายมอส
21-21852-30.wav	เป็นรุ่นน้องของนายมอสนายมอสเป็นกลุ่มวัยรุ่นหัวรุนแรงในย่านสายไหม
21-21852-11.wav	นายวรพัฒน์กับเพื่อนก็คือนายธนพัฒน์แล้วก็ใช้ปืนข่มขู่บังคับให้ขึ้นรถไปด้วย
21-21851-81.wav	แล้วที่เหลือเอาเป็นนามสมมุตินะครับท่านผู้ชมครับก็มีนางสาวจอยเป็นแฟนสาวของนายหมูผู้ตาย
21-21851-28.wav	ในพื้นที่หมู่9อำเภอรัษฎาจังหวัดตรัง
21-21851-24.wav	ชื่อว่านายธนวิทย์สิทธิคชวันหรือนายหมูอายุ24ปี
21-21851-20.wav	ทางทนายรณรงค์นะคะได้พานายเวียงสิทธิคชวันอายุ57ปี
21-21851-1.wav	นายรณณรงค์แก้วเพ็ชร์ประธานเครือข่ายรณรงค์
21-21851-175.wav	แล้วก็หลังเกิดเรื่องไม่ติดต่อกลับมาที่บ้านอีกเลยพลตำรวจตรีนุกูลไกรทองผู้บังคับการตำรวจภูธรจังหวัดตรัง
21-21851-126.wav	แล้วชวนกันไปทำงานที่จังหวัดภูเก็ตเมื่อเดือนเมษายนปี61
21-21849-18.wav	เป็นภาพหลวงพ่อทองกลึงวัดเจดีย์หอยจังหวัดปทุมธานี
21-21842-19.wav	และนางชัญญาผาสุพงษ์หัวหน้าฝ่ายรับเรื่องร้องทุกข์
21-21842-18.wav	นางสาวนุสราเขมกานนท์ผู้อุปการะเจ้าดำ
21-21840-8.wav	ที่ชายหาดบางแสนตำบลแสนสุขอำเภอเมืองจังหวัดชลบุรี
21-21839-5.wav	ตำบลนางรองอำเภอนางรองนะคะนั่งอยู่ได้10นาที
21-21835-21.wav	ทำให้นางอาเพียวลาเซและเด็กหญิงนุศราพรลาเซ
21-21834-73.wav	ก็คือนางสาวชยิกาชะยิกานะครับ
21-21834-72.wav	ไปตรวจสอบดูแล้วคือหลานของนะครับนายทักษิณกับนางสาวยิ่งลักษณ์
21-21834-68.wav	เลข22น่ะมันตรงกับวันที่ยึดอำนาจจากนางสาวยิ่งลักษณ์ชินวัตรหรือเปล่า
21-21834-124.wav	เรื่องนี้ทางเลขาธิการกกต.นายแสวงบุญมีก็มีการแถลงข่าว
21-21833-2.wav	ที่จังหวัดตากนะคะมีพ่ออายุ40
21-21833-26.wav	ลูกก็อยู่กับนายอ่องทวยอยู่กับพ่ออะแต่พอพ่อเมาทำร้ายลูกประชดเมียไปอีก
21-21833-21.wav	คือเด็กๆทั้ง4คนนี้นะคะอยู่กับนายอ่องทวยไม่มีนามสกุล
21-21826-9.wav	ก็คือนายวัชระเพชรทองสมาชิกพรรคประชาธิปัตย์
21-21826-7.wav	ก็เลยให้นายเฉลิมชัยศรีอ่อนเลขาธิการของพรรคต้อนรับและร่วมพูดคุย
21-21826-5.wav	เดินทางไปที่ประชาธิปัตย์ไปส่งเทียบเชิญและเป็นการไปพูดคุยให้เขาร่วมรัฐบาลค่ะ
21-21826-4.wav	อุตมาสาวนายนค่ะหัวหน้าพรรคพลังประชารัฐพร้อมแกนนำพรรคไปกันครบเลยนะคะ
21-21826-49.wav	โดยแกนนำภูมิใจไทยนำโดยนายอนุทินชาญวีรกูลหัวหน้าพรรค
21-21826-45.wav	เป็นพรรคที่เดินทางต่อจากประชาธิปัตย์ภูมิใจไทยค่ะ
21-21826-32.wav	เพราะว่านายเฉลิมชัยเนี่ยบอกว่านี่เป็นการหารือระหว่างพรรคนะ
21-21826-17.wav	ทั้งนายอุตตมและนายเฉลิมชัยระบุไปในทิศทางเดียวกันว่า
21-21824-7.wav	อดีตพ่อตาและอดีตภรรยาของนายอัศยาชัยภาหรือโก้อายุ33ปี
21-21824-61.wav	คนเป็นพ่อนี้นะคะนายดำรงนี่ยืนยันว่าไม่มีเงินจำนวนนี้
21-21824-60.wav	นายโก้นั้นโอนมาให้ลูกสาวคือนางสาวรุจีนั้น
21-21824-58.wav	เพราะว่าสงสารหลานก็คือลูกของนายโก้กับนางสาวรุจีนี่แหละนะคะ
21-21824-51.wav	นอกจากนางสาวรุจีแล้ว
21-21824-15.wav	เบื้องต้นนางสาวรุจี
21-21824-129.wav	ก็เดินทางไปงานศพนางสาวฐิติมาที่วัดบางบัวนะคะ
21-21824-8.wav	ผู้ต้องหาคดีฆ่านางสาวฐิติมาตั้งวิบูลย์พาณิชย์หรือเชอรี่อายุ39ปี
21-21824-72.wav	นางสาวฐิติมาหรือไฮโซเชอรี่หรือเปล่า
21-21824-10.wav	เดินทางไปให้ปากคำที่สถานีตำรวจนครบาลโชคชัยนะคะ
21-21824-106.wav	คือนายพิพัฒน์แล้วก็นายบัณฑิตตั้งวิบูลย์พาณิชย์
21-21823-23.wav	ที่ชายหาดบ่อนนท์ในอำเภอท่าศาลาจังหวัดนครศรีธรรมราช
21-21822-52.wav	เดินทางไปอุดรฯตอนนี้กำลังประสานตำรวจที่อุดรติดตามจับกุมตัวมา
21-21822-28.wav	แล้วก็จะเดินทางไปรับทราบข้อกล่าวหาพร้อมกันทั้งหมด5คน
21-21822-15.wav	แล้วก็นายกฤษฎาโลหิตดีหรือว่าโนบินะฮะ
21-21822-14.wav	นายโกเมศฤทธินิธิฤกษ์หรือว่านายปิงปอง
21-21822-13.wav	นางสาวพิกุลทองบุญตาหรือว่าเฟิร์สนะครับ
21-21822-11.wav	น้านายชัยพลพรรณาหรือว่าคิว
21-21818-1.wav	ในห้องเช่าแห่งหนึ่งที่ตำบลบางพลีน้อยอำเภอบางบ่อจังหวัดสมุทรปราการ
21-21816-50.wav	ก็สามารถโอนเงินช่วยเหลือนางพิกุลชายะได้นะคะ
21-21811-9.wav	ผู้ว่าราชการจังหวัดฉะเชิงเทราข้าราชการระดับสูงในพื้นที่
21-21811-61.wav	ที่สนับสนุนป้องกันสถานการณ์น้ำในจังหวัดพระนครศรีอยุธยา
21-21811-41.wav	พลเอกประวิตรก็ขอบคุณชาวจังหวัดฉะเชิงเทราที่มาต้อนรับอย่างอบอุ่นนะคะ
21-21809-27.wav	นายอัครวิทย์ก็เดินก้มหน้าก้มตา
21-21809-26.wav	ส่วนนายอัครวิทย์เนี่ยตำรวจก็ขึ้นไปสอบปากคำ
21-21809-11.wav	แต่ว่าในชั้นจับกุมเนี่ยนายสุวรรณหงส์และนายอัครวิทย์สองพ่อลูกยังให้การปฏิเสธทุกข้อกล่าวหา
21-21806-96.wav	เรื่องนี้นะครับมีความคิดเห็นมาจากนายสมชัยศรีสุทธิยากรนะฮะ
21-21806-66.wav	นายณรงค์ชัยสังวรวงศาหัวหน้าด่านกักสัตว์กาญจนบุรี
21-21806-2.wav	นำโดยนายชัยวัฒน์ลิ้มลิขิตอักษรเป็นหัวหน้าชุดน่ะนะคะ
21-21805-661.wav	ระหว่างที่กำลังเดินทางกลับลงจากเขาถมอรัตน์
21-21805-402.wav	ตำบลแม่ยางตาลอำเภอร้องกวางจังหวัดนี้น่ากลัวมาก
21-21802-254.wav	ใช่มันก็เลยแบบมีการดึงคนนู้นคนนี้มาอะไรอย่างเงี้ยนะครับเอ่อในวันเปิดตัวกับอาร์เซนอลบริงเกอร์บอกว่าสาเหตุสำคัญที่เขาเดินทางมาอังกฤษเพราะว่าเขารักฟุตบอลอังกฤษ
21-21798-31.wav	ข้อ4ครับกระซู่ครับน้องนายเลือกตอบตัวเลือกที่4กระซู่
21-21795-49.wav	ก็คือที่ประตูท่าแพจังหวัดเชียงใหม่ค่ะ
21-21795-23.wav	ที่เชิงดอยสุเทพตำบลดอนแก้วอำเภอแม่ริมจังหวัดเชียงใหม่
21-21795-19.wav	จัดกันที่ประตูท่าแพจังหวัดเชียงใหม่เป็นการแสดงพลัง
21-21794-14.wav	ในซอยตองอุ๊อำเภอพระประแดงจังหวัดสมุทรปราการ
21-21793-0.wav	แต่มากันที่ข่าวดีของชาวนากันก่อนเลยครับโดยนายจุลพันธ์อมรวิวัฒน์
21-21790-1.wav	บอกว่าก่อนหน้านี้เขาคบหากับคุณเอ้ชุติมานัยนาครับ
21-21789-70.wav	โดยเฉพาะกลุ่มของนายฮัสซันตอยิบ
21-21789-20.wav	การแก้ไขปัญหาจังหวัดชายแดนภาคใต้
21-21787-6.wav	ที่วัดศรีนวรัฐอำเภอสันป่าตองจังหวัดเชียงใหม่ค่ะ
21-21787-49.wav	เป็นบ้านของนายนรากรเนียมคนตรงเจ้าของบ้านยืนรออยู่หน้าบ้านค่ะ
21-21787-47.wav	ที่จังหวัดสุโขทัยทีมอาสากู้ภัยร่วมกตัญญูสุโขทัย
21-21786-21.wav	ใกล้กันเป็นนางเงือกสีทองบนกำแพงสะบัดหางพลิ้วไหว
21-21783-4.wav	ก็เลยบอกว่าอามาตรการทางจังหวัดเดี๋ยวจะผ่อนปรนให้ผ่อนคลายให้นะฮะ
21-21783-38.wav	มาตรการต่างๆของจังหวัดด้วยนะครับ
21-21783-34.wav	ส่วนทางจังหวัดพังงาเนี่ยตอนนี้เร่งมาตรการเยียวยา
21-21783-13.wav	พร้อมด้วยนายแพทย์นเรศฤทธิ์ขัดธะสีมานายแพทย์สาธารณสุขจังหวัดพังงา
21-21783-12.wav	โดยนายจำเริญทิพญพงศ์ธาดาผู้ว่าราชการจังหวัดพังงานะครับ
21-21782-14.wav	นายศุภโชคร้องหาญแก้วรองนายกเทศมนตรีเทศบาลตำบลสันกลางก็บอกว่า
21-21782-49.wav	เป็นเพื่อนที่อยู่ในโรงเรือนของนายศุภโชคหรือว่าที่พูดนี้ก็คือ
21-21781-5.wav	นะฮะก็มีการนำกำลังโดยทางด้านของท่านพลตำรวจตรีพิเชษฐจีระนันตสินผู้บังคับการตำรวจภูธรจังหวัดเชียงใหม่
21-21781-1.wav	แล้วก็ไปเอานักพนันเดินทางไปเล่นกัน30กว่าคน
21-21780-509.wav	สนับสนุนให้มีการทำเหมืองทองในเขตจังหวัดพิจิตรซึ่งนายมนตรีในขณะนั้น
21-21780-411.wav	กราบเรียนท่านประธานที่เคารพกับผมนายพิเชษฐ์เชื้อเมืองพาน
21-21780-2.wav	สมาชิกสภาผู้แทนราษฎรจังหวัดชลบุรี
21-21780-223.wav	จังหวัดร้อยเอ็ดพรรคเพื่อไทยค่ะดิฉันขอประท้วงท่านที่ขึ้นอ่า
21-21780-110.wav	สมาชิกสภาผู้แทนราชฎรจังหวัดเลยพรรคเพื่อไทย
21-21779-8.wav	อายุ84ปีชาวนาจังหวัดบุรีรัมย์ชายพิการทางร่างกาย
21-21779-42.wav	โดยคาดว่าลุงปานจะใช้เวลาเดินทางอีกประมาณ2-3วัน
21-21779-1.wav	ที่ตั้งใจจะเดินทางมากราบสักการะเบื้องหน้าพระบรมฉายาลักษณ์นะคะ
21-21776-87.wav	ส่วนที่บ้านเกาะแรตหมู่3ตำบลดอนสักจังหวัดสุราษฎร์ธานี
21-21776-64.wav	ไปอาศัยอยู่ชั่วคราวที่ศูนย์อพยพที่ทางจังหวัดนั้นจัดให้
21-21776-5.wav	ก็สภาพคลื่นลมที่รุนแรงพัดถล่มหลายพื้นที่ของจังหวัดนครศรีธรรมราชอย่างหนัก
21-21776-45.wav	เข้าท่วมบ่อเลี้ยงกุ้งของนายปิยะวุฒิ
21-21776-22.wav	แม้กระทั่งว่าทางจังหวัดเองจะมีพนังกั้นไว้อยู่แล้วนะครับ
21-21775-4.wav	ซึ่งทางจังหวัดหนองคายเขาทำการจัดพิธีพราหมณ์
21-21775-41.wav	ที่หนองคายรวมไปถึงจังหวัดอื่นๆด้วยเช่นเดียวกัน
21-21775-36.wav	บอกตรงๆนะว่าจังหวัดหนองคายผมยังไม่เคยได้มีโอกาสไปเลย
21-21775-35.wav	ไปท่องเที่ยวกันในช่วงเทศกาลออกพรรษาแบบนี้
21-21775-12.wav	ซึ่งเหล่าบรรดานางรำที่มาในวันนั้นนะคะมีตั้งแต่นางรำตัวน้อยๆเลยนะ
21-21772-43.wav	ก็คือนายธิติเขียวสีทองเป็นชาวบ้านท่าไม้แดง
21-21772-3.wav	ไปดูที่จังหวัดตากก่อนนี่เป็นพาดหัวแล้วครับว่าหนุ่มบุกเดี่ยวชิงทอง
21-21772-1.wav	อะตอนนี้มีเหตุใหญ่เกิดขึ้น2พื้นที่ที่จังหวัดตาก
21-21770-36.wav	นางแดงจิตกระแสมารดานายวีรวัฒน์ก็เล่าว่า
21-21770-34.wav	คล้ายแม่ของนายวีรวัฒน์ไปยืนอยู่ในที่เกิดเหตุ
21-21770-33.wav	กรณีที่ไปปรากฏภาพมารดาของนายวีรวัฒน์
21-21770-30.wav	ส่วนวันนี้ครอบครัวของนายวีรวัฒน์เดินทางไปเข้ารับศพที่นิติเวชโรงพยาบาลจุฬาฯ
21-21770-24.wav	ต่อมาตำรวจจับกุมนายปิยะแล้วก็นายรังสรรค์ระหว่างปูพรมตรวจค้น5จุดย่านอุดมสุขค่ะ
21-21770-17.wav	แล้วก็นายรังสรรค์ศรไชยากรอายุ39ปี
21-21770-15.wav	ประกอบไปด้วยนายวันชัยมงคลเข็มอายุ37ปี
21-21770-14.wav	จังหวัดพระขโนงออกหมายจับผู้ต้องหา3คน
21-21770-11.wav	เหตุการณ์นี้ทำให้นายวีรวัฒน์พึ่งครุฑอายุ20ปี
21-21769-9.wav	ภายในแคมป์คนงานก่อสร้างพื้นที่ตำบลบางแม่นางอำเภอบางใหญ่จังหวัดนนทบุรี
21-21768-2.wav	บางทีก็นั่งเสลี่ยงแต่ล่าสุดนางพลิกคาแรคเตอร์คุณ
21-21765-13.wav	โดยปลัดอำเภอแม่ริมนายบุญญฤทธิ์
21-21764-58.wav	นายสุริยาหรือว่าบังฟิตเป็นคนลงมือยิงนายสุชาติ
21-21764-24.wav	ซึ่งเรื่องนี้ค่ะคุณผู้ชมนายสุมิตรรักโอ่อายุ52ปี
21-21764-18.wav	คนที่หลบหนีเนี่ย2คนก็คือนายสุริยาเริงสมุทรหรือว่าบังฟิต
21-21764-124.wav	บังเลาะหรือว่านายสุวิทย์เนี่ยรู้เห็นเป็นใจกับขบวนการฆ่าสังหารเสี่ยสุชาตินะคะ
21-21764-121.wav	ชื่อนายสุวิทย์เนี่ยมันไปปรากฏอยู่ที่บ้านบังฟิต
21-21762-8.wav	นางสุนิสาแป้นวงศ์แม่เฮียตี๋นางสาวสุธิพรแป้นวงศ์พี่สาวเฮียตี๋นางยอดขวัญแป้นวงศ์ภรรยาเฮียตี๋
21-21762-7.wav	โดยผู้เสียชีวิตทั้ง5รายคือนายกัณตภณแป้นวงศ์หรือเฮียตี๋เจ้าของเต็นต์รถกัณตภณออโต้ในเมืองสองแคว
21-21762-5.wav	นี่คือสภาพศพของครอบครัวแป้นวงศ์5ศพที่นอนตายเรียงกันอยู่ภายในห้องนอนบ้านพักในตำบลจอมทองอำเภอเมืองจังหวัดพิษณุโลก
21-21759-5.wav	ล่าสุดญาติก็เดินทางไปรับศพกลับไปบำเพ็ญกุศลแล้วนะครับ
21-21759-11.wav	ทีมข่าวก็มีการไปคุยกันกับนางสนธยา
21-21756-11.wav	ที่โรงเรียนแห่งหนึ่งในอำเภออรัญประเทศจังหวัดสระแก้ว
21-21750-1.wav	พร้อมนายกอบต.ยางสีสุราชพาชาวบ้านสวมใส่ชุดพื้นเมือง
21-21750-0.wav	นายไพฑูรย์เกตุแก้วเกลี้ยงนายอำเภอยางสีสุราชจังหวัดมหาสารคาม
21-21749-5.wav	ซึ่งงานนี้นายสิรวิชญ์เสรีธิวัฒน์หรือว่าจ่านิวได้เข้าร่วมกิจกรรมด้วยค่ะ
21-21749-17.wav	นายสิรวิชญ์ก็บอกว่าเดินทางมาในนามของประชาชนครับ
21-21748-299.wav	แล้วก็มาเรื่องเกี่ยวกับทำนายผลไพ่ยิปซีนี้เนี่ย
21-21748-298.wav	ซึ่งถ้าผลสรุปจากอันแรกที่ผมทำนายทายทักเรื่องสีเสื้อไปแล้ว
21-21748-293.wav	แต่ถ้าให้เลือกทีมชนะในการทำนายไพ่ยิปซีอะเนาะ
21-21748-260.wav	คำทำนายไพ่ใบนี้นะครับ10ดาบ
21-21748-206.wav	ซึ่งเราจะทำนายทายทักเป็น3ใบ
21-21747-77.wav	มิจฉาชีพคนนี้ชื่อว่านางเจริญรัตน์
21-21747-22.wav	แต่ทีนี้พอถึงเวลาที่จะต้องเดินทางไปทำบุญจริงๆน่ะ
21-21744-54.wav	ตัวเลือกที่2นายเสริมไชยณรงค์ครับ
21-21744-46.wav	ตัวเลือกที่4นายสมศักดิ์จังตระกุล
21-21744-45.wav	ตัวเลือกที่3นายประทีปกีรติเรขา
21-21744-44.wav	ตัวเลือกที่2นายเสริมไชยณรงค์
21-21744-43.wav	ตัวเลือกที่1นายสฤษดิ์วิฑูรย์
21-21744-2.wav	เป็นวินาทีที่สำคัญที่ครอบครัวของคุณสัยจากจังหวัดอุบลราชธานี
21-21743-5.wav	ร่วมอำนวยความสะดวกแก่ประชาชนในจังหวัดและจังหวัดใกล้เคียงนะคะ
21-21743-3.wav	ที่ศาลากลางจังหวัดมุกดาหารนายชาตรีอรรจนานันท์
21-21743-14.wav	ที่จังหวัดมุกดาหารประมาณ3000คนค่ะ
21-21742-54.wav	บอกว่าจังหวัดปัตตานีเนี่ยได้ขอวัคซีนไฟเซอร์
21-21742-52.wav	ให้บุคลากรในจังหวัดเนี่ยได้เข้าใจด้วยนะครับ
21-21742-151.wav	ที่จะฉีดได้ซึ่งสสจ.จังหวัดเนี่ยจะเป็นผู้กำกับ
21-21738-11.wav	ภาคเหนือมีหลายจังหวัดเลยค่ะไล่ไปเลยตั้งแต่เชียงใหม่เชียงราย
21-21737-40.wav	น้อง2ตัวสีขาวกับสีดำน่ะเอ่อมีเจ้าของอยู่แล้วนางนางก็เลยอ้วนเลย
21-21737-39.wav	ฮึ้ยน้องจะเหงาหรือเปล่าอะไรหรือเปล่าก็คือนาง2ตัวน่ะ
21-21734-20.wav	ทำให้รถเก๋งโตโยต้าที่มีนายฐาปกรณ์
21-21732-9.wav	ทำกันขะมักเขม้นทีเดียวอยู่ที่ตำบลแวงน่างอำเภอเมืองจังหวัดมหาสารคาม
21-21732-8.wav	ริมถนนสายศาลากลางจังหวัดมหาสารคามวาปีปทุม
21-21732-50.wav	นางสายพิณวงใหญ่ประธานกลุ่มแม่บ้านบ้านมาง
21-21732-45.wav	ไปที่ตำบลหย่วนอำเภอเชียงคำจังหวัดพะเยา
21-21730-21.wav	ภรรยานะครับชื่อว่านางทองมวลอายุ51ส่วนผู้ตายชื่อนายอรัญญาอายุ56นะครับ
21-21729-33.wav	ซึ่งนางพิศมัยชูกล้าเจ้าของบ้านก็บอกเอาไว้ว่า
21-21729-32.wav	บ้านด่านตำบลด่านอำเภอกาบเชิงจังหวัดสุรินทร์ค่ะ
21-21729-2.wav	ไปกันที่แรกจอมปลวกคล้ายหญิงตั้งครรภ์นั่งไขว่ห้างที่จังหวัดสุรินทร์
21-21727-27.wav	ยกเว้นเพราะอะไรครับเพราะนักการเมืองจังหวัดสุพรรณบุรี
21-21725-16.wav	เกิดขึ้นในพื้นที่อำเภอหาดใหญ่จังหวัดสงขลานะคะ
21-21724-9.wav	ส่วนฝ่ายน้ำเงินกิตติศักดิ์13เหรียญทาวเวอร์ชื่อบุญเรืองยาพญมอายุ17ปีเป็นชาวจังหวัดนครศรีธรรมราช
21-21723-42.wav	มาตั้งบำเพ็ญกุศลที่วัดม่อนผาจุกอำเภอเมืองจังหวัดอุตรดิตถ์
21-21721-37.wav	ไปจากจังหวัดเลยปรากฏว่าพอไปเจอลูกหมอที่โรงพยาบาลบอกว่า
21-21720-48.wav	ที่วัดป่ามหาญาณหรือวัดทุ่งปงในพื้นที่จังหวัดตรังนั่นแหละครับ
21-21720-20.wav	หลวงพ่อเป็นเจ้าอาวาสวัดป่ามหาญาณในพื้นที่อำเภอเมืองจังหวัดตรัง
21-21718-13.wav	บ้านหลังนี้เป็นบ้านของนายสุนทรลิ่มนิจสรกุล
21-21717-25.wav	เป็นนางสาวคำผงวิโจทุจอายุ61ปี
21-21716-126.wav	และทั้งหมดนี้เป็นบรรยากาศที่เกิดขึ้นที่ตำบลพวาอำเภอแก่งนางคอยนะคะ
21-21714-4.wav	นั่นเท่ากับว่าอนาคตของนายเชิดศักดิ์แตงพุกเจ้าหน้าที่ช่างไฟฟ้าอบต.บางขุนกองดับวูบทันที
21-21714-0.wav	ไปต่อกันที่จังหวัดนนทบุรีนะครับเกิดเหตุการณ์ช่างไฟฟ้าหนุ่มใหญ่ครับ
21-21713-7.wav	15นี้ผมจะไปขึ้นศาลที่จังหวัดนครศรีธรรมราช
21-21711-1.wav	เข้าไปติดอยู่ในถ้ำหลวงขุนน้ำนางนอนจังหวัดเชียงราย
21-21709-14.wav	แล้วก็นางสาวยาซูมินหรือว่ารุ้งอายุ20
21-21709-101.wav	อะเพราะฉะนั้นถ้าเกิดว่านายนพดลออกมาชี้แจงแบบนี้
21-21708-82.wav	ในช่วงบ่ายนะคะนายธนาธรพร้อมด้วย
21-21708-36.wav	ขณะที่นายธนาธรจะไม่เดินทางไปฟังคำวินิจฉัยที่ศาลารัฐธรรมนูญนะคะ
21-21708-33.wav	ที่กู้เงินจากนายธนาธรจึงรุ่งเรืองกิจ
21-21708-22.wav	เพื่อที่จะให้กำลังใจนายธนาธร
21-21708-18.wav	มาจากนายธนาธรจึงรุ่งเรืองกิจนะคะ
21-21697-38.wav	ขณะนายแพทย์จตุไชยมณีรัตน์นายแพทย์สาธารณสุขจังหวัดเชียงใหม่
21-21697-22.wav	รองอธิบดีกรมราชธรรมราชทัณฑ์นายแพทย์สาธารณสุขจังหวัดเชียงใหม่
21-21697-20.wav	ผู้ว่าก็คือนายเจริญฤทธิ์สงวนสัตย์ผู้ว่าราชการจังหวัดเชียงใหม่
21-21697-123.wav	ระบุนะครับว่านายกรัฐมนตรีเนี่ยได้รับทราบ
21-21696-58.wav	ทนายบัญชาเป็นคนจิตใจดีไม่เคยหาเรื่องใคร
21-21696-50.wav	ต้องมีการสอบปรากฏว่าไม่มีชื่อของนายธนากร
21-21696-45.wav	นายธนากรเนี่ยเป็นบอดี้การ์ดให้กับนายบัญชาเนี่ย
21-21696-37.wav	ถ้านายธนากรไม่ยิงน่าจะมีคนเจ็บมากกว่านี้
21-21696-10.wav	ก็มีการตั้งคำถามกันนะคะเพราะว่านายธนากรใช้ปืนกระบอกนี้แหละค่ะ
21-21696-29.wav	แต่ว่ายืนยันว่านายธนากรไม่ได้เป็นบอดี้การ์ดของนายบัญชา
21-21696-36.wav	หากนายธนากรไม่ยิงเขาให้เหตุผลแบบนี้นะ
21-21696-32.wav	และสิ่งที่ทำก็เป็นลักษณะของการที่บอดี้การ์ดจะต้องปกป้องนาย
21-21688-58.wav	จริงๆเรามีเสียงของนายบุญมาด้วยนะ
21-21688-51.wav	แล้วท้ายที่สุดรถของนายพิชิตนะครับ
21-21688-50.wav	จนมาถึงที่เกิดเหตุนายพิชิตเนี่ยขับปาดเพื่อไม่ให้แซง
21-21709-106.wav	คุณอุสาก็คือคนที่เป็นแม่ของนางสาวบีมใช่ไหม
21-21708-84.wav	จะเดินทางมาพร้อมกันที่พรรคอนาคตใหม่นะคะ
21-21697-122.wav	นางสาวไตรศุลีไตรสรณกุล
21-21696-27.wav	มาฝึกงานระยะหนึ่งแล้วแต่ว่าไม่ได้อยู่ที่สำนักงานทนายของนายบัญชา
21-21696-21.wav	ศาลให้ประกันตัวไปนะคะก่อนที่จะถูกนายธนากรแย่งปืน
21-21696-26.wav	ค่ะแต่ว่าให้ข้อมูลกับทีมข่าวนะคะคุยบอกว่านายธนากรที่ระบุว่าไปแย่งปืนตำรวจศาลเนี่ยนะคะเป็นทนายฝึกหัดของนายนายวิจัย สุขรมย์ทนายความที่เสียชีวิตในเหตุการณ์นี้ด้วย
21-21693-7.wav	เค้านะแล้วจู่ๆนายจีรพงศ์จันทร์ทองอายุ29ปีขับรถมาจอดหน้าโรงเรียนครับคุณผู้ชมแล้วเดินลงจากรถสะพายปืนยาวนี่สะพายหลังมาเข้ามาที่หน้าประตูโรงเรียนก่อนแจ้งกับครูบอกว่าผมมารับลูกชายป.2กลับบ้านคือครูก็ไม่ทันถามสงสัยมีธุระด่วนกันระหว่างที่ครูเวรเนี่ยประสานไปยังเด็กนะนายจีรพงศ์เนี่ยมีอาการฟึดฟัดปึ๊ดรัดไม่พอใจแล้วเดินเข้าไปที่สนามแบบนั้น
21-21693-6.wav	เหตุการณ์นี้คุณผู้ชมดูสิครับนี่คือในโรงเรียนปืนเป็นปืนจริงไม่มีไม่ได้ไม่ใช่บีบีกันนะฮะค่ะโอ้โหสะพายปืนยาวมาตอนเช้าเลย07.15น.ได้คุณผู้ชมลูกหลานกำลังจะไปโรงเรียนนี่คือโรงเรียนภูบดินทร์พิทยาลัยอำเภอหลังสวนจังหวัดชุมพรครับผู้ปกครองก็ทยอยมาส่งลูกส่งหลาน
21-21692-44.wav	ในการเดินทางมาถวายสักการะพระบรมศพในหลวงรัชกาลที่9กันอย่างเนืองแน่น
21-21709-136.wav	ก็ต้องยอมเดินทางไปกับแบงค์นี่แหละพี่เบิร์ดพี่น้ำแข็ง
21-21709-13.wav	แล้วก็นางสาวชนนิกานต์หรือว่าบีมอายุ20
21-21709-98.wav	ไม่ได้มีความสัมพันธ์หรือรู้จักกับนางสาวบังอร
21-21711-45.wav	หลังจากนั้นนะคะท่านผู้ว่าณรงค์ศักดิ์นายณรงค์ศักดิ์โอสถธนากร
21-21712-227.wav	เมื่อคืนนี้ได้เดินทางไปเยี่ยมอาการของผู้บาดเจ็บที่โรงพยาบาลวชิรพยาบาล
21-21713-26.wav	เพื่อถวายพระเจ้าตากสินมหาราชที่จังหวัดนครศรีธรรมราช
21-21721-74.wav	นักข่าวของเราไปที่วัดวิเวกธรรมคุณที่อำเภอเมืองจังหวัดเลย
21-21729-3.wav	นี่แหละค่ะจอมปลวกที่ชาวบ้านบอกว่าคล้ายหญิงตั้งครรภ์นั่งไขว่ห้างอยู่ที่บ้านโคกสะอาดตำบลนาบัวอำเภอเมืองจังหวัดสุรินทร์
21-21730-12.wav	เผาถ่านแบบอุโมงค์นะฮะอยู่ที่บ้านสงเปลือยอำเภอนามนจังหวัดกาฬสินธุ์
21-21688-47.wav	ก็คือนายพิชิตเนี่ยไม่ยอมจอดขับหนีขึ้นทางด่วนบุรพาวิถีนะครับ
21-21688-36.wav	แอบนั่งมาในรถของนายพิชิต
21-21688-29.wav	ตำรวจเนี่ยสอบสวนนายบุญมาเอ๊ะเป็นมายังไงถึงมาชนกัน
21-21688-24.wav	คันนี้มีนายบุญมาศรีสดอายุ44ปีเนี่ยเป็นคนขับครับ
21-21688-15.wav	ซึ่งบริเวณบนถนนหน้ารถพบนายพิชิตมีพิษอายุ39ปี
21-21684-14.wav	ก็ต้องยื่นสารรัฐธรรมนูญก็จะเหมือนกับนายธนาธร
21-21682-82.wav	ไปยังหุบเขาโพธิสัตว์ที่อำเภอแก่งกระจานจังหวัดเพชรบุรีต่อไป
21-21682-31.wav	ท่านเป็นชาวจังหวัดพระนครศรีอยุธยา
21-21679-18.wav	เด็กที่สภ.บังสวรรค์อำเภอพระแสงจังหวัดสุราษฎร์ธานีนะครับแล้ว
21-21678-16.wav	ผู้ตายมาทราบชื่อทีหลังชื่อนายควร
21-21678-13.wav	ชื่อว่านายทักษิณพลวงศ์อายุ49ปี
21-21674-23.wav	ขณะที่นางกาณจนาศิลปอาชาครับบอร์ดบริหารของทีมสุพรรณบุรีครับ
21-21673-16.wav	นายไพรัตน์เล่าให้ฟังบอกว่าก่อนเกิดเหตุ
21-21670-0.wav	ที่จังหวัดกระบี่ค่ะต้นก้ามปูยักษ์หรือว่าต้นฉำฉาต้นใหญ่
21-21669-18.wav	จนรู้ตัวคนร้ายคือนายสิทธิชัยแย้มโกสุม
22-22001-6.wav	บรรยากาศที่บ้านในตำบลทุ่งตะไครในอำเภอทุ่งตะโกจังหวัดชุมพร
22-22005-5.wav	ที่อยู่บริเวณหลังบ้านนายพรเทพแก้วจีน
22-22017-29.wav	สำนักงานพระพุทธศาสนาจังหวัดพิษณุโลก
22-22017-2.wav	เป็นถึงเจ้าอาวาสและเลขานุการเจ้าคณะจังหวัดแห่งหนึ่งทางภาคเหนือ
22-22017-31.wav	ก็จะมีการประสานไปที่เจ้าคณะจังหวัดพิษณุโลก
22-22018-4.wav	ไปดูที่จังหวัดตรังกันก่อนครับ
22-22029-13.wav	จังหวัดยโสธรเรียบร้อยแล้วด้วยนะ
22-22029-3.wav	พอทราบว่าพี่น้องในจังหวัดบ้านเกิดของตัวเองนะคะจังหวัดยโสธรค่ะ
22-22041-2.wav	ในพื้นที่อำเภอบ้านไร่จังหวัดอุทัยธานี
22-22041-6.wav	จุดเกิดเหตุฆ่าตัดคอน้องชายของตัวเองภายในอำเภอบ้านไร่จังหวัดอุทัยธานี
22-22053-14.wav	แล้วมาวันละสามรอบอะค่ะเธอบอกว่าตอนแรกก็ได้ยินข่าวจากเพื่อนมาว่านางนงลักษณ์เนี่ยมีพฤติกรรมแปลก
22-22062-14.wav	จะเดินทางถึงเวียดนามล่วงหน้าในวันที่25กุมภาพันธ์
22-22080-8.wav	ก็ทางนางตรงค่ายนางก็หายไปเลย
22-22087-233.wav	จากจังหวัดเชียงใหม่ในฐานะสมาชิกรัฐสภา
22-22089-11.wav	กระจกหน้ารถนี่แตกหมดภายในมีกระเป๋าสะพายของนายสุนทร
22-22089-26.wav	นายสุนทรพยายามจะเร่งเครื่องหลบหนี
22-22089-35.wav	ก็มีการประสานเจ้าหน้าที่ศูนย์นิติวิทยาศาสตร์9จังหวัดสงขลา
22-22089-7.wav	นักธุรกิจรับเหมาก่อสร้างรายใหญ่ในจังหวัดพัทลุง
22-22089-80.wav	บริษัทของนายสุนทรก็ชนะการประมูล
22-22089-95.wav	ตำรวจภูธรจังหวัดพัทลุงอีกครั้งหนึ่งนะครับ
22-22098-0.wav	ไปดูเรื่องนี้ที่จังหวัดน่านคุณผู้ชมค่ะ
22-22098-11.wav	นายเย็นนะคะอายุ61ปีเจ้าของบ้าน
22-22098-18.wav	นายเย็นบอกกับทีมงานบอกว่าไม่ไหวแล้วพฤติกรรมของลูกชาย
22-22098-4.wav	ตำรวจสภ.ภูเพียงที่จังหวัดน่านได้รับแจ้งเหตุว่า
22-22098-6.wav	ที่อำเภอภูเพียงจังหวัดน่านก็ไปเลยค่ะ
22-22102-47.wav	ทนายทิ้งท้ายไว้ด้วยว่าเลี้ยงหมาไม่รู้จักขังแบบนี้
22-22102-9.wav	อยู่ที่ซอยสุขาอุปถัมภ์27อำเภอเมืองจังหวัดอุบลราชธานี
22-22103-10.wav	แล้วก็ไปพบรักกับนายภูมิเรศ
22-22111-197.wav	ทีมข่าวไปพูดคุยกับนางลำไยวิภาค่ะ
22-22123-14.wav	ภาพด้านซ้ายของจอครับตำรวจสภ.สำนักทองจังหวัดระยองเข้าตรวจสอบจุดเกิดเหตุ
22-22123-16.wav	เหตุการณ์เกิดขึ้นภายในสวนยางพาราพื้นที่ตำบลสำนักทองอำเภอเมืองจังหวัดระยอง
22-22123-218.wav	ตำรวจสภ.สำนักทองจังหวัดระยองขอให้จับให้ได้โดยเร็วนะครับ
22-22123-22.wav	เธอเล่าให้ฟังบอกว่าผู้ก่อเหตุชื่อว่านายชัยยศเลียวคำ
22-22123-61.wav	นายชัยยศเห็นชาวบ้านได้ยินเสียงรถมา
22-22125-23.wav	จากนั้นนะฮะนายเหินเดินกลับไปที่บ้านไปนั่งเปิดเพลงฟังอย่างสบายอารมณ์
22-22125-35.wav	เลือดไหลอาบหน้าดั้งจมูกหักนะครับเพราะว่านายเหินไม่พอใจแล้วก็โกรธแม่นะฮะ
22-22125-37.wav	ลูกชายคือนายเหินเนี่ยหงุดหงิดคว้าขวดตีหัวแม่เลยนะฮะ
22-22128-27.wav	ประจำจังหวัด15แห่งทั่วประเทศที่ดูแลการแข่งขัน
22-22130-13.wav	ชื่อจริงก็คือนายวัชรินนครพัฒน์อายุ39ปี
22-22130-1.wav	นี่เขาเป็นคนในพื้นที่ตำบลบางหมากอำเภอเมืองจังหวัดชุมพร
22-22130-25.wav	ภรรยาคือนางสาวสมฤดีลือชาอายุ37ปีชื่อเล่นชื่อส้มนะครับ
22-22131-27.wav	เกาะทะลุเกาะเหลื่อมจังหวัดประจวบคีรีขันธ์
22-22136-31.wav	แล้วก็มีนายหน้าก็คือนายโมนี่แหละมารอรับ
22-22136-34.wav	นายโมจะได้ค่าจ้างหัวละ500บาท
22-22145-16.wav	อำเภอปลากพลีจังหวัดนครนายกนะครับ
22-22153-28.wav	นายแพทย์สาธารณสุขจังหวัดประจวบคีรีขันธ์บอกว่า
22-22002-5.wav	ไปตามเกษตรกรในพื้นที่ตำบลแหลมสนอำเภอละงูจังหวัดสตูลไปนะคะ
22-22003-11.wav	โดยให้วางเงินประกันเอาไว้นายจตุพรออกมาก็บอกกับนักข่าวนะครับว่าสำนึกในพระมหากรุณาธิคุณที่ได้รับการปล่อยตัว
22-22014-30.wav	เพราะแม้จะเป็นวันธรรมดาแต่มีประชาชนเดินทางมาอย่างไม่ขาดสาย
22-22014-33.wav	นายสันเพชรสังแก้วอายุ19ปีใช้เวลา16วันกับอีก3ชั่วโมง
22-22014-40.wav	เช่นเดียวกับนายตาคำเทิงอ้อมชาวจังหวัดสระแก้ว
22-22015-38.wav	ถ้าไปถึงที่แม่สายแล้วเงินรวบรวมของจังหวัดเชียงรายก็จะมอบให้ด้วย
22-22015-40.wav	ของจังหวัดต่างๆด้วยใช่ค่ะคือที่เชียงรายที่เขาตั้งใจจะมอบกันอ่ะ
22-22015-4.wav	เพราะว่าอีกแค่35กิโลเมตรก็จะถึงด่านท่าขี้เหล็กในอำเภอแม่สายจังหวัดเชียงราย
22-22015-9.wav	ก่อนที่ตูนบอดี้แลมและทีมงาน9คนละ9จะมุ่งหน้าเข้าสู่อำเภอแม่สายจังหวัดเชียงรายค่ะ
22-22024-10.wav	ผู้สื่อข่าวตรวจสอบไปที่เจ้าหน้าที่ชุดสืบสวนจังหวัดกระบี่ครับ
22-22026-118.wav	ไปหาหลักฐานในบ้านหลังหนึ่งในพื้นที่ตำบลชมพูอำเภอเมืองจังหวัดลำปาง
22-22027-143.wav	ส่วนอีกที่หนึ่งครับที่จังหวัดพิษณุโลกก็เริ่มหาของป่าไปวางขายกันแล้วนะครับ
22-22027-159.wav	ซึ่งนางสนั่นขาวแก้วอายุ45ปีแม่ค้า
22-22027-211.wav	สำหรับชามยักษ์แบบนี้เพราะว่าเดี๋ยวเราจะไปดูอีกที่หนึ่งที่จังหวัดอ่างทอง
22-22027-219.wav	ริมถนนสามโก้ศรีประจันทร์อำเภอสามโก้จังหวัดอ่างทองครับ
22-22027-5.wav	ช่วงนี้ครับไปดูเรื่องราวของของโบราณกันหน่อยที่จังหวัดเชียงใหม่
22-22033-97.wav	ไม่ได้เกี่ยวข้องกับการหายตัวไปของนายทักษิณแรงงานชาวเมียนมา
22-22037-17.wav	เรื่องราวเกิดขึ้นในแคมป์คนงานก่อสร้างริมชายแดนไทยเมียนมากที่จังหวัดตากครับ
22-22044-38.wav	ต่อมาค่ะเจ้าของควายก็เดินทางมาติดต่อ
22-22045-17.wav	เริ่มมีประชาชนเดินทางมาเลือกซื้อลอตเตอรี่กันอย่างต่อเนื่อง
22-22045-27.wav	ทีมข่าวก็ได้เดินทางไปที่โรงเรียนที่ครูปรีชาทำการเรียนการสอนนะคะ
22-22045-6.wav	ที่จังหวัดกาญจนบุรีอย่างต่อเนื่อง
22-22048-0.wav	ไปดูกันต่อที่จังหวัดชลบุรีนะคะ
22-22048-17.wav	นายวรวิทย์ลงมือทำร้ายร่างกายเธอคือกระชากเธอไปตบ
22-22048-20.wav	พอตำรวจมาถึงเนี่ยนะสภาพของอดีตสามีนายวรวิทย์เนี่ย
22-22049-37.wav	ต่อมาเพจข่าวภายในจังหวัดน่านเนี่ยโพสต์เตือนภัยโดยระบุว่า
22-22050-2.wav	ถนนบริเวณหน้าบ้านเหตุการณ์เกิดขึ้นที่จังหวัดนครสวรรค์
22-22050-72.wav	ฤทธิเดชไปฝากขังต่อสารจังหวัดนครสวรรค์ต่อไป
22-22051-100.wav	ก็จะเดินทางไปร่วมงานอย่างแน่นอน
22-22051-67.wav	เป็นแบบอย่างของผู้ว่าจังหวัดที่ดีให้กับข้าราชการไทย
22-22051-97.wav	แล้วก็พิธีบวงสรวงเจ้าแม่ขุนน้ำนางนอนแล้วนะครับ
22-22052-100.wav	ตัวของนายนพดลเคยเตือนแม่ไปแล้ว
22-22052-143.wav	ถ้ามาตั้งแต่ครั้งนั้นนะก็อาจจะสามารถควบคุมตัวนายโอ๊ต
22-22052-16.wav	หลังจากตัวของนายนนทชัยหรือว่านายโอ๊ตเกิดอาการคลุ้มคลั่ง
22-22052-175.wav	พบว่าตัวของผู้ก่อเหตุคือนายโอ๊ตเนี่ย
22-22052-184.wav	แล้วก็สั่งให้นายโอ๊ตวางมีดลง
22-22052-193.wav	นายโอ๊ตเคยเกาะคดีชิงทรัพย์โดยมีอาวุธ
22-22052-204.wav	คุมตัวนายโอ๊ตไปสงบสติอารมณ์
22-22052-25.wav	แล้วก็พบว่านายโอ๊ตถือมีดกวัดแกว่งไปมา
22-22052-36.wav	ขณะที่ที่บ้านของนายโอ๊ตเจ้าหน้าที่ก็เข้าไปตรวจสอบนะครับ
22-22052-46.wav	ทีนี้ต้องสอบถามญาติถึงปมการก่อเหตุของนายโอ๊ต
22-22052-52.wav	หลังจากที่นายโอ๊ตชวนเพื่อนมามั่วสุมเสพยาที่บ้าน
22-22052-60.wav	จากนั้นนายโอ๊ตก็วิ่งออกไปบนถนนหน้าปากซอย
22-22052-67.wav	ทีนี้เมื่อสอบถามนายโอ๊ตว่าฆ่าแม่ตัวเองทำไม
22-22052-70.wav	คือไม่ใช่แม่กูนายโอ๊ตตอบแบบนี้
22-22052-74.wav	ควบคุมตัวนายโอ๊ตแต่ไม่เป็นผลแล้วครับ
22-22052-79.wav	จากนั้นนายโอ๊ตก็ปีนกำแพงข้างบ้านหนีออกไป
22-22052-86.wav	ตำรวจก็ยิงปืนขู่ขึ้นฟ้านายโอ๊ตชะงักไปนิดนึง
22-22052-87.wav	สักพักหนึ่งนายโอ๊ตวิ่งถือมีดมาใส่ตำรวจอีกนาย
22-22052-92.wav	แล้วก็เมื่อกี้ขออภัยเมื่อกี้บอกว่าเป็นลุงของนายโอ๊ต
22-22052-93.wav	คือเป็นน้าของนายโอ๊ตนะเป็นน้าของนายโอ๊ตนะครับ
22-22052-94.wav	ทางด้านพี่ชายของนายโอ๊ตบ้างนะฮะ
22-22054-52.wav	ระหว่างเดินทางกลับนะคุณพ่อของเด็กชายเอเนี่ยคุณ
22-22055-19.wav	จะพาไปที่วัดนิคมธรรมารามอำเภอคลองขลุงจังหวัดกำแพงเพชร
22-22055-2.wav	ไปที่แรกกันก่อนนะคะที่จังหวัดชัยนาท
22-22055-8.wav	โดยนางสาววาสนาเฉลยไขอายุ41ปีเป็นสาวชาวสิงห์บุรี
22-22063-36.wav	เพราะว่าต่อมาเนี่ยสามีแกเสียชีวิตก็เลยย้ายมาอยู่ที่บ้านเกิดที่จังหวัดบุรีรัมย์
22-22064-33.wav	ก็จะเห็นชัดเลยนะคะว่านายแก๊ปเนี่ยถือกระเป๋าสะพายสีแดง
22-22066-0.wav	ฝนตกน้ำท่วมหลายพื้นที่ยังคงน่าเป็นห่วงนะครับที่สตูลนั้นเกิดเหตุก็คือว่าต้นไม้ขนาดใหญ่นั้นหักโค้นลงมาล้มทับบ้านเรือนประชาชนในขณะที่จังหวัดพังงาน้ำท่วมบ้านเรือนประชาชนและพื้นที่การเกษตรเสียหายจำนวนมากครับ
22-22066-8.wav	ส่วนที่จังหวัดตรังนะครับเกิดหินและดินถล่มทับช่องการจราจรบนถนนทางหลวง403ตรังกันตังบ้านโต๊ะเมืองอำเภอกันตัง
22-22074-159.wav	นี่เขากำลังเดินทางผิดครับแล้วไม่ปฏิบัติตัวด้วยของขึ้นเลยครับ
22-22074-18.wav	เดี๋ยวไปดูช่วงนั้นก่อนกันแล้วกันนะครับพิธีถอดอาคมให้กับตัวของนายอิทธิพล
22-22074-24.wav	ก็มีความรู้ด้านนี้มากว่า10ปีนะครับมาทำพิธีถอดอาคมออกจากตัวของนายอิทธิพลหรือว่านายแจ็ควัย31ปีนะครับ
22-22074-25.wav	เอามีดหมอมาแช่น้ำมนต์ก่อนแล้วทำพิธีสวดถอดวิชาอาคมที่อยู่ในตัวนายอิทธิพล
22-22074-26.wav	แล้วก็นำน้ำมนต์แช่มีดหมอมาให้นายอิทธิพลดื่มค่ะจากนั้นนายอิทธิพล
22-22074-371.wav	ยุติธรรมจังหวัดอุดรธานีก็บอกว่าครอบครัวของผู้เสียชีวิต
22-22074-377.wav	วันนี้ทางครอบครัวของนางสาวอัญชยาหรือว่าน้องอุ๋งอิ๋งได้รับศพมาตั้งบำเพ็ญกุศลที่บ้านพักนะครับ
22-22074-379.wav	บรรยากาศก็แน่นอนว่าเป็นด้วยความโศกเศร้าแล้วครับวันนี้ท่านผู้ราชการจังหวัดอุดรธานี
22-22074-539.wav	เพื่อนของนายอิทธิพลหรือว่านายแจ็ค
22-22078-104.wav	ผมไม่เอาเออเอาทีนี้นางสุชาดาคำกลิ่นเป็นเจ้าของร้านแก๊สไปฟังเจ้าของร้านบ้าง
22-22078-131.wav	แล้วก็พ่อของนายปอเนี่ยก็มาในที่เกิดเหตุด้วยนะพยายามเกลี้ยกล่อมบอกลงมาเถอะลงมา
22-22078-132.wav	พ่อและภรรยาก็โทรศัพท์ขึ้นไปเลยนะบอกให้นายปอนเนี่ยคนที่อยู่ข้างบนด้วยนะ
22-22078-133.wav	ลงมาเถอะใช้เวลาในการเกลี้ยกล่อมประมาณ3ชั่วโมงนายปอนจึงยอมปีนลงมา
22-22079-18.wav	คุณผู้ชมฟังเสียงนายเอกภาพเล่าให้ฟังหน่อยนะคะ
22-22079-32.wav	แล้วเดี๋ยวจะเชิญตัวคนขับรถกระบะที่ไปชนนายคนนี้
22-22079-3.wav	คุณผู้ชมดูนะเนี่ยเป็นเหตุระทึกที่เกิดขึ้นที่จังหวัดปทุมธานีนะ
22-22079-7.wav	ตำบลคลอง2อำเภอคลองหลวงจังหวัดปทุมธานีนะคะ
22-22079-9.wav	ชื่อว่านายเอกภาพอ่อนบุญอายุ26ปี
22-22081-19.wav	ได้ที่สัตหีบจังหวัดชลบุรีได้ผู้ต้องหา40คน
22-22082-1.wav	ใครที่เดินทางไปอังกฤษในช่วง2วันที่ผ่านมา
22-22090-51.wav	ได้ไปคุยกับนางสาวิราชินีนาคเพชรอายุ60ปีเป็นแม่ของผู้ตายนะครับ
22-22090-5.wav	คนที่ถูกยิงบาดเจ็บสาหัสชื่อนายวัฒนกุลวุฒินามหรือว่ากวางนะครับ
22-22091-175.wav	จากนั้นก็เกิดความชุลมุนขึ้นเล็กน้อยเมื่อนายเปรมชัย
22-22091-178.wav	แล้วก็เดินทางออกจากศาลในสภาพเหงื่อโซกหน้า
22-22091-197.wav	พร้อมด้วยนายสุภกิจพรมมีผู้ที่อยู่ในเหตุการณ์
22-22091-202.wav	ที่คุยกับนายยงโดดเครือผู้ต้องหา
22-22091-203.wav	และนายดำรงมูลศาลนิติกรชำนาญการพิเศษ
22-22091-206.wav	เดินทางไปพบพลตำรวจตรีกมลเหรียญราชา
22-22091-27.wav	เดินทางมาที่กองบังคับการปราบปรามการกระทำความผิด
22-22091-59.wav	ส่วนอีกหนึ่งคนก็คือนางวันดี
22-22091-65.wav	ก็คือได้รับเร็วเกินไปเตรียมตัวเดินทางมารับทราบข้อกล่าวหาไม่ทัน
22-22091-70.wav	ตำรวจก็สอบปากคำนายเปรมชัยจนเสร็จสิ้น
22-22091-82.wav	ตำรวจได้คุมตัวนายเปรมชัยไปขออำนาจศาลอาญาฝากขัง
22-22091-83.wav	และระหว่างที่ตำรวจคุมตัวนายเปรมชัย
22-22091-87.wav	ว่ามีประชาชนตะโกนถามนายเปรมชัยว่า
22-22091-94.wav	กะจะเจอหน้านายเปรมชัยให้ได้เลย
22-22091-96.wav	และนายเปรมชัยปฏิเสธทุกข้อกล่าวหา
22-22093-39.wav	เดินทางไปที่ธรรมสถานภูฟ้าผาธรรม
22-22093-40.wav	ไปที่อำเภอแม่แตงจังหวัดเชียงใหม่
22-22101-0.wav	มาเตือนคนที่ใช้รถใช้ถนนอยู่ที่จังหวัดเชียงใหม่นะคะ
22-22107-104.wav	อายุ34ปีเป็นชาวอำเภอเริงนกทาจังหวัดเยอะโสธร
22-22107-183.wav	ชื่อว่านายโสภาโสภาดา
22-22107-188.wav	นายโสภาเนี่ยเล่าด้วยความดีใจว่า
22-22107-24.wav	จังหวัดชัยภูมิกันเลยนะครับคุณผู้ชมเศรษฐีใหม่ป้ายแดงอีกหนึ่งราย
22-22107-36.wav	มีชาวบ้านในจังหวัดชัยภูมิเนี่ยถูกรางวัลที่หนึ่ง
22-22107-57.wav	นายเกษมขานมาอายุ63ปี
22-22107-8.wav	ไปดูเขาคือนางสาวปิยกุลเสื้อชมพูนี่นะครับ
22-22116-184.wav	กับคำขวัญของจังหวัดค่ะ
22-22116-193.wav	คำขวัญในจังหวัดราชบุรีนะ
22-22119-13.wav	นี่คนร้ายลากตัวนายนิพนธ์ไปริมถนนนะ
22-22119-23.wav	ส่วนนายนิพนธ์เนี่ยนะคะถูกมีดฟันเส้นเอ็นที่มือซ้ายขาดเลยนะคะ
22-22122-70.wav	อายุ27ปีกับนายสมเจต
22-22127-67.wav	ปิดท้ายที่จังหวัดราชบุรีกระดูกปฏิเหตุรถเก๋งชนกับรถกระบะ
22-22132-27.wav	เจ้าหน้าที่เดินทางไปจับแล้วครั้งหนึ่ง
22-22132-46.wav	ส่วนที่จังหวัดฉะเชิงเทราหน่วยกู้ภัยนำอุปกรณ์เข้าตรวจสอบ
22-22143-0.wav	ก่อนอื่นขอแสดงความยินดีล่วงหน้าก่อนที่จะนั่งไล่เลยแล้วว่ามีเศรษฐีเกิดใหม่ที่จังหวัดไหนบ้าง
22-22143-18.wav	ส่วนที่จังหวัดนครศรีธรรมราชค่ะผู้โชคดีคนนี้คือนายวีระชูช่วยอายุ70แล้วนะคะ
22-22144-20.wav	ทำให้ต้องมีการยกระดับมาตรการเพื่อป้องกันควบคุมโรคโดยเฉพาะการจำกัดการเดินทางซึ่งเป็นปัจจัยสำคัญในการลดการแพร่ระบาดของโรค
22-22144-35.wav	ขณะที่นายอนุทินชาญวิรากูลมรองนายกรัฐมนตรี
22-22144-58.wav	อย่างที่บอกไปมี10จังหวัดตอนนี้ขยายเป็น13จังหวัดที่เพิ่มมา
22-22144-92.wav	ซึ่งถ้าเกิดว่าเพิ่มเป็น13จังหวัดแล้ว
22-22149-12.wav	และโรงงานบรรจุฐานที่มีนายสำราญมีราคาเป็นเจ้าของ
22-22151-18.wav	ชื่อว่านางสุมาลีอินทรทองอายุ55ปี
22-22157-0.wav	คุณผู้ชมเดี๋ยวพาไปดูเหตุการณ์นี้ค่ะที่จังหวัดสระบุรี
22-22157-26.wav	ล่าสุดก็คือรู้แล้วค่ะว่าผู้เสียชีวิตคนนี้คือนายอานแจ่มแจ้ง
22-22157-28.wav	เป็นชาวบ้านหินสองก้อนตำบลถนนใหญ่อำเภอเมืองจังหวัดลพบุรี
22-22157-7.wav	ที่จังหวัดสระบุรีนะคะตรงนี้เนี่ยคลองชลประทานอำเภอหนองโดน
22-22162-287.wav	นางจันทร์กับพวกนัดคุยกันที่บ้านนายเลิศอีกครั้งหนึ่ง
22-22162-290.wav	วันที่2นางจอมทรัพย์ได้มอบหมายคณะทำงาน
22-22162-292.wav	มีนายนิรันดิ์เป็นประธาน
22-22162-293.wav	นายจักรพรรคหมื่นอาจยิ้ม
22-22162-295.wav	และนางสาววาสนาเป็นกรรมการและเลขานุการ
22-22162-493.wav	ก็มีการไปว่าจ้างนางทองเรศ
22-22162-498.wav	แล้วก็นางจอมทรัพย์ได้แต่งตั้งให้
22-22162-503.wav	หลังจากนั้นนายสุริยาก็ประกาศ
22-22162-546.wav	คือระหว่างเดินทางแล้วก็คุยกับเจ้าหน้าที่อย่างนี้หรอคะ
22-22162-576.wav	ก็จึงนำนางจอมทรัพย์เข้าเครื่องจับเท็จ
22-22162-594.wav	มารับผิดแทนนางจอมทรัพย์
22-22162-735.wav	ถูกทั้งกลุ่มของนางจอมทรัพย์ถูกทั้งทุกคนเนี่ย
22-22162-739.wav	ไม่ใช่คดีนางจอมทรัพย์คดีเดียวนะครับที่เป็นเช่นนี้
22-22164-176.wav	เป็นกำลังใจให้ครอบครัวน้องหนึ่งจากจังหวัดฉะเชิงเทรากันนะครับคุณผู้ชมในเกมต่อชีวิตในช่วงหน้าครับ
22-22164-1.wav	วินาทีต่อไปนี้เป็นวินาทีที่ครอบครัวของน้องหนึ่งจากจังหวัดฉะเชิงเทรา
22-22165-40.wav	เจ้าคณะจังหวัดตรวจสอบด้วยแล้วกันนะคะ
22-22166-20.wav	ส่วนที่จังหวัดนครปฐมตำรวจและกู้ภัยเข้าตรวจสอบอุบัติเหตุ
22-22166-24.wav	ใกล้กันพบนางชื่นรื่นนุสานอายุ70ปี
22-22166-28.wav	ขับรถมาจากอำเภอสองพี่น้องจังหวัดสุพรรณบุรี
22-22166-46.wav	ตำบลเขาดินอำเภอบางประกงมุ่งหน้าจังหวัดชลบุรี
22-22166-47.wav	โดยก่อนเกิดเหตุนายวิชาญผู้บาดเจ็บกำลังขับรถบรรทุกเครื่องจากไปส่งที่จังหวัดชลบุรี
22-22166-6.wav	กู้ภัยเขาช่วยเหลือนายปียะสมศรีอายุ33ปี
22-22169-412.wav	พอมีเรื่องอะไรแบบนี้มาก็ไม่ชอบแล้วก็ไม่มีใครเปย์ให้นางด้วย
22-22169-490.wav	นางก็เลยออกมาบอกอย่างนี้มีด้วยเหรอคะ
22-22169-496.wav	พอมีเรื่องอะไรแบบนี้มาก็ไม่ชอบแล้วก็ไม่มีใครเปย์ให้นางด้วย
22-22169-500.wav	อยากอยู่อโลนหรืออยู่คนเดียวนางว่าอย่างนี้
22-22169-580.wav	อ้ำด่าสตอรี่นะคะใครพูดข่าวไม่จริงนี่นางด่านะคะ
22-22171-15.wav	ตำรวจภูธรจังหวัดกาญจนบุรีตั้งชุดทำงานเพื่อตรวจสอบและทำคดี
22-22180-1.wav	ในพื้นที่จังหวัดสระแก้วนั่นเองคือเจ้าของปั๊มเนี่ยเสียชีวิต
22-22185-46.wav	ส่วนคนนี้ฮะประธานชมรมพระเครื่องจังหวัดเพชรบุรีนะฮะพี่เอกชัยอังกินันนะครับ
22-22185-7.wav	อำเภอเมืองจังหวัดเพชรบุรีซึ่งจริงๆท่านเป็นพระเกจิชื่อดัง
22-22185-8.wav	แล้วก็เป็นที่เคารพรักศรัทธาของชาวจังหวัดเพชรบุรีนะฮะ
22-22187-31.wav	จับดึงมันออกมาได้นายวรวุฒิแต่งผิวนะคะ
22-22187-8.wav	วัดหนองบัวบูรพาอำเภอแม่สอดจังหวัดตากเมื่อวานเนี้ยช่วงบ่าย
22-22190-14.wav	เดินทางมากราบไหว้ขอพรพร้อมกับ
22-22192-19.wav	ท้ายที่สุดเนี่ยนะผู้หญิงคนนี้คือนางมาเนนวยอายุ59ปีเป็นชาวเมียนมา
22-22192-49.wav	แล้วหลังจากที่เกิดเหตุการณ์นางมาเนนวยตายจากการถูกรักษาไล่ผีแล้วเนี่ย
22-22199-479.wav	พี่น้องประชาชนอยากให้ใครเป็นนายกรัฐมนตรีของประเทศไทย
22-22201-0.wav	ทุกสายตากำลังจับจ้องไปที่การตอบคำถามต่อสภาสหรัฐของนายมาร์คซักเกอร์เบิร์ก
22-22202-4.wav	เราพาคุณผู้ชมไปที่วัดบ้านเกิดของพี่นางศิริพรค่ะ
22-22202-5.wav	ที่วัดป่าสว่างธรรมจังหวัดอุดรธานีค่ะ
22-22202-9.wav	แม่ย่าศรีปทุมมาตามที่พี่นางศิริพรมีความเชื่อความศรัทธา
22-22203-35.wav	ซึ่งเพื่อนบ้านอย่างนายสมพรนำพาอายุ53ปีเนี่ยนะ
22-22203-37.wav	ที่นายชายาถูกตำรวจจับได้แล้ว
22-22203-47.wav	ซึ่งเป็นผู้ต้องหาที่ทำร้ายร่างกายนางสาวสุกัญญา
22-22203-58.wav	คุณแม่บอกว่าดีใจที่นายทนถูกจับกุมแล้วก็ดำเนินคดี
22-22203-76.wav	ลูกของนางทองหลางเนี่ยทีนี้มันมีเรื่องที่นายทนเนี่ยบอกว่า
22-22204-339.wav	พลเอกประยุทธ์ก็ได้ออกแถลงการณ์ในนามนายกรัฐมนตรีในวันที่19พฤศจิกายน63
22-22204-391.wav	ในหลายคดีหรือในหลายจังหวัด
22-22204-481.wav	การบริหารงานของท่านนายกรัฐมนตรีนะครับแต่ว่าเท่าที่ฟังมานี่คือ
22-22204-588.wav	ซึ่งอยู่ในอำนาจการบริหารของท่านนายกรัฐมนตรี
22-22205-18.wav	ผู้ใหญ่บ้านคือนางดวงฤทัยศรีปินตา
22-22205-30.wav	ในพื้นที่ตำบลนาครัวอำเภอแม่ทะจังหวัดลำปางนี่แหละครับ
22-22205-9.wav	ในจังหวัดลำปางเลยตั้งวงสังสรรค์กันแบบนี้
22-22206-45.wav	นายนิติพัฒน์ลีลาเลิศแล้ว
22-22207-14.wav	แล้ววันนี้ค่ะเราก็เดินทางมาถึงวันสำคัญที่เรารอคอย
22-22208-125.wav	พาไปดูกันที่อำเภอบางกระทุ่มจังหวัดพิษณุโลกนะคะ
22-22208-199.wav	จุดศูนย์กลางคือทั้งพิษณุโลกแล้วก็ไปถึง5จังหวัด
22-22208-2.wav	ใช่นะครับถือว่าตื่นตระหนกกัน5จังหวัดเลย
22-22208-39.wav	บางคนบอกเราอยู่ตะพานหินที่จังหวัดพิจิตรนะครับ
22-22208-55.wav	นิสิตในหอพักมหาวิทยาลัยนเรศวรจังหวัดพิษณุโลก
22-22208-7.wav	5จังหวัดรับรู้ถึงแรงสั่นสะเทือนไม่ว่าที่จะเป็นพิษณุโลกเองนะครับ
22-22208-87.wav	อย่างที่อำเภอคลองลานจังหวัดกำแพงเพชรเนี่ย
22-22209-503.wav	พอเราทำเราไปงานศิลปะหัตกรรมที่จังหวัดลำพูนนะครับ
22-22210-341.wav	สอบสวนนางสาวเอเป็นนามสมมุตินะคะอายุ24ปี
22-22210-53.wav	ทำให้ชุดสืบสวนตำรวจภูธรจังหวัดลพบุรีเข้าจับกุมได้ในที่สุดนั่นเองค่ะ
22-22210-678.wav	เพราะเดี๋ยวแป๊บเดียวคนอย่างนางมีคนมาจีบนางเยอะแยะ
22-22210-703.wav	นางเอกเผ็ดจี๊ดของเรานางคงมีความสุขล้นกับการบริหารเสน่ห์
22-22210-729.wav	ปัจจุบันนี้นางเปลี่ยนแนวหันมารักเดียวใจเดียวดีออก
22-22212-16.wav	งานนี้คุณแม่รีบเลยรีบพาลูกสาวเดินทางมาแก้บนทันที
22-22212-18.wav	และข้าวต้มมัดพร้อมด้วยนางรำรวมไปถึงขบวนกลองยาว
22-22212-8.wav	หลวงพ่อผอมวัดโพธารามจังหวัดชัยนาท
22-22213-28.wav	นายวีระเมินดีอายุ27ปีเป็นชาวสุรินทร์นะครับเขาเป็นคนก่อเหตุ
22-22214-12.wav	เราก็จะนำเสนอเรื่องราวของโรงพยาบาลอุ้มผางที่จังหวัดตาก
22-22214-24.wav	โรงพยาบาลอุ้มผางตำบลอุ้มผางจังหวัดตาก
22-22214-262.wav	แล้วก็ทางสำนักงานสาธารณสุขจังหวัดตาก
22-22216-62.wav	จังหวัดขอนแก่นค่ะซึ่งก็คือจุด
22-22217-21.wav	แล้วจัดโปรแกรมท่องเที่ยวให้กับองค์กรธุรกิจ
22-22217-5.wav	นำทีมพนักงานไปท่องเที่ยวด้วยการนั่งรถรางชมเมือง
22-22218-10.wav	แล้วก็เดินทางมาพบพนักงานสอบสวนกองบังคับการปราบปรามนะครับ
22-22228-5.wav	เป็นพิธีบวงสรวงพญานาคที่จังหวัดนครพนมนั่นเองค่ะ
22-22229-19.wav	ตรงนั้นคือช่วงจังหวัดสงขลาและจังหวัดปัตตานี
22-22231-11.wav	เหตุการณ์นี้เกิดขึ้นค่ะที่จังหวัดชลบุรีนะคะ
22-22231-19.wav	นางสาวมินตราเจ้าของแมวเปิดเผยว่า
22-22233-12.wav	ก็ถือว่าเป็นบ้านไม้ไผ่แห่งแรกในจังหวัดพะเยานะครับ
22-22233-3.wav	เหล่าบรรดาคนในจังหวัดเขาก็มาเที่ยวที่นี่ได้นะครับพอมาเที่ยวที่นี่ก็จะได้เห็นถึงภาพของภูมิปัญญาแล้วก็ศิลปะ
22-22236-270.wav	ต้องแก้ไขยังไงบ้างบอกตามตรงตอนนี้นางกลัว
22-22236-271.wav	แต่นางซื้อบ้านมาแล้วนะฮะเอ๊ะอย่างนี้ต้องถามหมอปลาหรือเปล่า
22-22236-306.wav	แบบนี้ตามภาพพิกัดโรงเรียนแห่งหนึ่งในจังหวัดชัยภูมิ
22-22236-393.wav	ขณะที่กำลังขับรถกลับบ้านที่จังหวัดปทุมธานี
22-22236-69.wav	บังคับใช้คือ1มีนาคมสมมุติใครจะเดินทางเข้ามาในประเทศไทย
22-22236-72.wav	ทีนี้อีกเรื่องหนึ่งคือต้องได้รับวัคซีนตามเกณฑ์ตามกระทรวงสาธารณสุขกำหนดไม่ต่ำกว่า14วันก่อนการเดินทาง
22-22238-24.wav	ส่วนคนที่ไปพบเด็กคือนายสมบูรณ์มาโสครับ
22-22238-56.wav	ก็ไปสอบปากคำนางสาวสิรินทราอายุ25ปีเป็นแม่ของเด็กนะ
22-22240-19.wav	สอบถามได้ที่พัฒนาสังคมและความมั่นคงของมนุษย์ทุกจังหวัดเลยครับ
22-22242-32.wav	ตำบลบ้านคำด้วงจังหวัดอุดรธานีเพื่อไปหาคำตอบเรื่องนี้
22-22243-0.wav	วิสาหกิจชุมชนในจังหวัดกาญจนบุรี
22-22244-50.wav	สามีเป็นนายแบบเปิดร้านอาหารเมื่อก่อนนางอยู่เปิดร้านอาหารเม็กซิกัน
22-22247-12.wav	แม่ของนายนิกรก็บอกว่าคือคืนก่อนเนี่ยนิกรขอเงินไปซื้อเหล้าขาวมาดื่มกิน
22-22247-8.wav	คุมตัวจับกุมตัวล็อกตัวนายนิกรชุมแสงอายุ26ปีนะฮะก็เป็นชาวบ้านนะฮะ
22-22251-22.wav	หลังจากที่ทีมข่าวของเราก็เดินทางไปกินอาหารร้านของพี่เขา
22-22251-24.wav	หมู่ที่5ตำบลเสม็ดอำเภอเมืองจังหวัดชลบุรีนะฮะ
22-22251-35.wav	ที่จังหวัดสุราษฎร์ธานีเมื่อปี2006ครับ
22-22253-23.wav	เรามากันที่นี่ครับจังหวัดนครสวรรค์แน่นอนนักร้องลูกทุ่งโด่งดังครับประเทศ
22-22253-25.wav	ไม่ใช่นะครับผมเขาเอาชื่อจังหวัดไปเป็นนามสกุลของเขาครับผม
22-22253-31.wav	จังหวัดนครสวรรค์แต่บ้านพี่จะเลยจากที่นี่ไปประมาณ10กว่ากิโล
22-22255-29.wav	นายสิทธิวัฒน์หวังสวัสดิ์นายกเทศบาลตำบลมวกเหล็ก
22-22256-9.wav	อยู่ในอำเภอทุ่งว่าจังหวัดสตูล
22-22257-13.wav	นั่นก็คือเกาะมันในจังหวัดระยอง
22-22257-14.wav	เกาะทะลุเกาะเหลื่อมจังหวัดประจวบคีรีขันธ์ค่ะ
22-22257-15.wav	เกาะไข่จังหวัดชุมพร
22-22257-17.wav	แล้วก็เกาะไม้ท่อนจังหวัดภูเก็ตอย่างที่คุณผู้ชมเห็นหน้าจอเนี่ยนะคะ
22-22257-25.wav	นายธัญญาเนติธรรมกุลอธิบดีกรมอุทยานแห่งชาติสัตว์ป่าและพันธุ์บอกว่า
22-22261-37.wav	เอามีดฟันยิงกันสนั่นหวั่นไหวเหตุการณ์นี้จังหวัดมุกดาหารครับ
22-22263-0.wav	ตามมาดูที่จังหวัดภูเก็ตกันหน่อยค่ะที่ภูเก็ตเนี่ยเมื่อ2สัปดาห์ที่แล้วเนี่ยมี
22-22263-45.wav	ซึ่งล่าสุดเนี่ยเจ้าหน้าที่ชุดสืบสวนภูธรจังหวัดภูเก็ตนะคะ
22-22263-49.wav	แต่ละจังหวัดมาแล้วก็สวมทับทะเบียนเก่า
22-22263-8.wav	อยู่บนเนินเขาตรงพื้นที่แหลมสิงตำบลเชิงทะเลที่จังหวัดภูเก็ต
22-22264-0.wav	พาคุณผู้ชมไปที่แถววัดอ้อน้อยอำเภอกำแพงแสนจังหวัดนครปฐม
22-22264-29.wav	บริเวณหน้าวัดอ้อน้อยอำเภอกำแพงแสนจังหวัดนครปฐม
22-22266-11.wav	ซึ่งเมื่อช่วงสายที่ผ่านมานะคะนางซูจีก็ได้เดินทางมายังกระทรวงการต่างประเทศค่ะ
22-22266-25.wav	ซึ่งก็มีรายงานค่ะว่าเป็นความต้องการของนางซูจีเองนะคะ
22-22266-27.wav	สำหรับการเดินทางเยือนประเทศไทยในครั้งนี้ของนางซูจีนะคะ
22-22266-28.wav	ก็นับว่าเป็นครั้งแรกค่ะที่เธอได้เดินทางมาเยือนประเทศไทย
22-22266-30.wav	ซึ่งในช่วงบ่ายวันนี้ค่ะนางซูจีก็จะได้เดินทางไปยังธรรมเนียบรัฐบาล
22-22266-9.wav	วันนี้ถือเป็นวันที่2ค่ะของภารกิจการเดินทางเยือนประเทศไทย
22-22270-15.wav	นางสุมาลีหนูมีค่ะแม่ค้าเล่าให้ฟังบอกว่า
22-22274-15.wav	ในปีนี้นายกรัฐมนตรีก็ยังกล่าวขอบคุณชาวจีนที่เดินทางไปท่องเที่ยวเมืองไทยเป็นจำนวนมากครับ
22-22274-20.wav	จากนั้นเวลา18นาฬิกาตามเวลาท้องถิ่นนายกรัฐมนตรีและภรรยาก็จะเดินทางพร้อมคณะนะครับ
22-22274-21.wav	เดินทางไปยังเวียงจันทร์สาธารณรัฐประชาธิปไตยประชาชนลาว
22-22276-28.wav	วันไหนติดตามข่าวสารได้จากวัดเขาไม้แดงตำบลบังพระอำเภอศรีราชาจังหวัดชลบุรีค่ะ
22-22277-84.wav	คือนายสมหวังในพื้นที่ตำบลห้วยใหญ่อำเภอบางละมุงจังหวัดชลบุรีนะครับ
22-22279-21.wav	ของโรงเรียนแห่งหนึ่งที่ตำบลรังสิตอำเภอธัญบุรีจังหวัดปทุมธานี
22-22282-101.wav	จังหวัดชัยนาท5รายค่ะโดย2รายเป็นแม่ลูกติดจากผู้ป่วยชายรายแรก
22-22282-108.wav	ของแรงงานเมียนมาที่ถูกโรงงานพลาสติกในจังหวัดสมุทรสาคร
22-22282-12.wav	ก็ต้องดูรายละเอียดกันแต่ละพื้นที่นะครับคุณผู้ชมอยู่จังหวัดไหนก็ต้องติดตามข่าวไทยรัฐทีวีทุกวันนะครับ
22-22282-23.wav	แล้วก็เดินทางจากต่างประเทศไม่เข้าสถานที่กักตัว1ราย
22-22282-62.wav	มีประวัติเดินทางไปหลายที่ไปพัทยาเดินห้างไปทานข้าวร้านอาหาร
22-22282-74.wav	แต่คนนี้เนี่ยไม่มีประวัติว่าเดินทางไปพื้นที่เสี่ยงเลย
22-22282-99.wav	ไปทั้งตลาดทะเลไทยตลาดมหาชัยจังหวัดสมุทรสาครนะคะ
22-22286-119.wav	เดินทางไปสอบปากคำนายวิเชียร
22-22286-82.wav	กับนายเปรมชัยและพวกได้แน่นอน
22-22286-90.wav	สามารถเอาผิดนายเปรมชัยได้อย่างแน่นอน
22-22287-8.wav	ขณะที่เดินทางไปทำบุญนะคะ
22-22288-1.wav	อยู่ที่จังหวัดเพชรบูรณ์น้องเพิ่งอายุ13ปี
22-22288-20.wav	ตำบลท่าโรงอำเภอวิเชียรบุรีจังหวัดเพชรบูรณ์นะครับ
22-22291-14.wav	ทางกลุ่มวิสาหกิจชุมชนกลุ่มรักชุมชนเพาะเลี้ยงเห็ดจังหวัดราชบุรี
22-22292-19.wav	หลังจากมีการเผยแพร่ภาพการแชทของเปรี้ยวก็คือนางสาว
22-22292-76.wav	ศาลจังหวัดขอนแก่นเขาตั้งสำนวนคดีละเมิดอำนาจศาลนะคะแล้วก็จะมีการไต่สวนคดีภายในเดือนเมษายนนี้
22-22293-27.wav	ที่นี่ก็เป็นแหล่งขายดอกไม้สดที่ใหญ่ที่สุดในจังหวัดเลยนะ
22-22294-0.wav	มินนี่นะฮะเดินทางกลับมาจากสิงคโปร์
22-22294-117.wav	ก็เลยไม่รู้จะทำยังไงต่อแล้วยืนยันนะเธอไม่ได้ซัดทอดตำรวจทั้ง8นาย
22-22294-176.wav	ทนายบอกว่าตอนนี้เตรียมเอกสารได้80แล้ว
22-22294-178.wav	เรื่องนี้ไม่เกี่ยวข้องกับบิ๊กโจ๊กและตำรวจอีก8นาย
22-22294-23.wav	ซึ่งมินนี่หรือว่านางสาวสุชานันสุจริตชินศรีนะฮะ
22-22294-37.wav	แล้วก็อย่างที่บอกว่าเดินทางมาที่กองบังคับการตำรวจ
22-22296-47.wav	อันนี้อาจจะเป็นแบบเกิดเป็นภารกิจการทริปท่องเที่ยวแนวใหม่
22-22298-18.wav	ตำรวจสภ.โคกกระชายที่อำเภอบ้านกรวดจังหวัดบุรีรัมย์
22-22299-25.wav	ยังพระบรมมหาราชวังการเดินทางพรุ่งนี้
22-22299-3.wav	ประชาชนที่เดินทางมาเพื่อจะกราบสักการะพระบรมศพเบื้องหน้าพระบรมโกศ
22-22303-85.wav	ใครที่จะไปท่องเที่ยวลูกหลานก็คงจะต้องเตรียมเสื้อหนากันหน่อยนะครับ
22-22304-103.wav	ที่บ้านแม่หลอดอำเภอแม่แตงจังหวัดเชียงใหม่นะครับ
22-22304-109.wav	ปกติแล้วนายอุทิศไม่ค่อยสูงสิงอะไรกับใคร
22-22304-114.wav	ตอนนี้ตำรวจได้คุมตัวนายอุทิศไปฝากขังที่ศาลแล้วนะครับ
22-22304-116.wav	ซึ่งนายอุทิศนาคคำรับสารภาพว่า
22-22304-39.wav	อำเภอแม่แตงจังหวัดเชียงใหม่นะฮะ
22-22304-75.wav	ที่ชื่อว่านายอุทิศเนี่ยนะ
22-22307-43.wav	จะเดินทางกลับบ้านที่อำเภอโพธาราม
22-22309-1.wav	ไปเริ่มต้นกันที่จังหวัดชัยนาทค่ะ
22-22310-15.wav	ล่าสุดตำรวจชุดสืบสวนตำรวจภูธรจังหวัดเชียงใหม่
22-22310-22.wav	ก่อนเกิดเหตุผู้ตายเดินทางมาหาตนที่บ้าน
22-22310-28.wav	ซึ่งเป็นรอยต่อระหว่างอำเภอเสมิงกับอำเภอแม่ริมจังหวัดเชียงใหม่
22-22311-10.wav	ท้องฟ้าบริเวณจังหวัดนครศรีธรรมราช
22-22311-2.wav	ผู้สื่อข่าวไทยรัฐทีวีรายงานสดจากจังหวัดนครศรีธรรมราช
22-22313-100.wav	ก็ท่านแจ้งท่านเดินทางไปแจ้งที่
22-22313-105.wav	ถ้าที่ส่วนกลางก็เดินทางมา
22-22317-15.wav	ส่วนเจ้าของบ้านคือนางสมจิตคุณพิทักษ์อายุ52ปี
22-22317-18.wav	ด้านของนายสุรัตน์ผู้เอี่ยมลูกชายของนางสมจิต
22-22319-102.wav	นายไซมอนซึ่งเป็นแฟนกับแอน
22-22320-11.wav	เจ้าหน้าที่ก็เก็บรวบรวมเอาไว้เป็นหลักฐานนะครับนายคำเบ้าชินภาพรปภ.ที่อยู่ในเหตุการณ์
22-22320-22.wav	ส่วนตัวเองก็เข้าไปดูนายชาติชายที่นอนหงายอยู่ในป้อมยามที่ถูกแทงอยู่
22-22320-25.wav	แต่ปรากฏว่าไม่ทันฮะเพราะว่านายชาติชายก็เสียชีวิตแล้ว
22-22320-3.wav	อยู่ที่ตำบลนาดีอำเภอเมืองจังหวัดสมุทรสาครนะฮะไปตรวจสอบเนี่ยพบว่าในป้อมยามมีผู้เสียชีวิตเป็นชายนะครับ
22-22324-0.wav	ฟุตบอลทีมชาติไทยนะครับหลังจากที่เราเดินทางไปถึง
22-22324-13.wav	เพื่อย่นระยะการเดินทางนะครับของนักกีฬาจากโรงแรมเนี่ยไปสนามฝึกซ้อมแห่งเนี้ยเพียงแค่5กิโลเมตรเท่านั้นจากเดิมที่เราดูกันตามข่าวนะครับ
22-22324-1.wav	ก็คงจะปรับตัวเรื่องของสถานที่นะครับในการเดินทางหรือว่าเรื่องของห้องพักต่างๆ
22-22327-10.wav	คลิปนี้เพจเฟซบุ๊คกลุ่มงานจราจรตำรวจภูธรจังหวัดเชียงใหม่โพสต์เอาไว้
22-22327-11.wav	จุดเกิดเหตุอยู่บริเวณแยกรถไฟถนนสายเจริญเมืองอำเภอเมืองจังหวัดเชียงใหม่
22-22327-12.wav	นายสุรพลคำวงศากู้ภัยมูลนิธิรวมใจเชียงใหม่เปิดเผยว่า
22-22327-41.wav	ว่านายบรรจบอาจดื่มเหล้าเมาแล้วกำลังขี่รถกลับบ้าน
22-22329-36.wav	ค่ะก็ถือว่าเป็นนางร้ายตัวท็อปนะคะคนหนึ่งของวงการบันเทิงเลย
22-22330-32.wav	ที่ชายหาดแหลมแม่พิมพ์อำเภอแกลงจังหวัดระยอง
22-22330-70.wav	ส่วนนายทรงสิทธิชาญดีพนักงานศูนย์ป้องกันสาธารณภัย
22-22332-14.wav	นี่เป็นภาพจากกล้องวงจรปิดค่ะแยกไฟแดงศรีประจันทร์จังหวัดสุพรรณบุรีนะคะ
22-22334-2.wav	ไปที่จังหวัดเชียงใหม่นะคะเพราะฉะนั้นเช้าสดใสวันนี้จะพาคุณผู้ชมไปดู
22-22334-334.wav	แล้วก็ประเพณีอันดีงามของจังหวัดเชียงใหม่ค่ะ
22-22334-362.wav	ปีนะคะปีนี้งานใหญ่แน่นอนที่จังหวัดเชียงใหม่
22-22337-32.wav	มีนายทองหยดภูมิจิตอายุ41ปีขี่รถจักรยานยนยี่ห้อคาวาซากิสีเขียว
22-22337-35.wav	ตำรวจเขาก็เลยส่งสัญญาณเรียกให้จอดนะคะแต่ปรากฏว่านายทองหยดขับรถหนี
22-22337-42.wav	แต่จังหวะนั้นมันเป็นจังหวะเผลอนายทองหยดวิ่งหลบหนีไป
22-22337-45.wav	ตำรวจบอกว่าไม่เป็นความจริงเพราะว่าก่อนจะถึงที่เกิดเหตุเนี่ยนายทองหยดไปขับรถพลิกคว่ำมาก่อนแล้วเพราะเมา
22-22337-48.wav	ต่อมาค่ะ20ตุลาคมนายทองหยดก็เข้ามามอบตัวกับเจ้าหน้าที่แล้ว
22-22338-13.wav	ตำรวจได้ให้นายแบงค์ชี้จุดที่ลงมือก่อเหตุทั้งหมด4จุด
22-22338-78.wav	ที่มีการมาชักชวนนายแบงก์อีกครั้งหนึ่งนะครับ
22-22338-9.wav	แล้วก็นายแบงก์เนี่ยเป็นหนึ่งในผู้ต้องหาที่เป็นขอตัวซอฟต์หน่อยตัวลูกน้องหน่อยนะฮะ
22-22340-0.wav	จังหวัดนครนายกได้ถ่ายเอาไว้นะครับ
22-22342-28.wav	ราชการจังหวัดมหาสารคามพร้อมกับตัวแทนหน่วยงานภาครัฐเอกชน
22-22346-15.wav	ตอนนำตัวไปทำแผนเนี่ยค่ะก็คือสวนผลไม้ในพื้นที่ตำบลบ้านแยงอำเภอนครไทยจังหวัดพิษณุโลก
22-22348-21.wav	มาถึงก็เจอนายนิทิศคนนี้นะคะวัย30ปี
22-22348-25.wav	คนก่อเหตุคือนายอภินันอายุ45ปีนะคะ
22-22351-14.wav	งานนี้บุกไปที่จังหวัดฉะเชิงเทรา
22-22353-9.wav	แต่อยู่จังหวัดอ่างทองค่ะอุ้ยเลยนะฮะคือคุณป้าเนี่ยไปเจอขณะที่ออกไปที่สวนกอไผ่ข้างบ้าน
22-22357-144.wav	ขอให้ตำรวจไปเป็นตำรวจจังหวัดทำง่ายที่สุด
22-22357-66.wav	เมื่อวานนี้ท่านก็มาพูดซ้ำอีกทีนึงท่านบอกว่ากรณีขนาดตำแหน่งนายสิบยังโกง
22-22357-86.wav	นายตำรวจชั้นผู้ใหญ่ในอดีต
22-22357-99.wav	ท่านบอกว่าคำถามว่าตำรวจมีไว้ทำไมขนาดดาวนายสิบตำรวจยังต้องโกง
22-22358-92.wav	อายุ30ปีชาวบ้านในตำบลลาดบัวขาวอำเภอบ้านโป่งจังหวัดราชบุรีนะครับคุณผู้ชมครับ
22-22358-93.wav	ไปกันที่จังหวัดราชบุรีนะแล้วก็ที่นั่นนะครับมีถังน้ำยาแอร์เก่าที่แขวนเรียงรายอยู่เต็มบ้าน
22-22359-129.wav	รวมถึงให้เจ้าหน้าที่ป่าไม้40นาย
22-22359-184.wav	ตอนนี้รวมแล้วกว่า30นาย
22-22359-18.wav	หายเข้าไปในถ้ำหลวงขุนน้ำนางนอน
22-22359-1.wav	ขุนน้ำนางนอนที่จังหวัดเชียงรายนะคะ
22-22359-213.wav	เดินทางมาขอเสื้อผ้าจากทางญาติผู้สูญหาย
22-22359-289.wav	เดินทางมาเพื่อทำพิธีเปิดทางให้การช่วยเหลือเด็กและโค้ชทั้ง13คนสำเร็จ
22-22359-48.wav	เจ้าหน้าที่อุทยานถ้ำหลวงขุนน้ำนางนอน
22-22359-5.wav	หายไปในถ้ำหลวงขุนน้ำนางนอน
22-22359-7.wav	ซึ่งมีความยาว5นาทีก่อนเดินทางเข้าไปในถ้ำ
22-22367-2.wav	วันนี้พามาแนะนำหน่อย2จังหวัดนะคะขอนแก่นกับที่สุโขทัย
22-22372-13.wav	ที่อำเภอลำลูกกานะคะจังหวัดปทุมธานี
22-22372-27.wav	คือการถอนหมายจับนายธนดลรุ่งแสงนักธุรกิจ
22-22372-50.wav	อีกหนึ่งนายคือดาบตำรวจสมบัติสนั่นเอื้อ
22-22372-55.wav	นายพรศักดิ์คนนี้ถูกจับกุมตัวได้เมื่อวานนี้
22-22374-2.wav	ซึ่งเป็นความร่วมมือร่วมใจกันของชาวไทยใหญ่ในพื้นที่บ้านเมาะหลวงอำเภอแม่เมาะจังหวัดลำปาง
22-22376-41.wav	เพราะจากการสังเกตว่าการเดินทางมารายงานตัวในครั้งนี้
22-22376-46.wav	กองบังคับการตำรวจภูธรจังหวัดนครศรี
22-22376-56.wav	ถึงการเดินทางมารายงานตัวในครั้งนี้
22-22376-76.wav	ทนายบอกว่าค่อนข้างจะหนักใจในเรื่องของคดีนะ
22-22376-86.wav	พนักงานสอบสวนของกองบังคับการตำรวจภูธรจังหวัดนครศรีธรรมราชเนี่ย
22-22376-89.wav	แล้วก็คุณเสกเองก็จะต้องเดินทางไปรายงานตัวที่ศาลจังหวัดนครศรีธรรมราชอีกครั้ง
22-22377-15.wav	คือนางสมศรีมหาเขตจนเขาบาดเจ็บ
22-22378-41.wav	อืมโดยมีเจ้าหน้าที่โยธาจังหวัดนครราชสีมามาช่วยควบคุมดูแลด้วย
22-22384-125.wav	โครงการเพิ่มประสิทธิภาพการควบคุมสถานการณ์ความไม่สงบในเขตจังหวัดชายแดนภาคใต้
22-22384-287.wav	อีก80เขาเรียกนายเล่นยอดเอาไปปล่อยตามสนามยิงปืน
22-22385-16.wav	สุดท้ายก็คือรถจักรยานยนต์ของนายสราวุฒิไปพุ่งชนพนักงานสาวของแม็กโครอะค่ะครับ
22-22386-1.wav	ขณะที่ผู้ชาย3คนเดินทางไปไหว้บรรพบุรุษที่อำเภอศรีราชา
22-22386-20.wav	นายสรศักดิ์นายพิสิทธิ์และนายพงศธร
22-22386-30.wav	กระทั่งเห็นคนวิ่งเข้าไปตรงที่นายพิสิทธิ์ล้มลง
22-22386-32.wav	ก็รู้แล้วว่าฟ้าผ่าใส่นายพิสิทธิ์
22-22386-8.wav	คือนายสรศักดิ์ชัยนิชยกุลอายุ39ปี
22-22387-15.wav	ส่งผลให้นายเจริญเจริญถิ่นอายุ47ปีเสียชีวิต
22-22387-24.wav	ทีมข่าวลงพื้นที่สอบถามนายถาวรพันธ์ฉลาบขวา
22-22387-27.wav	ซึ่งเป็นพี่น้องกันแล้วก็นายอาทิตย์ผู้ใหญ่บ้าน
22-22387-30.wav	นายอาทิตย์ผู้ใหญ่บ้านชักปืนออกมายิงท้ายทอยของนายเจริญเลย
22-22387-47.wav	ส่วนทางด้านของนางฉลวยซึ่งเป็นภรรยาของนายเจริญผู้ตาย
22-22388-63.wav	ก็เดินทางดอดไปพบกับคุณสมคิดเหมือนกันนะคะ
22-22389-103.wav	ส่วนนักข่าวในจังหวัดนครศรีธรรมราชยอมรับบอกว่ากระแสข่าวดังกล่าวนะครับ
22-22389-14.wav	กับสำนักพระพุทธศาสนาจังหวัดนครศรีธรรมราชด้วย
22-22392-6.wav	พร้อมกับตำรวจเดินทางไปยังบ้านในหมู่บ้านนวลลาน
22-22392-8.wav	ของนางคำแงงสุวรรณะอายุ56ปี
22-22394-149.wav	นี่เป็นเรื่องราวของนาย
22-22394-18.wav	ส่วนทางด้านของจังหวัดชลบุรีนะคะ
22-22394-43.wav	จังหวัดขอนแก่นเครือข่ายนักปั่นจักรยานและประชาชน
22-22394-65.wav	ให้กับทหารกล้าทุกนายที่เสียสละ
22-22394-70.wav	โดยถือเป็นแม่ของกำลังพลทุกนายจึงได้นำดอกมะลิไปกราบแม่ครับ
22-22394-91.wav	ที่เคยไปติดถ้ำหลวงขุนน้ำนางนอนจังหวัดเชียงราย
22-22395-225.wav	ใช่ส่วนนายอัจฉริยะนะคะก็เป็นคนหนึ่งที่มีการโดนพาดพิงเหมือนกันนะคะ
22-22395-395.wav	โมงเย็นอ่ะโอ้โหแล้วตรงนี้คือพื้นที่หมู่3ตำบลเกาะขวางอำเภอเมืองจังหวัดจันทบุรี
22-22395-396.wav	ไปสอบถามเจ้าของบ้านที่เขาถ่ายคลิปนี้ไว้นะครับก็คือนางลีวิชาดี
22-22395-410.wav	เอ้าเรื่องนี้นะครับนายอินหวังประธานชุมชนหมู่บ้านมั่นคงสินธรรม
22-22396-17.wav	เริ่มมีนักท่องเที่ยวทยอยหลั่งไหลไปเดินทางสัมผัสอากาศหนาว
22-22396-2.wav	มีคนแชร์ภาพไปท่องเที่ยวเป็นจำนวนมากนะคะ
22-22396-3.wav	ที่จังหวัดเชียงรายอากาศหนาวเย็นค่ะ
22-22398-22.wav	ส่วนค่ำคืนนี้จังหวัดพิจิตรนะคะจะมีกลุ่มฝนที่ดูเหมือนปกคลุมหนาแน่น
22-22398-27.wav	ที่จังหวัดตราดคุณผู้ชมเราเก็บภาพบรรยากาศมาให้ดูกัน
22-22398-33.wav	ล่าสุดจังหวัดตราดเนี่ยก็มีคนโดนแล้ว
22-22398-45.wav	เชื่อว่าตอนนี้จังหวัดในภาคกลางหลายพื้นที่ก็ประสบปัญหานี้อยู่นะคะ
22-22399-20.wav	ชื่อว่านายพรอายุ43ปี
22-22399-35.wav	เห็นว่านายพรผู้ต้องหาเนี่ย
22-22399-84.wav	ตำรวจบอกว่าไม่เชื่อคำให้การของนายพรผู้ต้องหารายนี้หรอกนะ
22-22399-91.wav	ดำเนินคดีกับนายพรคนนี้ตามกฎหมาย
22-22400-6.wav	เหล่าสาวงามผู้เข้าประกวดนางสาวไทยค่ะเดินทางไปเก็บตัว
22-22400-7.wav	ทำกิจกรรมที่จังหวัดเชียงใหม่นะคะโดยตั้งใจจะเดินโชว์โฉมบนสะพานแขวนที่
22-22404-12.wav	ที่อำเภอบางพลีจังหวัดสมุทรปราการค่ะ
22-22405-4.wav	ที่จังหวัดสุรินทร์วิ่งเพื่อสุขภาพแถมได้บุญและได้เพื่อนด้วย
22-22407-163.wav	เดินทางไปร่วมงานศพพ่อและแม่
22-22407-22.wav	แล้วบอกว่าให้กระจายการจองออกไปสู่ในแอปของแต่ละจังหวัด
22-22407-23.wav	จังหวัดใครจังหวัดมันจะมารองรับแทนเนี่ย
22-22407-25.wav	คำถามมาจากคนที่เขามีสำเนาทะเบียนบ้านอยู่ในอีกจังหวัดหนึ่ง
22-22407-26.wav	แล้วต้องไปทำงานอยู่อีกจังหวัดหนึ่ง
22-22407-29.wav	ฉีดที่จังหวัดที่มีภูมิลำเนาที่ระบุไว้ในบัตรประชาชน
22-22407-30.wav	หรือฉีดในจังหวัดที่เขาทำงานอยู่ที่เขาพักอาศัยอยู่
22-22407-32.wav	เพราะว่าโดยสามัญสำนึกเนี่ยมันต้องฉีดในจังหวัดที่ทำงานที่พักอยู่แล้ว
22-22407-55.wav	แต่ถ้าระบบมันเลือกสถานที่ฉีดนอกจังหวัดที่มีภูมิลำเนาไม่ได้
22-22407-56.wav	จังหวัดไหนก็ต้องฉีดจังหวัดนั้นอันนี้จะทำยังไง
22-22407-57.wav	จะให้คนเป็นล้านต้องเดินทางกลับไปบ้านไปฉีดวัคซีนอย่างนั้นเหรอครับ
22-22407-91.wav	ไม่ให้คนกลุ่มนี้ต้องเดินทางกลับไปฉีดวัคซีนในภูมิลำเนา
22-22411-113.wav	แจ้งไปยังต้นสังกัดของทหารนายนี้เพื่อให้ส่งตัวมารับ
22-22411-65.wav	จังหวัดชลบุรีออกปฏิบัติหน้าที่
22-22411-8.wav	ตามมาตรการควบคุมโรคของจังหวัดเขานะครับ
22-22413-25.wav	นายชายให้ข้อมูลกับตำรวจทุกขั้นตอนเลยค่ะของการขายแฉขบวนการค้ายาเสพติด
22-22415-36.wav	คือฉากที่นางนาคคลอดลูกแล้วก็ตายทั้งกลม
22-22416-0.wav	คุณผู้ชมครับแล้วก็อีกหนึ่งเรื่องนะไปดูกันหน่อยที่จังหวัดนครปฐมนะครับ
22-22417-17.wav	โชคดีนักท่องเที่ยวหนีออกมาได้ทันจึงไม่เกิดเหตุการณ์อย่างที่จังหวัดเชียงราย
22-22418-25.wav	ภรรยาของคุณธวัชชัยชื่อว่านางสาวสุนิตานะคะ
22-22418-60.wav	ก่อนที่จะเดินทางไปทำงานทางครอบครัวฐานะยากจน
22-22419-5.wav	หลังตำรวจได้นำหมายสารจังหวัดตรังจับพ่อของเด็กหญิงหลังจากที่พยานหลักฐานทางนิติวิทยาศาสตร์เป็นคราบอสุจิปรากฏชัดที่เสื้อผ้าและร่างกายของเด็กหญิง
22-22422-12.wav	ก็ได้เดินทางไปร่วมตรวจสอบที่เกิดเหตุด้วยตนเองนะครับ
22-22425-12.wav	จะเห็นว่าผู้ตายก็คือนายธนทัศน์จันแก่หรือว่าหนำ
22-22425-142.wav	นายลุกมานายกินข้าวยังลูกหาข้าวกินนะ
22-22430-15.wav	พอมอบตัวแล้วตำรวจก็คุมตัวนายคำตันไปทำแผนค่ะ
22-22430-23.wav	แล้วนายคำตันก็สำนึกผิดสุดท้ายมอบตัวเอง
22-22430-9.wav	หลังจากที่เข้าไปมอบตัวนายคำตันเป็นผู้ต้องหาตามหมายจับค่ะ
22-22434-38.wav	นายพนาก็คิดว่าเอ๊ะรถเสียหรือเปล่า
22-22434-54.wav	ตอนนี้นายพนาถึงบ้านแล้วนะคะปลอดภัย
22-22439-12.wav	ของโรงเรียนอนุบาลในพื้นที่จังหวัดพะเยานะคะ
22-22439-16.wav	สำนักงานเขตพื้นที่การประถมศึกษาจังหวัดพะเยาจัดขึ้น
22-22440-33.wav	ซอยเทศบาล8นะคะที่อำเภอบ้านนาจังหวัดนครนายก
22-22442-125.wav	นั้นเนี่ยแล้วก็ต่างคนต่างไปไม่เคยไม่มีตอนนี้ศพของนาง
22-22442-5.wav	ตำบลสวนหลวงอำเภอกระทุ่มแบนจังหวัดสมุทรสาคร
22-22442-71.wav	นี่นายเตยก็ซ้อนท้ายวินเข้ามาที่ซอยนี้
22-22445-30.wav	ชื่อว่าอะไรนะนายทองดีฟันขาวนำแสดงโดยบัวขาวบัญชาเมฆ
22-22445-47.wav	แล้วก็ก่อนเดินทางไปแข่งขันเนี่ยก็จะนำทุกคนในวงนะครับ
22-22445-50.wav	สร้างความภาคภูมิใจให้กับโรงเรียนและจังหวัดเป็นอย่างมากครับ
22-22447-107.wav	และจะเคลื่อนขึ้นฝั่งบริเวณจังหวัดนครศรีธรรมราชช่วงค่ำพรุ่งนี้
22-22447-109.wav	จะเคลื่อนเข้าสู่จังหวัดในแถบของจังหวัดอำเภอปากพนัง
22-22447-111.wav	ของจังหวัดนครศรีธรรมราชในช่วงของวันพรุ่งนี้
22-22447-131.wav	จังหวัดสุราษฎร์ธานีนครศรีธรรมราชเนี่ย
22-22447-18.wav	และจะเคลื่อนขึ้นฝั่งบริเวณจังหวัดนครศรีธรรมราชในช่วงค่ำของวันพรุ่งนี้
22-22447-33.wav	จะมีฝนตกหนักถึงหนักมากมีลมแรงที่จังหวัดเพชรบุรีประจวบคีรีขันธ์
22-22447-9.wav	จากข้อมูลก็คือพายุปลาบึกลูกนี้นะครับจะเคลื่อนผ่านเข้ามาทางจังหวัดนครศรีธรรมราชนะฮะ
22-22448-10.wav	เขาบอกว่าการเดินทางของเขาเข้ามาผู้ชายคนนี้ผ่านมาหลายจุด
22-22448-15.wav	ชาวไทยที่เดินทางกลับมาจากพม่าเช่นเดียวกันนะคะ
22-22448-20.wav	จากการลักลอบเดินทางไปเมียนมาร์แล้วกลับมาที่ไทยอีกครั้ง
22-22448-4.wav	เขาเดินทางมาจากต่างประเทศแล้วก็กักตัว14วัน
22-22448-71.wav	จะมีคนเดินทางมาจากทุกประเทศทั่วโลก
22-22448-8.wav	เขาเดินทางมานะคะแล้วเขาอยู่ในศูนย์ผู้หนีภัย
22-22449-103.wav	นายปฏิพัฒน์ยืนยันว่าตอนนั้นไม่ได้คุยอะไรกันเรื่องบิ๊กป้อมเลยนะ
22-22449-15.wav	นี่ครับคือช่วงเดินทางออกมาจะขึ้นรถเนี่ย
22-22450-13.wav	พื้นที่ภาคเหนือและภาคอีสานเกือบทุกจังหวัด
22-22454-0.wav	มีเหตุการณ์ที่น่าเศร้านะฮะเกิดขึ้นที่จังหวัดชุมพรนะครับ
22-22454-23.wav	ทุ่มใส่ศีรษะของนายธีระ
22-22454-5.wav	ตำรวจสภ.สลุยที่อำเภอท่าแซะจังหวัดชุมพรได้รับแจ้งเหตุว่า
22-22454-8.wav	ผู้ที่เสียชีวิตชื่อว่านายธีระสุวราชอายุ51ปีนะครับ
22-22455-48.wav	ทีมข่าวก็ไปพบนายอนุสรนะคะ
22-22455-7.wav	นายอนุสรชำนาญหมออายุ55ปี
22-22456-15.wav	หลีกหนีความวุ่นวายใช้เวลาเดินทางไม่นาน
22-22456-16.wav	แต่สามารถท่องเที่ยวได้หลายสถานที่
22-22456-25.wav	เข้ามาท่องเที่ยวในรูปแบบนี้
22-22456-39.wav	เพราะสามารถเอาสัมภาระไว้บนเรือและออกไปท่องเที่ยวข้างนอก
22-22456-3.wav	โดยใช้ที่เวลาเดินทางไม่ค่อยนานเท่าไหร่ครับ
22-22456-60.wav	เส้นทางเดินเรือท่องเที่ยวระหว่างไทยกับอาเซียน
22-22456-9.wav	ล่องเรือไปท่องเที่ยวรอบเกาะญี่ปุ่น
22-22457-20.wav	ขับไปก็ค่อนข้างที่จะเดินทางสะดวก
22-22457-27.wav	บางช่วงบางตอนการเดินทางก็ไม่ลำบากอะค่ะ
22-22457-9.wav	ระหว่างที่ทำงานอยู่ที่โรงพยาบาลส่งเสริมสุขภาพตำบลแห่งหนึ่งในจังหวัดน่าน
22-22458-29.wav	อาจจะเป็นการโกรธแค้นนายอุดม
22-22458-30.wav	ซึ่งก็คือประธานเทคนิคคาดว่ามาจากความเข้าใจผิดว่านายอุดม
22-22459-1.wav	เหตุการณ์เนี้ยเกิดขึ้นที่จังหวัดปราจีนบุรีนะคะ
22-22460-22.wav	คือเขาข้ามมาจากบ้านหลุมพอยีจังหวัดเกาะสองของเมียนมา
22-22461-12.wav	คาดว่าจะเป็นของผู้ตายเองส่วนอาวุธที่นายสิทธิชัยใช้ก่อเหตุแทงเนี่ย
22-22461-16.wav	นายสิทธิชัยบอกว่าอย่างนี้บอกว่าก่อนเกิดเหตุเขาก็อยู่กับแม่แล้วก็น้องสาว
22-22461-8.wav	ส่วนนี่ฮะนี่คือคนที่แทงนะครับนายสิทธิชัยอินมุณีเป็นเจ้าของบ้านด้วยนะครับ
22-22461-9.wav	บ้านหลังนี้อยู่ที่ตำบลดินอุดมที่ลำทัพจังหวัดกระบี่ท้องที่สภ.ลำทัพ
22-22462-13.wav	เอาอาวุธปืนออกมายิงพนักงานร้านหมูกระทะนายนี้นะครับ
22-22462-23.wav	ได้ติดต่อทางนายเก่าแล้วก็ทางญาติก็เกลี้ยกล่อม
22-22462-3.wav	ก็เหตุการณ์ที่ดาบตำรวจนายนี้
22-22462-50.wav	ซึ่งดาบตำรวจสิริมงคลได้ยิงนายเกรียงศักดิ์รวม6นัด
22-22462-57.wav	จะเดินทางมาให้กำลังใจดาบตำรวจสิริมงคล
22-22463-183.wav	จังหวัดต่างๆใครเริ่มอากาศเย็นแล้วรู้สึกได้นะ
22-22463-36.wav	เขาบอกว่าโอเคล่ะเราอาจจะท่องเที่ยวเหมือนนักชาวต่างชาติ
22-22463-502.wav	คือสมาชิกสภาเทศบาลแห่งหนึ่งในจังหวัดสระบุรี
22-22463-54.wav	ทางด้านสำนักงานสาธารณสุขจังหวัดเพชรบูรณ์
22-22463-581.wav	น้ำป่าไหลหลากใน8จังหวัดนะคะ
22-22463-590.wav	น้ำป่าไหลหลากในพื้นที่6จังหวัด
22-22463-602.wav	ปัจจุบันสถานการณ์คลี่คลายแล้ว24จังหวัด
22-22463-66.wav	ยืนยันว่าไม่กระทบกับการท่องเที่ยวของจังหวัด
22-22465-19.wav	ของชายหาดแม่รำพึงที่จังหวัดระยองครับ
22-22466-10.wav	แสนเมืองโคตรอดีตข้าราชการครูในจังหวัดสกลนคร
22-22466-22.wav	รถยนต์ที่เคยเป็นของนางจอมทรัพย์นะคะไม่ใช่รถคันที่เคยเกิดอุบัติเหตุ
22-22466-56.wav	ส่วนจังหวัดที่ป้ายทะเบียนมองไม่เห็นว่าเป็นจังหวัดอะไร
22-22468-15.wav	หัวหมูเป็ดไก่ไข่ต้มชุดไทยนางรำหรือแม้แต่การฉายหนังภาพยนตร์
22-22471-0.wav	จังหวัดอุดรธานีไฟไหม้อุดรธานีรอบนี้รวดเดียว4หลังรวดครับ
22-22471-12.wav	จังหวัดอุดรธานีไฟไหม้
22-22474-56.wav	ในพื้นที่ของจังหวัดนนทบุรีเพราะเป็นท้องที่เกิดเหตุ
22-22476-16.wav	ทีมข่าวไทยรัฐทีวีก็เดินทางไปตรวจสอบ
22-22478-12.wav	ซึ่งวันนี้ตัวเลขที่สรุปออกมามีตำรวจทั้งหมด16นายด้วยกันนะคะ
22-22478-17.wav	ในขณะที่หัวหน้าพนักงานสอบสวน3นาย
22-22478-18.wav	ผู้กำกับการ4นายแล้วก็รองผู้บังคับการ2นายคือผิดคือฐาน
22-22478-295.wav	นี่คือเคสของเศรษฐีนีที่จังหวัดอุดรธานี
22-22478-6.wav	ผู้กำกับสถานี4นายก็มีความผิด
22-22479-171.wav	นี่คือช่วงที่แก๊งเงินกู้โทรมาหานางรัตนานะครับ
22-22479-186.wav	ก็คือนางรัตนาถ้าหากว่ากลับไปบ้านแล้ว
22-22479-189.wav	แต่อย่างนี้พอผู้เสียหายเดินทางกลับบ้านไป
22-22479-224.wav	ห่างจากสถานีเรือสมุยจังหวัดสุราษฎร์ธานีไปทางทิศตะวันตกเฉียงเหนือ
22-22479-242.wav	มาด้วยไปดูซิเครื่องประดับชิ้นใหม่ของนายคนนี้
22-22483-127.wav	ท่านตั้งใจมาทำงานที่นี่ให้ดีในพื้นที่จังหวัดชลบุรีนะครับก็เคยปฏิบัติหน้าที่มาแล้วพอจะเข้าใจพื้นที่และพอจะเข้าใจบุคคลอยู่บ้างครับ
22-22483-143.wav	จังหวัดชลบุรีในกรณีนี้เนี่ยถือว่าเป็นหมากตัวหนึ่ง
22-22483-15.wav	บอกว่ามีหลักฐานเอาผิดตำรวจทั้งหมด10นายเพิ่มมาจากเดิม2นาย
22-22483-164.wav	แล้วก็มีความเป็นไปได้ว่านายบอยนั้นน่าจะมีเส้นสาย
22-22483-23.wav	บังคับการตำรวจภูธรจังหวัดชลบุรี
22-22483-2.wav	อุ้มไปที่ไหนอุ้มไปที่กองบังคับการตำรวจภูธรจังหวัดชลบุรี
22-22483-60.wav	ตำรวจระดับสูงหลายนายได้ยังไง
22-22483-83.wav	เป้เนี่ยทำแบบนี้ไม่มีคนหนุนหลังแต่ว่าพอรู้จักกับนายแก๊ป
22-22484-22.wav	ก็เดินทางมามาขอดูกันใหญ่เลย
22-22485-10.wav	คนในครอบครัวนั่นก็คือนางบุญศรีนะครับ
22-22485-14.wav	อย่างที่บอกไปนะครับว่ากดออดไม่เจอแต่ว่าทีนี้ได้มีการโทรศัพท์พูดคุยกับนางบุญศรี
22-22486-12.wav	ตำบลในเมืองอำเภอพิมายที่จังหวัดนครราชสีมา
22-22487-9.wav	พี่น้องหนองแวงอำเภอวาริชภูมิจังหวัดสกลนคร
22-22488-45.wav	เช้านี้จังหวัดที่มีฝนตกอยู่ตอนนี้เนี่ยนะครับ
22-22488-59.wav	โดยเฉพาะบริเวณจังหวัดประจวบคีรีขันธ์
22-22489-10.wav	ในพื้นที่บ้านทุ่งลุงอำเภอหาดใหญ่จังหวัดสงขลาค่ะ
22-22490-18.wav	จังหวัดนครศรีธรรมราชนี่แหละครับ
22-22493-19.wav	เจอศพนายอาทิตย์อยู่ห่างจากสะพานไป50เมตร
22-22495-77.wav	เริ่มเดินทางไปแล้วนะฮะเวลาวันนี้18นาฬิกา
22-22495-78.wav	จะเดินทางไปที่อิสราเอลสวยมากนี่คือตัวแทนของคนไทย
22-22497-31.wav	ในพื้นที่ตำบลนาวังหินอำเภอพนันนิคมจังหวัดชลบุรี
22-22498-22.wav	นี่นะใส่ชุดนี้เล่าเรื่องราวการเดินทาง
22-22501-0.wav	ไปกันต่อที่จังหวัดนครนายกนะคะคุณผู้ชมมันมีมอเตอร์ไซค์ของวัยรุ่น
22-22502-11.wav	แล้วใส่ชุดไทยมารำบวงสรวงถวายไอ้ไข่ที่วัดสนามชัยจังหวัดอ่างทอง
22-22503-16.wav	เพราะว่าชาวแม่เสรียงจังหวัดแม่ฮ่องสอน
22-22503-2.wav	มีค่ะที่จังหวัดแม่ฮ่องสอนนะคะชาวบ้านเขาไปเก็บใบตองตึง
22-22508-69.wav	เขาก็บอกว่าเอาจริงนะไม่ค่อยมีใครอยากยุ่งกับนายเอกเท่าไหร่
22-22509-60.wav	ถนนกีฬากลางจังหวัดนครราชสีมานะคะ
22-22511-8.wav	ใช้เวลาเดินทาง7ชั่วโมงโดยประมาณ
22-22513-25.wav	ไม่มีอ้าวไม่มีโมโหสิครับคว้ามีดแทงนายเสถียรจนตาย
22-22513-5.wav	อำเภอสัตหีบจังหวัดชลบุรีค่ะจุดที่ไปพบศพคือนี่แหละที่คุณผู้ชมเห็น
22-22514-26.wav	ที่วัดบางจากจังหวัดนนทบุรีนะคะ
22-22514-34.wav	มีภาพที่โอ่งในจังหวัดอุบลราชธานีอีกด้วยนะ
22-22517-14.wav	ผู้ตายคือนายประดิษฐ์บุตรโคตรอายุ22
22-22523-12.wav	ได้ที่โรงแรมแห่งหนึ่งนะคะที่อำเภอศรีราชาจังหวัดชลบุรี
22-22523-16.wav	ก็เลยเดินทางมามอบตัวไม่ได้
22-22523-1.wav	จากพื้นที่จังหวัดนครราชสีมา
22-22523-21.wav	แล้วก็ไปได้ตัวที่จังหวัดชลบุรีนำตัวเข้ามาสอบสวนเพิ่มเติมอย่างละเอียด
22-22523-5.wav	ล่าสุดตำรวจไปจับกุมตัวได้แล้วที่พื้นที่จังหวัดชลบุรี
22-22523-7.wav	นางสาวที่พาพรมณีน้อยหรือว่าแม่เล้าปู
22-22523-9.wav	อายุต่ำกว่า18ปีในจังหวัดนครราชสีมา
22-22524-13.wav	วันนี้เพิ่มตำรวจท่องเที่ยวมาอีกนายหนึ่งนะ
22-22524-14.wav	นะครับก็สรุปเป็นตำรวจท่องเที่ยว2นาย
22-22524-15.wav	คือร้อยตำรวจเอกรองสารวัตรตำรวจท่องเที่ยวประจำ
22-22527-20.wav	ตำบลธาตุเชิงชุมอำเภอเมืองจังหวัดสกลนครประมาณ2ทุ่มคืนวันที่3มีนาคม
22-22527-49.wav	ต้องรับหลานชายมาดูแลซึ่งวันนี้ทีมข่าวของเราก็เดินทางไปที่
22-22527-50.wav	จังหวัดนครปฐมนะครับไปหาเด็กชายวัย2ขวบคนนี้
22-22528-11.wav	บริเวณร้านขายอาหารอำเภอหนองเสือจังหวัดปทุมธานี
22-22528-14.wav	คุณอาก็คือนายเอกพงศ์คำสุกอายุ35ปี
22-22529-121.wav	ครั้งสุดท้ายคือคุยโทรศัพท์กับลูกเนี่ยลูกบอกว่าจะกลับบ้านที่จังหวัดเลยในช่วงสงกรานต์นี้
22-22529-82.wav	ก็ทำตามพิธีพื้นบ้านของชาวไทยดำที่จังหวัดเลยนะฮะผู้เสียชีวิตเป็นคนจังหวัดเลย
22-22531-9.wav	คือเขาบอกว่าคนที่มีความเชื่อความศรัทธาเนี่ยก็จะเดินทางมากราบไหว้กันเหมือนเดิมได้แต่ว่าตอนที่ปรับปรุงเนี่ยก็ขยับไปไว้ที่บริเวณอื่นกันหน่อย
22-22532-26.wav	ทนายรัชพลไปที่สำนักงานคณะกรรมการป้องกันและปราบปรามการทุจริตแห่งชาติ
22-22532-4.wav	ทนายเดชาจะขอให้สอบจริยธรรมร้ายแรงของนายมงคลกิจสุขสินธารานนท์สส.พรรค์ไทยศิวิรัย
22-22532-6.wav	หน่ายเดชามองว่าไอ้แบบนี้มันเป็นวิธีนอกระบบไม่ชอบด้วยกฎหมาย
22-22532-7.wav	ต้องการจะถอดถอนนายมงคลกิจออกจากตำแหน่งครับ
22-22533-22.wav	สุโขทัยเป็นอีกหนึ่งจังหวัดที่สำคัญทางประวัติศาสตร์
22-22533-23.wav	และมีนักท่องเที่ยวมาเยือนไม่แพ้จังหวัดพระนครศรีอยุธยา
22-22533-38.wav	สุโขทัยเป็น1ใน55จังหวัด
22-22533-44.wav	จากคณะทัวร์มาท่องเที่ยวเพิ่มมากขึ้น
22-22541-19.wav	ล่าสุดค่ะนายอนุสรแก้วกังวาน
22-22541-21.wav	ระบุว่าภายหลังเดินทางไปตรวจสอบบริเวณจุดผ่อนปรน
22-22541-24.wav	อยู่ในฝั่งจังหวัดอุดมมีชัยประเทศกัมพูชา
22-22541-7.wav	ส่วนทางจังหวัดเองก็คือจังหวัดบุรีรัมย์
22-22542-43.wav	ส่วนอุบัติเหตุอีกรายเกิดขึ้นที่จังหวัดอำนาจเจริญครับ
22-22542-6.wav	ขณะที่จังหวัดอุดรธานีมีรถบรรทุกอ้อยที่จอด
22-22543-10.wav	ซึ่งเป็นที่มาของจังหวัดที่เราจะพาไป
22-22545-57.wav	นายบีเจ้าหนี้มาถามแค่ว่า
22-22546-8.wav	เป็นครูโรงเรียนห้วยต้อนพิทยาคมอำเภอเมืองจังหวัดชัยภูมิ
22-22547-49.wav	ในตลาดนัดวังหมีตำบลวังหมีอำเภอวังน้ำเขียวจังหวัดนครราชสีมา
22-22548-23.wav	พอรู้ข่าวก็รีบเดินทางมาที่โรงพยาบาลทันทีนะคะ
22-22550-10.wav	ไม่อนุญาตให้นางสาวยิ่งลักษณ์เดินทางออกนอกประเทศ
22-22550-13.wav	แล้วก็อาจจะเดินทางต่อไปที่สิงคโปร์แล้วก็ฮ่องกงด้วย
22-22550-18.wav	ซึ่งนางสาวยิ่งลักษณ์เองก็บอกนะคะว่ารู้สึกผิดหวังเหมือนกัน
22-22550-8.wav	ก็เป็นรายงานมาจากคนใกล้ชิดนางสาวยิ่งลักษณ์ชินวัตรอดีตนายกรัฐมนตรีนะคะ
22-22552-34.wav	ลักษณะเหมือนมีการขยับรถซึ่งนายสมานก็ขับรถไม่เป็น
22-22552-36.wav	เพราะจุดที่นายสมานจะนอนอยู่บริเวณหน้าบ้านร้างใกล้กับจุดเกิดเหตุ
22-22552-58.wav	ผู้กำกับการสภ.วังน้ำเขียวจังหวัดนครราชสีมาให้ข้อมูลว่า
22-22554-5.wav	พระมหาเทวีเจ้านะคะก็เดินทางนำอาหารเนี่ย
22-22555-1.wav	มีเจ้าของร้านเป็นโต๊ะจีนที่จังหวัดตรัง
22-22556-22.wav	ขณะกำลังเดินเข้าตลาดไปที่ร้านของตัวเองเห็นนายกิตติศักดิ์ซึ่งยืนเฝ้ายามอยู่
22-22557-20.wav	ในจังหวัดที่เคยชนะยกทีมทั้งจังหวัด
22-22557-24.wav	รวมถึง3จังหวัดชายแดนใต้
22-22557-59.wav	นครศรีธรรมราชและ3จังหวัดชายแดนใต้
22-22557-73.wav	สนามเลือกตั้ง14จังหวัด58ที่นั่ง
22-22557-7.wav	สนามเลือกตั้ง14จังหวัดภาคใต้รอบนี้
22-22559-15.wav	เห็นจังหวะคุณหมอพยาบาลปั๊มหัวใจอะค่ะพยายามจะช่วยชีวิตนางราตรี
22-22559-24.wav	นายนนทชัยเป็นเพื่อนบ้านค่ะคลุ้มคลั่งมาเลย
22-22559-25.wav	ถือมีดมาเลยเดินตรงไปหานางราตรี
22-22559-28.wav	หลังก่อเหตุนายนนทชัยก็เดินออกจากบ้านของนางราตรีเหมือนไม่มีอะไรเกิดขึ้น
22-22559-30.wav	บอกว่าเนี่ยแทงนางราตรีแล้วนะแล้วเอามีดไปโยนให้พี่ชายดู
22-22559-34.wav	นี่ค่ะคนนี้ค่ะชื่อว่านายนนทชัย
22-22559-41.wav	ครับตำรวจบอกว่านายนนทชัยให้การวกไปวนมามาก
22-22559-42.wav	ประวัติของนายนนทชัยคนนี้เนี่ยนะคะมีอาการทางประสาทค่ะคุณผู้ชม
22-22559-48.wav	ที่บ้านของนางราตรีข้างบ้านก็จะมีศาลาไม้มีแคร่
22-22559-57.wav	คือไปหยิบมีดนะคะแล้วเดินมาที่บ้านของนางราตรีบ้านของผู้ตายอีกรอบหนึ่ง
22-22559-61.wav	พอก่อเหตุเสร็จเดินไปหาพี่ชายตัวเองแล้วก็ไปบอกว่าแทงนางราตรีตาย
22-22559-7.wav	จุดเกิดเหตุเนี่ยก็อยู่ในตำบลกรุงหยันต์อำเภอทุ่งใหญ่จังหวัดนครศรีธรรมราช
22-22559-82.wav	นี่คือผู้เสียชีวิตนะคะนางราตรีนะคะ
22-22559-8.wav	เป็นบ้านปูนชั้นเดียวปลูกติดกัน3ห้องนางราตรีคานหรือเป็ดค่ะ
22-22561-25.wav	จังหวัดนั้นเนี่ยมีพยานเขาเห็นเหตุการณ์เป็นโชเฟอร์ขับรถบรรทุกอีกคันหนึ่ง
22-22569-40.wav	จังหวัดนครสวรรค์ซึ่งเป็นบ้านของผู้เสียชีวิต
22-22569-48.wav	นี่คือภรรยาของผู้เสียชีวิตนะครับนางสมปองคุ้มตระกูล
22-22569-63.wav	ทั้งผู้ตายก็คือนายปัญญานะแล้วก็ตัวนางสมปองที่เป็นภรรยา
22-22569-8.wav	ผู้เสียชีวิตอายุ57ปีชื่อนายปัญญา
22-22569-93.wav	สำหรับศพของนายปัญญาชาปนกิจศพไปแล้วเมื่อวานนี้นะฮะ
22-22574-67.wav	คนแรกก็คือนายบิ๊กครับนายบิ๊กอายุ18ปีเท่านั้นเอง
22-22574-68.wav	ต่อมาก็คือนายเบียร์อายุ19ปี
22-22574-69.wav	นายเบียร์เป็นคนที่สวมหมวกและผมยาวคุณ
22-22574-71.wav	นายปอนอายุ18ปีและนายเก่งอายุ18ปี
22-22574-75.wav	จากการสอบปากคำนายเบียร์คนที่สวมหมวกและผมยาว
22-22577-100.wav	มีพ่อแม่ญาติก็เดินทางมาเยี่ยม
22-22577-118.wav	ก็เดินทางมาที่นี่แต่ก็ไม่ได้ให้ข้อมูลอะไร
22-22577-132.wav	ครอบครัววันนี้ก็เดินทางมาเยี่ยมกำนันนก
22-22577-143.wav	ก็คือว่ามีข่าวว่านายประวีนจันคล้าย
22-22577-157.wav	ทีนี้คุณผู้ชมครับคนที่อยู่ในเหตุการณ์ตำรวจก็ตั้ง20กว่านาย
22-22577-166.wav	นักข่าวพยายามสอบถามกลุ่มคนงานเดินทางมาวันนี้4คนครับแต่ทุกคนปฏิเสธให้ข่าว
22-22577-275.wav	กำนันนกนั้นอยู่อีกฝั่งนึงแล้วก็ไอ้โต๊ะยาวนี่นะฮะนายตำรวจเต็มไปหมด
22-22577-281.wav	มีตำรวจชั้นประทวน2นายคอยบริการผสมเครื่องดื่มให้ด้วยนะ
22-22577-299.wav	แล้วคนที่กล่าวอวยพรเป็นคนแรกก็คือนายจีรวัตรสะสมทรัพย์หรือเสียหนึ่ง
22-22577-2.wav	สุดท้ายไปจนมุมค่ะที่จังหวัดกาญจนบุรี
22-22577-334.wav	ก็มีนายกอบจ.นครปฐมไปร่วมงาน
22-22577-369.wav	ในวงการรับเหมาก่อสร้างและการสร้างเครือข่ายสร้างบารมีในพื้นที่จังหวัดนครปฐม
22-22577-382.wav	โดยนายยุทธนาโพธิวิหกในอำเภอเมืองนครปฐม
22-22577-384.wav	นายประวินจันคล้ายกำนันตำบลตากล้องอำเภอเมือง
22-22577-400.wav	โดยเฉพาะประเด็นที่ว่านายตำรวจเนี่ย
22-22577-448.wav	กล้าทุบโต๊ะใส่ตำรวจเมื่อนายหน่องเป็นลูกน้องเห็นเห็นไหม
22-22577-71.wav	ขณะเดียวกันบอกด้วยนะครับว่านายหน่องนั้นไม่กินเหล้านะครับ
22-22577-75.wav	มีญาติครอบครัวนำร่างของนายหน่องนั้นไปที่กรุงเทพมหานครครับ
22-22577-77.wav	ทีนี้ญาติเล่าให้ฟังครับบอกว่าไม่เคยเข้าไปยุ่งเรื่องส่วนตัวนายหน่องเลยนะครับ
22-22577-79.wav	ยืนยันว่านายหน่องนั้นนิสัยดีครับไม่ใช่คนดื่มเหล้า
22-22577-80.wav	เป็นไปไม่ได้ว่านายหน่องนั้นจะดื่มเหล้าในวันที่เกิดเหตุนะครับ
22-22577-82.wav	รอให้นายหน่องนั้นโทรศัพท์ติดต่อกลับมา
22-22577-87.wav	เพราะคิดไว้อยู่แล้วว่านายหน่องจะต้องเจอจุดจบแบบนี้
22-22578-41.wav	เดินทางมาที่หมู่บ้านกกอกด้วยเมื่อวานนี้
22-22579-11.wav	เพื่อตรวจสอบข้อเท็จจริงพบนายสมจิตเล่าว่า
22-22579-12.wav	ถูกนางเรวดีตามหาเพื่อให้เป็นพยานในคดีหวยจริง
22-22579-17.wav	รวมทั้งสลากรวมชุดไม่มีต้นคั่วอยู่แล้วแต่นางเรวดีกลับพยายามติดต่อมาอีก
22-22579-25.wav	โดยผู้บังคับการตำรวจภูธรจังหวัดอุดรธานี
22-22579-31.wav	แต่หากจะดำเนินคดีกับนางเรวดีฐานแจ้งความเท็จ
22-22579-42.wav	จังหวัดอุดรธานีนำไปขึ้นเงินรางวัล
22-22579-49.wav	จะนำตัวนายสมจิตคนขายลอตเตอรี่
22-22579-50.wav	เดินทางจากจังหวัดอุดรธานี
22-22583-51.wav	หน้าสนามมีแฟนบอลมากมายทยอยเดินทางเข้าสู่บริเวณสนามการแข่งขัน
22-22584-10.wav	ภาพสดนะตอนนี้เลยนะคะที่ถ้ำหลวงจังหวัดเชียงรายนะคะ
22-22584-15.wav	หลวงขุนน้ำนางนอนจังหวัดเชียงรายแห่งนี้นะครับ
22-22584-58.wav	วันนี้ครับเดินทางมาพร้อมกับเพื่อนพร้อมกับญาติ
22-22584-99.wav	นี่ก็เป็นความคืบหน้าล่าสุดที่เกิดขึ้นบริเวณถ้ำหลวงขุนน้ำนางนอนจังหวัดเชียงรายแห่งนี้นะครับ
22-22585-27.wav	อยู่ในพื้นที่จังหวัดสกลนครก็มีผู้ใหญ่แนะนำให้มาช่วยเหลือลุงพลหน่อย
22-22585-31.wav	นายรัชพลที่เคยมาปรึกษาให้ลุงพลปรึกษาอยู่ใช่เพราะตอนแรกที่เห็นข่าวเมื่อวาน
22-22585-35.wav	ผมเป็นทนายในพื้นที่จังหวัดสกลนครไม่เกี่ยวกันใช่นะคะ
22-22585-96.wav	จะนำนางรำมาแก้บนรำถวาย
22-22586-11.wav	ก็จะเรียกนายอัครนัทมาแจ้งข้อกล่าวหาเพิ่มเติม
22-22586-12.wav	ส่วนนายกิตติศักดิ์พนักงานสอบสวนแจ้งข้อหาขับรถโดยประมาท
22-22586-14.wav	เนื่องจากนายกิตติศักดิ์ให้การว่าถูกรถแท็กซี่ชนแล้วหลบหนีครับ
22-22586-27.wav	ซึ่งนายอัครนัทอ้างถึงมาสอบปากคำเพิ่มเติม
22-22586-28.wav	ส่วนนายกิตติศักดิ์ยังไม่มีการอ้างพยานแต่อย่างใด
22-22590-18.wav	อยู่ที่ศาลากลางหลังเก่าจังหวัดนนทบุรี
22-22593-1.wav	มีเหตุการณ์ล่าสุดนะครับที่จังหวัดระยองนะครับ
22-22593-9.wav	ในพื้นที่อำเภอปลวกแดงจังหวัดระยอง
22-22596-16.wav	ทีนี้ผู้ตายไม่พอใจตอนแรกมีเรื่องกับนายธีรศักดิ์เจ้าของบ้านก่อนนะ
22-22597-23.wav	ถ้าใครมีอาการป่วยและมีประวัติเดินทางไปสนามมวยไปสถานบันเทิง
22-22597-46.wav	หลักการยังเป็นเหมือนเดิมคือถ้าเราเป็นกลุ่มเสี่ยงเดินทางมาจากต่างประเทศ
22-22598-34.wav	แต่ว่าทิ้งท้ายวันที่2นี้นางจะเอาของไปเซลล์ด้วย
22-22599-28.wav	อำเภอสิรินทรจังหวัดอุบลราชธานี
22-22601-17.wav	และคณะครูก็เดินทางมาเจอแป้งมาคุยกับแป้งพร้อมกับเจ้าหน้าที่ตำรวจ
22-22602-139.wav	แข่งขันในวันนี้ที่เราจะมาทำนายทายทักกันเนี่ยคือ
22-22602-147.wav	เราก็จะมาเปิดไพ่ทำนายทายทัก
22-22602-421.wav	มาร่วมในการทำนายด้วยเลยดีกว่าไหม
22-22602-496.wav	ไม่ใช่แค่คุณจะมาทำนายดวง
22-22602-498.wav	ถ้าทำนายเสร็จแล้วทำอะไรเดี๋ยวจะเล่าให้ฟังว่า
22-22602-573.wav	หรือการแบบเหมือนเขาเรียกว่าการเดินทางเพื่อไปสู่จุดมุ่งหมายที่เขาคาดหวังเอาไว้
22-22602-593.wav	จากการทำนายไพ่ยิปซีในวันนี้
22-22603-2.wav	ตอนนี้ผมอยู่ที่วัดท่าหลวงวัดประจำจังหวัดพิจิตรครับ
22-22605-30.wav	ขยับมาที่ภาคอีสานหน่อยอำเภอพลจังหวัดขอนแก่นค่ะ
22-22607-154.wav	นางสาวสิริรักษ์เขาบอกว่าตอนนั้นนะคะคุณนักข่าวดิฉันสะดุ้งตื่นมาแต่ก็ไม่รู้เหมือนกันว่าเกิดอะไรขึ้น
22-22607-153.wav	ไปถามนางสาวสิริรักษ์รุ่งแจ้งอายุ30ปีคนที่นอนอยู่กับลูกนั่นแหละ
22-22609-102.wav	ก่อนจะนำตัวไปทำแผนประกอบคำรับสารภาพที่จังหวัดชลบุรี
22-22609-114.wav	แล้วก็ตำรวจสืบสวนสภ.นาจอมเทียนจังหวัดชลบุรี
22-22609-117.wav	ซึ่งเป็นรถที่คาดว่านายภูธรสิงห์ดีหรือว่านายน้อยเนี่ย
22-22609-119.wav	ในพื้นที่อำเภอคลองหาดจังหวัดสระแก้ว
22-22609-125.wav	ก็พบว่านายน้อยไม่ได้เป็นเจ้าของรถ
22-22609-128.wav	ว่าจะมีความเชื่อมโยงกับนายน้อย
22-22609-139.wav	ซึ่งเป็นผู้ต้องหาตามหมายจับจังหวัดพัทยา
22-22609-140.wav	ศาลจังหวัดพัทยาในข้อหาร่วมกัน
22-22609-174.wav	จริงมันก็มีที่มาที่ไปนะเพราะว่านายเกียรติศักดิ์สุรางแสงมีบุญ
22-22609-187.wav	พอพาไปปั๊บถึงชายแดนจังหวัดสระแก้ว
22-22609-196.wav	ก็เลยไปติดต่อนายภูธร
22-22609-197.wav	นายภูธรเขามีแฟนเป็นชาวกัมพูชาอยู่
22-22609-201.wav	เข้าชายแดนทางบ้านเขาดินที่อำเภอคลองหาดจังหวัดสระแก้ว
22-22609-219.wav	เขาบอกว่าคือเขาไม่รู้จักกับนายภูธรนะครับ
22-22609-261.wav	ทางครอบครัวจะเดินทางไปที่ชลบุรีนะครับ
22-22609-26.wav	ที่เขาชีจรรย์จังหวัดชลบุรีนะครับ
22-22609-29.wav	ได้เดินทางไปประเทศกัมพูชาเป็นครั้งที่2
22-22609-314.wav	โดยนางจอมสีชมพูพื้นแม่ของฟอส
22-22609-326.wav	ทั้งสองครอบครัวจะเดินทางไปดูการทำแผนด้วย
22-22609-363.wav	โดยบอกว่าเป็นบุคคลต่างด้าวเดินทางเข้ามา
22-22609-86.wav	อำเภออรัญประเทศจังหวัดสระแก้วเนี่ยนะคะ
22-22609-49.wav	แต่จริงๆก็ขึ้นเครื่องเดินทางจากไทยไปนะ
22-22614-61.wav	พื้นที่หมู่12ตำบลบางตีนเป็ดอำเภอเมืองจังหวัดฉะเชิงเทรานะฮะ
22-22617-12.wav	และนางวีรวรรณโพธิ์แก้ววัย67ปี
22-22625-20.wav	ช่วยกันพาตัวนายขจรศักดิ์คนนี้
22-22632-0.wav	ส่วนที่จังหวัดพะเยาก็มีของดีให้ทานของดีที่ว่าเนี่ยอยู่สูงแถมโปรตีนสูงด้วยค่ะ
22-22633-18.wav	เดินทางมาจากท่าเทียบเรือกันตังมุ่งหน้าไปจังหวัดนครศรีธรรมราชนะคะ
22-22635-21.wav	แต่ว่าเป็นผู้ที่เดินทางกลับมาจากต่างประเทศ
22-22636-1.wav	เป็นชาวบ้านที่จังหวัดมุกดาหาร4ราย
22-22637-22.wav	ทราบชื่อนายวุฒิพงศ์ขวัญแก้วนะคะอายุ38ปีเป็นชาวนครศรีธรรมราชค่ะ
22-22637-23.wav	สอบถามนายอุทัยจิตมั่นเป็นคนขับรถบรรทุกพ่วง
22-22637-37.wav	ล่าสุดนายวุฒิพงศ์ผู้ที่ได้รับบาดเจ็บเนี่ยนะคะ
22-22637-6.wav	มีแต่ยาบ้ากับไอซ์นะคะตำรวจสภ.บางประหันต์จังหวัดพระนคร
22-22640-17.wav	แล้วสำหรับวันพรุ่งนี้นะคุณผู้ชมที่อยู่ที่จังหวัดกระบี่นะคะ
22-22640-4.wav	อยู่กระบี่เพราะว่าเดินทางกลับมากรุงเทพไม่ได้เนื่องจากสถานการณ์โควิด19นะ
22-22640-5.wav	เราก็จะเห็นพี่เมฆอยู่ในจังหวัดกระบี่แล้วลงพื้นที่ไปตามที่ต่างๆแบบนี้
22-22642-11.wav	ในการเดินทางมาจัดงานแต่งที่ไทย
22-22642-16.wav	กลุ่มชาวอินเดียที่เดินทางมาจัดงานแต่งงาน
22-22642-50.wav	ได้รู้จักประเทศไทยแล้วก็ไปท่องเที่ยวค่ะ
22-22642-52.wav	เข้ามาท่องเที่ยวในไทย1,195,000คน
22-22643-36.wav	ก็บอกว่าหลังจากนายคมทวนอดีตผู้ใหญ่บ้าน
22-22643-37.wav	มีเรื่องกับนายสนองเมื่อช่วงบ่าย2โมงใช่ไหมคะ
22-22643-40.wav	ตอนที่นายสำเนากับชาวบ้านนั่งสังสรรค์กันอยู่
22-22643-48.wav	ตอนนั้นภรรยาของนายสำเนาก็ถ่ายคลิปเอาไว้ได้
22-22643-59.wav	ก็คือทางฝั่งของนายคมทวนอดีตผู้ใหญ่บ้าน
22-22643-60.wav	เราได้คุยกับนายคมทวนนะคะ
22-22643-62.wav	ก็มีนายสนองร่วมวงอยู่ด้วย
22-22643-69.wav	กรณีนายสำเนาที่โดนต่อยอะ
22-22643-8.wav	นี่ค่ะบ่าย2โมง3เมษายนอำเภอยังตลาดจังหวัดกาฬสินธุ์
22-22646-32.wav	แล้วนางวันนาก็อยู่บ้านคนเดียวด้วยอะค่ะ
22-22647-2.wav	ตำบลวังหมีอำเภอวังน้ำเขียวจังหวัดนครราชสีมา
22-22648-114.wav	เดินทางไปให้ปากคำที่สถานีตำรวจภูธรเมืองฉะเชิงเทราแล้ว
22-22649-16.wav	ขณะที่อำเภอแม่สายจังหวัดเชียงรายเจ้าหน้าที่ด่านพรมแดนแม่สาย
22-22649-19.wav	ส่วนที่จังหวัดสุรินทร์บริเวณด่านควบคุมโรคติดต่อ
22-22649-31.wav	โดยเฉพาะจังหวัดเชียงใหม่ที่พบผู้ป่วย11คน
22-22649-6.wav	เมื่อ3สัปดาห์ก่อนที่จังหวัดเชียงใหม่ในพื้นที่3ตำบลของอำเภอสันทราย
22-22650-45.wav	ริมถนนเศรษฐกิจอำเภอเมืองจังหวัดชลบุรีครับ
22-22651-27.wav	ช่วงเดินทางเนื่องจากไม่ชำนาญทาง
22-22652-25.wav	ก็พบศพของนายชัยวัฒน์ชุมภูพี
22-22652-57.wav	แจ้งให้เดินทางมายังที่เกิดเหตุ
22-22652-60.wav	เจ้าของรถก็คือนางสาวเพ็ญนภาอายุ25ปีนะครับ
22-22652-61.wav	ก็รุดเดินทางมาที่เกิดเหตุพร้อมกับแฟนหนุ่ม
22-22652-64.wav	แต่นางสาวเพ็ญนภาให้การยังไงรู้ไหมคุณ
22-22653-11.wav	บ้านคนนี้ค่ะเจ้าของบ้านที่ได้รับความเสียหายคือนายณรงค์ฤทธิสุขรุ่งอายุ27ปี
22-22653-13.wav	ของจังหวัดพัทลุงด้วยเหตุการณ์เกิดขึ้นสักช่วง5ทุ่มเมื่อคืนนี้นี่เอง
22-22656-46.wav	ทีนี้ค่ะทีมสอบสวนโรคสำนักงานสาธารณสุขจังหวัด
22-22656-51.wav	แล้วก็ที่เห็นเปียกคือทางจังหวัดเขาชี้แจงออกมานะ
22-22658-11.wav	ในขณะที่จังหวัดเชียงใหม่สวนพฤกษศาสตร์จับมือกับอำเภอแม่ริม
22-22658-3.wav	ซึ่งสอดคล้องกับชื่อจังหวัดร้อยเอ็ด
22-22659-18.wav	นายประเสริฐคนนี้อายุ60ปี
22-22663-28.wav	ก็เป็นเจ้าหน้าที่อุทยานแห่งชาติดอยขุนตาล7นาย
22-22664-100.wav	แต่ว่าใครที่ต้องการจะเดินทางไปอย่าเอารถส่วนตัวไป
22-22664-20.wav	ทำให้ประชาชนเดินทางกันมาตั้งแต่ช่วงเช้านะคะ
22-22665-64.wav	ก็เลยรีบเดินทางไปรับตัวนะคุณนะ
22-22666-211.wav	รัฐมนตรีออกมานายกรองนายกออกมาเรื่องความมั่นคงจะแก้ไขปัญหา
22-22667-36.wav	เพื่อให้คณะที่เดินทางเข้ามาให้ความช่วยเหลือเดินทางได้อย่างสะดวกปลอดภัย
22-22668-23.wav	นายโอหรือว่านายนวราธร
22-22668-77.wav	อยู่ด้วยกันตอนนั้นกำลังเดินทางกลับ
22-22668-89.wav	ออกมาจากบ้านต่อมานายโอโทรศัพท์ไปหาแม่ของตัวเองแม่มัน
22-22669-15.wav	แล้วก็ว่าจ้างรถตู้ของนายสุเทพสิงกรอายุ50ปี
22-22669-26.wav	จากเชียงรายนะคะมาดูที่จังหวัดตากบ้างค่ะ
22-22669-40.wav	พาไปที่ฉะเชิงเทราค่ะตำรวจภูธรบางประกงจังหวัดฉะเชิงเทราพร้อมหน่วยกู้ภัยช่วยกันทำบาดแผลที่ใบหน้าและที่ร่างกายนะคะ
22-22669-50.wav	มารับนักท่องเที่ยวที่สนามบินนานาชาติจังหวัดกระบี่
22-22669-59.wav	คือนายชิศนุพงศ์อยู่กลับอายุ25ปี
22-22670-12.wav	ของโรงเรียนภูสิงศ์ประชาเสริมวิทย์อำเภอภูสิงศ์จังหวัดศรีสะเกษนะครับ
22-22670-5.wav	แรงบันดาลใจของคุณครูท่านนี้ในจังหวัดสุรินทร์นะครับ
22-22673-121.wav	ไม่แพ้หญิงแท้นะโดยเฉพาะนายโกเมศ
22-22673-13.wav	ก็บรรยากาศการคัดเลือกทหารกองประจำการที่จังหวัดกระบี่เนี่ยนะคะ
22-22673-15.wav	เดินทางมารายงานตัวคัดเลือกกันอย่างคึกคักเลยนะคะ
22-22673-32.wav	คนนี้คือนายอิสรีมุ่งมั่นหรือว่าน้องแน็ต
22-22673-33.wav	วันนี้เดินทางมาร่วมคัดเลือกด้วยนะ
22-22673-38.wav	ไปดูอีกหนึ่งจังหวัดไปดูที่สุโขทัยครับ
22-22674-2.wav	ทำพิธีบวงสรวงใหญ่ครบ60ปีเมืองโบราณที่จังหวัดสมุทรปราการเมื่อวานนี้ค่ะ
22-22675-13.wav	เทศบาลตำบลบางเลนอำเภอบางใหญ่จังหวัดนนทบุรี
22-22677-21.wav	จัดขึ้นที่สนามกีฬากลางอำเภอห้วยราชจังหวัดบุรียรำค่ะ
22-22679-81.wav	เดินทางกลับบ้านคุณแตงโมหลังจากเกิดเหตุครับ
22-22680-13.wav	หลังจากที่นายพาธีสารสินประธานเจ้าหน้าที่บริหาร
22-22680-21.wav	ซึ่งส่วนใหญ่ก็ให้กำลังใจนายพาธีบอกว่า
22-22681-114.wav	แล้วก็เดินทางไปนั่งดื่มกินคลายร้อนกันเนี่ยนะฮะที่มานักท่องเที่ยวแถวนี้นะครับ
22-22681-50.wav	พาไปต่อที่จังหวัดนครพนมค่ะ
22-22681-65.wav	ส่วนที่จังหวัดหนองคายตั้งแต่เช้าแล้วก็ตลอดทั้งวัน
22-22681-78.wav	วัดเขียนเขตตำบลบึงยี่โถอำเภอธัญบุรีจังหวัดปทุมธานีนะคะ
22-22681-93.wav	เปิดวัดกินฟรีที่นี่วัดมะนาวก็มีประชาชนเกือบพันคนที่เดินทางมานะครับ
22-22681-99.wav	ส่วนที่จังหวัดกำแพงเพชรนะคะที่วัดบางตำบลในเมืองอำเภอเมืองกำแพงเพชร
22-22684-116.wav	ที่เป็นแฟนเก่าของนางสาวกิฟต์หน้าตาเป็นยังไงไม่เคยเจอ
22-22685-28.wav	จังหวัดพระนครศรีอยุธยา
22-22685-32.wav	ไปที่จังหวัดพระนครศรีอยุธยา
22-22685-3.wav	ว่าอยู่ที่จังหวัดพระนครศรีอยุธยา
22-22685-90.wav	ตำรวจภูธรจังหวัดพระนครศรีอยุธยาเลยอะค่ะ
22-22686-34.wav	เราได้อ่านข่าวของจังหวัดพะเยาเยอะจริงๆสำหรับสถานที่ท่องเที่ยว
22-22686-9.wav	เป็นร้านแรกเลยนะครับแห่งแรกที่จังหวัดพะเยาเขาว่ากันแบบนั้น
22-22694-16.wav	กรุงเทพมหานครเนี่ยนะคะคนขับคือนายวัฒนะโอ้โหชื่อเนี่ยเหมือนแบบอายุวัฒนะ
22-22695-16.wav	อยู่อีกพื้นที่หนึ่งอีกจังหวัดหนึ่งแล้วนะครับ
22-22696-70.wav	จังหวัดหนองบัวลําภูนะครับพร้อมกับเชื่อว่า
22-22696-92.wav	จังหวัดอุดรธานีก็มีผู้ถูกรางวัลที่1
22-22701-9.wav	หมู่2ตำบลมะต้องอำเภอพรมพิรามจังหวัดพิษณุโลก
22-22704-17.wav	ส่วนที่จังหวัดเลยคุณผู้ชมครับที่จังหวัดเลย
22-22704-64.wav	โอ้โหนี่สถานการณ์ที่จังหวัดเลยนะ
22-22707-202.wav	ได้มีการนำตัวนายชัยชนะเนี่ยพาไปฝากขังอยู่ที่ศาลอาญารัชดานะครับ
22-22707-203.wav	โดยที่นายชัยชนะหรือนายเอ็มเนี่ยนะได้มีการเปิดเผยนะครับ
22-22707-230.wav	ซึ่งเป็นแฟนของนายเอ็มก็ได้มีการออกมาพูดแล้วนะครับ
22-22707-363.wav	ซึ่งเป็นร้อยเวรอยู่ที่สภ.ตาพระยาที่จังหวัดสระแก้ว
22-22708-51.wav	ศาลาประชาคมบ้านโป่งจังหวัดราชบุรี
22-22708-70.wav	และนางสาวธนิชาหรือว่าทนายพัฒน์
22-22710-50.wav	ขบวนแห่เทียนเข้าพรรษาของทีมวัดใหม่ประตูชัยที่อำเภอพิมายจังหวัดนครราชสีมา
22-22712-51.wav	บอกว่าที่นายศิระให้รางวัลนำจับไผ่ดาวดินเนี่ย500บาทเนี่ย
22-22713-3.wav	ร้านดาวทองร้านเนี้ยเป็นร้านโด่งดังของจังหวัดนครพนม
22-22717-10.wav	ชื่อว่าคุณจินตนายแย้มโอวาสอายุ49ปีนะคะก็เป็นชาวบ้านในพื้นที่นั่นแหละ
22-22720-11.wav	ผู้ตายชื่อกิฟต์นะครับอายุ22ปีนางสาวนัทธนันนาพร
22-22720-12.wav	เธอกำลังขับขี่รถเข้าหอพักนายธนกรก็ขับรถตามไป
22-22720-25.wav	นี่คือหน้าหอพักแห่งหนึ่งที่ตำบลกรอกสมบูรณ์อำเภอศรีมหาโพธิจังหวัดปราจีนบุรีนะครับ
22-22721-46.wav	เขาเหมือนเป็นผู้บัดดี้จังหวัดบัดดี้จับคู่กัน
22-22722-17.wav	ไปจับนางสายสุนีย์ได้ที่โรงงานมะพร้าวในอำเภอประคำ
22-22722-19.wav	ก็ไล่เรียงไปเลยตั้งแต่ที่นางสายสุนีย์ขี่มอเตอร์ไซค์ไม่ติดแผ่นป้ายทะเบียนมาจอดหน้าร้านขายของชำที่เป็นบ้าน
22-22722-22.wav	นางสายสุนีย์นะคะหลังจากทำแผนอะไรเรียบร้อย
22-22722-7.wav	ครับทีนี้แฟนหนุ่มของนางสายสุนีย์เนี่ยนะคะ
22-22724-4.wav	นายอาสาสารสินประธานคณะกรรมการกิจการสังคม
22-22724-5.wav	และโรงพยาบาลบ้านแพ้วองค์การมหาชนจังหวัดสมุทรสาครจัดขึ้น
22-22726-25.wav	นายวินัยจำนวนต่อหลักฐานและยอมรับ
22-22726-2.wav	ในพื้นที่หาดจอมเทียนจังหวัดชลบุรี
22-22726-51.wav	ฝั่งนายวินัยเข้าใจว่าผู้ตายกำลังเล่นละคร
22-22726-67.wav	ก่อนที่จะมีการนำตัวนายวินัย
22-22726-71.wav	หรือนายวินัยคือผู้โชคร้าย
22-22727-1.wav	อยากจะให้ไทยนั้นเป็นศูนย์กลางแล้วก็เตรียมพร้อมจัดงานวันท่องเที่ยวโลก
22-22727-8.wav	โดยจะโชว์ศักยภาพของภาคอีสานสู่ประชาคมโลกผ่านจังหวัดขอนแก่น
22-22728-26.wav	ไปดูกิจกรรมของสำนักงานการท่องเที่ยวและกีฬาจังหวัดตรังครับ
22-22728-28.wav	โดยมีนายสิริพัฒน์พัทธกุลครับผู้ว่าราชการจังหวัดตรัง
22-22729-142.wav	บางครั้งก็จะมีนายตำรวจระดับผู้กำกับรองผู้กำกับ
22-22729-92.wav	เจ้าหน้าที่ตำรวจในคดีปล้นผู้ต้องหาหรือปล้นนายจรวดนั่นเอง
22-22731-8.wav	คือฟ้าหลังฝนผ่านไปมีรุ่นน้องที่อยู่จังหวัดสิงห์บุรีค่ะ
22-22735-36.wav	หลังจากที่นายเตชะทัพทองประธานมูลทิพย์ร่วมร้อยใจไทย
22-22742-46.wav	เช่นเดียวกับนายสมไชยศรีสุทธิยากรอดีตกกต.โพสต์เฟซบุ๊คส่วนตัว
22-22743-76.wav	ทางด้านของนายสมศักดิ์นวลพิจิตรอายุ39ปี
22-22744-0.wav	มาเลยที่นี่นะคะที่จังหวัดตราดคุณป้าวัย60ปีเขาเพาะพันธุ์พริกขี้หนูสวนขายสร้างรายได้
22-22744-4.wav	อยู่ในตำบลบ่อพลอยอำเภอบ่อไร่จังหวัดตราดเขาเพาะต้นกล้าพริกขี้หนูสวน
22-22745-17.wav	ว่าถ้าหากขายที่ได้ภายใน1เดือนเป็นไงจะนำนางรำมารำถวาย
22-22745-4.wav	อยู่ที่ตำบลลำลูกกาอำเภอลำลูกกาจังหวัดปทุมธานี
22-22746-10.wav	นายเดชาวัย57ปีชาวสงขลานะคะ
22-22751-15.wav	ชื่อว่านายชิงชัยอายุ25ปีคือหลังก่อเหตุไม่อยู่ขี่จักรยานยนต์หนีไปออกจากหมู่บ้านไปเลย
22-22751-16.wav	ตำรวจก็ประสานสายตรวจที่ประจำอยู่จุดท่องเที่ยวภูทับเบิกให้ออกตรวจสอบนะครับ
22-22751-18.wav	เอาตัวมาสอบสวนก็ทำให้ทราบว่านายชิงชัยก่อนหน้านี้เคยเข้ารับการบำบัดอาการติดยาเสพติดอย่างหนัก
22-22751-22.wav	คือตลอดเวลาที่อยู่ด้วยกันชาวบ้านแถวนี้บอกว่านายชิงชัยกับภรรยาที่เสียชีวิตมีปากเสียงกันอยู่เรื่อย
22-22751-2.wav	ในพื้นที่ภูทับเบิกอำเภอหล่มเก่าจังหวัดเพชรบูรณ์นะครับ
22-22751-30.wav	จากการสอบสวนนายชิงชัยตำรวจบอกว่ายังให้การวกวนจับใจความไม่ได้
22-22751-31.wav	ตอนนี้คุมตัวไว้แล้วที่สภ.หล่มเก่าจังหวัดเพชรบูรณ์
22-22751-3.wav	พอได้รับแจ้งตำรวจสภ.หล่มเก่าจังหวัดเพชรบูรณ์ก็ไปตรวจสอบนะครับ
22-22753-5.wav	อยู่ที่บ้านห้วยรังที่ตำบลระบำอำเภอลานศักดิ์จังหวัดอุทัยธานี
22-22755-16.wav	ส่วนคนขายพวงมาลัยคือนายชาตรีกองคำ
22-22755-27.wav	ใช้รถใช้ถนนเดินทางกลับบ้านในช่วงปีใหม่นะคะ
22-22756-17.wav	ไม่ว่าจะเป็นตำรวจ29นายพลเรือนอีก
22-22756-53.wav	เดินไปครับไปถามนายไปอยู่ใกล้เคียงกัน
22-22757-36.wav	สำหรับกรณีลักษณะเช่นนี้ในพื้นที่จังหวัดลำปาง
22-22758-454.wav	นายผู้หญิงใช่ไหมนายผู้หญิงเป็นคนโทรบอกแม่
22-22758-464.wav	แปลว่าคนนี้ออกจากบ้านนายไปแล้ว
22-22760-16.wav	ที่อำเภอหลังสวนจังหวัดชุมพรค่ะ
22-22760-18.wav	นายอภิชาติเขาเล่าให้ฟังบอกว่า
22-22760-28.wav	จากนั้นนายอภิชาติก็โบกรถยนต์ให้ขับไปส่งที่แผงรับซื้อทุเรียนของญาติ
22-22760-36.wav	แต่เบื้องต้นก็แจ้งข้อหาความผิดอีกกระทงกับนายอภิชาติแล้วนะคะ
22-22760-43.wav	คือนางมณิกาบอกว่ารู้จักกับนายอภิชาติ
22-22760-6.wav	ต้องเล่าก่อนนะคะผู้ต้องหาคือนายอภิชาติกระหม่อมอายุ29ปี
22-22761-108.wav	เสร็จพิธีแล้วเดินทางกลับกรุงเทพ
22-22761-178.wav	เจ้าแม่ตะเคียน7นางมี7กิ่งค่ะ
22-22761-17.wav	โอ้โหสุโขทัยคึกคักเป็นอย่างมากต่อกันเลยที่จังหวัดขอนแก่นกันค่ะ
22-22761-18.wav	ไปดูกันที่หมู่บ้านภูเหล็กน้อยในตำบลภูเหล็กอำเภอบ้านไผ่จังหวัดขอนแก่น
22-22761-346.wav	ไปสอบถามนางสาวหน่อยจุนเจิมอายุ35ปี
22-22761-385.wav	ที่จังหวัดพะเยานะคะคือขออภัยคุณผู้ชมนิดนึงนะ
22-22761-387.wav	คือที่จังหวัดพะเยาเป็นบ้านเกิดของคุณครูแนน
22-22761-402.wav	เรื่องราวที่เกี่ยวกับจังหวัดหรือเกี่ยวกับผู้ว่า
22-22763-6.wav	คือเธอเนี่ยโดดมารับบทนางร้ายติดกันถึง2เรื่องรวด
22-22764-326.wav	มันก็เอาตัวเข้าไปไปกันหลายคนอ่าแล้วก็ไปหานายอืมนะ
22-22764-405.wav	คือนางโชติกา
22-22764-416.wav	ไปด้วยดำเนินคดีกับนาย
22-22766-14.wav	กันยายนที่อำเภอเมืองจังหวัดขอนแก่น
22-22767-80.wav	แล้วนายหนุนชักปืนขึ้นมาเจาะไปที่เธอเลยนะคะ
22-22775-34.wav	จับกุมตัวผู้ชายในคลิปแล้วนะคะชื่อว่านายประสานหรือว่าเต้
22-22775-39.wav	ออกมาจากบ้านมาประมาณอาทิตย์หนึ่งแล้วทีนี้นายประสานก็เลยตามหาเมีย
22-22775-42.wav	ประกอบกับตัวนายประสานก็อ้างว่าดื่มเหล้ามาด้วย
22-22775-50.wav	ผู้หญิงบอกว่านายประสานเป็นแฟนเก่าเลิกรากันไปหลายเดือนแล้ว
22-22776-14.wav	คืนให้กับนายกัมพลเกื้อกุลฤทธิวงศ์อายุ57ปีนะคะ
22-22776-15.wav	ที่มีการทำหล่นหายซึ่งก็คือลูกสาวของนายกัมพล
22-22776-20.wav	คุณพ่อของนางวัชรีเองซึ่งเป็นชาวฮ่องกง
22-22777-0.wav	ก็มาต่อกันที่คดีของนายสมคิดพุ่มพวง
22-22777-10.wav	พร้อมพนักงานสอบสวนคุมตัวนายสมคิดพุ่มพวง
22-22777-12.wav	ซึ่งลงมือก่อเหตุล่าสุดฆ่ารัดคอนางรัศมีมุลิจันทร์อายุ51ปี
22-22777-14.wav	ที่บ้านใหม่ชัยมงคลตำบลหนองโกอำเภอกระนวลจังหวัดขอนแก่น
22-22777-17.wav	บอกว่าเมื่อคืนนี้ก็คุมขังนายสมคิดไว้
22-22777-19.wav	ป้องกันการคิดฆ่าตัวตายของนายสมคิด
22-22777-25.wav	นายสมคิดบอกแค่ว่าเครียดและไว้ขอพูดทีหลัง
22-22777-27.wav	นายสมคิดประมาณกว่า30นาที
22-22777-32.wav	ที่เขามีความโกรธแค้นนายสมคิด
22-22777-33.wav	ตะโกนด่าทอสาปแช่งและอยากให้ประหารนายสมคิด
22-22777-34.wav	และก็มีประชาชนบางส่วนพยายามจะเข้าประชิดตัวทำร้ายนายสมคิดเหมือนเมื่อวานนี้
22-22777-46.wav	ตำรวจใช้เวลาเดินทางจากสภ.กระนวล
22-22777-66.wav	ซึ่งมันไม่ใช่เป็นรถของนางรัศมี
22-22777-68.wav	นายสมคิดเปิดเผยบอกว่าทำให้นางรัศมีโมโหและเข้าใจว่าออกไปหาผู้หญิงอื่น
22-22777-76.wav	นางรัศมีเสียชีวิตแล้วจึงหลบหนี
22-22777-80.wav	แต่นายสมคิดปฏิเสธข้อหานี้
22-22777-98.wav	ตั้งแต่อดีตของนายสมคิดจนถึงปัจจุบัน
22-22778-112.wav	จังหวัดอ่างทองมีนักเสี่ยงโชคมาที่นี่กันเยอะเลยล่ะครับ
22-22782-149.wav	บอกว่าไม่เคยนะไม่เคยเดินทางไปเจรจาจัดตั้งรัฐบาลที่ไหนกับใครทั้งสิ้น
22-22782-81.wav	จะไม่เอาตำแหน่งนายกรัฐมนตรีไปล่อ
22-22782-95.wav	นี่เป็นความคิดเห็นของนายรยุทธ์นะคะ
22-22783-11.wav	ร้านเกมในซอย30กันยาอำเภอเมืองจังหวัดนครราชสีมาครับ
22-22786-11.wav	เดินทางแบบนี้แล้วก็มีป้ายไปด้วยนะฮะเดินไปที่สภ.เมืองนนทบุรี
22-22786-16.wav	ส่วนเหตุผลที่เดินทางมาก็จะมาทวงความยุติธรรม
22-22790-841.wav	อ่าจึงตอบว่ามันมีพื้นที่จริงๆเขาระบุตำบลอำเภอจังหวัดแต่เราไม่อยากไประบุอย่างงั้นนี่ครับ
22-22791-24.wav	ไปเจอศพของนายสมชายเนินทองอายุ50ปี
22-22791-78.wav	นายสมชายขับรถมาที่บ้านแต่ไม่ยอมเข้าบ้าน
22-22793-33.wav	ใช่ครับซึ่งโรงพยาบาลตำรวจก็รับตัวนายทักษิณนะครับ
22-22793-36.wav	แล้วควบคุมร่วมกับตำรวจเพราะว่านายทักษิณถือเป็นนักโทษทางการเมือง
22-22793-41.wav	ที่นายทักษิณกินก็คือข้าวต้มกับไข่เค็ม
22-22794-31.wav	ชื่อว่านายวุฒิชัยอินใจก็ได้
22-22794-37.wav	อยู่ด้วยกันอืมซึ่งก็มีคนสนิทของนายวุฒิชัย
22-22794-39.wav	บอกว่านายวุฒิชัยผู้ต้องหาเนี่ยยิงปืนขึ้นฟ้าจริงแต่ไม่ได้ยิงคนตาย
22-22794-8.wav	วันนี้ก็เดินทางไปร้องขอความเป็นธรรมกันนะครับ
22-22795-33.wav	ทีมข่าวไทยรัฐทีวีถามไปยังนายวรพลสิงห์เขียวพงษ์เป็นกูรูเรื่องรถยนต์นะครับ
22-22795-34.wav	ก็มีรายการวิทยุอยู่ด้วยนะฮะอ่าซึ่งนายวรพลบอกว่า
22-22797-11.wav	เมื่อครอบครัวต้องสูญเสียนายเสรีหรือว่านิกกี้
22-22797-5.wav	พลทหารนายนี้เสียชีวิตแล้วนะครับ
22-22799-0.wav	คุณผู้ชมคะเหตุการณ์นี้ที่จังหวัดบุรีรัมย์ค่ะผู้เป็นแม่บอกเลยว่าหัวใจสลายเลยจริงๆ
22-22799-11.wav	เพราะมีข่าวครูเป็นผู้ต้องหาล่วงละเมิดทางเพศเด็กนักเรียนที่จังหวัดมุกดาหารแล้วถูกไล่ออก
22-22799-20.wav	ขอใช้ว่านางเอ๋เป็นนามสมมุติ
22-22799-21.wav	คุณแม่บอกว่าแม่กับสามีเนี่ยทำงานอยู่ที่จังหวัดสระบุรีให้ลูกสาว2คนคนหนึ่งอายุ18คนหนึ่งอายุ12อยู่กับยายที่อำเภอบ้านด่าน
22-22800-4.wav	เดินทางมาที่ประเทศไทยเพื่อเข้าร่วมพิธีพระราชทานเพลิงศพ
22-22805-26.wav	ผู้บังคับการตำรวจภูธรจังหวัดนครราชสีมา
22-22805-9.wav	จังหวัดนครราชสีมาเป็น10เลยนะ
22-22807-14.wav	อ้างว่าถูกนายตำรวจชั้นผู้ใหญ่ยศพลตำรวจตรี
22-22807-41.wav	แต่เบื้องต้นก็มีข้อมูลของนายตำรวจที่ถูกพาดพิงคนดังกล่าวนี้แล้ว
22-22807-85.wav	ว่ามันลดลงแต่เจ้าของเว็บพนันซึ่งเป็นนายตำรวจยศพลตำรวจตรีไม่เชื่อ
22-22807-89.wav	เขาบอกว่าเป็นนายตำรวจเนื่องจากเคยพบหน้ามา3ครั้ง
22-22808-105.wav	น้องสาวเนี่ยเคยเดินทางมากรุงเทพในวันที่4สิงหาคม
22-22808-106.wav	ตามที่นายตะวันผู้ต้องหากล่าวอ้างที่เขาบอกว่าพอมาอยู่นครศรีธรรมราชด้วยกัน
22-22808-154.wav	เรื่องของค่าใช้จ่ายด้วยแล้วศพของนางสาวพัชราพรเขาก็เสียชีวิตมาหลายวัน
22-22808-155.wav	เดี๋ยวพรุ่งนี้จะมาทำพิธีเก็บกระดูกแล้วก็นำกระดูกเนี่ยกลับไปบ้านที่จังหวัดนนทบุรี
22-22808-18.wav	เสียชีวิตในบ้านพักในพื้นที่หมู่1ตำบลช้างกลางอำเภอช้างกลางจังหวัดนครศรีธรรมราช
22-22808-19.wav	คนที่ก่อเหตุทำร้ายเธอจนเสียชีวิตชื่อว่านายตะวันรักษาวงศ์
22-22808-209.wav	ชอบมองผู้ชายคนอื่นที่เดินผ่านถ่ายรูปคู่กับนายตะวันเอง
22-22808-211.wav	คนในพื้นที่เขาบอกเลยว่านายตะวันขี้หึงมาก
22-22808-21.wav	คือนายตะวันเนี่ยเขาก็อ้างว่าเขาโมโหหลังจากภรรยาเนี่ยบอกว่าไปทำแท้งลูกในท้องมา
22-22808-23.wav	ญาติเนี่ยมาเจอศพของนางสาวพัชราพรเสียชีวิตอยู่ที่ตรงเนี้ยฮะที่พระท่านนั่งอยู่เนี่ยทำพิธีเนี่ย
22-22808-243.wav	ทีนี้ค่ะตัวนายตะวันบอกว่า
22-22808-248.wav	แต่ก็ไม่เจอกลายเป็นว่าเจอศพภรรยาของนายตะวันอยู่บนบ้าน
22-22808-25.wav	ตอนนั้นก็ขึ้นอืดแล้วเพราะว่านายตะวันเนี่ยทำร้ายภรรยาแล้วก็ทิ้งศพเอาไว้หลายวันนะครับ
22-22808-27.wav	ที่บริเวณบันไดบนชั้น2ของบ้านเนี่ยจุดที่นางสาวพัชราพรเสียชีวิตอยู่
22-22808-302.wav	ทีนี้ค่ะนายตะวันก็บอกว่าก็เสียใจกับเหตุการณ์ที่เกิดขึ้น
22-22808-313.wav	คือถ้านายตะวันบอกว่าเอาผมทำร้ายในห้องแล้วก็แค่บาดเจ็บ
22-22808-343.wav	ครอบครัวเนี่ยก็รู้ว่านายตะวันพี่ชายเนี่ย
22-22808-344.wav	พาแฟนคือนางสาวพัชราพรเนี่ยมาอาศัยอยู่ที่บ้าน
22-22808-355.wav	สิงหาคมเนี่ยตอนนั้นตัวเธอตัวแม่ก็คือแม่นายตะวันเนี่ย
22-22808-362.wav	และไม่รู้ว่ากลับมาทำไมเพราะสาเหตุที่ทางฝั่งครอบครัวของนายตะวัน
22-22808-369.wav	ไปเริ่มต้นชีวิตใหม่เถอะอย่าอยู่กับนายตะวันเลยนะ
22-22808-36.wav	แล้วก็หลานสาวของผู้ตายชื่อนางสาวกระหนกวันขับรถมาจากจังหวัดนนทบุรีนะครับท่านผู้ชมครับ
22-22808-38.wav	ขับรถมารับศพนางสาวพัชราพรที่โรงพยาบาลมหาราชนครศรีธรรมราช
22-22808-392.wav	นี่ค่ะคือวันนั้น4สิงหาคมที่ทางบ้านของนายตะวันเข้าไปส่งขึ้นรถไฟเนี่ย
22-22808-395.wav	ด้วยเหตุผลอะไรก็ไม่รู้สุดท้ายก็ถูกนายตะวันทำร้ายอีก
22-22808-398.wav	เราได้คุยกับน้องสาวของนายตะวันอีกคนนึงนะครับ
22-22808-408.wav	นายตะวันเข้าไปกล่าวหาผู้ตายเอาไว้เนี่ย
22-22808-433.wav	ทีมข่าวของเราก็เลยไปคุยกับคุณยายค่ะคุณยายของนายตะวันผู้ต้องหานะคะ
22-22808-449.wav	จังหวัดนครศรีธรรมราชนะฮะ
22-22808-450.wav	ก็เป็นรีสอร์ทที่นายตะวันเนี่ยมาหลบซ่อนตัว
22-22808-456.wav	ผู้ต้องหาเนี่ยคือนายตะวันเนี่ยวันนั้นเขาขี่จักรยานยนต์มาที่รีสอร์ทมาคนเดียว
22-22808-461.wav	นายตะวันบอกขอเปิดห้องต่ออีกหนึ่งคืนแล้วก็เดินออกไปซื้อข้าวข้างนอกห้องนะฮะ
22-22808-464.wav	ช่วงที่นายตะวันพักอยู่ที่นี่เนี่ยไม่เห็นความผิดปกติไม่เห็นพิรุธอะไร
22-22808-468.wav	มีตำรวจนอกเครื่องแบบ2นายขับรถมาที่รีสอร์ทแล้วเข้าไปในห้องที่นายตะวันอยู่นะเข้าไปคุยอะไรกันสักพักนึงแล้วก็คุมตัวนายตะวันขึ้นรถออกไป
22-22808-46.wav	แต่ฝั่งผู้ต้องหานายตะวันหรือว่าในแบทเนี่ยเขาอยู่นครศรีธรรมราช
22-22808-470.wav	นี่ฮะทางขวามือนะครับแล้วก็พานายตะวันเนี่ยขึ้นรถไปนี่ฮะพร้อมกับเอารถจักรยานยนต์ของนายตะวันไปด้วย
22-22808-55.wav	นี่คือนางสาวพัชราพรนะครับ
22-22808-85.wav	นางสาวสุกัญญาพี่สาวของผู้ตายบอกกับทีมข่าวของเรานะครับ
22-22808-86.wav	บอกว่าตั้งแต่น้องสาวมาคบหากับนายตะวันเนี่ย
22-22808-89.wav	พี่สาวบอกว่าพอน้องสาวมาคบหากับนายตะวันนะ
22-22808-95.wav	คือตอนนั้นทางแม่ก็พยายามห้ามปรามนะครับไม่อยากให้มาคบกับนายตะวัน
22-22813-11.wav	ส่วนจังหวัดที่เกิดอุบัติเหตุสูงสุดได้แก่นู่นล่ะครับจังหวัดแหล่งท่องเที่ยวเชียงใหม่แล้วก็นครปฐม
22-22813-12.wav	ส่วนจังหวัดที่มีผู้เสียชีวิตสูงสุดณตอนนี้เป็นกรุงเทพมหานคร
22-22813-14.wav	ขณะที่จังหวัดที่มีคนเจ็บเยอะที่สุดได้แก่นครปฐมนะครับเป็นจังหวัดเดียวกันกับที่เกิดอุบัติเหตุสูงสุด
22-22813-18.wav	ส่วนจังหวัดที่มีผู้บาดเจ็บสะสมสูงสุดยังคงอยู่ที่นครปฐม
22-22814-9.wav	อยู่ที่ตำบลม่วงเตี้ยอำเภอวิเศษชัยชาญจังหวัดอ่างทอง
22-22817-1.wav	เป็นความว่องไวกระฉับกระเฉงและเข้มแข็งของตำรวจค่ะที่จังหวัดสุพรรณบุรี
22-22817-4.wav	กระโดดข้ามกำแพงไปตรงบ้านพักของตำรวจปรากฏว่านายตำรวจที่เป็นเจ้าของบ้านพักตรงนั้นไวกว่าค่ะ
22-22818-12.wav	หรืออยู่ในจังหวัดที่มีการพบผู้ติดเชื้อ
22-22818-48.wav	ก็คือเดินทางมาจากเขตโรคติดต่อนะครับ
22-22818-50.wav	ประกอบอาชีพใกล้ชิดกับผู้ที่เดินทางมา
22-22819-0.wav	คุณผู้ชมค่ะที่จังหวัดชุมพรค่ะมีคนร้ายนะคะ
22-22819-23.wav	ใช้เวลาแค่2นาทีล่าสุดวันนี้ทางรองผู้บังคับการตำรวจภูธรจังหวัดชุมพร
22-22820-2.wav	ให้คุณแม่เขาได้แบบว่าอะไรก่อนแป๊บเดียวอยู่ในระหว่างการเดินทางนี่ไงคุณแม่มาแล้ว
22-22820-328.wav	ใช่คือจริงๆต้องบอกว่านายธานินทร์เนี่ยนะคะคือก่อนหน้านี้ที่เขาไป
22-22820-271.wav	นายธานินทร์คนเนี้ยก็ติดยาเสพติดนี่แหละค่ะ
22-22820-258.wav	นายธานินทร์ไอ้หนุ่มเมายาบ้าเนี่ยค่ะ
22-22820-331.wav	ซึ่งนายธานินทร์เนี่ยอย่างที่บอกเคยทำร้ายไปแล้วตอนนั้นเขาหนีไปอยู่เถียงนา
22-22820-385.wav	เขาตั้งกระทู้สดถามนายกว่า
22-22820-54.wav	แล้วก็ครอบครัวจังหวัดสมุทรสงคราม
22-22820-765.wav	อย่างเช่นสำนักงานพัฒนาสังคมและความมั่นคงของมนุษย์จังหวัดที่ว่าการอำเภอจังหวัด
22-22820-785.wav	ครับผมขอตอบแทนด้วยการแต่งเพลงประจำจังหวัดและส่งเสริมการท่องเที่ยวทั้ง77จังหวัด
22-22821-7.wav	หายออกจากบ้านในตำบลห้วยใหญ่อำเภอบังละมุงจังหวัดชลบุรี21กันยายนที่ผ่านมาครับ
22-22828-15.wav	เหตุการณ์เกิดขึ้น5ทุ่มครึ่งคืนวันอังคารที่ผ่านมาครับที่วัดดงมันอำเภอเมืองจังหวัดสุรินทร์
22-22830-0.wav	มาดูเหตุการณ์ที่คนขับรถบรรทุกพ่วงรับจ้างขนทรายจากจังหวัดสุราษฎร์ธานีนะคะ
22-22830-12.wav	นายสังเวียนให้การว่าได้รับจ้างขับรถบรรทุกไม้ยางพารา
22-22830-13.wav	จากจังหวัดพิษณุโลกไปส่งที่โรงงานทางภาคใต้
22-22830-16.wav	เพื่อนำไปส่งให้กับโรงงานในจังหวัดชุมพร
22-22830-19.wav	และรีบไล่ให้นายสังเวียนขับรถออกไปจากโรงงานโดยเร็ว
22-22830-30.wav	พอนายสังเวียนขับรถมาก็ตักทรายให้ตามปกติ
22-22830-31.wav	พอตักทรายได้ไม่นานนายสังเวียนก็ขับรถออกไป
22-22830-7.wav	หลังพบศพฝังทรายอยู่ในรถมีนายสังเวียนศรีสวยอายุ39ปีคนขับยืนรออยู่
22-22832-35.wav	ขณะนี้แม่ตัดสินใจยื่นฟ้องแพ่งต่อสารตะกัวป่าจังหวัดพังงา
22-22832-3.wav	ลูก4คนทำร้ายทั้งร่างกายและจิตใจไล่แม่ออกจากบ้านจากจังหวัดพังงา
22-22832-8.wav	แล้วลูกชายก็ไล่แม่ออกจากบ้านที่จังหวัดพังงาเหตุเกิด19กรกฎาคมปีที่แล้วครับคุณผู้ชมครับ
22-22833-129.wav	ทีนี้ฮะผู้สื่อข่าวของเราก็เดินทางไปที่บ้านที่เกิดเหตุนี้เหมือนกัน
22-22833-142.wav	ผู้กำกับสอบสวนตำรวจภูธรจังหวัดชุมพรเนี่ยนะ
22-22833-29.wav	แม่ของน้องคือนางอาภาพรนาคลอดอายุ26ปีเล่าแบบนี้ค่ะ
22-22836-0.wav	มีเรื่องมาเตือนภัยนะคะเหตุการณ์นี้เกิดขึ้นที่จังหวัดชลบุรีค่ะ
22-22836-24.wav	สำหรับใครที่เดินทางไปเที่ยวที่เขาสามมุก
22-22836-5.wav	ผู้ชายคนนี้ที่ชี้ให้นักข่าวเราดูชื่อว่านายคริสติน
22-22837-126.wav	นายจรัญหวังกลุ่มอายุ48เป็นญาติของนายวิรัตน์นะครับ
22-22837-18.wav	นายวิรัตน์สืบดาเป็นช่างทำสีอยู่ที่อู่ค่ะ
22-22837-25.wav	มีคนเจ็บอีก2ค่ะนายธนาธรสืบดาอายุ20
22-22837-40.wav	นายพายุสืบปุกอายุ40คนงานในอู่อีกคน
22-22837-67.wav	ก็เลยคิดว่านายวิรัตน์ที่เป็นพี่ชายของอดีตภรรยา
22-22837-68.wav	และนายธนาธรที่เป็นลูกติดของอดีตภรรยา
22-22837-77.wav	หลังจากนั้นนายอิทธิพงศ์ไม่ได้เข้ามาที่อู่อีกเลย
22-22837-106.wav	แต่ที่ตัดสินใจขอเลิกก็เนื่องจากเธอทนพฤติกรรมของนายอิทธิพงศ์ไม่ได้
22-22837-107.wav	เพราะเวลาที่นายอิทธิพงศ์เมาเนี่ย
22-22837-110.wav	ครั้งสุดท้ายคือตอนที่นั่งรถไปด้วยกันนายอิทธิพงศ์ขู่ว่าจะเอามีดแทงเธอ
22-22837-112.wav	จากนั้นเธอจึงตัดสินใจขอเลิกกับนายอิทธิพงศ์แล้วไปทำงานที่กรุงเทพ
22-22837-113.wav	ระหว่างที่ทำงานอยู่ที่กรุงเทพเธอบอกว่าเธอยังติดต่อกับนายอิทธิพงศ์อยู่นะครับ
22-22837-115.wav	แล้วเธอก็ทราบว่านายอิทธิพงศ์เนี่ยตามหาเธอตลอดด้วย
22-22837-129.wav	แม้ที่ผ่านมาทางครอบครัวจะรู้ดีว่านายอิทธิพงศ์เนี่ย
22-22837-133.wav	แต่นายอิทธิพงศ์เนี่ยเวลาเมาแล้วเมาเหล้าเนี่ยชอบขู่คนในบ้าน
22-22837-135.wav	เมื่อวานนี้ก่อนเกิดเหตุนายอิทธิพงศ์ก็เข้ามาที่บ้านนี้นะฮะ
22-22837-138.wav	หากนายอิทธิพงศ์ไม่ถูกยิงในที่เกิดเหตุเนี่ย
22-22837-139.wav	เป็นไปได้ว่านายอิทธิพงศ์อาจจะขับรถกลับมาที่บ้านก็ได้
22-22837-165.wav	ทุกคนให้การสอดคล้องกันว่านายอิทธิพงศ์เนี่ยขับรถกระบะมาแล้วมายิงคนในอู่
22-22837-167.wav	อิทธิพงศ์ก็เสียชีวิตไปเบื้องต้นแจ้งข้อหากับนายพายุ
22-22837-170.wav	อันนี้คือนายอิทธิพงศ์ก็เป็นคนยิงซึ่งเขาก็ถูกยิงเสียชีวิตไปแล้ว
22-22837-36.wav	มีนายวิรัตน์สืบดาอายุ52คนนี้เป็นพี่ภรรยาของนายอิทธิพงศ์
22-22837-37.wav	มีนายธนาธรสืบดาอายุ20เป็นลูกติดของอดีตภรรยานายอิทธิพงศ์
22-22837-47.wav	เขาบอกว่าก่อนจะเกิดเรื่องเนี่ยเขาเห็นนายอิทธิพงศ์เข้ามาจอดรถที่หน้าอู่
22-22837-49.wav	ก่อนจะเดินลงมาจากรถหลังจากนั้นคนในอู่ซ่อมรถก็ออกมาคุยกับนายอิทธิพงศ์
22-22837-52.wav	พอคุยกันเสร็จนายอิทธิพงศ์ก็หันหลังเพื่อจะขึ้นรถกระบะ
22-22837-56.wav	พอยิงเสร็จนายอิทธิพงศ์ก็เดินกลับไปขึ้นรถกระบะ
22-22837-58.wav	หยิบปืนมายิงใส่นายอิทธิพงศ์
22-22837-60.wav	แล้วกระสุนมันก็เข้าขมับซ้ายทะลุขมับขวาของนายอิทธิพงศ์ด้วย
22-22837-65.wav	เขาคิดว่าน่าจะเกิดจากนายอิทธิพงศ์ได้ตามง้ออดีตภรรยาที่เลิกกันไปแล้ว
22-22837-70.wav	ไม่ให้นายอิทธิพงศ์เนี่ยมาพบเจอเพื่อขอคืนดี
22-22837-72.wav	นายอิทธิพงศ์เคยเข้ามาขู่คนในอู่มาแล้ว
22-22837-83.wav	สำหรับนายพายุที่เป็นคนงานในอู่ค่ะ
22-22837-89.wav	แต่นายพายุบอกว่าตอนยิงไม่ได้มีเจตนา
22-22837-90.wav	หรือว่าตั้งใจจะยิงให้โดนนายอิทธิพงศ์จนเสียชีวิต
22-22837-98.wav	แต่นายพายุก็ไม่ได้ตอบอะไรค่ะ
22-22838-14.wav	นายนิโรธพร้อมกับเพื่อนอีก3คนก็มานั่งดื่มสุรากันที่ร้านค้าด้านหน้าอพาร์ทเมนต์
22-22839-34.wav	เดินทางไปพบนายทักษิณที่ฮ่องกง
22-22840-15.wav	นายสัญญาลูกชายคนนี้โทรมาบอกแม่อีกว่า
22-22841-27.wav	ซึ่งจุดหมายปลายทางของเราในวันนี้ก็อยู่ที่อำเภอหัวหินจังหวัดประจวบคีรีขันธ์
22-22841-29.wav	เรียกว่าการเดินทางวันนี้มีอุปสรรคไม่น้อยเลยล่ะค่ะแต่ที่พูดมาทั้งหมดเนี่ยไม่ใช่ปัญหาของนักเล่าเส้นคนเก่งอย่างคุณน็อตเลยนะคะ
22-22841-38.wav	วันนี้นะครับเรากลับมาออนทัวร์กันอีกครั้งที่อำเภอหัวหินจังหวัดประจวบคีรีขันธ์แห่งนี้นะครับผม
22-22846-61.wav	เป็นชาวจังหวัดอุบลราชธานี
22-22847-6.wav	อยู่ที่อำเภอเมืองจังหวัดปทุมธานีนะคะ
22-22848-24.wav	ครูชำนาญการพิเศษโรงเรียนคอนสวรรค์อำเภอคอนสวรรค์จังหวัดชัยภูมิ
22-22848-95.wav	แล้วตระเวนก่อเหตุขโมยของตามจังหวัดต่างๆหลายแห่งมาก
22-22849-280.wav	ทางร้านก็คือนางก็มาทำงานที่ร้านนี้แหละ
22-22849-290.wav	นางก็ต้องรีบตอบเจ้าของไปสิว่า
22-22849-610.wav	ออกไปร้องเพลงนี้คือนางไปเนี่ยก็นางก็เอาเพลงยามเนี่ยไปร้อง
22-22849-690.wav	นางสาวเชียงใหม่เนี่ยงานนี้ร้องจนเธอนั้น
22-22849-76.wav	เจ้าอาวาสวัดพระธาตุดอนเรืองเมืองพงศ์ที่จังหวัดท่าขี้เหล็กประเทศเมียนมาเนี่ย
22-22851-12.wav	หรือว่าชื่อจริงนามสกุลจริงก็คือนายสุวิทย์ทองประเสริฐ
22-22851-190.wav	อำเภอกำแพงแสนจังหวัดนครปฐมเรื่องของสัตว์ป่าเนี่ย
22-22851-231.wav	ที่เป็นเจ้าอาวาสวัดราชูจังหวัดสิงห์บุรี
22-22851-2.wav	นายสุวิทย์ทองประเสริฐอันนี้เป็นชื่อนามสกุลจริงนะครับ
22-22854-15.wav	ตำบลไพรขลาอำเภอชุมพลบุรีจังหวัดสุรินทร์ครับ
22-22854-2.wav	จะพาคุณผู้ชมไปเที่ยวคลายร้อนกันที่ทะเลสาบทุ่งกุลาจังหวัดสุรินทร์นะคะ
22-22854-66.wav	ถือเป็นสถานที่พักผ่อนท่องเที่ยวคลายร้อนได้ดีทีเดียวครับ
22-22857-7.wav	อำเภอบัวใหญ่จังหวัดนครราชสีมา
22-22858-15.wav	นายอมรเดชยืนยันบอกคนก่อเหตุคือนายสรายุทธ์พงตะลุงหรือขวด
22-22858-16.wav	ก่อนเกิดเหตุตนเองกับสรายุทธ์และนางจอยนั่งดื่มเหล้าและเล่นไพ่กันในบ้าน
22-22858-18.wav	ทีแรกก็ไม่มีอะไรกระทั่งจู่ๆนางจอยลุกออกห่างจากสรายุทธ์มานั่งข้างตน
22-22858-21.wav	จึงไปคว้ามีดดาบยาวมาไล่ฟันนายสรายุทธ์จึงถูกสรายุทธ์ใช้มีดปลายแหลมแทงสวน
22-22858-31.wav	มาจับได้ว่านางจอยยังแอบไปมาหาสู่ผัวเก่าบ่อยครั้ง
22-22860-7.wav	รวมถึงการดูแลพี่น้องในจังหวัดภาคใต้
22-22861-10.wav	ผู้ปกครองสามารถพาบุตรหลานมารับคูปองเดินทางฟรีได้ทุกสถานี
22-22862-12.wav	เหตุการณ์เกิดขึ้นที่หมู่บ้านจัดสรรแห่งหนึ่งนะฮะที่อำเภอบางละมุงจังหวัดชลบุรีนะครับ
22-22862-33.wav	ตำรวจติดตามจับกุมคนร้ายได้ก็คือนายสิทธิชัยชันสาอายุ28ปี
22-22865-22.wav	แล้วก็จะมาขโมยไก่ของเขาของนายสุรศักดิ์
22-22865-24.wav	แล้วก็ที่หน้าผากตีจนนายกรศักดิ์ตายค่ะ
22-22865-35.wav	เป็นสถานที่สวดอภิษฐรรมศพของนายกรศักดิ์ที่เสียชีวิตนี่แหละ
22-22865-53.wav	เพราะงั้นไม่เข้าใจเหมือนกันว่าทำไมลูกชายจะต้องไปขโมยไก่ของนายสุรศักดิ์ด้วย
22-22866-190.wav	แล้วก็มีตำรวจ2นายอยู่ในชุดเครื่องแบบด้วย
22-22866-239.wav	ตำรวจท่องเที่ยวทั้ง2นายในคลิป
22-22866-266.wav	ว่าข้อเท็จจริงเป็นยังไงเป็นตำรวจของท่องเที่ยวจริงไหม
22-22866-342.wav	ขณะที่เขาเดินทางไปทำบุญกับเพื่อนสนิทเขา
22-22866-357.wav	นางสาวสรารัตน์หรือว่าแอมเนี่ยมีส่วนเกี่ยวข้องกับการเสียชีวิตของคุณก้อยจริง
22-22866-366.wav	หนึ่งในนั้นเป็นนายตำรวจระดับสารวัตรเลยอะค่ะ
22-22866-453.wav	คือเป็นคนรู้จักกับนางสาวแอมหมดเลยใช่เป็นบุคคลที่เกี่ยวข้องกับวงการตำรวจ
22-22866-462.wav	ถ้าสมมุติเราก็ไม่รู้ความผูกพันความสนิทสนมกับเขามากขนาดไหนมันคือด้วยความที่เขาใช้สายนายอย่างเงี้ฮะ
22-22868-0.wav	ที่จังหวัดชลบุรีมีหนุ่มชาวลาว2คนนะคะ
22-22868-11.wav	โดยนายแดงมีรอยถูกมีดฟันที่ศีรษะ
22-22868-5.wav	กู้ภัยไตรคุณธรรมปฐมพยาบาลบาดแผลเบื้องต้นให้กับนายแดงสัญชาติลาวนะคะ
22-22868-9.wav	จับตัวได้พร้อมมีดอีโต้เล่มใหญ่อยู่ในมือของนายแดงนะคะ
22-22869-119.wav	ล่าสุดค่ะสำนักงานขนส่งจังหวัดปทุมธานี
22-22869-131.wav	ตอนนี้ขนส่งจังหวัดปทุมธานีบอกว่าเดี๋ยวจะเรียกตัวคนที่ครอบครองรถคันดังกล่าว
22-22869-133.wav	ขนส่งจังหวัดปทุมธานีฝากด้วยนะคะแล้วก็จะบอกว่า
22-22869-143.wav	ก็ต้องไปตรวจสอบขนส่งจังหวัดปทุมธานีเป็นหน้าที่ของท่านนะคะ
22-22869-37.wav	มกราคมที่ผ่านมาหญิงสาวรายนี้นั่งรถทัวร์มาจากจังหวัดศรีสะเกษ
22-22873-13.wav	เดินทางมาที่สถาบันนิติวิทยาศาสตร์โรงพยาบาลธรรมศาสตร์เฉลิมพระเกียรติ
22-22873-71.wav	นี่เดินทางมาถึงเหมือนกันยืนยันว่าไม่มีความขัดแย้งระหว่างองค์กร
22-22873-8.wav	แล้ว11โมงก็มีบุคคลสำคัญค่อยทยอยเดินทางมา
22-22875-30.wav	และนี่จึงเป็นที่มาของลำไยผลไม้ขึ้นชื่อประจำจังหวัดลำพูนและมีชื่อเสียงโด่งดังในระดับประเทศอีกด้วย
22-22876-17.wav	จากการสอบสวนทราบว่าก่อนเกิดเหตุนายทรงยศกำลังขับรถกลับบ้านที่วัฒนานคร
22-22876-24.wav	ครอบครัวก็เดินทางไปรับศพนายทรงยศท่ามกลางความโศกเศร้านะคะ
22-22876-3.wav	ตำรวจสภ.วัฒนานครจังหวัดสระแก้วได้รับแจ้งอุบัติเหตุ
22-22879-20.wav	โตอลังการมากมากเลยนะคะซึ่งทางนายกอบต.บึงถวายนะคะ
22-22881-18.wav	แต่จู่ๆวันเกิดเหตุนายอามได้ทักหมวย
22-22881-27.wav	โดยที่ไม่รู้เหมือนกันว่านายอาร์มฝ่ายชายปลีกตัวไปไหน
22-22881-32.wav	แฟนสาวของนายอาร์มแสดงว่าอาร์มอะมีแฟนอยู่แล้ว
22-22881-53.wav	เนี่ยปรากฏว่าโฟนที่เป็นแฟนสาวของนายอาร์มเนี่ย
22-22881-66.wav	เดินทางไปแจ้งความที่สน.เตาปูน
22-22881-7.wav	ร้องเรียนออกมาว่าเธอถูกผู้ชายที่ชื่อว่านายอาร์มเนี่ย
22-22881-9.wav	หลอกให้แฟนสาวของนายอาร์มกับพวกรุมทำร้าย
22-22882-16.wav	ทางจังหวัดก็เลยต้องมีมาตรการเข้มข้นในเรื่องนี้
22-22882-19.wav	คนที่เดินทางมาจากพื้นที่เสี่ยงไม่ว่าจะเป็นต่างประเทศ
22-22882-20.wav	หรือจังหวัดที่เป็นพื้นที่ควบคุมสูงสุดต้องรายงานตัวนะคะ
22-22884-13.wav	ระหว่างเดินทางกลับวันที่7พฤษภาคมเนี่ย
22-22884-30.wav	แล้วก็ให้ลอตเตอรี่ไป10ใบให้กับนายมนตรี
22-22886-145.wav	ตามไปหาอีกหนึ่งเจ๊นะคะเจ๊พัดนางพัชริดาพรมตาวันนี้ไม่ได้ไปขายลอตเตอรี่ค่ะ
22-22886-152.wav	เดินทางไปยื่นคำร้องขอถอนตัวการเป็นทนายความ
22-22886-35.wav	จะเป็นนายแผนคนที่เห็น
22-22886-49.wav	ที่บอกว่าจะมีการออกหมายเรียกนางกุ้งที่เป็นเจ้าหน้าที่ศาลหรือไม่นั้น
22-22886-51.wav	ทีนี้การออกหมายเรียกครูปรีชาแล้วก็นางรัตนาพร
22-22886-62.wav	คือนางสาวพัชริดาหรือว่าเจ๊พัด
22-22888-10.wav	สำนักงานพัฒนาสังคมและความมั่นคงของมนุษย์จังหวัดฉะเชิงเทรา
22-22888-27.wav	วันนี้เนี่ยเจ้าหน้าที่บ้านพักเด็กและครอบครัวจังหวัดฉะเชิงเทราบอกว่ารับตัวเด็กมาแล้วค่ะ
22-22888-4.wav	วันนี้นางสาวสุนันทาแก้วเมืองเพชรพลเมืองดี
22-22889-6.wav	ก็ต้องไปควบคุมตัวผู้หญิงคนนี้ครับนี่ค่ะนางสาวน้ำเพชรอายุ27เป็นนามสมมุตินะคะ
22-22889-8.wav	ส่วนเจ้าของห้องคือนายยศศิริแพงเวียงจันทร์อายุ
22-22890-18.wav	ทีมข่าวลงพื้นที่ไปพูดคุยกับนางสาววิการดานะคะเจ้าของร้านชำผู้เสียหาย
22-22891-34.wav	ในการชุมนุม44จังหวัด
22-22892-116.wav	ทั้ง4คนได้ช่วยกันลากนางสาวนิภาพรออกมาจากข้างรถนะฮะ
22-22892-118.wav	แล้วก็ไหม้มาทางนางสาวนิภาพรด้วย
22-22892-119.wav	เหตุผลที่ต้องลากก็เพราะว่านางสาวนิภาพรบาดเจ็บที่ขานะฮะ
22-22892-43.wav	อีก2คนนะครับก็คือนายอมรเทพมีมาก
22-22894-39.wav	ทีมข่าวก็เลยเดินทางไปยังวัดที่ปรากฏในคลิป
22-22894-40.wav	พร้อมกับผู้อำนวยการสำนักงานพระพุทธศาสนาจังหวัดกำแพงเพชร
22-22895-0.wav	ท่านผู้ชมครับคดีที่ภรรยาของนายโกศลเรืองดุกหรือว่าเสี่ยตุ้มหรือเสี่ยโกศล
22-22895-21.wav	หลังก่อเหตุยิงนายโกศลเสียชีวิตได้เอาศพมาฝังที่นี่จริงๆ
22-22895-5.wav	สอบปากคำอยู่6ชั่วโมงสุดท้ายนายเนสสารภาพว่าเป็นคนเอาศพนายโกศลที่ถูกยิงเสียชีวิต
22-22895-8.wav	ตำรวจก็เลยนำในเนสเนี่ยไปชี้จุดฝังศพนายโกศลนะฮะจุดที่พาไปชี้เนี่ย
22-22897-12.wav	กล่าวถึงการอำนวยความสะดวกประชาชนที่ต้องการเดินทางมาแสดงความอาลัย
22-22897-8.wav	จะมีการหารือถึงการอำนวยความสะดวกให้กับประชาชนที่จะเดินทางมาแสดงความอาลัยพระบรมศพ
22-22898-0.wav	กลับมาช่วงนี้นะคะพาคุณผู้ชมไปที่อำเภอแม่แจ่มจังหวัดเชียงใหม่
22-22898-12.wav	ผู้เสียชีวิตนะคะก็คือนายสุกกาวินานอายุ79ปีเป็นพ่อของผู้ก่อเหตุ
22-22898-13.wav	ห่างออกไปสักประมาณ100เมตรไปพบอีกศพหนึ่งก็คือนายอภิชาติ
22-22898-17.wav	เป็นลูกชายของผู้ตายก็คือนายสุก
22-22898-23.wav	พร้อมกับถือมีดมาด้วยนะคะเข้ามาหาคนที่เป็นพ่อก็คือนายสุก
22-22898-29.wav	ผู้ก่อเหตุเข้าไปล็อกคอนะคะใช้มีดปาดคอนายอภิชาติ
22-22898-35.wav	นายคำสุดท้ายตัดสินใจลงมาแล้วก็
22-22898-49.wav	นี่คือเหตุสลดที่เกิดขึ้นที่จังหวัดเชียงใหม่ช่วงเช้าที่ผ่านมานะคะ
22-22899-11.wav	สุดท้ายหมอปลาบุกไปถึงบ้านที่จังหวัดระยองเลยค่ะ
22-22900-11.wav	เป็นโรงเรียนแห่งหนึ่งที่จังหวัดนนทบุรีนะครับ
22-22901-10.wav	บริเวณสถานีโทรคมนาคมเขาชะเมาจังหวัดระยอง
22-22901-17.wav	สถานีขนย้ายเขาชะเมากองทัพอากาศอำเภอแก่งหางแมวจังหวัดจันทบุรี
22-22901-27.wav	ดารินหอวัฒนกุลทีมข่าวไทยรัฐทีวีรายงานจากจังหวัดระยองค่ะ
22-22901-8.wav	ซึ่งทั้ง3นายค่ะเสียชีวิตจากอุบัติเหตุเฮลิคอปเตอร์ตก
22-22904-579.wav	วันนั้นเดินทางไปกองทัพไทยก็คือเราเอาเอกสารพวกเนี้ย
22-22906-227.wav	ต่างจังหวัดยังไม่เหมือนเดิมเลยบางจังหวัดมีสส.เพิ่มขึ้น
22-22906-228.wav	จังหวัดสส.เหลือคนเดียวด้วยซ้ำไปบางจังหวัดก็สส.น้อยลง
22-22906-398.wav	โดยไปจับกุมได้ที่บ้านพักในจังหวัดเชียงใหม่ค่ะ
22-22906-580.wav	ขณะที่ในคอมเมนต์ก็บอกว่าเห็นหลายจังหวัดนะ
22-22906-602.wav	เสียงนางน่ารักเนาะรักมากเลย
22-22906-62.wav	ก็คืออำเภอเฉลิมพระเกียรติจังหวัดสระบุรี
22-22906-631.wav	จากการสอบถามนายสมชาติเขาให้การ
22-22906-66.wav	ท่าวาสุกรีจังหวัดพระนครศรีอยุธยา
22-22906-68.wav	ยางซ้ายจังหวัดสุโขทัย
22-22906-801.wav	โอเคพักสักครู่เดี๋ยวช่วงหน้ากลับมาคุยเรื่องน้องนายหน่อยเดี๋ยวกลับมาฮะ
22-22906-836.wav	แล้วหลังจากนั้นก็เป็นรูปมือของนายเนี่ย
22-22907-0.wav	จังหวัดร้อยเอ็ดก็เตรียมที่จะนำเสนอโมเดลร้อยเอ็ด
22-22907-17.wav	นำคุณค่าศักยภาพของจังหวัดที่มีอยู่
22-22907-22.wav	พัฒนาจังหวัดให้เป็นพื้นที่เป้าหมายการท่องเที่ยวสามเหลี่ยม
22-22907-24.wav	เชื่อมโยงการท่องเที่ยวภายในจังหวัด
22-22907-5.wav	โดยจะนำคุณค่าศักยภาพของจังหวัดที่มีอยู่
22-22907-8.wav	เตรียมที่จะลงพื้นที่ไปที่จังหวัดร้อยเอ็ด
22-22908-13.wav	ตรวจสอบไปยังผู้ที่โพสต์คลิปนี้คือนายขวัญชัยคล้ายสมบูรณ์เป็นเจ้าหน้าที่เทศกิจเมืองพัทยาเป็นผู้อยู่ในเหตุการณ์
22-22909-122.wav	ก็สามารถเดินทางมาได้จนถึงในเวลาเที่ยงคืนค่ะ
22-22910-2.wav	ระหว่างที่กำลังเดินทางไปถ่ายทำเนี่ยนะคะอยู่ที่จังหวัดเชียงใหม่คือจะเดินทางไปที่เชียงใหม่นะ
22-22910-5.wav	ต้องค่ะสาเหตุก็คาดว่าน่าจะมาจากแก๊สรั่วนะคะโดยทางทีมดูแลนักแสดงที่อยู่ในเหตุการณ์เนี่ยเล่าให้กับทีมข่าวบันเทิงไทยรัฐของเราฟังบอกว่าเดินทางมาจากกรุงเทพค่ะ
22-22912-107.wav	นางจำเป็นไข่แก้วอายุ83เป็นแม่ค้าในตลาด
22-22914-107.wav	ดังนั้นนักท่องเที่ยวประชาชนที่อยู่ในบริเวณนางกล่าว
22-22914-22.wav	โดยเฉพาะบริเวณตั้งแต่จังหวัดสุราษฎร์ธานีเรื่อยยาวลงไป
22-22914-24.wav	ดังนั้นสุดสัปดาห์นี้ใครที่จะไปท่องเที่ยวทะเลในฝั่งอ่าวไทย
22-22914-39.wav	โดยเฉพาะในบริเวณจังหวัดจันทบุรีจังหวัดตราดจังหวัดระยอง
22-22914-48.wav	ในบริเวณจังหวัดสตูลไล่ยาวลงไปจนถึงบริเวณจังหวัดยะลา
22-22914-83.wav	ต่ำสุดวันนี้อยู่ที่บริเวณพื้นที่จังหวัดเลย
22-22916-10.wav	ส่วนนายพิพัฒน์นั้นถูกอาวุธมีดแทงทะลุปอดขวาตับแล้วก็เส้นเลือดแดงใหญ่
22-22919-0.wav	คุณผู้ชมค่ะช่วงนี้มาดูความพร้อมของกกต.ในแต่ละจังหวัดกันบ้างนะคะว่าสำหรับวันพรุ่งนี้
22-22919-101.wav	ซึ่งทั้งจังหวัดก็มี1075หน่วยค่ะ
22-22919-106.wav	ปีนี้หน่วยออกเสียงนอกเขตจังหวัดลพบุรีเป็นหนึ่งในจังหวัดนำร่อง
22-22919-107.wav	ในการใช้เครื่องอ่านบัตรประชาชนอิเล็กทรอนิกส์ในหน่วยออกเสียงนอกเขตจังหวัดค่ะ
22-22919-110.wav	วันพรุ่งนี้ทุกหน่วยออกเสียงจะมีตำรวจ1นายประจำหน่วยพร้อมหน่วยเคลื่อนที่เร็วทั้ง11อำเภอเพื่อดูแลความปลอดภัยค่ะ
22-22919-114.wav	ในพื้นที่จังหวัดลพบุรีได้ทางไทยรัฐทีวีค่ะ
22-22919-119.wav	ไปดูที่จังหวัดสุราษฎร์ธานีกันหน่อยค่ะ
22-22919-134.wav	โดยที่นี่จะใช้หีบบัตรเป็นกล่องพลาสติกเหมือนกันทั่วทั้งจังหวัดนะครับ
22-22919-145.wav	โดยเบื้องต้นมีบรรยายงานแล้วนะครับว่านายสุเทพนั้นจะเดินทาง
22-22919-14.wav	ขณะที่นายเกรียงไกรพานดอกไม้ผู้อำนวยการการเลือกตั้งประจำจังหวัดเชียงใหม่
22-22919-15.wav	ได้ตรวจสอบความเรียบร้อยการจัดเตรียมสถานที่หน่วยออกเสียงนอกเขตจังหวัด
22-22919-17.wav	ส่วนหีบบัตรออกเสียงของจังหวัดเชียงใหม่นะคะยังคงใช้เป็นกล่องกระดาษ
22-22919-27.wav	อย่างไรก็ตามนะคะทางผู้อำนวยการการเลือกตั้งประจำจังหวัดเชียงใหม่
22-22919-33.wav	พร้อมที่จะให้ประชาชนนั้นเดินทางมาใช้สิทธิ์ออกเสียงประชามติในวันพรุ่งนี้ค่ะ
22-22919-47.wav	จัดอยู่ที่ศาลาผูกเสี่ยวหน้าศาลากลางจังหวัด
22-22919-5.wav	บรรยากาศวันสุดท้ายก่อนถึงวันออกเสียงประชามติที่จังหวัดเชียงใหม่นะคะ
22-22919-60.wav	ทั้ง2600หน่วยในจังหวัดขอนแก่น
22-22919-76.wav	จังหวัดขอนแก่นนั้นถือได้ว่าเป็นจังหวัดที่น่าจับตามองนะครับ
22-22919-84.wav	ขอบคุณครับนี่เป็น2จังหวัดแรกนะครับ
22-22919-91.wav	ผู้สื่อข่าวไทยรัฐทีวีรายงานมาจากจังหวัดลพบุรีค่ะ
22-22919-93.wav	ในพื้นที่จังหวัดลพบุรีตลอดทั้งวันที่ผ่านมาคึกคักเลยทีเดียวค่ะ
22-22920-11.wav	ก็มีคณะหมอลำชื่อดังทั้งในจังหวัดขอนแก่น8คณะ
22-22922-48.wav	สามารถเดินทางมาเลือกซื้อได้ที่ตลาดใหม่เยาวราชแห่งนี้นะคะ
22-22922-5.wav	มีประชาชนคนไทยเชื้อสายจีนจำนวนมากนะคะที่เดินทางมาจับจ่ายซื้อของ
22-22925-51.wav	ขณะเดียวกันทีมงานก็ไปเจอกับชาวบ้านอีกคนนึงนางสมปอง
22-22930-48.wav	บอกว่านี่นายเอ็งอยู่นี่
22-22930-36.wav	สุนัขคู่ใจเนี่ยมันก็รักนายมันน่ะนะ
22-22934-0.wav	ไปที่จังหวัดเลย
22-22934-2.wav	ทีนี้ไปเลยจริงแล้วนะคุณผู้ชมนะที่จังหวัดเลยนะครับเดี๋ยวจะพาไปเที่ยวที่
22-22934-47.wav	ไปไปกันได้นะครับที่อุทยานแห่งชาติภูกระดึงจังหวัดเลย
22-22934-48.wav	พูดถึงภูกระดึงจังหวัดเลยเนี่ย
22-22934-4.wav	นี่ครับไม่ต้องไปถึงเมืองนอกนะที่เลยครับจังหวัดเลยนะฮะที่ภูกระดึงครับ
22-22934-7.wav	ของจังหวัดเลยซึ่งแต่ละปีก็จะมีนักท่องเที่ยวมาสัมผัสอากาศที่หนาวเย็นเดินชมป่าธรรมชาติอย่างหนาแน่นเลยทีเดียว
22-22938-26.wav	ตำบลปากน้ำอำเภอเมืองจังหวัดกระบี่นะครับ
22-22938-51.wav	ชื่อนายนิคมแย้มสวัสดิ์อายุ52ปีนะครับ
22-22938-53.wav	นายนิคมคือพี่เขยของนางสาวสุนีย์อายุ23
22-22938-55.wav	นี่ฮะคนนี้นายนิคมเขาเล่าบอกว่าก่อนเกิดเหตุเขากำลังขี่รถ
22-22938-65.wav	นายนิคมเขาอ้างว่าอย่างนี้นะพอเขากลับมาที่บ้านเนี่ยเขาก็ดื่มเหล้า
22-22938-68.wav	แต่ตรงนี้ก็แปลกนะนายนิคมอะไรอ่ะปล่อยให้เมียกับน้องเมีย
22-22940-11.wav	มีคนเจ็บจำนวนมากครับหลังรับแจ้งก็ตำรวจสภ.เมืองภูเก็ตพร้อมกับกู้ชีพกู้ภัยเดินทางไปช่วยเหลือเหตุการณ์ในครั้งนี้
22-22940-31.wav	ซึ่งรับท่องเที่ยวรัสเซียมาเต็มลำออกไป
22-22942-15.wav	วันนี้ผู้สื่อข่าวของเราลงพื้นที่ไปเนี่ยศพของตั้มเนี่ยนะฮะหรือว่านายดำรงวิเศษศักดิ์
22-22943-16.wav	มารอต่อแถวเข้าร่วมพิธีอาบน้ำเพ็ญที่วัดพระยาญาติในตำบลบางช้างอำเภออำภาวาจังหวัดสมุทรสงครามค่ะ
22-22943-24.wav	ทีนี้เช่นเดียวกันกับในพื้นที่บริเวณอ่างเก็บน้ำทุ่งภูเขาทองที่จังหวัดพระนครศรีอยุธยานะครับ
22-22944-20.wav	หากมีหลักฐานชิ้นนี้นายอัจฉริยะบอกว่าสามารถตรวจหาดีเอ็นเอ
22-22944-22.wav	และหากพบก็จะยืนยันได้ว่านายออฟทำการข่มขืนจริงก่อนฆ่า
22-22944-79.wav	มีการกำชับให้กองบังคับการตำรวจจังหวัดพระนครศรีอยุธยา
22-22948-103.wav	ผู้ตายคือนายสว่างสินก็คือหลานชายของเธอ
22-22948-14.wav	คือนายสว่างสินเนี่ยเขาเคยใช้ที่ดินของครอบครัวนะ
22-22948-22.wav	พอนายสว่างสินเห็นนะครับก็เลยไปถามบอกมาทำอย่างนี้ได้ยังไง
22-22948-29.wav	ทำให้นายสว่างสินเสียชีวิตคาที่เลยนะฮะอ่า
22-22948-4.wav	อยู่ที่ใต้สะพานบ้านยางชุมหมู่6ตำบลกลัดหลวงอำเภอท่ายางจังหวัดเพชรชบุรีนะครับ
22-22948-6.wav	ชื่อนายสว่างสินธานีไกรชื่อเล่นชื่อจ้องอายุ38ปี
22-22948-73.wav	ยืนยันว่าที่ผ่านมาสามีเธอคือนายสว่างสินไม่เคยหาเรื่องใครมาก่อน
22-22950-14.wav	แล้วคนก่อเหตุคือนายอานนท์ประเสริฐอุทัยศรี
22-22950-23.wav	ก็คือนายยุทธนานั่งอยู่กัน2คนนี่แหละ
22-22950-29.wav	แล้วฝากฝั่งนายยุทธนาก็นั่งหันหน้าเข้าหาร้าน
22-22950-55.wav	ก็คือนางสุภาวดีประเสริฐอุทัยศรีพาสามีมาเลย
22-22950-60.wav	แจ้งข้อหากับนายอานนท์ก็คือฆ่าผู้อื่นโดยเจตนา
22-22950-77.wav	แต่ฝั่งนายยุทธนาเนี่ยก็มีการขี่มอเตอร์ไซค์กลับบ้านไปแป๊บนึง
22-22950-88.wav	ก่อนจะนำตัวนายอานนท์ไปฝากขังศาลอาญาจังหวัดพระนครศรีอยุธยา
22-22951-4.wav	เมื่อช่วงเที่ยงที่ผ่านมานายอนุทินชาญวีรกูลรองนายกรัฐมนตรี
22-22953-5.wav	ในพื้นที่อำเภอคงจังหวัดนครราชสีมานะคะบาดเจ็บเล็กน้อยก็ยืนยิ้มได้นะคะ
22-22957-1145.wav	ส่วนมากจะเดินทางไปพักผ่อนไปท่องเที่ยว
22-22957-1158.wav	และที่สำคัญคือใครที่กำลังเดินทางทั้งไปและกลับ
22-22957-300.wav	จะรู้สึกอินเป็นพิเศษอืมกับผีนางรำใช่ใช่พี่จะกลัวผีนางรำมากเพราะเขาจะมีความน่ากลัว
22-22957-304.wav	นะครับเป็นการปรากฏตัวของผีนางรำแบบใหม่มากค่ะคือเป็นเหมือนกับเอ่อ
22-22957-834.wav	เรื่องของช่างนะครับที่เขาไปทำบ้านแล้วปรากฏว่าไปเจอผีนางรำ
22-22957-837.wav	หลังจากนั้นมารู้อีกทีนึงว่าบ้านหลังนี้นอกจากมีเจ้าที่มีนางรำแล้วนะ
22-22957-842.wav	เป็นนางรำเป็นเจ้าที่เนี่ยที่มาไล่ผีตัวนี้ออกไป
22-22957-854.wav	เป็นพี่นางรำขึ้นมาในลักษณะที่
22-22957-871.wav	กลัวผีไอ้เจียมนี่ก็กลัวกลัวนางรำก็กลัว
22-22961-16.wav	หลังจากที่เขาบอกว่าเขาทราบแถลงการณ์ของนายกรัฐมนตรี
22-22961-36.wav	นี่เป็นสิ่งที่นายอานนท์นำพาเนี่ย
22-22961-6.wav	ทีนี้ในฝากฝั่งของกลุ่มผู้ชุมนุมโดยเฉพาะแกนนำอย่างนายอานนท์นำพาเนี่ย
22-22962-16.wav	คือจะมีการเข้ารายงานตัวของนายสิบตำรวจกองบัญชาการตำรวจนครบาล
22-22964-11.wav	แล้วก็ได้พบพระอาจารย์ชั้นผู้ใหญ่ในระดับจังหวัดเลยเข้ามาตรวจสอบพอดี
22-22964-1.wav	เจ้าอาวาสแห่งหนึ่งนะจังหวัดสุโขทัยนั่งสูบกัญชาในกุฏิ
22-22965-100.wav	ว่าการเดินทางจะไปยื่นข้อเรียกร้องเนี่ยก็ต้องการยื่นอย่างสันติวิธีนะครับ
22-22965-133.wav	แล้วเดี๋ยวก็คงจะเดินทางกลับไปที่ตรงกลุ่มผู้ชุมนุมที่อยู่
22-22971-179.wav	มีการเดินทางโดยรถยนต์รถไฟสัญจรทางเรือได้
22-22973-10.wav	มีนายเพชรกิจอายุ26ปีนะผมสีทองนะครับ
22-22973-19.wav	แล้วยังมีช่วงที่ตำรวจเนี่ยกำลังคุมตัวนายเพชรกิจขึ้นรถ
22-22975-10.wav	โดยนายสมบัติโหมดขาวปลัดอำเภอภูเขียว
22-22975-11.wav	ได้สอบปากคำนายนิกรจันสว่างหรืออดีตพระนิกร
22-22976-45.wav	ไม่ว่าจะเป็นจังหวัดแม่ฮ่องสอนเชียงรายพะเยาลำปางพิษณุโลก
22-22976-48.wav	ส่วนบริเวณพื้นที่ภาคกลางนั้นจังหวัดนครสวรรค์อุทัยธานี
22-22976-54.wav	รวมไปถึงในจังหวัดตากจังหวัดกาญจนบุรีพื้นที่เหล่านี้เอง
22-22978-19.wav	และนางวีรยาอายุ41ปี
22-22980-1.wav	ที่จังหวัดศรีสะเกษนะคะมีผู้ชายคนหนึ่งก่อเหตุค่ะ
22-22983-10.wav	อำเภอเชียงของจังหวัดเชียงราย
22-22983-18.wav	ถ้าหากใครแวะเวียนไปเที่ยวที่จังหวัดเจียงรายนะจ๊ะ
22-22991-33.wav	รวมถึงยังมีนายมาร์คเป็นพี่ของน้องเมย์
22-22993-24.wav	และนายธีรพัฒน์แขกรำอายุ17
22-22993-2.wav	มีกลุ่มวัยรุ่นในจังหวัดบุรีรัมย์กว่า20คนนะคะ
22-22993-30.wav	นายประกอบเนียมประโคนอายุ40แล้วไม่ใช่วัยรุ่นแล้วค่ะ
22-22993-31.wav	นายอนุภาพเนียมประโคนอายุ20
22-22993-45.wav	โดยนายอนุภาพที่เป็นหลานเนี่ยนะคะบอกว่าอีกฝ่ายยิงปืนใส่ก่อนค่ะ
22-22993-72.wav	ส่วนคนเป็นน้านะคะนายประกอบอายุ40ก็บอกว่า
22-22998-15.wav	หมูย่างอยู่ริมถนนตรังพัทลุงนะคะอยู่ที่อำเภอเมืองจังหวัดตรัง
23-23001-22.wav	อำเภอหาดใหญ่จังหวัดสงขลา
23-23003-6.wav	ไปจับกุมนายอำเภอแม่วงที่จังหวัดนครสวรรค์เพราะมีชาวบ้านร้องเรียนว่า
23-23004-15.wav	เป็นที่นาอยู่ห่างจากบ้านของนางตุ๋มคนเจ็บแค่300เมตร
23-23004-50.wav	แล้วก็บอกว่าที่ผ่านมาอยู่กินกับนางตุ๋มมาหลายปี
23-23004-66.wav	ไปคุยกับนายนัทธพงศ์อายุ30ปี
23-23004-67.wav	เป็นหลานชายของนางตุ๋มคนเจ็บอะค่ะ
23-23007-27.wav	ซึ่งเชื่อว่ากรณีแบบนี้มีอยู่ทุกจังหวัด
23-23007-41.wav	บอกว่าตอนนี้นายกฤษฎาบุญราชปลัดกระทรวงมหาดไทย
23-23008-13.wav	สำหรับทีมฟุตบอลทีมชาติไทยนะครับจะเดินทางกลับกรุงเทพในวันพรุ่งนี้
23-23008-14.wav	และเดินทางไปประเทศเมียนมาในวันที่1ธันวาคมโดยมีโปรแกรมในรอบรองชนะเลิศกับรายการนี้นะครับ
23-23008-1.wav	เพื่อที่จะเตรียมพร้อมสำหรับสถานการณ์ต่างๆก่อนที่จะเดินทางกลับมากรุงเทพ
23-23008-2.wav	เพื่อที่จะเดินทางไปยังเมียนมาในวันที่1ธันวาคมและมีเกมที่จะเจอกับทีมชาติเมียนมาในวันที่4ธันวาคมครับ
23-23008-9.wav	และอาจจะมีการลงทีมก่อนเดินทางกลับครับ
23-23010-114.wav	แล้วนายอภิรักษ์นี่ต้องบอกว่าเขาวางแผนมานานมากนะพี่
23-23010-798.wav	แต่รูปเนี้ยตัวเองเห็นเนี่ยอาจจะแบบว่าทันทันยุคนางพอดี
23-23013-56.wav	นางสาวจำเนียนและนายเผชิญสองสามีภรรยา
23-23014-10.wav	ตำรวจจับได้เลยนะคะเขาหนีไปเข้าป่าที่จังหวัดขอนแก่นเนี่ยค่ะ
23-23014-19.wav	อำเภอหนองกรุงศรีจังหวัดกาฬสินธุ์ซัก6โมงเช้าของวันนี้นะคะ
23-23014-21.wav	จับตัวนายกัญญาพร้อมอาวุธปืนเป็นปืนแก๊ปยาวไทยประดิษฐ์
23-23014-32.wav	นายกัญญาซึ่งเป็นอดีตสามีของนางดวงใช้ปืนแก๊ปยาวไทยประดิษฐ์ซุ่ม
23-23014-37.wav	นายกัญญาก็วิ่งถือปืนหนีเข้าไปในป่าค่ะตัวอดีตภรรยาก็บอกว่าสาเหตุที่นายกัญญามาก่อเหตุเนี่ยนะ
23-23014-38.wav	ก็น่าจะเป็นเรื่องหนี้สิน3แสนบาทเพราะว่าตอนที่ยังอยู่กินกันกับนายกัญญา
23-23014-39.wav	เอาโฉนดที่ดินไปจำนองเอาไว้กับธนาคารจน3ปีที่แล้วเธอตัดสินใจเลิกกับนายกัญญา
23-23014-42.wav	เธอบอกเธอรับผิดชอบแต่นายกัญญาบอกว่า
23-23014-49.wav	นายกัญญากลับมามาก่อเหตุยิงเลยนะคะ
23-23014-50.wav	เธอก็เลยคิดว่านายกัญญาน่าจะเตรียมการวางแผนมาเป็นอย่างดี
23-23014-52.wav	เธอก็กลัวเพราะว่ารู้นิสัยของอดีตสามีนายกัญญา
23-23014-62.wav	จะรับหนี้ทั้ง3แสนแต่ไม่ให้นายกัญญารับเลย
23-23014-74.wav	กระโดดพุ่งเข้าไปนะชกเข้าไปที่หน้านายกัญญาเลยอ่ะ
23-23014-80.wav	ตำรวจนำตัวนายกัญญาไปทำแผนเป็นจุดซุ่มยิงนะครับ
23-23014-82.wav	นายกัญญาได้ใช้ปืนทาบบนเหล็กแล้วก็ยิงจากตรงนี้แบบนี้ฮะ
23-23014-84.wav	เป็นจุดในป่าหลังก่อเหตุแล้วนายกัญญาวิ่งหนีเข้าไป
23-23014-89.wav	ตั้งแต่เขายังอยู่กินกับนางดวงอันนี้นายกัญญาอ้างอย่างนี้นะ
23-23015-0.wav	จังหวัดราชบุรีกับการที่มีคนใจร้ายไปวางยาเบื่อหมาแมวตายถึง13ตัว
23-23016-25.wav	ซึ่งคู่กรณีก็คือนางสาวเดียร์อายุ28ปี
23-23018-1.wav	เขาบอกนับล้านตัวมันบุกเข้าไปในวัดสตูลสันตยารามที่จังหวัดสตูล
23-23018-22.wav	ทางด้านเจ้าหน้าที่เกษตรจังหวัดสตูลแล้วก็เทศบาลเมืองสตูล
23-23019-10.wav	นี่โทรแจ้งตำรวจไป5นายให้มาระงับเหตุสรุปตำรวจโดนอาร์ตฟันหัวไป
23-23024-147.wav	ก็คือลุงเหนอกับนายแก้วทะเลาะกัน
23-23024-35.wav	ปรากฏว่าไปคุมตัวลุงเหนอได้ที่ธัญบุรีในจังหวัดปทุมธานี
23-23024-39.wav	เจ้าตัวสารภาพก่อเหตุจริงแล้วอ้างว่าผู้ตายคือนายแก้วกิน
23-23024-68.wav	ไว้แบบนี้ไม่มีใครคิดนะครับว่าเรื่องราวมันจะเดินทางมาถึง
23-23024-81.wav	ขอโทษครอบครัวของนายแก้วด้วยคนบ้านเดียวกัน
23-23025-145.wav	แล้วก็แจ้งประชาชนเมื่อเดินทางไปลงทะเบียนปุ๊บ
23-23025-193.wav	หรือว่าเดี๋ยววันไหนจะมาก็แจ้งไว้แล้วก็เดินทางกลับไปฉีดได้
23-23025-345.wav	เป็นหนึ่งในแรงงานไทยชาวจังหวัดบุรีรัมย์ไปถูกสะเก็ดระเบิดนะครับ
23-23025-384.wav	เนี่ยเป็นคนบอกมาแบบนี้นะฮะขณะที่อีกท่านนึงนะครับนาง
23-23028-44.wav	ขาเข้ากรุงเทพตำบลชะอำอำเภอชะอำจังหวัดเพชรบุรี
23-23028-60.wav	ทีนี้ผู้บังคับการตำรวจภูธรจังหวัดเพชรบุรี
23-23029-16.wav	บอกว่าหลังจากเกิดเหตุก็ได้เดินทางไปแจ้งความ
23-23030-18.wav	มันเป็นสัตว์ที่ไม่มีทิศทางในการเดินทาง
23-23033-113.wav	เดินตรงไปที่บ้านของนายจรวดอีกคนจะเป็นชายสูงวัย
23-23033-117.wav	หรือว่านายสิทธิเดชแล้วทีนี้จริงๆแล้วตัวทางด้านของนายสมชายพ่อเนี่ย
23-23035-15.wav	ซึ่งนายวราวุฒิศิลปอาชารัฐมนตรีว่าการกระทรวงทรัพยากรธรรมชาติและสิ่งแวดล้อม
23-23036-1.wav	เพราะว่าเป็นวัดดังที่จังหวัดเชียงใหม่นะคะ
23-23039-5.wav	ประชาชนก็เดินทางกันไปไม่ขาดสายเลยนะคะ
23-23040-15.wav	ผู้กำกับการสภ.บ้านโป่งจังหวัดราชบุรี
23-23040-48.wav	จากนั้นอ้างว่าเดินทางกลับกรุงเทพ
23-23040-9.wav	ขณะเดียวกันดาวก็มีความสัมพันธ์ซ้อนกับตำรวจราชบุรีนายหนึ่ง
23-23042-104.wav	สมมุติว่าที่จังหวัดนั้นจังหวัดนี้
23-23042-97.wav	จังหวัดนั้นจังหวัดนี้แต่ละเรื่อง
23-23052-9.wav	อยากจะให้ดูเจ้าตัวเหล็กไหลนี้ที่จังหวัดพิษณุโลกครับ
23-23053-71.wav	อย่างไรตามข่าวนี้ถือว่าเป็นสีสันการขายรถยนต์มือ2ในจังหวัดระยองนะ
23-23055-13.wav	นายบุญเลิศคงเลิศอายุ40ปี
23-23055-19.wav	ผู้ก่อเหตุก็คือพ่อครับนายฤทธิคงเลิศอายุ72
23-23055-30.wav	นางสุนครปฐมชื่อนะครับชื่อนางสุนครปฐม
23-23057-47.wav	เราเดินทางมาไกลขนาดนี้จะไม่หยุดเดินกลางคันจนกว่าจะถึงเส้นชัย
23-23059-7.wav	ในพื้นที่อำเภอป่าบอนจังหวัดพัทลุง
23-23061-14.wav	ที่ห้องพักในอำเภอหาดใหญ่จังหวัดสงขลา
23-23061-1.wav	ได้ที่อำเภอจะนะจังหวัดสงขลานะครับ
23-23061-7.wav	จากการสอบสวนทราบว่านางบุหลันมีประวัติโอนเงินค่ายาเสพติด
23-23062-177.wav	นี่แหละครับคุณผู้ชมฮะพาคุณผู้ชมไปส่องนกยูงป่าอย่างใกล้ชิดเลยที่วัดถ้ำเทพนิมิตรบ้านห้วยต้นตุ้มที่ตำบลห้วยลานอำเภอดอกคำใต้จังหวัดพะเยานะครับ
23-23062-192.wav	นี่ครับคุณผู้ชมฮะที่จังหวัดแพร่นะครับนี่กำลังคึกคักเพราะว่าช่วงลมหนาวเริ่มมาเยือนแบบนี้
23-23062-1.wav	ว่าจะเดินทางท่องเที่ยวที่ไหน
23-23062-9.wav	ที่อำเภอเมืองจังหวัดนครราชสีมา
23-23064-14.wav	ง่ายมากเลยนะคะสำหรับใครที่ยังไม่ได้เดินทางมาเลือกตั้งค่ะ
23-23065-24.wav	เบื้องต้นผู้เสียหายเองเขาก็เดินทางไปแจ้งความกับตำรวจ
23-23066-16.wav	จังหวัดราชบุรีนะฮะชาวเน็ตเขาดูกันแล้วคลิปนี้โอ้โหวิจารณ์กันยับทีเดียว
23-23066-21.wav	นะครับล่าสุดนักข่าวเราไปถามนายสมพงศ์เทียนชัยเกิดสินเป็นนักวิชาการขนส่ง
23-23066-25.wav	แล้วให้ทุกคนนั้นนำรถไปตรวจสอบที่สำนักงานขนส่งจังหวัดทันที
23-23069-15.wav	นายเจริญศักดิ์บุญช่วยอายุ39น่าจะเมาอะค่ะพี่อุ๋ยคุณผู้ชมค่ะ
23-23070-126.wav	ซึ่ง2นายตำรวจพูดตรงกันว่า
23-23070-166.wav	รวมทั้งตำรวจ4นายระดับรองผู้กำกับการ
23-23070-17.wav	โดยมีนายตำรวจชั้นผู้ใหญ่เป็นคนกลาง
23-23070-184.wav	ผู้บังคับการตำรวจภูธรจังหวัดกาญจนบุรี
23-23070-22.wav	มีตำรวจร่วมขบวนการ5นาย
23-23070-65.wav	เดินทางไปสาบานที่ศาลหลักเมือง
23-23070-72.wav	ต่อมานายอัจฉริยะเรืองรัตนพงศ์
23-23070-75.wav	ให้ย้ายผู้บังคับการตำรวจภูธรจังหวัดกาญจนบุรี
23-23070-90.wav	ซึ่งเป็นวันเดียวกับนายอัจฉริยะเรืองรัตนพงศ์
23-23075-18.wav	ที่อำเภอเมืองจังหวัดกำแพงเพชรอืม
23-23076-6.wav	ตอนนี้คำสั่งของแต่ละจังหวัดก็ยังคงครอบคลุม
23-23077-205.wav	ถือว่าเสียลูกน้องไปทั้ง2นายเลย
23-23077-249.wav	คือเป็นนายตำรวจนายหนึ่งที่โทรคุยกับนักข่าว
23-23078-0.wav	คุณผู้ชมคะมาดูเหตุการณ์นี้ค่ะเกิดขึ้นที่จังหวัดนครศรีธรรมราชนะคะมีผู้ชาย
23-23078-13.wav	เขาเจ็บสาหัสเลยนะคะอืมนายบิลลี่บอกว่าก่อนเกิดเหตุ
23-23078-14.wav	ซ้อนท้ายรถจักรยานยนต์ของนายทวีศักดิ์คนเจ็บซึ่งเป็นเพื่อนบ้านกัน
23-23078-16.wav	เพราะว่านายทวีศักดิ์นำรถจักรยานยนต์ของพ่อตัวเองไปจำนำแล้วไม่ยอมผ่อน
23-23078-31.wav	ทีนี้ไปดูอาการคนถูกแทงกันหน่อยนะคะนายทวีศักดิ์ผู้บาดเจ็บ
23-23078-38.wav	เมืองต้นตำรวจก็ต้องแจ้งข้อหานายบิลลี่นะคะ
23-23080-21.wav	หลังจากเลิกงานเนี่ยก็คงจะเดินทางกลับบ้านอยู่ที่โคกไทยนั่นแหละ
23-23081-149.wav	แล้วก็นายสนองพี่ชายเสี่ยเต้ยเปิดเผยบอกว่า
23-23084-57.wav	นายกิตติพงศ์อายุ29ปีแรงงานไทยในอิสราเอล
23-23084-58.wav	ในขณะที่คุณแม่ของนายคมกริจครับคุณแม่พรทิพย์เป็นห่วงลูกชายมาก
23-23084-69.wav	คือนายมณีจิรชาติคนกลางลูกศรสีเหลืองชี้อยู่ตรงนั้น
23-23084-6.wav	คนที่2นายอนุชาอ่างแก้วชาวอุดรธานี
23-23084-70.wav	หรือว่านายลักกี้อายุ29เป็นชาวบ้านดุงอุดรครับ
23-23085-52.wav	ส่วนทางด้านผู้ว่าราชการจังหวัดกาญจนบุรีนะคะนายจีรเกียรติภูมิสวัสดิ์
23-23087-31.wav	แต่ทีนี้นายล่วงก็ไม่ได้ไปพูดคุยกับคุณตาสมบูรณ์นะครับ
23-23087-81.wav	นายสมบูรณ์คุณตาสมบูรณ์กันอีกครั้งหนึ่งนะครับ
23-23090-11.wav	เป็นหลักค่ะนายประจักษ์บุญยังผู้ว่าการตรวจเงินแผ่นดิน
23-23090-15.wav	กระทรวงมหาดไทยก็เลยมีหนังสือเวียนถึงผู้ว่าราชการจังหวัดทุกจังหวัดค่ะ
23-23090-9.wav	มีการส่งหนังสือเวียนถึงผู้ว่าราชการทุกจังหวัดเลย
23-23092-37.wav	และร่วมกันเดินทางสู่เส้นชัยแห่งความสำเร็จ
23-23094-26.wav	แฟนสาวของนายขวัญชัยผู้ตายเล่าบอกว่า
23-23094-4.wav	ตำบลหันตะเภาอำเภอวังน้อยจังหวัดพระนครศรีอยุธยา
23-23098-108.wav	แล้วก็ฝากไปถึงประชาชนว่าเดินทางกลับจากภูมิลำเนาหลังสงกรานต์
23-23098-135.wav	วันนี้ที่เดินทางมาเที่ยวถนนข้าวสารเพราะว่าเมื่อวานนี้
23-23098-36.wav	แล้วก็ตำรวจสน.ชนะสงครามด้วยวันนี้70กว่านายนะฮะ
23-23098-70.wav	มาเป็นร้อยกว่านายเลยนะคะพี่อุ๋ยแล้วก็มีการคุมเข้มมีจุดคัดกรองนี่มีแผงเหล็กมากั้น
23-23102-0.wav	ที่จังหวัดเพชรบุรีมีหนุ่มใหญ่นะคะมีอาชีพรับเหมาก่อสร้าง
23-23102-15.wav	คนที่เดินทางมาจากสมุทรสาครจะเข้าพื้นที่ประจวบคีรีขัน
23-23102-4.wav	ปฐมพยาบาลนายกู้เกียรติกำเนิดสูงอายุ46ปีนะคะเป็นชาวจังหวัดชัยนาทค่ะ
23-23105-7.wav	ที่สำคัญใครไม่ได้เดินทางไปไหนอยู่หน้าจอส่งข้อความไลน์มานะ
23-23106-118.wav	นี่ครับเราพาคุณผู้ชมไปที่จังหวัดตากนะฮะ
23-23106-123.wav	แต่คราวนี้มาอยู่ที่จังหวัดตากแล้วเขากลายเป็นหินนะคุณ
23-23106-63.wav	พาไปดูงานนี้ที่จังหวัดเลยฮะ
23-23106-66.wav	เพราะงานครั้งนี้ชื่อว่างานท่องเที่ยวเทศบาลเมืองเลย
23-23106-76.wav	วิถีชุมชนและกระตุ้นเศรษฐกิจและสร้างอาชีพของจังหวัดเลยเขานะฮะ
23-23106-82.wav	เพราะจังหวัดเลยขึ้นชื่อเรื่องของอะไร
23-23109-7.wav	เกิดได้ยังไงคะเนี่ยวัดแห่งหนึ่งอยู่ที่จังหวัดนนทบุรีนะคะ
23-23110-408.wav	เรื่องของเรื่องที่นางเริ่มทะเลาะกันเขาก็บอกว่านางแบบว่าชอบไปเที่ยว
23-23110-409.wav	อะไรอย่างเงี้ยเอ่อเหมือนนางก็นางบอกวิธีการทำบุญของนางคือไปตามเวทีหมอลำ
23-23110-475.wav	เดินทางไปร่วมงานด้วยเพื่อหวังส่งวิญญาณของเต้ย
23-23110-531.wav	แล้วก็เขาบอกให้ไปสังเกตที่เลขบ้านเลขที่บ้านของนาง
23-23113-4.wav	ที่บ้านหลังเนี้ยบ้านเลขที่84หมู่7ตำบลบ้านพร้าวอำเภอป่าพยอมจังหวัดพัทลุง
23-23114-34.wav	ผู้เสียชีวิตคือนางสาวนิภาอายุ32ตั้งท้อง4เดือน
23-23117-54.wav	เบื้องต้นตำรวจแจ้งข้อหานายทองหล่อฐานลักทรัพย์ในเคหาสถานในเวลากลางคืน
23-23119-23.wav	ถนนประสานมิตรที่จังหวัดสุโขทัย
23-23119-40.wav	ประจำอำเภอสวรรคโลกจังหวัดสุโขทัยเนี่ยนะฮะ
23-23120-3.wav	ขณะที่ภาคกลางต้องเฝ้าระวังฝนตกหนักในทุกจังหวัดนะคะส่วนภาคใต้ในระยะนี้ก็มีหลายจังหวัดเช่นเดียวกันกับภาคตะวันออกค่ะ
23-23122-13.wav	ปรากฏว่าถูกนายประดิษฐ์หรือว่านายเป้
23-23124-20.wav	กรมป่าไม้แจ้งความเอาผิดนางสมพรจึงรุ่งเรืองกิจ
23-23124-21.wav	แม่ของนายธนาธรจึงรุ่งเรืองกิจ
23-23126-29.wav	ตำรวจก็ต้องระดมกำลังกันเป็น10นายเลยอ่ะตามล่าตัวนายเปิ้ลคนนี้
23-23126-67.wav	แล้วก็โดนจำคุกที่จังหวัดตรัง
23-23127-8.wav	ในจังหวัดพะเยาถึง170ของพื้นที่
23-23128-135.wav	มีพระสงฆ์3รูปนะคะเดินทางมาจากจังหวัดสุรินทร์
23-23128-137.wav	คือต่างคนที่เดินทางไปเขามีความประสงค์เดียวกันคือ
23-23128-247.wav	พ่อคือนายอนามัยกับน้องสะดิ้งลูกสาวเนี่ยวันนี้ป่วยด้วยนะฮะ
23-23128-249.wav	ก็อาจจะเรื่องการเดินทางด้วยอะไรด้วยนะครับท่านผู้ชมครับส่วนแตนเนี่ยเขาเป็นน้องชายของคุณแม่น้องชมพู่
23-23128-373.wav	แต่ถ้าเมื่อวานี้ถ้าท่านจำได้นะครับมีหนึ่งในผู้ต้องสงสัยที่ชื่อนายสมคิต
23-23128-381.wav	วันนี้เราไปถามนายชัยพลวิภาลุงเขยของน้องชมพู่นะฮะที่เราเรียกว่าลุงพลเนี่ยนะครับ
23-23128-384.wav	ไปคุยเจรจาไปไกลเกลี่ยกับนายสมคิดที่บ้านของผู้ใหญ่บ้านลุงพลชี้แจงว่าเขาไม่เคยเอ่ยถึงชื่อนายสมคิดสักคำเดียวเลยนะ
23-23128-385.wav	เวลาให้สัมภาษณ์สื่อที่ไหนก็แล้วแต่นายสมคิดกับญาติเนี่ยไปได้ยินคำพูดที่ชาวบ้านเขาพูดกันแบบ
23-23128-430.wav	ชื่อว่านายสมบัติอวนวังเขาเป็นหนึ่งในชาวบ้านที่ขึ้นไปช่วยตามหาน้องชมพู่
23-23128-472.wav	คนแรกคือนายสมคิดนะครับบ้านอยู่ห่างจากจุดเกิดเหตุ
23-23128-479.wav	คนที่3ชื่อนายเฉลิมบ้านอยู่ห่างบ้านน้องชมพู่220เมตร
23-23128-488.wav	นายสมบัตินี่เป็นคนที่5นะฮะเป็นหนึ่งในผู้ต้องสงสัย
23-23128-574.wav	ในบ้านลุงคล้ายก็มีหลายคนมีนายเฉลิมมีลูกนายเฉลิมมีเมียผู้ใหญ่บ้าน
23-23128-700.wav	ร่างทรงคนนี้ชื่อว่าหมอลักษณ์ร่างทรงตาทิพย์มาจากในพื้นที่จังหวัดมุกดาหารนี่แหละ
23-23131-25.wav	ก็แปลสิ่งที่นายมาเชลพูดบอกว่าอีก1เรื่อง
23-23132-29.wav	อันนี้คือที่โรงเรียนนครวิทยาคมค่ะที่จังหวัดเชียงราย
23-23133-104.wav	จุดที่พบศพนั้นอยู่บริเวณกลางสวนยางพาราของนายเกรียงวุฒิวันทอง
23-23133-386.wav	ประธานกรรมการสงเคราะห์เด็กและเยาวชนจังหวัดศรีสะเกษเปิด
23-23133-423.wav	มีตัวเดียวเหรออืมมีเมียไหมหรือมีผัวไหมนี่น่าจะมีนะแต่นางออกมา
23-23133-528.wav	เป็นคนที่ชื่อว่านายสมชาติ
23-23135-132.wav	ซึ่ง1ในคนที่เดินทางมาจากอุบลราชธานี
23-23135-162.wav	น้าของน้องชมพู่เนี่ยทั้งหมดเดินทางไปที่วัดภูถ้ำพระ
23-23135-163.wav	จังหวัดร้อยเอ็ดเหมือนกันนะครับไปต่างจังหวัดเหมือนกัน
23-23135-91.wav	จะเดินทางไปค้นหาความจริงแล้วก็จะเกาะคดีนี้แบบไม่ปล่อยแน่นอน
23-23136-12.wav	เพราะว่าเจ้าตัวเนี่ยเดินทางกลับถึงไทยแล้วคุณผู้ชม
23-23139-13.wav	การเดินทางไปประกวดนางงามจักรวาลปีนี้ค่ะแอนบอกว่าเธอพร้อมมากค่ะพี่
23-23139-40.wav	จึงเลือกสวมชุดนี้ในวันเดินทางค่ะ
23-23144-81.wav	แต่ว่าส่งตัวไปโรงพยาบาลธัญลักษณ์จังหวัดปทุมธานีก่อน
23-23145-10.wav	ใกล้เคียงกับจังหวัดขออภัยค่ะใกล้เคียงกับวัดไตรมิตรวรารามจังหวัดสมุทรปราการ
23-23145-25.wav	สถานีตำรวจภูธรพระสมุทรเจดีย์จังหวัดสมุทรปราการ
23-23146-10.wav	ประเด็นเรื่องของจังหวัดยะลา
23-23146-137.wav	โดยเฉพาะจังหวัดยะลาในเรื่องของความปลอดภัยนั้น
23-23146-144.wav	เล่นดนตรีที่3จังหวัดชายแดนภาคใต้เลย
23-23146-25.wav	ซึ่งในเนื้อหาบางตอนได้กล่าวถึงการเดินทางไปเที่ยวจังหวัดยะลา
23-23146-39.wav	เกี่ยวกับการประสบการณ์ในการท่องเที่ยวในพื้นที่จังหวัดยะลานะครับ
23-23146-49.wav	3จังหวัดชายแดนภาคใต้โดยเฉพาะจังหวัดยะลา
23-23146-57.wav	พร้อมให้ขอโทษชาวจังหวัดยะลาบอกว่า
23-23146-66.wav	ครับผมคิดว่าพี่น้องจังหวัดชาวยะลาก็คงเข้าใจครับ
23-23146-98.wav	ล่าสุดนายอุดรน้อยทับทิมรองผู้ว่าราชการจังหวัดยะลา
23-23147-10.wav	ก็คือครอบครัวของนางสาวนิด
23-23147-15.wav	ไม่สะดวกเดินทางมาเพราะอยู่ต่างจังหวัดนะครับ
23-23147-9.wav	ซึ่งวันนี้เดินทางมา5ครอบครัวนะครับ
23-23148-15.wav	เขาบอกว่าไม่ได้มีจุดเดียวนะคะอาจจะมีหลายจังหวัดด้วยกันค่ะ
23-23150-49.wav	ก็ยังมีซุปตาสาวแต้วนัทพรที่เดินทางไปใช้สิทธิย่านบางเขน
23-23151-31.wav	นางบุญกองเลิศคอนศาล
23-23151-35.wav	นางสาววันเพ็ญโคจำนงซึ่งเป็นแม่ค้าขายส้มโอนะครับ
23-23151-53.wav	แล้วปรากฏว่านางสาววันเพ็ญแม่ค้าส้มโอ
23-23151-55.wav	เอามีดไปแทงเลยนะฮะแทงนางบุญกอง
23-23155-35.wav	เป็นจังหวัดที่มีสถาบันการศึกษาเยอะด้วยเหมือนกัน
23-23156-0.wav	คุณผู้ชมส่วนคดีของแอมนางสาวแอมเนี่ย
23-23156-16.wav	แฟนหนุ่มของแอมที่เสียชีวิตรายที่12ที่จังหวัดอุดรธานีเนี่ย
23-23157-13.wav	จุดนี้แหละนะคะคือศาลพระภูมิที่อยู่บ้านขามตาเบ้าตำบลกระสังจังหวัดบุรีรัมย์
23-23158-36.wav	นายปรีดีดาวฉายประธานสมาคมธนาคารไทย
23-23162-243.wav	เป็นของนางรำแก้บน
23-23162-261.wav	อ่าลุงพลบอกว่าเป็นนางรำอยู่แถวศาลแม่ตะเคียนแถวบ้านนะครับ
23-23162-62.wav	ก็อย่างที่บอกว่าทางสาธารณสุขจังหวัดมุกดาหารเขามีกำหนดกฎเกณฑ์อยู่แล้ว
23-23162-78.wav	แต่ว่าใครที่มาจาก5จังหวัดเนี่ยจะไปไหนถ้าตามประกาศที่เราได้ยินกันมาคือต้องขอใบอนุญาตใช่ไหม
23-23162-81.wav	แต่มุกดาหารเนี่ยทางจังหวัดมุกดาหารเขามีประกาศเป็นมาตรการมาก่อนหน้านี้
23-23162-82.wav	แล้วว่าถ้าใครมาจาก5จังหวัดสีแดงเนี่ยคุณมาถึงคุณต้องกักตัว14วัน
23-23162-83.wav	ใช่ค่ะมาตรการในลักษณะนี้เนี่ยก็ขึ้นอยู่กับผู้ว่าราชการจังหวัดในแต่ละจังหวัดเป็นการกำ
23-23163-28.wav	อำเภอดงหลวงจังหวัดมุกดาหาร
23-23164-8.wav	ชาวจังหวัดร้อยเอ็ดเขาประสบอุบัติเหตุ
23-23165-124.wav	ไปพบแฟนหนุ่มกับเพื่อนชาวอังกฤษที่เดินทางมาฟูลมูลปาร์ตี้อยู่ที่นั่น
23-23168-13.wav	คือระดับที่ฝุ่นปานกลางมีทั้งหมด8จังหวัดค่ะ
23-23168-14.wav	จังหวัดที่อยู่ในเกณฑ์สีเขียวปลอดภัยจากฝุ่นจิ๋ว
23-23168-16.wav	และจังหวัดในกลุ่มสีฟ้าหมายถึงอากาศที่ไร้ฝุ่นจิ๋วเลยนะคะ
23-23168-17.wav	มีเพียง2จังหวัดเท่านั้นคือพัทลุงแล้วก็สงขลาค่ะ
23-23168-5.wav	ปริมาณของฝุ่นละอองรายจังหวัดนะคะในช่วงเวลา17:00น.ของวันนี้
23-23076-8.wav	ดังนั้นแต่ละจังหวัดเขาอาจจะมีคำสั่งซ้อนออกมาก็ได้
23-23077-109.wav	ใช้เวลาเดินทาง35นาทีพอตี4:51น.คุณผู้ชม
23-23168-6.wav	พบว่ามีหลายจังหวัดค่ะที่มีค่าฝุ่นเกินมาตรฐานรวมแล้วกว่า63จังหวัด
23-23168-7.wav	และจังหวัดที่มีค่าฝุ่นเฉลี่ยเกินมาตรฐานในระดับสีแดงอันตรายต่อสุขภาพ
23-23173-7.wav	ชาวบ้านในตำบลศรีพรานอำเภอแสวงหาจังหวัดอ่างทอง
23-23181-107.wav	ในจังหวัดปราจีนบุรีเนี่ยนะครับ
23-23185-187.wav	แล้วก็เดินทางกลับจากต่างประเทศเข้าสถานกักกันโรคอีก2รายด้วยกัน
23-23185-235.wav	นางบอกอย่างนี้หนูปรึกษาทนายแล้วค่ะ2ข้อหาเรียกค่าเสียหายได้
23-23185-252.wav	นางก็บอกว่าความจริงนางไม่คิดว่าจะดังระดับประเทศหรอกยื่นฟ้องไปแล้วก็รอศาลตัดสินคดีว่าจะเอายังไง
23-23185-273.wav	ที่จะไม่ให้เดินทางไปถึงขั้นนี้นะคะ
23-23185-305.wav	เพราะว่าสาวจะได้รู้ว่านายตำรวจท่านนี้สมรสแล้วค่ะ
23-23185-339.wav	ต่อมาทางเจ้าหน้าที่ตำรวจเองก็สามารถจับกลุ่มตัวนางสาวพลอยไพริน
23-23185-455.wav	เพราะตัวเขาบอกว่าเขาก็อยู่อีกจังหวัดหนึ่ง
23-23185-599.wav	ก็คือจริงๆเมื่อก่อนนางทำราตรีสโมสรก่อนมาเปลี่ยนเป็นสามแซ่บนี่แหละ
23-23187-37.wav	เพื่อเดินทางกลับไปที่พักของตนเองนะคะ
23-23190-3.wav	งานนี้คุณอาเสรีถึงกับกุมขมับเลยนะคะเครียดมากจนไปวัดที่จังหวัดนครนายก
23-23191-16.wav	ชื่อว่านายปริญญาเพชรจีนพะเนาว์ชื่อเล่นชื่อเปี๊ยกอายุ37ปี
23-23191-17.wav	เป็นพี่ชายของคนที่ท่านเห็นคนแรกก็คือนายวิเชียรนะครับ
23-23191-26.wav	ปริญญาคนยิงนี้พี่ชายคนกลางส่วนนายวิเชียรเนี่ยคนเล็กนะครับ
23-23191-30.wav	จังหวัดบุรีรัมย์ในปอถูกยิงไป2นัดเลยนะฮะ
23-23191-34.wav	ส่วนนายปริญญาที่ยิงเขาเนี่ยตอนนี้ยังหนีอยู่นะครับหนีไปพร้อมกับปืนที่ใช้ก่อเหตุ
23-23191-48.wav	ส่วนน้องชายคือนายปอหรือนายวิเชียรนะครับหยิบมีดขึ้นมานะมีดที่พี่ชายทิ้งเอาไว้นั่นแหละ
23-23191-52.wav	สุดท้ายแล้วฝ่ายของนายปริญญาที่หนีไปก่อนเนี่ยที่ไปเนี่ยคือไปเอาปืนมาที่บ้านนะฮะ
23-23192-34.wav	เป็นหนุ่มหน้าตาดีวัย26ปีนะครับจากจังหวัดร้อยเอ็ด
23-23194-0.wav	ท่านผู้ชมครับที่อ่างทองเนี่ยไปดูภาพของผู้ปกครองกับนักเรียนถือป้ายขับไล่ครูผู้หญิงคนหนึ่งของโรงเรียนแห่งหนึ่งนะฮะที่อำเภอแสวงหาจังหวัดอ่างทอง
23-23197-11.wav	ในพื้นที่อำเภอหาดใหญ่จังหวัดสงขลาตัวพ่อเนี่ยบอกว่าลูกสาวหนีออกจากบ้านไป
23-23197-12.wav	ตอนแรกเนี่ยบ้านอยู่ในพื้นที่อำเภอกุยบุรีจังหวัดประจวบคีรีขันธ์นะคะ
23-23197-13.wav	ออกจากบ้านไปช่วงเดือนพฤศจิกายนปีที่แล้วมารู้ข่าวว่าลูกสาวไปอยู่กับนางสาวใหม่
23-23197-14.wav	อำเภอหาดใหญ่จังหวัดสงขลาต่อมาค่ะนางสาวปุ้ยติดต่อมาบอกว่า
23-23197-16.wav	แล้วก็บอกกับนางสาวปุ้ยคนเนี้ยว่าให้รีบพาลูกมาเจอที่กรุงเทพฯ
23-23197-17.wav	นางสาวปุ้ยก็คือคนที่มากับพ่อที่กองปราบค่ะครับตัวลูกสาวเนี่ยนะคะ
23-23197-22.wav	นายเบ้นนายสมรและนายเหน่ง
23-23197-62.wav	ตำรวจก็เลยนำตัวพ่อนำตัวนางสาวปุ้ยไปชี้จุดเกิดเหตุในแคมป์คนงานนะคะ
23-23197-66.wav	คือนางสาวปุ้ยคนเนี้ยเขาพาน้องคนเนี้ยมาอยู่ในแคมป์คนงานด้วยกันน้องผู้เสียหายนะคะ
23-23197-70.wav	นางสาวปุ้ยที่มีศักดิ์เป็นพี่สาวของผู้เสียหายเขาบอกว่าเขาถามนายตั้มนะ
23-23197-86.wav	นายรณณรงค์ก็เลยบอกว่าคดีนี้หลังจากไปร้องที่กองปราบเอาไว้นะคะ
23-23198-27.wav	ขณะที่นายสิทธิชัยศักดาผู้ว่าราชการจังหวัดนราธิวาส
23-23198-3.wav	ทำให้ตอนนี้ในพื้นที่3จังหวัดชายแดนภาคใต้
23-23198-46.wav	เหตุการณ์ครูเซะ3จังหวัดภาคใต้
23-23203-0.wav	จังหวัดสุรินทร์ร่วมด้วยช่วยการสร้างบ้านให้เด็กหญิงผู้ยากไร้วัย12ปี
23-23203-7.wav	เดินทางไปเยี่ยมบ้านของนักเรียนที่อยู่ในความดูแล
23-23204-45.wav	ขณะที่นายภูมิธรรมเวชยชัย
23-23207-2.wav	แล้วต้องบอกว่าด้วยความสวยของนางและความสามารถของนางในตอนนี้บอกเลยว่า
23-23209-0.wav	มีแม่ที่จังหวัดบุรีรัมย์คนหนึ่ง
23-23209-8.wav	จังหวัดบุรีรัมย์ให้ดำเนินคดีกับนายวิรัตน์พุ่มพวง
23-23212-19.wav	พร้อมกับระดมนักจิตวิทยาจากจังหวัดใกล้เคียงนะคะไม่ว่าจะเป็นอุดรฯ
23-23212-7.wav	และช่วยเหลือทางกฎหมายและการบังคับคดีจังหวัดหนองบัวลําภูนะครับ
23-23213-3.wav	จังหวัดนครราชสีมาที่เป็นภูมิปัญญาจากคนรุ่นปู่ย่าตายาย
23-23214-122.wav	และรองนายกรัฐมนตรีก็มีการโพสต์เปิดเผยด้วย
23-23214-53.wav	คือสิ่งที่นายสาธิตปิตุเตชะเอามาโพสต์ต่อ
23-23214-59.wav	การปรับระดับสีจังหวัดคุณ
23-23214-92.wav	แล้วก็มีผู้ช่วยอีก2นายในการดูแล
23-23219-10.wav	หลังก่อเหตุคนร้ายหนีกลับประเทศไทยกลับบ้านที่จังหวัดเชียงใหม่ฮะ
23-23219-15.wav	เพื่อขอให้ตำรวจติดตามจับกุมนายสันติคนร้ายที่ฆ่าน้องสาวกับครอบครัว
23-23219-17.wav	ใหม่หนองบัวอำเภอไชยปราการจังหวัดเชียงใหม่นะครับ
23-23219-36.wav	ช่วงบ่ายที่ผ่านมาครับทีมข่าวไปที่บ้านของนายสันติ
23-23227-110.wav	ส่วนกรณีที่ประชาชนส่งแรงใจมอบเงินช่วยเหลือเข้าบัญชีธนาคารที่ทางจังหวัด
23-23227-116.wav	จากนี้นายจุติก็มองไปถึงเรื่องของ
23-23228-0.wav	ที่จังหวัดเชียงใหม่ค่ะคุณผู้ชมแฟนคู่หนึ่ง
23-23229-14.wav	คนที่ตำบลบางเสร่ที่สัตหีบจังหวัดชลบุรีเขาไม่สบายใจหรอก
23-23229-34.wav	ไม่ใช่แค่คุณตั้มชัยวัดยังมีประธานกลุ่มวิสาหกิจชุมชนเรือท่องเที่ยวและกีฬาบางเสร่ค่ะ
23-23229-42.wav	ผมไม่รู้ว่ากลุ่มไหนนะแต่ว่าถ้าเป็นท่องเที่ยวชุมชนเนี่ย
23-23230-38.wav	ในพื้นที่อำเภอคลองลานจังหวัดกำแพงเพชร
23-23230-95.wav	วังนาคินอำเภอบ้านดุงจังหวัดอุดรธานี
23-23231-1.wav	ใครที่จะวางแผนท่องเที่ยวเดินทางตั้งแต่บริเวณทางตอนบนไปจนถึงตอนล่างมา
23-23235-20.wav	ใช่เขาแข่งกันที่จังหวัดสตูลไงเป็นงานเทศกาลงานข้าวโพดหวาน
23-23240-18.wav	นี่เป็นช่วงเวลาที่นายสมบัติสัญชาติกัมพูชาค่ะ
23-23241-11.wav	บ้านหนองบัวตำบลนาดีอำเภอหนองแสงจังหวัดอุดรธานีนะคะ
23-23241-12.wav	นายอภิชาติเอาปืนเป็นปืนแก๊ปไทยประดิษฐ์ค่ะ
23-23241-15.wav	อายุจะต่างกันแบบนี้นะคะแต่ว่านายอภิชาติคนก่อเหตุเนี่ย
23-23241-68.wav	นางสาวพรนิภาอายุ23ปีนะคะ
23-23241-82.wav	นางสาวพรนิภาบอกว่าเสียใจมากนะคะสามีเธอต้องมาเสียชีวิตด้วยน้ำมือของพี่ชายเธอ
23-23241-84.wav	ฟังเสียงนางสาวพรนิภาดูค่ะ
23-23242-157.wav	แล้วจะสงกรานต์แล้วด้วยคนจะเดินทางกันเยอะนะครับ
23-23244-13.wav	กรณีที่นายอัจฉริยะแถลงข่าวการเสียชีวิตของคุณแตงโม
23-23247-83.wav	จะเดินทางไปที่โรงพักบ้านโป่งราชบุรี
23-23249-9.wav	บ้านหนองบัวเงินหมู่5ตำบลอ่างทองจังหวัดเชียงคำ
23-23251-12.wav	ช่วงเช้าเมื่อวานนะคะนายอ่อนตาขับรถกระบะไปส่งลูกสาวกับหลานชาย
23-23252-1.wav	และรัฐมนตรีว่าการกระทรวงกลาโหมนะคะเดินทางไปที่กระทรวงกลาโหม
23-23253-102.wav	นายครับฝากดูผู้ชายคนนี้ด้วยนะครับ
23-23258-0.wav	คืนคนที่เขาอยู่เชียงใหม่กับจังหวัดใกล้เคียงเขานึกว่า
23-23259-39.wav	พร้อมทั้งเปิดเผยว่าจะเดินทางไปให้กำลังใจที่ญี่ปุ่นเป็นระยะด้วยนะครับ
23-23261-17.wav	พอเสร็จแล้วกำลังจะกลับที่พักที่บ่อวินจังหวัดชลบุรี
23-23262-5.wav	นู้นเลยคุณกำลังจะเดินทางไปเกียวโตค่ะ
23-23263-109.wav	ได้เดินทางต่อเข้าไปที่จุดตกปลา
23-23263-187.wav	แล้วก็เดินทางต่อลึกเข้าไปครับ
23-23263-78.wav	ใช่ครับเป็นจังหวัดนึงแล้วกันครับของทางภาคใต้
23-23264-22.wav	ตรวจสอบหน่อยอยากให้หมอปลาส่งเรื่องไปทางเจ้าคณะจังหวัดนะคะ
23-23264-24.wav	บอกว่าอยากจะให้หมอปลาเป็นคนกลางในการส่งเรื่องไปที่ทางเจ้าคณะจังหวัดให้ตรวจสอบ
23-23264-26.wav	เพื่อไปถามเรื่องราวที่เกิดขึ้นเจ้าคณะจังหวัดบอกว่า
23-23264-54.wav	เจ้าคณะจังหวัดไล่ลงมาถึงเจ้าคณะอำเภอนะครับ
23-23264-67.wav	จากการสอบถามนายมานะชาวบ้านในพื้นที่
23-23265-12.wav	ก่อนหน้านี้นะคะทราบชื่อต่อมาก็คือนายรัชพลกลับจิตอายุ41ปีค่ะ
23-23265-15.wav	ว่าก่อนหน้านี้เนี่ยก่อนที่จะเกิดเหตุเนี่ยนายรัชพลก็คือคนเจ็บเนี่ย
23-23265-20.wav	แต่ว่านายรัชพลเนี่ยตั้งสติได้ก็เลยรวบรวมสติแล้วก็รีบวิ่งหนีเอาตัวรอด
23-23265-23.wav	แล้วก็ตอนนี้ก็รู้ตัวมือปืนแล้วด้วยก็คือนายธีรยุทธ์สมสู่อายุ50ปีค่ะ
23-23265-28.wav	แล้วก็เมียของนายธีรยุทธ์ไม่เจอตัวนายธีรยุทธ์นะคะ
23-23265-30.wav	ซึ่งอยู่ใกล้กับบ้านแม่ของผู้บาดเจ็บก็คือนายรัชพล
23-23265-34.wav	คนบาดเจ็บก็คือนายรัชพลเขาก็เลยโกรธพอตกดึกค่ะ
23-23266-15.wav	ส่วนนายเอกวีศรีทรัพย์วัย38ปีคนขับรถเนี่ย
23-23266-17.wav	สอบสวนนายเอกวีก็เล่าให้ฟังบอกว่า
23-23266-6.wav	ตำบลบ่อทองอำเภอหนองจิกจังหวัดปัตตานีค่ะ
23-23271-6.wav	ชายไทยชาวจังหวัดนราธิวาสอายุ45ปี
23-23271-8.wav	เพราะผู้ป่วยมีหลายปัจจัยเสี่ยงทั้งเรื่องของการเดินทางไปร่วมพิธีทางศาสนา
23-23272-51.wav	จังหวัดฉะเชิงเทราครับ
23-23272-61.wav	เป็นจังหวัดหนึ่งในภาคตะวันออกของประเทศไทย
23-23272-68.wav	และจังหวัดสมุทรปราการ
23-23272-69.wav	รวมกันทั้งหมด8จังหวัดครับ
23-23272-72.wav	สำหรับครอบครัวของป้าแป๋วจากจังหวัดฉะเชิงเทราในวันนี้
23-23274-106.wav	ไม่พูดมากกลัวเลขเคลื่อนนะคะส่วนที่จังหวัดปลาจีนบุรีค่ะ
23-23274-97.wav	จังหวัดยโสธรค่ะก็เลยต้องเอานี่เห็นไหม
23-23275-16.wav	เพราะว่าบางคนก็หยุดงานแล้วก็ทยอยเดินทางกลับภูมิลำเนาแล้วนะคะ
23-23275-20.wav	ช่วงผ่านอยุธยาจะมุ่งหน้าไปทางจังหวัดทางภาคเหนือ
23-23275-2.wav	แต่ว่าการเดินทางเราต้องตรวจสอบเส้นทางหน่อย
23-23275-35.wav	อำเภอวังน้อยจังหวัดพระนครศรีอุทยาครับ
23-23275-44.wav	นี่นักข่าวของเราก็สำรวจเรื่องของการเดินทางนะคะ
23-23275-62.wav	ทางจังหวัดสระบุรีบอกว่าถ้าเกิดว่ารถมากขึ้น
23-23275-64.wav	เป็นการระบายรถที่ใช้ในการเดินทางด้วย
23-23275-66.wav	ดังนั้นค่ะใครจะเดินทางกลับภูมิลำเนาย้ำเตือนนะคะ
23-23275-68.wav	ตรวจสภาพรถก่อนที่จะเดินทาง
23-23275-6.wav	แต่เดี๋ยวเราไปตรวจสอบเรื่องการเดินทางกันหน่อยค่ะ
23-23275-71.wav	ให้ทุกท่านเดินทางกลับภูมิลำเนาด้วยความปลอดภัยทั้งไปและกลับนะคะ
23-23277-55.wav	ซึ่งสั่งตรงมาจาก3จังหวัดชายแดนภาคใต้
23-23279-14.wav	หรือว่านายสว่างเนี่ยเขามากินเหล้ากันที่กระท่อมความจริงกินตั้งแต่กลางคืนเลยนะ
23-23279-6.wav	นายสว่างโอ้รุ่นตากันแล้วนะเนี่ย
23-23281-22.wav	อยู่ที่ซอยประปาหนึ่งนะคะที่ตำบลเนินพระอำเภอเมืองจังหวัดระยอง
23-23282-47.wav	จังหวัดแม่ฮ่องสอนเชียงใหม่เชียงราย
23-23282-50.wav	ในขณะที่บริเวณพื้นที่ภาคอีสานครับหลายจังหวัดครับ
23-23283-25.wav	ด้านของนายเริงศักดิ์หาญมานพ
23-23284-15.wav	โอ้โหรอคอยข่าวการเดินทางกลับมานานกว่า10ปี
23-23284-26.wav	แต่ว่าเมื่อท่านตัดสินใจเดินทางกลับมาแล้ว
23-23284-6.wav	แล้วก็เป็นที่ปรึกษากลุ่มสตรี20จังหวัดอีสาน
23-23284-29.wav	ส่วนอดีตนายกฯยิ่งลักษณ์หากได้เดินทางกลับมาพร้อมกัน
23-23293-21.wav	ครอบครัวของผู้ต้องหาเดินทางไปที่ศาลแต่ไม่ได้นั่งรับฟังคำพิพากษานะคะ
23-23293-23.wav	ศาลชั้นต้นตัดสินจำคุกนายไพบูลย์คนก่อเหตุที่ขับรถไปชนเขาเนี่ย
23-23300-32.wav	เดินทางไปกราบไหว้ขอพรและเยี่ยมชมพิพิธภัณฑ์จตุคามรามเทพจำนวนมาก
23-23300-3.wav	เจ้าวาดวัดเขาพระทองอำเภอชะอวดจังหวัดนครศรีธรรมราช
23-23300-7.wav	เจ้าวาดวัดเขาพระทองอำเภอชะอวดนะครับจังหวัดนครศรีธรรมราช
23-23303-21.wav	นี่นะฮะรถคันนี้เป็นรถของนายสุรศักดิ์เหมาะประสิทธิ์ที่ปรึกษาชมรมรถโบราณล้านนา
23-23303-29.wav	ก็เป็นสิ่งดีๆที่เกิดขึ้นในพื้นที่จังหวัดเชียงใหม่
23-23304-253.wav	คุณหนึ่งจากจังหวัดประจวบคีรีขันธ์เขามาต่อสู้กันในวันนี้นะครับ
23-23304-3.wav	เป็นวินาทีที่ครอบครัวของพ่อหนึ่งจากจังหวัดประจวบคีรีขันธ์
23-23306-375.wav	ในสัปดาห์หน้าจะนัดหมายกับนางสุภาพร
23-23309-0.wav	คุณผู้ชมค่ะทีนี้ไปดูที่จังหวัดชลบุรีกันหน่อยค่ะ
23-23310-19.wav	ณเวลาดวงตอนนี้ผู้ชายคนนี้จะอยู่กับนางอีกนานไหม
23-23310-240.wav	แต่ตัวจริงของนางเป็นผู้หญิงที่ไม่มีความเซ็กซี่
23-23311-23.wav	พบว่าน้องคนที่ประสบเหตุคือนางสาวรจนาสาลีอายุ22ปี
23-23311-44.wav	นางสาวรจนายังเล่าต่อนะครับ
23-23317-10.wav	ฉบับของนายมีชัยกำหนดในมาตรา53ให้รัฐดูแลการศึกษามุ่งพัฒนาผู้เรียนให้เป็นคนดีมีวินัยมีความภูมิใจในชาติ
23-23317-18.wav	ฉบับนายมีชัยมาตรา59ให้รัฐต้องรักษาวินัยการเงินการคลัง
23-23317-23.wav	ฉบับนายมีชัยยังกำหนดในมาตรา60ให้รัฐต้องส่งเสริมสนับสนุนให้ความรู้กับประชาชน
23-23317-29.wav	ขณะที่หมวด6แนวนโยบายแห่งรัฐร่างรัฐธรรมนูญฉบับนายมีชัย
23-23317-31.wav	ขณะที่ฉบับนายบวรศักดิ์ไม่ได้กำหนดเรื่องยุทธศาสตร์ชาติไว้ในหมวดแนวนโยบายแห่งรัฐ
23-23317-8.wav	โดยมีข้อความที่ยาวกว่าฉบับของนายมีชัยคือเพิ่มเติมข้อความต่อท้ายมาตราดังกล่าว
23-23318-13.wav	เพราะว่าต้องการจะได้ค่ารถเดินทางไปหาลูกที่จังหวัดเพชรบูรณ์
23-23318-3.wav	สาขาน้องบัวจังหวัดนครราชสีมาบันทึกเหตุการณ์ขณะที่นางสาวปอย
23-23318-7.wav	จังหวะนี้ค่ะนางสาวปอยยังไม่ได้กดรหัสถอนเงินก็เลยพยายามวิ่งหลบหนี
23-23320-49.wav	ส่วนที่ไม่ได้เดินทางไปบ้านฝ่ายหญิงเนี่ย
23-23322-22.wav	ต่อมาพ่อแม่และญาติของผู้เสียชีวิตเดินทางมาที่เกิดเหตุ
23-23322-41.wav	จะกลับที่ต่างจังหวัดก็คือที่จังหวัดร้อยเอ็ดในช่วงปีใหม่ค่ะ
23-23322-96.wav	อยากให้ทุกคนเดินทางกลับบ้านปีใหม่ปลอดภัยจากอุบัติเหตุ
23-23324-6.wav	จะเลือกจากจังหวัดที่มีศักยภาพปลูกข้าวหอมมะลิ22จังหวัด
23-23325-35.wav	อายุ14ปีเป็นลูกสาวของนางอาริยาครับ
23-23325-42.wav	บอกว่านางอริยาน้องสาว
23-23330-20.wav	เจ้าคณะจังหวัดจันทบุรีจึงเป็นที่มาของ
23-23332-91.wav	นี่แหละเพราะฉะนั้นนายแจ็คเนี้ยจะมาเป็นคนที่3
23-23334-137.wav	อันนี้คุณสมหญิงเขาบอกนะคือบอกถึงขั้นที่ว่าถ้าเป็นไปได้นะอย่ามาเหยียบจังหวัดอำนาจเจริญเลย
23-23334-138.wav	ไม่ให้เข้าจังหวัดเลยเหรอคะอย่างนั้นเลยฮะ
23-23334-16.wav	จากกรณีที่นายจิรพันธ์เพชรขาวหรือว่าหมอปลาได้ออกมาระบุว่าเป็นผู้ร้องขอให้ผู้สื่อข่าวหญิงสำนักข่าวแห่งหนึ่ง
23-23334-29.wav	นี่ค่ะมีหมอปลานะคะนายจีรพันธ์เพชรขาวค่ะ
23-23335-57.wav	และนายอนุทินบอกว่าวันนี้ก็ให้ลูกพรรคฟรีโหวต
23-23337-0.wav	ตัวเลขตอนนี้เพิ่มขึ้นทั่วประเทศนะคะย้ำกันก่อนนะว่า59จังหวัด
23-23337-10.wav	ใครที่จะเดินทางนะคะฟังเลยนะคะจากปัตตานีมายะลา
23-23337-22.wav	สั่งปิดช่องทางเข้าออกพื้นที่จังหวัดนะคะ
23-23337-23.wav	พื้นที่จังหวัดคือทั้งจังหวัดเลยนะ
23-23337-2.wav	ตอนนี้โควิดเนี่ยนะคะและแต่ละจังหวัดตอนนี้ก็มีมาตรการแตกต่างกันไปเนี่ยนะคะ
23-23337-43.wav	เดินทางกลับจากกรุงเทพฯติดโควิดมาปิดกั้นทางเข้าออกเป็นวันที่3แล้วนะคะ
23-23337-48.wav	เนื่องจากกลุ่มเนี้ยเดินทางไปร่วมงานแต่งงาน
23-23339-32.wav	ที่สภ.ปากน้ำปรานจังหวัดประจวบคีรีขันธ์หลังจากเกิดเหตุ
23-23340-11.wav	ผู้ชายคนนี้นายเจริญเทพวงศ์อายุ53ปี
23-23340-16.wav	นายเจริญเป็นผู้ต้องหาหลบหนีคดี
23-23340-32.wav	มีหมายศาลจังหวัดชลบุรีข้อหาร่วมกับพวกอีก4คน
23-23340-3.wav	ชื่อว่านายเจริญเทพวงศ์นะฮะ
23-23340-43.wav	ก็ได้ไปควบคุมตัวได้ที่จังหวัดขอนแก่น
23-23340-45.wav	นายเจริญบอกว่าสารภาพว่าก่อเหตุฆ่าผู้อื่นจริง
23-23340-49.wav	ก็แบ่งเงินให้กับพวก2คนนะมีในสองกับนายนุ
23-23341-108.wav	ก็เลยสามารถที่จะเดินทางไปได้ไกลถึง600กิโลเมตร
23-23341-58.wav	เดินทางไปที่กระทรวงมหาดไทยของกัมพูชา
23-23341-68.wav	จังหวัดสระแก้วซึ่งคาดว่าจุดนี้แหละ
23-23341-96.wav	นายสิงห์มีเมียเป็นชาวกัมพูชาซึ่งรู้เส้นทางการหลบหนี
23-23343-0.wav	ที่จังหวัดพัทลุงนะคุณผู้ชมฮะมีเหตุว่าหนุ่มอาสากู้ภัยวัยแค่17ปีเองนะครับ
23-23343-5.wav	ในพื้นที่อำเภอศรีนครินทร์จังหวัดพัทลุง
23-23344-8.wav	มีผู้ที่เขาเปิดเผยนะครับชื่อว่านายวสันนะบอกว่ากำลังขับรถเข้ามาจอดที่สวนหย่อม
23-23345-143.wav	ตอนที่ลูกเขยเขายังไม่ได้เป็นนายตำรวจน่ะนะ
23-23345-249.wav	ที่ผ่านมาเธอรู้จักกับนายตำรวจคนนี้
23-23345-254.wav	เรื่องทั้งหมดเนี่ยขอรับผิดไว้คือเธอกับนายตำรวจ
23-23345-32.wav	นายตำรวจนายนี้บอกว่าก็จะส่งเสียเลี้ยงดูตามหน้าที่ของพ่อต่อไป
23-23347-10.wav	แต่ยังวางใจไม่ได้เพราะว่ายังมี6จังหวัดค่ะฝั่งอ่าวไทย
23-23347-14.wav	เพราะฉะนั้นใครรู้ตัวนะคะว่าอยู่ในจังหวัดที่ระบุไปนี้
23-23351-13.wav	อำเภอองครักษ์จังหวัดนครนายก
23-23351-57.wav	เช่นอำเภอภูเรือจังหวัดเลยสุพรรณบุรีวังน้ำเขียว
23-23352-5.wav	อยู่บ้านหางคลองหมู่5ตำบลบ้านกล้วยอำเภอเมืองจังหวัดสุโขทัย
23-23352-6.wav	ชาวบ้านจากทั่วสารทิศในจังหวัดสุโขทัยและจังหวัดใกล้เคียง
23-23352-9.wav	ที่ผ่านมานะคะมีชาวบ้านเดินทางมาขอโชคขอลาภ
23-23353-0.wav	คุณผู้ชมที่จังหวัดพระนครศรีอยุธยาค่ะชายคลั่งมาอีกแล้วค่ะ
23-23353-16.wav	วันนี้เจ้าหน้าที่ฝ่ายปกครองราชบัวหลวงพร้อมด้วยตำรวจ20กว่านาย
23-23353-20.wav	นายบุญยืนอายุ37ปี
23-23353-23.wav	ตอนที่เจ้าหน้าที่ไปถึงที่บ้านนายบุญยืนนอนอยู่ในห้องนอน
23-23353-26.wav	ตรวจสอบประวัติพบว่านายบุญยืนคนนี้เคยถูกจับคดีบุกรุกเคหาสถาน
23-23359-48.wav	ชาวไทยชาวต่างชาติเดินทางมาที่นี่
23-23371-12.wav	ส่วนสามีนายยอดชายไม่ได้ประกอบอาชีพอะไร
23-23371-55.wav	ในเรื่องของคดีความนะคะตำรวจอายัดตัวสามีก็คือนายยอดชาย
23-23372-13.wav	กลุ่มที่3เดินทางมาจากคูเวตเป็นเพศชายทั้งหมด
23-23373-9.wav	เป็นชาวอำเภอด่านขุนทศจังหวัดนครราชสีมา
23-23374-18.wav	แล้วก็การเดินทางไปอเมริกาครั้งนี้คุณนานาโพสต์เล่าไว้แบบนี้ว่า
23-23376-10.wav	หรือว่านายดวงเพชรพรมเทพหนึ่งในนักฟุตบอลทีมหมูป่าอาคาเดมี่นะครับ
23-23376-11.wav	นะฮะก็เป็นข่าวคึกโครมไปตอนที่น้องไปติดถ้ำหลวงขุนน้ำนางนอนจังหวัดเชียงราย
23-23376-43.wav	ก็เดี๋ยวจะเดินทางกลับมาร่วมพิธีในการลอยอังคารด้วยนะครับ
23-23376-7.wav	ที่จังหวัดเชียงรายนะครับนะฮะบรรยากาศย้อนกลับไปตั้งแต่เมื่อวาน
23-23378-10.wav	ครูคนนี้ชื่อว่านายสัมพันธ์กระจ่างอายุ40ปี
23-23381-21.wav	จังหวัดฉะเชิงเทราเป็นอุทาหรณ์นะครับขับรถอย่าฝ่าไฟแดงนะครับ
23-23383-15.wav	ลากยาวไปถึงภาคอีสานแถวๆจังหวัดบุรีรัมย์นู้นนะคะเช้านี้มีฝนลง
23-23383-31.wav	องศาเซลเซียสส่วนที่จังหวัดเชียงใหม่
23-23384-34.wav	จะเดินทางไปแข่งขันที่ประเทศฟิลิปปินส์นะครับ
23-23385-204.wav	ว่ามีการเดินทางไปยังประเทศที่มีการแพร่ระบาด
23-23385-251.wav	เดินทางปลายเดือนนี้ถึงต้นเดือนหน้า
23-23385-27.wav	เดินทางกลับมาเมืองไทยก็คือมาถึง20กุมภาพันธ์
23-23385-4.wav	คนที่ติดเชื้อเขาปกปิดข้อมูลเรื่องของการเดินทางไปประเทศเสี่ยง
23-23387-3.wav	มีหนุ่มคนหนึ่งค่ะที่จังหวัดอ่างทองอายุ21ปี
23-23390-2.wav	ที่เป็นที่พักท่องเที่ยวมีสระว่ายน้ำเนี่ย
23-23392-12.wav	อยู่ที่บ้านนิคมพัฒนาจังหวัดนครราชสีมาก็บอกว่า
23-23396-14.wav	ในตำบลบานาอำเภอเมืองจังหวัดปัตตานี
23-23396-21.wav	นางพรชนกเจ้าของร้านขายน้ำที่อยู่ตรงข้ามครูโบนะคะ
23-23403-18.wav	อำเภออินทร์บุรีจังหวัดสิงห์บุรี
23-23404-41.wav	และนายกล้านะฮะเป็นลูกเขยของนายพิณ
23-23404-42.wav	ตอนนั้นขี่รถจักรยานยนต์มาพร้อมกับนายกุ้ง
23-23404-45.wav	นายกล้ากับนายกุ้งเดินทางมาถึงที่บ้านแห่งนี้
23-23404-47.wav	คือนางสาววิภานะครับ
23-23404-51.wav	แล้วก็นายพิณซึ่งเป็นพ่อของนางสาววิภา
23-23404-52.wav	ก็คือพ่อตาของนายกล้านี่แหละครับ
23-23404-57.wav	แต่ว่าผู้ชายคนเนี้ยเขาไม่เคยคิดจะขอคืนดีกับนางสาววิภา
23-23404-64.wav	แต่นายกล้าแหละครับเมื่อมาเห็นภาพบาดตาตรงนั้นนะฮะ
23-23404-67.wav	ทีนี้ครับนายกล้ามีอาการเครียดแล้วก็หึงหวงขึ้นมาทันที
23-23407-14.wav	คาดว่าเครื่องตัดหญ้าระเบิดแล้วไฟคงไหม้ตามตัวตามแขนของนายวิชัยอ่ะนะคะ
23-23407-15.wav	นายวิชัยก็คงวิ่งไปหาอุปกรณ์ดับไฟวิ่งเข้าไปในห้องนอนแล้วล้ม
23-23407-4.wav	เหตุการณ์เกิดขึ้นเมื่อวานค่ะบ้านอยู่ในสวนยางท้ายหมู่บ้านนิคมทหารผ่านศึกที่จังหวัดมุกดาหาร
23-23407-5.wav	พบศพนายวิชัยอิทธิจันทร์อายุ68เสียชีวิตอยู่ในห้องนอน
23-23408-15.wav	เด็กเสี่ยงตายข้ามถนน4เลนเดินทางไปกลับจากโรงเรียน
23-23408-2.wav	จังหวัดนครราชสีมาบ้านเขาอยู่ริมถนนมิตรภาพครับ
23-23414-7.wav	นะคะซึ่งนางก็จัดเต็มจัดหนัก
23-23417-38.wav	ติดตามกันได้ในบันเทิงไทยรัฐเพราะว่าเราบุกไปถึงบ้านคุณสามารถที่จังหวัดสระบุรีกันเลยค่ะ
23-23417-39.wav	จริงๆเราเคยไปแล้วมาหนึ่งครั้งนะที่จังหวัดสระบุรีแต่ครั้งนี้เนี่ยเป็นการไปยืนยันอีกทีนึง
23-23417-9.wav	กลับมาอยู่ที่บ้านพักจังหวัดสระบุรีแล้วโดยฝ่ายประชาสัมพันธ์หนังที่คุณสามีเนี่ย
23-23420-16.wav	ก็ไปชมกันได้ที่โรงเรียนกีฬาจังหวัดนครสวรรค์นะคะ
23-23420-24.wav	โดยเฉพาะอย่างยิ่งชาวปากน้ำโพธิ์จังหวัดนครสวรรค์
23-23424-30.wav	ที่เดินทางมาประท้วงหน้าสถานเอกอัครราชทูตไทย
23-23424-46.wav	ให้ติดตามข่าวสารเพิ่มความระมัดระวังในการเดินทาง
23-23424-8.wav	2ผู้ต้องหาที่ถูกศาลจังหวัดเกาะสมุยตัดสินประหารชีวิต
23-23431-10.wav	เสียชีวิตคือนายธีรวัตรชัยเรืองอายุ20ปี
23-23431-38.wav	ภรรยาของนายเกรียงศักดิ์แล้วก็เป็นแม่ยาย
23-23432-81.wav	ชื่อนายณรงค์คงคำ
23-23433-37.wav	ที่จะนำประชาชนเดินทางมาเป็นหมู่คณะ
23-23433-381.wav	การศึกษามัธยมศึกษาเขต30จังหวัดชัยภูมิ
23-23433-60.wav	ที่เขาให้จอดฟรีนี่ก็บริเวณกว้างอยู่สำหรับผู้ที่เดินทางมาทางเครื่องบิน
23-23433-68.wav	ใช่50จังหวัดนี่หนักอ่วมไปเลยทีเดียวนะคะ
23-23433-70.wav	เกือบจะทุกจังหวัดนะฮะน้ำป่าก็ทะลักท่วมนะ
23-23433-87.wav	วุ่นวายไปจนถึงเช้ามืดกันเลยทีเดียวไปดูจังหวัดสระแก้ว
23-23434-14.wav	เพื่อป้องกันการเดินทางเข้ามาของชาวโรฮิงญา
23-23434-8.wav	หากมีการขึ้นฝั่งมายังประเทศไทยทางการไทยจะให้ความช่วยเหลือตามสมควรเพื่อให้เดินทางต่อไปได้ด้วยความปลอดภัยและมีสภาพที่พอสมควร
23-23437-16.wav	นายนวพลเล่าอย่างนี้ค่ะเขาบอกว่าเขากำลังขับรถ
23-23437-14.wav	คนขับชื่อว่านายนวพลอายุ23ปีก็ยืนรอพบตำรวจ
23-23439-11.wav	เราควรจะหยิบเอาเรื่องของนางไก่หรือหญิงไก่
23-23439-16.wav	ประเด็นที่1คนแบบนางไก่คงไม่มีแค่นี้หรอกครับ
23-23439-36.wav	และทำให้เรื่องนางไก่ได้รับการเปิดเผยขึ้นมา
23-23439-85.wav	ถ้าผู้หลักผู้ใหญ่ไม่แบ็คคนอย่างนางไก่จะมีปัญญาไปเที่ยวถ้ำอย่างนี้เหรอครับ
23-23439-92.wav	ทำยังไงถึงจะให้ความยุติธรรมทำยังไงที่ลักษณะคนอย่างนางไก่ไม่อยู่เหนือความยุติธรรม
23-23440-125.wav	นายสองเมืองเนี่ยไม่ยอมพูดด้วยก็เลยมีปากเสียงกัน
23-23440-126.wav	แต่นายสองเมืองเนี่ยเดินหนีหลบออกไปจากกระท่อม
23-23440-19.wav	ของนายภูเยี่ยมเนี่ยพบร่องรอยถูกยิงกระสุนนี่แสกหน้านะครับ
23-23440-30.wav	ตัวเธอกับนายสองเมืองซึ่งเป็นอดีตสามีเมื่อคืนนี้ทะเลาะกัน
23-23440-31.wav	เพราะนายสองเมืองเนี่ยติดค้างค่าเช่าที่นาของเธออยู่
23-23440-35.wav	เสียชีวิตคาที่จากนั้นตัวของนายสองเมืองที่เป็นอดีตสามีเนี่ย
23-23440-49.wav	ปกติเป็นที่พักอาศัยของนายสองเมืองอดีตสามีของป้าปรียานะครับ
23-23440-65.wav	ก็ทำมาหากินในที่นาร่วมกับตัวของนายภูเยี่ยม
23-23440-87.wav	คุมตัวนางสาวปรียาคนก่อเหตุมาสอบปากคำเพิ่มเติมนะครับแล้วก็เอาปืนที่ใช้ก่อเหตุเนี่ย
23-23440-97.wav	ทีนี้พอวันนี้เนี่ยตำรวจต้องเรียกนายสองเมืองเนี่ย
23-23441-28.wav	ก่อนที่กลุ่มทะลุวังจะเดินทางมาถึงบริเวณ
23-23441-41.wav	วันนี้ก็เลยเดินทางไปที่กระทรวงวัฒนธรรม
23-23441-97.wav	นี่คือโพสต์เมื่อ10กรกฎาคมก่อนโหวตนายกรอบแรก3วันครับ
23-23442-0.wav	ไปที่โคราชครับจังหวัดนครราชสีมา
23-23442-26.wav	ซึ่งที่ผ่านมาทั้งนางสมหมายทั้งผู้ตายเอง
23-23442-31.wav	นายสนิทเนี่ยเตะเข้าไปที่ก้านคอของพี่สาว2ครั้งซะก่อนจนล้มลงไป
23-23445-22.wav	ตำบลบางแม่นางอำเภอบางใหญ่จังหวัดนนทบุรี
23-23445-37.wav	ทราบชื่อคือนางสุธารินกลิ่นแก้วหรือรุ้งอายุ37ปี
23-23446-12.wav	นายวรวิทย์ช่วยมากอายุ35ค่ะ
23-23446-13.wav	เป็นชาวอำเภอเขาชัยสนจังหวัดพัทลุงนะคะ
23-23446-38.wav	อยู่กับนายนิพนธ์ช่วยมากอายุ75ปี
23-23452-159.wav	เป็นที่รับรู้กันทั่วไปจึงมีคนที่เดินทางมาจากต่างประเทศ
23-23454-20.wav	คือต้องเข้าใจฮะในพื้นที่3จังหวัดเนี่ยนะครับ
23-23455-1.wav	เหตุการณ์เกิดขึ้นในโรงเรียนมัธยมแห่งนึงที่จังหวัดกำแพงเพชรนะคะ
23-23460-13.wav	ที่จังหวัดเมียวดีแล้วก็ตั้งเป้าจะเพิ่มเป็น5แห่งในปี2560ครับ
23-23465-9.wav	ตายค่ะที่ตรงนั้นเลยนะคะนางเพ็ญใจเมียคนที่1เนี่ย
23-23466-140.wav	ลุงบอกอีกค่ะว่านายเอ็มมีพฤติกรรมรุนแรง
23-23466-151.wav	แล้วก็จุ๋มกลายเป็นผู้ต้องหาพร้อมกับนายเอ็มไปแล้วนะครับ
23-23466-197.wav	แล้วญาตินางจุ๋มเป็นคนค้ำประกันให้ด้วย
23-23466-198.wav	แต่นายเอ็มเอารถไปใช้
23-23467-36.wav	ใกล้แล้วเพราะว่านางเป็นประเภทแบบปิดท้ายไง
23-23470-1.wav	จัดขึ้นที่วัดบ้านหนองคูจังหวัดร้อยเอ็ดซึ่งเป็นบ้านเกิดนะคะ
23-23470-4.wav	ฮีโร่แห่งถ้ำหลวงขุนน้ำนางนอน
23-23470-7.wav	เดินทางไปร่วมไว้อาลัยจ่าแซมตลอดทั้งวัน
23-23471-24.wav	เช่นเดียวกับที่จังหวัดเพชรบูรณ์คุณผู้ชมคะไปดูกันหน่อยค่ะ
23-23472-6.wav	ใช่ค่ะที่จังหวัดขอนแก่นนะคะ
23-23473-18.wav	ซึ่งก็ได้พบกับเมนูขนมจีนน้ำยาปูสูตรเด็ดจากอำเภอบ้านบึงจังหวัดชลบุรี
23-23474-32.wav	นี่ฮะมันก็เลยดูมีพิรุษอยู่หลายสิ่งหลายอย่างแล้วถ้าตอนเช้าตื่นมาแล้วเจอนายราเชน
23-23474-36.wav	ตัวนายราเชนเนี่ยตำรวจเรียกมาสอบตั้งแต่เมื่อวานนะฮะ
23-23474-40.wav	ขณะที่นายราเชนเนี่ยนะครับท่านผู้ชมครับยังยืนยันกับทีมข่าวของเรานะฮะ
23-23474-43.wav	วันนี้ได้คุยกับแม่ของนายราเชน
23-23476-36.wav	แล้วก็รวมภาพบรรยากาศอีก6จังหวัดใหญ่
23-23478-18.wav	พาสมาชิกคนในครอบครัวเดินทางมาจากจังหวัดลพบุรี
23-23478-8.wav	ก็เดินทางเข้าไปกราบไหว้อย่างไม่ขาดสายด้วยความศรัทธาเป็นอย่างมากครับ
23-23479-10.wav	สนับสนุนนายพิธาเป็นนายกรัฐมนตรี
23-23479-19.wav	จะสนับสนุนนายพิธาลิ้มเจริญรัตน์
23-23479-22.wav	เป็นคนเสนอชื่อนะครับนายพิธาในที่ประชุม
23-23479-43.wav	บอกว่าสำหรับจำนวนเสียงสว.ที่สนับสนุนนายพิธานั้นนะครับ
23-23479-7.wav	คือบอกว่ามีสว.ที่พร้อมจะยกมือสนับสนุนนายพิธาเป็นนายกฯนั่นแหละ
23-23482-47.wav	แต่นี่ก็เป็นเพียงการคาดการณ์จากนายสมชัยเท่านั้น
23-23484-7.wav	ขึ้นชื่อของจังหวัดเชียงใหม่ล่ะครับ
23-23485-24.wav	ก่อนที่จะเดินทางกลับประเทศนะครับ
23-23485-25.wav	ส่วนอาสาสมัครชาวต่างชาติที่จำเป็นต้องรีบเดินทางกลับก่อน
23-23485-26.wav	รัฐบาลจะเชิญอาสาสมัครเหล่านั้นให้เดินทางกลับมาท่องเที่ยวในประเทศไทย
23-23485-49.wav	แล้วก็มีที่ยังบอกว่ายังจะท่องเที่ยวอยู่ในไทยเองด้วย
23-23485-51.wav	จะกลับมาท่องเที่ยวเมืองไทยแน่นอนนะครับ
23-23485-6.wav	ก่อนที่จะเดินทางไปเยือนศรีลังกาอย่างเป็นทางการ
23-23486-40.wav	พยายามจะเข้าไปให้ถึงตัวผู้ต้องหาที่ชื่อว่านายนิรุธเนี่ยนะคะ
23-23486-28.wav	เป็นจุดที่นายนิรุธทำอนาจารย์เด็กหญิงอายุ11ขวบค่ะ
23-23486-72.wav	กำนันผู้ใหญ่บ้านช่วยกันออกตามหาตัวนายนิรุธ
23-23486-74.wav	ส่วนประวัตินายนิรุธผู้ต้องหาไม่ธรรมดานะคะ
23-23488-38.wav	โดยจะมีการขอตัวอย่างถุงเท้าที่ใกล้เคียงกับที่นายธวัชชัย
23-23491-19.wav	คือนายเสริมศักดิ์เนี่ยนะครับจับได้ขณะหนีไปกบดานอยู่ที่พื้นที่เขตรอยต่อ
23-23491-45.wav	กลุ่มคนร้ายมีทั้งที่อยู่ที่อำเภอรัตภูมิแล้วก็เชื่อมไปถึงจุดพื้นที่จังหวัดสตูล
23-23491-49.wav	หรือจะชิงตัวผู้ต้องหาชื่อนายธนกรที่ถูกจับคนแรกคืน
23-23491-4.wav	แล้วก็ชุดของทางจังหวัดสงขลาด้วยนะครับทางสภ.รัฐภูมิด้วย
23-23491-57.wav	ขณะที่ตัวนายธนกรสุวรรณชนะหรือว่านายโด่งนะครับ
23-23491-63.wav	วันนี้นายธนกรถูกคุมตัวไปฝากขังที่ศาลนะครับท่านผู้ชมครับ
23-23491-65.wav	นายธนกรก็ไม่ตอบคำถามไม่ได้พูดอะไรนะครับ
23-23491-86.wav	ชุดสืบสวนภูธรภาค9แล้วก็ของจังหวัดสงขลาด้วย
23-23493-26.wav	ไปฟังเสียงของนายวิษณุค่ะ
23-23495-12.wav	แล้วก็วางแผนจับกุมตัวผู้ก่อเหตุคือนายซูบินหรือว่านายโป่ง
23-23495-143.wav	จุดจบของชีวิตนายสุบินก็เลยผูกคอตาย
23-23495-16.wav	ทราบต่อมาว่าผู้ตายคือนายวีรชัยอายุ49สวมชุดสีเขียวแขนยาวครับ
23-23495-24.wav	แต่ดันมาเจอกับนายสุบินที่คลั่งแล้วก็ถูกนายสุบินยิงฮะ
23-23495-25.wav	จากนั้นคุณบอมครับไปที่บ้านของนายสุบินห่างจากบ้านหลังที่เกิดเหตุเนี่ย
23-23495-39.wav	พอนายซูบินเห็นก็เลยขี่มอเตอร์ไซค์ครับขี่มอเตอร์ไซค์ตามออกไปจากบ้าน
23-23495-41.wav	นายสุบินบอกว่าเอาน้ำแข็งมาให้หน่อยแก้วนึง
23-23495-44.wav	แล้วนายสุบินก็เข้าไปในบ้านจนกระทั่งเจ้าหน้าที่ตามมาปิดล้อม
23-23495-46.wav	เพื่อนบ้านบอกอีกด้วยนะครับว่าที่ผ่านมาจริงๆนายซูบินคนก่อเหตุเนี่ย
23-23495-53.wav	ทีนี้หลังจากตำรวจวางแผนล้อมจับนายซูบินน่ะครับก็พาพี่ชายแล้วก็พาแม่ของนายซูบินไปเกลี้ยกล่อมนะครับ
23-23495-60.wav	จังหวะนั้นทีมข่าวก็เลยสอบถามว่าเอ๊ะไปยิงนายวีรชัยเขาตายทำไมเนี่ย
23-23495-63.wav	นี่ท่าทีของนายซูบินตอนที่ออกมายอมมอบตัวแล้วพร้อมกับอุ้มพระครับ
23-23495-6.wav	ในพื้นที่หนองบัวแดงจังหวัดชัยภูมิรับแจ้งว่ามีคนถูกยิงตายนะครับ
23-23495-79.wav	ห่างจากบ้านของนายสุบินที่ก่อเหตุประมาณสัก0.5กิโลเมตร
23-23495-9.wav	ปรากฏว่าถูกผู้ก่อเหตุคือนายสุบินหรือว่าในโป่งอายุ29
23-23498-116.wav	ฉะนั้น100ปีที่เกิดขึ้นที่จังหวัดนครศรีธรรมราช
23-23498-42.wav	คนภาคใต้คนจังหวัดนครศรีธรรมราช
23-23498-59.wav	พี่น้องของเราใน3จังหวัดชายแดนภาคใต้เลือกพรรคความหวังใหม่ได้เข้ามาตั้งหลายคน
23-23499-6.wav	จังหวัดระยองผมทำคลิปคนเดียวอยู่ห้องคนเดียวแมวเหมียวก็ไม่มี
23-23500-25.wav	จังหวัดอ่างทองซึ่งเป็นบ้านเกิด
23-23500-30.wav	อดีตสามีของลูกสาวตัวเองนั่นแหละชื่อว่านายสิทธิพร
23-23500-39.wav	ตอนนั้นลูกสาวเห็นนายสิทธิพรเอาปืนออกมาเล่นด้วย
23-23503-13.wav	หน้าศาลากลางจังหวัดบุรีรัมย์หลังเก่าครับ
23-23503-15.wav	ออกมาจากศาลากลางจังหวัดเพื่อที่จะไปเป็นประธานพิธีอุปสมบทหมู่
23-23504-10.wav	เพื่อที่จะป้องกันตั้งแต่ระดับเล็กสุดไปจนถึงระดับใหญ่สุดเลยมีมาให้ดู2จังหวัดด้วยกันนะคุณผู้ชม
23-23504-115.wav	ส่วนที่จังหวัดตากค่ะชาวบ้านบอกว่าถ้าลำพังคนอย่างมนุษย์อย่างเรา
23-23504-187.wav	คนที่1ก็คือนายสมรใช่ไหมคะ
23-23504-29.wav	ส่วนที่จังหวัดลำปางค่ะนายณรงค์ศักดิ์โอสถธนากร
23-23504-39.wav	นายอธิษฐานวงศ์ใหญ่รองผู้อำนวยการโรงพยาบาลลำปางบอกว่า
23-23504-70.wav	กูขอไว้จังหวัดนึงก็แล้วกัน
23-23507-1.wav	เหตุการณ์เกิดขึ้นที่หมู่บ้านแห่งนึงในอำเภอดอนตูมจังหวัดนครปฐม
23-23509-478.wav	พวกนายเนี่ยก็เอาเสื้อหนังตัวนี้ไปให้บ้านี่ใส่
23-23510-26.wav	ที่ได้รับการขึ้นบัญชีมรดกภูมิปัญญาทางวัฒนธรรมในระดับจังหวัดนะครับ
23-23512-75.wav	ขณะที่นางสาวนิตยากระโดดสะพานนั้นนะคะ
23-23513-37.wav	ตำบลทุ่งแสงทองอำเภอนางรองจังหวัดบุรีรัมย์
23-23514-6.wav	เพื่อถามไทม์ไลน์ในการเดินทางของทั้ง3คน
23-23514-9.wav	ความเคลื่อนไหวของพ่อแม่ก็คือนายอนามัยนางสาวิตรีวงศ์ศรีชา
23-23517-19.wav	เป็นจุดที่ผู้ต้องหาคือนายยอดชายได้จอดรถกระบะ
23-23517-1.wav	เหตุการณ์ที่เกิดขึ้นที่จังหวัดขอนแก่น
23-23517-26.wav	อืมแต่เขาบอกว่าเขาป้องกันตัวหลังเกิดเหตุนายยอดชายนะครับ
23-23517-42.wav	บอกว่าตอนนั้นเนี่ยพวกเขาไปรับจ้างใส่ปุ๋ยในพื้นที่ไร่มันสำปะหลังของนายยอดชายผู้ต้องหานะครับ
23-23517-43.wav	ระหว่างนั้นนายชาญศักดิ์ผู้ตายก็คือน้องชายของนายยอดชายเนี่ยขับรถมา
23-23517-46.wav	มันคือที่ดินที่พ่อกับแม่ยกให้นายยอดชายแล้วขณะนั้นนายยอดชายก็ขับรถมาถึงแล้วก็จอดรถแล้วก็ลงมาเพื่อจะไปพูดคุยกับน้องชาย
23-23517-67.wav	จริงๆแล้วนายยอดชายที่เป็นพี่ชายได้น้อยกว่าด้วยซ้ำได้ไป10ไร่
23-23518-32.wav	วาดเก้าอี้สส.ยกทั้งจังหวัดมา3เขต
23-23518-33.wav	คุณดูสิเขาโยงกันไปแบบนี้เลยนะฮะแต่ว่าโฆษกประจำสำนักนายกรัฐมนตรีบอกว่า
23-23518-45.wav	แล้วก็มีอีกข้อยืนยันนึงที่โฆษกประจำสำนักนายกรัฐมนตรียืนยันบอกว่า
23-23518-8.wav	แต่เรื่องนี้เองนะครับทางด้านของโฆษกประจำสำนักนายกรัฐมนตรี
23-23518-9.wav	นายธนกรวังบุญคงชนะเปิดเผยแบบนี้บอกว่าไม่ได้เป็นการเป่านกหวีดปี
23-23520-27.wav	แล้วก็ขี่รถจักรยานยนต์หลบหนีไปเลยค่ะขณะที่พ่อของนางสาว
23-23523-339.wav	ช่วงหน้านะครับเรามาเป็นกำลังใจให้ครอบครัวป้าอ้วนจากจังหวัดประจวบคีรีขันธ์
23-23523-450.wav	เคยเดินทางจากเพชรบุรีไปถึงชุมพรไหม
23-23523-458.wav	จังหวัดประจวบคีรีขันธ์มีความยาวจากเหนือจดใต้เป็นระยะทางกี่กิโลเมตร
23-23523-530.wav	ก๊อตจักรพันธ์เป็นคนจังหวัดใดตัวเลือกที่1
23-23523-579.wav	จังหวัดนครราชสีมาก็คือบ้านเกิดของพี่ก๊อตนั่นเองเพราะฉะนั้นทำได้แล้วนะครับ1ข้อนะฮะ
23-23523-582.wav	จากเรื่องจังหวัดประจวบคีรีขันธ์นะครับ
23-23523-587.wav	จังหวัดประจวบคีรีขันธ์มีความยาวจากเหนือจดใต้เป็นระยะทางกี่กิโลเมตร
23-23523-593.wav	เพราะว่าจริงแล้วเนี่ยนะครับจังหวัดประจวบคีรีขันธ์นะครับ
23-23523-660.wav	ครอบครัวป้าอ้วนจากจังหวัดประจวบคีรีขันธ์นะครับ
23-23525-179.wav	นี่ฮะไปเยี่ยมเพื่อนที่หมู่8ตำบลสระแก้วอำเภอเมืองจังหวัดกำแพงเพชร
23-23527-10.wav	เกิดขึ้นกับนายสุริยะกองหาโคตรอายุ38ปีเป็นชาวบ้านหมู่10
23-23527-20.wav	ตัวนายสุริยะเล่าให้ฟังค่ะบอกว่าผมเนี่ย
23-23527-43.wav	นายสุริยะก็เดินกลับมาบ้านอย่างปลอดภัยแล้วพอกลับมาบ้านมีการผูกข้อไม้ข้อมือ
23-23527-45.wav	ครอบครัวก็จะไปทำพิธีขอขมาเดี๋ยวนายสุริยะจะไปด้วย
23-23528-384.wav	ตำรวจตรวจคนเข้าเมือง116นาย
23-23528-866.wav	ตอนนี้นางเป็นนักแสดงอิสระอยู่น่าจะง่ายกว่าป่ะ
23-23530-31.wav	เป็นของดีประจำจังหวัดกันเลยทีเดียวนะครับ
23-23530-3.wav	รู้จักวัตถุมงคลของดีของจังหวัดสุโขทัยกันครับ
23-23531-47.wav	ที่เดินทางมากับผู้สูญหายก็มีการประสานอยากให้ตำรวจเร่งตามหา
23-23536-0.wav	ตอนนี้ชื่อของถ้ำหลวงขุนน้ำนางนอนที่อำเภอแม่สายจังหวัดเชียงรายของไทย
23-23536-14.wav	และมุมนี้จะเห็นยอดเขาดอยนางนอน
23-23536-18.wav	หากจะเดินขึ้นดอยนางนอนก็ต้องผ่านจุดนี้
23-23536-2.wav	หลายคนอยากจะไปเที่ยวแต่ว่าตอนนี้ถ้ำหลวงขุนน้ำนางนอนยังปิดอยู่นะครับ
23-23536-4.wav	แต่ยังมีจุดที่ไปเที่ยวได้นะครับทั้งดอยผาหมีที่เป็นดอยต่อยอดกับดอยนางนอน
23-23548-10.wav	เส้นทางนี้ครับใช้เวลาเดินทางประมาณ1ชั่วโมง30นาทีเท่านั้นเองนะครับ
23-23548-5.wav	การเดินทางไปเที่ยวช่วงเทศกาลต่างๆระบบโลจิสติก
23-23550-13.wav	รวมทั้งพื้นที่อุทยานแห่งชาติภูจองนายอย
23-23550-37.wav	พื้นที่อุทยานแห่งชาติภูจองนายอย
23-23551-103.wav	ก็เดินทางไปรอดูการนำตัวผู้ต้องหาไปชี้จุดที่ลงมือสังหาร
23-23551-10.wav	หมู่ที่1ตำบลบ้านกลางอำเภออ่าวลึกจังหวัดกระบี่ได้เรียบร้อยแล้วนะครับ
23-23551-18.wav	ความคืบหน้าสำหรับเหตุคนร้ายบุกยิงครอบครัวนายวรยุทธ์สังหลัง
23-23551-19.wav	ผู้ใหญ่บ้านหมู่ที่1อำเภออ่าวลึกจังหวัดกระบี่จนเสียชีวิตรวม8ศพ
23-23551-23.wav	กรมทหารราบที่15อำเภอคลองท่อมจังหวัดกระบี่
23-23551-32.wav	ขบวนรถคณะใหญ่เดินทางออกจากค่ายทหารทันที
23-23551-33.wav	ซึ่งไม่ระบุเป้าหมายว่าเดินทางไปที่ใด
23-23551-48.wav	เดินทางออกมาให้สัมภาษณ์กับสื่อมวลชนบริเวณด้านหน้าค่ายทหาร
23-23551-4.wav	มีการปิดล้อมตรวจค้นบ้านที่จังหวัดนครศรีธรรมราช
23-23551-55.wav	แต่ว่าขบวนรถนั้นได้กลับรถมุ่งหน้าไปที่จังหวัดพังงา
23-23551-65.wav	และบางคนเป็นคนในพื้นที่จังหวัดพังงา
23-23551-73.wav	เป็นบ้านพักของนายจักรนะครับไม่ทราบนามสกุล
23-23551-85.wav	ผู้ต้องหาได้ทั้งหมดแล้วและบางคนเป็นคนในพื้นที่จังหวัดพังงา
23-23551-9.wav	ในคดีสังหารโหดฆ่านายวรยุทธ์สังหลังหรือผู้ใหญ่บัตรผู้ใหญ่บ้าน
23-23555-0.wav	พาไปที่จังหวัดสมุทรสงครามค่ะมีคนไปพบผู้หญิงคนนึงลอยอยู่ในน้ำ
23-23555-45.wav	นายวิชัยบอกว่าตอนเกิดเหตุ
23-23555-74.wav	คุณผู้ชมคะลูกสาวเดินทางมารับตัวค่ะนางสาวปทุมพรค่ะ
23-23558-13.wav	ของชาวสวนอำเภอบางละมุงจังหวัดชลบุรี
23-23559-11.wav	ซึ่งเป็นลูกสาวของนักสะสมพระเครื่องชื่อดังในจังหวัดปทุมธานี
23-23559-1.wav	ถูกต้องล่าสุดมีการออกหมายจับก็คือนายท็อปนี่แหละนะฮะแล้วก็นายท็อปเนี่ยสามารถถูกรวบตัวได้แล้ว
23-23559-22.wav	ญาติก็ประสานติดต่อขอมอบตัวแต่ก็ไม่ยอมเดินทางมอบตัว
23-23559-33.wav	ครับทั้งนี้หลังจากการฝากขังญาติก็ได้เดินทางเข้าไปพบพนักงานสอบสวน
23-23562-29.wav	จังหวัดที่เป็นสีแดงจาก37ให้เหลือ29
23-23565-0.wav	ที่บ้านนี้ค่ะที่จังหวัดปัตตานีบ้านนี้เขาอยู่กัน5คน
23-23566-181.wav	ถ้าหากการมีการชุมนุมทางการเมืองความมั่นใจในการที่จะเดินทางมาในประเทศไทยก็คงจะน้อยลงครับ
23-23567-11.wav	จังหวัดอุดรธานีก็พากันรวมตัวจำหน่ายเครื่องไหว้พานบายสีแบบนี้
23-23567-7.wav	มาจากพี่น้องชาวอำเภอเจริญศิลป์จังหวัดสกลนคร
23-23574-31.wav	แล้วก็นำเอาอาวุธปืนลูกซองยาวของนายวิเวก
23-23574-39.wav	เพื่อจะยื่นขออนุมัติหมายจับต่อศาลจังหวัดพัทลุง
23-23575-16.wav	จับตัวนายหาญศึกพงศ์แสนชาวตำบลในเมือง
23-23575-28.wav	นายหารศึกมีพฤติกรรมลักลอบจำหน่ายยาบ้าให้กับกลุ่มวัยรุ่น
23-23579-14.wav	ถูกนำส่งโรงพยาบาลศรีมหาโพธิ์จังหวัดปราจีนบุรี
23-23579-2.wav	บริเวณหน้าถ้ำหลวงขุนน้ำนางนอน
23-23581-24.wav	โดยเฉพาะพื้นที่ตำบลปากน้ำอำเภอเมืองจังหวัดสมุทรปราการ
23-23582-21.wav	ต่อมาในปี2554ศาลจังหวัดกาฬสินธุ์พิพากษาจำคุก
23-23582-37.wav	ก็เดินทางมารับด้วยนะคะที่บริเวณหน้าเรือนจำ
23-23583-60.wav	ที่จังหวัดสมุทรปราการก็เช่นเดียวกันนะคะ
23-23584-6.wav	นายสมศักดิ์สุวรรณสุจริตผู้ว่าราชการจังหวัดระยองเนี่ยนะคะ
23-23586-58.wav	ว่าจะมีภาพครอบครัวที่เดินทางมาไหว้ร่วมกันอีกหรือไม่
23-23586-6.wav	นางสาวิตรีวงศรีชาแม่ของน้องชมพู่บอกว่า
23-23587-12.wav	เจอนายสวัสดิ์มีศรีสวัสดิ์นะครับอายุ54ปี
23-23587-8.wav	หมู่7ตำบลไม้งามอำเภอเมืองจังหวัดตากครับ
23-23589-6.wav	จ่ายเงินช่วยเหลือให้กับลูกชายของนายสมชายม่วงวังอายุ50ปีครับ
23-23589-7.wav	เป็นผู้เสียชีวิตซึ่งฉีดวัคซีนไปที่จังหวัดปทุมธานีท่านเกิดแน่นหน้าอกฮะ
23-23590-40.wav	ก่อนเกิดเหตุนายศรีสุวรรณเนี่ยไปทำบุญสร้างพระที่วัดในหมู่บ้าน
23-23590-7.wav	นางคำผ่องแก้วคุณบอกว่าเธอตอนแรกเนี่ยยังมีความหวังว่าสามีจะรอดชีวิต
23-23594-4.wav	ไปเลยค่ะที่บริเวณสนามกีฬาหน้าที่ว่าการอำเภอหนองไผ่จังหวัดเพชรบูรณ์
23-23596-24.wav	ซึ่งที่ผ่านมาสำนักงานเกษตรจังหวัดประจวบคีรีขันธ์ได้สนับสนุนหน่อพันธุ์ให้เกษตรกร
23-23596-9.wav	ที่อำเภอหัวหินจังหวัดประจวบคีรีขันธ์
23-23598-10.wav	ทางด้านด่านประกอบอำเภอนาทวีจังหวัดสงขลา
23-23598-13.wav	ตั้งแต่จังหวัดสตูลจนถึงอำเภอสุไหงโก-ลกจังหวัดนราธิวาส
23-23598-22.wav	เข้ามาสร้างความไม่สงบในพื้นที่3จังหวัดชายแดนภาคใต้ด้วย
23-23599-51.wav	เป็นรูปภาพคนแคระที่ปรากฏอยู่ในอุทยานประวัติศาสตร์ศรีเทพจังหวัดเพชรบูรณ์
23-23600-24.wav	โดยมีนางวันนิดาศรีจำปาอายุ53ปี
23-23601-32.wav	ในพื้นที่อำเภอเมืองจังหวัดสกลนครนะคะ
23-23607-20.wav	และ4นายธรรมรัตน์วิเชียรอายุ48ปี
23-23608-12.wav	เป็นชาวอำเภอทุ่งใหญ่จังหวัดนครศรีธรรมราช
23-23613-20.wav	เพราะว่าตอนนี้ก็ยุ่งถ่ายละคร3เรื่องค่ะส่วนงานขับรถส่งของที่นางทำตอนโควิดอ่ะ
23-23615-12.wav	ก็มีนักกีฬามาแข่ง9อำเภอนะครับในจังหวัดพิษณุโลก
23-23618-55.wav	ในพื้นที่ตำบลดอนหันอำเภอเมืองจังหวัดขอนแก่น
23-23620-4.wav	อำเภอดอยสะเก็ดจังหวัดเชียงใหม่นะคะเนี่ยค่ะท่านแล้วก็คณะเองก็มีการเดินทางไปตรวจเยี่ยม
23-23623-28.wav	ด้านของพลตำรวจตรีถาวรขาวสะอาดผู้บังคับการตำรวจภูธรจังหวัดปทุมธานีระบุว่า
23-23628-8.wav	ที่มูลนิธิประชาร่วมใจท่าศาลาจังหวัดนครศรีธรรมราชรับแจ้ง
23-23629-11.wav	ก็ยังคงเดินทางมาร่วมงานกันอย่างหนาแน่นนะครับ
23-23629-25.wav	ก็ได้เดินทางมาถึงที่วัดทับกระดานแห่งนี้เรียบร้อยแล้วนะครับ
23-23629-26.wav	ก็กำลังเดินทางมาจากวัดภาษีกรุงเทพมหานคร
23-23629-27.wav	ซึ่งคาดว่าอีกไม่กี่นาทีก็จะเดินทางมาถึงที่วัดทับกระดานแห่งนี้ครับ
23-23629-28.wav	ด้านแป้งสิริการนักร้องลูกทุ่งเลือดใหม่ที่เดินทางมาร่วมงานปีนี้เป็นปีที่7
23-23629-43.wav	อำเภอสองพี่น้องจังหวัดสุพรรณบุรีครับ
23-23629-6.wav	ภายในศาลาการเปรียญวัดทับกระดานจังหวัดสุพรรณบุรีแห่งนี้
23-23630-16.wav	พบศพนายอานนท์ไชยาโสอายุ24ปี
23-23631-72.wav	อำเภอกุยบุรีจังหวัดประจวบอ๋อที่ต้องอยู่ที่กุยบุรีจังหวัดประจวบเพราะว่า
23-23633-20.wav	จังหวัดเชียงใหม่โอ้โหเป็นที่เต๊ะตา
23-23633-27.wav	เจ้าของเขาก็คือนายทวีวัฒน์
23-23635-34.wav	เพราะว่าน้องก็เดินทางขึ้นรถประจำทางอะไรอย่างนี้ไม่สะดวกไง
23-23635-51.wav	และความมั่นคงของมนุษย์จังหวัดแม่ฮ่องสอน
23-23636-13.wav	ร้านบ้านขนมคุณนายที่จังหวัดพิษณุโลกของคุณอมรทิพย์
23-23637-13.wav	อำเภอบางเลนจังหวัดนครปฐม
23-23637-7.wav	แต่เป็นโรงเรียนผู้สูงอายุแห่งแรกในจังหวัดนครปฐมนะครับ
23-23638-12.wav	ที่ถนนศุขประยูรตำบลมาบโป่งอำเภอพานทองจังหวัดชลบุรี
23-23642-21.wav	ซึ่งเดินทางไปเป็นประธานโครงการ
23-23643-13.wav	คือนายจิตกรบุญมาและนายธวัชชัยสุโพธิ์เมือง
23-23643-26.wav	นอกจากนี้จากนี้นะคะไปติดตามจับกุมนายวีพงศ์อินทร์ณรงค์
23-23644-21.wav	พรุดินนาจังหวัดกระบี่เข้าจับงูจงอาง
23-23644-35.wav	และเพาะพันธุ์สัตว์ป่าที่จังหวัดพังงา
23-23644-5.wav	เขาไปนอนอยู่นอนซุกอยู่ใต้เตียงที่จังหวัดกระบี่
23-23646-107.wav	ส่วนนายโอผู้ต้องหาเองก็มีแฟนอยู่แล้ว
23-23646-111.wav	แป้งบอกกับนายโอว่าเลิกกันเถอะ
23-23646-112.wav	นายโออ้างว่าแป้งไปหยิบกล่องใส่ลูกกระสุนปืนมาวางเอาไว้บนเตียงนอน
23-23646-115.wav	นายโออ้างว่าโกรธมากค่ะ
23-23646-122.wav	นายโอก็เลยเข้าไปที่ห้องแม่
23-23646-125.wav	นายโอก็วิ่งไปที่ห้องรับแขก
23-23646-152.wav	ส่วนประเด็นที่ว่าช่วงเวลา3วันหลังก่อเหตุแล้วนายโอหลบหนีไปได้ยังไง
23-23646-164.wav	แม่ขับรถมารับนะครับแล้วก็ไปนอนค้างคืนที่บ้านของแม่ของนายโอ
23-23646-166.wav	ระหว่างที่อยู่บ้านแม่นายโอก็ติดต่อไปหาแฟนเก่า
23-23646-171.wav	ใกล้กับสนามกอล์ฟในพื้นที่เชียงใหม่ซึ่งแม่ของนายโอบอกว่าที่ขับรถมาเชียงใหม่
23-23646-176.wav	ส่วนเมื่อช่วงเย็นที่ผ่านมานะคะตำรวจก็นำตัวนายโอไปที่สภ.บ้านดู่จังหวัดเชียงราย
23-23646-177.wav	พ่อกับแม่ของนายโอไปเยี่ยมค่ะก็เอาเสื้อผ้าเอาอาหารไปให้
23-23646-178.wav	แต่ทั้งคู่ก็งดให้สัมภาษณ์สื่อนะคะคือพ่อของนายโอผู้ต้องหาเนี่ย
23-23646-187.wav	คือนายโอบอกว่าปืนเป็นปืนส่วนตัวไปซื้อมาจากในพื้นที่จังหวัดเชียงรายนี่แหละ
23-23646-189.wav	ตำรวจบอกว่าก็ตามคำให้การของนายโอผู้ต้องหาเขาบอกว่าเขาไม่ได้เตรียมปืนไป
23-23646-197.wav	ที่ถูกนายโอผู้ต้องหายิงเสียชีวิตทั้ง3ศพนะครับ
23-23646-24.wav	นายโอเนี่ยถูกควบคุมตัวไปทำแผนที่บ้านพักเลขที่307หมู่3ตำบลบ้านดู่อำเภอเมืองเชียงรายนะครับ
23-23646-33.wav	ส่วนอีกคนนึงนะครับก็คือพี่สาวของนายอุดมนะครับ
23-23646-43.wav	สำหรับนายโอผู้ต้องหานี่ตำรวจควบคุมตัวได้เมื่อคืนนะครับตอน5ทุ่มนะฮะ
23-23646-50.wav	แต่ว่าแม่เนี่ยนะแม่ของนายโอเนี่ยพอตำรวจไปเจอตัวแล้วคุมตัวได้
23-23646-58.wav	เดินทางมาติดตามความคืบหน้าของคดีนี้นะครับ
23-23646-93.wav	ตามคำให้การของนายโอผู้ต้องหาค่ะ
23-23646-99.wav	นายโอเห็นว่าแฟนเก่าของแป้ง
23-23647-0.wav	เมื่อวานนี้เราให้คุณผู้ชมดูคลิปไปอะคะว่ามีเหตุการณ์เกิดขึ้นแถวๆปากเกร็ดจังหวัดนนทบุรี
23-23647-27.wav	นายวิมลน้ำใจดีอายุ25นะคะ
23-23647-29.wav	นี่ค่ะคนนี้นะคะนายวิมลนะคะ
23-23647-43.wav	แต่นายวิมลก็เลยบอกกับคุณณฤทธิ์ว่า
23-23647-53.wav	ก็เรียกพบทหารนายนี้อีกรอบนะคะเป็นทหารเรือค่ะ
23-23647-57.wav	ขอโทษนายวิมลวินรถจักรยานยนต์รับจ้าง
23-23649-0.wav	คุณผู้ชมคะนายกุศลหมีเทศอดีตส.ส.จังหวัดสุโขทัย
23-23649-39.wav	นี่นะฮะนายกุศลบอกอีกครั้งนะครับบอกว่านั่นคือการผ่อนคลาย
23-23649-55.wav	บอกว่าบวชมา4พรรษาแล้วบวชที่วัดที่อำเภออุบลรัฐจังหวัดขอนแก่น
23-23649-57.wav	ก็สอบถามนายกุศลกับบรรดาสาวกบอกว่า
23-23649-62.wav	หลวงพ่อพระพุทธเจ้าน้อยมาจากจังหวัดเลยนะ
23-23651-55.wav	จุดนี้แหละค่ะหลายคนเป็นห่วงตำรวจนายนี้ตอนนี้เป็นอย่างไร
23-23651-92.wav	แล้วก็ตำรวจชั้นประทวนอีก2นายฮะ
23-23653-101.wav	ที่จังหวัดสุราษฎร์ธานีเปิดขายทุกวันตั้งแต่เวลา9โมงเช้าไปจนถึง5โมงเย็น
23-23653-174.wav	ช่วยบอกหน่อยครับว่าจุดสังเกตของร้านในการเดินทางมาที่นี่เนี่ยมันอยู่ตรงไหนยังไงเอ่ย
23-23653-191.wav	เขากันเยอะเขาใหญ่นี่ก็เป็นอีก1จังหวัดนะ
23-23653-42.wav	เอ้าก็ร้านนี้เขาเปิดอยู่ที่จังหวัดพะเยา
23-23653-46.wav	แต่ว่ามาเปิดร้านอยู่ที่จังหวัดพะเยา
23-23653-51.wav	นั่นก็คือโจ๊กที่ใช้ข้าวหอมมะลิของจังหวัดพะเยา
23-23653-55.wav	ซึ่งข้าวในจังหวัดพะเยาเป็นข้าวที่มีคุณภาพแล้วก็ได้รับรางวัลมาแล้วมากมาย
23-23653-68.wav	อำเภอเมืองจังหวัดพะเยาเปิดขาย2ช่วงเวลาด้วยกันนะคะ
23-23653-76.wav	คนขายไม่ใช่คนเหนือเป็นคนในพื้นที่เหมือนกันแต่ว่าอยู่ที่จังหวัดสุราษฎร์ธานี
23-23653-87.wav	ทั้งหมดทั้งมวลอยู่ในจังหวัดสุราษฎร์ธานีนี่แหละคุณอำนวยเจ้าของร้านเผยเคล็ดลับว่า
23-23653-88.wav	สิ่งสำคัญที่สุดของก๋วยจั๊บโบราณที่ร้านเนี่ยที่ทำให้เป็นตำนานแห่งจังหวัดสุราษฎร์ธานีเนี่ยนะครับ
23-23654-15.wav	ในพื้นที่ตำบลตลาดใหญ่อำเภอเมืองจังหวัดภูเก็ต
23-23657-23.wav	เราก็เลยเดินทางไปที่จุดเกิดเหตุ
23-23660-100.wav	มีการตั้งข้อสังเกตนะครับว่านายไอซ์มีพ่อเลี้ยงเป็นนายตำรวจระดับสูง
23-23660-101.wav	ช่วยเหลือเสมอประกอบกับนายไอซ์เคยมีประวัติการรักษาอาการจิตเภท
23-23660-106.wav	แล้วก็ต้องไปดูนะที่บ้านแล้วก็สวนรอบบ้านของนายไอซ์
23-23660-1.wav	เป็นผู้ต้องหาคดีฆ่านางสาวกุ๊กกิ๊กอายุ22ปีนะครับ
23-23660-21.wav	ก่อนที่นายไอซ์ก็จะหันหน้าไปทางอื่นเนี่ย
23-23660-2.wav	ว่าจับตัวนางสาวกุ๊กกิ๊กเนี่ยขังไว้ในหีบ
23-23660-38.wav	ที่เคยทำงานที่บ้านของนายไอซ์
23-23660-71.wav	ก็ปรากฏว่าถูกนายไอซ์แล้วก็พ่อบ้านของนายไอซ์
23-23660-75.wav	ก็เอาศพของนางสาวกิ๊กยัดใส่ถุงแล้วก็ไปฝังในดินนะครับ
23-23660-97.wav	คือเหตุผลที่นายไอซ์เนี่ยเขาบอกว่าเอ้จะไม่ได้รับโทษ
23-23665-18.wav	เลข42ครบรอบการก่อตั้งจังหวัดพะเยาเนี่ยมาหมด
23-23665-6.wav	ตลอดช่วงเช้าที่ผ่านมาชาวบ้านต่างพากันเดินทาง
23-23666-26.wav	ในตำบลบ้านหม้ออำเภอเมืองจังหวัดเพชรบุรีนะคะ
23-23666-31.wav	ผู้บังคับการตำรวจภูธรจังหวัดเพชรบุรี
23-23666-9.wav	เพื่อให้รถดับเพลิงเนี่ยสามารถเดินทางเข้ามา
23-23671-102.wav	ที่จังหวัดมหาสารคามเนี่ยเขามีการเลี้ยงฟาร์มตุ๊กแกขึ้นมา
23-23671-109.wav	ตำบลศรีสุขอำเภอกันทรวิชัยจังหวัดมหาสารคาม
23-23671-35.wav	เกจิชื่อดังแห่งจังหวัดพระนครศรีอยุธยาครับ
23-23672-31.wav	ในพื้นที่บางละมุงจังหวัดชลบุรี
23-23672-36.wav	ตี2พากันไปขี่รถเล่นแถวๆย่านจอมเทียนครับแล้วนายแซมเนี่ยบ่นมาบอกว่า
23-23674-0.wav	คุณผู้ชมคะส่งกำลังใจช่วยครอบครัวครอบครัวหนึ่งในจังหวัดพังงาหน่อยนะคะ
23-23674-13.wav	บริเวณบ้านนายไพบูลแต่ไม่พบร่องรอยการรื้อค้นหรือการต่อสู้ใดๆ
23-23674-16.wav	ที่คาดว่านายไพบูลอาจจะไปแต่ไม่มีวี่แววเลยคือไม่เจอร่องรอยอะไรเลย
23-23674-7.wav	ขอให้พบตัวนายไพบูลในเร็ววันหลังจากที่หายตัวไปแบบปริศนานะคะ
23-23675-18.wav	นางทองคูณอ่อนแก้วอายุ47ปีคนนี้แม่ใครอ่ะแม่
23-23677-0.wav	ตอนนี้เราเดินทางมาถึงรองคู่เอกของเรากับรายการไทยรัฐมวยไทยไฟท์เตอร์ครับ
23-23677-13.wav	ส่วนมุมแดงครับเห่าดงนงลักษ์กุ้งเผาครับนายสุพลแสงเพ็งครับ
23-23677-2.wav	คนนี้มาจากอำเภอแกลงจังหวัดระยองนะครับ
23-23678-13.wav	ในวันนี้ที่ศาลพ่อของนายมาวินก็มาฟังการอ่านคำพิพากษาด้วยนะคะ
23-23678-1.wav	วันนี้เดินทางมาถึงวันที่ศาลอาญาคดีทุจริตและประพฤติมิชอบกลาง
23-23678-22.wav	เป็นพ่อของนายมาวินผู้เสียชีวิตวันนี้มาฟัง
23-23679-16.wav	มีรถกระบะอีซูสุมารับที่บ้านในพื้นที่อำเภอเคียนซาจังหวัดสุราษฎร์ธานี
23-23679-26.wav	ในพื้นที่ตำบลบ้านเสด็จอำเภอเคียนซาจังหวัดสุราษฎร์ธานี
23-23679-28.wav	และเป็นแม่นายสุคลหรือเขี้ยมวัย38ปี
23-23679-7.wav	นี่คือหัวอกนางพวงรัตน์ผู้เป็นแม่ทำพิธีเชิญดวงวิญญาณสุพัตรายอดแก้ว
23-23679-8.wav	ลูกสาววัย30ถูกฆ่ายัดถังนำมาทิ้งลงเหวบนเขาสกจังหวัดพังงา
23-23681-15.wav	แต่คำให้การของนายสุรชัยครั้งนี้ตำรวจบอกว่าไม่มีน้ำหนักเพราะขณะนี้มีทั้งพยานและหลักฐานที่ยืนยัน
23-23681-26.wav	ชื่อคุณชื่อนายสุรชัยหรือต้นเป็นหัวหน้าแก๊งแล้วเราก็ยังตามอีกคนหนึ่งนะครับ
23-23681-32.wav	กระทั่งลูกน้องของนายสุรชัยถูกทำร้ายจึงมีการเอาคืนโดยใช้ปืนจบปัญหา
23-23684-24.wav	ด้านของผู้เห็นเหตุการณ์คือนางดาวเรืองชัยเดชนะครับ
23-23685-1.wav	วันนี้รวบรวมมาแล้วว่าแต่ละจังหวัดแต่ละพื้นที่เขาแข่งขันอะไรกันบ้าง
23-23685-31.wav	ไปต่อกันที่จังหวัดสกลนคร
23-23685-43.wav	และการแข่งขันสุดท้ายที่จังหวัดแพร่
23-23685-5.wav	เริ่มกันที่จังหวัดพังงากับการแข่งขันกินเร็วในงานกาชาด
23-23687-14.wav	หรือว่านายอิทธิพลสมุทรทองนะคะ
23-23687-17.wav	ติดค้างอยู่กลางป่าที่ภูกระดึงจังหวัดเลย
23-23687-1.wav	สำหรับกิจกรรมวิ่งเทรลที่ภูกระดึงจังหวัดเลยค่ะ
23-23689-21.wav	ล่าสุดชาวบ้านร้องเรียนอีกครั้งนึงเพราะว่ามันสร้างไปได้แค่1ใน10จากที่นายต่อตระกูลได้ประกาศเอาไว้คือได้3.5เมตรเท่านั้นเอง
23-23690-85.wav	เรื่องต้นพบว่าทหารนายนี้นะครับมีความผิดข้อหาทำร้ายร่างกายนะครับ
23-23690-89.wav	ซึ่งทางผู้บังคับบัญชาได้สั่งลงโทษแล้วนะครับด้วยการกักตัวและธำรงวินัยกับทหารนายนี้
23-23695-1.wav	เหตุความรุนแรงที่เกิดขึ้นใน3จังหวัดชายแดนภาคใต้ที่จังหวัดยะลานะ
23-23695-21.wav	มีการส่งชุดลาดตระเวนพื้นที่เชิงเขานางจันทร์4จุด
23-23695-23.wav	ที่หมู่4ตำบลปากล่ออำเภอโคกโพธิ์
จังหวัดปัตตานี	
23-23695-34.wav	ตรงนั้นเนี่ยเป็นพื้นที่รอยต่อจังหวัดยะลาแล้วก็จังหวัดปัตตานี
23-23695-4.wav	ที่จังหวัดยะลาทำให้มีผู้เสียชีวิต15ศพบาดเจ็บอีก5นะคะ
23-23695-54.wav	แล้วก็คดีปล้นร้านทองที่อำเภอนาทวีจังหวัดสงขลา
23-23696-1.wav	พื้นที่บ้านครัวอำเภอบ้านหม้อจังหวัดสระบุรีนะคะ
23-23698-101.wav	ก็เลยเอาล่ะไปจองกับนางสาวบีม
23-23698-115.wav	ไม่ได้รับยอดจองพระเครื่องดังกล่าวจากนางสาวบีม
23-23698-118.wav	ปรากฏว่าคณะกรรมการบอกว่านางสาวบีมไม่ส่งเงินให้
23-23698-133.wav	ดังนั้นวันนี้เองนะครับมีความคืบหน้าแฟนสาวของนางสาวบีม
23-23698-135.wav	โกงเขาเนี่ยนะฮะแฟนสาวนางสาวบีมเนี่ย
23-23698-138.wav	เพราะว่านางสาวบีมเองก็ยืนยันว่ามีหลักฐานและสลิป
23-23698-143.wav	ยืนยันว่านางสาวบีมไม่ได้หลบหนีกำลังไปรับพระต่างจังหวัด
23-23698-144.wav	อยู่ระหว่างการเดินทางกลับมายังจังหวัดพิษณุโลก
23-23698-147.wav	ขีดเส้นตายให้นางสาวบีมออกมาชี้แจงเรื่องทั้งหมด
23-23698-42.wav	ถูกสาวทอมหรือว่านางสาวบีมอายุ25ปี
23-23698-43.wav	จะโกงเงินจองพระเครื่องหลวงพ่อพัฒน์วัดห้วยด้วนจังหวัดนครสวรรค์
23-23698-44.wav	แล้วก็พระเครื่องหลวงพ่อรวยปาสาทิโกจังหวัดพระนครศรีธุยา
23-23698-78.wav	ลงไปพูดคุยกับญาติของนางสาวบีม
23-23698-79.wav	เจอญาตินางสาวบีมเนี่ยออกมาบอกว่านางสาวบีม้นี่ยเป็นหลาน
23-23698-80.wav	แต่ว่าปฏิเสธไม่รู้เรื่องนะว่านางสาวบีมเนี่ยไปทำอะไรมา
23-23698-93.wav	แนะนำให้ไปจองกับนางสาวบีม
23-23698-98.wav	ดังนั้นไปจองกับนางสาวบีมแล้วกันฮะ
23-23699-0.wav	ทหารและตำรวจตรวจคนเข้าเมืองที่จังหวัดสระแก้ว
23-23699-13.wav	ที่สถานีรถไฟอรัญญประเทศจังหวัดสระแก้ว
23-23699-21.wav	และนายสถานีรถไฟอรัญญประเทศ
23-23699-23.wav	เมื่อไปถึงก็พบแรงงานชาวกัมพูชารวมกว่า200คนที่ไม่มีเอกสารการเดินทาง
23-23699-24.wav	ซึ่งทุกคนอ้างว่าจะเดินทางกลับไปร่วมเทศกาลสงกรานต์ที่บ้านเกิดฝั่งกัมพูชา
23-23699-33.wav	สำนักงานตรวจคนเข้าเมืองจังหวัดสระแก้วนะ
23-23699-3.wav	ที่สถานีรถไฟอรัญญประเทศจังหวัดสระแก้ว
23-23700-78.wav	เป็นระบุนะในในใบสุทธิบอกว่าเป็นพระลูกวัดที่วัดคลอง2จังหวัดปทุมธานี
23-23701-67.wav	ก็ไปที่โรงเรียนภูเวียงจังหวัดขอนแก่นนะครับ
23-23702-10.wav	ในพื้นที่ตำบลคลองเฉลิมในอำเภอกงหราจังหวัดพัทลุง
23-23704-127.wav	นายทนงเขาได้กลับไปทำงานที่วัดเหมือนเดิม
23-23704-120.wav	จากนั้นทั้งคู่ก็คือนายทนงกับนายอำนาจก็มีปัญหาทะเลาะวิวาทกันมาตลอด
23-23704-138.wav	ตลอดเวลาที่ผ่านมาพ่อบอกว่านายทนงลูกชายก็สนิทสนมกับทางฝั่งผู้ตาย
23-23704-151.wav	เรื่องทางคดีนายทนงมือแทงตอนนี้ก็มามอบตัวแล้วก็ถูกฝากขังไปแล้วนะฮะ
23-23704-24.wav	นายทนงหนีไปนะตำรวจก็มานะครับทุกผู้ชมครับ
23-23704-38.wav	นี่นะฮะนายทนงบอกว่าผู้ตายเนี่ยเป็นสามีเก่านะของ
23-23704-43.wav	นายทนงขอใช้สิทธิ์ไม่ไปทำแผนประกอบคำรับสารภาพนะครับ
23-23704-48.wav	ก่อนนำตัวนายทนงไปฝากขังก็พยายามสอบถามเกี่ยวกับเหตุการณ์ที่เกิดขึ้น
23-23704-60.wav	ถามว่าปัญหาเรื่องอะไรก็ปัญหาเรื่องที่นายทนงเนี่ย
23-23704-72.wav	ลูกชายบอกว่าอยากจะให้พ่อกับแม่แล้วก็นายทนงเนี่ย
23-23704-75.wav	ทนงคนก่อเหตุยังไม่มาจากนั้นนายทนงเนี่ยมาถึงนะ
23-23704-79.wav	มีดเนี่ยตกไปอยู่นะข้างล่างแล้วก็ลูกชายเขาบอกเขาก็หยิบมีดขึ้นมาเพื่อขู่ให้นายทนงเนี่ยหยุดนะครับ
23-23704-81.wav	แม่ก็พยายามเข้าไปช่วยพ่อนายทนงเนี่ยไปคว้ามีดกลับมาได้อีกแล้วก็ฟันเข้าไปเนี่ยโดนแม่เจ็บไปอีก
23-23704-82.wav	ก่อนที่นายทนงเนี่ยจะวิ่งหนีไปทางด้านหลังวัดช่องลมนะฮะแล้วมีดเนี่ยตกทิ้งอยู่ในที่เกิดเหตุนะครับ
23-23704-83.wav	คือทางลูกชายยืนยันว่าตัวเขากับน้องชายเนี่ยไม่ได้เข้าไปรุมนายทนงนะค่ะ
23-23704-84.wav	แต่มันเป็นเรื่องวิวาทกันสองคนแล้วนายทนงเนี่ยชักมีดออกมาแทงใส่เขา
23-23704-89.wav	สุดท้ายพอนายทนงมาถึงเมื่อวานนี้ก็เลยมีเรื่องมีราว
23-23706-0.wav	ไปที่จังหวัดสุรินทร์ไปดูการแข่งขันเรือยาวที่เขาว่าเร็วแรงทะลุแหวกสายน้ำ
23-23707-9.wav	นางสาวปริศนาเที่ยงธรรมอายุ31ปี
23-23709-256.wav	ตรงนี้ทางจักรยานฮะ14ล้านบาทใช้งบท่องเที่ยว
23-23709-296.wav	นะฮะถ้าเกิดทางจังหวัดนะฮะหรือผู้มีอำนาจทั้งหลายจะตั้งกรรมการตรวจสอบก็เชิญนะครับ
23-23709-310.wav	จังหวัดภูเก็ตมีปัญหามากเนื่องจากที่ดินมีราคาแพงคุณมิ้นต์
23-23709-67.wav	พื้นที่ตรงเนี้ยแล้วก็มีจังหวัดภูเก็ตเขาก็ตอบมานะครับ
23-23709-77.wav	ทางจังหวัดภูเก็ตเขาก็ตอบมาแบบเดิมอีก
23-23711-36.wav	เพื่อให้ผู้ป่วยเนี่ยสามารถเดินทางด้วยเรือต่อไปได้นะฮะ
23-23711-58.wav	ขณะที่นางประทุมซึ่งเป็นแม่ของผู้ป่วยก็บอกว่า
23-23712-16.wav	พยายามติดต่อไปติดต่อไม่ได้ครับไปหาคุณแม่ของเขานะคะที่อำเภอเมืองจังหวัดลำปางนะคะ
23-23716-27.wav	ต่อมาเพื่อนของผู้เสียชีวิตได้เดินทางมาที่หอพัก
23-23716-6.wav	อำเภอธัญบุรีจังหวัดปทุมธานีนะครับ
23-23719-13.wav	คนที่นำทีมชี้แจงก็คือนางอาภาพร
23-23719-16.wav	ในอำเภอนางรองจังหวัดบุรีรัมย์
23-23719-22.wav	นางอาภาพรยืนยันเลยนะคะว่าประเด็นหลักๆที่ครูบอลถูกตำหนิ
23-23721-26.wav	เป็นชาวจังหวัดกระบี่นะคะเป็นคนเอาคลิปภาพเนี้ยมาให้ดู
23-23722-99.wav	เรื่องการเดินทางลัดเนี่ยเขาเก่งจริง
23-23723-10.wav	อำเภอโพธิ์ทองจังหวัดอ่างทองค่ะ
23-23723-38.wav	แล้วตอนนี้ช่างแทงหยวกที่จังหวัดอ่างทองก็เลยคิดว่าจะต้องรวมตัวกันล่ะ
23-23726-4.wav	ในพื้นที่ของจังหวัดอุบลราชธานี
23-23727-21.wav	อยู่ที่ถนนธรรมวิถีอำเภอเมืองจังหวัดอุบลเนี่ยนะคะ
23-23727-40.wav	อีกคนนึงคือนางสาวการะเกดเลียงสาหรือคุณกุ้งอายุ25ปี
23-23728-65.wav	นายอนุทินชาญวิรากูลหัวหน้าพรรคภูมิใจไทยพรรคภูมิใจไทยในฐานะหัวหน้าพรรค
23-23728-82.wav	นำมาซึ่งการที่นายอนุทินในฐานะหัวหน้าพรรคภูมิใจไทย
23-23728-92.wav	จำกัดเพียงจังหวัดละ3-4อัตรากรุงเทพ35อัตรา
23-23729-36.wav	นายคนนี้ชื่อว่านายกุ๊กอายุ35ปีและบอกกับตำรวจ
23-23729-37.wav	ตำรวจเข้าไปตรวจค้นในห้องเช่าห้องเช่าอยู่ที่ตำบลท่ายางที่จังหวัดเพชรบุรี
23-23730-25.wav	ดังนั้นกลุ่มนี้ก็คือจะเลือกนายกรัฐมนตรีได้
23-23732-11.wav	คือภาพรวมของจังหวัดเลยตอนนี้ค่ะคุณหนาวทุกพื้นที่เลยค่ะ
23-23732-12.wav	โดยเฉพาะตามยอดภูตามแหล่งท่องเที่ยวของจังหวัด
23-23732-2.wav	ค่ะหลายจังหวัดคึกคักเพราะว่าอากาศหนาวแบบนี้
23-23732-40.wav	อ่ะต่อกันอีกสักจังหวัดแล้วกันนะคะกำลังสวยทีเดียว
23-23732-56.wav	สำนักงานสาธารณสุขจังหวัดชัยนาทก็เลยฝากเตือนค่ะ
23-23732-7.wav	เป็นทะเลหมอกที่ยอดภูนะคะในจังหวัดเลย
23-23732-9.wav	อันนี้เป็นอีก1จังหวัดที่ได้รับความสนใจจากนักท่องเที่ยวจำนวนมากเลยนะคะ
23-23734-104.wav	แบบนี้เนี่ยเราก็เดินทางเอาเผือกสดกลับไปแลกเผือกนึ่งกันเลย
23-23735-15.wav	เบื้องต้นตำรวจคาดว่าน่าจะเป็นไก่จากฟาร์มในจังหวัดสระบุรี
23-23736-23.wav	ส่วนภาคอีสานก็ทุกจังหวัดแต่บางพื้นที่บางจุดเท่านั้นจะตกหนักเป็นบางแห่งเท่านั้นค่ะ
23-23739-11.wav	เป็นการจัดงานสวดอภิษฐรรมศพของนายธนาการสิงห์รอหรือว่าน้องป้าย
23-23739-9.wav	ที่ตำบลวังยางในอำเภอคลองขลุงจังหวัดกำแพงเพชรนะคะ
23-23741-10.wav	เอาไว้ที่ชายหาดโละดาลำในพื้นที่หมู่7ตำบลอ่าวนาง
23-23741-11.wav	อำเภอเมืองจังหวัดกะบี่แต่ว่าเสียบกุญแจทิ้งเอาไว้
23-23743-23.wav	แล้วก็ที่สำคัญนายกรัฐมนตรี
23-23743-42.wav	นายกรัฐมนตรีจะมอบหมายให้กับรองนายกรัฐมนตรีใหม่ทั้ง2คน
23-23743-45.wav	นายวิษณุเครืองามรองนายกรัฐมนตรีนะฮะ
23-23745-12.wav	ที่วัดบ้านขามน้อยตำบลสังขะอำเภอสังขะจังหวัดสุรินทร์
23-23745-130.wav	แต่วันที่คุณเต้จะเดินทางมานะคุณนะคือมันมีชุดเจ้าสาวชุดนึง
23-23745-16.wav	ก่อนจะจูบลาไปที่มือของนางสาวสุพัตราเป็นครั้งสุดท้าย
23-23745-26.wav	โดยภายในงานมีเพื่อนของฝ่ายหญิงคือนางสาวสุพัตราผู้เสียชีวิตเนี่ยนะฮะ
23-23745-28.wav	แล้วก็ญาติๆเดินทางมาร่วมงานจำนวนมากครับ
23-23745-35.wav	คุณเต้เนี่ยถือรูปที่ตั้งหน้าศพของนางสาวสุพัตรา
23-23745-38.wav	จนกระทั่งร่างของนางสาวสุพัตรามาถึงเมรุนะครับ
23-23745-52.wav	เดินทางมาเป็นประธานในพิธีแล้วก็มีเพื่อนๆ
23-23746-0.wav	เอ้าไปดูคลิปเหตุการณ์ที่เกิดขึ้นที่ป่าตองจังหวัดภูเก็ตกันหน่อยคุณผู้ชมค่ะ
23-23746-22.wav	ผู้บังคับบัญชาโดยตรงของนายตำรวจในคลิปนี้บอกว่า
23-23746-24.wav	ก็เลยมีการสั่งให้นายตำรวจคนเนี้ยทำรายงานชี้แจงมาซิ
23-23747-4.wav	กับเรื่องราวของยายบวนที่อยู่ที่จังหวัดบุรีรัมย์
23-23749-25.wav	นักท่องเที่ยวคนนี้บอกว่าคิวบาไม่ควรเปลี่ยนวัฒนธรรม
23-23750-16.wav	แล้วก็จะเลี้ยวขวาไปทางจังหวัดระยอง
23-23750-32.wav	ตำรวจควบคุมตัวนายเอกชัยคนขับรถกระบะที่รีบนำไก่ชนไปส่งญาติเนี่ยนะครับ
23-23750-7.wav	ตำบลละหารอำเภอปลวกแดงจังหวัดระยอง
23-23752-17.wav	ลูกๆก็จะเดินทางกลับมาบ้านเพื่อช่วยเหลืองานคุณพ่อคุณแม่
23-23757-43.wav	ก็เมื่อวานนี้นี่มีการเปิดตัวเป็นวันแรกนะครับที่เดินทางมาชมที่สนาม
23-23760-11.wav	ในพื้นที่จังหวัดภูเก็ตเนี่ย3ราย
23-23760-12.wav	โดยทั้ง3รายนี้เกิดจากการที่จังหวัดภูเก็ต
23-23760-18.wav	ลงพื้นที่รวมถึงเป็นโมเดลของจังหวัดอื่นๆด้วยนะฮะ
23-23760-6.wav	เป็นคนไทยที่เดินทางกลับจากต่างประเทศ1รายนะครับ
23-23760-78.wav	ให้ข้อมูลมาเรื่องของกราฟกลุ่มจังหวัด
23-23760-83.wav	ทีนี้พอฟังแล้วบางคนอยู่ในจังหวัดที่เป็นเขียวแก่เขียวอ่อน
23-23761-26.wav	ก็บอกว่าเบื้องต้นเนี่ยนะให้ประชาชนที่ต้องเดินทางมาบริเวณใกล้ๆแยกราชประสงค์เนี่ย
23-23765-11.wav	ทีนี้จากการสอบปากคำนายอนุวัฒน์เดชจำเริญนะครับอายุ54ปีเจ้าของท้องนาที่เกิดเหตุ
23-23765-4.wav	ตำรวจภูธรบ้านบึงจังหวัดชลบุรีนะคะพร้อมเจ้าหน้าที่กู้ภัย
23-23765-7.wav	ทราบชื่อต่อมาคือนายสวิทย์บุญสนมอายุ53ปีนอนเสียชีวิต
23-23766-68.wav	นางร้ายหน้าสวยแพ้ทางนักบอลเข้าให้แล้วค่ะ
23-23767-10.wav	มีสาธุชนบรรดาศิษยานุศิษย์จากหลายจังหวัดมาร่วมงานกันคึกคักเลย
23-23771-159.wav	ส่วนความคืบหน้าทางคดีนะครับตำรวจภูธรจังหวัดนครปฐม
23-23773-1104.wav	คือเห็นนางมาตั้งแต่เล่นละครแรกๆเนี่ย
23-23773-118.wav	จริงแล้วจังหวัดที่เราพูดถึงแม่ฮ่องสอน
23-23773-16.wav	ยังไม่ได้เลี้ยงลูกก่อนขอเลี้ยงนางหน่อย
23-23773-176.wav	เจ้าของกิจการในจังหวัดฉะเชิงเทราที่คนเค้าบอกอ้าวเป็นบ้าหรือเปล่า
23-23773-327.wav	ส่วนบุคคลใกล้ชิดแล้วก็คนในครอบครัวของนายเบนซ์
23-23773-370.wav	ที่จะเดินทางกลับมาเมืองไทยนะคะ
23-23773-471.wav	อันนี้คุณชูวิทย์ก็เปิดเสี้ยไปอย่างนี้เลยค่ะจะต้องรอให้คุณท่องเที่ยวเสร็จก่อนใช่ไหม
23-23773-478.wav	ไปเที่ยวท่องท่องเที่ยวทั่วโลกที่ไหนก็สู้คุกพลาซ่าแถวงามวงศ์วานไม่ได้
23-23773-703.wav	ทางด้านนางสาวนิ่มเนี่ยแม่น้องต่อเปิดไปว่า
23-23773-830.wav	ปลูกอะไรก็กินได้ขึ้นได้ในขณะที่ดินบ้านนางน่ะปลูกได้แต่บางชนิดเท่านั้นนะ
23-23774-25.wav	เพื่อที่จะขอศาลจังหวัดธัญบุรี
23-23775-15.wav	เขาขานางนี่ถือว่าเป็นแหล่งท่องเที่ยวทางธรรมชาติที่สำคัญอีกแห่งหนึ่งในจังหวัดพัทลุงเนาะ
23-23775-49.wav	อยู่ที่จังหวัดพัทลุงเขาขานางค่ะ
23-23775-4.wav	ให้คุณผู้ชมไปตามหาอย่างที่จังหวัดพัทลุงค่ะ
23-23777-14.wav	แล้วเป็นวัตถุดิบที่ขายดิบขายดีมากๆในจังหวัดสตูล
23-23777-1.wav	เพราะว่าที่นี่เขาอาหารขึ้นชื่อจริงๆเลยนะครับที่จังหวัดสตูล
23-23777-52.wav	อะลองดูแล้วกันก็เป็นอีก1อาหารขึ้นชื่อของจังหวัดสตูลเขาก็คือปลาเค็มนั่นเอง
23-23777-9.wav	ที่จุดชมวิวลาน18ล้านชายหาดปากบาราตำบลปากน้ำอำเภอละงูจังหวัดสตูล
23-23779-161.wav	วันนี้นางสุจินดาเชิดชัยหรือเจ๊เกียวนายกฯสมาคมผู้ประกอบการรถยนต์โดยสารขนส่งเปิดเผย
23-23779-17.wav	แต่วันนี้ที่อำเภอบางกรวยนะจังหวัดนนทบุรี
23-23779-183.wav	เดินยังไงเจ๊เกียวก็เดินทางเข้าพบรัฐมนตรีว่าการกระทรวงคมนาคมนะฮะ
23-23779-59.wav	เขาบอกว่าไม่เสียชื่อทุเรียนจังหวัดนนทบุรี
23-23779-642.wav	แต่ฉันได้ยินมาว่านางจะแต่งจริงนะ
23-23779-90.wav	นึกออกไหมแต่ลีน่าจังนางก็คนของขึ้น
23-23781-28.wav	ที่ว่าการอำเภอท่าแพจังหวัดสตูลนะครับ
23-23781-56.wav	กิจกรรมทำความดีเนี่ยนะครับก็ที่อำเภอเมืองจังหวัดเชียงใหม่
23-23782-14.wav	คลิปนี้เกิดขึ้นที่โรงเรียนแห่งนึงในจังหวัดลำปางนะคะ
23-23783-27.wav	ได้พาลูกสาววัย10ขวบเดินทางมาปักหลักจับจองพื้นที่
23-23783-50.wav	และสำหรับประชาชนที่จะเดินทางมาร่วมขับร้องบทเพลงสรรเสริญพระบารมีในวันนี้นะคะทางคณะผู้จัดงานขอให้ประชาชนทุกท่านตรวจสอบเส้นทางการเดินทาง
23-23786-19.wav	ใหญ่สุดของจังหวัดอ่างทองเลยทีเดียว
23-23786-20.wav	ไปถามท่านนี้นะครับเจ้าคณะจังหวัดอ่างทอง
23-23786-24.wav	ได้มาจากญาติโยมในจังหวัดอ่างทอง
23-23786-31.wav	ที่วัดต้นสนจังหวัดอ่างทอง
23-23787-10.wav	มองไปด้านหลังของดิฉันนะคะก็จะเห็นวัดกำแพงดินอำเภอสามง่ามจังหวัดพิจิตรค่ะ
23-23787-14.wav	ตลอดทั้งคืนที่ผ่านมานะคะที่นี่มีฝนและลมแรงโดยเฉพาะในเขตพื้นที่อำเภอเมืองจังหวัดพิจิตรค่ะ
23-23787-20.wav	ทางจังหวัดได้ออกประกาศแจ้งเตือนประชาชนที่อาศัยอยู่ที่ราบต่ำ
23-23787-21.wav	ริมน้ำไหลผ่านที่ราบเชิงเขาและพื้นที่เสี่ยงภัยของจังหวัด
23-23787-25.wav	โดยทางจังหวัดมีมาตรการทั้งก่อนระหว่างและหลังเกิดเหตุ
23-23787-33.wav	ที่ถ้าเกิดมันเกินกำลังของจังหวัดพิจิตรเขาจะพร้อมมาภายในประมาณ1ชั่วโมงเขาสามารถมาช่วยเราได้
23-23787-3.wav	โดยเฉพาะที่จังหวัดพิจิตรตอนนี้มีการประกาศเตือนเฝ้าระวังด้วยนะคะ
23-23787-42.wav	จังหวัดพิจิตรนั้นเป็นจังหวัดที่มีแม่น้ำยมไหลผ่าน4อำเภอและแม่น้ำน่านไหลผ่าน3อำเภอค่ะ
23-23787-43.wav	จะมาบรรจบกันที่อำเภอชุมแสงจังหวัดนครสวรรค์จะเป็นจุดรับน้ำสำคัญก่อนที่จะเข้าสู่กรุงเทพมหานครค่ะ
23-23787-5.wav	ผู้สื่อข่าวไทยรัฐทีวีรายงานสดเข้ามานะคะจากอำเภอสามง่ามจังหวัดพิจิตรค่ะเชิญค่ะ
23-23787-6.wav	ดิฉันยืนอยู่ที่ริมแม่น้ำยมอำเภอสามง่ามจังหวัดพิจิตรนะคะ
23-23789-7.wav	ก็มีประชาชนค่ะคุณผู้ชมเดินทางมาชมภาพยนตร์กันแบบ
23-23790-0.wav	ป่าไม้ระดมกำลังกว่า100นายค่ะในการบุกรุกแล้วก็เข้าไปรื้อถอน
23-23790-4.wav	ได้มีการระดมกำลังเจ้าหน้าที่ป่าไม้ในพื้นที่จังหวัดเพชรบูรณ์รวม100นายนะคะ
23-23791-35.wav	คุณป้าปรานีจอดขายอยู่แถวๆตลาดช่องจอมจังหวัดสุรินทร์
23-23791-6.wav	และนอกจากนี้ก็มีแถวๆชายแดนไทยเมียนมาแถวจังหวัดตากนะ
23-23793-59.wav	หรือเดินทางมาบริจาคด้วยตัวเองที่ห้องรับบริจาคเงิน
23-23795-52.wav	สีแดงเนี่ยนะครับคือจังหวัดที่มีความเสี่ยงสูง
23-23795-54.wav	ภาคเหนือจังหวัดน่านอุตรดิตถ์พิษณุโลกพิจิตรเพชรชบูรณ์นะครับ
23-23796-36.wav	ผู้ว่าราชการจังหวัดชัยภูมิท่านบอกว่าก็ปฏิบัติหน้าที่อย่างถูกต้องครับ
23-23796-57.wav	ตรวจ8อย่างจากศูนย์วิทยาศาสตร์จังหวัดนครราชสีมา
23-23797-15.wav	ผู้หญิงคนนี้นางสาวเอนามสมมุตินะคะ
23-23798-41.wav	ตรวจสอบสภาพอากาศล่วงหน้าก่อนจะเดินทางนะ
23-23799-9.wav	ตำบลคลองเปียะอำเภอจะนะจังหวัดสงขลาครับ
23-23800-203.wav	แล้วปรากฏว่าตอนเย็นของวันศุกร์เพราะวันเสาร์ช่วงเช้าจะต้องเป็นช่วงโหวตว่านายจะได้ไปต่อหรือเปล่า
23-23800-232.wav	คือบอกเอาล่ะเขาจะกลับไปอยู่ที่หลังจังหวัดนั่นแหละ
23-23800-233.wav	เขาไปอยู่จังหวัดที่เออจังหวัดของเขานะครับ
23-23800-279.wav	และคณะกรรมการโรคติดต่อจังหวัดจะเป็นผู้ดำเนินการซึ่งอันนี้กำลังหารือในรายละเอียดอยู่
23-23800-284.wav	5จังหวัดด้วยกันค่ะก็คือชลบุรีเพชรชบุรีประจวบคีรีขันธ์แล้วก็เชียงใหม่
23-23800-285.wav	โดยแต่ละจังหวัดก็มีการเตรียมความพร้อมในเรื่องของการเร่งฉีดวัคซีนให้คนในพื้นที่
23-23800-287.wav	แล้วก็ระยะที่3ที่จะเปิดอีก21จังหวัดครอบคลุมทั้งประเทศเลยค่ะ
23-23800-297.wav	นางไม่ได้เลี้ยงนางนางจ้างไว้นะ
23-23800-319.wav	เอาง่ายๆคือพี่ชายก็ต่างพยายามจะเรียกทั้งชื่อนางทั้งปลุกเขาทั้งเขย่าตัวเนี่ย
23-23800-325.wav	นางจำปีนะฮะเปิดเผยว่าก่อนนั้นจำปีเป็นแม่นะอายุ38ปีเด็กกว่าฉันอีก
23-23800-383.wav	ไปเช็คอินสู่มหานครนิวยอร์กนางไปสักเดือนนึงแล้ว
23-23800-390.wav	เพราะตั้งแต่ความรักของนางนางเปิดตัวแล้วพังหมด
23-23800-480.wav	นางว่านางกล้าอย่างนี้
23-23801-0.wav	ไปดูเหตุสะเทือนขวัญที่จังหวัดปทุมธานีนะคะ
23-23803-13.wav	ชายเสื้อดำในภาพชื่อว่านายอรชุนภูมิงาม
23-23803-16.wav	ถูกชกแบบรัวๆจากผู้ชายเสื้อสีขาวนายอรชุนบอกว่าเหตุการณ์เกิดขึ้น
23-23803-41.wav	คือสาเหตุเนี่ยนายอรชุนบอกว่าก็คิดว่าคงมาจากความไม่พอใจ
23-23803-42.wav	เพราะว่าคนก่อเหตุบอกว่านายอรชุนไปมองหน้าพ่อของเขาค่ะ
23-23803-55.wav	ทางตำรวจเรียกคนที่ก่อเหตุไปสอบปากคำแล้วแต่ว่าทางนายอรชุนเขาเกรงว่า
23-23804-16.wav	คนเชียงรายหรือว่าคนที่เดินทางมาที่นี่
23-23805-5.wav	ผู้ชายคนหนึ่งค่ะเป็นชาวสัตหีบจังหวัดชลบุรีอ้างบอกว่า
23-23806-31.wav	บอกว่าเนี่ยนายสุริยะทำร้ายเขาจริง
23-23806-37.wav	นายสุริยะก็หันมาทำร้ายเขาเลยนะคะ
23-23806-39.wav	ใครที่เห็นว่ามาทำงานกับอดีตภรรยาของนายสุริยะละมั้ง
23-23806-42.wav	นายสุริยะบังคับให้ปิดบังอดีตภรรยาทุกครั้งที่นายสุริยะ
23-23806-46.wav	อดีตภรรยาของนายสุริยะก็เลยชวนไปทำงานด้วย
23-23806-48.wav	ก็เลยไปทำงานกับอดีตภรรยาของนายสุริยะแทน
23-23806-5.wav	ผู้ก่อเหตุคือนายสุริยะสมใจอายุ33เป็นเจ้าของร้านยาง
23-23806-69.wav	นายสุริยะเองก็มีภรรยาใหม่กำลังท้องอยู่ด้วย
23-23807-22.wav	จัดคัดเลือกส.ว.ระดับอำเภอจังหวัดและประเทศ
23-23809-20.wav	เรื่องท่องเที่ยวก็ส่งออกจะเป็นพระเอก
23-23809-70.wav	ให้ทัวร์ท่องเที่ยวจีนมีปัญหาอยู่ครับ
23-23809-277.wav	กลุ่มนักท่องเที่ยวจีนแล้วก็รายได้ที่ได้จากการที่เขามาท่องเที่ยวเราเนี่ย
23-23809-72.wav	เรียกว่าเป็นวันชาติจีนที่เขาจะท่องเที่ยว
23-23811-41.wav	หลายร้อยนายนะคะมาปิดล้อม
23-23811-7.wav	เขาเอากุ้งเป็นๆมาจากจังหวัดนครปฐม3ตัน
23-23812-10.wav	ขณะที่พื้นที่อื่นๆจังหวัดอื่นจังหวัดเชียงใหม่
23-23813-3.wav	จังหวัดนครราชสีมาด้วยนะคะซึ่งศาลจังหวัดนครราชสีมาอนุญาตให้ฝากขังนะคะ
23-23814-29.wav	ผู้เป็นแม่ของน้องเดลต้าเนี่ยเป็นชาวอำเภอศรีราชาจังหวัดชลบุรี
23-23818-10.wav	ก็ควรที่จะระวังเกี่ยวกับเรื่องของการเกิดอุบัติเหตุนะคะเล็กๆน้อยๆหรือว่าการเดินทางและผิดแผนค่ะ
23-23818-11.wav	หรือว่าอาจจะเกิดความล่าช้าเกิดอุปสรรคระหว่างการเดินทางค่ะ
23-23818-38.wav	ขอให้คุณเดินทางแคล้วคาดปลอดภัยอย่าให้เกิดอุบัติเหตุระหว่างการเดินทางค่ะ
23-23818-8.wav	เรื่องแรกนะคะที่คุณควรจะระวังค่ะนั่นก็คือเรื่องของอุบัติเหตุแล้วก็การเดินทางนะคะ
23-23818-9.wav	ถ้าช่วงนี้ชาวราศีเมษค่ะจะต้องเดินทางนะคะไม่ว่าจะเป็นการเดินทางใกล้หรือว่าการเดินทางไกลค่ะ
23-23819-0.wav	ที่จังหวัดบึงกาฬค่ะอยู่ดีๆนะคะ
23-23819-11.wav	ที่บ้านเหล่าถาวรตำบลโนนสมบูรณ์อำเภอเมืองจังหวัดบึงกาฬค่ะ
23-23819-31.wav	พบศพนายศักดาเขาภูเขียวอายุ33ปี
23-23819-42.wav	พบนายชูพงศ์ต่อสมบูรณ์อายุ29ปี
23-23819-56.wav	เจ้าของสวนที่เป็นพ่อของนายอุดมด้วยเนี่ยนะคะ
23-23823-10.wav	ในหมู่บ้านจัดสรรหรูแห่งนึงในจังหวัดเชียงใหม่ค่ะ
23-23823-2.wav	คราวนี้เกิดขึ้นในบ้านเราคือที่จังหวัดเชียงใหม่
23-23823-42.wav	ตอนนั้นเนี่ยก็เห็นว่านางสาวซองเนี่ยมีอาการเครียด
23-23823-54.wav	ตอนนี้มีการตามตัวไปอายัดตัวนางสาวซองที่โรงพยาบาล
23-23824-11.wav	ไปตามสามีของนางสมพรมาชื่อว่านายสรศักดิ์ให้มาช่วย
23-23824-31.wav	นายสรศักดิ์เนี่ยถูกยิงที่ขมับซ้าย1นัดนะคะ
23-23824-33.wav	นางสมพรเชิดขวัญใจอายุ31ปี
23-23824-37.wav	นางสมพรเนี่ยไปทำธุระที่ร้านคาราโอเกะแห่งนี้
23-23824-3.wav	คือมีผู้หญิงคนนึงชื่อว่านางสมพร
23-23824-41.wav	เหมือนกับตามนางสมพรมามาเคลียร์ปัญหา
23-23824-44.wav	เพื่อนนางสมพรเห็นท่าไม่ดี
23-23824-45.wav	ก็เลยไปตามสามีของนางสมพรมาช่วย
23-23824-48.wav	แล้วก็ยิงนายสรศักดิ์สามีของนางสมพร
23-23824-51.wav	ตามรายงานบอกว่านายสรศักดิ์สามีนางสมพรนี่ก็
23-23824-60.wav	แล้วก็พูดกับศพของนายสรศักดิ์ว่าอย่าเพิ่งตายนะค่ะแล้วก็ยิงตัวตายอืมแล้วศพก็ทับอยู่กับนายสรศักดิ์อืมส่วนนางสมพรถูกยิงตายไปก่อนล่ะ
23-23825-25.wav	มาช่วยชาวบ้านน้ำท่วมที่จังหวัดสระแก้วไปหลายแสนบาทแล้วก็ตามด้วยค่ะ
23-23828-12.wav	ระหว่างนั้นชาวบ้านกับแม่ของนายแมนก็พยายามมาคุยกันกับลูกชาย
23-23828-30.wav	แล้วก็ไปคุยกับแม่ของนายแมนซึ่งแม่ของนายแมนก็เลยพาไปชี้จุดที่เถียงนาที่พานายแมนไป
23-23828-53.wav	ดูสิคุณผู้ชมนะฮะด้านเพื่อนของนายแมนบอกเหมือนกันว่านายแมนมาเล่าอีกทีให้ฟังว่าตอนปัสสาวะอยู่เนี่ย
23-23828-56.wav	วันรุ่งขึ้นปรากฏว่าเพื่อนของนายแมนน่ะหมายถึงว่านายแมนเองอะนะอันนี้มาทราบภายหลังตอนที่เขาเขาตื่นมาแล้ว
23-23828-63.wav	นะก็คือถ้าเกิดว่าฟื้นแบบขึ้นมาแบบ100%ปุ๊บเดี๋ยวจะเดินทางกลับไปขอขมาหลุมศพคุณยายท่านนี้
23-23828-7.wav	หลังจากตอนเช้าเมื่อวานมีชาวบ้านไปเจอนายแมนนอนอยู่กลางถนนนะฮะ
23-23829-35.wav	ก็ทำให้คนเนี่ยแห่ไปตามรอยท่องเที่ยวกันมากกว่าปกติด้วย
23-23829-56.wav	คือกระตุ้นการท่องเที่ยวในจังหวัดอยุธยาตอนนั้นคึกครื้นสุดๆค่ะ
23-23830-147.wav	ลุงก็เลยพยายามเดินทางหาบ้านจนออกมานอกป่าได้
23-23830-52.wav	ทางกำนันตำบลน้ำแพร่คือนายเดช
23-23830-55.wav	เดินทางกลับบ้านเองแล้วเมื่อตอนตี2ที่ผ่านมา
23-23830-63.wav	ขอบคุณชาวบ้านที่ช่วยกันตามหาครับแล้วก็เดินทางมาให้กำลังใจ
23-23773-1010.wav	มีข่าวออกมาด้วยนะมีข่าวว่านางเลิกกับแฟนอืม
23-23830-7.wav	ที่อำเภอหางดงจังหวัดเชียงใหม่ออกจากบ้านพักไป
23-23833-74.wav	ขณะที่นายสุชีพสุขสว่าง
23-23834-0.wav	ที่จังหวัดจันทบุรีคืออย่างนี้ค่ะมือดีเข้ามาขโมยต้นไม้ราคาแพง
23-23834-3.wav	มากันที่นี่เลยบ้านหลังหนึ่งนะคะอยู่ที่หมู่8ตำบลวังแซ้มอำเภอมะขามจังหวัดจันทบุรี
23-23836-12.wav	เอาล่าสุดก่อนเจ้าหน้าที่คือเจ้าตัวขออภัยค่ะเจ้าตัวเดินทางเข้าพบกับเจ้าหน้าที่
23-23836-22.wav	เอาไปถามครอบครัวของเขาหน่อยนะคะส่วนทางพ่อของผู้ชายคนนี้ที่เดินทางไปรับลูกหลัง
23-23837-0.wav	คุณผู้ชมครับการเดินทางไปเที่ยวชมความสวยงามของทรัพยากรธรรมชาติและสิ่งแวดล้อมตามสถานที่ต่างๆ
23-23837-94.wav	ปัจจุบันการเดินทางมาท่องเที่ยวในเขตพื้นที่เขื่อนเชี่ยวหลานหรือเขื่อนรัชชประภาจังหวัดสุราษฎร์ธานี
23-23838-0.wav	รวมไปถึงช่วงเนี้ยอยากจะมีอีก1สถานที่ที่อยากจะแนะนำให้คุณผู้ชมไปท่องเที่ยวกันได้นะคะ
23-23838-20.wav	ของจังหวัดนครราชสีมาเพื่อเป็นการส่งเสริมการท่องเที่ยว
23-23838-21.wav	แล้วก็กระตุ้นเศรษฐกิจภายในจังหวัดอีกทางนึงด้วย
23-23838-29.wav	และคุณสามารถไปท่องเที่ยวได้แบบสบายใจแล้ว
23-23838-3.wav	อยู่ในอำเภอบัวใหญ่จังหวัดนครราชสีมานะคะ
23-23839-35.wav	เป็นชุดสืบสวนที่เข้ามาระงับเหตุนี่แหละนายปรีชาเพื่อนของนายอ่าวโกก็เล่าบอกว่าก่อนหน้านี้ประมาณสัก2เดือน
23-23839-37.wav	ครั้งนั้นก็เป็นนายปรีชานี่แหละที่แจ้งตำรวจให้เข้ามาระงับเหตุ
23-23839-42.wav	เข้าไปห้ามแล้วครับปกตินายปรีชาบอกเวลาเข้าไปห้ามอ่ะ
23-23841-176.wav	อายุ29ปีผู้ต้องหาตามหมายจับศาลจังหวัดตลิ่งชัน
23-23841-182.wav	โดยจับกุมตัวได้ขณะที่หลบหนีไปกบด้านที่อำเภอแก่งกระจานจังหวัดเพชรบุรี
23-23841-187.wav	ในจังหวัดปทุมธานีรู้จักกันผ่านโปรแกรมแชทในเฟซบุ๊ก
23-23841-189.wav	พอเมาได้ที่พ่อคนนี้ก็พานางสาวแพรวเนี่ย
23-23841-196.wav	นางสาวแพรวใช้โอกาสนี้วิ่งหนีโอเคเออไป
23-23841-240.wav	นางมีบริวารเป็นเพศหญิง
23-23841-35.wav	นางองค์นางเอกปรากฏว่าตอนนี้มันไม่ใช่แพ้โบท็อกคือดื้อโบท็อกมันดื้อ
23-23841-598.wav	หลายคนก็รอคำตอบว่า1นางจะแต่งงานหรือเปล่า
23-23841-601.wav	แต่บางคนก็บอกว่านางจะแต่งแล้วจริงๆ
23-23841-632.wav	นางก็เลยเอาขนของผู้ชายที่ผู้ชายซื้อให้นางอะ
23-23841-86.wav	ได้เดินทางค้นหาจนพบนักท่องเที่ยวจำนวน5คน
23-23841-98.wav	ไม่สามารถเดินทางเข้าไปในพื้นที่ไปรับผู้บาดเจ็บได้
23-23842-38.wav	แต่นี่แหละรองนายกฯอบจ.เขาบอกว่ามันไม่เหมาะสม
23-23842-46.wav	นอกเครื่องแบบบ้างในเครื่องแบบบ้างคราวนี้เป็นคำสั่งตรงมาที่นายกฯอบจ.เลย
23-23842-69.wav	ตรงที่จังหวัดพะเยาน่ะครับ
23-23843-0.wav	ที่จังหวัดกระบี่นะคะมีวัยรุ่นคนหนึ่ง
23-23844-30.wav	จากการสอบปากคำนายโกวิทย์คนขับแท็กซี่
23-23846-0.wav	ที่จังหวัดชลบุรีนะคะมีเหตุเมียโหดใช้มีดแทงยับและปาดคอผัวเสียชีวิต
23-23846-4.wav	เหตุสลดนี้เกิดขึ้นที่หมู่บ้านจัดสรรแห่งหนึ่งในพื้นที่อำเภอบางละมุงจังหวัดชลบุรี
23-23847-6.wav	เรื่องนี้ก็ร้อนถึงผู้กำกับการสภ.เปือยน้อยจังหวัดขอนแก่นต้องออกมาชี้แจงค่ะ
23-23848-13.wav	ทีมข่าวเดินทางไปตรวจสอบเลยหลังจากเห็นภาพ
23-23848-7.wav	ชาวบ้านย่านวัดเขาวงศ์อำเภอกบินทร์บุรีจังหวัดปราจีนบุรีโจษจัน
23-23849-0.wav	ทีนี้มีเหตุการณ์ที่เกิดขึ้นที่จังหวัดชลบุรีค่ะ
23-23849-11.wav	นายสุพธคนนี้ข่มขืนนางสาวบีนามสมมุตินะ
23-23849-14.wav	ตัวผู้เสียหายเล่าให้ฟังแบบนี้ค่ะว่าเธอมาจากจังหวัดอุบลราชธานี
23-23849-1.wav	มีผู้หญิงคนนึงนะคะเขาเดินทางมาจากจังหวัดอุบลราชธานี
23-23849-25.wav	ชกเข้าที่ท้องของนางสาวบีไปหนึ่งครั้งตบหน้าไปด้วยอีกครั้งหนึ่ง
23-23850-24.wav	จุดเกิดเหตุก็คือบริเวณริมถนนสายบ้านแพ้วประตูแดงตำบลหลัก3อำเภอบ้านแพ้วจังหวัดสมุทรสาคร
23-23850-4.wav	คือเหตุการณ์เนี้ยเกิดขึ้นที่จังหวัดสมุทรสาครนะคะ
23-23854-10.wav	อยู่ในโรงพยาบาลรัฐแห่งนึงในจังหวัดสมุทรปราการ
23-23855-12.wav	ตอนนี้ในบ้านลุมพุกตำบลหนองเหล็กอำเภอศีขรภูมิจังหวัดสุรินทร์
23-23855-19.wav	ประเทศจังหวัดสระแก้วซึ่งตรงเนี้ยเนี่ยค่ะ
23-23855-2.wav	ใครทำไปก็ไม่มีใครว่าเดี๋ยวจะพาไปดูที่จังหวัดสุรินทร์ค่ะ
23-23855-33.wav	แต่ละจังหวัดเขาจะมีพื้นที่สำหรับการกักตัวโดยเฉพาะครับ
23-23858-38.wav	นี่คือการคาดการณ์นะครับใครอยู่บริเวณดังกล่าวติดตามประกาศเตือนภัยจากทางราชการอย่างต่อเนื่องด้วย
23-23859-15.wav	นายอนุทินเนี่ยท่านปวดเมื่อยกล้ามเนื้อนี่นี่คืออาการแบบ
23-23859-27.wav	ก่อนเดินทางก็อาการก็เลยไม่เยอะสำหรับท่านรองนายกฯอนุทิน
23-23859-2.wav	จากการตรวจเอทีเครองนายกฯรองนายกฯติด2คนเลยครับคุณผู้ชมครับ
23-23860-14.wav	ทีมข่าวเราก็เลยลงพื้นที่เหตุการณ์ของคู่นี้อยู่ที่จังหวัดอุดรธานีนะคะ
23-23860-17.wav	คบหากันมาและใช้ชีวิตอยู่ด้วยกันที่เกาหลีใต้ก่อนจะเดินทางกลับมาอยู่ที่ประเทศไทยด้วยกัน
23-23861-1.wav	ไปปักใต้มาแล้วเราไปที่อีก1จังหวัด
23-23862-11.wav	เธอบอกว่าเธอถูกทำร้ายโดยนางสาวสุดาอายุ23ปี
23-23862-27.wav	ทราบชื่อทีหลังนะคนที่ไปทำร้ายเขาชื่อว่านางสาวสุดาอายุ23ปี
23-23862-39.wav	นางสาวสุดาคนที่ไปทำร้ายเขาอะ
23-23862-43.wav	ขณะที่แม่ของนางสาวพรพิมลผู้เสียหายบอกว่า
23-23862-51.wav	ไปดูอีกฝากฝั่งหนึ่งนะครับทีมข่าวเราตามไปยังบ้านของนางสาวสุดาผู้ที่ก่อเหตุนั่นแหละ
23-23862-52.wav	หลังทราบมาว่านางสาวสุดาเนี่ยออกจากโรงพยาบาลแล้วแล้วขอไม่ให้ข้อมูลกับทีมข่าวซะด้วย
23-23862-53.wav	ที่สามีของนางสาวสุดาผู้ก่อเหตุบอกว่าภรรยาเนี่ยมีอาการแปลกๆชอบเก็บตัว
23-23862-60.wav	ซึ่งทางด้านนางทองสาอายุ61ปีแม่ของนางสาวสุดาผู้ก่อเหตุนั่นนะครับ
23-23863-32.wav	เรื่องนี้นายหนึ่งนามสมมุตินะเป็นเพื่อนบ้านเล่าให้ฟังบอกว่า
23-23863-43.wav	ทั้งพ่อแล้วก็ทั้งพี่ที่รู้เรื่องแล้วก็ไม่ช่วยนะครับตอนนี้น้องเอเนี่ยอยู่ที่บ้านพักเด็กและครอบครัวจังหวัดชลบุรีเขาดูแลอยู่นะครับ
23-23863-8.wav	พานางสาวเอนามสมมุติอายุ16ปีผู้เสียหายในจังหวัดชลบุรี
23-23864-14.wav	ที่ตำบลบางเมืองอำเภอเมืองจังหวัดสมุทรปราการ
23-23864-21.wav	เจอร่างของนายอุทิศนำขึ้นมาจากน้ำ
23-23864-27.wav	แต่เขามาแบบอยู่ตรงข้ามคนละฝั่งคลองกับนายอุทิศ
23-23864-29.wav	จะเรียกนายอุทิศค่ะกลับไม่พบตัวแล้ว
23-23866-240.wav	ส.ส.ประจำจังหวัดที่เขาผูกขาดกันอยู่อย่างนั้น
23-23866-531.wav	ถ้าเป็นป่าไม้ก็ระดับป่าไม้จังหวัดป่าไม้เขต
23-23867-106.wav	ที่ทางจังหวัดจัดขึ้นอีกด้วย
23-23867-10.wav	ที่สามารถเห็นวิวทิวทัศน์จังหวัดศรีสะเกษได้แบบ360องศาเลยนะครับ
23-23868-10.wav	นายบุญหลายเป็นช่างไฟค่ะทำงานโรงงานเดียวกับนางสาวข่ายเลย
23-23868-19.wav	แต่นางสาวข่ายชาวพม่าถูกจับตัวออกจากห้องพักอาทิตย์14พฤศจิกายนตอน08:00น.
23-23868-21.wav	เหตุการณ์นี้เกิดขึ้นที่ห้องเช่าพื้นที่บ้านคลองกลางตำบลกบินทร์อำเภอปราจีนบุรีจังหวัดปราจีนบุรี
23-23868-27.wav	เห็นนายบุญหลายปั่นจักรยานออกจากโรงงานกลับไปที่ห้องพักซึ่งเป็นจุดเกิดเหตุเนี่ยค่ะ
23-23868-28.wav	เป็นภาพนี้ตำรวจเรียกพี่สาวของนายบุญหลายมาทำการสอบสวน
23-23868-30.wav	หลังจากการสอบปากคำตำรวจตรวจค้นห้องพักนายบุญหลายซึ่งอยู่ใกล้กับห้องของนางสาวข่ายผู้หายตัวไป
23-23868-32.wav	ส่วนในสวนปาล์มพบเทปกาวที่มีเส้นผมของนางข่ายติดอยู่ด้วยค่ะ
23-23868-33.wav	พี่สาวนายบุญหลายให้ข้อมูลกับตำรวจบอกว่านายบุญหลายติดต่อมาหาบอกว่านางสาวข่ายเนี่ยเสียชีวิตแล้ว
23-23868-7.wav	รับสารภาพเลยเป็นคนก่อเหตุข่มขืนนางสาวข่ายอายุ21ปีชาวเมียนมา
23-23868-9.wav	ในพื้นที่หมู่ที่7ตำบลเขาไม้แก้วอำเภอกบินทร์บุรีจังหวัดปราจีนบุรี
23-23870-19.wav	ตำรวจภูธรจังหวัดเชียงรายด้วยตม.เชียงรายด้วย
23-23870-20.wav	ทางพม.จังหวัดเชียงรายด้วยฝ่ายปกครองด้วยนะครับ
23-23870-23.wav	สะพานข้ามลำน้ำสายแห่งที่2ที่อำเภอแม่สายจังหวัดเชียงราย
23-23870-49.wav	นั้นไม่ต้องเสียค่าใช้จ่ายในการเดินทางด้วยพวกเธอยอม
23-23870-55.wav	เชียงดาวแล้วก็ต่อรถจักรยานยนต์รถตู้อีกใช้เวลาเดินทาง
23-23870-58.wav	พวกนี้นะครับพอไปถึงไปเจอนายหน้านะอ่าเป็นนายจ้างคนไทย
23-23872-44.wav	เดินทางไปเยี่ยมผู้รอดชีวิตจากอุบัติเหตุครั้งนี้
23-23872-4.wav	เราก็ค่อยๆเล่าเหตุการณ์แต่ละเหตุการณ์ในแต่ละจังหวัด
23-23872-59.wav	ต่อจากนี้เองทางตม.จังหวัดกำแพงเพชร
23-23872-60.wav	จะประสานไปยังตรวจคนเข้าเมืองจังหวัดกำอ่าจังหวัดเพชรบุรี
23-23872-65.wav	มุ่งหน้าไปที่ด่านตม.แม่สอดจังหวัดตาก
23-23872-6.wav	คราวนี้เป็นเหตุสลดที่เกิดขึ้นที่จังหวัดกำแพงเพชร
23-23872-75.wav	ตอนนี้เจ้าหน้าที่พิสูจน์หลักฐานของจังหวัดกำแพงเพชร
23-23872-87.wav	ที่จังหวัดเพชรบุรีแล้วก็จะเดินทางไปแม่สอดจังหวัดตากพร้อมๆกัน
23-23874-339.wav	ก็เลยถามพระอาจารย์ให้พระอาจารย์บอกว่าให้ไปที่จังหวัดอยุธยา
23-23876-10.wav	อำเภอบ้านแพ้วจังหวัดสมุทรสาคร
23-23876-120.wav	ได้คุยกับน้องสาวของผู้ตายซึ่งก็คือแฟนสาวของคนก่อเหตุชื่อว่านางสาวสุดารัตน์นะครับ
23-23877-7.wav	แล้วก็สถานที่ท่องเที่ยวชื่อดังในจังหวัดชลบุรีนะคะ
23-23879-9.wav	โดยเฉพาะที่จังหวัดสระแก้วค่ะคุณผู้ชมค่ะ
23-23881-0.wav	ที่จังหวัดบุรีรัมย์ครับตำรวจไปจับพระสึกใหม่เลยนะ
23-23881-7.wav	ล่าสุดช่วงเช้าวันนี้ตำรวจสภ.สตึกจังหวัดบุรีรัมย์ครับ
23-23882-6.wav	นี่ดิฉันเป็นดาราสาวท่านหนึ่งของไทยรัฐทีวีนะอย่างนี้เพราะว่านางทำรายการเศรษฐีป้ายแดงไง
23-23882-7.wav	แล้วพวกเราก็ไปถ่ายทำข่าวนางบ่อยใช่ไหมนางก็เลยแซวตัวเองว่าเออนางเป็นดาราแล้ว
23-23883-24.wav	จังหวัดนครราชสีมาครับจ้าโอ้โหกระรอกขาวนี่ต้องบอกว่าไม่มีเงินล้าน
23-23883-7.wav	นี่คือภาพบรรยากาศที่บริเวณวัดป่าภูผาสูงตำบลมะเกลือใหม่อำเภอสูงเนินจังหวัดนครราชสีมาหรือว่าโคราชนั่นเองครับ
23-23885-25.wav	จึงได้ประสานไปยังสถานีประมงทะเลจังหวัดระนองตรวจสอบ
23-23885-33.wav	สถานีประมงทะเลจังหวัดระนองบอกว่า
23-23886-8.wav	ในพื้นที่อำเภอปากช่องจังหวัดนครราชสีมา
23-23887-24.wav	นะครับในบริเวณพื้นที่จังหวัดเชียงรายเชียงใหม่แม่ฮ่องสอน
23-23892-0.wav	ต่อไปที่จังหวัดชลบุรีฮะมีหนุ่มคนนึงนกหายนกแก้วแสนรู้หาย
23-23895-18.wav	แล้วพอชนปุ๊บมอเตอร์ไซค์ของนายชาญกระเด็นไปชน
23-23896-20.wav	กล่าวหานายทักษิณว่าเป็นผู้อยู่เบื้องหลังเหตุการณ์ระเบิด7จังหวัดภาคใต้
23-23898-0.wav	นายกฯประวิทย์ลงติดตามสถานการณ์น้ำที่จังหวัดขอนแก่น
23-23898-14.wav	จุดแรกอันนี้อันนี้เข้าใจก่อนนี่คือศาลากลางจังหวัดขอนแก่น
23-23896-11.wav	อบหมายให้นางสาวขัตยาสวัสดีผล
23-23898-16.wav	มาตรวจสอบสถานการณ์น้ำค่ะในพื้นที่ของอีสานกลางจังหวัดขอนแก่นฮะ
23-23898-47.wav	ก็จะลงพื้นที่จังหวัดอุบลราชธานี
23-23899-33.wav	ไปพูดคุยกับเจ้าของร้านขายของชำก็คือนางตุ๊แสงแก้ว
23-23899-38.wav	เขามานั่งดื่มสุรากันที่บริเวณด้านหน้าร้านของนางตุ๊นี่แหละ
23-23899-44.wav	แล้วก็ใช้มือตบหน้านายหยกอย่างจังเลยนะคะ
23-23899-46.wav	ล้มแบบนี้ค่ะล้มคว่ำเลยนะคะนายหยกวิ่งกลับไปเลย
23-23899-57.wav	สุดท้ายนายต้าเนี่ยเสียชีวิตจากนั้นชาวบ้านที่เห็นเหตุการณ์
23-23899-58.wav	พยายามช่วยกันนะคะพยุงตัวของนายต้าเนี่ย
23-23899-78.wav	คนโตอายุ5ขวบคนเล็กอายุ3ขวบเพราะว่าภรรยาของผู้ตายก็คือนายต้าเนี่ย
23-23899-87.wav	แต่ว่าสุดท้ายตัดสินใจเดินทางมามอบตัวกับตำรวจตำรวจก็เลยมีการแจ้งข้อกล่าวหานะคะ
23-23900-18.wav	คุยกับน้องสาวน้องสาวคือนางดอกไม้
23-23901-18.wav	อำเภอพระสมุทรเจดีย์จังหวัดสมุทรปราการ
23-23902-112.wav	จังหวัดสุโขทัยเองก็ได้มีการเตรียมพร้อมรับสถานการณ์น่ะนะคะ
23-23902-130.wav	ที่อำเภอบางปะกงจังหวัดฉะเชิงเทรา
23-23902-159.wav	นางสาวเปิ้ลอายุ15ปีนะฮะ
23-23902-177.wav	ภายในบ้านเนี่ยมีเพียงนายเป็ด
23-23902-185.wav	เบื้องต้นเนี่ยสอบสวนนางสาวเปิ้ลให้การว่า
23-23902-217.wav	เจ้าหน้าที่ตำรวจจึงเดินทางไปตรวจสอบ
23-23902-219.wav	ทราบว่ามี2ลายคือนางไก่นามสมมุติสมมุติไปก่อนนะฮะ
23-23902-226.wav	โดยนายแมวที่มาบ้านเขาเนี่ยได้ลืมระเบิดลูกดังกล่าวไว้
23-23902-273.wav	อาจจะจะกระตุ้นให้คนไทยเนี่ยออกไปท่องเที่ยวมากขึ้น
23-23902-464.wav	ผอมลงเยอะเลยนางสวยเดี๋ยวก็ไปดูกันเอาเองแล้วกัน
23-23902-504.wav	เข้าใจว่าทุกฝ่ายเนี่ยเข้ามาติดตามกันเพราะว่าต้องยอมรับนางเปิดตัวอย่างยิ่งใหญ่
23-23902-806.wav	เป็นนางรำหลวงในสมัยกรุงศรีอยุธยา
23-23903-101.wav	พรุ่งนี้เราเชื่อว่าหลายๆคนคงร่วมเดินทางไปต่างจังหวัด
23-23903-137.wav	และในส่วนผู้ประกอบการก็แจ้งนะครับว่าจะเดินทางไปพบผู้ร้องเรียน
23-23903-141.wav	ในพื้นที่จังหวัดนครปฐมนะฮะ
23-23903-15.wav	เอาอย่างแรกก่อนสีแดงเนี่ยมันมีแค่จังหวัดเดียวแองจี้
23-23903-167.wav	กุ้งที่ได้มาเฮ้ยมาจากที่จังหวัดอื่นทานได้นะครับไม่เป็นไรไม่ต้องกังวลใจ
23-23903-16.wav	คือจังหวัดสมุทรสาครอืมอันเนี้ยถือว่าเป็นสีแดง
23-23903-212.wav	ก็มีการประสาน13จังหวัดภาคใต้แล้วอะนะ
23-23903-213.wav	นะแล้วก็จังหวัดประจวบคีรีขันธ์ด้วย
23-23903-217.wav	ก็แยกเป็นภาคกลาง1จังหวัดก็คือประจวบคีรีขันธ์
23-23903-218.wav	ภาคใต้มี13จังหวัดค่ะ
23-23903-23.wav	ก็คือจังหวัดที่เจอผู้ที่ติดเชื้อโควิดแล้วค่ะนะครับ
23-23903-334.wav	วันนี้เขาได้เขาก็ไปเดินทาง
23-23903-38.wav	การเดินทางตอนนี้ณพื้นที่ที่ควบคุมสูงสุดเนี่ย
23-23903-39.wav	ยังมีแค่จังหวัดเดียวอยู่ก็คือสมุทรสาคร
23-23903-41.wav	เขาไม่ให้คุณกลับแต่ถ้าจังหวัดอื่นๆเนี่ยคุณไปได้
23-23903-42.wav	คุณไปได้เนี่ยยังเหลืออีกตั้ง70กว่าจังหวัด
23-23903-544.wav	เขาก็เลยไปสอบถามนางสว่าง
23-23903-574.wav	ชาวบ้านในหมู่บ้านนะชื่อนางชั้นอืมนะอายุ65ปี
23-23903-623.wav	ในเดินทางมาที่ศาลกันเพื่อที่จะไกลเกลี่ยตามหมายศาล
23-23903-68.wav	มันไม่ได้อยู่แค่สมุทรสาครฮ่าแล้วมันไปหลายต่อหลายจังหวัดจริงถ้าเมื่อกี้เรานั่งอ่านกันเนี่ย
23-23903-75.wav	มีกรุงเทพ20แล้วก็มีบางจังหวัดที่แบบว่าหลัก10ถ้าหลัก10ในแต่ละจังหวัดเราเชื่อว่ารัฐบาลเอาอยู่ฮ่า
23-23903-84.wav	จังหวัดอื่นอย่างตากสุรานครศรีธรรมราชก็อย่างละหนึ่งหนึ่งหนึ่งคุณแม่
23-23905-33.wav	จนนายบุญมีคนเนี้ยเสียชีวิตนะครับ
23-23905-40.wav	กระทั่ง4วันก่อนนายบุญมีเนี่ยมาชวนเขาให้ไปร่วมรับงานทาสีบ้านหลังเนี้ย
23-23907-1.wav	เป็นเหตุการณ์ที่เกิดขึ้นที่จังหวัดบุรีรัมย์
23-23907-34.wav	ก่อนเกิดเหตุเนี่ยตัวผู้เสียชีวิตเขาจะเดินทางกลับบ้าน
23-23909-26.wav	ฉันก็เข้าใจว่านางนางเนี่ยจะกลัวว่าเข้าใจป่ะเนี่ยจะร้องไห้แล้วเห็นป่ะเห็นป่ะ
23-23910-9.wav	อยู่ที่หมู่11ตำบลหนองใหญ่อำเภอโพนทองจังหวัดร้อยเอ็ดนะพี่น้อง
23-23911-0.wav	นี่ครับคุณผู้ชมครับวินาทีต่อไปนี้เป็นวินาทีที่ครอบครัวของพี่ชมพู่นะครับจากจังหวัดนครราชสีมาจะต้องร่วมแรงร่วมใจกันตอบคำถามเพื่อกู้วิกฤตในชีวิตในวันนี้จะสามารถคว้าทุนไปต่อลมหายใจสูงสุด1ล้านบาทได้หรือไม่อยู่กับคำถาม4ข้อนี้ครับ
23-23911-232.wav	จากจังหวัดนครราชสีมาว่าจะสามารถคว้าทุนไปต่อชีวิตสูงสุด1ล้านบาทได้หรือไม่
23-23913-18.wav	เอาอย่างนี้เราเป็นเพื่อนกันนะเผื่อนายเหงา
23-23913-2.wav	คุณผู้ชมครับผมจะพาไปที่จังหวัดศรีสะเกษ
23-23913-30.wav	นี่คือหุ่นฟางคิงคองยักษ์จังหวัดเชียงใหม่
23-23913-3.wav	เขาบอกว่าที่นี่ค้นพบนางรำครับ
23-23913-6.wav	สีสันแรกนะครับจะพาไปดูนางรำที่มีอายุรวมกันแล้ว
23-23916-113.wav	เดี๋ยวนี้รถตู้ข้ามจังหวัดเนี่ย
23-23916-115.wav	เฉพาะรถตู้ที่วิ่งกันระหว่างข้ามจังหวัดไม่ใช่มากรุงเทพฯนะ
23-23916-2.wav	มีเหตุการณ์ล่าสุดก็คือรถตู้นักท่องเที่ยวที่จังหวัดกระบี่
23-23916-5.wav	และยังคงอยู่ในการติดตามของประชาชนก็คืออุบัติเหตุที่บ้านบึงครับจังจังหวัดชลบุรี
23-23917-20.wav	นายอำเภอชัยบุรีจังหวัดสุราษฎร์ธานีนำกำลังไปจับกุมนายสมพงศ์
23-23917-21.wav	นายสมพงศ์เนี่ยอายุ59ปีโดนจับพร้อมของกลางเป็นยาบ้า50เม็ด
23-23917-26.wav	นายสมพงศ์ที่โดนจับไปเนี่ยใช้สิทธิ์แจ้งความกลับไปยังนายอำเภอและอาสาชุดจับกุม
23-23917-27.wav	เพราะนายสมพงศ์บอกว่าก็ฝั่งนั้นอะฝั่งนายอำเภอกับอส.อะ
23-23917-32.wav	ตำรวจส่งนายสมพงศ์เนี่ยไปตรวจร่างกายครับ
23-23917-36.wav	ส่วนพ่อและแม่ของนายสมพงศ์ครับ
23-23917-57.wav	คุณผู้ชมก็เลยมีการรัดคอกันนิดนึงอาอันนี้ก็อาจจะขัดแย้งกับสิ่งที่นายสมพงศ์พูดนะ
23-23919-11.wav	เข้ารักษาตัวที่โรงพยาบาลนครพิงค์จังหวัดเชียงใหม่ค่ะ
23-23919-22.wav	หาเงินช่วยค่ารักษาพยาบาลที่ตลาดนัดจริงใจจังหวัดเชียงใหม่
23-23921-11.wav	โรงพยาบาลธรรมศาสตร์เฉลิมพระเกียรติจังหวัดปทุมธานี
23-23921-13.wav	ก็ติดต่อขอรับศพนายสามารถบัววาดอายุ60ปีทั้งคู่เสียชีวิตเมื่อคืนนี้นะคะอืม
23-23921-15.wav	เป็นลูกเขยของนายทองดีผู้ตายนั่นแหละ
23-23921-19.wav	ก็บอกกับผู้สื่อข่าวก็เล่าให้ฟังว่ามีปัญหากับนายเฉลิมพลสามีเนี่ย
23-23921-21.wav	เช้าวานนี้นายเฉลิมพลขับรถกระบะไปหาที่บ้านไปด้วยอาการมึนเมาเลยนะ
23-23921-23.wav	ทำให้นายเฉลิมพลหงุดหงิดพูดว่าเดี๋ยวเจอกันแล้วก็ขับรถหายไป
23-23921-24.wav	ช่วงค่ำนายเฉลิมพลขับรถกระบะคันเดิมไปจอดที่ลานอเนกประสงค์ของหมู่บ้าน
23-23921-29.wav	ไปกอดรัดฟัดเหวี่ยงกันจนหัวของนายเฉลิมพลเนี่ย
23-23921-31.wav	แล้วก็โทรแจ้งตำรวจส่วนนายทองดีสุดท้ายถูกยิงด้วย
23-23921-33.wav	นายสามารถซึ่งนั่งอยู่ตรงจุดเกิดเหตุก็ถูกยิงไป2นัดเสียชีวิตเช่นกัน
23-23923-1.wav	ค่ะขณะที่เดินทางไปท่องเที่ยวในศูนย์เสือศรีราชา
23-23923-24.wav	ก่อนเดินทางมาท่องเที่ยวที่เมืองไทยตามลำพัง
23-23923-9.wav	นักท่องเที่ยวสาวชาวจีนที่หายตัวไปจากสวนเสือศรีราชาจังหวัดชลบุรีเมื่อ3วันก่อนนะคะ
23-23926-11.wav	ขออภัยนะคะจังหวัดบุรีรัมย์ซึ่งมีอาชีพเป็นแม่บ้าน
23-23926-10.wav	นางสาวญาดาศาลางามอายุ25ปีเป็นชาวอำเภอสตึกค่ะ
23-23926-18.wav	นางสาวญาดาผู้ก่อเหตุรับสารภาพบอกว่าลงมือก่อเหตุจริง
23-23926-3.wav	ในอำเภอสตึกจังหวัดสุรินทร์ค่ะ
23-23926-23.wav	บังคับการตำรวจภูธรจังหวัดบุรียรัมย์
23-23929-6.wav	อยู่ที่ร้านนี้ครับร้านชารถยกที่อำเภอเมืองจังหวัดพัทลุงจ๊ะ
23-23933-120.wav	คุณเฝ้าดีๆนะฮะ40จังหวัด
23-23933-122.wav	10จังหวัดเนี้ยมันก็จะเสี่ยงน้ำไหลหลากนะครับ
23-23933-127.wav	พายุครั้งเนี้ยสิ่งที่จะเกิดขึ้นกับประเทศไทยทั้ง40กว่าจังหวัดเนี่ยอย่างแรกเลย
23-23933-324.wav	นะแล้วก็แต่นางก็ยืนยันว่านางจะทำต่อไปเรื่อยๆ
23-23933-314.wav	จริงๆว่าวันนี้ที่จริงแล้วนางมีการไลฟ์ของนางด้วยว่า
23-23933-327.wav	อืมชอบเลข4ก่อนพาไปจุดธูป9ดอกตอนแรกก่อนที่นางจะจุดธูป
23-23933-380.wav	ตายค่ะแม่หนูตายทำไมวันเกิดนางอยากสวยไงค่ะ
23-23933-425.wav	คนลำบากเยอะถ้ามีพอมีโอกาสช่วยใครได้ก็ช่วยนั่นแหละแต่นางก็ยามวิกฤตโควิดเนี่ยนางก็จะนำไปบริจาคหมายถึงซื้อตรงนี้เอาไปบริบริจาคต่ออีกทอดหนึ่ง
23-23933-426.wav	นี่คุณดูนะฮะปรากฏคือนางซื้อไปแล้วแต่ปรากฏว่าจ่ายเงินทุกสิ่งทุกอย่างแล้วไม่ส่งของให้นางพร้อมกับข้อความว่าเตือนภัยสังคมวิชาชีพในคราบแม่ค้า
23-23933-427.wav	นี่เป็นส่วนนึงที่ติดต่อไปตามของแล้วเงียบเฉยบล็อกนางเลยค่ะไม่อ่านไม่ตอบไม่ส่งที่เหลือเมย์เช็คซิมีหรือเปล่า
23-23933-432.wav	เลยมีการมีรายชื่อออกมาเลยอันนี้นางก็บอกว่าถ้าโอนเงินคืนภายในพรุ่งเนี้ยตามที่ตกลงกันไว้จะไม่เอาเรื่อง
23-23933-517.wav	เพื่อจะให้ดำเนินคดีกับนายสนธิญาสวัสดีค่ะ
23-23933-525.wav	เข้ามาแจ้งความกับพนักงานสอบสวนให้ดำเนินคดีกับนายสนธิญา
23-23933-540.wav	จะแจ้งความดำเนินคดีกับนายสนธิญาในฐานความผิดหมินประมาทโดยการโฆษณานำเข้าสู่ระบบคอมพิวเตอร์
23-23933-520.wav	กรณีที่นายสนธิธิญานั้นยื่นหนังสือให้กองบัญชาการตำรวจนครบาล
23-23934-24.wav	ที่ตั้งอยู่ใกล้กับบริเวณหอไอเฟลเจ้าหน้าที่ตำรวจหลายนายครับ
23-23935-1.wav	ซึ่งเป็นชาวญี่ปุ่นนะครับก็เตรียมจะเดินทางกลับมาที่ประเทศไทย
23-23937-0.wav	ทุกๆครั้งเวลาคุณธนาทรเดินทางไปต่างประเทศนั้นเนี่ย
23-23937-20.wav	จะเดินทางกลับมาประเทศไทยอย่างแน่นอนนะครับ
23-23937-21.wav	คุณธนาทรจะเดินทางกลับมาประเทศไทยอย่างแน่นอนนะครับ
23-23937-28.wav	ในการเดินทางไปรณณรงค์กับพี่น้องประชาชนทั่วประเทศ
23-23937-29.wav	เดินทางไปพบปะกับสมาชิกของพรรคอนาคตใหม่ทั่วประเทศ
23-23937-55.wav	ทางทีมกฎหมายของพรรคก็เดินทางไปยื่นเอกสารเรียบร้อยแล้วที่ศาลรัฐธรรมนูญนะครับ
23-23941-17.wav	ไม่ให้นำศพคนร้ายที่ก่อเหตุกราดยิงที่จังหวัดนครราชสีมามา
23-23942-22.wav	เหตุการณ์เกิดขึ้นที่บ้านชุมแสงอำเภอบ้านนาจังหวัดนครนายกนะครับ
23-23946-38.wav	ซึ่งข้อมูลที่ตำรวจได้จากการสอบปากคำนายหวีเนี่ย
23-23947-26.wav	คือเจ้าของเนี่ยอยู่ที่อำเภอคงจังหวัดนครราชสีมานะครับ
23-23947-89.wav	มากับนายประเสริฐผนึกทอง
23-23947-94.wav	ที่เคยเอาลิ้นไปไปไล่จับวิญญาณที่ชายทะเลที่จังหวัดระยอง
23-23948-122.wav	ที่ธนาคารออมสินนะฮะทางฝั่งของตำรวจนายนี้ครับก็อดีตตำรวจแล้วกันนะฮะ
23-23948-128.wav	ตำรวจนายนี้ครับไปมั่วสุมดื่มสุราในห้องพัก
23-23948-133.wav	มีการรับปากนะครับจากอดีตตำรวจนายนี้นะฮะผู้ก่อเหตุคนนี้นะครับ
23-23948-137.wav	นายนี้นะฮะอดีตตำรวจนายนี้ยังคงมีพฤติกรรมเกี่ยวข้องกับยาเสพติดครับ
23-23948-142.wav	นี่แหละฮะคือที่มาที่ไปว่าทำไมอดีตตำรวจนายนี้เนี่ยถึงถูกเด้งเลยครับ
23-23948-358.wav	นายกจะลงพื้นที่หนองบัวลําภูเพื่อติดตามสถานการณ์แล้วก็เยี่ยมให้กำลังใจผู้บาดเจ็บแล้วก็ญาติผู้เสียชีวิตเนี่ยจากเหตุกราดยิงภายในศูนย์พัฒนาเด็กเล็กนะฮะที่อบต.อุทัยสวรรค์อำเภอนากลางจังหวัดหนองบัวลําภูเนี่ย
23-23948-359.wav	เพราะว่าวันนี้นายกฯก็ติดตามข่าวอย่างใกล้ชิดซึ่งวันเนี้ยขณะที่นายกกำลังลงพื้นที่ตรวจสถานการณ์น้ำท่วมอยู่ที่เพชรบูรณ์เนี่ยนะฮะนายกฯก็ให้สัมภาษณ์ขอแสดงความเสียใจต่อครอบครัวผู้เสียชีวิตและสั่งการให้หน่วยงานที่เกี่ยวข้องเนี่ยเร่งการให้การช่วยเหลือกับผู้บาดเจ็บให้เยอะที่สุดตอนนี้ทำให้ดีที่สุดนี่คือ
23-23948-390.wav	และรองอธิบดีกรมกิจการเด็กและเยาวชนได้ลงพื้นที่นะคะพร้อมกับระดมนักจิตวิทยาจากจังหวัดใกล้เคียงนะคะ
23-23948-484.wav	กับนางสาวแป้งนะครับทราบชื่อก็คือนายพงศกรอายุ44ปี
23-23948-488.wav	เป็นราคาเหมารถนะครับนางสาวแป้งก็ตกลงฮะจึงมารับไปที่วัดพระธาตุวาโยนั่นเอง
23-23948-489.wav	จากนั้นขากลับอาเนี่ยนางสาวแป้งก็บ่นว่าหิวครับ
23-23948-490.wav	แล้วก็ให้ตนเนี่ยแวะร้านอาหารปิ้งย่างโดยนางสาวแป้งก็บอกให้ตนกินได้นะครับ
23-23948-491.wav	ตนก็นั่งกินฮะสักพักนางสาวแป้งก็บอกว่าจะไปเข้าห้องน้ำ
23-23948-515.wav	ซึ่งบนซองเนี่ยเขียนชื่อสำนักสงฆ์แห่งนึงในจังหวัดสระบุรีครับ
23-23948-92.wav	ไปก่อนหน้านี้ทางผบ.ตร.นั้นเดินทางมาแล้ว
23-23948-95.wav	แต่สิ่งที่ได้รับการยืนยันก็คือทางสาธารณสุขจังหวัด
23-23951-135.wav	อำเภอเมืองจังหวัดเพชรบุรีกันนะครับ
23-23951-39.wav	จังหวัดเพชรบุรี
23-23951-90.wav	กับอบต.นาพันสามอำเภอเมืองจังหวัดเพชรบุรี
23-23954-1089.wav	ทนายของฝ่ายหมวดจรูญเนี่ยก็อาจจะยื่นคำร้องต่อศาลจังหวัดกาญจนบุรีบอกว่า
23-23954-175.wav	เดินทางมาที่บ้าน
23-23954-201.wav	ครับคุณครูก็เดินทางเข้าไปด้านในด้วย
23-23954-224.wav	คาดว่าน่าจะโทรศัพท์ติดต่อกับนายแล้วก็อาจจะติดต่อกับญาติๆอะนะครับ
23-23954-234.wav	มีรายงานเหมือนกันนะครับว่าจะไปจับกุมอ่านางรัตนาพรหรือป้าเจ๊บ้าบิ่นเนี่ยนะครับ
23-23954-235.wav	ก็น่าจะทำเหมือนกันก็คือไปหานางรัตนาพรแล้วก็น่าจะเป็นการค้นบ้านเหมือนกันอะนะครับ
23-23954-37.wav	ถามเจ๊บ้าบินนางรัตนาพรสุภาทิพย์นะครับ
23-23954-714.wav	ครูปรีชาและนางรัตนาพรหรือเจ๊บ้าบิ่น
23-23954-766.wav	ที่ร้านอาหารครัวสาระจังหวัดสมุทร
23-23954-823.wav	รายงานสดแล้วก็เดินทางกันมา
23-23954-829.wav	นี่คือบรรยากาศล่าสุดที่จังหวัดสมุทรสาครค่ะครับ
23-23954-902.wav	หรือว่าตำรวจนายอื่นๆที่เกี่ยวข้องในคดีนี้
23-23954-936.wav	รายงานสดมาจากจังหวัดกาญจนบุรีนะครับ
23-23954-961.wav	ก็เดินทางมาถึงที่บ้านหลังนี้ก็คือบ้านนโมนะครับ
23-23954-970.wav	ส่วนรายงานเรื่องของเจ๊บ้าบิ่นหรือว่านางอ่ารัตนาพรสุภาทิพย์
23-23954-978.wav	แต่หลังจากนี้ก็ต้องนำตัวครูปรีชาและนางรัตนาพรหรือเจ๊บ้าบิ่นเนี่ยเดินทางมาที่กองบังคับการปราบปราม
23-23955-14.wav	ส่งทหารเข้าร่วมเพียง30นาย
23-23955-15.wav	ทุกนายต้องผ่านการตรวจโรคอย่างละเอียด
23-23955-3.wav	ในวันนี้มียุทธการยกพลขึ้นบกเกิดขึ้นที่ชายหาดในอำเภอสัตหีบจังหวัดชลบุรี
23-23955-8.wav	โดยมีทหารกว่า9,000นายจาก29ประเทศเข้าร่วมการฝึก
23-23956-25.wav	ถ้าย้อนไปก่อนหน้านี้บริเวณจุดตรงนี้ตำรวจเนี่ยควบคุมฝูงชนเยอะมากๆนะครับแล้วก็ถอยกดดันกลุ่มผู้ชุมนุมยาวไปถึงประมาณแยกนางเริ้งแล้วก็ไปถึงแยกยมราชด้วยนะครับ
23-23956-28.wav	แล้วก็กำลังจะนำตัวไปที่จังหวัดเชียงใหม่ด้วยนี่เป็นสถานการณ์ล่าสุดขณะนี้นะครับ
23-23957-32.wav	ค่ะที่จังหวัดสิงห์บุรีนะคะแฟนเพลงแฟนๆพันธุ์แท้ห้ามพลาดเด็ดขาดเลยนะคะ
23-23960-21.wav	สิงหาคมก่อนจะเดินทางเข้าสู่ซาอุดีอาระเบียซาอุดีอาระเบียและลงแข่งขันในรอบ12
23-23962-35.wav	ถ้าอยู่ที่จังหวัดอ่างทองก็ไปกันได้นะ
23-23962-44.wav	เป็นจังหวัดที่ให้ความสำคัญในเรื่องของการจัดการขยะมูลฝอย
23-23962-8.wav	เพราะฉะนั้นไปดูกันเลยครับที่จังหวัดอ่างทอง
23-23965-22.wav	นักศึกษาวิทยาลัยเทคนิคแห่งนึงนะคะในจังหวัดชัยนาทนายอนุสร
23-23965-35.wav	กู้ภัยกับชาวประมงช่วยกันงมหาร่างของนายอนุสรอยู่20นาทีนะคะ
23-23965-48.wav	จู่ๆนายอนุสรเนี่ยค่ะกำลังเดินเล่นอยู่ริมหาดทราย
23-23965-50.wav	ทำให้จมน้ำแล้วนายอนุสรว่ายน้ำไม่เป็นด้วยครับ
23-23965-59.wav	แฟนสาวของนายอนุสรแฟนสาวของผู้ตายเนี่ย
23-23965-63.wav	จนพบร่างของนายอนุสรแฟนหนุ่ม
23-23965-90.wav	มางมหาจนสุดท้ายพบร่างนายอนุสร
23-23967-38.wav	ส่วนนางสาวปริศนาอนุกูลน้องสาวเมียผู้ตาย
23-23967-50.wav	แล้วก็อ่านางสาววาสนาภรรยาผู้ตายเมียผู้ตายเนี่ยก็เล่าให้ฟังบอกว่า
23-23968-58.wav	ประสบความสำเร็จได้อย่างที่ตั้งเป้าหมายไว้นางพูดไว้อย่างนี้นะ
23-23970-124.wav	ชื่อว่านางบุญล้อมบุญทวีบอกว่าอ่าก่อนที่ลูกชายจะบวชเมื่อเดือนกรกฎาคมปีที่แล้วนะครับ
23-23971-2.wav	พื้นที่ตำบลแม่สลองในจังหวัดเชียงรายครับอืมเชียงราย
23-23972-2.wav	เหตุการณ์เกิดขึ้นที่บ้านพักคนงานที่จังหวัดลพบุรีนะครับ
23-23972-36.wav	หมายแถววัดห้วยปราบอำเภอบ่อวินจังหวัดชลบุรี
23-23972-45.wav	คนเจ็บคือนายสมภารที่เจ็บสาหัสอยู่นะฮะ
23-23972-66.wav	ระยะหลังงานแถวบ้านไม่ค่อยมีก็เลยไปทำงานกับนายสมภารที่เป็นคนเจ็บที่เป็นเพื่อนร่วมหมู่บ้าน
23-23972-68.wav	เป็นลูกของน้องสาวที่เสียชีวิตก่อนหน้านี้พอนายสมิงต้องมาเสียไปอีกทีนี้ก็ลำบากนะครับ
23-23976-11.wav	ห่างจากอำเภอเมืองจังหวัดกาญจนบุรีไป20กิโลก็ขายประจำทุกวันเสาร์อาทิตย์นะคะ
23-23985-31.wav	แล้วก็บอกว่าไปส่งที่จังหวัดนครสวรรค์หน่อย
23-23985-47.wav	นายดิเรกอาสาขับรถแท็กซี่ของตัวเองพาน้องไปส่งค่ะครับ
23-23985-62.wav	ได้มา800ค่ะครับสำหรับการเดินทางกลับกรุงเทพฯอีกรอบนึงของโชเฟอร์แท็กซี่กลุ่มนี้ค่ะครับ
23-23986-5.wav	วิ่งกันเต็มท้องถนนที่จังหวัดน่าน
23-23987-15.wav	หลังจากได้ข่าวว่านายธนาทรจึงรุ่งเรืองกิจประธานคณะก้าวหน้าเนี่ย
23-23987-17.wav	แล้วก็ผู้สมัครนายกฯอบจ.ในภาคใต้ที่นี่
23-23987-18.wav	เพื่อจะวางแผนสู้ศึกเลือกตั้งนายกฯอบจ.นครศรีธรรมราชนะฮะ
23-23987-19.wav	คือทางกลุ่มคนปกป้องสถาบันเนี่ยบอกว่าต้องการเจอตัวนายธนาทร
23-23987-20.wav	ก็เหมือนกับในหลายๆพื้นที่ที่นายธนทรไปในช่วงเวลานี้ใช่
23-23987-22.wav	ก็ขอให้ทุกคันที่ออกมาจากโรงแรมเนี่ยต้องลดกระจกลงค่ะเพื่อจะดูว่านายธนาทรอยู่ในรถหรือไม่อืม
23-23987-32.wav	ถ้านายธนาทรไปปรากฏตัวที่ไหนในภาคใต้
23-23987-33.wav	ในช่วงเวลานี้ที่ไปช่วยหาเสียงนายกฯอบจ.เนี่ย
23-23987-36.wav	เมื่อวานนี้ก็มีเหตุการณ์ลักษณะแบบนี้ครับนายธนาทรประธานคณะก้าวหน้า
23-23987-37.wav	นำลูกทีมไปหาเสียงเลือกตั้งนายกฯอบจ.นี่เป็นที่จังหวัดระยองครับ
23-23987-39.wav	ตลาดนัดไทยธนุในเขตตัวเมืองบ้านฉางที่จังหวัดระยอง
23-23987-40.wav	ค่ะนะฮะก็ไปอืมไปดักรอนายธนาทรนี่ฮะ
23-23987-45.wav	มันก็จะเจอแบบนี้หลายๆที่เพราะว่าช่วงเนี้ยนายธนาทรก็จะไปหลายจังหวัด
23-23987-4.wav	ซึ่งก็ตามนายธนาทรไปในหลายๆจังหวัดนะฮะที่นครศรีธรรมราชวันนี้
23-23987-53.wav	ในหลายๆที่ในช่วงเวลาที่ช่วงนี้นายธนาทรเดินทางไป
23-23987-56.wav	นี่ค่ะอันนี้ก็คือสิ่งที่นายธนาทรทวิตเอาไว้ก็เป็นการตอบข้อสงสัยของหลายๆคนว่าสรุปแล้วรถคันนั้นที่ไม่ลดกระจกลงแล้วติดฟิล์มดำเนี่ยมันรถนายธนาทรจริงๆใช่ไหม
23-23987-10.wav	ตกลงแล้วนายธนาเป็นอย่างไรนะฮะนายธนาทรวันนี้ได้โพสต์ข้อความล่าสุดเอาไว้นะครับค่ะ
23-23987-5.wav	พอรู้ข่าวว่านายธนทรมาเนี่ยนะฮะวันนี้ไปตาม
23-23987-7.wav	แล้วรถคันไหนที่ออกมาจากโรงแรมที่รู้ว่านายธนาทรอยู่เนี่ย
23-23988-336.wav	ที่เชียงของจังหวัดเชียงรายที่ทุ่งช้างจังหวัดน่าน
23-23988-337.wav	ที่นายแห้วแล้วก็ด่านซ้ายที่เลย
23-23989-10.wav	ต้องรักษาในประเทศไทยชาวต่างชาติที่เดินทางเข้ามาตามข้อตกลงพิเศษ
23-23991-7.wav	บ้านหนองผูกเต่าตำบลศาลาลำดวนอำเภอเมืองจังหวัดสระแก้วนะคะ
23-23992-12.wav	เภอเอ่ออำเภอเมืองลำปางค่ะครับนางนุสราคนนี้เนี่ยร้องให้คนช่วยนะ
23-23993-35.wav	เป็นเป็ดนะครับขี้โมโหแล้วก็ค่อนข้างที่จะเป็นนางร้ายนิดๆนะครับ
23-23995-11.wav	ตำรวจเนี่ยนะตำรวจสภ.พานทองเนี่ยไปคุมตัวนายคนเนี้ย
23-23996-24.wav	เป็นบ้านเช่าที่อำเภอบางบัวทองจังหวัดนนทบุรี
23-23998-11.wav	กิ๊บก็ประกาศเลยตรงนี้ว่าเขาคิดถึงบทนางร้ายมาก
23-23998-2.wav	คนนี้ก็เป็นทั้งนางเอกมาแล้วเป็นทั้งนางร้ายมาแล้วด้วยเหมือนกันนะฮะ
23-23999-14.wav	คือนายประวิทย์เนี่ยขับมาแล้วก็มานั่งดื่มเบียร์ด้วยกันครับทีนี้ต้องถามเพื่อนบ้านค่ะ
23-23999-19.wav	จำไม่ได้ว่าทะเบียนอะไรนะซึ่งเป็นรถของนายอาร์มเนี่ย
23-23999-27.wav	แล้วก็รู้ว่ามีคนตายคนตายเนี่ยจริงๆก็เป็นเพื่อนกับนายอามนั่นแหละ
23-23999-31.wav	แล้วก็ไม่คิดไงว่านายประวิทย์จะถูกนายอาร์มยิง
23-23999-41.wav	ตามไปที่บ้านพักของนายอาร์มอยู่ที่คลองหลวง
23-23999-51.wav	แล้วก็ต้องนำตัวนายอาร์มเนี่ยดำเนินคดีตามกฎหมายต่อไปนะคะ
24-24000-0.wav	เอาล่ะครับท่านผู้ชมครับในช่วงเวลานี้เนี่ยจะอยู่ในจังหวัดพื้นที่สีไหนก็แล้ว
24-24000-57.wav	นายเนรมิตเหลืองอร่ามฟ้าพอเห็นคลิปพอรู้เรื่องเนี่ยเดินทางมา
24-24002-42.wav	อำเภอเมืองจังหวัดสุราษฎร์ธานีร้านเนี่ยนะครับจะปิดทุกวันที่1และ16ของทุกเดือน
24-24003-11.wav	ก็คือนางสาวศรีนวลนะคะเป็นภรรยานะคะ
24-24003-15.wav	ในพื้นที่หมู่5อำเภอบ้านหมี่จังหวัดลพบุรีนะคะ
24-24003-31.wav	ทะเลาะกันกับนายเทียรพงษ์เขาทองหรือนายยอด
24-24003-35.wav	นางสาวศรีนวลบอกว่าเธอก็รีบออกมาดู
24-24003-49.wav	ตำรวจก็ไปกับภรรยาเลยไปพบกับนายยอดที่ยืนรอมอบตัวอยู่จริง
24-24003-68.wav	ถูกนายชายชาญมาทำร้ายร่างกาย
24-24003-9.wav	ผู้เสียชีวิตคือนายชายชาญเข็มวงศ์อายุ40
24-24007-0.wav	คุณผู้ชมคะมาดูการรีวิวสถานที่กักตัวโควิด19ที่จังหวัดลพบุรีคลิปนี้กันหน่อยนะคะ
24-24007-1.wav	เธอบอกว่าเธอไปจากกรุงเทพจะกลับไปที่บ้านที่จังหวัดลพบุรี
24-24010-16.wav	ผู้สื่อข่าวไทยรัฐทีวีเนี่ยนะคะก็ได้ไปพบนายสวรรค์สุขสนิท
24-24010-19.wav	นายเกรียงไกรก็ซึ่งเป็นคนที่ยิงเนี่ยนะคะ
24-24010-26.wav	รปภ.ก็ทราบว่านายเกรียงไกรเนี่ยก่อเหตุยิงแฟนสาว
24-24010-45.wav	แม่และยายของนางสิริขวัญผู้เสียชีวิตเนี่ยนะครับ
24-24010-55.wav	แต่ว่านายเกรียงไกรมีนิสัยขี้หึงมาก
24-24010-62.wav	บอกว่าถูกนายเกรียงไกรเนี่ยทำร้ายร่างกายอีกแล้ว
24-24011-36.wav	แล้วก็เลี้ยวขวาหนีไปทางพื้นที่หมู่5ในบ้านห้วยกรดจังหวัดชัยนายคือเนี่ยชนแล้ว
24-24019-14.wav	ตำบลท่าตูมอำเภอศรีมหาโพธิ์จังหวัดปราจีนบุรีค่ะ
24-24019-17.wav	นายธนากรเป็นเจ้าของร้านนะคะเจ้าของร้านให้ข้อมูลว่า
24-24019-41.wav	ชื่อว่านางสาวอรัญญาเขาก็เล่าเหตุการณ์ให้ฟัง
24-24020-6.wav	เจ้าหน้าที่กู้ภัยมูลนิธิมิตรภาพสามัคคีหาดใหญ่จังหวัดสงขลานะครับ
24-24021-15.wav	พ่อกับแม่ของนายมังกรบอกว่าลูกชายเป็นคนนิสัยดี
24-24021-26.wav	ส่วนนางสำเนียงภรรยาของผู้ตายนะครับก็เล่าถึงปมเหตุต่างๆว่ามันเป็นแบบนี้ครับ
24-24021-29.wav	ที่รูปด้านหน้าโทรศัพท์เป็นรูปของสามีใหม่ก็คือนายมังกร
24-24021-4.wav	เป็นอดีตสามีของนางสำเนียงภักดีสมุทรอายุ41
24-24022-24.wav	เดินทางฮอดยุโรปเรียบร้อยแล้ว
24-24022-36.wav	ว่าสมกับความตั้งใจนะเดินทางไปครั้งนี้มากๆเต็มที่สุดๆเลยต้อง
24-24023-42.wav	แต่ปรากฏว่าไม่เจอสิ่งผิดปกติเลยนะครับก็ไม่ได้เจอร่องรอยของนายอมรเทพที่หายตัวไปนะฮะ
24-24023-43.wav	นายสมพงษ์เองนะฮะเป็นพ่อของอมรเทพก็บอกว่าตอนเนี้ยยังเชื่อมั่นว่าลูกชายยังมีชีวิตอยู่
24-24024-20.wav	อะแล้วก็นายรัชตะนั้นชี้แจงข้อเท็จจริงที่เกิดขึ้น
24-24024-266.wav	คือประมาณเวลา15:00น.เนี่ยที่ศาลแขวงจังหวัดนครปฐมเนี่ย
24-24024-429.wav	พ่อแม่ของโจรเนี่ยอยู่ที่จังหวัดกาฬสินธุ์ขอให้นำกระดูกขึ้นมา
24-24024-472.wav	มีจังหวัดลพบุรีชลบุรีราชบุรีนครราชสีมา
24-24024-477.wav	แล้วก็สาขาบริการโลหิตโรงพยาบาลประจำจังหวัดทั่วประเทศ
24-24024-959.wav	ตอนนี้แต่เราก็ยังไม่ทราบผลน่ะเนาะว่านางจะได้ตำแหน่งอะไรบ้าง
24-24024-966.wav	ชนะชนะในเมืองไทยนะนางก็เลยเอาไปใช้ประกวดที่ประเทศต่างประ
24-24027-98.wav	ทีมข่าวก็เลยลงพื้นที่ในพื้นที่ชุมชนสินมั่นคงอำเภอพระประแดงจังหวัดสมุทรปราการแถวนั้น
24-24030-11.wav	ในการค้นหาร่างของนายธวัชชัยสวัสดิ์อายุ40ปี
24-24030-21.wav	จนกระทั่งทุกคนออกตามหาก็มาพบรองเท้าของนายธวัชชัย
24-24030-25.wav	คาดว่านายธวัชชัยเนี่ยมาซ่อมปั๊มน้ำ
24-24030-40.wav	ช่วยกันตามหาว่านายธวัชชัยเนี่ยหายไปไหน
24-24030-52.wav	กับครอบครัวของนายธวัชชัยด้วยนะครับ
24-24032-18.wav	ก็เลยเดินทางไปเพื่อรอเข้าเฝ้านะคะ
24-24032-6.wav	อำเภอศรีราชาจังหวัดชลบุรี
24-24037-0.wav	เพราะชาวบ้านที่จังหวัดตากเขาหลั่งไหลกันไปร่วมพิธีบวงสรวงบรรจุหัวใจพญานาคค่ะ
24-24037-1.wav	นี่เห็นไหมว่าไปกันเยอะเลยไปที่วัดป่าเขาแหลมหรือวัดดอยจ้ออำเภอพบพระจังหวัดตากค่ะ
24-24037-4.wav	ในพิธีนี้มีเจ้าย่าเกล้ามหานาคีอุดรธานีพ่อปู่พุทธฤๅษีเทพนรสิงศ์แห่งพัทยาใต้จังหวัดชลบุรี
24-24038-13.wav	ครอบครัวเองก็โศกเศร้าเสียใจกันหมดนะฮะตอนนี้ทางแพทย์ของโรงพยาบาลที่จังหวัดตรังนะครับ
24-24038-8.wav	มาช่วยเหลือนำเด็กส่งโรงพยาบาลที่จังหวัดตรังนะฮะโรงพยาบาลตรัง
24-24040-16.wav	ก็มีการเดินทางไปที่วัดป่าอรัญญาวิเวกที่จังหวัดอำนาจเจริญเมื่อวานนี้นะคะ
24-24040-63.wav	ตนเองจึงจะเดินทางไปที่บ้านหมอปลาที่เพชรบุรีค่ะ
24-24041-20.wav	เหตุการณ์เกิดขึ้นที่จังหวัดขอนแก่นนะครับท่านผู้ชมครับ
24-24041-26.wav	บอกว่านั่งขายลอตเตอรี่อยู่ที่หน้าศาลหลักเมืองจังหวัดขอนแก่น
24-24042-35.wav	ผู้ก่อเหตุชื่อว่านางสมรอายุ61ปีค่ะ
24-24042-39.wav	แล้วคนเจ็บนั้นน่ะก็คือผัวของเธอเองอืมชื่อว่านายสมคิดค่ะ
24-24042-46.wav	เลยนั่งรถมาจากจังหวัดพระนครศรีอยุธยาจะมาเคลียร์ปัญหา
24-24043-0.wav	พาไปที่โรงเรียนแห่งนึงในจังหวัดอุดรธานีค่ะ
24-24043-10.wav	ครูและนักเรียนชั้นป.5โรงเรียนแห่งนึงในจังหวัดอุดรธานี
24-24046-0.wav	เพราะจากการเดินทางด้วยรถประจำทางแล้วนะครับ
24-24046-10.wav	แต่ภาพรวมของการเดินทางช่วงเทศกาลปีใหม่
24-24046-19.wav	ซึ่งรวมไปถึงแผนรองรับในช่วงการเดินทางกลับเข้าสู่กรุงเทพมหานคร
24-24046-1.wav	การเดินทางทางอากาศก็คึกคักไม่แพ้กันนะครับ
24-24046-39.wav	ที่จะเข้ามาใช้บริการให้เผื่อเวลาในการเดินทางไม่ต่ำกว่า1ชั่วโมง
24-24046-40.wav	เพื่อให้การเดินทางเป็นไปด้วยความสะดวกเรียบร้อย
24-24047-230.wav	แล้วเจ้าดังประจำจังหวัดพัทลุงกัน
24-24047-56.wav	น้ำยายอดฮิตประจำร้านขนมจีนนางลาดแล้วนะจ๊ะ
24-24047-85.wav	จังหวัดพัทลุงเป็นที่เรียบร้อยแล้วนะครับตอนนี้บนโต๊ะมีอะไรบ้างครับ
24-24049-20.wav	นายธนาทิพย์เป็นนักศึกษาของวิทยาลัยเทคนิคดอนเมืองนะครับเรียนอยู่แผนกช่างยนต์ชั้นปวช.3นะฮะ
24-24049-86.wav	กับทีมข่าวแฟนสาวของนายธนาทิพย์ค่ะ
24-24050-0.wav	ลงใต้ไปดูเหตุการณ์ที่จังหวัดนครศรีธรรมราชกันหน่อยนะคะ
24-24050-27.wav	แล้วก็นำตัวนายเรืองฤทธิ์ผู้ช่วยผู้ใหญ่บ้านไปสอบปากคำ
24-24052-34.wav	นายชานนท์เนี่ยไปก่อเหตุอีก
24-24052-36.wav	แต่นายชานนท์เนี่ยไม่พอใจด่าใส่ด้วยคำหยาบๆคายๆหลายครั้ง
24-24052-58.wav	น้องชายของนายชานนท์มาขอโทษตำรวจแทนพี่ชาย
24-24052-64.wav	นายชานนท์โดน3ข้อหาครับ
24-24054-15.wav	ในตำบลตะกุกใต้อำเภอวิภาวดีจังหวัดสุราษฎร์ธานี
24-24054-42.wav	ด้านนายสุรชัยเมืองประเทศอายุ41ปี
24-24054-9.wav	ที่ต้องมาสูญเสียที่พึ่งอย่างผู้นำชุมชนคนนี้ไปความสูญเสียครั้งนี้ทำให้นางบุญชูวัย67ปี
24-24056-4.wav	และนี่คือพิธีกรรมรับสืดสืบทอดมโนราห์ที่จังหวัดสงขลาค่ะ
24-24057-4.wav	เป็นเพลงที่พูดถึงความรักของคน2คนค่ะที่เดินทางมาถึงวินาทีสุดท้าย
24-24059-56.wav	บอกว่าจะเดินทางโดยใช้เฮลิคอปเตอร์
24-24059-59.wav	คือจากเดิมอาจจะเดินทางเป็นชั่วโมงถ้าเกิดเดินทางโดยรถยนต์
24-24059-72.wav	รวมทั้งบินสนับสนุนกำลังและสิ่งของที่จะเดินทาง
24-24061-13.wav	ตั้งใจเดินทางมาไหว้ขอพรที่นี่
24-24061-32.wav	06ซึ่งคำทำนายของใบ06เนี่ยเขาบอกว่า
24-24061-8.wav	เดินทางไปไหว้พระขอพรหลวงพ่อทันใจ
24-24061-9.wav	วัดพระธาตุดอยคำจังหวัดเชียงใหม่
24-24063-63.wav	นายวิษณุคนเจ็บขี่จักรยานยนต์พ่วงข้างออกมาที่ถนนหน้าบ้าน
24-24063-85.wav	ซึ่งหนึ่งในกรรมการชุมชนก็คือวิษณุคนเจ็บอ่าก็คือสามีของนางลำปางแม่คนเจ็บ
24-24064-250.wav	ทีนี้เนี่ยล่าสุดค่ะนางสาวรัชดาธนาดิเรกนะคะ
24-24064-317.wav	gikรู้อยู่แล้วว่า10จังหวัดที่ได้รับการเคอร์ฟิวเนี่ย
24-24064-318.wav	จังหวัดที่เป็นสีแดงเข้มแล้วกันอือ
24-24064-319.wav	อันนี้เขาจะเยียวยาเฉพาะ10จังหวัดที่เป็นสีแดงเข้ม
24-24064-373.wav	นอกจากนี้สิ่งหนึ่งที่ทุกคนจะได้ในพื้นที่10จังหวัดคือ
24-24064-375.wav	แบ่งเป็นลดค่าไฟในพื้นที่ที่ได้รับผลกระทบ10จังหวัด
24-24064-377.wav	แล้วก็ลดค่าน้ำในพื้นที่ที่ได้รับผลกระทบ10จังหวัด
24-24064-582.wav	ทราบว่าเป็นพระสังกัดวัดมหาวนารามพระอารามหลวงอำเภอเมืองจังหวัดอุบลราชธานี
24-24064-609.wav	ทางเพจยังโพสต์ภาพสามเณรจากวัดจังหวัดอุบลราชธานีที่แต่งกายเป็นสาวในใส่วิกทานอาหาร
24-24065-38.wav	ไปแจ้งความกับตำรวจที่จังหวัดสงขลาบอกได้เจอจดหมายข่มขู่ขู่ฆ่า
24-24065-42.wav	ซึ่งท่านรักษาการในตำแหน่งอัยการจังหวัดคดีศาลแขวงสงขลา
24-24065-45.wav	เมื่อวานนี้ครับ30ตุลาคมท่านไปทำงานที่สำนักงานอัยจังหวัดสงขลา
24-24065-64.wav	แก้แค้นเจ้าหน้าที่รัฐที่เคยรับราชการในจังหวัดพัทลุงที่
24-24065-65.wav	ทำให้เขาต้องติดคุกท่านอัยบอกท่านเพิ่งย้ายมาจากสำนักงานอัยการอัยเยาวชนและครอบครัวจังหวัดพัทลุง
24-24065-66.wav	มาทำงานที่จังหวัดสงขลาเมื่อ1เมษายนที่ผ่านมา
24-24065-75.wav	ดอนตะโกอำเภอเมืองจังหวัดราชบุรีก็ไปเจอพร้อมกับเมียเขาด้วยนะ
24-24065-85.wav	อืมนี่นายหนอนบอกใช่ผมขับรถเก๋งสีดำ
24-24066-11.wav	พรานเก่งชื่อจริงนายเสน่ห์เฟื่องฟูอายุ40ประมาณสัก42ปีได้เขาหายตัวไปนะเข้าไปหาของป่าแล้วก็เนี่ยหายไปเลยครับตั้งแต่15สิงหาคมนะฮะ
24-24066-35.wav	ทีนี้นักข่าวไปถามพ่อกับแม่นะฮะนางประคองกับนายประสงค์
24-24066-41.wav	ด้านหมอปลาไปหานู่นเลยฮะที่เพชรบุรีนะบ้านอยู่ชลบุรีเดินทางไปหาที่เพชรบุรี
24-24067-0.wav	มาดูเหตุการณ์เกิดขึ้นที่จังหวัดลำปางที่จังหวัดเชียงใหม่และที่จังหวัดลำพูน
24-24067-11.wav	จากนั้นตำรวจเนี่ยทราบว่าคนร้ายขับรถเก๋งของนายวิชาญ
24-24067-13.wav	ในอำเภอสารภีจังหวัดเชียงใหม่ลงจากรถเก๋ง
24-24067-19.wav	แล้วไปจนมุมที่หน้าตลาดทุ่งเกวียนอำเภอห้างฉัตรจังหวัดลำปาง
24-24067-7.wav	จุดแรกคือปั๊มน้ำมันเอสโซตำบลชมพูอำเภอเมืองจังหวัดลำปาง
24-24068-40.wav	แล้วนายธนวัฒน์ผู้ตายเนี่ยก็มีอาการเมาหนักเลย
24-24068-51.wav	อยู่ดีๆปรากฏว่านายธนวัฒน์เดินออกมาทางประตูหลังร้านครับ
24-24069-80.wav	และซึ่งเวลานี้เนี่ยก็ยังมีปัญหาในส่วนของ3จังหวัดชายแดนภาคใต้
24-24070-15.wav	ตำบลประชาธิปัตย์อำเภอธัญบุรีจังหวัดปทุมธานี
24-24071-0.wav	เราเดินทางมาถึงช่วงโค้งสุดท้ายครับ
24-24071-231.wav	เขากำลังจะเดินทางไปแข่งขัน
24-24072-13.wav	เธอบอกว่ายอมรับผิดที่เดินทางในช่วงเวลาที่ไม่ควรจะเดินทาง
24-24072-31.wav	สำหรับที่ผู้ที่เดินทางมาจากพื้นที่สีแดงเข้มโดยมีหลักฐานเป็นอะไร
24-24072-4.wav	แล้วก็ไม่กักตัวเป็นเวลา14วันตามมาตรการของจังหวัดเขาเนี่ยนะคะ
24-24072-7.wav	กรณีที่เธอเดินทางจากกรุงเทพฯซึ่งถือว่าเป็นพื้นที่สีแดงเข้ม
24-24073-34.wav	แจ้งความประสงค์เดินทางเข้าพบพนักงานสอบสวน
24-24075-101.wav	ตรงนี้เนี่ยนายกฯกำหนดไว้ชัดเลย
24-24081-104.wav	ที่อำเภอโคกศรีสุพรรณจังหวัดสกลนครค่ะ
24-24081-11.wav	เพราะว่าวัคซีนเนี่ยก็จะไปถึงโรงพยาบาลต่างๆในจังหวัดควบคุมสูงสุดและเข้มงวด13จังหวัด
24-24081-141.wav	นี่ครับเธอคนนี้ก็คือนางสาวรัศมี
24-24081-150.wav	เหตุเกิดเพราะว่านางสาวรัศมีเนี่ยเธอบอกว่า
24-24081-152.wav	ฉันสามีภรรยากับนายเอ
24-24081-153.wav	โดยที่ตัวเธอน่ะไม่รู้เลยว่านายเอมีเมียอยู่แล้ว
24-24081-162.wav	นายเอขับรถมาหาที่บ้านที่บ้านพ่อของผู้หญิงคนเนี้ย
24-24081-391.wav	พูดถึงเหตุการณ์ให้ฟังหน่อยค่ะนางถือมีดเข้ามาเลยเอาเงินมาเงินมา
24-24081-395.wav	จังหวัดนครราชสีมาก็เตรียมที่จะออกไปเพื่อที่ทำการตามล่าหาคนร้ายให้ได้นะครับ
24-24081-429.wav	เพราะมันเป็นเรื่องของความหลอนที่จังหวัดระยองอา
24-24081-449.wav	นิคมพัฒนาจังหวัดระยองนะคะทีนี้เราก็ต้องให้หมอปลาเข้ามาช่วยดูเรื่องนี้
24-24081-44.wav	ทั้งบกเรือและอากาศด้วยครับและสนับสนุนให้มีผู้แทนของสมัชชาสุขภาพจังหวัดนะครับ
24-24081-45.wav	ที่จะมีส่วนร่วมในการประชุมคณะกรรมการโรคติดต่อของทางจังหวัด
24-24081-46.wav	คือแต่ละจังหวัดมันจะสถานการณ์ไม่เหมือนกันไงจริงค่ะเพราะฉะนั้นก็จะมีมาตรการที่เข้มข้น
24-24081-492.wav	400ศพที่จังหวัดนครราชสีมาผมว่าเราได้เห็นกันแล้วแหละ
24-24081-503.wav	ล่าสุดนะครับตอนนี้เนี่ยทางทีมงานของยูทูบเบอร์นั้นนะฮะนำโดยคุณพ่อของนาย
24-24081-519.wav	ทางด้านนายประวิทย์อัศวินชัยประธานมูลนิธิพุทธธรรม31โคราชนี่นะคะ
24-24083-0.wav	ลุงอ้อนฮะลุงอ้อนอยู่ที่จังหวัดนครนายก
24-24088-4.wav	ไปที่วัดป่าเรไรตำบลบ้านสวนจังหวัดสุโขทัยนะคะ
24-24090-22.wav	ที่จังหวัดสมุทรปราการนะคะจุดนี้มีปลาทะเลให้คนเนี่ยตกบ่อยๆ
24-24091-15.wav	ในร้านสะดวกซื้อแห่งหนึ่งที่จังหวัดขอนแก่นนะครับ
24-24091-18.wav	ร้านสะดวกซื้อแห่งนี้อยู่ที่อำเภอกระนวนจังหวัดขอนแก่น
24-24091-32.wav	หลังก่อเหตุนะนายอานนท์ยังไปโพสต์ข้อความในเฟซบุ๊คส่วนตัวนะ
24-24091-62.wav	ก็รู้ว่าคบหากับนายอานนท์นะแต่ว่าไม่เคยคุยอะไรกับนายอานนท์
24-24091-63.wav	เพราะว่านายอานนท์ไม่เคยเข้ามาหาในฐานะลูกเขยอะไรเลยนะครับ
24-24091-64.wav	แต่รู้ว่านายอานนท์เคยมีภรรยามาก่อนแต่เลิกกันแล้วแล้วมาคบกับลูกสาว
24-24091-66.wav	ลูกสาวไม่พอใจเลยขอเลิกแต่นายอานนท์ไม่ยอมเลิก
24-24091-74.wav	ก็ทางผู้กำกับสภ.กระนวนนวนครับบอกว่านายอานนท์ยอมรับสารภาพนะครับ
24-24091-7.wav	โอ้โหนี่เป็นร้านสะดวกซื้อที่จังหวัดขอนแก่น
24-24092-41.wav	ก็ร่วมกับตำรวจภูธรจังหวัดชลบุรี
24-24092-50.wav	ที่จังหวัดชลบุรีนะคะ
24-24092-5.wav	ใช่ค่ะคือก่อเหตุที่จังหวัดชลบุรีค่ะ
24-24093-20.wav	แต่พอไปถึงเห็นว่าเครื่องสีข้าวยังเดินเครื่องปกติแต่ไม่เจอนางบัวลีเจ้าของโรงสี
24-24093-21.wav	ก็เลยพยายามมองหาพอมองไปที่เครื่องโอ้โหพบศพนางบัวลีติดอยู่กับแกนเพลาเครื่องสีข้าว
24-24095-1.wav	ไปที่บ้านเลขที่72หมู่3ตำบลเขาไม้แก้วอำเภอกบินทร์บุรีบินทร์ปราจีนบุรี
24-24096-113.wav	นายฤทธิเดชคนก่อเหตุกับนางรัศมีเนี่ย
24-24096-115.wav	แล้วนายฤทธิเดชคนเนี้ยไปมีเมียน้อย
24-24096-122.wav	บอกว่าสงสารนางรัศมีมากสงสารคนตายมาก
24-24096-135.wav	ซึ่งนางรัศมีมาเล่าให้เธอฟังนะบอกว่า
24-24096-152.wav	บอกแค่ว่ายังไงก็จะเอาเรื่องนายฤทธิเดชให้ถึงที่สุด
24-24096-153.wav	นายฤทธิเดชต้องได้รับผลกรรมอย่างสาสมค่ะ
24-24096-154.wav	ส่วนศพของนางรัศมีเนี่ยก็จะนำไปตั้งบำเพ็ญกุศลที่วัดสายลำโพงกลางนะคะ
24-24096-157.wav	และพรุ่งนี้จะนำตัวนายฤทธิเดชไปฝากขังที่ศาลจังหวัดนครสวรรค์นะคะ
24-24096-19.wav	แต่ว่าตัวของนายฤทธิเดชคนก่อเหตุเนี่ยมีสีหน้าเรียบเฉยนะ
24-24096-21.wav	ไม่ตอบคำถามผู้สื่อข่าวเลยครับแต่จากคำให้การของนายฤทธิเดชต่อพนักงานสอบสวน
24-24096-24.wav	ก็คือนางรัศมีเนี่ยทะเลาะกันรุนแรงมาก
24-24096-68.wav	นายฤทธิเดชอยู่ในอาการมึนอยู่แล้วนะคะ
24-24096-96.wav	ภรรยานางรัศมีเนี่ยก็ไปแจ้งความเอาเรื่องเรื่อยมาเป็นแบบนี้วนไปเรื่อยๆ
24-24096-97.wav	แต่สุดท้ายเขาก็ไม่เลิกกันไม่แยกกันอยู่เพราะหนึ่งรักนายฤทธิเดชมาก
24-24103-77.wav	ก็เลยเดินทางเซ้นส์ของคุณแม่เดินทางไปหาด้วยตัวเองเลย
24-24104-12.wav	หลังทั้งหมดมารายงานตัวเข้าเป็นนักเรียนนายสิบที่สโมสรตำรวจถนนวิภาวดีรังสิตค่ะ
24-24104-1.wav	ตำรวจนายสิบของกองบัญชาการตำรวจนครบาล
24-24104-22.wav	สำหรับผู้ที่ผ่านการสอบคัดเลือกนักเรียนนายสิบตำรวจในสังกัดกองบัญชาการตำรวจนครบาลปีนี้มีจำนวน1,000คนนะคะ
24-24104-27.wav	ขณะที่นายประสิทธิ์นั้นยังไม่ได้เดินทางไปพบกับพนักงานสอบสวน
24-24104-28.wav	ตามที่แจ้งให้เดินทางไปขอข้อมูลเมื่อวานนี้ครับ
24-24104-30.wav	ด้านนายประสิทธิ์ผู้จัดการผับชื่อดังที่เป็นคู่กรณีก็ได้โพสต์
24-24104-38.wav	ผู้สื่อข่าวก็พยายามติดต่อไปที่นายประสิทธิ์ครับ
24-24104-41.wav	โดยจะเดินทางไปพร้อมทนายความเพื่อให้การกับตำรวจเร็วๆนี้ครับ
24-24104-6.wav	แล้ววันนี้เองค่ะชุดจู่โจมกองบัญชาการตำรวจนครบาลได้ควบคุมตัวนักเรียนนายสิบนะคะที่ผ่านการสอบคัดเลือก
24-24104-9.wav	ตำรวจในขออภัยนะคะนักเรียนนายสิบตำรวจในสังกัดกองบัญชาการตำรวจนครบาล
24-24111-12.wav	ที่ตำบลประชาธิปัตย์อำเภอธัญบุรีจังหวัดปทุมธานีนะครับ
24-24111-30.wav	โดยนายโก้เนี่ยโยนกระป๋องแล้วจุดไฟไปที่กองหญ้า
24-24111-32.wav	สำหรับนายโก้เนี่ยเป็นคนที่ชอบดื่มเหล้า
24-24112-31.wav	เขาบอกว่าจริงๆเขาเนี่ยเป็นชาวจังหวัดสระแก้วนะ
24-24112-34.wav	เดินทางจากสระแก้วเข้าสู่กรุงเทพมหานครค่ะ
24-24114-75.wav	และเป็นคนจังหวัดพิษณุโลกก็เลยมีชื่อว่าหนุ่มพิษณุโลก
24-24116-13.wav	เรียนปวส.โรงเรียนแห่งหนึ่งในจังหวัดนครศรีธรรมราชนะฮะ
24-24116-21.wav	แต่นายคำรณให้การปฏิเสธแล้วก็ได้ประกันตัวไปสุดท้ายหลบหนีในชั้นศาลครับ
24-24117-29.wav	เต็มที่เหมือนกันเดินทางข้ามจังหวัดไปเลยไปได้แล้ว
24-24117-30.wav	อนุญาตท่องเที่ยวไปเลยไปไหนก็ได้อนุญาตแต่มันก็เสี่ยงนะ
24-24120-27.wav	ตำบลเกาะลิบงอำเภอกันตังจังหวัดตรังนี่ฮะไปตรวจสอบนะครับ
24-24120-54.wav	นางจะได้ลืมตาดูโลกแล้วน่ะ
24-24121-28.wav	ตำรวจกับสามีของนางบัวนางสาวบัวเรียนเนี่ย
24-24121-30.wav	แต่ว่านางสาวบัวเรียนเนี่ยก็ไม่มีท่าทีที่อ่อนลงนะครับ
24-24121-31.wav	เจ้าหน้าที่ก็รอจนกระทั่งนางสาวบัวเรียนนั้นเริ่มอิดโรยเนี่ย
24-24121-34.wav	จังหวะนี้เองแหละครับเป็นจังหวะที่เจ้าหน้าที่แล้วก็ตัวสามีของนางสาวบัวเรียนเนี่ย
24-24121-36.wav	รวมถึงต้องดึงอาวุธมีดออกจากมือของนางสาวบัวเรียนทันทีนะครับ
24-24121-38.wav	แต่ว่านางสาวบัวเรียนเองก็ยังไม่เลิกคลั่งนะฮะ
24-24121-41.wav	เนี่ยพอพาตัวของนางสาวบัวเรียนมานั่งท้ายรถกระบะของสายตรวจ
24-24121-42.wav	นางสาวบัวเรียนก็เกิดอาการคลุ้มคลั่งขึ้นมาอีกครั้งนะฮะนี่ฮะ
24-24121-49.wav	ซึ่งเป็นสามีของนางสาวบัวเรียน
24-24121-50.wav	ก็เปิดเผยบอกว่านางสาวบัวเรียนเนี่ยเป็นแม่ค้าขายก๋วยเตี๋ยวอยู่ที่สำเพ็งครับ
24-24121-59.wav	นางสาวบัวเรียนภรรยาเนี่ยป่วยครับเป็นโรคเครียดอยู่แล้ว
24-24121-61.wav	นอกจากนี้นางสาวบัวเรียนก็เคยประสบอุบัติเหตุ
24-24122-37.wav	ก่อนจะเดินทางต่อไปยังนครราชสีมา
24-24125-121.wav	อัยภาคมีหนังสือมาให้อัยการอัยค่ะ
24-24125-172.wav	อัยจังหวัดบอกว่ายังไม่ทันได้สำนวนจากตำรวจมาเลย
24-24125-175.wav	อันนี้รู้จักไอ้ทางจังหวัดค่ะจังหวัดเขาทางอัยเขาบอกว่าผมเนี่ย
24-24125-177.wav	ค่ะคือตอนนั้นอัยจังหวัดเป็นคนบอกคุณแม่ใช่ไหม
24-24125-179.wav	คุณแม่ขาตอนที่ตอนที่อัยการจังหวัดบอกคุณแม่ว่าตัวท่านน่ะยังไม่ทันได้ดูสำนวนที่ตำรวจส่งมาเลย
24-24125-181.wav	คือตอนนั้นเนี่ยสำนวนอยู่ในมืออัยจังหวัดแล้วใช่ไหม
24-24125-185.wav	การเขาบอกซึ่งเท่ากับว่าตอนที่สำนวนมาที่อัยการจังหวัดเนี่ยอัยการจังหวัดยังไม่ทันได้อ่าน
24-24125-196.wav	อ่าถึงมืออัยจังหวัดใช่ไหมอ่าใช่ค่ะ
24-24125-197.wav	แล้วอัยการจังหวัดยังไม่ได้ทำอะไรสำนวนก็ไปที่อัยการภาคอ่ะอ่า
24-24125-202.wav	จากอัยภาคกลับมาที่อัยการอัยวันที่เท่าไหร่คุณแม่
24-24125-207.wav	ตำรวจเป็นคนส่งให้อัยจังหวัดวันที่17มีนาใช่ไหมคุณแม่
24-24125-208.wav	อ่ะอ่ะอ่าโอเคเพราะฉะนั้นถึงมืออายการจังหวัดจากตำรวจที่สอบเพิ่มแล้ว
24-24125-216.wav	ใช่ส่งเลยเขาว่าส่งเลยอ่าแล้วทีนี้พอตำรวจส่งไปคือส่งรอบเนี้ยเป็นส่งให้อัยจังหวัดแล้วถูกไหมคะ
24-24125-233.wav	คนคนนั้นเขาบอกเขาไม่รู้เรื่องแล้วก็นายแดงก็ไม่รู้เรื่อง
24-24125-247.wav	เป็นอัยจังหวัดหรืออัยการอัยคะอันนี้เราอันนี้น่าจะเป็นอัยการภาคอัย
24-24125-286.wav	ขอความรู้หน่อยเอ่อขั้นตอนของอัยการที่อัยการอัยต้องเป็นคนรับคดีใช่ไหมคะ
24-24125-287.wav	ค่ะก็คือในพื้นที่อัยจังหวัดสระบุรีอ่า
24-24125-289.wav	เดี๋ยวมันไม่ใช่ว่าอัยการจังหวัดทำเสร็จแล้วค่อยส่งอัยการภาคเหรอ
24-24125-306.wav	แจ้งกลับมาที่อัยจังหวัดสระบุรีว่าถ้าสำนวนนี้เข้า
24-24125-328.wav	ก็เขาเขาเขาก็คิดว่าคือคือผู้ต้องหาเวลาอยู่ในจังหวัดเนี่ยนะ
24-24125-353.wav	คือแล้วตอนที่อัยจังหวัดส่งไปให้อัยการอัยเนี่ย
24-24125-354.wav	อัยจังหวัดเนี่ยมีความเห็นว่าต้องสอบเพิ่มไหมคะ
24-24125-355.wav	อัยจังหวัดเขาบอกว่าเขามีความเห็นควรสั่งฟ้องไว้แล้ว
24-24125-444.wav	ไปพบอัยการอ่าที่จังหวัดสระบุรีเพราะเขาฟ้องคนที่3ไปแล้ว
24-24128-0.wav	พาไปดูเหตุการณ์ที่จังหวัดขอนแก่นค่ะเขามีการจัดงานกาชาดชาด14มีนาคมวันสุดท้าย
24-24128-26.wav	คือวัยรุ่น2กลุ่มนี้ต่างกลุ่มก็เดินทางมาเที่ยวงานกาชาดชาดสุดท้ายค่ะ
24-24128-6.wav	เหตุการณ์เกิดขึ้นบนถนนแจ้งสนิทเขตเทศบาลเมืองบ้านไผ่จังหวัดขอนแก่น
24-24131-167.wav	ทนายตั้มก็ออกมาตั้งสังเกตว่ามันเป็นขบวนการ
24-24131-171.wav	ทนายตั้มจะพูดอะไรก็ต้องรับผิดชอบคำพูดของตัวเองด้วยนะครับ
24-24131-247.wav	มีคำสั่งไปยังอัยจังหวัดนนทบุรี
24-24131-264.wav	ประเด็นที่4ครับสอบปากคำนายบอล
24-24131-276.wav	ทางด้านนายประยุทธ์เพชรคุณรองโฆษกสำนักงานอัยการสูงสุดอัยบอกว่า
24-24131-50.wav	ทนายเดชาเป็นห่วงว่าสักวันไหมล่ะ
24-24131-89.wav	เป็นหน้าที่ของทีมกฎหมายของส.ส.เต้และนายอัจฉริยะ
24-24132-6.wav	ที่บ้านตำบลดงมูลอำเภอหนองกุงศรีจังหวัดกาฬสินธุ์
24-24133-19.wav	นะคะคนงานชาวพม่าคนนี้ชื่อว่านายมินทุยหรือนายโกโก้อายุ19ค่ะ
24-24133-36.wav	แต่ตัวนายมินลูกจ้างชาวพม่าคนนี้เขาบอกว่าเขาไม่พอใจ
24-24133-43.wav	ก็เลยมีการแกะรอยจนตามจับได้จับตัวนายมินคนก่อเหตุได้ที่อำเภอมหาชัยจังหวัดสมุทรสาคร
24-24133-63.wav	พอทำแผนเสร็จเนี่ยค่ะจังหวะที่นำตัวนายมินหรือว่านายโกโก้ผู้ต้องหาเนี่ย
24-24133-87.wav	มีแค่นายคนนี้คนเดียวเท่านั้นแหละที่เป็นผู้ต้องหา
24-24134-17.wav	หมู่5ตำบลบ้านนาอำเภอบ้านนาเดิมจังหวัดสุราษฎร์ธานีเหตุการณ์เกิดขึ้นเช้าวันนี้ครับ
24-24134-19.wav	รถตู้คันนี้กำลังลำเลียงศพที่บรรจุอยู่ในโรงศพจะไปส่งที่จังหวัดยะลา
24-24134-24.wav	บอกว่าเดินทางมาจากปทุมธานีออกมาตอน4ทุ่มเมื่อคืน
24-24134-6.wav	จะนำไปส่งที่จังหวัดยะลาค่ะหลับในฮะแถวสุราษฎร์ธานีอือ
24-24135-56.wav	ในอีกไม่นานเราต้องเดินทางไปสู่เปิดประเทศ
24-24136-17.wav	ซึ่งก็เป็นคุณแม่ของน้องไอซ์นี่แหละก็ได้เดินทางมาร่วมพิธีสวดอภิธรรมศพนะคะ
24-24137-0.wav	พาไปที่ร้านป้าเกษมที่จังหวัดนครราชสีมากันเลย
24-24137-26.wav	อำเภอโนนแดงจังหวัดนครราชสีมา
24-24137-2.wav	ตำบลวังหินอำเภอโนนแดงจังหวัดนครราชสีมาค่ะ
24-24137-55.wav	แล้วก็การันตีความอร่อยมายาวนานกว่า30ปีแล้วที่จังหวัดเจียงใหม่เจ้า
24-24138-5.wav	คุณบอกเลยว่าตั้งใจดูหรืออยู่จังหวัดใกล้เคียง
24-24139-11.wav	เข้ามาในพื้นที่จังหวัดภูเก็ตนะครับ
24-24139-53.wav	โดยเฉพาะพื้นที่จังหวัดภูเก็ตแล้วก็สาธารณสุขกลางเนี่ย
24-24139-8.wav	ที่จังหวัดภูเก็ตโดยด่วนเลยนะครับก็ให้ข้อมูลแบบนี้ว่า
24-24141-335.wav	ก็มีระดมทุกภาคส่วนทุกจังหวัดทุกหน่วยงานทุกสถานที่ฉีด
24-24141-541.wav	ราคาแพงที่มันเดินไปทุกเดือนทุกเรือนจังหวัดโน้นจังหวัดนี้
24-24141-82.wav	ทำให้กรุงเทพฯอย่างเดียวนะครับวันนี้ก็มีหลายจังหวัดแล้ว
24-24141-83.wav	ที่เริ่มมีโครงการรถไฟฟ้านะครับอันนี้ในหลายจังหวัด
24-24141-84.wav	ทั้งจังหวัดท่องเที่ยวนะจังหวัดที่มีอะไรล่ะ
24-24141-85.wav	ศักยภาพนะครับก็มีหลายจังหวัดเพิ่มแล้ว
24-24141-86.wav	วันหน้าก็อาจจะมีในทุกจังหวัดนั่นแหละตั้งเป้าหมายไว้อย่างนี้นะครับ
24-24145-16.wav	ใครที่จะเดินทางไปอินเดียแล้วก็บริเวณพื้นที่ฝั่งตะวันออกของพื้นที่ประเทศอินเดีย
24-24145-69.wav	ยังไงใครที่จะวางแผนท่องเที่ยวตามจุดต่างๆทั่วประเทศไทย
24-24145-71.wav	ช่วงนี้สภาพอากาศแปรปรวนนะครับตรวจสอบสภาพอากาศแล้วก็วางแผนการเดินทางดีๆนะครับ
24-24148-8.wav	จังหวัดนครนายกเมื่อวานนี้เองนะคะ
24-24151-12.wav	สร้างเอกลักษณ์ให้กับหมู่บ้านของเราให้กลายเป็นหมู่บ้านท่องเที่ยวให้ได้
24-24152-11.wav	เมื่อวานเนี่ยนะฮะจ๊อปเองมีผู้หญิงคนหนึ่งซึ่งตอนแรกเนี่ยเข้าใจว่าเป็นแฟนสาวเดินทางมาด้วย
24-24153-0.wav	คุณผู้ชมค่ะอีก1จังหวัดที่คาดว่าก็จะได้รับผลกระทบจากอิทธิพลของพายุโซนร้อนปลาบึก
24-24153-1.wav	นั่นก็คือจังหวัดประจวบคีรีขันธ์แม้ว่าตอนนี้เนี่ยพายุลูกนี้อาจจะไม่ได้เคลื่อนที่เข้าจังหวัดประจวบคีรีขันธ์โดยตรงนะคะ
24-24153-23.wav	จะส่งผลกระทบที่จังหวัดประจวบคีรีขันธ์ด้วย
24-24153-27.wav	ที่ชั้นศาลศาลากลางจังหวัดประจวบคีรีขันธ์
24-24153-9.wav	พบว่าอุณหภูมิที่จังหวัดประจวบคีรีขันธ์
24-24153-3.wav	ส่วนวันนี้ท้องฟ้าที่จังหวัดประจวบคีรีขันธ์มืดครึ้มตลอดทั้งวันเลยค่ะแล้วก็มีกระแสลมแรงด้วยอะนะคะ
24-24154-34.wav	นายนิติกรบอกอีกว่าไม่เคยมีเรื่องทะเลาะกับใครนะฮะ
24-24154-12.wav	นายนิติกรบอกว่าครอบครัวทำอาชีพเรื่องของทำธุรกิจอสังหาริมทรัพย์
24-24154-6.wav	ในบ้านของนายนิติกรจิตประสงค์ในหมู่บ้านเคียงเมืองตำบลโพธิ์อำเภอเมืองหนองคาย
24-24158-6.wav	พาไปอิ่มน้ำสำราญกันให้สบายกระเป๋าที่ตลาดน้ำสามโก้จังหวัดอ่างทอง
24-24164-0.wav	อ่ะคุณผู้ชมฮะมาดูพิธีใหญ่กันหน่อยของชาวหลีเป๊ะที่จังหวัดสตูลนะฮะ
24-24164-18.wav	ไม่ว่าจะเดินทางไปอยู่ที่ไหนก็จะกลับมาอยู่พร้อมหน้าพร้อมตากันนะฮะ
24-24166-13.wav	เข้าไปคุยกับแม่ของนายแหลมอะค่ะค่ะ
24-24166-38.wav	แม่บอกว่าก็จะแจ้งความกับตำรวจให้ดำเนินคดีกับนายแหลมลูกชายให้ถึงที่สุดนะคะ
24-24166-3.wav	เหตุการณ์นี้เกิดขึ้นในพื้นที่บ้านปริงเปนหมู่1อำเภอเมืองจังหวัดบุรีรัมย์ค่ะ
24-24166-4.wav	นายบุญเลิศหรือนายแหลมอายุ33จับนางสมานอายุ70
24-24166-75.wav	พบว่านายแหลมถูกนำตัวส่งโรงพยาบาลไปแล้ว
24-24166-85.wav	อาการล่าสุดตอนนี้ก็คือนายแหลมยังไม่รู้สึกตัวนะครับ
24-24166-86.wav	โดยตลอดเวลาที่นายแหลมถูกคุมขังเจ้าหน้าที่บอกว่า
24-24166-90.wav	แฟนของนายแหลมที่มาช่วยเกลี้ยกล่อมตอนเกิดเหตุบอกกับทีมข่าวของเราบอกว่า
24-24166-91.wav	รู้จักกับนายแหลมมาได้สองปีแล้วนายแหลมเป็นคนชอบกินเหล้า
24-24166-94.wav	แล้วครอบครัวของฝ่ายหญิงเขาก็ไม่ยินยอมให้คบกับนายแหลมอีกแต่ก็ยังติดต่อกันอยู่
24-24166-9.wav	ไปรับตัวแฟนสาวของนายแหลมมาช่วยคุยให้หน่อย
24-24167-1.wav	หลังจากที่มาดามแป้งเดินทางไปถึงก็โอ้โหปลุกพลังนะครับ
24-24169-13.wav	เป็นแพทย์ประจำโรงพยาบาลพุทไธสงที่จังหวัดบุรีรัมย์
24-24169-30.wav	ก็บอกว่าตอนเนี้ยรู้ตัวผู้ก่อเหตุ2คนแล้วคนขี่รถก็คือนายพงษ์ศิริ
24-24171-3.wav	น้องดอมเนี่ยตอนที่ติดอยู่ในถ้ำหลวงที่จังหวัดเชียงรายนะ
24-24171-6.wav	ขุนน้ำนางนอนที่ตำบลแม่สายจังหวัดเชียงราย
24-24172-23.wav	จึงไปร้องเรียนผ่านสมาคมนักข่าวนักสื่อสารมวลชนจังหวัดสระแก้ว
24-24172-3.wav	เข้าไปรักษาตัวในโรงพยาบาลที่จังหวัดสระแก้ว
24-24173-9.wav	เป็นพื้นที่ตำบลอ่างคีรีในอำเภอมะขามจังหวัดจันทบุรีค่ะ
24-24174-31.wav	กลัวว่าถ้านายแมนยังไม่โดนจับยังไม่ถูกดำเนินคดี
24-24174-57.wav	คุณจ๋าแจ่มสีนักข่าวของเราก็มีโอกาสได้ถามนายแมนถึงเหตุการณ์ที่เกิดขึ้น
24-24174-58.wav	นายแมนบอกแบบนี้ค่ะนายแมนบอกว่าให้ฟังข้อมูลจากฝั่งผมด้วยนะ
24-24174-73.wav	ในส่วนของนายแมนก็คือพยายามฆ่าครับ
24-24176-25.wav	ทำหน้าที่พนักงานสื่อวิทยุเอ่อวิทยุสื่อสารประจำสถานีตำรวจภูธรเวียงสระจังหวัดสุราษฎร์ธานีค่ะ
24-24181-3.wav	ดังนั้นช่วงนี้ไปดูบรรยากาศของประชาชนที่จะอ่าทยอยเดินทางเข้าไปผ่านจุดคัดกรองที่9นะครับ
24-24181-46.wav	คุณผู้ชมครับจนถึงขณะนี้ยังคงมีประชาชนทยอยเดินทางมาต่อแถวกันอย่างต่อเนื่องนะครับ
24-24181-9.wav	ขณะนี้ประชาชนนั้นก็ยังคงทยอยเดินทางมาต่อแถว
24-24184-20.wav	นายอัศนีเป็นเลขานุการนายกเทศมนตรีนครเชียงใหม่
24-24185-15.wav	ที่อำเภอบ้านบึงจังหวัดชลบุรีตำรวจสภ.บ้านบึงไปตรวจสอบนะคะ
24-24185-16.wav	นายนิกรแซ่อึ้งอายุสาม32คนนี้ค่ะถูกยิงเข้าที่หลัง
24-24185-32.wav	จู่ๆนายภาคินมาเลยเหมือนกับว่าน่าจะไปเจอกันโดยบังเอิญน่ะคะ
24-24185-53.wav	หลายปีก่อนตัวนายนิกรคนเจ็บอะค่ะ
24-24185-54.wav	เคยยืมเงินจากนายภาคินแล้วก็ไม่ยอมใช้คืน
24-24185-56.wav	นายภาคินบอกว่าเคยถูกผู้บาดเจ็บ
24-24185-61.wav	นายภาคินก็เลยอ่ะไปทวงเงินอีกรอบนึง
24-24185-63.wav	นายภาคินก็ให้ข้อมูลเหมือนกับว่าโมโหอะ
24-24185-64.wav	ก็เลยใช้ปืนยิงใส่นายนิกรจากด้านหลัง
24-24186-7.wav	ตำบลคลองโคนอำเภอเมืองจังหวัดสมุทรสงครามก็มาตามเส้นพระราม2นั่นแหละคุณผู้ชม
24-24187-105.wav	ส่วนที่จังหวัดระยองค่ะชาวบ้านบ้านหวายกรองหมู่2ในอำเภอบ้านค่ายก็ออกมาร้องเรียนนะคะว่า
24-24187-106.wav	จังหวัดเนี่ยมีการย้ายผู้ป่วยโควิดมาหอพัก4ชั้นที่ตั้งอยู่ในพื้นที่
24-24187-17.wav	อายุ70ปีอยู่ที่อำเภอแม่สอดจังหวัดตากลักลอบเดินทางเข้าประเทศ
24-24187-21.wav	กล่าวถึงความคืบหน้าอาการของนายวีรศักดิ์วิจิตแสงสีผู้ว่าราชการจังหวัดสมุทรสาครนะคะ
24-24187-36.wav	ที่นายอนุทินชาญวีรกูลรองนายกรัฐมนตรีและรัฐมนตรีว่าการกระทรวงสาธารณสุข
24-24187-67.wav	เกือบทุกจังหวัดเลยที่มีการยกระดับมาตรการคุมเข้ม
24-24187-90.wav	อีก1จังหวัดที่ยกระดับมาตรการคุมเข้มคือนนทบุรีนะคะ
24-24188-6.wav	บ้านหลังนี้อยู่ที่ตำบลเชียงเครืออำเภอเมืองจังหวัดกาฬสินธุ์ก็ควบคุมตัวไว้ได้นะคะ
24-24188-8.wav	แล้วในบ้านหลังนี้ก็มีผู้เสียชีวิต2ศพคือนายวันดีกับนางสุชาดา
24-24189-15.wav	รูปเนี้ยปูบอกว่าแต่งตัวเป็นนางเงือกจ้า
24-24190-0.wav	กินปลากันบ้างนะคะที่จังหวัดนครพนมนะคะ
24-24190-6.wav	เป็นชาวบ้านในตำบลดงขวางอำเภอเมืองจังหวัดนครพนม
24-24195-6.wav	วิหาร3วันก่อนจะเดินทางไปจำวัดเจริญภาวนา
24-24198-9.wav	อายุ17ปีเป็นชาวจังหวัดนครราชสีมา
24-24199-2.wav	ก่อนที่จะเดินทางต่อไปที่ประเทศญี่ปุ่นครับ
24-24201-13.wav	เล่าว่านำเมล็ดพันธุ์น้ำเต้ายักษ์นี้นะครับมาจากจังหวัดเชียงใหม่
24-24201-26.wav	เป็นสับปะรดสายพันธุ์ใหม่ของอำเภอบ้านคาจังหวัดราชบุรี
24-24202-159.wav	ในอำเภอสวนผึ้งจังหวัดราชบุรีเนี่ยค่ะ
24-24203-4.wav	พร้อมด้วยเพื่อนสนิทก็ยังเดินทางนำดอกไม้สีขาวนะซึ่งก็เป็นสีที่คุณแตงโมเนี่ยชื่นชอบ
24-24204-140.wav	เรื่องที่ว่าเขาร้องเรียนว่ามีตำรวจนายนึงไปรีดเงิน
24-24204-45.wav	เขาร้องตำรวจนายนึงว่าไปรีดเงินยาเสพติดเขาอา300กว่าคนค่ะ
24-24204-72.wav	เรียนนายกรัฐมนตรีรองนายกรัฐมนตรีนายสมศักดิ์เทพสุทินนายกถึงท่านเศรษฐาด้วยนะ
24-24207-0.wav	ส่วนเหตุการณ์ที่จังหวัดประจวบคีรีขันธ์นะคะมีแม่กับลูกวัยแค่2ขวบ
24-24211-265.wav	ที่อำเภอเมืองจังหวัดสระบุรีรับฟังปัญหาและ6โมงจะไปเวียนเทียนที่วัดพระพุทธฉาย
24-24211-273.wav	โดยการปั้นข่าวประกาศว่านายพิธาลิ้มเจริญรัตน์จะมาเวียนเทียนที่วัดพระพุทธฉาย
24-24212-13.wav	แล้วผู้เสียชีวิตก็คือนายสิงหามีประเสริฐอายุ15ปี
24-24212-14.wav	เพิ่งเปลี่ยนคำนำหน้าจากเด็กชายเป็นนายได้ไม่นานค่ะ
24-24212-47.wav	คนที่2ชื่อว่านายบอยอายุ16ปียังเป็นเยาวชนอยู่เลยนะ
24-24212-60.wav	ทีนี้จากนั้นนายบอยกับเด็กชายเบียร์ก็คือคนอายุ16กับ14ปีเนี่ย
24-24214-23.wav	อ๊ะเอ้อปรากฏนางร้ายคุณผู้ชมขาชอบแย่งแฟนชาวบ้าน
24-24215-22.wav	สายในตำบลป่างิ้วอำเภอเมืองจังหวัดอ่างทองนะคะ
24-24216-42.wav	เชิญคณะนักเรียนโรงเรียนไทยรัฐวิทยา82จังหวัดนครราชสีมา
24-24217-15.wav	จังหวัดชลบุรีค่ะนี่คุณเห็นไหมนี่คือสภาพร่างกาย
24-24217-7.wav	อยากกลับบ้านไปที่จังหวัดชลบุรีค่ะไม่ทำแล้วอืมอืม
24-24218-14.wav	ลูกค้าหลายรายโดยเฉพาะนายสมควรสุจริตวรกูลเนี่ยบอกว่า
24-24219-6.wav	ที่บริเวณสนามหน้าที่ว่าการอำเภอสบเมยจังหวัดแม่ฮ่องสอนนะครับ
24-24220-21.wav	อยู่อนุบาล2โรงเรียนกิติยาจังหวัดมหาสารคาม
24-24221-152.wav	มีหลวงปู่พรหมมาจากจังหวัดอุบลราชธานี
24-24222-116.wav	มาพร้อมชาวบ้านสัก20คนเดินทางไปที่ศาลาไอ้ส้มฉุน
24-24222-16.wav	แม่บ้านทหารนะครับนางสุภาพ
24-24222-60.wav	ทีนี้พาไปที่จังหวัดอุดรธานี
24-24222-64.wav	แล้วจะบอกว่าอุดรธานีนะจังหวัดนี้ชื่อเขาก็ดีค่ะ
24-24222-8.wav	กลายเป็นเศรษฐีรายใหม่ของจังหวัด2คน
24-24222-99.wav	คือน้องโบเนี่ยเป็นสาวโรงงานที่จังหวัดนครปฐม
24-24223-145.wav	และนายชวนหลีกภัยอยู่ในขณะนี้ครับครับ
24-24223-64.wav	และนายสถิตนิ่มพงษ์พันธ์ให้เป็นเลขาธิการพรรค
24-24225-2.wav	ของชาวจังหวัดเพชรบูรณ์เขา
24-24227-16.wav	แล้วก็ให้นายชาติชายอุทัยพันธ์ผู้ว่าราชการจังหวัดสมุทรปราการ
24-24227-18.wav	นอกจากนี้นะคะคาดว่าจะมีการเสนอให้นายภานุแย้มศรี
24-24227-1.wav	สำหรับกรณีที่มีคนในพื้นที่หลายจังหวัดล่ะต้องบอกว่าหลายพื้นที่จริงๆ
24-24227-25.wav	เป็นการโยกย้ายสลับจังหวัดใช่ค่ะนะฮะยังเป็นผู้ว่าอยู่ทั้ง2ท่านนั่นแหละนะครับ
24-24227-29.wav	แต่บอกว่าต้องให้ผู้ว่าออกจากจังหวัดต้องไล่ผู้ว่าราชการจังหวัด
24-24227-9.wav	ให้มีการโยกย้ายผู้ว่าราชการจังหวัด2จังหวัดด้วยกัน
24-24229-0.wav	อีกหนึ่งเหตุการณ์เกี่ยวกับน้ำเหมือนกันคุณผู้ชมค่ะที่จังหวัดชลบุรีมีชาวบ้านเนี่ย
24-24229-21.wav	คนที่เข้าไปเจอคือนายวิทูลเนี่ยบอกว่าเขาออกมาหาปลา
24-24232-103.wav	เป็นผู้หญิงคนนึงจำได้ไหมบัญชีแรกที่โอนไปชื่อเป็นชื่อผู้หญิงชื่อนางสาววงเดือน
24-24232-106.wav	ก็เลยบอกว่าเธอบอกว่าเดี๋ยวจะพูดคุยรายละเอียดกันแล้วก็เช้าวันนี้แหละจะเดินทางไปแจ้งความกับคนที่หลอกเธอ
24-24232-92.wav	คุณลุงที่จังหวัดนครราชสีมาถูกรางวัลที่1
24-24233-23.wav	กู้ภัยเข้าช่วยเหลือนายปริญญาตือติ่งอายุ34ปีคนขับพบว่า
24-24233-71.wav	มาจากจังหวัดเชียงใหม่มุ่งหน้าตลาดศรีเมืองจังหวัดราชบุรี
24-24234-14.wav	ที่จะยกมือให้นายพิธาเป็นนายกรัฐมนตรีอยากจะปิดสวิตช์ตัวเองก็มีทางเลือกให้
24-24234-20.wav	นางสาวศิริกัญญาก็บอกว่าก็จะเป็น1ในประเด็นที่จะมาพูดคุยกันในวันนี้ค่ะ
24-24234-22.wav	ยืนยันเรื่องการแก้ไขรัฐธรรมนูลมาตรานี้หากไม่ผ่านโหวตนายพิธาในครั้งที่2ไม่ได้ก็จะเปิดทางให้พรรคเพื่อไทยเป็นแกนในการจัดตั้งรัฐบาล
24-24234-34.wav	ค่ะนางสาวศิริกัญญายังได้ชี้แจงถึงเหตุผลที่พรรคก้าวไกลไม่สามารถถอยเพดาน
24-24234-40.wav	ด้านนายสุริยะจึงรุ่งเรืองกิจนะคะในฐานะ1ในทีมเจรจาของพรรค
24-24234-42.wav	โดยนายสุริยะได้กล่าวกับผู้สื่อข่าวสั้นๆว่าการประชุมในวันนี้นะคะ
24-24234-44.wav	เนื่องจากเพิ่งเดินทางกลับจากต่างประเทศค่ะ
24-24234-46.wav	เมื่อผู้สื่อข่าวถามว่าใครจะเข้าเจรจาบ้างนายสุริยะก็บอกว่าไม่ทราบค่ะ
24-24234-48.wav	ส.ส.บัญชีรายชื่อแล้วก็เลขาธิการพรรคก้าวไกลอย่างนายชัยธวัชตุลาธน
24-24234-49.wav	ก็เดินทางมาเตรียมความพร้อมและยังมีรายงานว่า
24-24234-50.wav	หัวหน้าพรรคและก็แคนดิเดตพรรคก้าวไกลนายพิธาลิ้มเจริญรัตน์
24-24234-6.wav	โดยคนแรกที่ปรากฏตัวให้สื่อมวลชนเห็นก็คือนางสาวศิริกัญญาตันสกุลรองหัวหน้าพรรคก้าวไกลมาถึงตึกไทยซัมมิทตั้งแต่เวลา14:50น.ค่ะ
24-24234-9.wav	ประเด็นหลักที่จะหารือกับพรรคก่อนจะประชุมร่วมกับ8พรรคก็พรรคเรื่องของการโหวตนายพิธาในวันที่19นี้
24-24235-18.wav	นี่ฮะลูกชิ้นยืนกินอยู่ที่สถานีรถไฟบุรีรัมย์นี่ภาพนี่ผู้สื่อข่าวของเราที่จังหวัดบุรีรัมย์ถ่ายมาให้ดูนี่เห็นไหม
24-24235-28.wav	ล่าสุดเนี่ยที่ประชุมครม.วันนี้นะครับนายกรัฐมนตรีก็พูดถึงนะครับ
24-24237-20.wav	คือนายสมนึกอายุ45เป็นคนราชบุรีผัวผู้ตายครับไม่ได้หนี
24-24238-11.wav	แต่ทำไมตำรวจถึงไม่เดินทางมาที่จุดเกิดเหตุแล้วข้ออ้างของตำรวจ
24-24238-13.wav	มันไม่ใช่เหตุเฉพาะหน้าไม่มีหมายจับและนายโอ๊ตไม่ใช่ผู้ต้องหา
24-24238-14.wav	ก็เลยเดินทางไประงับเหตุไม่ได้นะคะแล้วเนี่ยญาติกลายเป็นว่าญาติเดือดมาก
24-24238-15.wav	คือญาติบอกว่าต้องรอให้คนตายก่อนใช่ไหมต้องรอให้นายโอ๊ตฆ่าแม่ก่อนใช่ไหม
24-24238-16.wav	ถึงเดินทางเข้ามาระงับเหตุแบบนี้อะค่ะนี่นะคะคุณผู้ชมเป็นเหตุการณ์ที่เกิดขึ้นค่ะ
24-24238-19.wav	ก็เดินทางไปที่นิติเวชโรงพยาบาลศิริไปรับศพของพี่ชายตัวเอง
24-24238-43.wav	ครอบครัวจะเดินทางไปทำพิธีเชิญดวงวิญญาณของคุณแม่
24-24238-66.wav	ผู้ตายก็คือนายโอ๊ตเนี่ยตอนที่ไปก่อเหตุทำร้ายร่างกายแม่
24-24241-184.wav	จังหวัดที่เล็กที่สุดในประเทศไทย
24-24246-18.wav	ไม่จ้ะนางวิ่งขึ้นไปแล้วก็ไปเดินทรงตัวใหม่อีกรอบอะคุณผู้ชม
24-24247-22.wav	ส่วนจังหวัดที่ไม่มีผู้เสียชีวิตเลยหรือว่าตายเป็น0
24-24247-7.wav	ส่วนจังหวัดที่เกิดอุบัติเหตุสูงสุดอยู่ที่สุราษฎร์ธานี19ครั้ง
24-24248-6.wav	ทางครอบครัวก็รีบเดินทางไปดูเนี่ยค่ะ
24-24249-62.wav	ว่าการกระทรวงมหาดไทยนายชาดาไทเศรษฐ์ที่ตอนนี้ท่านได้รับมอบหมายให้ปราบปราม
24-24249-81.wav	นายอนุทินชาญวิรากูลครับรองนายก
24-24249-86.wav	ส่วนนายชาดาก็ยอมรับโทรมาบอกผมแล้ว
24-24252-14.wav	ก็เลยติดต่อไปที่นางสาวพรทิพย์นะฮะ
24-24252-15.wav	ซึ่งเป็นเพื่อนบ้านที่เดินทางไปด้วยกันกับเด็กๆ
24-24252-16.wav	นางสาวพรทิพย์บอกว่าเริ่มไม่น่าไว้ใจแล้ว
24-24252-23.wav	พอมาถึงบ้านสอบถามไปยังนางสาวโบที่เดินทางมาติดต่อก็ไม่ยอมรับนะ
24-24252-25.wav	ยังไม่ได้มีการติดตัวนางสาวโบไปสอบปากคำใดๆนะครับ
24-24252-26.wav	ขณะที่นางโสภาซึ่งเป็นชาวบ้านในพื้นที่บอกว่าตอนเนี้ยชาวบ้านในพื้นที่หวาดผวามาก
24-24252-7.wav	มีเพื่อนบ้านคนนึงชื่อว่านางสาวโบอายุสัก18ปีมาติดต่อขอให้ลูกสาวของเธอเนี่ยนะฮะ
24-24254-20.wav	ใช่จังหวัดนครปฐมเต็มไปด้วยนักท่องเที่ยวสายบุญสายตัวเลขไม่แพ้กับอุดรธานีเลยแหละ
24-24254-21.wav	ล่าสุดนะคะก็มีประชาชนสาธุชนเดินทางมากราบไหว้ขอพรกับตาทองงิ้วราย
24-24254-23.wav	แล้วก็เดินทางกันมาแก้บนด้วยเพราะว่ามีคนถูกกันทุกงวด
24-24254-4.wav	ที่อำเภอบ้านดุงจังหวัดอุดรธานียิ่งใกล้ๆวันแห่งความหวังมากเท่าไหร่
24-24254-5.wav	ราวกับว่ามีคอนเสิร์ตเลยคุณเนี่ยค่ะแห่แหนกันไปนักท่องเที่ยวเดินทางกันมากราบไหว้ปู่ศรีสุทโธแล้วก็แม่ย่าศรีปทุมมา
24-24258-0.wav	สวัสดีครับเริ่มต้นเดือนใหม่นะครับกับการเปลี่ยนแปลงสภาพอากาศสถานการณ์ฝนทั่วไทยและที่สำคัญครับวันพรุ่งนี้วันหยุดสุดสัปดาห์ใครจะเดินทางท่องเที่ยวทั้งในไทยเองต่างประเทศเองมาตรวจสอบสภาพอากาศกันหน่อยครับว่าภาพรวมเป็นอย่างไรกันบ้างมาเริ่มต้นที่เมืองไทยของเรากันก่อนครับแน่
24-24258-39.wav	ดังนั้นใครที่จะเดินทางท่องเที่ยวในระยะนี้
24-24261-0.wav	ไปกันที่อำเภอศรีราชาจังหวัดชลบุรีกันหน่อยนะคะ
24-24263-26.wav	แล้วก็ขอถอนคดีจากศาลแขวงจังหวัดนนทบุรี
24-24263-47.wav	ค่ะนั่นก็เป็นมุมมองของนายอัจฉริยะนะคะแต่ที่ทนายเดชาออกมาพูดเนี่ย
24-24263-51.wav	ทนายเดชาบอกนะฮะเออแล้วก็บอกไปถึงเรื่องของนายอัจฉริยะที่ออกมาแถลงเนี่ยค่ะ
24-24263-55.wav	ไม่ว่าจะเป็นการไปให้สัมภาษณ์การไปแถลงข่าวต่างๆส่วนคลิปที่นายอัฉริยะเอามาเปิดเผยเนี่ย
24-24263-56.wav	ทนายเดชาบอกเห็นแล้วซึ่งเป็นคลิปเก่าที่เห็นกันมาอยู่แล้วทำแบบนี้ทำให้เกิดความสับสน
24-24263-63.wav	ทนายเดชาบอกว่าตัวคุณแม่ตอนนี้สบายดีแต่พอเห็นการแถลงข่าวของนายอัจฉริยะ
24-24264-0.wav	ไปต่อเลยละกันเนอะที่จังหวัดปทุมธานี
24-24266-6.wav	ทราบว่าเป็นกลุ่มวัยรุ่นชั้นม.3ของโรงเรียนแห่งนึงในจังหวัดฉะเชิงเทรา
24-24267-16.wav	ที่จังหวัดนครราชสีมาชิงชัยทั้งหมด393เหรียญทองจาก34ชนิดกีฬา
24-24272-10.wav	บริเวณหน้าโรงเรียนสตรีวิทยาโดยนายอานนท์นำภานะครับ
24-24272-20.wav	เคลื่อนขบวนเข้ามาสู่พื้นที่นะครับนายอานนท์นำภาแกนนำกลุ่มผู้ชุมนุมยืนยันว่า
24-24272-24.wav	นี่คือนายอานนท์นำภานะครับแล้วก็บอกว่าเมื่อมวลชนมาสมทบ
24-24272-53.wav	เป็นกลุ่มของอดีตพระพุทธอิสระหรือว่านายสุวิทย์ทองประเสริฐ
24-24272-9.wav	คุณผู้ชมครับมีมวลชนเดินทางมาร่วมชุมนุมแล้วก็มีแกนนำมาตั้งเวทีอยู่ที่
24-24273-109.wav	อาการของน้องโบนัสตอนนี้นะครับหลังจากเข้ารักษาตัวที่โรงพยาบาลจังหวัดระยอง
24-24273-128.wav	สั่งให้ร้อยเวรเจ้าของคดีไปเรียกตัวนายปฏิคมสุขคุ้มวัย23ปี
24-24273-14.wav	นายปฏิคมพ่อเลี้ยงคนนี้เสพยาบ้าเป็นประจำแล้วก็ชอบมาลงที่ลูกเลี้ยง
24-24273-16.wav	ส่วนนายปฏิคมสารภาพนะครับว่า
24-24273-21.wav	นายปฏิคมยังยอมรับว่าเสพยาบ้าเป็นประจำนะ
24-24273-23.wav	อันนี้นายปฏิคมบอกนะนายปฏิคมเนี่ยอายุ23
24-24273-24.wav	ส่วนแม่เด็กเนี่ยที่นายปฏิคมเข้ามาเป็นสามีใหม่เนี่ย
24-24273-25.wav	อายุ38นายปฏิคมอ้างว่าแม่ของน้องโบนัสเป็นคนหายาบ้ามาให้เขาเสพ
24-24273-28.wav	จังหวัดระยองค่ะรู้จักกันในคุกพอพ้นโทษออกมาเนี่ย
24-24273-3.wav	เหตุการณ์เกิดขึ้นที่จังหวัดระยองนะครับท่านผู้ชมครับ
24-24273-5.wav	ส่วนนี้คือตัวพ่อเลี้ยงที่ทำร้ายน้องนะฮะนายปฏิคมสุขคุ้มอายุ23ปี
24-24273-6.wav	ที่ตำรวจไปควบคุมตัวได้เนี่ยฮะในบ้านพักในซอยสุเหร่า3อำเภอเมืองจังหวัดระยอง
24-24273-7.wav	หลังจากพลเมืองดีแจ้งว่านายปฏิคมที่ชอบเสพยาเสพติดเป็นประจำ
24-24273-92.wav	ปึ้กเข้าไปทีนึงอะอาค่ะตอนที่นายปฏิคมถูกตำรวจคุมตัวเนี่ยฮะ
24-24273-9.wav	จนได้รับบาดเจ็บต้องส่งตัวเข้ารักษาที่โรงพยาบาลที่จังหวัดระยอง
24-24276-23.wav	แล้วก็จะนำตัวส่งฟ้องต่อศาลจังหวัดเวียงสระในวันที่13ธันวาคมนี้
24-24276-7.wav	ที่จังหวัดสุราษฎร์ธานีคนเห็นก็สะเทือนใจอะคุณผู้ชม
24-24278-0.wav	มาดูเรื่องของนักเรียนตีกันค่ะจังหวัดสมุทรปราการคุณผู้ชมคะ
24-24278-6.wav	โรงเรียนย่านแพรกษาจังหวัดสมุทรปราการ
24-24279-305.wav	ก็ไปเจอหลุมที่นายเอได้เอาศีรษะของแม่มาฝังเอาไว้
24-24279-310.wav	หลังจากที่นายเอสารภาพนะครับเมื่อวานนี้ว่าลงมือฆ่าแม่แล้วก็หั่นศีรษะแม่
24-24279-312.wav	เพื่อทำแผนประกอบคำรับสารภาพตอนที่เดินทางมาถึงแล้วก็ลงมือขุดกันเนี่ย
24-24279-382.wav	ว่านายเอเป็นถึงผู้ช่วยผู้ใหญ่บ้านจะมาก่อเหตุแบบนี้
24-24279-3.wav	วันนี้สภ.เวียงป่าเป้านะฮะที่จังหวัดเชียงราย
24-24279-427.wav	กับนายประสานตลอดนะคะร้านอยู่ตรงกันข้ามกันน่ะคะ
24-24279-429.wav	วันเกิดเหตุนายประสานบอกว่าก็สงสัยเหมือนกัน
24-24279-431.wav	ปรากฏว่านายเอผู้ก่อเหตุที่เป็นลูกชายคนโตของนางออนมาเปิดร้าน
24-24279-50.wav	คือถ้าจะถามว่าผู้ต้องหานั้นสีหน้าสีตาเป็นอย่างไรเจ้าหน้าที่บอกว่าก็เคร่งเครียดตลอดเวลานะครับตอนนี้ฝากขังไว้ที่เรือนจำกลางจังหวัดเชียงรายแจ้ง3ข้อหานะครับ
24-24279-85.wav	อะก็รู้จักนะนายเอแต่ว่าไม่ได้สนิทอะไรกันมาก
24-24279-90.wav	แต่ก็ไม่คิดอะว่านายเอที่ก็เป็นลูกค้าที่เคยมาซื้อของที่ร้านอยู่
24-24282-18.wav	ก็เดินทางมาร่วมพิธีในวันนี้
24-24284-14.wav	สูงอำเภอบ้านดุงจังหวัดอุดรธานี
24-24284-36.wav	แล้วก็บอกว่าเจ้าหน้าที่นะบอกบอกว่าไม่ได้มาจับนายแดงนะ
24-24284-42.wav	ป้าของเด็กเนี่ยหรือว่าพี่สาวของนายแดงที่วิ่งหลบหนีไปเนี่ย
24-24284-43.wav	บอกว่าจริงๆนายแดงเนี่ยเลี้ยงลูกเพียงลำพัง
24-24284-51.wav	ซึ่งที่นายแดงไม่ค่อยให้ลูกสาวไปเรียนเพราะอะไร
24-24285-35.wav	แล้วเป็นจังหวะที่นายเกรียงไกรเพื่อนร่วมห้องที่มาเขาไปทำร้ายร่างกายมาเคาะห้อง
24-24291-12.wav	หลังจากนั้นไม่นานนายอานนท์ก็เข้ามอบตัวกับพนักงานสอบสวน
24-24291-25.wav	จำคุกนายอานนท์เป็นเวลา4เดือน
24-24291-29.wav	ในพื้นที่คลอง5จังหวัดปทุมธานี
24-24293-56.wav	จากเราชนะด้วยอันนี้ก็เป็นไปตามที่นายกฯว่าไง
24-24293-5.wav	เรื่องของการที่จะผ่อนคลายหรือคลายล็อกต่างๆแต่ละจังหวัด
24-24296-6.wav	นะฮะเมื่อคืนนี้ที่ร้านนวดแห่งหนึ่งที่บ้านค่ายจังหวัดระยองร้านเนี่ยเล่าให้ผู้สื่อข่าวฟังบอกว่า
24-24297-7.wav	ซึ่งประกอบไปด้วยทหารเกาหลีใต้3แสนนายและทหารของสหรัฐประมาณ17,000นายครับ
24-24301-8.wav	โรงพยาบาลพิมายอำเภอพิมายจังหวัดนครราชสีมา
24-24301-9.wav	ปั๊มหัวใจให้กับนายบุญเอื้อนแบบพิมาย
24-24307-11.wav	เข้าไปสาธุกันเต็มไปหมดแล้วหลายคนบอกจะเดินทางไปค่ะ
24-24307-14.wav	อยู่ที่ตำบลเคียนเตี้ยอำเภอบางละมุงจังหวัดชลบุรี
24-24307-41.wav	ทีมข่าวเราเนี่ยเดินทางไปแล้วปรากฏว่าคุณตอนจังหวะที่ไปเมื่อวาน
24-24308-13.wav	ที่นายทรงศักดิ์กระเด็นไปอยู่กลางถนนแล้วก็มีรถกระบะคันนึงขับผ่านมา
24-24308-14.wav	พอดีก็ทับร่างไปคนขับรถกระบะชื่อนางวิภาวีอายุ55นะครับ
24-24308-23.wav	แต่ก็ไม่ทันการนะครับเพราะว่านายทรงศักดิ์ก็เสียชีวิตนะครับ
24-24308-9.wav	เป็นพนักงานเทศบาลของตำบลพนาอำเภอพนาจังหวัดอำนาจเจริญนะฮะ
24-24310-30.wav	จะประเมินว่ามีประชาชนเดินทางกลับภูมิลำเนา
24-24310-39.wav	มีการวางแผนการเดินทางล่วงหน้าค่ะ
24-24310-9.wav	ขณะที่ลงพื้นที่จังหวัดนครราชสีมานะคะ
24-24312-122.wav	ไปที่จังหวัดเลยแน่นอนฮะขึ้นภูกันนะครับ
24-24312-123.wav	สภาพอากาศในทุกพื้นที่ของจังหวัดเลยเนี่ยก็หนาวเย็นนะฮะ
24-24312-125.wav	มีนักท่องเที่ยวเดินทางมาสัมผัสอากาศหนาวเย็นที่บริเวณอุทยานแห่งชาติภูเรือนะครับ
24-24312-131.wav	อุณหภูมิต่ำสุดของจังหวัดเลยนะฮะ
24-24312-135.wav	ส่วนที่ภูหินเซาแหล่งท่องเที่ยวใหม่ของอำเภอด่านซ้ายจังหวัดเลย
24-24312-152.wav	ก็เกิดเหตุสลดเกิดขึ้นที่จังหวัดตากใช่ไหมคะ
24-24312-153.wav	ก็ต้องระมัดระวังกันด้วยนะฮะท่องเที่ยวให้มีความสุขนะครับ
24-24312-30.wav	คุณผู้ชมขึ้นดอยอินทนนท์อำเภอจอมทองจังหวัดเชียงใหม่
24-24312-58.wav	ก็แจ้งให้นักท่องเที่ยวที่เดินทางมาท่องเที่ยวเนี่ย
24-24315-0.wav	1เรื่องน่ากลัวเหมือนกันนะคะจากกรณีที่กลุ่มวัยรุ่นเขาไปรุมทำร้ายคุณหมอและคุณพยาบาลที่จังหวัดสมุทรปราการนะคะคุณผู้ชมหลายคนเนี่ย
24-24316-10.wav	จังหวัดนครศรีธรรมราชพร้อมกำลังเจ้าหน้าที่เลยนะคะ
24-24318-18.wav	โดยชาวไทยในเกาหลีใต้กว่า500คนได้เดินทางไปร่วมพิธีโดยยืนสงบนิ่งเป็นเวลา9นาที
24-24318-7.wav	ซึ่งเอกอัครราชทูตและคณะได้เดินทางไปร่วมพิธีบำเพ็ญกุศล
24-24321-39.wav	นายสุริยะจึงรุ่งเรืองกิจส.ส.บัญชีรายชื่อของพรรคพลังประชารัฐแล้วก็แกนนำกลุ่มสามมิตรนะฮะ
24-24321-48.wav	แล้วก็ส.ส.พรรคที่จังหวัดประจวบคีรีขันธ์นะ
24-24322-84.wav	ทีนี้พอคุณเฟิร์นไม่อยู่บ้านนายดำนะ
24-24325-16.wav	ที่เดินทางไปกราบถวายบังคมพระบรมศพในหลวงรัชกาลที่9
24-24325-5.wav	และข้าวสารบางส่วนจากเกษตรกรรวมทั้งชาวนาในพื้นที่จังหวัดสุรินทร์
24-24326-0.wav	นายกเทศมนตรีตำบลท่าข้ามในจังหวัดฉะเชิงเทรานะคะ
24-24326-10.wav	ตำบลท่าข้ามอำเภอบางปะกงจังหวัดฉะเชิงเทรา
24-24326-23.wav	นางสมจิตนายกเทศมนตรีตำบลท่าข้ามนะคะเปิดเผยว่า
24-24327-9.wav	ตำบลท่ามะเขืออำเภอคลองขลุงจังหวัดกำแพงเพชร
24-24332-22.wav	จุดหมายปลายทางก็คือการเดินทางใกล้มีความหลากหลายด้านสินค้าและบริการ
24-24332-29.wav	แล้วก็เป็นโอกาสในการประชาสัมพันธ์จังหวัดสุราษฎร์ธานี
24-24332-9.wav	ที่เดินทางมากับสายการบินอาร์แอร์ไลน์
24-24334-26.wav	นะที่ตำบลหนองปรืออำเภอบางละมุงจังหวัดชลบุรีนะฮะ
24-24336-17.wav	เราก็ตามหาจนเจอนะฮะเหตุการณ์นี้เกิดขึ้นที่จังหวัดร้อยเอ็ดนะ
24-24336-22.wav	แต่มารับกิจนิมนต์อยู่ที่วัดท่าสะแบงวัดท่าสะแบงอยู่อำเภอทุ่งเขาหลวงจังหวัดร้อยเอ็ด
24-24337-22.wav	เดินทางกลับมาที่เป็นผู้เสียชีวิตทั้งหมด8ศพก็จากเหตุการณ์นี้ยังคงมี
24-24337-25.wav	ฮะขึ้นข้อมูลกราฟิกได้อีกครั้งนึงเลยนะครับนาย
24-24337-30.wav	แล้ววันนี้เคลื่อนร่างมาถึงประเทศไทยแล้วหลังจากนั้นก็จะเคลื่อนร่างไปสู่ภูมิลำเนาในแต่ละพื้นที่แต่ละจังหวัดนะฮะ
24-24338-100.wav	เหมือนตัวของนายโจซึ่งเป็นเจ้าของร้านอยู่ในตลาด
24-24338-11.wav	1มิถุนายน10:20น.นายมินอองค่ะขับรถสีทองเข้ามาในตลาด
24-24338-37.wav	ที่นายมินอองผู้ตายเดินเข้าไปตั้งแต่ช่วงเย็นๆอ่ะอืมนี่ค่ะ
24-24338-39.wav	นี่นายมินอองถูกลากวิ่งหนีออกมาแล้วโดนรุมเนี่ยทั้งชกทั้งต่อยทั้งเตะ
24-24338-42.wav	มีคนขับรถของนายมินอองผู้ตายค่ะนั่นน่ะที่ถอยออกมาเนี่ยไปด้วยอืม
24-24338-57.wav	ได้พูดคุยกับนายโจครับเป็นเจ้าของร้านที่จุดเกิดเหตุ
24-24338-64.wav	เหลือแค่เจ้าของร้านแล้วก็ผู้ตายก็คือนายมินออง
24-24338-71.wav	แล้วเดินเข้าไปหานายมินอองที่กำลังหลับปุ๋ยเลยครับอือ
24-24338-97.wav	ตำรวจเรียกตัวเจ้าของร้านคือนายโจมาให้ปากคำ
24-24340-16.wav	เจ้าของร้านกาแฟแห่งหนึ่งที่จังหวัดชลบุรี
24-24343-1.wav	ล่าสุดเกิดขึ้นอีกแล้วแหละที่จังหวัดลำปาง
24-24343-33.wav	โดยนางสาวเอ1ในพนักงานปั๊มเนี่ยบอกว่ายอมรับว่ารู้สึกสงสัยในตัวผู้ก่อเหตุ
24-24346-14.wav	ประจำสำนักนายกรัฐมนตรี
24-24346-30.wav	ในมูลนิธิอนุรักษ์ป่ารอยต่อ5จังหวัด
24-24346-35.wav	จะเดินทางไปประชุมคณะกรรมการข้าราชการตำรวจ
24-24346-4.wav	ให้มาเป็นข้าราชการพลเรือนที่สำนักนายกรัฐมนตรีนะครับ
24-24350-40.wav	เราเดินทางกว่าจะไปถึงเราต้องดื่มน้ำกี่ขวด
24-24350-77.wav	ถูกไหมว่าอะเต็นท์นี้นายสืบสกุลมาที่อยู่อะไรเอาบัตรประชาชนกรอกข้อมูล
24-24350-78.wav	ทีนี้ถ้าเกิดบริเวณเต็นท์ของนายสืบสกุลอ้าวมีขยะอยู่นี่แหละค่ะส่งกลับไปที่บ้านเลย
24-24351-64.wav	ไปเผาอำพรางที่จังหวัดพังงา
24-24351-7.wav	จังหวัดกระบี่ที่เกิดเหตุพบผู้รอดชีวิต3ราย
24-24355-1.wav	คราวนี้เกิดขึ้นที่จังหวัดเลยค่ะ
24-24355-37.wav	เพราะว่าคนที่เป็นแม่นางสาวราตรีเนี่ยเธอเสียชีวิตในเวลาต่อมา
24-24357-10.wav	มีเรื่องทะเลาะกับผู้รับเหมาจังหวัดสุพรรณบุรี
24-24357-16.wav	นะขณะนี้นางสาวรัฐนามสมมุติครับชาวบ้านในพื้นที่เล่าบอกว่า
24-24357-2.wav	อำเภอศรีเทพจังหวัดเพชรบูรณ์คือเป็นน้องเมียของอู๊ดเป็นต่อน่ะ
24-24358-147.wav	ฉันเป็นลูกพี่ลูกน้องกับป้านางค่ะ
24-24358-148.wav	เวลาป้านางจะทำน้ำพริกข่าก็ไปเรียกให้มาช่วย
24-24358-150.wav	มีอะไรช่วยได้ฉันก็จะช่วยป้านางเต็มที่
24-24358-186.wav	ขอต้อนรับครอบครัวของแม่นางจากจังหวัดพะเยาครับ
24-24358-377.wav	อุ้ยมาดูป้านางหน่อยแม่นางหน่อย
24-24358-393.wav	ป้าหอมป้าหอมสวัสดีก่อนอีกครั้งนะครับป้าหอมเห็นป้านางว่าเขาเหนื่อยมากไหมฮะ
24-24358-395.wav	มีป้านางก็บอกมาช่วย
24-24358-407.wav	ช่วงหน้าเรามาเป็นกำลังใจให้กับครอบครัวของแม่นางจากจังหวัดพะเยา
24-24358-411.wav	คุณผู้ชมครับและวินาทีสำคัญนะครับของครอบครัวแม่นางจากจังหวัดพะเยานะครับ
24-24358-430.wav	เรื่องที่2จังหวัดพะเยา
24-24358-523.wav	นั่นก็คือเรื่องจังหวัดพะเยาเรื่องข่าวดัง
24-24358-635.wav	ป้าก็เคยได้ศึกษาจังหวัดพะเยามาบ้าง
24-24358-692.wav	จากเรื่องจังหวัดพะเยาครับ
24-24358-695.wav	มีอะไรช่วยได้ฉันก็จะช่วยป้านางเต็มที่
24-24359-3.wav	เพราะว่าท่านอาจจะอาอยู่ที่จังหวัดนี้
24-24360-164.wav	ก็ยังออกหมายจับนายทหารบก
24-24360-200.wav	ไปรักษาราชการอยู่ที่ศูนย์ปฏิบัติการตำรวจจังหวัดชายแดนภาคใต้
24-24360-216.wav	ผมก็จะถามท่านว่าท่านต้องการให้คุณปวีณจบชีวิตที่3จังหวัดชายแดนภาคใต้ใช่ไหม
24-24360-222.wav	ให้ย้ายไปจังหวัดชายแดนใต้
24-24360-268.wav	ว่าแท้จริงแล้วยังมีทหารเรือนายอื่น
24-24360-269.wav	ทหารบกนายอื่นร่วมสมคบกันด้วยหรือไม่
24-24360-331.wav	นอกจากนี้ยังมีนายตำรวจระดับสูงอีกคนหนึ่ง
24-24360-345.wav	ซึ่งก็ได้ลงนามต่อหน้านายตำรวจชั้นผู้ใหญ่อีกหลายคน
24-24360-396.wav	ท่านประธานครับนี่คือผลลัพธ์แบบเดียวกันกับตำรวจ96นาย
24-24360-44.wav	ด้วยการสืบสาวไปถึงนักการเมืองท้องถิ่นตำรวจและทหารหลายนาย
24-24360-66.wav	คุณปวีณในฐานะที่เป็นนายตำรวจมือฉมัง
24-24360-70.wav	ที่เคยเป็นกำนันอยู่ในจังหวัดสุราษฎร์ธานี
24-24360-82.wav	1ในขบวนการค้ามนุษย์รายใหญ่ในจังหวัดระนอง
24-24360-88.wav	เอาที่จังหวัดนนทบุรีเมื่อสิงหาคมที่ผ่านมา
24-24365-31.wav	แล้วก็เรือรับส่งท่องเที่ยวด้วยนะคะ
24-24369-27.wav	เจ้าคณะอำเภอเจ้าคณะจังหวัดเนี่ยจะว่าอย่างไร
24-24369-35.wav	ผู้อำนวยการสำนักงานพระพุทธศาสนาจังหวัดบุรีรัมย์
24-24369-3.wav	เจ้าอาวาสวัดประดู่ตำบลห้วยสำราญอำเภอกระสังจังหวัดบุรีรัมย์
24-24369-41.wav	พร้อมกับรายงานให้เจ้าคณะจังหวัดได้รับทราบเรื่องนี้เอ้า
24-24371-29.wav	เพราะมีกระแสนายทักษิณชินวัฒน์กำลังเจรจาซื้อสโมสร
24-24371-31.wav	ทีมข่าวได้รับการยืนยันจากผู้ใกล้ชิดอดีตนายกรัฐมนตรี
24-24373-11.wav	กลุ่มนายโชว์ก็เลยบอกว่าเอาสิก็เลยรวมพวกกันได้9คนค่ะ
24-24373-30.wav	4คนเป็นนายหมดเลยนะครับคนที่5เป็นนางสาวค่ะโอ้โห
24-24373-5.wav	บัวทองจังหวัดนนทบุรีนะคะเมื่อไหร่ก็คือสักประมาณ23:00น.ของค่ำคืน
24-24374-250.wav	คือศาลนครราชสีมาออกหมายจับนะคะ
24-24374-324.wav	รู้ว่านายคนนี้เนี่ยเคยก่อเหตุ
24-24374-44.wav	จากตำรวจพิสูจน์หลักฐานของจังหวัดนครราชสีมา
24-24374-45.wav	เดินทางเข้าไปตรวจอัตลักษณ์บุคคลของนายแหบ
24-24374-4.wav	นายคนนี้นะครับแล้วก็หนีไปเนี่ยทั้งคืนทั้งวันนะครับ
24-24374-750.wav	บอกว่าพฤติกรรมของนายแหบเนี่ยถือว่าอันตรายมาก
24-24375-2.wav	เป็นฝ่ายหญิงที่อยู่ที่จังหวัดเชียงใหม่ครับ
24-24377-0.wav	ดูอุบัติเหตุที่เกิดขึ้น05:00น.วันนี้นะคะที่จังหวัดชุมพรค่ะ
24-24377-14.wav	ตำบลวังใหม่อำเภอเมืองจังหวัดชุมพร
24-24377-3.wav	เป็นเจ้าของร้านขายของอุปโภคบริโภครายใหญ่ที่สุดน่ะในอำเภอกระบุรีจังหวัดระนอง
24-24378-44.wav	ที่ตำบลหนองกระทุ่มอำเภอเดิมบางนางบวช
24-24378-7.wav	อำเภอด่านช้างจังหวัดสุพรรณบุรีได้รับผลกระทบหนักที่สุด
24-24379-7.wav	ตำบลตลาดโพธิ์อำเภอลำปลายมาศจังหวัดบุรีรัมย์ครับ
24-24380-2.wav	วันนี้ผู้ว่าราชการจังหวัดเพชรบูรณ์นำกำลังเจ้าหน้าที่กว่า650นายนะ
24-24380-8.wav	หน่วยงานที่เกี่ยวข้องกว่า650นาย
24-24382-3.wav	ตอนที่ก่อเหตุเนี่ยก่อเหตุที่วัดที่จังหวัดพิจิตรนี่นายคนนี้นะครับ
24-24382-8.wav	ตำบลแหลมรังอำเภอบึงนารางจังหวัดพิจิตร
24-24386-35.wav	คือไม่ควรที่จะข้ามจังหวัดข้ามพื้นที่ข้ามตำบล
24-24386-67.wav	ถ้าทางจังหวัดนะครับหรือว่าหน่วยงานที่เกี่ยวข้องเนี่ย
24-24386-84.wav	ค่ะแต่ถ้าทางจังหวัดหรือว่าหน่วยงานที่เกี่ยวข้องเนี่ย
24-24386-93.wav	รวมถึงสถานีวิทยุกระจายเสียงในจังหวัดนะคะ
24-24386-95.wav	บอกว่าทางจังหวัดโดยคณะกรรมการควบคุมโรค
24-24387-12.wav	ทยอยเดินทางมาเล่นน้ำแบบนี้คุณเห็นไหมขนาดเล่นน้ำในทะเลแบบนั้นอ่ะ
24-24387-29.wav	สมัครใจอยู่ต่อในช่วงที่จังหวัดภูเก็ตเนี่ยเขามีการปิดเมือง
24-24388-0.wav	เอาเป็นว่าตำรวจทั้ง8นายณขณะนี้เนี่ยนะครับท่านผู้ชมครับ
24-24388-101.wav	แต่ก็คาดว่าน่าจะเป็นนายตำรวจที่ทำงานใกล้ชิดกับบิ๊กโจ๊กเหมือนกันค่ะ
24-24388-127.wav	เข้าไป30จุดใน6จังหวัดทั่วประเทศนี่นะฮะโดยบอกว่าเป็นไปตามกระบวนการ
24-24388-134.wav	เข้าไป30จุดในพื้นที่6จังหวัดว่ามีพื้นที่ไหนอย่างไรบ้าง
24-24388-142.wav	ว่าตำรวจบางนายถึงขั้นมีลักษณะเป็นผู้บริหารเว็บไซต์พนันออนไลน์
24-24388-144.wav	เนี่ยเหรอฮะบางนายก็มีผลประโยชน์เชื่อมโยงในแต่ละกลุ่ม
24-24388-178.wav	อ่ามาจากหลายจุดนะครับวันนี้เข้าสามสิบจุดหกจังหวัด
24-24388-1.wav	ได้รับการประกันตัวออกมาทุกนายแล้วนะฮะ
24-24388-33.wav	ที่มีการจับกลุ่ม6นายตำรวจที่ช่วยผู้ต้องหาหลบหนี
24-24388-45.wav	เป็นผู้กำกับตม.จังหวัดจันทบุรีนะคะ
24-24388-68.wav	ตอนนั้นเป็นผู้กำกับการสภ.เขาสวนกวางจังหวัดขอนแก่น
24-24388-6.wav	นี่ค่ะก็เป็นคอมมานโดมาเหมือนกันนะคะเป็นตำรวจ30นายเลยนะคะ
24-24388-78.wav	เป็นตำรวจที่เติบโตมาสายงานตำรวจท่องเที่ยวแล้วก็ขึ้นเป็นผู้กำกับการตม.นะฮะ
24-24388-92.wav	เป็นนายตำรวจที่ติดตามใกล้ชิดกับบิ๊กโจ๊กเลยค่ะ
24-24391-41.wav	ไทยรักษาชาติไม่เกี่ยวข้องกับนายทักษิณ
24-24392-0.wav	เรื่องราวของวัดบังคลานที่จังหวัดพิจิตรมีมาอีกแล้ว
24-24392-28.wav	ยุ่งอะไรกับจังหวัดพิจิตรค่ะที่วัดบางคลาน
24-24392-70.wav	เวลาประชุมจังหวัดนะฮะเวลาประชุมสภาเห็นไหมฮะ
24-24392-7.wav	อ่าแต่ว่ามาอยู่ที่วัดบางคลานที่จังหวัดพิจิตรอืม
24-24393-27.wav	เป็นชาวจังหวัดนราธิวาสก็รถล้มอยู่ตรงนั้นนะคะ
24-24394-11.wav	เกิดขึ้นภายในหมู่บ้านที่ตำบลฉลุงอำเภอเมืองจังหวัดสตูล
24-24395-29.wav	ที่มาร่วมแข่งขันนะคะของชาวอำเภอจะนะจังหวัดสงขลากันนะคะ
24-24396-27.wav	มีรูปนายทักษิณชินวัตรแล้วก็นางสาวยิ่งลักษณ์ชินวัตรโยนลงกับพื้นเลยนะครับ
24-24396-38.wav	จากนั้นนะครับนายสมใจก็ตัดสินใจทำแบบนี้ครับ
24-24398-117.wav	แต่ที่จังหวัดพิษณุโลกนะครับ
24-24398-124.wav	บ้านท่าตะเพียนตำบลจอมทองอำเภอเมืองจังหวัดพิษณุโลกนะครับ
24-24398-16.wav	เรื่องแรกคุณผู้ชมครับจะพาไปที่จังหวัดยะลา
24-24398-188.wav	ตำบลจอมทองอำเภอเมืองจังหวัดพิษณุโลกครับอืม
24-24398-195.wav	คุณผู้ชมมาต่อกันที่นี่จังหวัดตรัง
24-24398-32.wav	นี่ก็ถือว่าเป็นความร่วมมือกันระหว่างศูนย์อำนวยการบริหารจังหวัดชายแดนภาคใต้
24-24398-36.wav	อ่าแล้วก็ในโอกาสที่เดินทางมาจังหวัดยะลานะครับ
24-24398-37.wav	ใครที่เดินไปแถวนั้นโดยเฉพาะผู้ที่เดินทางมากับขบวนรถไฟ
24-24398-76.wav	ตั้งอยู่ที่วัดภูเก็ตตำบลวรนครอำเภอปัวจังหวัดน่านเจ้าครับผม
24-24399-45.wav	ในพื้นที่ตำบลจอหอกำลังเดินทาง
24-24399-46.wav	จะนำสินค้าไปส่งให้กับลูกค้าที่จังหวัดสุรินทร์
24-24399-4.wav	ที่จังหวัดนครราชสีมาเกิดเหตุรถกระบะบรรทุกสินค้าค่ะคุณผู้ชม
24-24402-9.wav	ในพื้นที่อำเภอบางละมุงจังหวัดชลบุรีช่วงเย็นเมื่อวานนี้
24-24407-0.wav	คุณผู้ชมไปที่จังหวัดขอนแก่นกันหน่อยนะคะไปดูความคืบหน้ากรณีที่
24-24407-14.wav	เป็นผู้ต้องหาตามหมายจับศาลขอนแก่นนะคะ
24-24407-28.wav	ไปที่จังหวัดขอนแก่นเพราะเหตุการณ์เนี่ยมันเกิดขึ้นที่จังหวัดขอนแก่นนะคะ
24-24407-45.wav	ก่อนที่จะเดินทางย้อนกลับมากรุงเทพมหานครนี่นี่กล้องวงจรปิดจับภาพได้นะคะ
24-24411-48.wav	ทีนี้ตัวนางสาวยูบีนะฮะ
24-24411-52.wav	พี่สาวของนางสาวยูบีก็บอกนะครับบอกว่า
24-24411-54.wav	ทีนี้ตัวของนางสาวยูบีซึ่งกำลังอยู่ที่แผงร้านเนี่ยนะ
24-24411-66.wav	ทางนางสาวยูบีเองแล้วก็พี่สาวเนี่ย
24-24414-13.wav	งานที่จังหวัดนครปฐมพร้อมระบุถึงกรณีพรรคถูกโจมตีเรื่อง
24-24414-25.wav	ก็ยังคงมีความเคลื่อนไหวออกมาจากนางสาวยิ่งลักษณ์ชินวัตร
24-24414-28.wav	ระหว่างการลงพื้นที่รับฟังปัญหาประชาชนที่จังหวัดกระบี่อะนะคะ
24-24416-25.wav	ที่หมู่2ของจังหวัดศรีสะเกษนะคุณผู้ชม
24-24417-0.wav	อาทุกผู้ชมครับที่จังหวัดตราดเนี่ยฮะเมื่อคืนที่ผ่านมามีเหตุ
24-24417-103.wav	ก่อนเกิดเหตุญาติเล่าให้ฟังว่านายสมชายเคยมาขอดอกไม้ที่บ้าน2รอบ
24-24417-114.wav	ส่วนพี่ชายของนายสมชายอะนะคะ
24-24417-12.wav	ตำบลบางพระอำเภอเมืองจังหวัดตราดตรงนั้นมีห้องเช่าอยู่นะครับ
24-24417-141.wav	ส่วนนายพิมลกับนายศักดาไม่ถูกไม่ถูกกันทะเลาะกันบ่อยอยู่แล้ว
24-24417-147.wav	ได้เชิญลูกสาวของนายศักดาผู้ก่อเหตุมาให้ปากคำเพิ่ม
24-24417-154.wav	ซึ่งนายศักดาผู้ก่อเหตุก็ถูกตำรวจควบคุมตัวเข้าห้องขังอะนะคะ
24-24417-18.wav	คือนายเด่นเนี่ยบาดเจ็บนะไม่เสียชีวิตแต่อีก2คนนึงเสียชีวิตนะครับ
24-24417-26.wav	แต่ช่วยไม่ทันนะครับนายพิมลเสียชีวิตครับ
24-24417-27.wav	คนก่อเหตุไม่ได้หนีไปไหนครับท่านผู้ชมครับนายศักดาบำรุงศักดิ์อายุ59ปี
24-24417-37.wav	นายพิมลเนี่ยอันนี้นายศักดาเขาอ้างนะบอกว่าปีที่ผ่านมาเนี่ยอยู่มาปีนึงเนี่ย
24-24417-39.wav	เขาก็พยายามพูดเตือนหลายครั้งแต่ถูกนายพิมลด่ากลับอยู่เรื่อยค่ะ
24-24417-41.wav	จนกระทั่งเมื่อวานนี้นายศักดาบอกว่านายพิมลชวนเพื่อนมา2คน
24-24417-43.wav	ก็เลยมีปากเสียงกันอีกแต่คราวนี้นายศักดาบอกว่าทนไม่ไหว
24-24417-52.wav	ห้องของนายพิมลผู้ตายกับห้องของนายศักดาผู้ก่อเหตุเนี่ย
24-24417-56.wav	แต่คราบล่งคราบเลือดนี่โอ้โหหน้าห้องนายพิมลยังมีอยู่กองใหญ่เลย
24-24417-62.wav	ส่วนตัวนายศักดาผู้ต้องหาเขาทำงานก่อสร้างนะไม่ค่อยสุงสิงกับใคร
24-24417-65.wav	ทีนี้ค่ะคุณผู้ชมค่ะศพของนายพิมลน่ะค่ะ
24-24417-98.wav	ด้านนางสาวมาเรียมน้อยปลาอายุ67
24-24417-99.wav	แม่ของนายสมชายพอรู้ว่าลูกเสียชีวิตเมื่อช่วงบ่าย
24-24418-0.wav	อีกเหตุนึงนะคะคนร้ายอุกอาจไปปล้นร้านทองที่อยู่ในร้านไทยวัสดุสาขาบางแก้วที่จังหวัดสมุทรปราการ
24-24419-11.wav	อยู่ในวัดห้วยซ้อที่อำเภอแม่จริมจังหวัดน่าน
24-24420-47.wav	แหมๆๆรู้จังหวัดซะด้วยเจ้านายจุดเทียนให้
24-24422-25.wav	ทีมข่าวไทยรัฐทีวีก็เดินทางไปเจอกับหญิงสาวผู้เสียหายคนนี้เลย
24-24422-32.wav	หลังจากนั้นก็ได้เดินทางไปแจ้งความที่ท้องที่สน.วังทองหลาง
24-24422-56.wav	ลีกเลี่ยงเดินทางไปในที่ลับตาคน
24-24424-0.wav	อีก1เรื่องราวความดีเกิดขึ้นที่จังหวัดชลบุรีนะคะมีเด็กนักเรียน2คนเป็นเด็กนักเรียนหญิงนะคะ
24-24425-8.wav	แน่นอนว่าประชาชนก็เดินทางเข้าไปทำบุญที่วัดไม่ได้แน่ๆแล้วนะคะ
24-24426-0.wav	ความคืบหน้าเหตุอุกอาจที่เกิดขึ้นที่จังหวัดตากค่ะคนร้าย4คนนะมีปืนด้วยนะครับ
24-24426-146.wav	อยู่ในพื้นที่พบพระจังหวัดตากนี่แหละนะฮะแล้วก็เป็นชาวม้งนะครับ
24-24428-170.wav	ที่จริงเมื่อวานนี้เป็นวันที่เขาจะต้องเดินทางเข้ามาที่
24-24428-252.wav	คนก็เลยถามนายกฯว่าวันหยุดชดเชยสงกรานต์เนี่ย
24-24428-304.wav	จังหวัดไกลๆที่นั่งเครื่องบินไปก็อาจจะยังเบาอยู่ไง
24-24428-340.wav	สถานการณ์แต่ละจังหวัดมีนักท่องเที่ยวไปเพิ่มขึ้นไหม
24-24428-341.wav	หรือว่าเปิดจังหวัดแล้วเป็นยังไงกันบ้างนะคะ
24-24428-343.wav	แต่ถ้าจังหวัดไหนอยากให้คุณแม่มดดำไปคือ
24-24428-349.wav	นี่ดูแต่ละคนแต่ละจังหวัดตอนนี้ส่งมาว่าเป็นยังไง
24-24428-374.wav	วิ่งที่สวนสาธารณะแห่งนึงเนี่ยนะคะอยู่ที่ศาลากลางจังหวัดนนทบุรี
24-24428-436.wav	ก็เดินทางเข้าไปตรวจสอบในพื้นที่นะครับ
24-24428-537.wav	ต่อมาเนี่ยนะครับเจ้าคณะจังหวัดมุกดาหารเนี่ย
24-24428-539.wav	นะครับพระเดือนชัยก็ออกจากจังหวัดมุกดาหาร
24-24428-815.wav	ไม่เฟคนิวส์นางทำของนางเองนางบ้า
24-24428-854.wav	เป็นๆผู้จัดนางไปเองเหรอพี่เอไปดูตลอด
24-24428-860.wav	นางเอ๊ะนั่นคือสแตนบายอยู่บ้านนางซื้อบ้านให้อยู่เลย
24-24428-863.wav	เวลาไปเมืองนอกเมืองนานางก็ต้องมีช่างกล้อง
24-24428-96.wav	นครสวรรค์ที่นายโจเนี่ยติดต่อขอความช่วยเหลือ
24-24431-16.wav	คือผู้หญิงคนนี้อายุ51นะครับบ้านอยู่ที่อำเภอตะโหมดจังหวัดพัทลุง
24-24431-78.wav	จากนั้นก็ไปจับนายประสิทธิชัยหรือว่านายบอยได้ในวันนี้นะครับ
24-24431-81.wav	นายประสิทธิสะประสิทธิชัยก็ปฏิเสธนะ
24-24432-9.wav	ที่บ้านบ่อขิงใต้อำเภอพนัสนิคมจังหวัดชลบุรีค่ะ
24-24433-18.wav	ซึ่งครั้งสุดท้ายที่ไทยเป็นเจ้าภาพก็คือปี2013ที่จังหวัดนครราชสีมา
24-24434-137.wav	นอกจากสูตรก๋วยเตี๋ยวแล้วนะครับท่านผบ.ชุมพรเนี่ยผบ.เรือนจำจังหวัดชุมพรยังสอนทำสูตรเป็นทำเป็ดแล้วก็ไก่ต้มพะโล้อีกด้วย
24-24434-162.wav	ชาวจีนท่านนึงที่อยู่ในจังหวัดอุบลราชธานี
24-24434-29.wav	เจ๊พนมนี่แหละค่ะหรือว่านางสาวพนมเฟื่องอิ่มอายุ59ปี
24-24434-76.wav	จริงๆนะที่จังหวัดสุโขทัยในหลายๆร้านเนี่ยพวกก๋วยตงก๋วยเตี๋ยว
24-24434-84.wav	ที่จังหวัดชุมพรโอ้โหเขาบอกว่าอร่อยมาก
24-24436-35.wav	และก็มีอาการบาดเจ็บนะครับทราบชื่อคือนายประเสริฐอายุ65
24-24441-32.wav	หรือวัดพระนอนขอนตาลศักดิ์สิทธิ์อำเภอแม่ริมจังหวัดเชียงใหม่
24-24441-2.wav	แก่ทหารกล้าทั้ง5นายนะคะโดยมีผู้บัญชาการทหารบกเป็นประธานในพิธีค่ะ
24-24441-26.wav	เพื่อที่จะไปประกอบพิธีทางศาสนาที่จังหวัดราชบุรีค่ะ
24-24441-13.wav	ตกหลังจากปฏิบัติภารกิจช่วยเหลือผู้ประสบภัยที่จังหวัดแม่ฮ่องสอน
24-24441-12.wav	พระราชทานน้ำหลวงอาบศพแก่ทหารทั้ง5นาย
24-24440-18.wav	นะในบ้านอยู่ที่อำเภอน้ำพองจังหวัดขอนแก่นนะฮะ
24-24439-37.wav	ในวันที่นักข่าวเดินทางไปถึงโอริเวอร์เขานอนพักผ่อนเนี่ยค่ะโอริเวอร์
24-24439-32.wav	ทีมข่าวเดินทางไปที่จุดเกิดเหตุเลย
24-24439-26.wav	คุ้มเสือไทเกอร์คิงด้อมอำเภอแม่ริมจังหวัดเชียงใหม่
24-24441-37.wav	จะประกอบพิธีสวดพระอภิธรรมที่วัดคูหาสวรรค์อำเภอเมืองจังหวัดพิษณุโลก
24-24441-43.wav	อำเภอบ้านโป่งจังหวัดราชบุรีระหว่างวันที่17-20สิงหาคมค่ะ
24-24441-46.wav	วัดมะขามเตี้ยอำเภอเมืองจังหวัดพิษณุโลกนะคะ
24-24441-4.wav	รายงานสดมาจากจังหวัดเชียงใหม่เชิญค่ะ
24-24441-50.wav	ประกอบพิธีสวดพระอภิธรรมธรรมศพที่วัดวังทองวรารามอำเภอวังทองจังหวัดพิษณุโลกค่ะ
24-24441-65.wav	กำลังพลทุกนายของกองทัพบกถือว่าเป็นครอบครัวเดียวกันค่ะ
24-24441-6.wav	ร่างก็ตัดสินใจที่จะเคลื่อนย้ายไปยังจังหวัดราชบุรีค่ะ
24-24441-74.wav	แล้วก็ย้ำด้วยนะคะว่าขอให้ประอ่ากำลังพลทุกนายนั้น
24-24441-8.wav	และจะไปถึงที่จังหวัดราชบุรีในวันพรุ่งนี้
24-24441-90.wav	ทั้ง3นายนั้นก็จะแยกย้ายไปตามจังหวัดอื่นๆค่ะ
24-24441-91.wav	และทั้งหมดนี้เป็นบรรยากาศที่วัดลัทธิวันอำเภอแม่ริมจังหวัดเชียงใหม่
24-24443-22.wav	ตำรวจรู้ตัวผู้ชายคนก่อเหตุแล้วนะครับคือนายเทวาศรีตะวันอายุ67ปี
24-24443-7.wav	ที่ส่งเรื่องนายพิธาเนี่ยนะให้ศาลรัฐธรรมนูลวินิจฉัยคุณสมบัตินะครับ
24-24444-27.wav	นะครับนายสุกรีเนี่ยนะคะเขาบอกว่าจากการสอบปากคำนายอุดร
24-24444-40.wav	แต่เนื่องจากนายอุดรเนี่ยไม่เคยมีประวัติถูกร้องเรียน
24-24444-52.wav	ขณะที่นายอุดรบอกว่าขับรถปาดหน้ามาริโอ้ด้วยความไม่ตั้งใจ
24-24444-81.wav	แล้วก็นายอุดรยังฝากขอโทษคนที่ประกอบอาชีพคือ
24-24446-108.wav	เป็นชาวจังหวัดประจวบคีรีขันธ์ยอมรับสารภาพนะครับ
24-24448-0.wav	เดี๋ยวพาไปจังหวัดจันทบุรีไม่ได้พาไปกินทุเรียน
24-24448-54.wav	ก็เลยทำให้กลุ่มวัยรุ่นเนี่ยมาหาเรื่องนายตะวันแทน
24-24449-11.wav	กรมสอบสวนนะบอกว่าเข้าตรวจ9จุดในพื้นที่กทม.และจังหวัดสมุทรปราการ
24-24449-62.wav	ท่านจำคดีเรื่องดอกเบี้ยเงินกู้โหดของนายวิชัยปั้นงามไหมล่ะครับ
24-24449-64.wav	รู้เห็นเป็นใจให้นายวิชัยออกเงินกู้ดอกเบี้ยโหด
24-24450-1.wav	ไปที่จังหวัดไหนเดี๋ยวเราปักหมุดให้ดู
24-24450-3.wav	ก็คือที่จังหวัดเชียงใหม่
24-24453-110.wav	อายุ34ปีชื่อว่านายขวัญชัยครับ
24-24454-17.wav	พาลูก2คนเนี่ยกลับไปที่อยู่ที่จังหวัดตรัง
24-24454-32.wav	คือคนที่ฆ่าภรรยาคือนางสาวฝนทิพย์ครับ
24-24454-37.wav	แล้วมีการบล็อกเฟซบุ๊กของนายเอกด้วย
24-24454-3.wav	แล้วสามีเนี่ยก็เอาลูกทั้ง2คนไปฝากไว้กับแม่ที่จังหวัดตรัง
24-24454-44.wav	รัดคอจนนางสาวฝนทิพย์เนี่ยแน่นิ่งเสียชีวิตนะคะ
24-24454-45.wav	ทีนี้หลังจากที่นายเอกเขาก่อเหตุเสร็จแล้วเนี่ย
24-24454-47.wav	ไปฝากไว้ที่บ้านแม่ของนายเอกที่จังหวัดตรัง
24-24454-4.wav	ครับเอาลูกไปฝากที่จังหวัดตรังแล้วก็ขึ้นรถทัวร์เลยนะ
24-24454-5.wav	ตั้งใจจะหนีเดินทางมากรุงเทพฯ
24-24455-27.wav	แบบแม่เดินทางทางรถไฟอย่างนี้ครับ
24-24457-11.wav	เดินทางมารับรางวัลด้วยตัวเองนะครับครับ
24-24457-18.wav	ก็เดินทางมาดูแลพร้อมกับคุณแบงค์นะครับ
24-24457-3.wav	ก่อนที่งานนี้จะเริ่มขึ้นว่าเดินทางมารับรางวัลด้วยตัวเองแน่
24-24459-8.wav	หลายจังหวัดและยังไม่ถึงเลยข้าวเม่าทอด
24-24459-9.wav	คราวนี้ไปดูข้าวเม่าทอดที่จังหวัดสุโขทัยกันบ้างค่ะนะครับ
24-24460-123.wav	ที่วัดลาดบัวขาวที่นายอัจฉริยะอ้างว่า
24-24460-150.wav	แต่ว่านายอัจฉริยะบอกว่าตอนนั้น
24-24460-68.wav	หรือนางเรวดีหาแก้วในช่วงปี2005
24-24463-10.wav	ที่อำเภอเทิงของจังหวัดเชียงรายค่ะ
24-24465-119.wav	ชาวสวนดอกมะลิในจังหวัดนครสวรรค์
24-24465-33.wav	กระแสน้ำจากเขื่อนเจ้าพระยาที่จังหวัดชัยนาทฮะ
24-24460-89.wav	ฟังเสียงนายอัจฉริยะเล่าให้ฟังค่ะ
24-24461-87.wav	สะสมรวมในจังหวัดเนี่ยนะฮะ4,412รายนะครับ
24-24465-534.wav	ใจเราก็เลยจะมีสิ่งดีๆให้คุณผู้ชมได้ดูต่อก็คือเรื่องราวความสวยงามของนางถ้วย
24-24466-3.wav	เดินทางจากบางใหญ่เข้ามาทำงานในเมือง
24-24466-8.wav	ประชาชนในพื้นที่จังหวัดนนทบุรีจำนวนมาก
24-24467-19.wav	แล้วก็ระบุพิกัดว่าอยู่ที่เขาตะเกียบจังหวัดประจวบคีรีขันธ์
24-24466-19.wav	ก็เดินทางถึงเพราะว่าการจราจรนั้น
24-24461-74.wav	ส่วนทางด้านสำนักงานสาธารณสุขจังหวัดฉะเชิงเทรานะฮะ
24-24470-65.wav	เออตำรวจ40นายเขาจะอบรมกันนะ
24-24468-12.wav	องค์แรกนะคะประดิษฐานที่วัดพระปฐมเจดีจังหวัดนครปฐมค่ะ
24-24469-66.wav	ในการลงไปในพื้นที่ในจังหวัดสมุทรปราการ
24-24469-67.wav	จังหวัดน็อตนนทบุรีหรือในต่างจังหวัดนะครับ
24-24469-68.wav	เช่นจังหวัดร้อยเอ็ดจังหวัดขอนแก่นอะไรก็มีมาก
24-24470-13.wav	การเรียกตำรวจตามรายชื่อทั้ง40นายเป็นการให้ทั้งหมดมารายงานตัวกับรองผู้บังคับการ
24-24470-21.wav	หากตำรวจนายใดเข้าข่ายเข้าข่ายก็จะนำสู่ขั้นตอนถัดไปนะครับ
24-24470-25.wav	แน่เนี่ย29นายครับ29นาย
24-24472-35.wav	จังหวัดสงขลาเข้ามาบุกจับตามหน้าที่
24-24475-64.wav	จึงเป็นปัจจัยสำคัญสำหรับคนในจังหวัดนี้ไม่น้อย
24-24475-3.wav	จะพาคุณผู้ชมไปที่อำเภอชุมแพรจังหวัดขอนแก่น
24-24477-22.wav	จุดตรงเนี้ยเนี้ยคือที่จังหวัดเชียงรายอำเภอเวียงชัยค่ะ
24-24477-36.wav	เป็นชาวอำเภอชัยปราการที่จังหวัดเชียงใหม่
24-24470-50.wav	ปฏิบัติหน้าที่อยู่3นาย
24-24475-6.wav	ตำบลนาเพียงอำเภอชุมแพจังหวัดขอนแก่น
24-24478-114.wav	ตำรวจบอกว่าได้สอบปากคำพยานที่เห็นนายสมบัติเป็นคนสุดท้าย
24-24478-115.wav	และสอบปากคำผู้ที่เกี่ยวข้องแล้วนะคะแล้วก็ไปตรวจสอบประวัติของนายสมบัติ
24-24478-116.wav	ปรากฏว่านายสมบัติก็มีหมายจับคดีลักทรัพย์ในพื้นที่จังหวัดชัยภูมิด้วยอะค่ะค่ะคุณผู้ชม
24-24478-117.wav	ตอนนี้อยู่ระหว่างติดตามตัวนะคะยังไม่เจอตัวนายสมบัติคนนี้ค่ะก็ตกเป็นผู้ต้องสงสัยลำดับแรกเลยนะคะครับ
24-24478-20.wav	นายสมบัติลูกศิษย์ที่ดูแลหายตัวไปค่ะ
24-24478-24.wav	นายสมบัติเนี่ยมีพิรุจก็เพราะว่าไปรื้อค้นของในกุฏิของหลวงปู่
24-24478-28.wav	นายสมบัติลูกศิษย์ที่ดูแลหลวงปู่เนี่ยนะคะ
24-24478-31.wav	นายสมบัติคงจะใช้ไม้เท้าฟาดที่หน้าหลวงปู่
24-24478-36.wav	เพราะท่านรักพระเครื่องของท่านมากจน03:00น.นายสมบัติขอให้ชาวบ้านพาไปส่ง
24-24478-43.wav	ไปหานายสมบัติสึกแล้วนะคะใส่เสื้อลายดอกสีเขียวกางเกงขาสั้นมาหา
24-24478-47.wav	นายสมบัติตอบว่ามาจากศรีสะเกษกำลังจะกลับบ้าน
24-24478-48.wav	ก็หยิบแบงค์ร้อยบอกว่าไปส่งหน่อยจ้างนายสวัสดิ์ให้ไปส่ง
24-24478-49.wav	แต่นายสวัสดิ์บอกว่าโอ้โหมันดึกแล้วมาหา03:00น.แล้วอ่ะ
24-24478-50.wav	ก็เลยปฏิเสธไปแต่ก็ยอมรับว่าเคยรู้จักกับนายสมบัติมาก่อนนะคะ
24-24478-51.wav	ตอนที่ยังเป็นพระที่วัดป่าติ้วแต่ว่าช่วงหลังเนี่ยนายสมบัติมีพฤติกรรมแปลกๆอะค่ะ
24-24478-57.wav	เธอก็เล่าให้ฟังว่านายสมบัติไปหาเธอเหมือนกัน
24-24478-61.wav	ที่ในถุงอยู่ในกระเป๋าของนายสมบัติอะนะคะ
24-24478-62.wav	ตอนแรกที่เห็นนายสมบัติก็ตกใจเพราะว่าอ้าวเคยเห็นตอนเป็นพระ
24-24478-64.wav	พอถามนายสมบัติก็บอกว่าก่อนจะมาหาเธอเนี่ยไปหานายสวัสดิ์
24-24478-69.wav	แต่ที่แปลกใจก็คือนายสมบัติอะบอกว่าจะกลับบ้านที่ชัยภูมิ
24-24478-70.wav	แต่ตอนที่ขึ้นรถบัสอ้าวนายสมบัติขึ้นรถที่แบบ
24-24478-74.wav	ผู้ที่ถูกสงสัยมากที่สุดในขณะนี้ก็คือนายสมบัตินะฮะก็จะมีภาพก็คือภาพที่ช่วงที่บวชอยู่แล้วก็นี่เป็นอีก
24-24478-75.wav	1ในผู้ที่ถูกสงสัยนะฮะอันนี้คือนายสมบัตินะครับตอนที่ยังบวชอยู่แต่ว่าชาวบ้านบอกว่าตอนที่ไปหา
24-24479-12.wav	เป็นพี่ชายแท้ๆของนางนวลเองชื่อนายสมบูรณ์คนนี้
24-24479-17.wav	ใช้ก่อเหตุมาด้วยนะคะสอบถามพูดคุยกับนายสมบูรณ์
24-24479-25.wav	พอเขาตื่นขึ้นมาค่ะนายสมบูรณ์เลยตัดสินใจค่ะ
24-24479-44.wav	ช่วง13:00น.เนี่ยก็เห็นนายสมบูรณ์พี่ชาย
24-24479-52.wav	อ้าวนายสมบูรณ์เนี่ยเดินออกมาแล้วพูดประโยคนึงบอก
24-24479-55.wav	เพื่อนบ้านรีบวิ่งเข้าไปดูในบ้านของนางนวม
24-24479-58.wav	ส่วนลูกสาวของคนก่อเหตุลูกสาวของนายสมบูรณ์ว่ายังไง
21-21893-28.wav	ผู้ก่อเหตุนายทวีพรลัดลอยหรือนายเอ๋ออายุ40
24-24479-59.wav	ลูกสาวนางนกนางแก้วบอกแบบนี้นะคะว่า
24-24479-7.wav	อำเภอปัวจังหวัดน่านคุณผู้ชมลองดูนี่คือสภาพศพของคนตาย
24-24479-80.wav	ท่านบอกแบบนี้แม้ว่าตัวผู้ก่อเหตุนายสมบูรณ์จะมีโรคอัลไซเมอร์
24-24483-52.wav	คุณผู้ชมดูเงียบๆเพราะว่าตอนที่นางเลิก
24-24486-12.wav	นายเศรษฐาทวีสินนายกรัฐมนตรีและรัฐมนตรีว่าการกระทรวงการคลัง
24-24487-19.wav	นายประเทืองอายุ69ปี
24-24487-34.wav	นายประเทืองก็นั่งอยู่ที่เก้าอี้เหมือนกับกำลังกินข้าวมื้อค่ำอยู่
24-24487-36.wav	จ่อยิงท้ายทอยนายประเทืองแล้วก็ไปจ่อยิงขมับซ้ายของนางนวล
24-24487-97.wav	นายประเทืองยังมีลมหายใจอยู่
24-24490-1.wav	พื้นที่จังหวัดภาคเหนืออาจจะเผชิญกับปัญหาไฟป่า
24-24490-56.wav	ในพื้นที่ป่า9จังหวัดภาคเหนือจำนวน8,586จุด
24-24492-20.wav	แล้วก็ยังเดินทางมาให้กำลังใจไม่ว่าจะเกิดเรื่องราวอะไรขึ้นก็ตาม
24-24492-9.wav	แต่อย่างที่ทราบกันไปค่ะแฟนคลับต่างพากันเดินทางมาร่วมฉลองยอดวิว500ล้านวิวค่ะ
24-24493-33.wav	ส่วนทางด้านของศาลกาญจนบุรีตอนนี้
24-24493-8.wav	ก็เดินทางไปดูอาการของลูกชายค่ะ
24-24495-14.wav	ขณะที่กำลังเดินทางเข้าไปยังศูนย์ประชุมเฉลิมพระเกียรติ
24-24495-16.wav	กว่า50นายควบคุมสถานการณ์นะคะ
24-24495-20.wav	การมาที่จังหวัดเชียงใหม่ครั้งนี้นะคะ
24-24495-24.wav	และเส้นทางเข้าออกพื้นที่จัดงานมากกว่า200นายค่ะ
24-24495-3.wav	ติดตามการขับเคลื่อนนโยบายของรัฐบาลที่จังหวัดเชียงใหม่ค่ะ
24-24495-6.wav	เนี่ยค่ะระหว่างที่นายกรัฐมนตรีลงพื้นที่ที่จังหวัดเชียงใหม่
24-24497-27.wav	ตำบลบ้านขามอำเภอน้ำพองจังหวัดขอนแก่นนะคะ
24-24499-76.wav	นายรณณรงค์ณรงค์บอกว่าส่วนตัวมองว่าการอายัดลอตเตอรี่เนี่ย
24-24502-11.wav	ตำรวจภูธรพิมายจังหวัดนครราชสีมา
24-24502-14.wav	รู้จักกับนายสมศักดิ์เพราะเป็นคนในหมู่บ้านเดียวกัน
24-24502-16.wav	ก่อนเกิดเหตุนายสมศักดิ์เนี่ยก็มาหาบอกว่า
24-24502-21.wav	นายสมศักดิ์ก็ได้ทีเลยบอกยายบอกว่า
24-24502-23.wav	ถอดเสื้อผ้าออกให้หมดเลยนะแล้วตัวนายสมศักดิ์เองก็ถอดเสื้อผ้าออกเหมือนกัน
24-24502-28.wav	แล้วก็รีบไปแจ้งตำรวจหลังก่อเหตุนะคะนายสมศักดิ์พอเห็นว่ามีคนมาช่วยแล้วเนี่ย
24-24503-48.wav	มันดูเป็นโขดหินเยอะอ้าวทำไมผิดหวังอุตส่าห์เดินทางไป
24-24504-42.wav	ขณะที่คุณแม่เองก็มักจะเดินทางมาให้กำลังใจลูก
24-24506-0.wav	ที่จังหวัดสุรินทร์กันหน่อยครับเด็กทารกแรกเกิดคนนึงถูกแม่ใจร้าย
24-24508-3.wav	ชัดเจนแล้วนะครับ3ตัวในพื้นที่ป่าไร่อ้อยของชาวบ้านที่จังหวัดชัยภูมิ
24-24508-53.wav	ที่ตำบลศรีชมภูอำเภอศรีชมภูจังหวัดขอนแก่น
24-24510-12.wav	ตั้งใจเดินทางขึ้นไปพื้นที่ตรงนี้
24-24510-26.wav	อะเอาดูอีกสัก1จังหวัดเผื่อให้คุณตัดสินใจ
24-24510-41.wav	ส่วนเรื่องของการอำนวยความสะดวกที่เดินทางกันเนี่ย4วันนี้เนี่ยนะคะ
24-24510-45.wav	บอกว่านักท่องเที่ยวเดินทางเข้ามาในเขตนครราชสีมาจำนวนมาก
24-24513-34.wav	ใครที่จะเดินทางมาที่ประเพณีชักพระ
24-24513-43.wav	มีการเดินทางมีการจราจรที่หนาแน่น
24-24515-29.wav	ซึ่งเป็นงานประจำจังหวัดเนี่ยน้องคนนี้หัวแตก
24-24519-17.wav	กำลังจะขับรถเดินทางกลับบ้านโดยน่าจะขับรถมาด้วยความเร็วสูง
24-24522-25.wav	นางสาวอุมาบอกว่าคงเป็นไปไม่ได้สามีไม่พกเงินติดตัวอยู่แล้ว
24-24522-2.wav	ที่อำเภอบ้านบึงจังหวัดชลบุรีนะครับทุกผู้ชมครับ
24-24524-43.wav	ปกติก็จะมีทีมงานเราอะอยู่ในลานอยู่แล้วถ้าเป็นวันศุกร์เสาร์อาทิตย์นี่ก็ประมาณสัก10กว่านายนะครับ
24-24526-1.wav	แต่ถ้าเกิดเป็นจังหวัดเนาะก็เป็นศาลหลักเมืองใช่ไหมใช่ค่ะ
24-24527-9.wav	ที่ตำบลท่าเยี่ยมอำเภอโชคชัยจังหวัดนครราชสีมา
24-24528-28.wav	อำเภอสารภีก็คือจังหวัดเชียงใหม่ต้นยางนาเป็นร้อยร้อยปี
24-24528-32.wav	เพราะว่าอะไรนี่คือถนนที่สวยที่สุดในจังหวัดเชียงใหม่
24-24528-59.wav	จะเป็นเหตุอาเพศในจังหวัดเชียงใหม่หรือไม่นะครับแต่ถ้าหากใครไปตอนนี้ไปลำบากมาก
24-24528-63.wav	นี่คือเหตุที่ชวนสะพรึงจังหวัดเชียงใหม่เมื่อคืนที่ผ่านมานะฮะครับ
24-24528-8.wav	เป็นเหตุการณ์ที่เกิดขึ้นที่จังหวัดเชียงใหม่
24-24533-77.wav	คนก็เดินทางเข้ามาเยอะนะฮะในเรื่องของชายชุดดำเดี๋ยวต้องรอชี้แจงก่อนว่าเท็จจริงแล้วเป็นยังไงนะครับ
24-24533-86.wav	ที่อยากจะให้การชุมนุมเนี่ยให้อยู่นานๆนะฮะแล้วก็ตัวเองอะก็คงไม่ได้ออกไปร่วมเดินทางอะไรหรอก
24-24534-0.wav	ฝ่ายความมั่นคงในอำเภอบรบือจังหวัดมหาสารคามนะคะ
24-24534-1.wav	นะเขาไปปฏิบัติการร่วมกับชุดปฏิบัติการพิเศษจังหวัดมหาสารคาม
24-24536-41.wav	ด้านนางโสภาค่ะเราติดต่อได้
24-24538-13.wav	ให้การกับตำรวจท่องเที่ยวเชียงใหม่พร้อมกับบอกได้ว่าเหตุการณ์ที่เกิดขึ้น
24-24538-21.wav	และเพื่อความบริสุทธิ์ใจจึงพาเด็กมาพบกับตำรวจท่องเที่ยวเชียงใหม่
24-24538-8.wav	จังหวัดเชียงใหม่เป็นโจรขโมยนาฬิกาข้อมือของนักท่องเที่ยวชาวต่างชาติ
24-24539-58.wav	ซึ่งกำชับให้ตำรวจทุกนายต้องปฏิบัติการด้วยความระมัดระวัง
24-24541-17.wav	อำเภอปลวกแดงที่จังหวัดระยองเหตุการณ์เกิดขึ้น18มิถุนายนที่ผ่านมา
24-24543-47.wav	ถ้าอยากจะดูก็ไปที่ครัวศิลปะที่อาจารย์ที่จังหวัดเชียงรายนะคะ
24-24545-16.wav	ทีมข่าวของเราก็เดินทางตามไปด้วยกลับมาปรากฏว่าเธอมีแผลที่บริเวณแขนข้างซ้าย
24-24545-9.wav	แล้ววันนี้นะคะผู้สื่อข่าวเนี่ยลงพื้นที่ไปยังเกาะกลางตำบลคลองคลองประสงค์อยู่ที่อำเภอเมืองจังหวัดกระบี่
24-24546-14.wav	ตรงนี้เนี่ยตั้งอยู่ติดลำตะคองที่ตัวเมืองจังหวัดนครราชสีมา
24-24546-2.wav	คุณผู้ชมที่จังหวัดนครราชสีมาก็ต้องบอกว่าตอนนี้เนี่ย
24-24547-19.wav	นายรักนายหลงเหลือเกินฝากตัวรับใช่นาย
24-24547-226.wav	แล้วก็ได้เช็คดวง5ราศีรุ่งนายรักนายหลงแล้วค่ะ
24-24547-84.wav	สำหรับราศีที่ดวงงานรุ่งพุ่งแรงนายรักนายหลงมีอะไรลงมือทำเลยช่วงนี้
24-24549-29.wav	โดยที่ไม่คำนึงถึงหลักนิติธรรมในโพสต์สุดท้ายครับของเฟซบุ๊คส่วนตัวนายทักษิณชินวัตรวัตรอีกว่า
24-24550-105.wav	แล้วนายตอนนี้งานแน่นมากแน่นกว่าผมอีกอะ
24-24552-19.wav	เดินทางมาให้กำลังใจอย่างต่อเนื่อง
24-24552-5.wav	อยู่ที่สภ.กกตูมที่จังหวัดมุกดาหาร
24-24554-16.wav	แล้วก็จูบปากด้วยครับด้วยความตกใจนางสานางเอเนี่ยนะคะ
24-24554-8.wav	ในพื้นที่อำเภอชำนิจังหวัดบุรีรัมย์นะคะ
24-24556-12.wav	แล้วนายมดเนี่ยนั่งมากับรถยาริสซึ่งเป็นรถคุ้มกัน
24-24556-14.wav	แล้วก็นายมดยังมีหน้าที่อีกอย่างนึงก็คือ
24-24556-18.wav	เมื่อวานนี้ค่ะก็มีการนำตัวนายมดเนี่ยนะ
24-24556-21.wav	ไปเริ่มต้นที่สภ.นาจอมเทียนที่จังหวัดชลบุรี
24-24556-26.wav	ก็มีทั้งสปายฟอร์สนายสายัณต์ที่เป็นนกต่อ
24-24556-29.wav	แล้วก็นายมดก็มีหน้าที่ตามทั้ง22คนค่ะ
24-24556-42.wav	ทีนี้ค่ะนายมดตอนที่ไปที่เขาชีจรรย์นะคุณผู้ชม
24-24556-47.wav	การเดินทางมาร่วมทีมกับเสี่ยอ้วนครั้งนี้
24-24556-53.wav	ก็อันนั้นเป็นเสียงนายมดตอนที่อยู่ที่เขาชีจรรย์นะครับ
24-24556-54.wav	แล้วก็ตำรวจเนี่ยก็พาตัวนายมดเนี่ยไปยังบ้านพัก
24-24556-56.wav	ที่นายมดได้เป็นคนเช่าบ้านหลังนี้ไว้
24-24556-59.wav	แล้วก็นายมดเนี่ยได้พูดกับผู้สื่อข่าวสั้นๆ
24-24556-65.wav	ก็คือที่จุดที่นายมดเนี่ยลงรถทัวร์บริเวณแยกพัทยาใต้
24-24556-86.wav	แล้วเดี๋ยวนายบ่าวก็จะต้องทำแผนเหมือนกัน
24-24556-99.wav	จะเดินทางมาติดตามคดีนี้เช่นกัน
24-24558-40.wav	คดีนี้ก็ถือว่าอุกอาจนะครับผู้บังคับการตำรวจภูธรจังหวัด
24-24558-5.wav	สาขาบึงพระอำเภอเมืองจังหวัดพิษณุโลก
24-24559-21.wav	ภายหลังเข้าเฝ้าถวายสัตย์ปฏิญาณนายกรัฐมนตรีและคณะรัฐมนตรี
24-24560-0.wav	คุณผู้ชมครับไปดูวินาทีชีวิตของชายหนุ่มคนนึงนะฮะที่จังหวัดชลบุรีนะครับ
24-24560-16.wav	ในพื้นที่อำเภอศรีราชาจังหวัดชลบุรีนะครับ
24-24562-32.wav	ไปส่งที่คอนโดแล้วก็จะนำส่งต่อไปที่จังหวัดชลบุรีต่อไป
24-24564-25.wav	อาหารในสำนักงานขนส่งจังหวัดสมุทรปราการนะครับ
24-24564-46.wav	อยู่ที่วัดใหม่สามัคคีอำเภอกมลาไสยจังหวัดกาฬสินธุ์นะคะ
24-24564-4.wav	ไปดูที่บ้านฉางจังหวัดระยองกันก่อนเลยค่ะ
24-24565-112.wav	ซึ่งนายดอนแก้วมณีเนี่ยเป็นสามีของน้องหมวยคุณ
24-24565-113.wav	เป็นสามีของน้องหมวยเท่ากับนายดอนเนี่ยก็สูญเสียน้องหมวยซึ่งเป็นภรรยา
24-24565-33.wav	อำเภอบ้านหมี่จังหวัดลพบุรีนะครับ
24-24565-70.wav	ก็คือนายประมวลอยู่ยงอายุ63ปีนะครับ
24-24565-76.wav	แต่ตัวของนายประมวลบอกว่าไม่สามารถที่จะหยุดรถหรือว่าเหยียบเบรก
24-24565-80.wav	ตำรวจได้นำตัวนายประมวลคนขับรถกระบะไปสอบสวนเพิ่มเติม
24-24565-92.wav	แล้วก็กู้ภัยของมูลนิธิอื่นๆของจังหวัดอื่นๆ
24-24566-111.wav	ไปฝากขังต่อศาลชลบุรีนะคะแจ้งข้อหาทำร้ายร่างกายผู้อื่นจนถึงแก่ความตายนะคะ
24-24566-14.wav	นายพิภพขยันการอายุ48ปี
24-24567-0.wav	มาต่อกันที่จังหวัดอุทัยธานีกันหน่อยนะคะ
24-24568-1.wav	เป็นเด็ก2คนอยู่ที่จังหวัดชลบุรีนะครับ
24-24569-0.wav	อีก1เหตุการณ์คุณผู้ชมค่ะเป็นเหตุสะเทือนใจที่จังหวัดขอนแก่นนะคะ
24-24569-28.wav	ซึ่งเป็นภรรยาของผู้ตายแล้วเป็นแม่ของนายท็อปนี่แหละ
24-24570-12.wav	เราตรวจสอบในหลายพื้นที่นะครับอย่างที่แม่สอดจังหวัดตากนะฮะ
24-24570-20.wav	หลังจากที่จังหวัดตากเนี่ยมีมาตรการห้ามเผาเด็ดขาด
24-24570-21.wav	คือทุกจังหวัดเนี่ยเขาเริ่มกันมาตั้งแต่1มีนาคมคือเมื่อวานนี้นะครับ
24-24570-22.wav	ไปจนถึง30เมษายนแต่ท้องฟ้าของพื้นที่แม่สอดจังหวัดตากเนี่ย
24-24570-46.wav	ให้จังหวัดเนี่ยตากห้ามเผาโดยเด็ดขาดตามมาตรการคำสั่งของจังหวัด
24-24570-66.wav	ส่วนที่จังหวัดเชียงใหม่นะครับก็ได้มีการประกาศปิดพื้นที่อุทยานแห่งชาติ
24-24570-75.wav	บริเวณป่าปางตอยอำเภอพร้าวจังหวัดเชียงใหม่นี่ครับ
24-24572-13.wav	แล้วก็ไม่ได้เห็นว่ารถของนางสมคิดเนี่ยกำลังชะลอเพื่อเลี้ยวขวานะครับ
24-24572-14.wav	คือพุ่งชนเลยครับพุ่งชนท้ายรถจักรยานยนต์ของนางสมคิดอย่างจัง
24-24572-15.wav	รถของนายชนลสิทธิ์นั้นเสียหลักไปชนกับเสาค้ำหลังคาของตึก
24-24572-18.wav	แล้วก็นำตัวส่งโรงพยาบาลส่วนนางสมคิดที่ถูกชนตัวลอยกระเด็นตกลงมาที่ถนน
24-24574-0.wav	โรงเรียนแห่งหนึ่งในจังหวัดตากเขารวมตัวกัน1,500คน
24-24574-31.wav	ทุกคนพอใจก็เลยเดินทางกลับค่ะ
24-24576-46.wav	คือที่จังหวัดสตูลนะครับส่วนบริเวณทั่วทั้งประเทศตอนนี้เนี่ยนะครับ
24-24578-15.wav	ปรากฏว่าไปรู้ว่าตัวคนที่ทำปืนลั่นใส่เพื่อนคือนายโย
24-24580-23.wav	เพื่อที่จะไปหาข่าวในจังหวัดร้อยเอ็ด
24-24580-25.wav	ไปดูที่บ้านเพื่อนในจังหวัดบุรีรัมย์
24-24580-2.wav	มีความคืบหน้าแล้วนะคะเพราะว่าตอนนี้เจ้าของบริษัทรถบัสโดยสารในจังหวัดบุรีรัมย์
24-24580-38.wav	ไปตรวจสอบแล้วก็พยายามโทรศัพท์ติดต่อนายวัชรินทร์แล้ว
24-24580-32.wav	ก็ตกลงกันว่าเดี๋ยวนายวัชรินทร์เนี่ยจะขับรถเปล่ากลับมารอเข้าวิน
24-24580-51.wav	ก็อยากที่จะขอให้นายวัชรินทร์เนี่ยเข้ามอบตัวกับตำรวจซะ
24-24580-9.wav	หญิงวัย56ปีที่ถูกนายวัชรินทร์รินทร์ทุมพร
24-24582-0.wav	ที่จังหวัดสมุทรปราการครับมีรถกระบะขับขึ้นทาง
24-24583-18.wav	บอกว่านางมีคนมาเปย์ให้นางโกรธมากนะปรี๊ดแตก
24-24587-3.wav	ข้าเคยให้โอกาสนางไปหลายครั้งแล้ว
24-24589-21.wav	โดยเริ่มต้นการเดินทางสุดมันในแคมเปญ
24-24589-38.wav	จึงทำให้ทุกครั้งที่ต้องเดินทางก็อุ่นใจนั่นเองค่ะ
24-24590-325.wav	เขาจะไปขอสะใภ้ที่จังหวัดสุรินทร์
24-24590-496.wav	มูขั้นเทพของเราเดินทางมาจังหวัดเชียงใหม่
24-24590-65.wav	ทีนี้พอนางมาวันนั้นนางมาก็ได้งานเลย
24-24590-683.wav	จากธนาคารเดินทางมาที่นี่
24-24590-753.wav	ที่พระธาตุดอยสุเทพจังหวัดเชียงใหม่รับรองจะเป็นมหามงคลให้คุณได้มา
24-24591-20.wav	แสดงตัวว่าเขาเนี่ยเป็นเจ้าของรถยืนตะโกนด่าทอตำรวจนายนี้ด้วยถ้อยคำที่หยาบคาย
24-24591-36.wav	ที่นายตำรวจท่านนี้เนี่ยโอ้โหอดทนจังเลยครับ
24-24591-54.wav	แต่อย่างไรก็ตามที่สุดแล้วตำรวจนายนี้คุณผู้ชมต้องยอมถอยนะครับค่ะ
24-24591-56.wav	และหลังจากออกจากชุมชนแห่งนี้มาตำรวจก็เดินทางไปแจ้งความเอาผิดกับชายคนนี้
24-24593-11.wav	ในคนที่เดินทางไปที่จุดนี้นะคะบอกว่าก็มาครั้งที่เนี่ย
24-24594-55.wav	เมื่อวานเนี้ยคุณแม่เองก็เดินทางไปหลายสื่อเหมือนกัน
24-24595-0.wav	ต่อกันที่เหตุทะเลาวิวาทที่เกิดขึ้นที่จังหวัดระยองนะคะ
24-24596-126.wav	อย่างเรามันเดินทางเยอะมันดูไปดูโลเคชั่นไปกำกับไปก่อกองที่นู่นที่นี่
24-24598-17.wav	เตรียมเดินทางมากรุงเทพฯให้ทันเวลา
24-24598-47.wav	แล้วก็เลื่อนการเดินทางเป็นวันรุ่งขึ้น
24-24598-56.wav	กับการเดินทางเพื่อกลับบ้าน
24-24598-7.wav	จะเดินทางไปทำธุระจะกลับบ้านในช่วงวันหยุดเนี่ย
24-24599-0.wav	ที่อำเภอชุมแพรจังหวัดขอนแก่นนะคะมีวัยรุ่นเขาติดเกมค่ะ
24-24604-140.wav	หลายจังหวัดยังมีฝนตกชุกหนาแน่นครับคุณผู้ชมฮะ
24-24605-13.wav	ทำให้แคมป์ช้างทวีชัยและปางช้างอีกหลายแห่งในจังหวัดกาญจนบุรีต้องหยุดให้บริการรับนักท่องเที่ยว
24-24605-2.wav	อย่างก่อนหน้านี้เองเนี่ยก็ไปให้อาหารน้องช้างที่เพนียดคล้องช้างจังหวัดพระนครศรีอยุธยา
24-24605-3.wav	หลายๆเสียงหลายๆจังหวัดก็บอกว่ามาจังหวัดผมบ้างมาที่นี่บ้าง
24-24609-4.wav	ที่จังหวัดแพร่ก่อนฝนเริ่มตกตั้งแต่วันเสาร์แล้วคุณผู้ชมคืนวันที่20สิงหาต่อเนื่องมาเช้าวันอาทิตย์21สิงหา
24-24609-70.wav	นอกจากนี้ครับพื้นที่อำเภอปงจังหวัดพะเยา
24-24611-0.wav	มาดูเหตุสลดที่เกิดขึ้นกันบ้างนะครับที่จังหวัดสุพรรณบุรี
24-24611-11.wav	นางบุญมาศรีชัยย่าของเด็กทั้ง3คน
24-24611-4.wav	ตำบลทุ่งคลีอำเภอเดิมบางนางบวช
24-24613-10.wav	เพราะเป็นจังหวัดที่มีจำนวนผู้มีสิทธิ์ออกเสียงมาเป็นอันดับ1ของประเทศ
24-24613-65.wav	ขอนแก่นอุบลราชธานีและจังหวัดเชียงใหม่
24-24613-7.wav	กรุงเทพมหานครถือเป็นอีกจังหวัดหนึ่ง
24-24615-0.wav	ช่วงตะลอนกินจะพาไปที่จังหวัดสมุทรสาครสาคร
24-24615-15.wav	เป็นร้านซีฟู้ดระดับตำนานที่จังหวัดสมุทรสาคร
24-24617-16.wav	ที่จังหวัดหนองบัวลําภูนะครับ
24-24617-21.wav	รองนายกรัฐมนตรีและรัฐมนตรีว่าการกระทรวงพลังงาน
24-24620-0.wav	เหตุการณ์นี้เป็นเหตุการณ์ระทึกที่จังหวัดพระนครศรีอยุธยาค่ะ
24-24621-2.wav	รับทราบว่ามาพบผู้ที่เดินทางมาจากประเทศอียิปต์31คน
24-24622-148.wav	เบื้องตอนนี้ออกหมายเรียกนายทวีนะครับ
24-24625-102.wav	เหตุการณ์ที่3คือเหตุการณ์ที่นายอนุสรณ์
24-24625-377.wav	ใช้เวลาการเดินทางจริงๆเนี่ยประมาณ2ชั่วโมง
24-24625-426.wav	เขาบอกว่าอย่างงี้ขณะที่นายเกียรติศิริเป็นนายจ้าง
24-24625-434.wav	ก็เลยทำให้นางบานเนี่ยคลอดลูกอยู่ในรถของนายจ้าง
24-24625-443.wav	แต่อันนี้เด็ดกว่ามันเกิดที่จังหวัดชัยนาทอือทุก
24-24625-516.wav	ทั่วทั้งจังหวัดขอนแก่นเนี่ยไม่เหลือเลย
24-24625-523.wav	นายกรัฐมนตรีเนี่ยใช้ในการลงตรวจพื้นที่จังหวัดขอนแก่น
24-24625-524.wav	และยังเป็นเลขของอายุของนางสาวยิ่งลักษณ์ชินวัตร
24-24625-565.wav	เดี๋ยวเรา2คนจะไปหาคุณที่จังหวัดของคุณเลยนะฮะ
24-24627-26.wav	มีข้าราชการญาติพี่น้องเพื่อนๆแล้วก็ประชาชนจำนวนมากเดินทางมาร่วมไว้อาลัยให้แก่ครอบครัวนี้เป็นครั้งสุดท้าย
24-24627-40.wav	นายสุริยะน้องเขยเขาขายผ้าห่มอยู่ในห้างมาตั้งหลายปีตั้งแต่ห้างเริ่มเปิด
24-24631-17.wav	วัย40ปีชาวจังหวัดลำพูนครับ
24-24631-19.wav	อะก็วางขายตามตลาดนัดทั่วไปนี่แหละในจังหวัดเชียงใหม่และลำพูน
24-24632-4.wav	จังหวัดเชียงรายพรรค
24-24633-50.wav	ว่ายกันอยู่ที่บ้านตอนกลางคืนแล้วก็มีหลายคนที่เดินทางไปที่เยาวราชนะ
24-24633-56.wav	ชาวไทยเชื้อสายจีนนักท่องเที่ยวก็เดินทางมากราบไหว้
24-24633-68.wav	แต่ใครใครไม่สะดวกเดินทาง
24-24633-72.wav	ที่ไม่สะดวกจะเดินทางไปและลดความแออัดด้วย
24-24634-11.wav	ในจังหวัดนครปฐมหมอก็จ่ายยาหยอดตามาให้
24-24634-65.wav	แล้วก็สอบถามทางตัวแทนจากสำนักงานยุติธรรมจังหวัดนครปฐมด้วย
24-24634-72.wav	ขณะเดียวกันนะคะหลังจากนี้ทางสำนักงานยุติธรรมจังหวัด
24-24635-0.wav	เขาจะพาเราไปเที่ยววัดที่จังหวัดนครปฐมวัดเนี่ยก็สวยงามเหมือนกันค่ะ
24-24635-4.wav	พิกัดอยู่ที่ถนนมาลัยแมนตำบลสระพัฒนาอำเภอกำแพงแสนจังหวัดนครปฐม
24-24639-11.wav	อำเภอเมืองจังหวัดลพบุรีแล้วก็มีการปั้นตุ๊กตา
24-24639-4.wav	นะฮะหัวกระโหลกชิ้นส่วนกระดูกในคลองชลประทานที่จังหวัดลพบุรี
24-24640-16.wav	อำเภอห้วยยอดจังหวัดตรังค่ะคุณผู้ชม
24-24640-38.wav	ใครอยากจะไปลิ้มลองด้วยตัวเองค่ะจังหวัดตรังนะคะอยู่ปากซอยถนนเทศบาล20ค่ะ
24-24641-62.wav	แล้วก็ชีวิตผมเนี่ยให้กับนายผม
24-24643-18.wav	เหตุการณ์นี้เกิดขึ้นที่ป้ายรถเมลหน้าศาลากลางจังหวัดนนทบุรี
24-24643-61.wav	หน้าศาลากลางจังหวัดนนทบุรีเพื่อจะรอต่อรถเมล์อีกสายหนึ่ง
24-24644-0.wav	เรื่องนี้ก็ต้องตามความคืบหน้าค่ะกรณีคนร้ายเนี่ยไปปล้นทองที่ร้านทองพบพระจังหวัดตากเนี่ยนะคะ
24-24644-21.wav	ซ่อนตัวอยู่ในจังหวัดเมียวดีของเมียนมาอยู่ตรงข้ามกับอำเภอแม่สอดจังหวัดตากนี่แหละค่ะ
24-24644-6.wav	จุดที่เกิดเหตุอยู่ที่ห้างทองกรุงเทพ4ที่อำเภอพบพระจังหวัดตาก
24-24647-114.wav	ใช่ฮะระหกระเหินไปจังหวัดต่างๆกว่าจะมาเจอลูกอีกทีนะ
24-24647-30.wav	เริ่มทำงานเป็นช่างเชื่อมที่จังหวัดระยอง
24-24647-31.wav	จากนั้นก็เดินทางต่อระหกระเหินไปที่สระบุรี
24-24647-33.wav	จนกระทั่งไปทำงานที่โรงปูนแห่งหนึ่งในจังหวัดสมุทรสาคร
24-24647-61.wav	ก็ต้องเดินทางไปทั้งระยองไปสระบุรีไปสมุทรสาคร
24-24647-63.wav	ใช่จนกระทั่งตัดสินใจขอลงเรือที่จังหวัดพังงา
24-24647-72.wav	เพื่อเลี้ยงชีพในจังหวัดนครปฐม
24-24652-102.wav	คุณผู้ชมไปที่โรงพยาบาลบางสะพานครับวันนี้แพทย์ตรวจประเมินอาการทหารเรือ8นายฮะที่
24-24652-103.wav	รักษาอาการบาดเจ็บเพราะว่าปลอดภัยแล้วนะครับกองทัพเรือก็พาทั้ง8นายไปยังกองบิน5
24-24652-10.wav	ท่านทราบว่าพลประจำเรือนายนึงเล่าว่าตั้งแต่ประจำการอยู่ในเรือนานนับ10ปียังไม่เคยเจอเหตุการณ์คลื่นยักษ์รุนแรงขนาดนี้มาก่อน
24-24652-123.wav	ให้แก่กำลังพลประจำเรือผู้ประสบภัยทุกนาย
24-24652-161.wav	ไม่ว่าจะเป็นในการเดินทางไปราชการอ่ายังถึงประเทศออสเตรเลียนะครับ
24-24652-2.wav	ตอนนี้เดินทางออกจากประจวบคีรีคีรีขันธ์แล้วก็ไปถึงฐานทัพเรือสัตหีบจังหวัดชลบุรีแล้วนะฮะ
24-24652-3.wav	นี่เป็นช่วงเวลานะครับที่กำลังพลทั้ง54นายนะครับรอดชีวิตมาได้จากเหตุเรือหลวงสุโขทัยอับปางกลางอ่าวไทยนะครับ
24-24652-45.wav	วันนี้จะค้นหาครอบคลุมจังหวัดประจวบคีรีขันธ์
24-24652-46.wav	และจังหวัดชุมพรในตอนบนนะคะ
24-24652-4.wav	นี่แหละครับทันทีที่กำลังพลทั้ง54นายไปถึงฐานทัพเรือสัตหีบด้วยรถบัส2คัน
24-24652-61.wav	มีทหารอยู่ในเรือทั้งหมด105นาย
24-24652-63.wav	เพราะฉะนั้นก่อนหน้านี้จะเหลือผู้สูญหายที่ตามหา30นาย
24-24652-64.wav	แต่รายงานล่าสุดที่บอกว่าพบกำลังพลเพิ่มอีก1นาย
24-24652-70.wav	เรือหลวงสุโขทัยนั้นสามารถรับน้ำหนักกำลังพลได้มากกว่า105นายแน่นอนนะคะ
24-24652-92.wav	วันนี้ทำยังไงครับที่ศูนย์ประสานความช่วยเหลือผู้ประสบภัยอำเภอบางสะพานจังหวัดประจวบคีรีขันธ์
24-24655-50.wav	ส่วนความเคลื่อนไหวของนายกรัฐมนตรีพลเอกประยุทธ์จันทร์โอชา
24-24656-10.wav	ที่ตำบลคูคตดอำเภอลำลูกกาจังหวัดประทุมธานี
24-24657-10.wav	นายโก้ให้ปากคำกับตำรวจเพราะว่าทางญาติบอกว่า
24-24657-13.wav	คุณผู้ชมครับถ้าย้อนกลับไปในวันที่นายโก้ให้การรับสารภาพ
24-24657-15.wav	ไม้เบสบอลที่ใช้ในการก่อเหตุนายโก้เนี่ยไม่ได้เป็นคนซื้อ
24-24657-28.wav	ก็เลยต้องติดเหมือนกับว่าเวลาเดินทางไปต่างจังหวัดด้วยกันน่ะคะ
24-24657-35.wav	เพราะว่าตอนนี้ตำรวจเองแจ้งข้อหานายโก้
24-24657-3.wav	นายโก้ยอมรับสารภาพส่วนหนึ่งนะครับบอกว่าคนตายก็ด่าทอเขาดูถูกเขา
24-24657-47.wav	ซึ่งนายโก้และไฮโซเชอรี่ทั้ง2คนเนี่ย
24-24657-56.wav	บอกว่าคำให้การของนายโก้เนี่ย
24-24657-85.wav	นี่นะครับทางน้องชายก็เชื่อว่านายโก้เนี่ยกล่าวอ้างนะครับ
24-24657-87.wav	ก็มองประเด็นตรงนี้บอกว่าถ้านายโก้เนี่ยพลั้งมือหรือว่าเกิดจากอารมณ์ชั่ววูบจริง
24-24657-89.wav	หรือถ้านายโก้จะหลบไปเพื่อตั้งสติและบอกเรื่องทั้งหมดก็ได้
24-24657-8.wav	เรื่องนี้เนี่ยทางญาติของนายโก้ยังไม่เชื่อในสิ่งที่
24-24657-90.wav	แต่สิ่งที่นายโก้ทำหลังจากพี่สาวเสียชีวิตก็คือนายโก้เลือกที่จะค้นทรัพย์สินภายในห้อง
24-24657-92.wav	และสาเหตุที่นายโก้ต้องให้การกับตำรวจในลักษณะนี้
24-24663-18.wav	ก็เดินทางกลับพร้อมกับแจ้งทางสื่อมวลชนว่าไม่สะดวกให้สัมภาษณ์นะฮะค่ะ
24-24664-12.wav	ตำรวจติดตามรวบตัวได้ที่อำเภอท่าบ่อจังหวัดหนองคาย
24-24664-22.wav	ไปอยู่ที่อำเภอท่าบอจังหวัดหนองคายแล้ว
24-24664-39.wav	คือจังหวัดเลยและจังหวัดขอนแก่น
24-24665-28.wav	สำหรับผู้ที่เดินทางมาถวายสักการะได้มีโรงทานคอยให้บริการได้รับประทานอาหารกันฟรีค่ะ
24-24666-22.wav	ตำบลเกวียนหักอำเภอขลุงจังหวัดจันทบุรีฮะ
24-24667-100.wav	ขณะที่นายสำเรียงนะคะคุณปู่น่ะบอกว่า
24-24667-15.wav	ขึ้นเหนือค่ะคุณผู้ชมพาไปที่วัดศรีโคมคำอำเภอเมืองจังหวัดพะเยานะคะ
24-24667-67.wav	หลานเจ้าของร้านชื่อว่านางสาวญาดาดา
24-24672-16.wav	ภาคอีสานตอนล่างแถบจังหวัดนครราชสีมาสุรินทร์บุรีรัมย์ศรีสะเกษอุบลฯรวมถึงจังหวัดในภาคตะวันออกระวังฝนเล็กน้อยนะคะ
24-24673-2.wav	ที่จังหวัดตรังนะครับมีปัญหาหนักมากที่สุดในขณะนี้
24-24673-7.wav	ทีมข่าวลงตรวจสอบที่ตำบลควนธานีอำเภอกันตังจังหวัดตรัง
24-24675-13.wav	05:30น.นะฮะนั่งตั้งวงและจำนวนนี้มีผู้หญิงคนนึงชื่อว่านางสาวอ้อม
24-24675-14.wav	อายุ30ปีนั่งอยู่ด้วยนางสาวอ้อมเป็นผู้หญิงที่มาติดพันตัวเขาเองแหละ
24-24675-16.wav	มาจากรถพร้อมกับถือปืนมาด้วยพอนางสาวอ้อมเห็นว่าผู้ชายคนนั้นถือปืนลงมา
24-24675-17.wav	วิ่งเข้าไปในบ้านในร้านนะฮะผู้ชายคนนั้นวิ่งไปตามจับกุมตัวนางสาวอ้อม
24-24675-18.wav	แล้วก็เอาตัวนางสาวอ้อมเนี่ยขึ้นรถไปแล้วก็หลบหนีไป
24-24675-22.wav	เป็นอดีตสามีของนางสาวอ้อมที่ไปนั่งกินตั้งวงกับช่างแมวนี่แหละ
24-24675-25.wav	ยังคงรักอยู่ตามกลับไปให้ได้นางสาวอ้อมหนีออกจากบ้าน
24-24676-22.wav	เล่าว่าเคยเห็นคุณวิชัยเดินทางมาไหว้บูชาที่นี่
24-24676-7.wav	มาไหว้สักการะศาลหลักเมืองจังหวัดนครศรีธรรมราช
24-24676-9.wav	โดยสาเหตุที่เป็นศาลหลักเมืองจังหวัดนครศรีธรรมราช
24-24680-0.wav	คุณผู้ชมมาดูข่าวนี้กันหน่อยนะคะที่จังหวัดแพร่ค่ะช่วงนี้เรื่องของกระแสน้ำต่างๆก็ยังต้องระมัดระวัง
24-24688-24.wav	ไปถามนะคือนายบุญรัฐคนเจ็บเนี่ยเป็นคนขับกระบะ
24-24690-12.wav	นายตำรวจนายหนึ่งอาการลักษณะคล้ายกับว่าเมา
24-24690-26.wav	ไปแจ้งความให้ดำเนินคดีกับตำรวจนายหนึ่ง
24-24690-34.wav	เธอกับน้องสาวเดินทางมาที่โรงพักที่นี่แหละ
24-24690-36.wav	โดยเข้าไปสอบถามตำรวจนายหนึ่ง
24-24690-39.wav	ถามตำรวจนายนี้ว่าจะไปจ่ายค่าปรับตรงไหน
24-24690-42.wav	ปรากฏว่าโรงพักเงียบก็เลยไปถามตำรวจนายนี้
24-24690-43.wav	ตำรวจนายนี้บอกว่าอยู่ชั้น2ขึ้นไปเลย
24-24690-45.wav	สักพักหนึ่งจู่ๆตำรวจนายเนี้ยเดินเข้ามาโอบเอว
24-24690-51.wav	อีกนายหนึ่งบอกว่าถูกตำรวจคนดังกล่าวเนี่ยลวนลาม
24-24692-17.wav	เส้นทางเกาะพีพีจังหวัดกระบี่กลับมาที่ภูเก็ต
24-24692-6.wav	แล้วคนที่อยู่ในเรือที่เป็นเรือท่องเที่ยวก็พยายามตะโกน
24-24693-0.wav	คุณผู้ชมครับพาลงใต้ไปที่จังหวัดกระบี่
24-24693-14.wav	ถูกต้องไปถามนางจำปีทองประเสริฐอายุ58ปี
24-24693-23.wav	เริ่มแรกนะครับนางจำปีซื้อต้นกระท่อมพันธุ์ขี้หมู
24-24693-24.wav	จากจังหวัดพังงามาทำการเสียบยอด
24-24693-29.wav	แล้วเขาบอกว่าปัจจุบันครับนางจำปีได้มีการนำต้นกระท่อมพันธุ์ต่างๆนะ
24-24696-5.wav	เพราะว่าไม่สามารถเดินทางกลับประเทศเกาหลีใต้ได้ค่ะ
24-24698-112.wav	เดี๋ยววันเนี้ยเดี๋ยวครึ่งวันก็เดินทางแล้ว
24-24703-38.wav	ซึ่งตำรวจก็เดินทางมาตรวจสอบที่เกิดเหตุ
24-24704-30.wav	นายสมนึกคนที่บาดเจ็บคิ้วแตกเป็นหนึ่งในกลุ่มผู้ถูกยิง
24-24704-35.wav	ขณะที่นายสมนึกคนที่เข้าไปขอโทษก็ถูกคู่กรณีเอาขวดแก้วตีจนคิ้วแตกแล้วถูกรุมกระทืบ
24-24704-37.wav	ส่วนทางด้านของคดีตำรวจสภ.แสนสุขเรียกนายสมนึกและพยานที่เห็นเหตุการณ์เข้าให้ปากคำเพิ่มเติมแล้ว
24-24707-15.wav	ในฐานะสโมสรจากประเทศไทยและจังหวัดบุรีรัมย์ครับ
24-24707-5.wav	เดินทางไปถึงลาวแล้วแล้วก็มีการฝึกซ้อมครั้งแรง
24-24707-6.wav	แล้วครับหลังจากเดินทางไปถึงครับก็ลงฝึกซ้อมทันทีโดยช่วงเย็นเมื่อวานนะครับ
24-24709-54.wav	ประเด็นที่22เรื่องภาพจากกล้องวงจรปิดที่นายอัจฉริยะเอามาเปิดให้ดู
24-24710-25.wav	คือตอนนี้อะค่ะคุณผู้ชมโรงเรียนโสตศึกษาจังหวัดชลบุรี
24-24710-34.wav	ส่วนเครื่องช่วยฟังโรงพยาบาลบ้านแพ้วองค์การมหาชนจังหวัดสมุทรสาครที่ได้ช่วยเหลือทำให้ก่อนหน้านี้ค่ะ
24-24712-279.wav	ส่วนกรณีที่มีผู้หญิงคนนึงจากจังหวัดนครสวรรค์
24-24713-12.wav	จุดแรกก็เป็นบ้านของนายประชาประสบดีนะครับ
24-24713-14.wav	จังหวัดสมุทรปราการและอดีตแกนนำกลุ่มนปช.
24-24713-20.wav	ซึ่งนายประชาชี้แจงบอกว่าเอาวิทยุสื่อสารก่อน
24-24713-38.wav	ซึ่งนายวรชัยก็ชี้แจงว่าอาวุธที่เจ้าหน้าที่ตรวจพบ
24-24715-4.wav	ในพื้นที่อำเภอแม่วางจังหวัดเชียงใหม่นะครับชุลมุนวุ่นวายเลยฮะ
24-24715-8.wav	ที่ตำบลแม่วินอำเภอแม่วางจังหวัดเชียงใหม่นะครับ
24-24717-1.wav	ไปสู้อะไรเขาอ่ะเหตุเกิดขึ้นที่หน้าเวทีหมอลำที่จังหวัดนครพนม
24-24717-20.wav	เนื่องจากในระหว่างที่เข้าระงับเหตุมีตำรวจบางนายก็ถูกลูกหลง
24-24718-1.wav	ถูกกลุ่มวัยรุ่นในจังหวัดสระบุรี5คนฉุดไปรุมโทรมข่มขืนนะครับ
24-24719-17.wav	เหตุการณ์ครั้งนี้นะคะนายดิเรกเจ้าของเนี่ยเขาประกาศกร้าวบอกว่า
24-24719-1.wav	ไปกันที่จังหวัดตราดเลยคุณผู้ชมไปดูภาพกล้องวงจรปิดของสวน
24-24720-104.wav	แต่ว่าเธอเนี่ยไปสมัครเหมือนกับไปออกกำลังกายที่ยิมและที่สนามมวยของนายวิชาญผู้เสียชีวิตอะคะ
24-24720-106.wav	จากการสอบปากคำเนี่ยนะคะเธอยอมรับว่าเธอเคยคบหากับนายวิชาญมา3ปี
24-24720-108.wav	แล้วจนสุดท้ายเนี่ยนายวิชาญมาหาเธออีกรอบก็คือในวันเกิดเหตุนี่แหละ
24-24720-119.wav	1ในเพื่อนบ้านของนางสาวพลอยไพลินผู้ต้องหาค่ะ
24-24720-126.wav	อันนี้เพื่อนบ้านของนางสาวพลอยไพลินให้ข้อมูลนะคะ
24-24720-128.wav	คนในหมู่บ้านไม่มีใครเชื่อว่านางสาวพลอยไพลินทำคนเดียว
24-24720-155.wav	คุณผู้ชมคะทีมข่าวของเราได้คุยกับชาวบ้านที่อยู่ในเหตุการณ์ที่นายวิชาญผู้ตายเคยโดนรถชนเมื่อหลายปีก่อนนะคะ
24-24720-157.wav	เห็นนายวิชาญใส่หมวกกันน็อก
24-24720-159.wav	แล้วจู่ๆนางสาวพลอยไพลินกับนายโอ๊ตแฟนนุ่มขี่ตามหลังมาแล้วก็ปาดหน้ารถจักรยานยนต์ของนายวิชาญ
24-24720-161.wav	แต่ตอนนั้นนายวิชาญบาดเจ็บเพียงเล็กน้อย
24-24720-162.wav	คือนายวิชาญเคยถูกรถชนในลักษณะที่ว่ามีนางสาวพลอยไพลินเกี่ยวข้องมาครั้งนึง
24-24720-179.wav	ที่นายวิชาญผู้ตายเคยโดนรถชนเมื่อหลายปีก่อนนะฮะ
24-24720-17.wav	เห็นแจ็คเก็ตสีดำเนี่ยครับท่านผู้ชมครับวันนี้มีน้องสาวกับแม่ของนางสาวพลอยไพลิน
24-24720-182.wav	ชาวบ้านบอกว่าวันเกิดเหตุที่รถชนนายวิชาญเนี่ย
24-24720-185.wav	อยู่ๆนางสาวพลอยไพลินกับแฟนหนุ่มที่ชื่อนายโอ๊ต
24-24720-186.wav	ก็ขับรถยนต์ตามหลังมาแล้วขับปาดหน้ารถจักรยานยนต์ของนายวิชาญไป
24-24720-212.wav	คุณผู้ชมคะส่วนศพของนายวิชาญผู้เสียชีวิตนะคะครอบครัวได้นำไปประกอบพิธีทางศาสนาที่บ้านในพื้นที่หมู่11ตำบลด่านช้างอำเภอด่านช้างจังหวัดสุพรรณบุรีค่ะแน่นอนนะคะว่าบรรยากาศเป็นไปด้วยความโศกเศร้า
24-24720-213.wav	เพราะอย่างที่คนในครอบครัวบอกนะคะว่าเดิมทีเนี่ยนายวิชาญกำลังจะบวชจะบวชในวันที่27กุมภาพันธ์นี้บอกทุกคนว่าจะบวชแทนที่จะได้จัดงานบวชกลายเป็นว่าต้องมาจัดงานศพค่ะ
24-24720-247.wav	ส่วนภรรยาของนายวิชาญผู้เสียชีวิตนะคะ
24-24720-248.wav	ก็บอกว่าไม่เชื่อว่านางสาวพลอยไพลิน
24-24720-24.wav	แต่ว่าทำไปเพื่อป้องกันตัวโดยอ้างว่าต้องการตีตัวออกห่างจากนายวิชาญนะครับ
24-24720-285.wav	เพราะว่าตัวนายวิชาญเองกำลังจะบวชทดแทนบุญคุณพ่อแม่
24-24720-14.wav	ผู้ต้องหาที่ก่อเหตุใช้มีดปาดคอนายวิชาญมะลิทอง
24-24720-184.wav	เห็นนายวิชาญสวมหมวกกันน็อกขี่รถจักรยานยนต์มาตามถนน
24-24720-1.wav	ชื่อว่านายวิชาญมะลิทองวัย47ปีนะครับ
24-24720-203.wav	ห่างจากจุดเกิดเหตุที่นายวิชาญถูกทำร้ายจนเสียชีวิตแค่70เมตร
24-24720-267.wav	เธอบอกว่าเธอหยอกล้อเล่นกันกับสามีอ่ะนะกับนายวิชาญอ่ะครับ
24-24720-297.wav	ก็เหลือนายโอ๊ตแฟนหนุ่มของนางสาวพลอยไพลิน
24-24720-49.wav	นายโอ๊ตนี่เป็นแฟนหนุ่มของนางสาวพลอยไพลินผู้ต้องหานะครับ
24-24720-58.wav	ส่วนที่นายวิชาญผู้ตายเขาเมยเคยมีคดีที่เคยไปแจ้งความเอาไว้นะครับ
24-24720-79.wav	เกิดอะไรขึ้นในรถคันนั้นของนายวิชาญนะฮะรถเก๋งคันสีขาวที่ไปจอดอยู่แถวซอยอุดมสุขนะฮะ
24-24720-83.wav	คือตรงเนี้ยฮะจะเห็นว่านี่คือนายวิชาญนะครับนอนเสียชีวิตอยู่ข้างๆรถเก๋งสีขาวของเขานะครับ
24-24721-38.wav	อยู่แล้วนะครับแล้วก็เคยเห็นคลิปของกู้ภัยจังหวัดนึงนะเขา
24-24722-17.wav	ส่วนมากเนี่ยจะเป็นที่จังหวัดอื่นส่วนในกำแพงเพชรเนี่ยเธอคิดว่าคงไม่มีอะไรแบบนั้น
24-24722-1.wav	วันนี้ปรากฏว่าที่จังหวัดกำแพงเพชรนะคะ
24-24723-36.wav	เข้าไปแล้ว19นายนะครับ
24-24724-0.wav	รวจต้องระดมกำลังหลายนายเลยต้องมาช่วยผู้หญิงคนนี้
24-24724-21.wav	ระดมกำลังกันมา20นายครับตรึงกำลังปิดล้อมกันเอาไว้
24-24728-1.wav	สามีภรรยาที่จังหวัดกำแพงเพชรนะครับ
24-24731-10.wav	สอบถามคนเห็นเหตุการณ์ชื่อว่านายมังกรคำแพงทอง
24-24731-11.wav	คือนายมังกรเนี่ยเขาเป็นเพื่อนร่วมงานกับคนตายนะคะเล่าแบบนี้บอกว่า
24-24731-7.wav	เป็นชาวจังหวัดอุดรธานีค่ะมีอาชีพเป็นช่างทาสีอย่างที่บอก
24-24736-11.wav	และพร้อมชี้แจงกับนางสาวยิ่งลักษณ์ชินวัตรวัตรส่วนตัว
24-24736-14.wav	ไม่พบการทุจริตใช้จ่ายการเดินทาง
24-24736-16.wav	และไม่พบว่ามีผู้ประกาศข่าวและภาคธุรกิจเดินทางไปด้วย
24-24736-19.wav	แก้ไขปัญหา3จังหวัดชายแดนใต้
24-24736-26.wav	นายกรัฐมนตรีลงพื้นที่จังหวัดพระนครศรีอยุธยาและจังหวัดชัยนาท
24-24736-5.wav	เพราะการเดินทางไปเพื่อทำประโยชน์ของประเทศไม่ใช่ไปเที่ยว
24-24736-9.wav	และยืนยันคนที่ร่วมเดินทาง38คน
24-24740-0.wav	วันนี้พลเอกประยุทธ์จันทร์โอชาออกมายืนยันนะครับว่าจะไม่ลาออกจากตำแหน่งนายกรัฐมนตรีนะครับ
24-24741-146.wav	ซึ่งตรงเนี้ยนายพินิจเขาบอกว่า
24-24741-104.wav	ทีนี้ไปฟังทางฝั่งคนเจ็บนะฮะก็คือนายพินิจนะครับ
24-24741-170.wav	ใช่แล้วก็นายพินิจบอกว่าตอนแรกนึกว่าโดนไม้ตี
24-24741-175.wav	เพราะว่าข้อมูลยังไม่ตรงกันนะคะจากฝ่ายลูกหนูแล้วก็ฝ่ายนายพินิจคนเจ็บ
24-24741-1.wav	เหตุการณ์เกิดขึ้นช่วงประมาณ03:00น.เมื่อวานนี้ที่จังหวัดอ่างทองค่ะ
24-24741-36.wav	ทีนี้ค่ะนายพินิจคนที่ถูกทำร้าย
24-24741-38.wav	อยู่หน้าบ้านของนางดวงกมลเนี่ยนะคะ
24-24741-39.wav	เขาเป็นอดีตแฟนของหลานสาวนางดวงกมลค่ะอ้าวหรอ
24-24741-50.wav	เหมือนกับว่าโมโหที่ตัวนายพินิจก็ไปมีแฟนใหม่
24-24741-52.wav	ลักษณะแบบนี้นะเดี๋ยวฟังนายพินิจเล่าให้ฟัง
24-24741-58.wav	บอกว่าที่ถูกกล่าวหาว่าลวงนายพินิจแฟนเก่ามาหา
24-24741-61.wav	เธอบอกว่าเธอคบหาดูใจกับนายพินิจไม่ถึงปี
24-24741-65.wav	วันเกิดเหตุนายพินิจคนเจ็บโทรศัพท์ไปหา
24-24741-70.wav	นายพินิจขี่รถจักรยานยนต์ตามไป
24-24741-73.wav	สักพักนึงนายพินิจตามไปก็ทะเลาะกันอีกที่หน้าร้าน
24-24741-77.wav	นายพินิจโทรหาบอกว่าอยู่หน้าบ้านนี่
24-24741-78.wav	คือนายพินิจก็เคยคบหากันก็รู้ว่าบ้านอยู่ไหน
24-24741-85.wav	พอแฟนใหม่ฟันแฟนเก่านายพินิจเนี่ยนะฟันเสร็จปุ๊บแฟนใหม่ก็หนีไป
24-24741-87.wav	ลวงโทรศัพท์ไปเรียกให้นายพินิจมาแล้วก็ให้กลุ่มวัยรุ่นมาทำร้าย
24-24741-88.wav	เธอบอกไม่จริงแต่เธอเองเคยถูกนายพินิจทำร้ายร่างกาย
24-24741-92.wav	ทำไมนายพินิจจะต้องตามมาระรานเธอด้วยเธอยืนยันว่าแฟนใหม่เธอก่อเหตุเพียงคนเดียว
24-24741-93.wav	น่าจะเป็นเรื่องของความหึงหวงที่เห็นว่านายพินิจแฟนเก่ามายืนอยู่หน้าบ้าน
24-24742-13.wav	ตำบลทุ่งสุขลาที่อำเภอศรีราชาจังหวัดชลบุรี
24-24742-19.wav	เพราะเขาเนี่ยก่อเหตุร่วมกับเยาวชนอายุ17ปีชื่อนายเน
24-24742-36.wav	แล้วก็แบ่งกับนายเนเยาวชนวัย17ปีแล้วก็หลบหนีไปนะคะ
24-24742-41.wav	มี่บอกว่าตั้งใจมาเอาทรัพย์สินตั้งใจมารูดทรัพย์นายจำลอง
24-24743-183.wav	การเดินทางค้นหาเรื่องราวและที่มาของเมนูเส้นในเล่าเส้นเป็นเรื่องวันนี้
24-24743-189.wav	และในปีนี้การเดินทางของเล่าเส้นเป็นเรื่องก็ยังคงก้าวต่อไป
24-24743-190.wav	ประเดิมการเดินทางต่างจังหวัดครั้งแรกของปี
24-24720-189.wav	เคราะห์ดีที่ครั้งนั้นนายวิชาญบาดเจ็บเพียงเล็กน้อย
24-24745-10.wav	เคราะห์ดีเคราะห์ดีที่ไม่ชนกับเสาไฟฟ้าข้างทางกู้ภัยนำตัวนายรัชชูแก้วอินทร์
24-24745-14.wav	ก่อนเกิดเหตุผู้บาดเจ็บรีบขับรถกลับบ้านที่จังหวัดเพชรชบุรีเพื่อไปร่วมงานบุญบ้าน
24-24745-16.wav	ที่จังหวัดขอนแก่นกลางดึกคืนที่ผ่านมาเกิดอุบัติเหตุรถเก๋งชนท้ายรถบรรทุกบนถนนมะลิวัน
24-24745-22.wav	คาดว่าก่อนเกิดเหตุทหารทั้ง2นายขับรถมาจากตัวเมืองชุมแพ
24-24745-2.wav	ประเด็นแรกของเจาะประเด็นวันนี้จะพาไปดูเหตุการณ์ที่เกิดขึ้นที่จังหวัดประจวบคีรีขันธ์นะคะ
24-24745-31.wav	ซึ่งขณะเกิดเหตุไม่เห็นนางทัดดาวมายืนอยู่ด้านหลังรถ
24-24745-29.wav	พอลงมาดูท้ายรถก็พบนางทัดดาว
24-24745-41.wav	เป็นจังหวะเดียวกับที่รถกระบะอีกคันและรถเก๋งขับสวนมา
24-24747-1.wav	ที่อำเภอนางรองจังหวัดบุรีรัมย์ค่ะ
24-24749-6.wav	แล้วก็มีหิมะสะสมตามพื้นที่ต่างจนทางการจังหวัดฮอกไกโด
24-24750-13.wav	หรือว่านายเอกวัย40ปีออกมาค่ะ
24-24750-33.wav	คือผู้ตายกับนายสุชาติเนี่ยหลานกับลุงเขย
24-24750-37.wav	ช่วงเช้ามืดนายเอกผู้ตายเนี่ยอยู่ในสวนยางของตัวเอง
24-24750-43.wav	คนตายเนี่ยก็เอาคว้าท่อนไม้เข้าไปตีนายสุชาติจากด้านหลัง
24-24750-44.wav	นายสุชาติที่เห็นภาพอยู่ที่หน้าจอเนี่ยนะคะไหวตัวทัน
24-24750-47.wav	ก่อนที่จะวิ่งหลบหนีไปนายเอกก็เสียชีวิตอยู่ตรงนั้น
24-24750-62.wav	ซึ่งก็คือภรรยาของนายสุชาติที่อยู่ติดกัน
24-24750-64.wav	และนายสุชาติก็มาขอให้ขุดคูน้ำเป็นเส้นแบ่งเขตที่ดิน
24-24750-77.wav	ล่าสุดนายสุชาติมามอบตัวแล้วพร้อมกับอาวุธปืนลูกซองไม่มีทะเบียนนะคะ
24-24751-19.wav	แล้วก็เวลาที่ต้องสูญเสียในการเดินทางค่ะ
24-24751-1.wav	มีการจัด5อันดับของเมืองที่คนเสียเวลาในการเดินทางมากที่สุดของปี2022นะคะ
24-24751-3.wav	มีผู้คนในเมืองนี้ที่ต้องเสียเวลาเนี่ยในการเดินทางกว่า156ชั่วโมง
24-24753-0.wav	ที่บอกไปนะคะจะพาคุณผู้ชมไปดูที่จังหวัดพะเยากันหน่อยค่ะ
24-24753-21.wav	หลังจากนั้นค่ะก็เดินทางต่อไปที่
24-24753-43.wav	เชิญชวนนักศึกษาและพี่น้องชาวจังหวัดเลยชู3นิ้วใจกลางเมือง
24-24753-6.wav	นี่ค่ะที่สภ.เชียงคำจังหวัดพะเยานะคะ
24-24754-8.wav	ทั้งนี้โครงการดังกล่าวมีเป้าหมายช่วยเหลือและบรรเทาความเดือดร้อนของผู้ประสบอุทกภัยในพื้นที่จังหวัดระยอง
24-24755-24.wav	เดินทางไปถึงก็เอาคลิปให้พระลูกวัดได้ดูนะครับ
24-24757-1.wav	โดยที่จังหวัดเชียงใหม่ครับมีชายคนนึงที่นุ่งห่มจีวรคล้ายกับพระสงฆ์นะครับ
24-24758-0.wav	เดินทางมาถึงช่วงสุดท้ายของรายการแล้วล่ะค่ะช่วงที่แล้วเราได้ไปทำความรู้จักกับร้านสปาเกตตี้
24-24758-95.wav	เมนูเส้นขึ้นชื่อจากจังหวัดโอกินาวาที่ร้านโอกินาวาคินโจ
24-24761-10.wav	ตลอดแนวชายแดนอำเภอแม่สอดจังหวัดตาก
24-24761-38.wav	สำนักงานตรวจคนเข้าเมืองจังหวัดตากดำเนินการตามกฎหมายต่อไปนะครับ
24-24761-3.wav	ที่จังหวัดตากมีการควบคุมตัวแรงงานต่างด้าว
24-24761-41.wav	แล้วก็หญิงไทยอีก1รายนี้นะครับได้ข้ามแนวชายแดนจังหวัดตาก
24-24761-53.wav	อ้าวเรื่องของสถานการณ์โควิดในจังหวัดต่างๆหน่อย
24-24761-55.wav	ค่ะที่อยุธยาเนี่ยนะคะสาธารณสุขจังหวัดเนี่ย
24-24761-68.wav	เรื่องการเดินทางไปมาท่องเที่ยวเกาะสีชังตั้งแต่วันที่6มกราคมจนถึงวันที่19มกราคมนะครับ
24-24761-69.wav	เขาสั่งปิดเลยนะคุณนะงดการเดินทางไปเกาะสีชังเลยหรือจนกว่าสถานการณ์จะคลี่คลายนะครับ
24-24761-71.wav	ซึ่งเป็นจุดให้บริการเรือข้ามฝากไปยังเกาะสีชังแน่นอนไม่มีคนเดินทาง
24-24761-73.wav	แล้วก็ต้องเดินทางไปมาข้ามเกาะมาประกอบอาชีพฝั่งศรีราชาแล้วก็เดินทางกลับเกาะสีชังเท่านั้นนะครับ
24-24761-76.wav	แล้วก็ต้องตรวจสอบเอกสารที่จำเป็นของผู้ที่ต้องการเดินทางจริงๆเท่านั้นนะครับ
24-24762-0.wav	ไปกันที่จังหวัดตรังไปช่วยคุณแม่กันหน่อยนะครับ
24-24762-8.wav	อำเภอเมืองจังหวัดตรังอย่างไร้ร่องรอยตั้งแต่วันที่23มีนาคม10วันได้แล้วครับคุณผู้ชม
24-24763-22.wav	บอกว่านายทวีเนี่ยล้มหมดสติอยู่กลางทุ่งนา
24-24763-23.wav	พอเธอไปถึงพบว่านายทวีเสียชีวิตแล้ว
24-24763-24.wav	ชาวบ้านแถวนั้นบอกว่าตำรวจวิ่งไล่จับนายทวีมา
24-24763-25.wav	มาถึงที่ทุ่งนาแล้วนายทวีล้มลงแล้วก็เสียชีวิต
24-24763-27.wav	แล้วระยะทางที่นายทวีเจอตำรวจแล้วเริ่มวิ่งหนีตำรวจ
24-24763-30.wav	เป็นไปได้หรือที่นายทวีจะเหนื่อยจนถึงขั้นหมดสติแล้วเสียชีวิต
24-24763-41.wav	ท่านบอกว่าเรื่องการเสียชีวิตของนายทวีเนี่ย
24-24763-45.wav	ให้กับญาติของนายทวีรับทราบแล้วนะครับแล้วญาติๆก็ได้ขอรับศพไปประกอบพิธีทางศาสนาเรียบร้อยแล้ว
24-24763-56.wav	ส่วนนี้คืออ่าภาพที่ตรวจสอบในกระเป๋าสะพายของนายทวีผู้ตายนะฮะ
24-24763-9.wav	อ่าบอกว่านายทวีอ่าเกี้ยวแก้วหรือว่าในตั้มอายุ33นอนเสียชีวิตอยู่ที่ทุ่งนา
24-24024-0.wav	กระต๊ากๆสวัสดีครับข้าวใส่ไข่สดใหม่ให้เยอะกลับมาเจอกันนี่ไงกลับมาแล้วนะพี่มาเนอะกลับมาแล้วนะเราอะนะนางสวยขึ้นมาไปทำอะไรมาอีกเนี่ยฮั่นแน่
24-24765-10.wav	แต่ไม่ได้มีบาดแผลไม่ได้โดนทำร้ายอะไรทราบว่าผู้ตายเป็นลูกศิษย์วัดในจังหวัดยโสธร
24-24766-3.wav	อะตำบลกกตูมอำเภอดงหลวงจังหวัดมุกดาหารคือคำถามเนี่ย
24-24766-513.wav	แล้วก็เสียค่าปรับอีก1,000บาทนะครับอาก็ไปยื่นต่อศาลจังหวัดมุกดาหาร
24-24766-517.wav	แล้วก็นี่ครับนายรุ่งโรจน์หรือนายหลอด
24-24766-518.wav	หลังจากได้ประกันตัวออกมาวันนี้นายรุ่งโรจน์โรจน์รับจ้างไถนาอยู่แถวๆบ้าน
24-24766-538.wav	นายรุ่งโรจน์โรจน์นายนายบอกกับเราว่าขอยืนยันด้วยความบริสุทธิ์เรื่องคดีน้องชมพู่
24-24766-560.wav	นายรุ่งโรจน์โรจน์นำเมล็ดผักหวานมาขายที่บ้านแล้วก็มีภรรยาของเขาเป็นคนซื้อ
24-24766-562.wav	จากนั้นนายรุ่งโรจน์โทรมาหาเขาจริงค่ะแล้วก็โทรมาถามอย่างนั้นจริงๆถามว่ามียาเสพติดไหม
24-24766-563.wav	เพราะว่าอยากเสพยาเสพติดอยากจะได้ซึ่งเขาบอกกับนายรุ่งโรจน์โรจน์วันนั้นไปว่า
24-24766-565.wav	จากนั้นเขาก็ขี่รถไปที่สวนยางพาราแล้วก็ไปเจอนายรุ่งโรจน์โรจน์อีก22
24-24766-594.wav	อำเภอนิคมคำสร้อยจังหวัดมุกดาหารนี่แหละค่ะ
24-24766-599.wav	เดินทางมาเกือบ2ชั่วโมงนะ
24-24766-65.wav	นายนิยมชาวเขานะฮะได้บอกกับเราว่า12พฤษภาคมราว10:00น.เนี่ย
24-24766-66.wav	เออใช่วันนั้นเขาเดินทางไปให้กำลังใจครอบครัวน้องชมพู่จริงนะฮะ
24-24767-10.wav	งานสอบสวนสำนักงานตำรวจแห่งชาติจังหวัดนครปฐมค่ะ
24-24767-11.wav	ซึ่งเป็นถนนข้างแฟลตที่พักนายตำรวจ
24-24767-25.wav	รองสารวัตรป้องกันปราบปรามสภ.ป่าโมกจังหวัดอ่างทอง
24-24767-48.wav	ตำรวจได้ติดต่อญาติจากจังหวัดสิงห์บุรี
24-24768-0.wav	ยินดีกับจังหวัดบุรีรัมย์กันหน่อยนะครับหลังจากที่ล่าสุดนั้นยืนยันว่า
24-24768-11.wav	นายเนวินก็ยังทิ้งท้ายว่าสิ่งที่บุรีรัมย์นั้นอยากพัฒนาในปีหน้า
24-24768-1.wav	ถือว่าเป็นสุดยอดสนามแห่งปีแล้วก็จังหวัดบุรีรัมย์นั้นทำอะไรที่น่าทึ่งได้หลายอย่างอยู่แล้วนะครับ
24-24768-7.wav	นายเนวินชิดชอบก็ยังบอกนะครับว่าภูมิใจกับรางวัลที่ได้รับ
24-24773-0.wav	ส่วนความคืบหน้าคดีหญิงสาววัย21ปีหมดสติถูกอุ้มออกไปจากผับในจังหวัดจันทบุรีนะครับก่อนจะถูกรุมโทรมจนเสียชีวิต
24-24773-44.wav	ที่จะแยกกันเดินทางกลับเวลามาเที่ยวผับ
24-24776-3.wav	เพียบเลยนะคะมาที่นี่เลยตำบลเทวราชอำเภอไชโยจังหวัดอ่างทอง
24-24777-12.wav	ส่วนจังหวัดอื่นๆเนี่ยเดี๋ยวขอพิจารณากำหนดราคาตามระยะทางแล้วก็ต้นทุนการขนส่งค่ะ
24-24778-3.wav	นะที่รัฐสภานั่นแหละตอนนี้เดินทางกลับไปแล้วนะฮะ
24-24780-24.wav	ร่วงกระเด็นเต็มไปหมดหลายสิบคันครับคนขับรถคันนี้คือนายเฉลิมชัย
24-24780-35.wav	คนขี่รถมอเตอร์ไซค์เดินทางมาร้องไห้ร้องห่มระงมเลย
24-24782-10.wav	ล่าสุดค่ะเจ้าตัวเดินทางไปอีกแล้วแหมไปเก่งเหลือเกิน
24-24782-32.wav	พร้อมแฟนหนุ่มเดินทางไปไหว้พระหลวงพ่อรวย
24-24782-5.wav	ซึ่งมีเวลาว่างเมื่อไหร่ค่ะเจ้าตัวก็จะเดินทางไปไหว้ขอพรแม่ฮันนี่ที่ศาลอยู่เป็นประจำ
24-24784-10.wav	ริมถนนจรดวิถีถ่องอำเภอเมืองจังหวัดสุโขทัยนะคะ
24-24787-3.wav	บรรยากาศที่จังหวัดชลบุรี
24-24787-7.wav	จัดขึ้นที่บริเวณศูนย์ราชการเทศบาลตำบลบาลอำเภอบ้านบึงจังหวัดชลบุรี
24-24787-8.wav	ทางจังหวัดเนี่ยเขาจัดประเพณีต่อเนื่องกันทุกปีถือว่าเป็นการเฉลิมฉลองและสืบสารประเพณีอันงดงามของชาวบ้านในสมัยก่อนของชาวชลบุรีให้อยู่สืบไปครับ
24-24788-1.wav	ไปที่จังหวัดนครสวรรค์นะครับกีฬาคนพิการแห่งชาติ
24-24788-38.wav	รายงานจากจังหวัดนครสวรรค์
24-24789-38.wav	เจ้าของสถานบันเทิงชื่อดังในจังหวัดภูเก็ต
24-24789-52.wav	คบหากับสปายก่อนหนีไปทำงานที่จังหวัดนครปฐมกับฟอส
24-24789-56.wav	จึงชักชวนกันเดินทางไปฉลองวันเกิดครบ20ปี
24-24789-66.wav	เกียรติศักดิ์กับเสี่ยอ้วนหลบหนีไปทางจังหวัดสระแก้วก่อนถูกจับกุม
24-24790-47.wav	พิพิธภัณฑ์จันเสนจังหวัดนครสวรรค์
24-24791-24.wav	นี่คุณผู้ชมภรรยาของเขาเดินทางมาพร้อมกับทนายส่วนตัว
24-24791-45.wav	จากนั้นเนี่ยผู้สื่อข่าวก็เลยต้องเดินทางต่อไปที่วัดคลองใหญ่
24-24792-27.wav	ก็จุดประสงค์ที่เราเดินทางมาเยือนกัมพูชาวันนี้นะคะ
24-24794-10.wav	ก็ได้เดินทางไปสอบถามข้อเท็จจริง
24-24794-11.wav	จากผู้อำนวยการโรงเรียนไตรภูมิวิทยาที่อำเภอเมืองจังหวัดบุรีรัมย์ค่ะ
24-24795-45.wav	จากนั้นเล่าให้ทีมข่าวของเราฟังบอกว่านางบานเย็นเนี่ยไม่มีเงิน
24-24795-63.wav	ญาติเคลื่อนย้ายศพของนางบานเย็นกลับบ้านที่ชัยภูมินะคะ
24-24797-13.wav	ตำรวจสภ.ปะคำนำตัวผู้ชายคนนี้คือนายบัญญัติ
24-24797-16.wav	จะเข้ามารุมทำร้ายนายบัญญัติเนี่ยนะฮะ
24-24797-17.wav	คือเป็นคดีที่นายบัญญัติก่อเหตุใช้เหล็กแป๊บยาวประมาณ1เมตรเนี่ย
24-24797-21.wav	ท้องที่หมู่6ตำบลหนองบัวอำเภอปะคำจังหวัดบุรีรัมย์นะครับ
24-24797-55.wav	ซึ่งเป็นญาติของฝ่ายนายบัญญัติฝ่ายผู้ต้องหาเนี่ย
24-24797-58.wav	เพราะว่านายบัญญัติเนี่ยเป็นคนถือศีลกินเจนะคุณนะ
24-24797-60.wav	พอมารู้ว่านายบัญญัติญาติของตัวเขาเองเนี่ยฆ่าภรรยา
24-24797-66.wav	อันนี้คือทางญาติของนายบัญญัติเนี่ยก็เข้ามาปลอบประโลมค่ะ
24-24797-75.wav	ทีนี้นายบัญญัติเข้ามาในครัว
24-24797-77.wav	ขณะที่เมียของนายบัญญัติกำลังนั่งกินข้าวอยู่
24-24797-78.wav	ปรากฏว่านายบัญญัติเนี่ยก็อย่างที่เขาสารภาพเนี่ย
24-24797-86.wav	แต่นายบัญญัติไม่ฟังนายบัญญัติฟาดจนฝ่ายหญิงเนี่ยสลบ
24-24797-87.wav	แล้วก็เสียชีวิตในที่สุดแล้วตัวนายบัญญัติก็หลบหนีไปนะครับ
24-24797-89.wav	ทางตำรวจก็นำตัวนายบัญญัติกลับสภ.ปะคำ
24-24797-91.wav	นะครับเพราะในเบื้องต้นเนี่ยนายบัญญัติเนี่ยยอมเปิดปากว่าเขาใช้เหล็กแป๊บเนี่ย
24-24798-0.wav	ที่จังหวัดชัยภูมิก่อนฮะมีเหตุสลดใจที่ชัยภูมิ
24-24798-7.wav	ว่ามันจะอันตรายถึงขั้นชีวิตของสาวคนนึงจังหวัดชัยภูมิ
24-24800-16.wav	ส่วนนายโจเนี่ยหนุ่มแฟนเก่าคนก่อเหตุหลบหนีไป
24-24800-25.wav	บอกว่านายโจเนี่ยมาอุ้มตัวเธอออกไป
24-24801-100.wav	เพราะเรื่องนี้ถึงนายกฯกับรองนายกอบต.แล้วนะ
24-24801-101.wav	ล่าสุดเนี่ยทีมข่าวของเราติดต่อกับทางรองนายกอบต.ละหานทรายนะฮะ
24-24801-132.wav	นายกอบต.ก็แบบว่าคืนวันก่อนบอกว่า
24-24801-17.wav	เป็นบ้านในพื้นที่ตำบลละหานทรายอำเภอละหานทรายจังหวัดบุรีรัมย์
24-24801-42.wav	ตอนนี้แจ้งนายกอบต.แล้วก็แจ้งตำรวจ
24-24803-17.wav	ชื่อนายธวัชชัยเอื้อมพลอายุ19ปีมายิงเขาแล้วก็วิ่งหลบหนีไปนะฮะ
24-24803-25.wav	หลังจากนั้นภรรยาของนายธวัชชัยมือปืนที่ก่อเหตุเนี่ย
24-24803-27.wav	ลูกชายคือนายสมชายเนี่ยที่เป็นญาติกันน่ะนะเก็บมาได้
24-24803-31.wav	แล้วนายธวัชชัยผู้ก่อเหตุก็กลับมาแทนอามากับเพื่อน
24-24803-34.wav	นายธวัชชัยหลังก่อเหตุก็วิ่งหนีไปอีกทางนึง
24-24803-6.wav	บาดเจ็บนะครับตำรวจสภ.เมืองจังหวัดนครศรีธรรมราช
24-24804-13.wav	ที่อำเภอเมืองจังหวัดลำปางครับจากนั้นเขาไปแจ้งความ
24-24804-29.wav	นายรณณรงค์ณรงค์ระบุว่าเหตุผ่านมาเกือบจะครึ่งเดือนแล้ว
24-24805-6.wav	ตำบลตลาดอำเภอเมืองจังหวัดจันทบุรีค่ะ
24-24807-1.wav	เหตุการณ์เกิดขึ้นหน้าโรงเรียนนายสิบทหารบกที่อำเภอปรานบุรีจังหวัดประจวบคีรีขันธ์
24-24808-39.wav	ทีมชนะเลิศคือทีมเรือขวัญภูไทจากอำเภอเขาวงจังหวัดกาฬสินธุ์
24-24808-3.wav	คราวนี้จะพาไปชมแบบติดขอบสนามที่แม่น้ำแม่น้ำโขงจังหวัดบึงกาฬ
24-24811-126.wav	ส่วนล็อตอื่นๆท่านผู้ชมไม่ต้องกลัวนะฮะเดี๋ยวจะทยอยๆเดินทางมานะ
24-24811-153.wav	ครอบครัวแรงงานไทยในอิสราเอลก็เฝ้ารอการเดินทางกลับประเทศไทยกลุ่มแรกในวันพรุ่งนี้อะค่ะค่ะ
24-24811-155.wav	1ในแรงงานไทยที่จะเดินทางกลับมาในวันพรุ่งนี้ค่ะเราได้คุยกับภรรยานะคะ
24-24811-180.wav	พอเสียงปืนสงบทหารอิสราเอลหลายร้อยนายก็มาช่วยประชาชนออกจากพื้นที่
24-24811-190.wav	พร้อมในการรอรับคนไทยที่จะเดินทางกลับมาจากอิสราเอลค่ะซึ่งก็จะมาหลายชุดนะฮะทยอยๆมาแต่พรุ่งนี้จะมาถึงก่อน
24-24811-192.wav	โดยเดินทางจากอิสราเอลเนี่ยเดินทางคืนนี้นะฮะเครื่องขึ้นจากอิสราเอล21:45น.
24-24811-203.wav	จากนั้นพอผ่านขั้นตอนทุกอย่างเรียบร้อยก็จะส่งทุกคนเนี่ยเดินทางกลับสู่ภูมิลำเนา
24-24811-204.wav	ซึ่ง15คนนี้เนี่ยจะกระจายอยู่ในพื้นที่12จังหวัดด้วยกัน
24-24811-215.wav	กรณีเดินทางกลับเนื่องจากภัยสงครามคนละ15,000บาท
24-24811-230.wav	ส่วนผู้ที่จะเดินทางกลับมาในรอบต่อๆไปนะครับ
24-24811-239.wav	จากนั้น18ตุลาคมจะมีแรงงานไทยเดินทางกลับด้วยสายการบินอิสราเอลแอร์ไลน์นะฮะ
24-24811-243.wav	ที่จะทยอยรับกลับมาเรื่อยๆเพราะว่าตอนนี้ก็มีผู้ที่ลงทะเบียนต้องการเดินทางกลับไทยเนี่ย5,000กว่าคนแล้วนะครับ
24-24811-244.wav	ก็ยังคงมีการอบพยพแรงงานที่อยู่ในพื้นที่สีแดงนะคะไปยังพื้นที่ปลอดภัยค่ะมีภาพนะคะที่แรงงานคนไทยเดินทางมาถึงแคมป์คนงาน
24-24811-263.wav	ก็เป็นการสอบถามความประสงค์ในการจะเดินทางกลับไทยค่ะ
24-24811-268.wav	คือการเดินทางไปเยี่ยมผู้บาดเจ็บที่รักษาตัวอยู่ในโรงพยาบาล
24-24811-70.wav	จนเมื่อวานช่วงเย็นสำนักงานจัดหางานจังหวัด
24-24811-85.wav	นายสมพรที่ไปทำงานที่อิสราเอล
24-24811-88.wav	แล้วก็ลูกชายคนเล็กจะไปรับนายสมพรนะคะ
24-24811-90.wav	หลังรู้ว่าเป็นกลุ่มคนไทยที่จะได้เดินทางกลับเป็นกลุ่มแรก
24-24812-39.wav	แต่ตอนเดินทางกลับพี่สะใภ้ข้ามใภ้ตรงนี้
24-24812-62.wav	เพราะฉะนั้นค่ะทางนางแนน
24-24812-63.wav	นางแนนเนี่ยนะเป็นภรรยาของนายยี่คนตายเนี่ย
24-24814-109.wav	ทนายตั้มบอกว่าการออกหมายจับกุนซือเนี่ยไม่น่าจะใช่นะคือถ้าเกิดว่าออกหมายจับกุนซือเนี่ย
24-24814-117.wav	ทนายตั้มก็บอกว่าผมไม่ใช่คนที่เป็นคนให้5คนเตี๊ยมกันบนเรือนะคะ
24-24814-60.wav	นายเดชาบอกว่าก็กรณีที่มีใครบางคนพยายามทำลายหลักฐานไงอา
24-24814-67.wav	ทนายเดชาบอกแบบนี้บอกว่ากุนซือก็คือผู้อยู่เบื้องหลัง
24-24814-76.wav	หรือว่าเป็นนายตำรวจใหญ่เนี่ยช่วยเหลือด้วยค่ะ
24-24816-10.wav	อำเภอนครชัยศรีจังหวัดนครปฐมนะครับ
24-24816-8.wav	ประชาชนกว่า2,000คนทยอยเดินทางมาลงทะเบียน
24-24817-2.wav	กรณีที่อดีตนายกรัฐมนตรีนายทักษิณเนี่ย
24-24817-3.wav	ใช่ค่ะฉลองวันเกิดให้กับนางสาวยิ่งลักษณ์
24-24819-19.wav	นางสุรัตน์บอกเอากลับไปคืนดีกว่าเอากลับไปคืนแล้วก็นิมนต์พระมาทำบุญอุทิศส่วนกุศลให้นะคะ
24-24821-0.wav	การเกิดขึ้นที่จังหวัดฉะเชิงเทราต้องบอกว่าเป็นสามีสุดโหดนะครับ
24-24821-11.wav	หลังก่อเหตุใช้อาวุธมีดแทงนางสาวสุดใจรอดมณี
24-24821-14.wav	ตำบลหนองปรืออำเภอบางละมุงจังหวัดชลบุรี
24-24821-15.wav	หลังก่อเหตุไม่นานตำรวจตามรวบตัวนายบุญเลิศไว้ได้
24-24821-25.wav	คือนางสาวสุดใจแต่ไม่สำเร็จ
24-24821-27.wav	ฝ่ายชายขายที่ดินในจังหวัดกาญจนบุรี
24-24821-30.wav	วันเกิดเหตุนายบุญเลิศตามมาหาผู้ตายที่บ้าน
24-24821-34.wav	โดยมีนายบุญเลิศขี่รถจักรยานยนต์ตามผู้ตายมาบนถนน
24-24821-35.wav	ทันใดนั้นนายบุญเลิศได้ขี่รถจักรยานยนต์ปาดหน้า
24-24821-41.wav	แต่เป็นมีดพกธรรมดาที่ซื้อมาจากพระในจังหวัดกาญจนบุรี
24-24821-51.wav	ส่วนเรื่องของคดีนายบุญเลิศยอมรับสารภาพว่าได้ก่อเหตุจริง
24-24821-56.wav	มาประกอบพิธีทางศาสนาที่วัดเขามะกอกจังหวัดชลบุรี
24-24821-9.wav	ตำรวจสภ.เมืองพัทยาเข้าจับกุมนายบุญเลิศขุนหมื่น
24-24822-16.wav	คนเจ็บเล่าบอกว่าเขาอะเพิ่งจะมาจากจังหวัดมุกดาหาร
24-24825-103.wav	ประเด็นคือนายโอ๋สลัดกุญแจมือที่ใส่แบบหลวมๆออกข้างหนึ่ง
24-24825-105.wav	คือตำรวจเขาคงบอกว่าเพื่อให้นายโอ๋ไปปัสสาวะใส่ขวดได้อย่างสะดวกหน่อย
24-24825-111.wav	หนีไปทางอำเภอบ้านแท่นจังหวัดชัยภูมินะคะ
24-24825-121.wav	สำนักสงฆ์ในพื้นที่ตำบลบ้านเม็งอำเภอหนองเรือจังหวัดขอนแก่นนะครับ
24-24825-149.wav	นายโอ๋ผู้ต้องหาขับรถเป็นรถเก๋งนะครับ
24-24825-169.wav	เพราะนายโอ๋เป็นคนงานในไร่นะฮะ
24-24825-17.wav	เดี๋ยวจะไล่ให้ว่าพฤติกรรมของนายคนนี้เนี่ยเป็นยังไง
24-24825-187.wav	ก็เลยไปที่ที่พักของนายโอ๋นะฮะ
24-24825-190.wav	บอกว่านายโอ๋อยู่ที่นี่สัก6เดือนแล้วนะครับ
24-24825-211.wav	16มีนาคมมีคนเห็นนายโอ๋ไปขอบุหรี่ไปขอน้ำดื่มจากชาวบ้าน
24-24825-47.wav	ตอนที่ตำรวจของสภ.หนองเรือจังหวัดขอนแก่นนี่ค่ะ
24-24825-71.wav	ครับ15มีนาคมที่สภ.หนองเรือจังหวัดขอนแก่น
24-24828-18.wav	ตำบลผักตบอำเภอหนองหานจังหวัดอุดรธานี
24-24829-17.wav	คือไปรับพนักงานบริษัทมาสัก5-6คนเนี่ยฮะไปส่งที่จังหวัดพระนครศรีอยุธยา
24-24831-0.wav	แต่ว่าจะให้คุณผู้ชมไปฟังการแถลงของผู้ว่าราชการจังหวัดเชียงรายก่อน
24-24831-32.wav	นอกจากนี้นะครับทางผู้ราชการจังหวัดเชียงรายยังได้ชี้แจงถึงการจัดระเบียบการแถลงข่าวนะครับ
24-24835-19.wav	เพื่อความเป็นสิริมงคลก่อนจะมุ่งหน้าพายายหลอดไปส่งที่จังหวัดศรีสะเกษนะครับ
24-24835-23.wav	แต่ยายไปมีครอบครัวตั้งหลักปรักฐานอยู่ที่จังหวัดศรีสะเกษ
24-24835-26.wav	เพื่อจะพาคุณยายหลอดเดินทางกลับไปหาครอบครัวนะครับ
24-24836-0.wav	ดูเหตุแทงกันตายเกิดขึ้นที่จังหวัดเชียงใหม่กันหน่อยนะ
24-24836-16.wav	คนก่อเหตุก็คือนายนาวินเขื่อนคุ้มอายุ48ปีเป็นหัวหน้าพ่อบ้าน
24-24836-20.wav	ส่วนคนก่อเหตุก็คือนายนาวินเนี่ย
24-24836-60.wav	จากนั้นผู้ต้องหาก็คือนายนาวินเนี่ยเข้าไปในห้องเก็บของค่ะ
24-24839-0.wav	สำหรับคดีฆาตกรรมนักธุรกิจชาวออสเตรเลียในพื้นที่จังหวัดชลบุรีนะคะ
24-24839-12.wav	แล้วก็นำตัวกลับเข้ามาทางจังหวัดสระแก้วค่ะ
24-24839-36.wav	และนายเจสัญชาติออสเตรเลียค่ะ
24-24843-2.wav	ในการตามหา13ชีวิตติดถ้ำหลวงขุนน้ำนางนอน
24-24843-3.wav	ที่อำเภอแม่สายจังหวัดเชียงรายผ่าน5วันไปแล้ว
24-24844-25.wav	เหตุการณ์นี้เกิดขึ้นในปั๊มน้ำมันที่อำเภอเขาวงจังหวัดกาฬสินธุ์นะคะ
24-24846-59.wav	รองรับนักท่องเที่ยวที่จะเดินทางไปเที่ยวค่ะสวนสัตว์เปิดเขาเขียวนะจ๊ะ
24-24847-0.wav	บอกเนี่ยก็คือประเพณีขอฝนด้วยการจุดบั้งไฟที่จังหวัดสุรินทร์ค่ะ
24-24847-10.wav	มีนางรำรำมาตลอดเลยสวยงามนะคะ
24-24847-20.wav	ทำเอาพ่อแม่พี่น้องที่เดินทางมาร่วมงาน
24-24847-2.wav	ที่อีสานเนี่ยตอนนี้โอ้โหบั้งไฟขึ้นหลายจุดหลายจังหวัดเลย
24-24847-4.wav	ที่ตำบลสำโรงทาบอำเภอสำโรงทาบจังหวัดสุรินทร์
24-24849-47.wav	อยู่ห้องใกล้เคียงจึงได้เดินทางไปตรวจสอบ
24-24851-27.wav	ก็เลยเดินทางไปไปสอบถามสาเหตุการทำโทษจากคุณครู
24-24851-50.wav	แล้วเดี๋ยวจะเดินทางไปพูดคุยกับญาติของเด็กอีกครั้งนึง
24-24854-13.wav	อำเภอวังน้ำเขียวจังหวัดนครราชสีมานะคะ
24-24855-11.wav	จากการสอบปากคำเบื้องต้นนะครับนายเสถียรบอกว่าอยู่กินกับเมียเนี่ยมา7ปีแล้ว
24-24855-14.wav	แล้วก็นายเสถียรเนี่ยอ้างว่าก่อนหน้าเนี้ยเฝ้าสังเกตพฤติกรรมของเมีย
24-24856-11.wav	รองผู้บังคับการตำรวจภูธรจังหวัดเชียงใหม่
24-24856-12.wav	ก็เดินทางไปที่สถานีตำรวจภูธรช้างเผือก
24-24856-13.wav	เพื่อติดตามคดีที่นักศึกษามหาวิทยาลัยแห่งหนึ่งในจังหวัดเชียงใหม่
24-24856-59.wav	เมื่อวานนี้เดินทางมาที่สถานีตำรวจ2คน
24-24857-37.wav	โดยมีหน่วยซีล7นายเข้าไปอยู่เป็นเพื่อนด้วยพร้อมพูดติดตลกด้วยนะครับ
24-24857-44.wav	ซีลประจำห้องโถง3จำนวน9นายนะครับ
24-24857-46.wav	รวมอีก60นายนะครับ
24-24857-9.wav	จนเมื่อเวลา00:30น.ทีมดำน้ำรวม20นายได้เดินทางเข้าถึงจุดเนินนมสาว
24-24858-15.wav	อำเภอเมืองจังหวัดสมุทรสาครนะครับช่วงเย็นเมื่อวานนี้ก็มีการรดน้ำศพนะ
24-24858-18.wav	แล้วก็ประสบอุบัติเหตุตกข้างทางในพื้นที่จังหวัดพิษณุโลกนะ
24-24862-102.wav	1สิงหาคมไปประชุมที่จังหวัดกาญจนบุรี
24-24862-16.wav	จังหวัดปราจีนบุรีนะฮะเพื่อไปเรียกร้องให้ดำเนินการกับผู้อำนวยการของโรงเรียนนะฮะ
24-24862-27.wav	ทั้งฝ่ายของเรื่องของศึกษาเรื่องสาธารณสุขศูนย์ดำรงธรรมของจังหวัดด้วยนะ
24-24864-108.wav	และจะมีการเซ็นรับรองให้สารวัตรคมและตำรวจไซเบอร์อีก1นาย
24-24864-134.wav	ออกหมายจับอีก1นายจะเข้ามามอบตัวในคืนนี้ครับ
24-24864-138.wav	ทนายตั้มบอกผมก็ติดต่อไม่ได้เหมือนกันอ้าว
24-24864-156.wav	ทนายตั้มบอกว่าผมไม่รู้จัก
24-24864-3.wav	มีตำรวจ1นายมารายงานตัวมารับทราบข้อกล่าวหา
24-24864-72.wav	เป็นตำรวจ2นายพลเรือนอีก3รายนะคะ
24-24864-77.wav	ส่วนอีก1นายเป็นอดีตข้าราชการตำรวจ
24-24864-86.wav	จากการสอบปากคำเขาบอกว่าน่าจะมี2นายค่ะ
24-24867-19.wav	นี่ฮะเหตุการณ์เกิดขึ้นเมื่อช่วงเที่ยงที่ผ่านมานะครับบ้านพักหลังนี้อยู่ในซอยท้ายเกาะ9หมู่2ตำบลท้ายเกาะอำเภอสามโคกจังหวัดปทุมธานี
24-24867-22.wav	นายขวัญชัยก็ไม่ยอมออกมานะฮะสุดท้ายแล้วครับท่านผู้ชมครับก็ต้องรอจนนู่นอะ2ชั่วโมงกว่าอะถึงสงบแล้วก็ยอมลงมาจากบ้าน
24-24867-23.wav	มีเจ้าหน้าที่อส.คนนึงนะครับบาดเจ็บที่นิ้วชี้ซ้ายด้วยโดนคมมีดดายหญ้าของนายขวัญชัยเข้าไป
24-24867-25.wav	ใครจะไปเอาอยู่ดูสิแม่ของนายขวัญชัยเนี่ยอายุ60ปีนะครับบอกว่าเมื่อเช้าอ่าแม่
24-24868-47.wav	นี่มันไม่ใช่เส้นทางท่องเที่ยวที่อุทยานแห่งชาติไทรโยคเปิดให้เข้าปกติ
24-24868-1.wav	อุทยานแห่งชาติไทรโยคจังหวัดกาญจนบุรี
24-24868-61.wav	ก็เลยจัดกำลังเจ้าหน้าที่17นาย
24-24869-1.wav	ก้อยในพื้นที่จังหวัดราชบุรีไปเป็น20
24-24869-49.wav	ขณะที่นางทองพิณนะฮะซึ่งเป็นแม่ของคุณก้อยเนี่ยบอกว่าได้เจอกับทางแอมในห้องพิจารณาคดี
24-24871-1.wav	คณะกรรมการโรคติดต่อของจังหวัดเขาจะอนุโลมให้ร้านตัดผม
24-24871-21.wav	ทางนี้สำนักงานประชาสัมพันธ์จังหวัดนครศรีธรรมราชก็มีการเผยแพร่ประกาศนี้ทันทีให้ผู้ประกอบการให้ประชาชนรับทราบอย่างเร่งด่วน
24-24871-22.wav	เพราะเดี๋ยวจะมีคนไม่ทราบแล้วเดี๋ยวพรุ่งนี้ร้านตัดผมเปิดขึ้นมาคนจะไปก็จะไปผิดเรื่องของกฎหมายในจังหวัดของเขาด้วยนะครับ
24-24871-5.wav	ที่จังหวัดนครศรีธรรมราชนะครับช่วงเช้าที่ผ่านมานะครับ
24-24871-7.wav	มีการเรียกประชุมด่วนคณะกรรมการโรคติดต่อจังหวัดนครศรีธรรมราช
24-24871-8.wav	นะที่ห้องประชุมของศาลากลางจังหวัดเพื่อพิจารณาเรื่องด่วนกับเรื่องของการขยาย
24-24874-11.wav	เริ่มจากบขส.จังหวัดระยองบ่อนพนันที่ท่านผู้ว่าบอกนะจังหวัด
24-24874-1.wav	ตั้งแต่ระยองเรื่อยไปถึงชลบุรีจันทบุรีหรือว่าจังหวัดใกล้เคียงอย่างตราดด้วยเนี่ย
24-24874-26.wav	เพราะฉะนั้นตอนนี้นะครับทางจังหวัดจันทบุรีนะฮะ
24-24874-28.wav	แล้วใช้สถานที่โรงพละด้านหลังสำนักงานสาธารณสุขจังหวัด
24-24874-40.wav	จากการสอบสวนโรคเนี่ยนะคะพบว่ามีรถตู้เช่าเหมาไปเที่ยวจังหวัดระยอง
24-24874-41.wav	และจังหวัดจันทบุรีเมื่อช่วงวันที่17-20ธันวาคม
24-24874-46.wav	และผู้ที่เดินทางร่วมด้วยนะคะได้แก่คุณย่าอายุ68คุณปู่อายุ6
24-24874-7.wav	คือกว่าจะรู้ว่าเขาติดมาจากตรงนี้กันเนี่ยก็ไปมาหลายที่นะเดินทางไปหลายที่นะครับ
24-24874-8.wav	เดินทางไปบ่อนด้วยนะฮะที่ไปหลายที่เนี่ยไม่ใช่แค่ว่าไปแบบกินข้าวดูหนังฟังเพลงกลับบ้านนะฮะ
24-24874-9.wav	ไปบ่อนอีกหลายที่หลายจังหวัดนะครับเรียกว่างานเข้าหลายจังหวัดครับ
24-24875-12.wav	บิ๊กซีสาขาหล่มศักดิ์จังหวัดเพชรบูรณ์อ้าวไม่มีตอนกระโดดข้ามไปเหรอ
24-24876-21.wav	ชาวจังหวัดมีนบุรีที่ได้เดินทางมาพร้อมกับเพื่อนสาวตั้งแต่หัวค่ำ
24-24877-2.wav	แต่ว่าไม่ใช่กับครอบครัวนี้ค่ะที่จังหวัดบุรีรัมย์นะคะ
24-24877-36.wav	อย่าดื้อนะโอ้โหเศร้ามากนะคะเพราะผู้สื่อข่าวไปที่บ้านนายพิศาล
24-24877-55.wav	นายพิศาลกับภรรยาเนี่ยมีลูก4คน
24-24877-9.wav	อำเภอพุธไทสงจังหวัดบุรีรัมย์ที่เกิดเหตุเนี่ยก็มีรถส่งวัสดุก่อสร้างจอดอยู่ข้างถนน
24-24878-14.wav	นายศักดิ์ชายสมบูรณ์อายุ50ปี
24-24878-39.wav	เพราะว่าจุดนี้เป็นเส้นทางท่องเที่ยวทางประวัติศาสตร์
24-24878-43.wav	ทุกวันจะมีนักท่องเที่ยวทั้งคนไทยต่างชาติเองเดินทางไปเที่ยว
24-24879-0.wav	ไปต่อกันที่เหตุอุกอาจที่จังหวัดเพชรบุรีนะครับ
24-24879-12.wav	ทำให้นายบัญชาคลื่นจิตหรือโยอายุ40ปี
24-24879-26.wav	จากนั้นนายโยจึงขี่รถออกไปและวกกลับมาใหม่อีกครั้ง
24-24879-29.wav	นายโยพยายามวิ่งหนีก่อนล้มลงเสียชีวิต
24-24879-48.wav	ขณะที่เพื่อนสนิทของนายโยผู้ตายเปิดใจกับทีมข่าว
24-24879-50.wav	ก่อนจะมีเสียงปืนดังขึ้นจนมาเห็นว่านายโยถูกยิงเสียชีวิต
24-24879-51.wav	เพื่อนสนิทยอมรับที่ผ่านมานายโยมีนิสัยชอบลักเล็กขโมยน้อย
24-24879-52.wav	แต่ไม่ใช่เงินทองของมีค่าซึ่งครั้งนี้นายโยคงโชคร้าย
24-24879-55.wav	มักจะจ้างนายโยให้มาทำงานอยู่บ่อยครั้ง
24-24882-26.wav	เฉพาะภาคใต้ในจังหวัดนครศรีธรรมราชสงขลาปัตตานี
24-24884-30.wav	ที่ตำบลมะเกลือใหม่อำเภอสูงเนินจังหวัดนครราชสีมา
24-24884-7.wav	อำเภอสูงเนินจังหวัดนครราชสีมา
24-24887-0.wav	ที่จังหวัดนครปฐมครับคุณผู้ชมครับ
24-24889-25.wav	ภูมิลำเนาเดิมเป็นคนพื้นเพอำเภอศรีสำโรงจังหวัดสุโขทัย
24-24889-2.wav	ลอยอืดกลางแม่น้ำน่านที่จังหวัดพิษณุโลกนะคะ
24-24889-31.wav	เดินทางมาที่จุดเกิดเหตุแล้วก็มีการสอบสวนนะคะ
24-24889-47.wav	ที่ภูมิลำเนาลำเนาก็คือจังหวัดสุโขทัยต่อไปค่ะ
24-24893-0.wav	คุณผู้ชมครับที่จังหวัดนครราชสีมาตำรวจนายนึงเข้าเวรนะฮะแล้วก็ออกเวรครับออกเวรแต่ว่าก่อนกลับบ้านไปแวะดื่มสุราก่อนอื้มตำรวจนะฮะสุดท้ายไปไม่ถึงบ้านครับเสียหลักตกข้างทางไปคนขับรถบรรทุกขับผ่านไปเห็นอ้าวใครมาตกอยู่ตรงนี้สุดท้ายไปเห็นตำรวจตกอยู่ข้างทางลงไปช่วยถ่ายคลิปมาให้ดูครับ
24-24898-9.wav	ผู้ที่ก่อเหตุนายจอร์จเนี่ยก็เดินทางไปที่โรงพยาบาล
24-24899-17.wav	มีนักท่องเที่ยวบางส่วนเดินทางมาไหว้พระขอพรค่ะ
24-24899-21.wav	เที่ยวจังหวัดพระนครศรีอยุธยาก็ต้องชมเมืองเก่าด้วย
24-24904-11.wav	ของจังหวัดสกลนครเนี่ยนะครับเพื่อที่จะไปที่หนองหาน
24-24904-41.wav	ก็มีทหารตำรวจกู้ภัยจากหลายจังหวัดเลยนะครับ
24-24904-43.wav	อพยพออกมาไปที่ศาลากลางจังหวัดสกลนครนะครับ
24-24904-7.wav	นี่คือบริเวณด้านประตูเมืองจังหวัดสกลนครนะครับ
24-24909-122.wav	นายประสิทธิชัยคือก็อยู่ในเรือนจำพิเศษกรุงเทพมหานครเนี่ยนะคะ
24-24909-126.wav	ไปคุยกับนายประสิทธิชัยในเรือนจำ
24-24909-129.wav	ปรากฏว่านายประสิทธิชัยก็เริ่มปรับตัวในเรือนจำได้บ้างแล้ว
24-24909-131.wav	แล้วนายประสิทธิชัยเนี่ยก็บอกบอกว่ายอมรับกรรมที่ตัวเองก่อมา
24-24909-133.wav	เพราะว่าอาจจะมีการลอบทำร้ายตอนที่นายประสิทธิชัยเผลอ
24-24909-134.wav	ซึ่งเจ้าหน้าที่ก็มีการแยกนายประสิทธิชัยเนี่ยนะคะ
24-24909-188.wav	แต่ทีนี้ทีมข่าวก็เดินทางไปที่บ้านพักของครูปอย
24-24909-88.wav	มีรายงานออกมาว่าการสอบสวนนายประสิทธิชัย
24-24911-0.wav	ลงใต้ไปที่จังหวัดนครศรีธรรมราช
24-24912-23.wav	แล้วก็มีลมหนาวด้วยค่ะภาคตะวันออกฝนตกมากหน่อยแถบจังหวัดระยอง
24-24914-25.wav	ก่อเหตุพุ่งชนนายสุพรรณจริง
24-24914-51.wav	พอเดินทางมาเดินมาอยู่ที่หน้าบ้าน
24-24916-15.wav	ของตำบลแม่กาอำเภอเมืองจังหวัดพะเยา
24-24916-31.wav	คือในระแวกนั้นน่ะแล้วก็จังหวัดใกล้เคียงนะ
24-24918-0.wav	ส่วนช่วงนี้นะครับจะพาไปที่จังหวัดพะเยาครับที่นั่นเขาค้นพบคัมภีร์ใบลานที่วัดลีนะครับ
24-24918-3.wav	ได้สำรวจคัมภีร์โบราณวัดลีอำเภอเมืองจังหวัดพะเยานะครับซึ่งก็เก็บเอาไว้เป็นจำนวนมากมีอายุตั้งแต่100กว่าปีขึ้นไปครับ
24-24919-4.wav	เหตุการณ์นี้คุณผู้ชมเกิดขึ้นที่วัดถั่วแปบตำบลมะค่าอำเภอโนนสูงจังหวัดนครราชสีมานะคะ
24-24921-13.wav	จู่ๆถูกนายป๊อกซึ่งมีปัญหากันดักยิงเท่านั้นยังไม่พอ
24-24921-1.wav	มือปืนคือนายป๊อกเป็นตัวตึงประจำหมู่บ้านมีการใช้อาวุธปืน.38เพื่อนบ้าน
24-24921-2.wav	เหนียวไกลไม่ยั้ง5นัดจนตายขาดที่นะคะทีนี้ภายหลังจากเกิดเหตุมีการหนีไปถึง3จังหวัดด้วยกัน
24-24921-50.wav	เป็นสถานที่ขัดเกลานิสัยนายป๊อก
24-24922-1.wav	นางมาด้วยความฮาพร้อมความเดือดด้วยเหมือนกันนะฮะกับกรณีของเสี่ยน็อตเสี่ยสี่ตีนั่นเองค่ะ
24-24923-52.wav	ญาติก็ให้ข้อมูลบอกว่านายคนเนี้ยสุดแสบเลย
24-24927-27.wav	จะได้ปลอดภัยทุกการเดินทางนะคะ
24-24927-3.wav	คือเรื่องราวมันเป็นแบบนี้ค่ะเมื่อคืนนี้นะระหว่างที่เจ้าตัวเนี่ยกำลังเดินทางกลับบ้านใช่ไหม
24-24928-5.wav	ที่น้องนักเรียนชั้นม.6/2โรงเรียนแห่งหนึ่งในจังหวัดหนองคาย
24-24928-72.wav	พรรคประชาธิปัตย์จังหวัดพิษณุโลกค่ะ
24-24928-95.wav	จังหวัดหนองคายก็พูดถึงสาเหตุที่
24-24932-47.wav	วันนี้ผู้สื่อข่าวไทยรัฐทีวีก็เลยเดินทางไปที่บ้านไทรงามหมู่3
24-24932-48.wav	ตำบลนาเสียวอำเภอเมืองจังหวัดชัยภูมิ
24-24932-53.wav	เพราะว่าเดินทางมาล่วงหน้านะครับลูกสะใภ้อะนั่งมาในรถฉุกเฉินนะครับ
24-24932-5.wav	ขอให้มาทำหน้าที่ประจำรถระหว่างเคลื่อนย้ายผู้ป่วยรายหนึ่งกลับบ้านเกิดที่จังหวัดชัยภูมิแล้วสังเกตเห็นพฤติกรรมว่าดูไม่ใช่พยาบาลวิชาชีพจริงๆมันต่างจากคนอื่นที่เคยจ้างมาทำงานทั้งการใช้เครื่องมือในรถพยาบาลทั้งการดูแลผู้ป่วยทั้งความเอาใจใส่ผู้ป่วยก็เลยตรวจสอบกับสภาการพยาบาลค่ะ
24-24934-49.wav	คุณผู้ชมลองฟังดูครับนายบุญลืมมาโตอายุ72ปี
24-24934-50.wav	ชาวบ้านหมู่8ตำบลนครเจดีย์ดีย์ป่าซางจังหวัดลำพูนฮะ
24-24934-51.wav	ไปแจ้งความกับตำรวจสภ.ป่าซางจังหวัดลำพูน
24-24934-8.wav	แล้วกำลังเดินทางนะครับเพราะฉะนั้นคนอื่นๆเนี่ย
24-24936-50.wav	คือเขาเดินทางระหว่างฝั่งกับเกาะเสม็ดกันอยู่ทุกวันน่ะนะค่ะ
24-24940-3.wav	สับปะรดมาประดับบ้านได้อย่างไรนะคะเป็นบ้านหลังเดียวในจังหวัดนี้ค่ะ
24-24942-138.wav	การเดินทางสู่เป้าหมาย
24-24942-54.wav	ความเร็วของรถนายบอสเพราะในสำนวนคดีเนี่ย
24-24942-55.wav	ความเร็วของรถนายบอสมีเท่าไหร่ล่ะไม่เกิน80กิโลเมตร/ชั่วโมง
24-24942-59.wav	คำนวณออกมาว่านายบอสขับรถเร็วตั้ง177กว่ากิโลเมตร/ชั่วโมง
24-24942-69.wav	แล้วจำเลยร่วมคนที่2คือดายนายดาบวิเชียรขับรถปาดหน้า
24-24942-72.wav	นายดาบปาดหน้ากระชั้นชิดสุดวิสัย
24-24943-15.wav	จนกระทั่งเราตกออกตกใจกันตอนคริสต์มาสนะคะว่าน้องเสือกับน้องดีมน่ะเดินทางไปที่ศาล
24-24944-0.wav	เรื่องนี้ค่ะคุณผู้ชมมาตามความคืบหน้าหน่อยอุบัติเหตุที่เกิดขึ้นช่วงประมาณ03:00น.-04:00น.คืนวันที่16พฤศจิกายนน่ะค่ะที่จังหวัดปทุมธานี
24-24944-26.wav	ที่อำเภอเมืองจังหวัดปทุมธานีก็คือที่ถนนเส้นนี้ที่จุดเกิดเหตุเลยอะค่ะ
24-24946-39.wav	สนามกีฬากลางจังหวัดเลยน้ำสูงเท่าไหร่เมตรถึง2เมตร
24-24946-3.wav	พิษณุโลกแล้วก็แถบจังหวัดขอนแก่นแถบนู้นครับ
24-24949-162.wav	แต่ในกรุงเทพมหานครหรือจังหวัดอะไรก็แล้วแต่อ่าอืม
24-24949-219.wav	ท่านผู้ชมอยู่แต่ละจังหวัดแต่ละพื้นที่บ้านของคุณมีอะไรดีมีอะไรเด็ดส่งมาโป๊ะร่วมกับเรานะฮะ
24-24949-221.wav	อะเดี๋ยวกลับมาช่วงหน้ายังมีอีกหลายจังหวัดเลย
24-24949-251.wav	เรามาต่อกันที่จังหวัดต่างๆ
24-24949-266.wav	แหลมสมิลานะครับอำเภอเมืองสงขลาจังหวัดสงขลานั่นเองนะครับ
24-24949-281.wav	ไปอย่างนี้ไปที่จังหวัดภูเก็ต
24-24949-282.wav	จังหวัดภูเก็ตเนี่ยเขาก็มีสงกรานต์ออนเดอะบีชนะครับ
24-24949-292.wav	ไปที่เอ่องานเทศกาลมหาสงกรานต์นางดานเมืองนคร
24-24949-46.wav	แล้วคุณจะอยู่ไหนก็แล้วแต่คุณเดินทางอยู่หรือคุณอยู่จังหวัดไหน
24-24950-14.wav	จากการสอบถามเบื้องต้นนายวิเชียนได้ให้การสับสน
24-24951-33.wav	ร้านรวงอะไรปิดหมดมันก็ท่องเที่ยวอะไรกันมันก็ลำบากอยู่ดี
24-24953-5.wav	เป็นชาวบ้านคลอง9เดินทางมากราบไห้นมัสการ
24-24956-19.wav	และหากนายพิธาไปต่อไม่ได้พรรคที่ได้คะแนนเสียงอันดับ2
24-24956-6.wav	ของนายพิธาลิ้มเจริญรัตน์หัวหน้าพรรคก้าวไกล
24-24956-8.wav	ขณะนี้สว.ที่สนับสนุนนายพิธาน่ะมีไม่เกิน5คนหรอก
24-24957-10.wav	จังหวัดพระนครศรีอยุธยาที่นี่เขาโด่งดังมากนะคุณ
24-24957-1.wav	เราจะเริ่มกันที่วัดสุนทรารามครับตำบลขามเปี้ยอำเภอโพธิ์จังหวัดร้อยเอ็ดครับ
24-24957-33.wav	ทำบุญเลี้ยงพระให้นางรำมารำถวายแม่แก้วเรือนทอง
24-24957-50.wav	อำเภอกบินทร์บุรีจังหวัดปราจีนบุรีครับ
24-24959-45.wav	จังหวัดเนี้ยคือตอนอันนี้อันนี้กลับไปตอนแรกแล้ว
24-24960-0.wav	เรื่องนี้ถึงหูนายกรัฐมนตรีนี่
24-24963-16.wav	เที่ยวเสร็จป๊าบจะเดินทางกลับบ้านขับรถมาอยู่ดีๆเนี่ยมาถึงตรงเนี้ยเนี้ย
24-24966-19.wav	ภรรยาของนายต่อชื่อนางสาวเพชรมณีอายุ27นะฮะ
24-24968-10.wav	ทั้งการพัฒนาด้านเศรษฐกิจท่องเที่ยวการลงทุน
24-24968-12.wav	พร้อมกับการสร้างความเข้มแข็งให้กับภูมิภาคและจังหวัด
24-24968-19.wav	ทางจังหวัดจึงกำหนดยุทธศาสตร์การพัฒนาด้วยโมเดลร้อยเอ็ด4.101
24-24968-20.wav	เพื่อใช้คุณค่าจากศักยภาพของจังหวัดที่มีอยู่ขับเคลื่อนการพัฒนาจังหวัดให้มีความเข้มแข็ง
24-24968-21.wav	ทางเศรษฐกิจและท่องเที่ยวรวมทั้งการศึกษาสำหรับแผนการขับเคลื่อนโมเดลร้อยเอ็ด4.101นั้น
24-24968-22.wav	จังหวัดได้เริ่มขับเคลื่อนไปแล้วบางส่วนโดยแผนการขับเคลื่อนโมเดลทั้งหมดจะดำเนินพร้อมพร้อมกับยุทธศาสตร์ชาติ5ปีและไทยแลนด์4.0
24-24968-3.wav	เป็นการพัฒนาศักยภาพทางเศรษฐกิจของทางจังหวัด
24-24968-5.wav	จังหวัดร้อยเอ็ดถือเป็นพื้นที่ที่ถูกหยิบยกมาเป็นโมเดลหลายครั้ง
24-24968-7.wav	เลือกจังหวัดร้อยเอ็ดในการลงพื้นที่เพื่อติดตามการดำเนินงานตามนโยบาย
24-24968-8.wav	ขณะที่ผู้ว่าราชการจังหวัดได้หยิบเอาจุดแข็งของจังหวัดมาขับเคลื่อน
24-24969-0.wav	สาวแซ่บกันดีกว่านะคะนางร้ายคนนี้นะคะต้องบอกว่าเป็นปีทองของเธอจริงๆนะฮะ
24-24970-18.wav	แต่ว่าผู้บาดเจ็บยังมีชีวิตยังมีสติอยู่นะคะก็ใช้มีดที่อยู่ในมือเนี่ยแทงนายศักดิ์ชัยจนเสียชีวิตในที่เกิดเหตุ
24-24970-26.wav	ลูกชายของนายศักดิ์ชัยที่โดนมีดแทงจนเสียชีวิตเนี่ย
24-24970-30.wav	ทีนี้พอนายศักดิ์ชัยผู้เป็นพ่อรู้ว่าลูกชายเนี่ยมาทะเลาะกัน
24-24970-6.wav	ตำรวจภูธรพิปูนและเจ้าหน้าที่กู้ภัยจังหวัดนครศรีธรรมราช
24-24971-10.wav	เพราะก็เป็นลูกคนเดียวมีชาวบ้านในพื้นที่เนี่ยเดินทางมาร่วมกันแสดงความเสียใจ
24-24971-5.wav	จังหวัดนครราชสีมาวันนี้ครอบครัวเตรียมทำพิธีฌาศพ
24-24972-3.wav	ก็เป็นเหตุสลดใจที่เกิดขึ้นในบ้านพักส่วนตัวอยู่ตรงข้ามโรงพยาบาลสมเด็จจังหวัดกาฬสินธุ์นะครับ
24-24973-3.wav	จังหวัดพิษณุโลกกับพิซซ่าที่ไม่เหมือนที่ไหนครับ
24-24973-67.wav	อยากกินอยากทานนะครับใครอยู่ที่จังหวัดพิษณุโลก
24-24973-69.wav	เขาขายอยู่ที่หัวมุมสี่แยกไฟแดงวัดโพธิญาณริมถนนเอกาทศรฐตำบลในเมืองอำเภอเมืองจังหวัดพิษณุโลก
24-24974-28.wav	เพราะว่าติดโควิดแล้วไปเที่ยวจุดๆต่างๆของจังหวัดเชียงใหม่
24-24974-5.wav	เหตุการณ์นี้สาววัย26ปีทำงานอยู่ที่คลังสินค้าจังหวัดปทุมธานี
24-24976-12.wav	เปิดเผยว่าก่อนเกิดเหตุนักแสดงหนุ่มได้ไปออกรายการที่จังหวัดลำพูนก่อน
24-24976-13.wav	แล้วจึงเดินทางมาที่บ้านเกิดจากนั้นก็ช็อกล้มฟุบลงไปเลย
24-24976-20.wav	ซึ่งเป็นโรงพยาบาลประจำจังหวัดให้รักษาตัวต่อไปนะคะ
24-24976-5.wav	ภายในบ้านพักที่อำเภอหางดงจังหวัดเชียงใหม่
24-24976-8.wav	เจ้าหน้าที่ส่งตัวไปรักษาตัวต่อที่โรงพยาบาลนครพิงค์จังหวัดเชียงใหม่นะคะ
24-24977-14.wav	ตำบลบ้านใหญ่อำเภอเมืองนครนายกที่จังหวัดนครนายก
24-24977-34.wav	แล้วก็ไปเจอร่างของนายอนุเดชแก้วทองอายุ39ปี
24-24977-37.wav	ทางด้านของคนขับรถบัสค่ะชื่อว่านายวิมลชัยโคตรอายุ46ปี
24-24983-0.wav	สาขาหนองข้างคอกครับจังหวัดชลบุรีตอนนี้ยังคงได้รับความสนใจ
24-24983-11.wav	ด้านชุดสืบสวนภาค2ซึ่งดูแลพื้นที่8จังหวัดภาคตะวันออก
24-24983-16.wav	ขณะเดียวกันยังเร่งติดตามนายเจริญเทพวงศ์ค่ะ
24-24983-17.wav	ซึ่งเป็นผู้ต้องหาตามหมายจับศาลชลบุรีที่เคยก่อเหตุ
24-24984-0.wav	พาไปดูอีก1ความเชื่อเหล่าผู้ศรัทธาในจังหวัดฉะเชิงเทรา
24-24985-15.wav	จังหวัดปราจีนบุรีนะคะโดยตำรวจภูธรกบินทร์บุรี
24-24985-18.wav	เด็กหญิงรายนี้ตอนที่เดินทางมาแจ้งความกับตำรวจมีท่าที
24-24985-23.wav	และกำลังจะเดินทางกลับบุรีรัมย์ค่ะ
24-24985-36.wav	ก็เลยเดินทางต่อเพื่อที่จะกลับบ้านในบุรีรัมย์ครับ
24-24985-38.wav	จังหวัดนครราชสีมาปักธงชัยที่จะถึงบุรีรัมย์อยู่แล้วนะ
24-24985-4.wav	เพราะการเดินทางรวมกันแบบนี้
24-24985-9.wav	นะคะเพราะว่าเขาไปแวะปั๊มน้ำมันแห่งหนึ่งในกบินทร์บุรีจังหวัดปราจีนบุรี
24-24986-10.wav	ว่ามีส่วนเกี่ยวข้องกับการตายครั้งนี้รึเปล่าแต่ก็ยังไม่ได้มีการเดินทางไปพบเจ้าหน้าที่นะคะ
24-24986-12.wav	ใช้เส้นทางหลบหนีไปทางจังหวัดพระนครศรีอยุธยา
24-24986-14.wav	จากนั้นเดินทางหลบหนีไปหาญาติที่จังหวัดกาญจนบุรี
24-24986-16.wav	ล่าสุดชุดสืบสวนเดินทางลงพื้นที่ไปจังหวัดพระนครศรีอยุธยา
24-24986-9.wav	ก่อนหน้านี้เจ้าหน้าที่ก็ได้ประสานเชิญตัวอดีตนายกอบต.ซึ่งก็เป็นคนรักเก่าของผู้ตายไปสอบปากคำเพิ่มเติมแล้ว
24-24988-25.wav	พนักงานสอบสวนสภ.เมืองจังหวัดระยองได้นำตัวผู้ต้องหาชาวเกาหลีใต้ทั้ง22คนออกจากห้องคุมขังนะฮะ
24-24988-26.wav	วันนี้นำตัวไปส่งศาลจังหวัดระยองเพื่อฝากขังผลัดแรกในข้อหาร่วมกันฆ่าผู้อื่นและอำพรางศพนะครับ
24-24988-8.wav	ก็มาเช่าบ้านอยู่ที่จังหวัดระยองนะครับ
24-24989-1005.wav	เอาล่ะกลับมาเรื่องที่เขาทำนายแล้วดูสิมันจะเกิดขึ้นหรือเปล่า
24-24989-140.wav	ฝนตกหลายๆคนแต่ละจังหวัดเป็นยังไงกันบ้าง
24-24989-160.wav	ที่อำเภอหลมเก่าอำเภอด่านซ้ายจังหวัดเลย
24-24989-38.wav	แล้วแฟนนางไปพัทยานางไม่ได้ไปด้วยนางก็เลยซึมเศร้า
24-24989-61.wav	กลางสวนยางพาราของชาวบ้านในพื้นที่บ้านคลองยนต์จังหวัดสงขลาค่ะ
24-24989-783.wav	เต่างอยหืมนะฮะปรากฏว่าคนเนี่ยก็เดินทางเป็นจำนวนมากเลย
24-24989-919.wav	ตำบลดอนกระเบื้องจังหวัดราชบุรีครับ
24-24989-960.wav	เขาก็พูดถึงการทำนวยทำนาย
24-24991-12.wav	หวังจะขึ้นเครื่องเดินทางจากเชียงรายมากรุงเทพฯ
24-24991-28.wav	แต่นายทวีชัยพยายามจะเดินหลบหนี
24-24991-33.wav	นายทวีชัยให้การรับสารภาพนะครับว่า
24-24991-51.wav	แล้วก็เดินทางมาสนามบินพยายามส่องกระจกหลายครั้ง
24-24992-13.wav	นางสาวประนองเปิดเผยว่าปี50คือป่วยเป็นโรคเนื้องอกในสมอง
24-24996-14.wav	ภาคตะวันออกจันทบุรีจังหวัดตราดนะครับ
25-25001-1.wav	เดินทางไปยังศูนย์วิจัยข้าวปทุมธานี
25-25001-6.wav	ทางจังหวัดได้ยกย่องให้ข้าวพันธุ์ปทุมธานีหนึ่ง
25-25002-31.wav	โดยทนายได้เดินทางไปพบและได้ไลฟ์ผ่านเฟซบุ๊คระหว่างการพูดคุย
25-25002-42.wav	ลาล่วงเลยมากว่า2เดือนนายอัจฉริยะประธานชมรมช่วยเหลือเหยื่ออาชญกรรม
25-25002-56.wav	โดยครูระบุว่าเดินทางไปตลาดเพื่อซื้อลอตเตอรี่
25-25004-29.wav	ก็คือนายอิสระทองยงอายุ21ปี
25-25004-54.wav	จังหวะนั้นนะฮะก็ตำรวจเดินทางมาถึงที่ปั๊มแก๊สแห่งนี้พอดี
25-25005-16.wav	ว่ามีผลต่อการเดินทางท่องเที่ยวรึเปล่านะครับ
25-25005-58.wav	ใครที่อยู่ในบริเวณนางกล่าวก็คงจะต้องเตรียมรับมือกันเพราะอย่างที่บอก
25-25007-12.wav	มอเตอร์ไซค์ทะเบียน4245ล้มคว่ำอยู่ครับคนขี่ชื่อนายมิวนายมิวเป็นชาวเมียนมานะ
25-25008-15.wav	ตำบลพระลับอำเภอเมืองจังหวัดขอนแก่น
25-25009-0.wav	ไปกันต่อเลยที่จังหวัดตราดนะคะพาไปที่นี่อย่าคิดว่าไปกินแต่ผลไม้หรือว่าอาหารทะเลเท่านั้น
25-25007-8.wav	โอ้โหนี่เหตุเกิดบนถนนสุขาภิบาล8หมู่3ตำบลบ่อวินอำเภอศรีราชาจังหวัดชลบุรีนะคุณผู้ชม
25-25009-14.wav	ดังนั้นค่ะใครที่มีโอกาสไปเที่ยวจังหวัดตราดเนาะ
25-25009-4.wav	ตั้งอยู่ที่ถนนสายท่าเรือใกล้กับสะพานยายหลานะในอำเภอเมืองจังหวัดตราดค่ะ
25-25010-11.wav	เหตุการณ์นี้เกิดขึ้นในโรงแรมที่จังหวัดระยองครับ
25-25011-17.wav	ชื่อนายเบ้ไม่ทราบนามสกุลอายุ50ปีกระทำอนาจารครับ
25-25011-18.wav	เพื่อที่ป้าเนี่ยหวังจะได้เงินจากนายเบ้ครั้งละ100-200บาท
25-25011-32.wav	บอกว่าถูกนายเบ้นะฮะซึ่งเป็นคนรักของป้า
25-25011-34.wav	ที่นายเบ้เนี่ยรออยู่จนกระทั่งเวลาผ่านไป
25-25011-40.wav	หนูก็ยังถูกนายเบ้เนี่ยล่วงละเมิดทางเพศ
25-25011-51.wav	ส่วนตัวของนายเบ้เองนะฮะชุดสืบสวนจะได้ลงพื้นที่
25-25012-26.wav	ในการเดินทางอันยาวไกลที่จะได้มาซึ่งประชาธิปไตยในประเทศไทย
25-25014-0.wav	คดียิงทนายที่เขาเป็นปากเป็นเสียงให้กับชาวบ้านในพื้นที่ที่จังหวัดตรังนะคะ
25-25014-11.wav	ร่วมกับตำรวจภูธรภาค9แล้วก็ตำรวจในท้องที่นับร้อยนายพร้อมอาวุธครบมือ
25-25014-19.wav	เพิ่งพ้นโทษจากคุกมาได้2ปีในคดียิงผู้อื่นในพื้นที่จังหวัดนครศรีธรรมราชนะคะ
25-25014-23.wav	ก็มีการนำตัวไปสอบสวนขยายผลต่อที่กองกำกับการสืบสวนสอบสวนภูธรจังหวัดตรังนะคะ
25-25015-22.wav	บ้านหลังนี้อยู่ที่ตำบลกะเปอร์อำเภอกะเปอร์จังหวัดระนองค่ะ
25-25015-26.wav	หลังเกิดเหตุตำรวจสภ.กะเปอร์กับเจ้าหน้าที่บ้านพักเด็กและครอบครัวจังหวัดระนอง
25-25015-41.wav	เรื่องนี้ศาลจังหวัดระนองได้สั่งฝากขังที่เรือนจำจังหวัดระนองเพื่อรอการตัดสินอยู่ค่ะ
25-25015-43.wav	ด้านนักสังคมสงเคราะห์ปฏิบัติการด้านจิตวิทยาบ้านพักเด็กและครอบครัวจังหวัดระนองก็บอกว่า
25-25015-44.wav	พอนำตัวแม่กับลูกทั้ง2คนมาที่บ้านพักเด็กและครอบครัวจังหวัดระนองน่ะนะคะ
25-25016-118.wav	นอกจากนั้นนะครับยังมีนายมงคลกิตต์สุขสินธารานนท์
25-25016-121.wav	ยังมีนายอัชริยะเรืองรัตนพงศ์ประธานชมรมช่วยเหลือเหยื่ออาชญากรรมเนี่ย
25-25016-4.wav	ของโรงเรียนในพื้นที่อำเภอหันคาจังหวัดชัยนาท
25-25018-68.wav	ก็ใช่แหละไปต่อที่จังหวัดนครสวรรค์ดีกว่าคุณก็ทิ้งไว้กลางทางอย่างนี้
25-25019-40.wav	ที่ต้องการเข้ามาท่องเที่ยวในประเทศไทย
25-25019-46.wav	จะต้องมีหน้าที่ช่วยประชาสัมพันธ์เรื่องท่องเที่ยว
25-25020-0.wav	ส่วนเหตุการณ์นี้เกิดขึ้นเมื่อวานนะคะใกล้ๆกับฟาร์มหมูร้างในอำเภอสะบ้าย้อยจังหวัดสงขลา
25-25020-10.wav	บรรยากาศเป็นไปด้วยความโศกเศร้านะคะญาติๆก็เตรียมงานจัดงานวางพานชุดเครื่องแบบอาสารักษาหมู่บ้านจังหวัดปัตตานีที่ผู้เสียชีวิตทำงานอยู่อะค่ะ
25-25020-12.wav	ภรรยาของผู้เสียชีวิตคือนางอ่ำบุญแก้วเพชรอายุ59ปี
25-25020-20.wav	กำลังจะเดินทางกลับบ้านประมาณ04:00น.-05:00น.นะคะ
25-25020-42.wav	เลยต้องเปลี่ยนสถานที่เล่นพนันไฮโลนายนพลเสนพักอายุ56ปี
25-25021-6.wav	ในอำเภอเมืองจังหวัดกำแพงเพชรได้ถูกโพสต์ผ่านผู้ใช้เฟซบุ๊ครายหนึ่ง
25-25022-16.wav	แต่ทีนี้ขณะเดียวกันทางอุตสาหกรรมจังหวัดเขายืนยันว่า
25-25026-10.wav	อายุ55ปีบ้านโนนจำปาตำบลบ้านฝางอำเภอเกษตรวิสัยจังหวัดร้อยเอ็ดค่ะ
25-25026-3.wav	เป็นชาวจังหวัดสมุทรสาครนะคะเป็นพระลูกวัดค่ะ
25-25026-4.wav	ก็ถูกรางวัลที่1ไปนะคะส่วนที่จังหวัดร้อยเอ็ด
25-25027-107.wav	คบกับนางสาวเอ็มประมาณปีกว่าค่ะอืม
25-25027-108.wav	รู้จักกันผ่านโซเชียลมีเดียครับนางสาวสาวส่งรูปให้ลูกชายดู
25-25027-119.wav	ท้องอยู่ด้วยครับเด็กในท้องก็เป็นหลานแต่นางสาวเอ็มตอบกลับแม่มาว่า
25-25027-147.wav	ประมาณ8โมงเช้านางสาวเอ็มผู้ก่อเหตุมาที่บ้านหลังนี้บอกว่า
25-25027-152.wav	ก็เดินออกมาจากห้องนั้นที่นายเก้านอนอยู่กับหญิงสาวอายุ16
25-25027-154.wav	แล้วก็มีเสียงร้องด้วยความเจ็บปวดของนายเก้ากับหญิงสาวยุค16
25-25027-166.wav	ก็เลยเชื่อว่านางสาวเอ็มวางแผนมาล่วงหน้าอืม
25-25027-168.wav	เขาบอกว่ามีดที่นางสาวเอ็มใช้ก่อเหตุเขาเคยเห็นนะคะ
25-25027-169.wav	นางสาวเอ็มคนเนี้ยมีดติดตัวอยู่ตลอดเวลา
25-25027-170.wav	ซื้อมาจากจังหวัดอ่างทองเห็นมาหลายวันแล้ว
25-25027-171.wav	แล้วเพื่อนบ้านก็เล่าให้ฟังว่าเห็นรถของนางสาวเอ็ม
25-25027-27.wav	แล้วก็แทงผู้หญิงอีกคนหนึ่งอายุ16อ่านายเกรียงไกรเนี่ยถูกแทงที่คอ
25-25027-30.wav	ตำบลท่าชัยอำเภอเมืองจังหวัดชัยนาทนะครับเหตุการณ์เกิดขึ้นตั้งแต่ยี่29ตุลา
25-25027-35.wav	พื้นที่ก็ไม่ไกลกันนะครับ2จังหวัดนี้พาไปทำแผนเนี่ย
25-25027-77.wav	เขาเจ็บไม่เยอะเขาก็เลยให้ข้อมูลได้นายเกรียงไกรหรือนายเก้านะคะ
25-25028-8.wav	เดินทางมาที่อาคารไทยพาณิชย์สำนักงานใหญ่
25-25030-43.wav	แต่ตำรวจสภ.มะเริงดำเนินคดีกับนายบิ๊ก
25-25032-16.wav	หลังเดินทางกลับจากประเทศพม่า
25-25033-30.wav	โรงพยาบาลศรีสังวรอำเภอศรีสำโรงจังหวัดสุโขทัย
25-25033-9.wav	ที่จังหวัดสุโขทัยนะครับเนี่ยครับคำสาบานที่เขาว่ากันว่า
25-25034-24.wav	หรือว่านางเจี๊ยบอายุ45ปีเนี่ยให้เลี้ยงลูกเธอทั้ง2คน
25-25034-32.wav	ทีนี้ตัวนางสาวสุรินทร์เนี่ยนะคะก็บอกว่าที่ผ่านมาคุยกับลูกทั้ง22คนทุกวันเลย
25-25034-43.wav	เธอได้มีโอกาสคุยกับคนคนนึงก็คือนายตี๋
25-25034-44.wav	คือนายตี๋เนี่ยก็เป็นร่างทรงแต่นายตี๋นะฮะก็มาเล่าเรื่องเกี่ยวกับพี่สะใภ้ให้ฟัง
25-25034-52.wav	นี่แหละครับเป็นสิ่งที่นายตี๋เนี่ยให้ข้อมูลต่อแม่เด็ก
25-25034-60.wav	รับว่าเด็ก2ขวบเนี่ยลูกของนางสาวสุรินทร์เนี่ยนะจมน้ำตายจริง
25-25034-64.wav	แล้วก็พานางเจี๊ยบเนี่ยเดินทางมาเพื่อที่จะชี้จุดที่เกิดเหตุว่าฝังไว้ตรงไหนโอ้โห
25-25034-65.wav	คือตอนแรกนะที่นางสุรินทร์แม่เนี่ยของเด็กถามหาลูก2คนนี้แล้วก็ตามหากันอยู่
25-25034-66.wav	เนี่ยคือนางสุรินทร์ก็บอกว่าถ้าลูกเป็นตายร้ายดีอะไรอยากให้นางเจี๊ยบบอกหน่อยใช่
25-25037-1.wav	คุณผู้ชมครับตามแผนเรื่องของการพัฒนาพื้นที่ชายฝั่งทั้งอ่าวไทยอันดามัน6จังหวัด
25-25039-40.wav	ซึ่งก็เป็นจังหวัดบ้านเกิดอีกด้วยค่ะ
25-25041-15.wav	แล้วก็ค่อนข้างรุนแรงส่วนที่จังหวัดปราจีนบุรีครับ
25-25041-3.wav	โดยเฉพาะที่จังหวัดสมุทรปราการต้องอบพยพออกจากบ้าน
25-25042-13.wav	นายโยหนูก้านอายุ62ปีชาวบ้านท่าตีนเล่าว่า
25-25042-19.wav	ที่จังหวัดพิษณุโลกเกิดอุบัติเหตุรถกระบะเสียหลักหลุดโค้ง
25-25042-29.wav	ที่จังหวัดสมุทรปราการเกิดอุบัติเหตุรถบรรทุกทราย
25-25042-56.wav	ในพื้นที่หมู่10ตำบลเวียงอำเภอเทิงจังหวัดเชียงราย
25-25043-4.wav	แกนนำ15คนเนี่ยเดินทางไปมอบตัวกับตำรวจ
25-25043-76.wav	นายวิเศษเนี่ยเป็นคนขับรถขยายเสียง
25-25050-136.wav	ต่อที่สวนสัตว์เปิดเขาเขียวอำเภอศรีราชาจังหวัดชลบุรีจุดนี้
25-25050-161.wav	ก็ไปกันนะฮะปิดท้ายกันที่จังหวัดนครศรีธรรมราช
25-25051-137.wav	ตอนนี้เหลือด้วยกันอีก2เรื่องนั่นก็คือเรื่องจังหวัดสุพรรณบุรี
25-25051-1.wav	ครับที่ครอบครัวของป้าแดงจากจังหวัดสุพรรณบุรีจะต้องร่วมแรง
25-25051-48.wav	ตอนนี้เหลือด้วยกันอีกสี่เรื่องเรื่องจังหวัดสุพรรณบุรีเรื่องไอศกรีม
25-25043-97.wav	จานิวรังสิมันโรมนายปิยรัฐหรือว่าโตโต้ชู3นิ้ว
25-25055-0.wav	เรื่องยังคงเป็นเรื่องของงานศพแต่ว่าไปอยู่ที่จังหวัดอ่างทอง
25-25055-19.wav	คือ10ปีก่อนนายสมเกียจเนี่ยเคยโด่งดังมาจากยาหมอบอก
25-25056-13.wav	ก็ได้เดินทางมาเสนอความคิดเห็นแนวทางปรองดอง
25-25056-15.wav	นายภูมิธรรมเวชยชัยรักษาการเลขาธิการพัก
25-25057-28.wav	ที่อำเภอเขาย้อยจังหวัดเพชรชบุรี
25-25059-0.wav	ส่วนที่จังหวัดเลยนะครับมีผู้หญิงคนนึงลักษณะก็ก็เป็นสาวทอมเนี่ยนะฮะ
25-25061-17.wav	หรือว่าวัดดอนคานะคะในจังหวัดสุพรรณบุรี
25-25061-24.wav	นายชนะเป็นคนขี่รถจักรยานยนต์
25-25061-27.wav	ตำรวจสอบสวนผู้เห็นเหตุการณ์เนี่ยทราบว่าก่อนเกิดเหตุนายชนะผู้ตาย
25-25061-2.wav	ที่พูดแบบนี้เพราะว่าที่จังหวัดสุพรรณบุรีมีผู้ชายคนหนึ่งค่ะ
25-25061-39.wav	ตำรวจสอบสวนทราบว่าก่อนเกิดเหตุนายชัยมงคลขี่รถจักรยานยนต์มาด้วยความเร็ว
25-25062-24.wav	มีคลิปช่วยหาเสียงในเพจนายสุรินทร์หลายโพสต์เลย
25-25062-25.wav	คนก็ทักไปถามนายสิรินทร์เลยว่าเอ๊ะเรื่องราวเป็นยังไงรู้เรื่องรึยัง
25-25062-26.wav	นี่คือนายสิริรินทร์เขาส่งภาพกลับมาว่าเขาอยู่ที่โรงพยาบาล
25-25063-14.wav	เป็นเพราะว่าชุดสืบสวนตำรวจภูธรจังหวัดลำปางเนี่ยนะคะ
25-25066-23.wav	เป็นเพลงลูกทุ่งจังหวัดโจ๊ะๆนะคะเปิดไว้ในช่องยูทูปของค่ายไผ่ร้อยกอนะคะ
25-25067-29.wav	ใช่นะคะแล้วก็นางก็บอกว่าเห็นรู้ตัวคนถ่ายด้วยนะ
25-25068-39.wav	ก็มากันได้ที่เมืองลับแหล่จังหวัดอิดตาราดุด
25-25068-41.wav	และนี่ก็คือทั้งหมดของตะลอนเที่ยวอำเภอลับแลจังหวัดอุตรดิตถ์
25-25068-8.wav	กับเมืองลับแลจังหวัดอิดตาราดุดเฮ้ยอุตรดิตถ์เฮ้ยถูกแล้ว
25-25069-0.wav	ประเพณีงานบุญกรรมฟ้าของชาวไทยพวนที่อำเภอบ้านหมี่จังหวัดลพบุรี
25-25070-3.wav	ดังที่ขุดพบรวมกันในหม้อดินเผาที่จังหวัดสมุทรสาคร
25-25071-53.wav	ซึ่งนายวิษณุนั้นก็บอกว่าในอนาคตอยากจะเห็นกสม.เนี่ยทำงานเชิงรุกมากขึ้น
25-25072-214.wav	โดยบอกว่า2ฝ่ายเนี่ยก็เดินทางมาลงบันทึกประจำวัน
25-25073-115.wav	ได้เดินทางเข้ามาที่หน่วยเลือกตั้งภายในซอยแจ้งวัฒนา10แยก1
25-25073-131.wav	นายสำราญตันพานิชนะคะก็จะเดินทางเข้ามา
25-25073-148.wav	ทยอยเดินทางกันเข้ามาใช้สิทธิ์กันอย่างต่อเนื่องนะครับ
25-25073-158.wav	ก็เริ่มมีประชาชนเดินทางเข้ามาใช้สิทธิ์กันอย่างต่อเนื่องนะครับ
25-25073-178.wav	เชื่อว่าจะมีคนทยอยเดินทางมาใช้สิทธิ์กันอย่างต่อเนื่อง
25-25073-207.wav	ทยอยเดินทางกันมาใช้สิทธิ์กันอย่างต่อเนื่องนะครับ
25-25073-57.wav	ประชาชนทยอยเดินทางมาใช้สิทธิ์ลงคะแนนเสียง
25-25073-65.wav	ประชาชนทยอยเดินทางมาใช้สิทธิ์ลงคะแนนเสียงกันอย่างคึกคักค่ะ
25-25073-88.wav	ตั้งแต่เริ่มเปิดหีบมาก็มีประชาชนทยอยเดินทางมาเลือกตั้งซ่อมจำนวนมาก
25-25075-4.wav	กำชับผู้ว่าราชการทุกจังหวัด
25-25076-18.wav	นี่นางสาววาสนาทองมีอายุ41ปี
25-25076-79.wav	ที่เป็นมิจฉาชีพเนี่ยนะตำรวจก็บอกว่ามีลักษณะคล้ายกับคนที่เคยถูกตำรวจสภ.บางศรีเมืองจังหวัดนนทบุรีเนี่ย
25-25078-79.wav	สนาม5เมืองในแง่การเดินทางอะไม่ไม่ยากครับเพราะว่าประเทศไม่ได้ใหญ่
25-25081-20.wav	บ้านพักที่บ้านประดู่ซับกาดที่อำเภอเทพสถิตจังหวัดชัยภูมิ
25-25081-23.wav	ตัวลูกชายเองคือนายมงคลเนี่ยยอมรับสารภาพ
25-25084-23.wav	ไปตรวจหาหลักฐานต่างๆไปกันเนี่ยตำรวจนี่80นายได้นะฮะ
25-25086-10.wav	ทราบชื่อผู้เสียชีวิตก็คือนายลิขิตคำวิชิตอายุ36ปี
25-25086-11.wav	ภูมิลำเนาอยู่ที่จังหวัดหนองบัวลําภู
25-25086-9.wav	อำเภอลาดหลุมแก้วจังหวัดปทุมธานีนะครับ
25-25089-61.wav	นี่เชื่อยังเชื่อคำที่พูดว่าใจเป็นนายกายเป็นบ่าวนะฮะ
25-25091-60.wav	ข้อมูลว่าตั้งแต่ช่วงบ่ายอะค่ะนายดิเรกที่เป็นหัวหน้าช่างกับ
25-25091-64.wav	ในท่อเลยค่ะนายทศพลเป็นเจ้าหน้าที่ของคอนโดรีบลงไป
25-25092-17.wav	ที่หนุ่มมาริโอ้โอ้จะขอบคุณเพื่อนๆทุกคนที่เดินทางมาแสดงความยินดี
25-25093-14.wav	ตำบลแม่สามแลบอำเภอสบเมยจังหวัดแม่ฮ่องสอน
25-25093-28.wav	ที่อำเภอแจ้ห่มจังหวัดลำปางนะคะ
25-25093-29.wav	นายอุทานสมเพาะผู้ใหญ่บ้านบ้านแม่ช่อฟ้าหมู่ที่5ตำบลทุ่งผึ้ง
25-25093-3.wav	เมื่อวานเกิดเหตุอีกแล้วที่จังหวัดแม่ฮ่องสอนนะครับ
25-25093-46.wav	บ้านร่มฟ้าไทยตำบลตับเต่าอำเภอเทิงจังหวัดเชียงราย
25-25098-14.wav	คุณยายสมบูรณนี่เป็นนางสาวนะฮะคือแกเป็นโสดนะฮะ
25-25098-38.wav	คุณยายสมบุญนะครับวันนี้ไปกับหลานชายนะฮะไปที่สภ.ดำเนินสะดวกจังหวัดราชบุรี
25-25099-30.wav	เดินทางเข้าไปยื่นวันนี้พร้อมทนายรณณรงค์ณรงค์ก่อน
25-25101-17.wav	และปิดท้ายที่บริเวณลานจอดเครื่องบินแผนกช่างอากาศกองเทคนิคกองบิน46จังหวัดพิษณุโลก
25-25103-20.wav	กองทัพเตรียมจัดกำลังทหารราว220,000นาย
25-25105-4.wav	ตกลงข้างทางที่ถนนสุขุมวิทจังหวัดตราด
25-25105-67.wav	บอกว่ามีพลตรีนายหนึ่ง
25-25106-14.wav	ยังไม่ได้สรุปนะคะว่าเจ้าภาพเป็นจังหวัดใด
25-25106-15.wav	แต่ว่าก็มีอยู่4จังหวัดที่ขอเสนอตัวเป็นเจ้าภาพ
25-25106-20.wav	ซึ่งก็เป็นที่มาของ4จังหวัดเนี้ยเสนอตัวเข้ามา
25-25106-34.wav	เป็นอ่าเป็นใน3-4จังหวัดนี้อะนะครับ
25-25107-20.wav	กลางสุสานมูลนิธิไตรคุณธรรมอำเภอเมืองจังหวัดชลบุรี
25-25108-17.wav	ไปที่จังหวัดแห่งนี้ไม่มีคนจนมีแต่คนรวย
25-25108-22.wav	ไปเที่ยวตรังกันสนุกสนานแล้วก็มีสถานที่ท่องเที่ยวมากมายนะครับที่จังหวัดตรัง
25-25111-34.wav	สั่งให้ทุกกองบัญชาการตำรวจตรวจสอบพฤติกรรมของตำรวจทุกนาย
25-25111-53.wav	เป็นนายตำรวจที่ปฏิบัติหน้าที่ในหน่วยงานเพียงอย่างเดียว
25-25113-15.wav	ตำรวจสภ.ปราสาทและกองพิสูจน์หลักฐานจังหวัดสุรินทร์วันนี้นะคะ
25-25113-27.wav	อยู่ในห้องแล็บค่ะของสำนักงานพิสูจน์หลักฐานของจังหวัดสุรินทร์
25-25115-9.wav	ก็คือเกิดขึ้นในพื้นที่บ้านเจ๊เหอำเภอตากใบจังหวัดนราธิวาส
25-25122-18.wav	เดินทางมารายงานตัวตามหมายเรียกนะคะ
25-25123-0.wav	คุณผู้ชมฮะที่จังหวัดมุกดาหารที่นั่นเขาบอกว่า
25-25123-18.wav	โดยเฉพาะอย่างยิ่งที่บ้านนาหลักตำบลพังแดงอำเภอดงหลวงจังหวัดมุกดาหาร
25-25125-27.wav	แต่ประชาชนก็ทยอยเดินทางไปลงประชามติกันจำนวนมากนะครับ
25-25125-31.wav	โดยผู้อำนวยการการเลือกตั้งประจำจังหวัดนะครับ
25-25125-34.wav	ทำให้การออกเสียงประชามติของจังหวัดเชียงใหม่เนี่ย
25-25125-41.wav	จังหวัดเชียงใหม่เป็นจังหวัดที่มีประชาชนผู้มีใช้สิทธิ์ผู้มีสิทธิ์ในการใช้สิทธิ์ออกเสียงมากที่สุดในภาคเหนือ6แสนกว่าคน
25-25125-46.wav	โดยสำนักงานคณะกรรมการการเลือกตั้งประจำจังหวัด
25-25125-51.wav	ครับประชาชนทั้งจังหวัดเดินทางมาลงคะแนน
25-25125-56.wav	มีประชาชนให้ความสนใจและเดินทางมาใช้สิทธิ์จำนวนมากนะครับ
25-25125-61.wav	เมื่อคืนนี้พยายามนั่งนับกันในแต่ละจังหวัดนะครับ
25-25125-65.wav	ตำบลผาบ่องอำเภอเมืองจังหวัดแม่ฮ่องสอนนะ
25-25125-66.wav	มีชาวกะเหรี่ยงคอยาวเดินทางโดยเรือหางยาว
25-25126-14.wav	ประจำจังหวัดสกลนครนะคะของไทยรัฐทีวีไปทำข่าวที่หมู่14
25-25126-15.wav	บ้านคำข่าตำบลไร่อำเภอพรรณานิคมจังหวัดสกลนครค่ะ
25-25129-66.wav	ร้านก๋วยเตี๋ยวเส้นสะดุ้งอยู่บนถนนอยุธยาอ่างทองตำบลโพสะอำเภอเมืองจังหวัดอ่างทองครับ
25-25129-9.wav	ตำบลโพสะสะอำเภอเมืองจังหวัดอ่างทองของนายอนุรักษ์แก้วมณีอายุ38ปีนะครับ
25-25135-4.wav	รายงานสดจากพื้นที่จังหวัดเชียงใหม่หน้าวัดพระสิงห์ครับเชิญครับ
25-25135-7.wav	ขบวนแห่พระพุทธสิหิงค์นะคะพระพุทธรูปคู่บ้านคู่เมืองเชียงใหม่และพระพุทธรูปสำคัญของจังหวัดเชียงใหม่
25-25136-18.wav	คุณผู้ชมเราไล่เรียงเหตุการณ์ให้ทั้ง3จังหวัดครับ
25-25136-19.wav	มาดูที่จังหวัดนราธิวาสกันก่อนนะครับ
25-25136-1.wav	ในพื้นที่3จังหวัดชายแดนภาคใต้ยะลาปัตตานีนราธิวาส
25-25136-79.wav	ทีนี้เขยิบมาดูอีกจังหวัดค่ะที่ยะลา
25-25136-86.wav	ตำแหน่ง4จุดที่จังหวัดยะลารวมถึงร้านสะดวกซื้อที่พื้นที่บ้านบันนังสตาหมู่2
25-25137-11.wav	ได้เข้าร่วมพิธีตักบาตรในครั้งนี้เป็นจำนวนมากส่วนใหญ่ก็เดินทางมาทำบุญตักบาตร
25-25137-13.wav	เดินทางมากันเป็นครอบครัวแล้วก็เพื่อนๆนะคะพร้อมกับขอพรให้สิ่งดีเกิดขึ้นกับตนเองและประเทศชาติ
25-25137-2.wav	พาคุณผู้ชมไปดูชาวกรุงเทพมหานครเขาเดินทางไปร่วมตักบาตรกัน
25-25137-34.wav	ก็จะเดินทางไปสักการะศาลหลักเมืองกรุงเทพมหานคร
25-25137-9.wav	เพื่อความเป็นสิริมงคลโอกาสนี้นะคะนายอิทธิพลคุณปลื้มรัฐมนตรีว่าการกระทรวงวัฒนธรรม
25-25138-100.wav	เมนูอาหารเหนือสูตรล้านนาแต๊ๆจากจังหวัดพะเยาเจ้า
25-25138-6.wav	เปิดมานานกว่า9ปีเป็นร้านอาหารเหนือแต๊ๆแหจากจังหวัดพะเยาเจ้า
25-25140-34.wav	บอกว่าตัวเองกับสามีคือนายประดิษฐ์ซึ่งเป็นคนถ่ายคลิปเนี่ยนะฮะ
25-25140-36.wav	รอรถตู้ประจำทางเพื่อเดินทางไปหาหมอในกรุงเทพฯ
25-25144-0.wav	ไปกินกันต่อเลยดีกว่ากับน้ำเต้าหู้ไข่ลวกในตำนานที่จังหวัดขอนแก่น
25-25147-16.wav	เป็นภาพจากผู้ใช้เฟซบุ๊คชื่อว่านายเกมทิชากรเผือกเนียมนะคะ
25-25148-27.wav	ทันทีที่นายทักษิณชินวัฒน์เป็นนายกรัฐมนตรีได้ประกาศสงครามกับยาเสพติดเป็นวาระแห่งชาติ
25-25148-5.wav	อันเนี้ยเนี้ยเป็นเหตุการณ์ที่ตำรวจชุดสืบสวนจังหวัดมหาสารคาม
25-25150-9.wav	พื้นที่บ้านหนองเตยหมู่5ตำบลย่านตาขาวอำเภอย่านตาขาวจังหวัดตรัง
25-25151-2.wav	เป็นสภาพศพของนายสุรศักดิ์นำมาอายุ35ปีนะฮะ
25-25151-3.wav	นี่ไปพบในพงหญ้าในป่ารกทึบข้างชุมชนซอยสุขสวรรค์39ครับที่ตำบลบางผึ้งอำเภอพระประแดงจังหวัดสมุทรปราการนะครับ
25-25153-16.wav	ตำรวจภูธรองครักษ์จังหวัดนครนายกคุมตัวนางแมลง
25-25153-22.wav	คือนางแมลงเนี่ยก็ยอมรับสารภาพ
25-25153-40.wav	ก็คือแม่นะซึ่งนางแมลงเองก็จะบอกนะ
25-25154-18.wav	พรรคไหนที่ยังตั้งสาขาและตัวแทนประจำจังหวัดไม่ครบ
25-25154-45.wav	แล้วก็มีเอ่อนายวันอยู่บำรุงนายวัฒนาเมืองสุข
25-25155-37.wav	ผู้สื่อข่าวเดินทางไปพบกับพระมหาสีไพร
25-25157-10.wav	ในตำบลเชิงดอยอำเภอดอยสะเก็ดจังหวัดเชียงใหม่นะคะ
25-25157-27.wav	เดินทางมาเยี่ยมชมการเรียนการสอน
25-25159-41.wav	บางคนมีงานมีการทำยังมาขอเงินนาง
25-25159-42.wav	นางก็เลยนี่แหละค่ะใส่เสื้อสกรีนแบบนี้เลย
25-25161-17.wav	บุคคลอันตรายนายนี้นะครับ
25-25161-57.wav	บอกว่าตำรวจวางแผนร่วมกับผู้ที่แจ้งเบาะแสนะฮะเป็นเพื่อนสาวอ่าที่เขาสนิทกับผู้ต้องหานายนี้นะครับ
25-25334-70.wav	พิเศษ15นายและกรมรบพิเศษที่5เชียงใหม่
25-25335-50.wav	แต่ก่อนอยู่จังหวัดจันทร์ทำงานรับจ้างทั่วไปจ้ะ
25-25335-52.wav	ก็ได้ย้ายมาอยู่กับแม่ที่จังหวัดอุดรจ้ะ
25-25336-22.wav	ขอเป็นนางนวดให้แบมแบมได้ไหม
25-25337-19.wav	ท่านผู้บัญชาการภูธรจังหวัดสุราษฎร์ธานีท่านบอกว่า
25-25341-0.wav	ต่อเนื่องกันที่เหตุสะเทือนใจที่เกิดขึ้นที่จังหวัดเพชรบุรีนะคะ
25-25341-8.wav	ร้อยเวรสืบสวนสถานีตำรวจภูธรบ้านลาดจังหวัดเพชรบุรี
25-25342-2.wav	พาไปที่นี่กันก่อนนะครับคุณผู้ชมฮะไปเจอกับนายชะอ้อนรักกลาง
25-25344-32.wav	อยู่ที่อำเภอเมืองจังหวัดยโสธรนะคะ
25-25346-27.wav	ส่วนที่จังหวัดสุรินทร์ค่ะอุณหภูมิตอนนี้
25-25346-47.wav	เผื่อใครที่เดินทางไปเที่ยวเหนืออีสานเนี่ยเรามีเสื้อกันหนาว
25-25348-11.wav	พลตำรวจตรีดำรงเพชรพงศ์ผู้บังคับการตำรวจภูธรจังหวัดนครสวรรค์
25-25348-14.wav	เจ้าของร้านชื่อว่านายวินัยทวีชัยถาวรอายุ64ปีนะคะ
25-25348-1.wav	เจ้าของร้านทองที่จังหวัดนครสวรรค์เปิดร้านมาแทบเป็นลม
25-25350-152.wav	เดินทางไปที่สนามบินเนี่ยโดยมีรัฐมนตรีว่าการกระทรวงแรงงานเนี่ย
25-25350-158.wav	กายภาพมหาวิทยาลัยนราธิวาสราชนครินทร์เนี่ยเพื่อพัฒนาจังหวัดนราธิวาสเนี่ยพลเอกประวิตรนะฮะ
25-25350-31.wav	นครนายกอำเภอเมืองปากพลีปราจีนบุรีกบินทร์บุรีนาดีประจันตคาม
25-25350-716.wav	ก็เลยไปตรวจสอบพยานแวดล้อมเปิดเผยว่าตอนที่เกิดเหตุเนี่ยนางสาววิภาภา
25-25350-721.wav	นางสาวแวะเอามือไปกำกระบอกปืนเอาไว้เลย
25-25350-726.wav	ว่านางสาววิภาภาคนร้ายน่าจะรู้จักกันเบื้องต้นเนี่ยนางสาววิภาเนี่ยภาเรื่องเงินกู้
25-25350-730.wav	นางก็เลยกำแบบปิดคือเอามือกำปากกระบอกปืนเลยใช่ป่ะคะ
25-25351-21.wav	โดยนายเหรียญทองบอกว่าจะมีคนเอาของมาฝากให้
25-25354-31.wav	โดยจะควบคุมตัวนายบุญเกิดเอาไว้เพื่อสอบส่วนเพิ่มเติม
25-25354-26.wav	จะตามจับตัวนายบุญเกิดนิ่มนวล
25-25355-32.wav	นะครับท่านประธานกลุ่มวิสาหกิจชุมชนท่องเที่ยว
25-25355-57.wav	วัดใหญ่นครชุมอำเภอบ้านโป่งจังหวัดราชบุรีนะครับ
25-25348-13.wav	ร้านทองทวีชัย4อยู่ท้ายตลาดสะพานดำอำเภอเมืองจังหวัดนครสวรรค์
25-25164-28.wav	คนก่อเหตุก็คือลูกชายที่ชื่อว่านายสุชาติ
25-25164-36.wav	ซึ่งก็คือนายสุชาติฟังนายสุชาติบอกเลย
25-25164-50.wav	จนเวลาผ่านไปนายสุชาติแบกร่างของผู้เสียชีวิต
25-25164-54.wav	หลังก่อเหตุค่ะลูกชายที่ชื่อว่านายสุชาติพร้อมแฟนสาวเดินทางออกไป
25-25164-74.wav	เพราะว่าก่อนหน้านี้นางบุญพาเคยปรับทุกข์กับเพื่อนร่วมงาน
25-25165-30.wav	นายดำรงชัยอายุ64ปี
25-25165-35.wav	นายดำรงชัยวัย64คนขับรถกระบะที่พุ่งชนคนเจ็บ
25-25166-23.wav	ที่บ้านดอนจันทร์ตำบลน้ำคำอำเภอเมืองจังหวัดศรีสะเกษค่ะ
25-25166-25.wav	ซึ่งตำรวจสภ.เมืองศรีสะเกษนะฮะพร้อมด้วยปลัดอำเภอนำกำลังกว่า20นายค่ะ
25-25167-5.wav	บุกแดนอีสานบ้านเฮ้านะคะมอบความสุขทางเสียงเพลงให้กับพี่น้องจังหวัดมหาสารคามค่ะค่ะ
25-25168-31.wav	1ในนั้นคือนายมานพอายุ41ปี
25-25169-27.wav	อืมแล้วพอนายบุญมีเดินกลับมาที่รถเหมือนจะมาดูผลงานตนเอง
25-25169-42.wav	เพราะนายบุญมีมันชอบเล่นปืนมันมีปืนด้วยอ๋อ
25-25169-44.wav	นายบุญมีมีการโพสต์รูปปืนแล้วขู่จะฆ่าด้วย
25-25169-61.wav	นายบุญมีเนี่ยเสียชีวิตที่เกิดเหตุ
25-25172-121.wav	นายกฯกำลังคิดอะไรอยู่
25-25175-1.wav	สำหรับนักเรียนม.5โรงเรียนดังในจังหวัดชัยนาทที่บอกว่า
25-25176-10.wav	เจ้าหน้าที่กู้ภัยมูลนิธิดอกโดนในอำเภอควนโดนจังหวัดสตูลค่ะ
25-25176-24.wav	ส่วนที่จังหวัดหนองคายเจ้าหน้าที่กู้ภัยนะคะ
25-25176-32.wav	ที่จังหวัดสมุทรปราการตัวเงินตัวทองขนาดใหญ่ตัวนี้นะครับ
25-25176-3.wav	แต่ว่าคลิปวิดีโอนี้นะคะเขาบอกว่าเจ้าของบ้านที่จังหวัดสมุทรปราการ
25-25177-0.wav	สาวอายุ17นะคะตั้งท้องค่ะอยู่ที่ในพื้นที่จังหวัดฉะเชิงเทรานะคะ
25-25177-10.wav	นายขวดเดินทางมาถึงค่ะนายขวดก็เดินเข้าไปในบ้านเลยนะคะ
25-25177-25.wav	คือตำรวจสภ.บ้านโพธิ์โพธิ์ฉะเชิงเทรานะคะ
25-25179-322.wav	ทนายตั้มเคยเล่าว่า4,000กว่าคลิปที่ได้มาเนี่ย
25-25180-14.wav	ตรวจสอบพฤติกรรมของผู้หมวดนายนี้แล้วนะครับ
25-25180-22.wav	ซึ่งนายอัจฉริยะเรืองรัตนพงศ์
25-25181-16.wav	ส่วนที่เรือนจำจังหวัดบุรีรัมย์ก็มีต้นไม้ล้มเหมือนกันคุณผู้ชม
25-25183-11.wav	นายพิชัยเอี่ยมสำอางค์หรือนายแดงอายุ59
25-25183-37.wav	นางสาวอนุสรณ์เธอเล่าให้ฟังเมื่อวาน20:00น.
25-25183-61.wav	นางสาวสิริธรก็บอกว่าตอนเกิดเหตุเนี่ยผู้ก่อเหตุส่งแชทหาเธอด้วยนะ
25-25183-85.wav	ศาลจังหวัดหลังสวนข้อหาฆ่าผู้อื่นโดยเจตนาและไตร่ตรองไว้ก่อน
25-25183-9.wav	ที่อำเภอหลังสวนจังหวัดชุมพร
25-25184-1.wav	ไปทำบุญให้อาหารปลาที่วัดไชโยที่จังหวัดอ่างทองค่ะ
25-25185-16.wav	วันนี้ทางอัยจังหวัดชลบุรีก็ได้มีคำสั่ง
25-25185-22.wav	นะฮะอัยการจังหวัดชลบุรีนะครับอ่าก็ได้อ่าสั่งคดี
25-25185-25.wav	หลังทราบข้อหานายสุเทพพร้อมภรรยาได้ให้สัมภาษณ์ผู้สื่อข่าวใบหน้า
25-25185-347.wav	และที่ข่าวเขาบอกว่าเดินทางไปไต้หวันเนี่ยก็คงจะจริงครับ
25-25185-369.wav	แล้วผมจะพูดอีก9ประเทศให้ฟังผมก็เชื่อว่านายบอสคงไม่ไป9ประเทศนั้นแน่นอน
25-25185-379.wav	ไม่อยู่ในอินเตอร์โพลและมีไต้หวันดังนั้นการไปไต้หวันเนี่ยก็คือวิธีการที่นายบอสเนี่ยใช้อยู่ในขณะนี้
25-25185-398.wav	หรือฝ่ายกฎหมายของนายบอสซึ่งรวดร่ำรวยขนาดเนี้ย
25-25185-583.wav	เขาไม่ได้จำเป็นต้องมีไอๆๆๆใบอนุญาตท่องเที่ยว
25-25185-9.wav	ท่านผู้ชมจำได้นะครับที่เหตุเกิดที่จังหวัดชลบุรีค่ะ
25-25187-10.wav	แต่งองค์ทรงเครื่องเป็นนางรำมาแบบนี้เลยนะคะ
25-25187-16.wav	ด้านหลังนะฮะรวมไปถึงนางรำที่เป็นชาวพื้นบ้านนะฮะ
25-25187-4.wav	ที่อีหลีน่าคาเฟ่อาณาจักรของคุณก้องห้วยไร่ที่จังหวัดสกลนครคึกคักสุดๆค่ะ
25-25187-7.wav	เอาอย่างนี้คุณผู้ชมที่เห็นเนี่ยนางรำปากแดงมองใกล้ๆอ้าว
25-25188-29.wav	ตอบสนองทุกความต้องการในการเดินทางอย่างไร้ที่ติ
25-25188-31.wav	สะดวกสบายตลอดการเดินทาง
25-25188-47.wav	ตลอดการเดินทางคาราวานได้สัมผัสกับมนต์เสน่ห์
25-25193-12.wav	แล้วก็เป็นแม่ของเด็กด้วยนะคะเธอเดินทางมาดูศพ
25-25194-10.wav	คือร้านนี้เนี่ยนะคะคือปลาท่องโก๋ตลาดต้นลำไยครับอยู่ในจังหวัดเชียงใหม่
25-25194-67.wav	กันอยู่ที่จังหวัดเชียงใหม่ค่ะ
25-25195-34.wav	ที่พากันเดินทางไกลจากจังหวัดบุรีรัมย์บอกว่า
25-25197-10.wav	ของโรงเรียนในพื้นที่อำเภอเชียงดาวจังหวัดเชียงใหม่นะครับ
25-25197-2.wav	ของโรงเรียนแห่งหนึ่งที่จังหวัดเชียงใหม่คะ
25-25198-0.wav	คุณผู้ชมครับไปดูดราม่าเรื่องราวของตลาดหน้าวัดพระธาตุที่จังหวัดนครศรีธรรมราชกันหน่อยนะครับนะฮะ
25-25198-12.wav	ต้นเรื่องคนที่ไปยื่นเนี่ยชื่อว่านายสวัสดิ์สมัครพงศ์เป็นสอบ
25-25198-18.wav	เรื่องนี้มันสร้างความขัดแย้งในจังหวัดเพราะว่าคุณผู้ชมครับ
25-25198-31.wav	กับการอยู่รอดของประชาชนในจังหวัดนครศรีธรรมราช
25-25198-40.wav	ทีนี้ทางด้านของนายสวัสดิ์เองนะฮะสว.ท่านก็บอกว่า
25-25198-44.wav	หอการค้าจังหวัดเองเนี่ยรวมทั้งสภาอุตสาหกรรมการท่องเที่ยวเนี่ยนะ
25-25198-53.wav	กันว่าชาวบ้านเห็นอย่างไรอืมผู้ประกอบการเห็นอย่างไรและจังหวัดเห็นอย่างไร
25-25201-40.wav	แต่ก็มีชาวบ้านไปกันอย่างต่อเนื่องนะคะสำหรับวัดท่าไม้อำเภอชุมแสงจังหวัดนครสวรรค์ค่ะ
25-25202-14.wav	เดินทางต่อจนสิ้นสุดที่ท้องทะเล
25-25202-49.wav	อำเภอสัตหีบจังหวัดชลบุรี
25-25203-16.wav	โอ้โหเหตุการณ์นี้เกิดขึ้นที่อำเภอหนองแสงจังหวัดอุดรธานีค่ะ
25-25206-11.wav	กรณีมีการออกหมายจับ8นายตำรวจการออกหมายค้นบ้านพักของเอ่อรองผบ.ตร.
25-25206-14.wav	ไม่มีการระบุยศหรือว่าตำแหน่งตำรวจทั้ง8นายนะ
25-25206-2.wav	นายอนันต์ชัยไปเนี่ยนะคะก็มีการแถลงมีการตอบคำถามกับสื่อมวลชน
25-25206-4.wav	แต่มี8นายตำรวจที่เป็นลูกน้องบิ๊กโจ๊กเนี่ยมาร่วมในการแถลงข่าวด้วย
25-25206-7.wav	แล้วก็เรื่องของ8นายตำรวจด้วยอะนะคะไล่เรียงไปเลยนะคะ
25-25207-0.wav	เอาล่ะค่ะไปดูเหตุการณ์ที่จังหวัดจันทบุรีกันหน่อยนะครับ
25-25208-4.wav	ชื่อดังชาวจังหวัดกาฬสินธุ์นะน้องเขาเนี่ยมียูทูปนะ
25-25209-15.wav	น้องก็จะเดินทางมาจัดกิจกรรมประเทศไทยปีละ2ครั้งค่ะ
25-25209-1.wav	เป็นนักศึกษาจากประเทศญี่ปุ่นเขาเดินทางมาประเทศไทยปีละ2
25-25210-2.wav	กาแฟตาลโตนด1เดียวในจังหวัดนครสวรรค์
25-25212-25.wav	ไปกันที่วัดบ้านหัวฝายตำบลกล้วยแพะอำเภอเมืองจังหวัดลำปาง
25-25212-32.wav	ไปที่บริเวณหน้าวัดศรีเมืองมูลบ้านค่าล่างตำบลป่าซางอำเภอดอกคำใต้จังหวัดพะเยา
25-25212-41.wav	ที่วัดโคกเปรี้ยวตำบลเกาะยออำเภอเมืองจังหวัดสงขลา
25-25212-46.wav	ก็เดินทางมาจุดธูปผูกผ้าสามสี
25-25212-54.wav	อำเภอบึงโขงหลงจังหวัดบึงกาฬ
25-25213-25.wav	ไปต่อที่จังหวัดนครสวรรค์มีอีก1ภาพวงจรปิดคุณผู้ชมดูนะครับ
25-25214-12.wav	หลังจากที่ได้รับแจ้งจากสถานพินิจพินิจนครราชสีมาบอกว่า
25-25214-13.wav	ไม่สามารถที่จะรับตัวเยาวชนชายอายุ18ปีผู้ต้องหาฆ่านายนิรันดร์สร้อยสูงเนิน
25-25214-21.wav	ขออำนาจศาลเยาวชนจังหวัดนครราชสีมา
25-25214-22.wav	บอกว่าให้นำตัวหมูหยองเนี่ยไปฝากขังที่เรือนจำจังหวัดชัยภูมิ
25-25214-28.wav	คดีนี้เกิดขึ้นหลังจากที่ตำรวจภูธรจังหวัดชัยภูมิเนี่ย
25-25214-29.wav	จับกลุ่มนายวัชระหรือว่าน็อตสาแก้วอายุ22ปี
25-25214-30.wav	ได้ที่หอพักแห่งหนึ่งในจังหวัดชัยภูมิ
25-25214-33.wav	โดยนายวัชระก็ให้การนะคะบอกว่าผู้ที่ใช้มีดแทงนายนิรันดร์เนี่ย
25-25214-5.wav	ก็ต้องนำตัวหมูหยองเนี่ยนะคะมาควบคุมตัวไว้ที่เรือนจำจังหวัดชัยภูมิ
25-25215-20.wav	นายอนุชิตคนเป็นพ่อและเป็นคนถ่ายคลิป
25-25215-2.wav	ท่านผู้บังคับการตำรวจภูธรจังหวัดนครพนมย้ายแล้ว10ตำรวจตรีครับ
25-25215-9.wav	คือไม่พอใจถูกนายนนท์เนี่ยถ่ายรูปรถกระบะนะครับ
25-25216-71.wav	นี่อาเจียนหมอปลาบอกว่านางสุดใจเป็นคนจิตอ่อน
25-25216-82.wav	เชื่อว่าผีเข้าจริงอืมเป็นวิญญาณสัมภเวสีเพราะว่านางสุดใจจิตอ่อน
25-25216-9.wav	ไปช่วยเหลือนางสุดใจอายุ50นะคะ
25-25219-9.wav	แล้วนางก็โพสต์บอกว่าเนี่ยยอมดูหนังในรอบ10ปีเลยหนังผี
25-25225-25.wav	ตำบลยางซ้ายอำเภอเมืองจังหวัดสุโขทัย
25-25225-36.wav	ถูกต้องก็เขาขายอยู่ที่จังหวัดสุโขทัยด้วย
25-25225-77.wav	ก็คือจะเป็นจังหวัดใกล้เคียงนั่นแหละ
25-25230-0.wav	พูดถึงทีมชาติไทย11พฤศจิกายนนี้จะเดินทางไปแล้วนะครับที่มาเลเซียก็เตรียมความพร้อมก่อนจะแข่งขันวันที่14พฤศจิกายนต่อด้วยการบุกไปเยือนเวียดนามต่อในเกมบอลโลกรอบคัดเลือก
25-25230-13.wav	จะตามมาสมทบวันที่11พฤศจิกายนซึ่งจะเป็นวันเดินทางไปที่มาเลเซียด้วยนะ
25-25231-113.wav	ถามว่าอ้าวแล้วทำไมนายประสบโชคถึงต้องมาแถลงที่นี่
25-25231-114.wav	ครับเพราะว่านายประสบโชคเป็นรองหัวหน้าพรรคพลังท้องถิ่นไทย
25-25231-1.wav	นั่นก็คือกรณีของอ่าการยิงรถของนายกอบต.บางสมบูรณ์
25-25231-20.wav	หลังจากสอบปากคำแล้วก็มีการที่จะนำตัวของนายออด
25-25231-24.wav	ทนายบอกว่านายอ่อนเนี่ยจะให้การแล้วก็ขอประกันตัวในชั้นศาล
25-25231-25.wav	ลูกของนายอ่อนเนี่ยเตรียมหลักทรัพย์มาเพื่อที่จะยื่นประกันตัวแล้วอะนะคะ
25-25231-33.wav	เจ้าหน้าที่เนี่ยคุมตัวไปฝากขังเรือนจำจังหวัดนครนายกเป็นคืนแรกแล้วเมื่อคืนนะฮะ
25-25231-36.wav	ทางด้านของพี่สะใภ้ของใภ้ธวัชชัย
25-25231-37.wav	เปิดเผยข้อมูลสั้นๆว่าตอนนี้นายธวัชชัย
25-25231-74.wav	จะเห็นเลยรถตู้ของนายกอบต.บางสมบูรณ์เนี่ย
25-25231-83.wav	สั่งฆ่านายกอบต.หรือเปล่า
25-25231-84.wav	นั่นก็คืออดีตนายกอบต.บางสมบูรณ์ค่ะ
25-25231-87.wav	เดินทางมาที่พรรคพลังท้องถิ่นไทย
25-25231-94.wav	โดยนายประสบโชคเชื่อว่าน้องชาย
25-25231-9.wav	น้องชายของนายประสบโชคนิ่มเรืองอดีตนายกอบต.บางสมบูรณ์
25-25232-15.wav	นางสาวทิพธิดาบอกว่าคนร้ายเนี่ยมากันนับสิบเลยนะ
25-25232-23.wav	แล้วนางไพรวัลย์เองเนี่ยก็ได้รับบาดเจ็บที่ท้ายทอยกับต้นคอถูกตีเนี่ยนะคะ
25-25233-10.wav	โดยยืนยันว่าไม่มีผู้ประกาศข่าวสาวเดินทางไปด้วย
25-25233-2.wav	เดินทางไปประชุมที่ฮาวาย
25-25233-53.wav	ที่คณะของพลเอกประวิตรเดินทางไปประชุม
25-25233-55.wav	โดยขอให้ตรวจสอบบุคคลที่ร่วมเดินทางไปด้วยว่าเป็นผู้ที่เกี่ยวข้องหรือไม่
25-25233-58.wav	แล้วก็จะตรวจสอบรายชื่อคณะที่เดินทางไปด้วย
25-25233-64.wav	เป็นผู้เลือกก่อนการเดินทางก็เพื่อให้การบริการผู้โดยสารบนเครื่องบิน
25-25234-24.wav	จะไม่ได้ร่วมเดินทางไปพร้อมกัน
25-25235-11.wav	และจะเดินทางไปพร้อมกับทีมในวันที่23พฤศจิกายนนี้ร่วมด้วยกับนักเตะจากชุดใหญ่4คน
25-25235-5.wav	เพื่อเดินทางต่อนะครับไปอย่างประเทศเวียดนาม
25-25236-15.wav	อำเภอบ้านบึงจังหวัดชลบุรีครับรีบไปช่วยเหลือเลยไปเจอคนเจ็บ2ราย
25-25236-26.wav	ท่านนี้เป็นสามีของนางสาวดวงตาที่นอนเจ็บเมื่อสักครู่
25-25236-27.wav	เล่าบอกว่าก่อนเกิดเหตุเนี่ยเพื่อนของนายวิชามาหาที่บ้าน
25-25236-51.wav	นายรุ่งอาทิตย์ก็ยังบอกอีกว่า
25-25238-1.wav	แล้วก็บางสมาคมเดินทางไปแล้วเพื่อเตรียมตัวล่วงหน้าครับ
25-25238-3.wav	เดินทางไปพบกับนายกสมาคมกีฬาฟุตบอลแห่งประเทศไทย
25-25238-6.wav	จะเดินทางไปแข่งขันวันที่14สิงหาคมนะครับ
25-25240-115.wav	ค่ะคุคุณอุทัยเอาอย่างนี้คือรอบนี้ที่เราอยู่บ้านที่อุบลแล้วต้องเดินทางไประยองเนี่ย
25-25240-244.wav	เขาไม่ได้ผิดนายอุทัยนี่ทำงานอยู่ที่นี่แหละ
25-25240-317.wav	คุณอุทัยก็ให้การแล้วก็ปรากฏว่าอัยที่จังหวัดระยองเนี่ย
25-25240-331.wav	เวลาจะกลับคำสั่งเนี่ยอัยจังหวัดเขากลับไม่ได้
25-25240-359.wav	อาอำเภอเขื่องในจังหวัดอุบล
25-25240-448.wav	เดินทางค่ารถค่าอะไรของเขาเราต้องรับผิดชอบเขาที่เขาไปด้วยนะ
25-25240-452.wav	ทีนี้คือทั้งเงินที่ใช้ประกันตัวนะคะเงินที่ใช้เดินทาง
25-25240-462.wav	กระทรวงยุติธรรมที่จังหวัดอุบลใช่ไหมฮะ
25-25240-503.wav	ทีนี้ไอ้ตัวเนี้ยที่ยุติธรรมจังหวัดเขาบอกมาเนี่ย
25-25240-50.wav	ที่เกิดเหตุเมื่อปี48นะคะอยู่ในจังหวัดระระยองนะคะ
25-25240-531.wav	ถ้าไม่รู้ยังไงก็ไปที่สำนักงานอัยการจังหวัดที่อุบลก็ได้
25-25240-532.wav	ให้อัยการจังหวัดอุบลน่ะโทรมาถามก็ได้
25-25240-533.wav	เราบริการให้ได้ตรงนี้จะได้ไม่ต้องเดินทาง
25-25240-534.wav	เสียค่าใช้จ่ายในการเดินทางทั้งหมดน่ะเยอะ
25-25240-53.wav	เราก็ขอตรวจสอบไปที่อัยจังหวัดทางอัยการอัยก็ให้ข้อมูลได้บางส่วน
25-25240-550.wav	แต่คำถามที่น่าสนใจที่สุดว่าแล้วทำไมนายปิงมีสาเหตุอะไร
25-25240-55.wav	ไม่อยู่ที่ระดับอัยจังหวัดแล้ว
25-25240-653.wav	อาจารย์เขาได้คุยกับทางอัยจังหวัด
25-25240-71.wav	คนที่บอกว่าเสียค่าใช้จ่ายเดินทาง
25-25240-88.wav	ไปร้องทุกข์กับอัยการจังหวัดที่ระยองใช่ไหมคะ
25-25240-91.wav	แล้วได้พบอัยจังหวัดไหมคะคุณอุทัย
25-25241-26.wav	นางรัชตะเปิดเผยว่าพาลูกชายไปเข้าเรียนที่โรงเรียนแห่งนี้
25-25241-52.wav	นางรัชตะได้พาลูกชายไปลงบันทึกประจำวัน
25-25243-12.wav	ครับเหตุการณ์เกิดขึ้นที่บ้านเลยนะคะอำเภอบ้านไผ่จังหวัดขอนแก่นเช้ามืด15ธันวาคม
25-25245-9.wav	แล้วก็รีสอร์ทของตัวเองที่จังหวัดมหาสารคามด้วย
25-25246-12.wav	ไปเจอศพของลูกชายคุณป้าอายุ51ปีชื่อว่านายศิริริอรุณ
25-25247-22.wav	ผู้หญิงคนหนึ่งค่ะที่จังหวัดภูเก็ตนะคะ
25-25248-18.wav	โหคือโผล่มาได้ยังไงนี่นางมาโชว์ความฟิตนะคะ
25-25249-12.wav	หลังจากเสร็จงานแล้วก็กราบลาเพื่อจะเดินทางกลับจังหวัดลำพูน
25-25249-17.wav	แล้วก็แกะฝ้ายที่ข้อมือซ้ายออกไปผูกให้กับหลานอาแล้วก็นั่งรถเดินทางกลับ
25-25249-18.wav	พอไปถึงเขตอำเภอดอยสะเก็ดจังหวัดเชียงใหม่
25-25249-57.wav	เดินทางมาหาแล้วเอาของขลังของพระครูบาบุญชุ่มมาให้อาเพราะว่าเธอเป็นหลานนะครับ
25-25250-14.wav	นะครับนี่แหละครับหน่วยกู้ภัย2เมืองอำเภอประโคนชัยจังหวัดบุรีรัมย์
25-25250-19.wav	โดยนางขวัญใจภรรยาของผู้เสียชีวิตได้เปิดเผยไทม์ไลน์ของสามีนะครับ
25-25250-21.wav	แล้วก็เดินทางกลับบ้านที่ตำบลปังกูที่อำเภอประโคนชัยจังหวัดบุรีรัมย์
25-25250-44.wav	ล่าสุดนะฮะมีผลตรวจเชื้อโควิด19ของนางขวัญใจภรรยาของผู้ตาย
25-25250-55.wav	เนี่ยนะคะผู้ว่าราชการจังหวัดบุรีรัมย์ก็เลยสั่งปิดหมู่บ้านโคกสะอาด
25-25251-13.wav	ตำรวจไซเบอร์ก็เอาหมายศาลสมุทรปราการเนี่ย
25-25252-109.wav	แล้วก็จังหวัดอื่นๆมานานแล้วส่วนที่จังหวัดเลยเนี่ย
25-25252-131.wav	เอ้าส่วนอีกที่นึงครับที่จังหวัดกาฬสินธุ์โอ้โหฝนตกลงมาแบบนี้
25-25252-152.wav	พาเราไปเที่ยวงานบุญบั้งไฟอำเภอพนมไพรจังหวัดร้อยเอ็ดมาแล้ว
25-25252-15.wav	ไปกันที่จังหวัดสุราษฎร์ธานีครับ
25-25252-218.wav	เขาบอกว่าถ้ามาถึงพนมไพรจังหวัดร้อยเอ็ดนะครับ
25-25252-21.wav	พื้นที่หมู่1ตำบลเขาหัวควายอำเภอพุนพินจังหวัดสุราษฎร์ธานี
25-25252-79.wav	แต่ว่าร้านที่เราจะพาไปร้านนี้อยู่ในจังหวัดเลยค่ะ
25-25252-92.wav	แล้วก็เป็นเจ้าแรกของจังหวัดเลยด้วยหื้ม
25-25253-12.wav	ประจำปี2559นะครับซึ่งมีการฝึกอบรมที่ค่ายนเรศวรจังหวัดเพชรบุรี
25-25254-15.wav	ซีฟู้ดแห่งหนึ่งในอำเภอเมืองจังหวัดบุรีรัมย์ค่ะตั้งแต่วันที่31สิงหาคมช่วง21:00น.นั่นแหละค่ะ
25-25256-16.wav	ผู้กำกับการสภ.ช้างกลางอำเภออ่าจังหวัดนครศรีธรรมราชนะครับ
25-25256-2.wav	ชาวบ้านในตำบลช้างกลางอำเภอช้างกลางจังหวัดนครศรีธรรมราชนะครับ
25-25258-24.wav	พอเจอลมก็เลยมีโอกาสเกิดฝนแถบจังหวัดไหนบ้างนะคะ
25-25258-27.wav	ส่วนภาคกลางจะอยู่ตอนล่างของภาคภาคตะวันออกก็แทบจะทุกจังหวัดเลยนะคะ
25-25258-28.wav	ส่วนภาคใต้นั้นยังคงมีฝนบริเวณจังหวัดเพชรบุรีประจวบคีรีขันธ์ชุมพร
25-25258-29.wav	ส่วนฝั่งอันดามันแถบจังหวัดตรังและสตูลนะคะ
25-25259-0.wav	มีวัดมาแนะนำฮะที่จังหวัดอ่างทองครับ
25-25259-15.wav	พระเกจิชื่อดังในจังหวัดนครปฐมค่ะ
25-25259-35.wav	อำเภอวิเศษชัยชาญจังหวัดอ่างทอง
25-25260-26.wav	อีก3-4-4วันถึงจะเดินทางกลับมาบ้าน
25-25262-0.wav	ทางหน่วยคอมมานโดกองปราบปรามถึงกว่าร้อยนายค่ะ
25-25263-14.wav	เหตุการณ์เกิดขึ้นแยกหนองเบนที่เทศบาลตำบลหนองเบนอำเภอเมืองจังหวัดนครสวรรค์
25-25265-10.wav	มันไปนอนขดอยู่บนหลังคาตรงคานในห้องครัวค่ะของนายสุรินทร์วงชูอายุ39ปี
25-25265-11.wav	บ้านเขาเนี่ยเป็นบ้านทาวน์เฮ้าส์2ชั้นอยู่ในอำเภอเมืองจังหวัดสระบุรี
25-25265-25.wav	เอาไปปล่อยคืนสู่ธรรมชาตินายสุรินทร์บอกว่าก็ค่ำเมื่อวานเนี้ย
25-25265-30.wav	ยังมีอีก1พื้นที่นะคะที่ตำบลนาทวีอำเภอนาทวีจังหวัดสงขลา
25-25265-5.wav	ไปดูกันหน่อยมีงูตัวนึงค่ะมันเลื้อยเข้าไปขดอยู่ในครัวของชาวบ้านในจังหวัดสระบุรี
25-25266-11.wav	นี่แหละนายพัฒนาพันธ์ุศรีนวลหรือว่าแดงอายุ36ปีค่ะ
25-25266-29.wav	ก็ได้นำกำลังพร้อมกับหมายศาลศาลตรวจค้นที่บ้านของนางสาว
25-25266-31.wav	อยู่ในตำบลเหมืองแก้วอำเภอแม่ริมจังหวัดเชียงใหม่นะคะ
25-25266-58.wav	หลังจากนั้นก็เดินทางโดยสายการบินไปยังประเทศที่
25-25268-4.wav	เป็นหนึ่งเดียวในจังหวัดพะเยาที่เขาร่ำลือกันเลย
25-25274-0.wav	คุณผู้ชมคะใครที่เคยไปบางกระเจ้าที่พระประแดงจังหวัดสมุทรปราการ
25-25274-7.wav	กู้ภัยนะคะลงพื้นที่ไปช่วยเหลือผู้ตายก็คือนางสาว
25-25274-9.wav	หมู่6ตำบลบางกระเจ้าอำเภอพระประแดงจังหวัดสมุทรปราการค่ะ
25-25275-0.wav	พาคุณผู้ชมไปที่จังหวัดจันทบุรีนะคะตำรวจไปล้อมจับเสือหยิ่งค่ะ
25-25275-11.wav	จับที่บ้านพักริมถนนสุขุมวิทอำเภอขลุงจังหวัดจันทบุรี
25-25275-9.wav	จับกุมนายสาครสราภิรมย์หรือเสือหยิ่งนะคะ
25-25279-21.wav	ระหว่างเธอนั่งรถตู้ออกจากบ้านในอำเภอบางมูลนากจังหวัดพิจิตร
25-25279-27.wav	ตั้งแต่ต้นทางคืออำเภอบางมูลนากจังหวัดพิจิตร
25-25281-30.wav	นี่ไงนางแบบนายแบบมากันเรียบร้อยมากันเพียบพร้อม
25-25282-96.wav	ทนายนกเขาบอกว่าอย่าเพิ่งสิ้นหวังคนไทยครับ
25-25284-10.wav	บ้านพักแห่งนี้อยู่ในซอยอนามัยหนองตาอุ่นที่อำเภอบางละมุงจังหวัดชลบุรี
25-25287-25.wav	ก็เดินทางมายังไทยโดยจะประเดิมเกมแรกของฟุตซอลชิงแชมป์อาเซียนในกลุ่มบี
25-25289-3.wav	คนคนร้ายเมายาบ้าคุณผู้ชมคะขโมยรถบรรทุกแล้วขับหนีข้ามจังหวัด
25-25293-22.wav	อำเภอปากเกร็ดจังหวัดนนทบุรีครับ
25-25294-21.wav	ไปให้กับผู้อำนวยการโรงเรียนชุมแพศึกษาจังหวัดขอนแก่น
25-25294-34.wav	ก็คือนางสุภาพดีบุญมีณชุมแพรอายุ40ปี
25-25296-102.wav	ดูสิแล้วนายอนุชาก็เดินย้อนมาที่สนามกีฬากลางหมู่บ้าน
25-25296-105.wav	นายอนุชาไม่พูดไม่จาอะไรเลยมาถึงไล่ยิงอย่างเดียวค่ะ
25-25296-107.wav	อีกทางนึงก็แจ้งตำรวจตำรวจมาถึงก็ไปพาแม่นายอนุชามา
25-25296-12.wav	ตำบลท่าก๊ออำเภอแม่สวยจังหวัดเชียงราย
25-25296-148.wav	ภรรยาของนายจรานะฮะซึ่งเป็นหนึ่งในผู้เสียชีวิตนะครับ
25-25296-152.wav	กลับบ้านก็เดินไปเจอนายอนุชาพอดี
25-25296-26.wav	กระสุนนี้เข้าก้นกบข้างซ้ายอืมนางนาโบนี่กระสุนเข้าเอวเข้าน่อง
25-25296-27.wav	สะโพกด้านซ้ายกระสุนฝังในเสียชีวิตเหมือนกันแล้วก็นายจรา
25-25296-2.wav	จังหวัดเชียงรายถือปืนกราดยิงคนในหมู่บ้าน
25-25296-30.wav	คุณผู้ชมครับณขณะนี้มีคนเจ็บ4คนนางสาวจีรดา
25-25296-34.wav	หลังจากนายอนุชายิงชาวบ้านในหมู่บ้านแล้วเนี่ยนะครับสภ.แม่สวยที่
25-25296-46.wav	นายอนุชาเนี่ยนะเดินถือปืนลูกซองยาวมามาถึงเนี่ย
25-25296-99.wav	จากนั้นนายอนุชายังไม่หยุดนะครับเดินยิงปืนขึ้นฟ้าไปเรื่อยๆ
25-25299-46.wav	เป็นตำรวจยศสิบตำรวจโทอายุ29ปีเป็นตำรวจตชด.ในพื้นที่3จังหวัดชายแดนภาคใต้
25-25299-69.wav	แล้วก็ทำให้เสียทรัพย์ด้วยตอนนี้คุมตัวฝากขังศาลอุบลราชธานีแล้วค่ะ
25-25303-43.wav	แต่ชีวิตของนางผิดกติกาทุกอย่าง
25-25303-44.wav	นางตัดอ้อยค่ะขุดดินค่ะเป็นสาวโรงงานค่ะรับจ้างถางหญ้า
25-25305-2.wav	และคุณผู้ชมครับเป็นภาพเหตุการณ์ตอนที่ทางนายอ้นนะครับคุณอ้นเนี่ยอายุ17นะครับเป็นผู้เสียหายโดนยกพวกมารุมทำร้ายหน้าบ้านพักครับเพราะว่า
25-25310-27.wav	ค่ายสมเด็จพระนเรศวรมหาราชจังหวัดพิษณุโลกค่ะ
25-25310-28.wav	ทีมข่าวของเราเดินทางไปพบเลยอะนะคะ
25-25310-5.wav	มีทหารนายนึงนะคะเขาโพสต์ถามผ่านเฟซบุ๊คส่วนตัวของเขา
25-25311-162.wav	รวมทั้งนายตำรวจชั้นผู้ใหญ่ที่เข้าไปเกี่ยวข้องกับคดี
25-25315-152.wav	แล้วก็ดูแล้วก็หิวอยากให้มาขายที่จังหวัดอุบลบ้าง
25-25315-153.wav	โอ้โหอยากจะให้ขายทั่วจังหวัดเลยนะ
25-25315-2.wav	โหจานยักษ์เลยคุณผู้ชมครับไปดูกันหน่อยที่จังหวัดชลบุรี
25-25315-4.wav	ใหญ่จริงๆครับร้านอาหารกระเพราถาดยักษ์ร้านนี้อยู่ที่อำเภอศรีราชาจังหวัดชลบุรี
25-25315-64.wav	ส่วนจังหวัดสุรินทร์ค่ะพาไปชิมข้าวหมากสมุนไพร
25-25315-85.wav	ส่วนที่จังหวัดพังงาก็มีขนมอาโป้ง
25-25316-13.wav	อำเภอเมืองจังหวัดพิษณุโลกนะครับ
25-25316-34.wav	นางมะลิแก้วเชียงใหม่เป็นชาวบ้านหมู่8ตำบลบึงพระ
25-25316-4.wav	ที่จังหวัดพิษณุโลกบ้านผมจ้า
25-25320-26.wav	จังหวัดนครราชสีมาครับ
25-25321-75.wav	ครับลูกบอกว่าพ่อช่วยนายด้วย
25-25322-11.wav	เจ้าหน้าที่ฝ่ายปกครองอำเภอแม่สอดจังหวัดตากค่ะ
25-25325-11.wav	ภายใน1ชั่วโมงนี้จะมีฝนตกที่จังหวัดไหนบ้างเดี๋ยวเรามาดูกันนะครับ
25-25325-14.wav	โดยเฉพาะในบริเวณจังหวัดตากสุโขทัยกำแพงเพชรพิจิตรพิษณุโลก
25-25325-15.wav	รวมไปถึงในบริเวณจังหวัดเพชรบูรณ์
25-25325-16.wav	ส่วนในบริเวณพื้นที่ภาคอีสานั้นกลุ่มฝนส่วนใหญ่กระจายตัวในบริเวณจังหวัดบึงกาฬ
25-25325-18.wav	นครราชสีมารวมไปถึงในบริเวณจังหวัดชัยภูมิ
25-25325-20.wav	รวมไปถึงในบริเวณจังหวัดอุทัยธานีกาญจนบุรีภาคตะวันออกบริเวณจังหวัดตราดจังหวัดจันทบุรีนะครับ
25-25325-61.wav	แถวๆบริเวณจังหวัดนนทบุรีปทุมธานี
25-25325-48.wav	แถวๆบริเวณจังหวัดกาญจนบุรีจังหวัดราชบุรี
25-25325-68.wav	ไปแถวๆบริเวณจังหวัดขอนแก่นอุบลราชธานีหนองคาย
25-25325-69.wav	ภาคเหนือแถวๆบริเวณจังหวัดน่านจังหวัดพะเยา
25-25325-80.wav	ในฝั่งอันดามันแถวๆบริเวณจังหวัดกระบี่
25-25326-11.wav	เดินทางไปด้วยรถตุ๊กตุ๊กไฟฟ้าแบบนี้นะ
25-25327-33.wav	เป็นชาวจังหวัดสกลนครอาชีพเนี่ยช่างเชื่อมค่ะครับ
25-25327-34.wav	เขาเดินทางมาจากย่านรามอินทรากิโลเมตรที่11
25-25334-14.wav	ที่ติดอยู่ภายในถ้ำหลวงขุนน้ำนางนอนจังหวัดเชียงราย
25-25334-73.wav	ขณะนี้หน่วยซีลมีเจ้าหน้าที่ปฏิบัติหน้าที่ทั้งหมด42นาย
25-25356-210.wav	ก็จะมีการประชุมครม.นางเขาบอกเนี่ยท่านรองท่านรองประวิตรวิตร
25-25356-583.wav	แล้วการที่นายอัจฉริยะมายืนยันว่าเป็นฆาตกรรม
25-25356-675.wav	ทางสำนักงานจังหวัดชัยภูมิก็จะร่วมกับทางอบต.ดงกลาง
25-25357-0.wav	คุณผู้ชมครับไปดูเหตุการณ์นี้นะฮะที่จังหวัดนครศรีธรรมราชนะ
25-25357-23.wav	นายจ้างของนายนิพนธ์กับผู้ตายนั้นก็มีปัญหาขัดแย้งเรื่องเงินกู้นอกระบบและธุรกิจมืดฮะ
25-25357-24.wav	ก็เลยว่าจ้างนายนิพนธ์มือปืนคนนี้แหละ2แสนพร้อมทีมงาน3คน
25-25357-27.wav	1ในนั้นที่ยังจับไม่ได้คือนายนิพนธ์หลังจากนั้นก็เลยต้องส่งไปที่สภ.สะเดา
25-25360-6.wav	ว่ากันว่าร้านนี้อยู่ที่บ้านร่องหวายตำบลดงมหาวันอำเภอเวียงเชียงรุ้งจังหวัดเชียงราย
25-25360-9.wav	เห็นไหมนั่งกันโอ้โหแทบทุกโต๊ะเลยทีเดียวแล้วส่วนใหญ่ก็เป็นลูกค้าที่เดินทางมาจากตัวเมืองเชียงราย
25-25362-1.wav	เป็นเพจปฏิบัติการหมาเฝ้าบ้านนะคะที่เอาภาพเอารายละเอียดเรื่องนี้เนี่ยมาโพสต์นะคะเป็นเหตุการณ์ในโรงเรียนขยายโอกาสแห่งนึงที่เกาะสมุยจังหวัดสุราษฎร์ธานีซึ่งในโลกออนไลน์ก็พูดเป็นเสียงเดียวกันว่านี่คืออาหารเด็กแต่ทำไมมันน้อยมากเลยอ่ะดูแล้วไม่น่าจะอิ่มครับแล้วก็วิพากษ์วิจารณ์กันไปนะคะทีมข่าวของเราวันเนี้ยไปที่โรงเรียนที่เกิดเหตุค่ะ
25-25363-14.wav	จุดเนี้ยเป็น4แยกตำรวจภูธรจังหวัดสมุทรสงคราม
25-25363-26.wav	ในพื้นที่จังหวัดสมุทรสงครามนี่แหละครับ
25-25365-0.wav	ไปดูเหตุการณ์ที่จังหวัดปทุมธานีกันหน่อยนะ
25-25368-16.wav	อยู่แถวๆอำเภอเมืองจังหวัดปทุมธานีตรงนี้แหละค่ะทางด้านของผู้จัดการร้านซ่อมรถจักรยานยนต์
25-25369-50.wav	ส่วนนายธงนะครับเจ้าหน้าที่บอกโอ้โหดูลักษณะการพูดการจาแล้วเนี่ย
25-25369-59.wav	ตามที่ถูกกล่าวหาช่วงที่มาอยู่กินกับนายธง
25-25369-60.wav	ก็มีนายธงคนเดียวนายธงชัยธง
25-25369-63.wav	วันเกิดเหตุนายธงชัยอยู่ดีๆโทรศัพท์มาบอกแม่ของผู้ตาย
25-25369-67.wav	แต่หลานสาวก็ไม่ฟังไม่ยอมเลิกกับนายธง
25-25369-8.wav	อยู่ที่บ้านดอนแคตำบลขามใหญ่อำเภอเมืองจังหวัดอุบลราชธานี
25-25371-27.wav	ไปดูตัวเล็กจิ๋วกันบ้างไหมคุณที่จังหวัดตรัง
25-25371-3.wav	พื้นที่แรกไปที่จังหวัดตรังนะครับไปเจอลูกงูเห่า
25-25372-53.wav	ทนายรณณรงค์บอกว่าเพื่อนๆทนายผมซื้อประกันอันนี้กันเพียบเลยอือ
25-25373-13.wav	จากนักเสี่ยงโชคนะครับในตำบลน้ำเที่ยงอำเภอคำชะอีจังหวัดมุกดาหารครับ
25-25373-43.wav	ที่ตั้งร้านขายยาในอำเภอคำชะอีจังหวัดมุกดาหารนี่แหละ
25-25380-22.wav	ถือว่าเป็นพืชเศรษฐกิจของอำเภอภูเรือจังหวัดเลยกันด้วยนะคะ
25-25380-4.wav	ช่วงนี้ปลายปีแล้วหลายๆคนมักจะเลือกใช้เวลานี้ไปท่องเที่ยวกันแน่นอนค่ะ
25-25380-5.wav	ภาคเหนือภาคตะวันออกเฉียงเหนือเป็นช่วงเวลาที่ดีนะคะที่จะได้ไปท่องเที่ยวกันมีดอกไม้สวยๆอากาศก็ดี
25-25381-0.wav	อันนี้ที่จังหวัดสุรินทร์ก็ยังจับคนร้ายไม่ได้นะคะ
25-25381-14.wav	เพิ่งเจอดูแต่ข่าวในทีวีทุกช่องเห็นแต่จังหวัดอื่นๆ
25-25381-7.wav	ถูกฆ่าปาดคอนะคะเสียชีวิตอยู่ในกระท่อมสวนเกษตรพอเพียงอยู่หลังบ้านน่ะคะในพื้นที่บ้านโคกปันโรอำเภอลำดวนจังหวัดสุรินทร์
25-25382-103.wav	ได้เดินทางไปที่มูลนิธิปวีณาพงศกุลเพื่อเด็กและสตรีนะครับ
25-25382-105.wav	ที่ใส่ในวันเกิดเหตุไปให้กับนางปวีณา
25-25382-43.wav	ส่งน้ำหวานขึ้นรถที่เบาะหลังของรถนายเอ็ม
25-25382-4.wav	ตอนกลับเนี่ยเพื่อนส่งขึ้นรถนายเอ็ม
25-25382-5.wav	เดี๋ยวจะไปรับข้างในอีกคนนึงอืมนายเอ็มขับไปเลยค่ะ
25-25382-85.wav	กับผู้ต้องหาก็คือนายเอ็มได้อีก
25-25385-101.wav	ก็ไม่เป็นไรถ้าสมมุติจังหวัดอื่นยังไม่พร้อม
25-25385-26.wav	ขณะนี้ประเทศไทยมีการติดเชื้อโควิด19รอบใหม่กระจายอยู่56จังหวัด
25-25385-27.wav	เมื่อวานนี้จนถึงวันนี้ตัวเลขจังหวัดยังไม่เพิ่มขึ้นนะคะ
25-25385-28.wav	ยังคงอยู่ที่56จังหวัด
25-25385-90.wav	เพื่อรองรับคนจากจังหวัดสมุทรสาคร
25-25387-17.wav	จังหวัดตราดและจันทบุรีอย่างภาพที่เห็นอยู่นี้นะคะ
25-25387-20.wav	ผ่านค่ำคืนไปถึงวันที่2มีนาคมเริ่มตกเยอะขึ้นในแถบจังหวัดภาคอีสานตอนล่างนะคะ
25-25387-21.wav	รวมไปถึงภาคตะวันออกแถบจังหวัดระยองชลบุรีมีกรุงเทพมหานครประปรายเล็กน้อย
25-25387-25.wav	เช่นกรุงเทพมหานครรวมถึงปริมณฑลภาคตะวันออกแทบทุกจังหวัด
25-25387-38.wav	ที่บ้านผาสุกตำบลภูฟ้าอำเภอบ่อเกลือจังหวัดน่าน
25-25387-46.wav	ก็คือฝูงโลมาที่เกาะเต่าจังหวัดสุราษฎร์ธานีค่ะ
25-25387-50.wav	ตีคู่กับเรือท่องเที่ยวสนุกสนานเพลิดเพลินนะคะ
25-25388-12.wav	เอาจริงๆเท่าที่คบมาเนี่ยถามน้องนายนะเดทไหนที่แบบประทับใจมากที่สุด
25-25388-14.wav	กรี๊ดแน่นอนอ๊ะจะเป็นเดทไหนไปฟังน้องนายหน่อยค่ะ
25-25388-1.wav	หนุ่มนายณภัทรภัทรแล้วก็น้องใบเฟิร์น
25-25392-2.wav	ปักหมุดกันเลยเปิดประตูสู่แดนใต้ที่นี่จังหวัดชุมพร
25-25392-61.wav	อำเภอสะพลีจังหวัดชุมพร
25-25393-153.wav	สามีกับญาติคนนึงชื่อนายปัญญาเนี่ย
25-25393-336.wav	คุณผู้ชมฮะไปที่จังหวัดลพบุรีค่ะ
25-25393-424.wav	เออเอ้าแต่ต้องบอกแบบนี้ผมก็เคยผ่านไปที่จังหวัดลพบุรีค่ะ
25-25393-449.wav	ฟังนิดนึงแล้วกันเหตุการณ์นี้เกิดขึ้นที่จังหวัดสมุทรปราการนะครับ
25-25393-463.wav	แต่ว่าอาจจะด้วยการเดินทางหรือยังไงอะ
25-25393-502.wav	เป็นลมล้มหน้าเซเว่นอำเภอเขาชัยสนจังหวัดพัทลุง
25-25395-11.wav	บริเวณที่จังหวัดปราจีนบุรีค่ะ
25-25395-17.wav	ตำบลบุพราหมณ์อำเภอนาดีจังหวัดปราจีนบุรีนะครับ
25-25395-41.wav	จากการสอบถามนายไกรรัตน์บุญทองแพง
25-25395-54.wav	จากการสอบสวนเบื้องต้นทราบว่าทั้งหมดได้เดินทางจากโรงเรียน
25-25395-58.wav	ทำให้ไม่สามารถเดินทางต่อไปได้
25-25395-59.wav	เจ้าของรถบัสบัสติดต่อนายประจวบโชคบัณฑิตอายุ53ปี
25-25395-65.wav	ทำให้นายประจวบคนขับรถเนี่ยหักหลบ
25-25395-67.wav	นายประจวบคนขับตกใจจึงหักหลบ
25-25395-70.wav	นะครับโดยนายประจวบเนี่ยบอกว่าตอนถึงจุดเกิดเหตุนะ
25-25396-360.wav	เอาล่ะเด็กๆน้อยทั้ง2ทีมของเราจากจังหวัดสงขลาและเพชรบุรีนะครับ
25-25397-133.wav	อยู่กับครอบครัวที่อำเภอเขาพนมจังหวัดกระบี่นะครับนานๆจะมาหาแม่ทีนึง
25-25397-143.wav	เราได้คุยกับนายยงยุทธนะครับเขาบอกว่าตัวเขาเนี่ยเคยไปอยู่บ้านของคุณยายวันดี
25-25397-142.wav	นี่คือนายยงยุทธนะฮะหรือว่านายหัวแดงอาอีกคนนึงชื่อนายเอกนะครับ
25-25397-141.wav	2คนนะครับคือนายยงยุทธเอียดตลอดอายุ47ปีหรือว่านายหัวแดง
25-25397-146.wav	เมื่อคืนนี้นายยงยุทธยุทธบอกว่าตัวเองเนี่ยนอนอยู่ที่บ้านไม่ได้ออกไปไหนเลย
25-25397-179.wav	ตำรวจนำกำลังไปตรวจค้นบ้านของนายเอกนะครับ
25-25397-188.wav	ที่บ้านของนายเอกอื้อนะครับ
25-25397-190.wav	แล้วมีความเคลื่อนไหวของนายเอกคือขี่จักรยานยนต์ออกจากบ้าน
25-25397-194.wav	ถามว่านายเอกไปไหนที่ขี่จักรยานยนต์
25-25397-203.wav	พ่อกับแม่ของนายเอกมาสอบปากคำด้วยนะครับพ่อยืนยันว่าเมื่อ
25-25398-242.wav	ดำเนินคดีค่ะกับนายน้อยต่อค่ะก็ดำเนินคดีต่อจนไปถึงชั้นอัย
25-25398-248.wav	นายเอกที่ฆ่าเจอในวันที่เกิดเหตุนั้นฆ่าจำได้ไม่มีฟัน
25-25398-30.wav	เรื่องก็เลยมาถึงมือของประธานสมาพันธ์ทนายความแห่งประเทศไทยนะคะ
25-25399-10.wav	คือเรื่องราวนี้นะคะคนที่เปิดเผยเรื่องราวแล้วเล่าแบบนี้ก็คือนางพวงสายทอง
25-25399-11.wav	คนเป็นแม่นี่แหละเขาบอกเขาอยู่ที่ตำบลปรืออำเภอปราสาทจังหวัดสุรินทร์ค่ะ
25-25399-14.wav	เป็นชายชาวจังหวัดพัทลุงก็คือพ่อของลูกเธอนี่แหละค่ะ
25-25399-16.wav	ก็เลิกราหย่าร้างกันไปเธอเองก็หนีกลับบ้านไปที่อำเภอบ้านดุงจังหวัดอุดรธานี
25-25399-18.wav	ก็เลยมีสามีใหม่แล้วก็ย้ายถิ่นฐานไปอยู่ที่จังหวัดสุรินทร์แทน
25-25399-28.wav	แต่หลายปีก่อนเขาบอกมีหมอดูใบไม้มาทำนายชะตาชีวิตให้เธอว่า
25-25399-29.wav	นี่นางพวงเดี๋ยวพอเธออายุเข้า50เมื่อไหร่นะ
25-25399-31.wav	จากนั้นชีวิตเธอจะสุขสบายตอนนั้นนางพวงฟังแบบนั้นเธอบอก
25-25399-44.wav	ตัวเองก็ทำทุกวิถีทางตัดสินใจย้ายมาที่จังหวัดสุรินทร์ค่ะ
25-25401-11.wav	เหตุการณ์นี้เกิดขึ้นที่จังหวัดเชียงใหม่ครับ
25-25403-53.wav	ต้องติดตั้งเครื่องบันทึกข้อมูลการเดินทางของรถยนต์
25-25404-106.wav	เพราะจริงๆแล้วคนที่นายโนควรขอโทษมากที่สุดเนี่ย
25-25404-107.wav	ไม่ใช่ตัวเธอไม่ใช่ผู้ตายแต่คือพ่อของนายโนนั่นแหละ
25-25404-108.wav	โดยหลังทำแผนเนี่ยนะคะพนักงานสอบสวนก็คุมตัวนายโน
25-25404-116.wav	นายโนผู้ต้องหาขี่จักรยานยนต์ออกจากบ้านที่เกิดเหตุ
25-25404-137.wav	แล้วก็ผิดหวังตัวนายโนด้วย
25-25404-16.wav	หรือว่านายโนวัย37ปี
25-25404-21.wav	นายโนเนี่ยอยู่ในสภาพที่ค่อนข้างเคร่งเครียดอย่างเห็นได้ชัดแล้วก็อ่อนเพลีย
25-25404-45.wav	นี่ค่ะหลังจากนั้นเนี่ยตำรวจก็คุมตัวนายโน
25-25404-5.wav	หลังจากที่ตำรวจเนี่ยคุมตัวนายโนผู้ต้องหาฆ่าชิงทรัพย์
25-25404-69.wav	แฟนของผู้ตายก็ได้มาคุยกับนายโนด้วยเพราะว่าเอาจริงๆคือ
25-25404-86.wav	รองจากลูกของผู้ตายเลยนะคะก็ยังปลอบใจนายโนไปด้วยอ่ะ
25-25404-87.wav	ครับให้กำลังใจนายโนให้ผ่านไปได้ด้วยเพราะว่าเป็นคนรู้จักมักคุ้นกัน
25-25404-88.wav	เคยช่วยเหลือกันมาก่อนและที่สำคัญกอดนายโนด้วยนะคะ
25-25404-93.wav	อื้มเขามีภาพจากกล้องวงจรปิดค่ะบอกว่าอยากฝากบอกไปถึงนายโน
25-25410-43.wav	นายกอบต.นาสะเม็งเนี่ยออกมาชี้แจงเลยบอกว่าไม่ใช่ไม่มีน้ำ
25-25411-9.wav	ที่สถานีตำรวจภูธรจังหวัดภูเก็ตและข้อความเพียงสั้นๆว่า
25-25412-20.wav	น้องอายุ12ปีน้องถูกนายบินเดี่ยวใจเย็น
25-25412-27.wav	ในตำบลผ่าตั้งอำเภอสังคมจังหวัดหนองคาย
25-25412-31.wav	แล้วก็ถูกนายบินเดี่ยวตามกลับมา
25-25413-3.wav	ไปที่ร้านนี้ร้านนายหัวก๋วยเตี๋ยวเรือนะคะตั้งอยู่ที่ตำบลอ่าวนางอำเภอเมืองจังหวัดกระบี่ฮะ
25-25415-8.wav	บางสัปดาห์ถึง4วันก็จะลงไปเยี่ยมในสนามจังหวัดนู้นนี้ทั่วประเทศแล้วแต่เรื่องน้ำเรื่องสหกรเรื่องปฏิรูปที่ดิน
25-25416-251.wav	อำเภอหัวหินจังหวัดประจวบประจวบคีรีขันธ์เนี่ย
25-25416-75.wav	จังหวัดที่จะโดนหนักๆหรือว่าจะโดนฝนแน่ๆ
25-25417-7.wav	ร้านนี้อยู่ในซอยเล็กๆริมแม่น้ำปิงที่จังหวัดนครสวรรค์
25-25418-1.wav	ซึ่งถูกพบเป็นศพอยู่บริเวณริมถนนพื้นที่จังหวัดร้อยเอ็ด
25-25418-26.wav	นายสุริยาผู้เป็นพ่อเคยมาร้องขอให้ตำรวจกองปราบปรามมากรุงเทพฯเลยนะ
25-25418-31.wav	เดินทางมาขอความเป็นธรรมต่อรองผู้บัญชาการตำรวจแห่งชาตินะคะ
25-25419-106.wav	ฉันถามเผื่อถ้ามันเดินทางไปถึงจุดที่วัตถุดิบในการผลิต
25-25419-108.wav	แต่ถ้ามันเดินทางไปถึงวันที่วัตถุดิบ
25-25420-0.wav	กลับเข้าสู่รายการเกมต่อชีวิตครับคุณผู้ชมครับและวินาทีต่อไปนี้นะครับเป็นวินาทีที่สำคัญที่ครอบครัวของป้าต้อยจากจังหวัดนครปฐมจะมากู้วิกฤตหาทุนต่อชีวิตด้วยการตอบคำถามให้ถูกต้อง4ข้อเพื่อชิงทุนต่อชีวิตสูงสุด1ล้านบาท
25-25420-108.wav	ครอบครัวของป้าต้อยจากจังหวัดนครปฐมนะครับ
25-25420-52.wav	ก็เกิดที่จังหวัดอะไรครับต้องตอบว่าเกิดที่กรุงเทพฯเติบโตที่นครปฐมดีกว่าครับ
25-25421-12.wav	อยากจะซื้อที่เดินทางสะดวกหน่อยเหมือนกัน
25-25421-324.wav	ใช้เวลามาเดินทางมา6เดือนบ้าง
25-25421-380.wav	จังหวัดสมุทรปราการค่ะแต่มาทำงานในกรุงเทพฯอือ
25-25421-381.wav	ให้ไปแจ้งที่สำนักงานจัดหางานจังหวัด
25-25425-13.wav	ในซอยวาสนาหมู่3ตำบลปากแพรกอำเภอเมืองจังหวัดกาญจนบุรี
25-25425-19.wav	จังหวัดราชบุรีซึ่งตกเป็นผู้ต้องหาจ้างวานเนี่ยนะคะตำรวจเตรียมจะนำตัวไปฝากขัง
25-25425-43.wav	คบหากันมีเสี่ยเลี้ยงดูเป็นถึงนายตำรวจ
25-25425-6.wav	ผู้ต้องหาตามหมายจับศาลตลิ่งชัน
25-25426-4.wav	ตำบลลำผักกูดอำเภอธัญบุรีจังหวัดปทุมธานี
25-25427-34.wav	อำเภอตะโหมดจังหวัดพัทลุง
25-25427-37.wav	อำเภอตะโหมดจังหวัดพัทลุงนะครับนี่เจ้าหน้าที่ก็ต้องอ่า
25-25428-0.wav	มาดูอีก1เรื่องนี้นะคะเป็นเหตุการณ์เกี่ยวกับเด็กม.2ในจังหวัดสุรินทร์ค่ะถูกเพื่อนท้าต่อย
25-25430-27.wav	เจอพ่อเฒ่าเจอพ่ออุ๊ยนายตื้อแล้ว
25-25432-1.wav	บนพื้นที่เกาะสีชังจังหวัดชลบุรี
25-25432-18.wav	อำเภอเกาะสีชังจังหวัดชลบุรีนะฮะซึ่งผู้ต้องหาที่ถูกจับกุมตัวได้นะครับ
25-25432-2.wav	เป็นพื้นที่ท่องเที่ยวแห่งหนึ่ง
25-25432-77.wav	เพราะกลัวว่านางมิเรียมจะไปแจ้งความดำเนินคดี
25-25433-2.wav	กู้ภัยฮุก31ที่จุดโนนสูงจังหวัดนครราชสีมาค่ะ
25-25434-195.wav	คนซ้อนท้ายที่ใช้ปืนลูกซองยิงนายเติ้ลที่บริเวณลานจอด
25-25434-197.wav	จนนายเติ้ลเสียชีวิตเอามาทำแผนประกอบคำรับสารภาพครับ
25-25434-215.wav	จังหวัดกำแพงเพชรครับหลังจากทนแรงกดดันไม่ไหวติดต่อขอมอบตัวนะครับ
25-25434-216.wav	ส่วนนายนิกถูกจับได้ที่จังหวัดอ่างทองตำรวจก็แจ้งข้อหาทั้งคู่
25-25434-363.wav	เอานี่ฟังนายสัตวแพทย์ทวีศักดิ์อนันต์ศิริริวัฒนา
25-25434-78.wav	แม่ค้าที่จังหวัดศรีสะเกษคนนี้นี่แหละนี่ๆๆเอามาให้ดูกันเลย
25-25436-16.wav	ซึ่งนายอัจฉริยะไม่แสดงความหนักใจใดๆนะคะ
25-25436-34.wav	บอกพร้อมให้ความช่วยเหลือนายอัจฉริยะค่ะ
25-25436-4.wav	ล่าสุดเนี่ยนายอัจฉริยะบอกว่าจะดำเนินคดีกับคุณแม่นะคะ
25-25438-15.wav	กำลังเดินทางมาจากพื้นที่ของกรุงเทพมหานครนะคะเพื่อที่จะมุ่งหน้าไปยังพื้นที่ของ
25-25438-16.wav	เขื่อนลำตะคองจังหวัดนครราชสีมาค่ะซึ่งบริเวณนี้นะคะรถนะคะจะผ่านมาจาก
25-25438-12.wav	เขื่อนลำตะคองจังหวัดนครราชสีมาค่ะซึ่งการจราจรณขณะนี้นะคะ
25-25438-17.wav	ถนนพหลโยธินนะคะแล้วก็เข้ามายังพื้นที่ของจังหวัดสระบุรี
25-25438-22.wav	เมื่อช่วงเวลาประมาณ14:00น.ที่ผ่านมานะคะก็เดินทางมาถึงบริเวณนี้นะคะ
25-25438-25.wav	พบว่าตลอดเส้นทางผ่านออกมาจากพื้นที่ของจังหวัดสระบุรีมุ่งหน้าเขื่อนลำตะคอง
25-25438-26.wav	ในจังหวัดนครราชสีมานั้นมีจุดตรวจของตำรวจสภ.หนองแค
25-25438-47.wav	เริ่มหนาแน่นพอสมควรค่ะแต่ก็คาดว่าถ้าคุณผู้ชมที่จะต้องเดินทางมาเส้นทางนี้นะคะ
25-25438-48.wav	ควรวางแผนการเดินทางแล้วก็มีการเตรียมความพร้อมในเรื่องของสภาพรถ
25-25438-49.wav	ให้พร้อมในการเดินทางด้วยค่ะและนี่ก็คือการจราจรล่าสุดนะคะ
25-25438-4.wav	ประชาชนก็เลยทยอยเดินทางออกจากกรุงเทพมหานครกลับภูมิลำเนาในช่วงเทศกาลปีใหม่นะครับ
25-25438-51.wav	ถนนพหลโยธินจังหวัดสระบุรีค่ะ
25-25438-5.wav	เราจะไปตรวจสอบเส้นทางการเดินทางกันนะครับ
25-25438-7.wav	เริ่มต้นนะครับไปดูการเดินทางสู่พื้นที่ทางภาคอีสานกันก่อนนะครับ
25-25439-19.wav	ศาลจังหวัดพระขโนงอนุมัติออกหมายจับ8คน
25-25439-36.wav	เขาหลบหนีไปอยู่บ้านญาติค่ะแถวบางบ่อจังหวัดสมุทรปราการค่ะ
25-25439-96.wav	ก็จะนำไปฝากขังต่อศาลจังหวัดพระขโนงวันเสาร์ที่27กรกฎาคมนี้นะคะ
25-25441-63.wav	กรอกเสร็จแล้วไปยื่นที่สำนักงานกองทุนยุติธรรมจังหวัด
25-25441-65.wav	ไปถามเขาเถอะว่าสำนักงานกองทุนยุติธรรมจังหวัดอยู่ที่ไหน
25-25441-83.wav	แล้วไปหาสำนักงานกองทุนจังหวัด
25-25442-112.wav	อ้าวนางจับปีเล่าต่อนะครับว่าหลังจากเหตุการณ์นั้นเกิดขึ้นเนี่ยต่อมาเริ่มหนักเลย
25-25442-130.wav	ซึ่งก็เคยเดินทางไปบวชจำศีลแล้วก็เชื่อว่ากุมารทองที่เนี่ยคอยให้ความช่วยเหลือ
25-25442-156.wav	ปีแล้วค่ะใช่ครับถูกนายเตยทำร้ายนะครับเจ้าหน้าที่ก็พาตัวมาที่
25-25442-175.wav	คืออย่างนี้นะคุณผู้ชมเบื้องต้นเนี่ยตำรวจควบคุมตัวนายคนเนี้ย
25-25442-198.wav	มาดูรถที่จอดอยู่หน้าบ้านของตำรวจนายนึง
25-25442-248.wav	ในหมู่2บ้านวังเป็ดตำบลบางระกำอำเภอบางระกำจังหวัดพิษณุโลกครับ
25-25442-99.wav	ที่มาของเหตุการณ์นี้นางจำปีเล่านะคะว่าลูกสาวคนเล็กไปเจอผีในโอ่งหลังบ้าน
25-25444-60.wav	เรามาทำความรู้จักนักชกในมุมแดงกันบ้างดีกว่านะครับคนนี้มาจากอำเภอบางบ่อจังหวัดสมุทรปราการนะครับ
25-25444-87.wav	จากอำเภอเสลภูมิจังหวัดร้อยเอ็ดวัย17ปี
25-25446-5.wav	ซึ่งเป็นสภาทนายความในจังหวัดนครศรีธรรมราชนะคะ
25-25446-6.wav	ทีมข่าวไทยรัฐทีวีประจำจังหวัดนครศรีธรรมราชเนี่ยค่ะ
25-25447-17.wav	ไม่ต่างจากที่บริเวณท่าเรือแหลมเทียนจังหวัดชลบุรีนะครับ
25-25447-26.wav	หน้าศาลากลางจังหวัดตราดนะครับ
25-25447-34.wav	ส่วนที่จังหวัดนครนายกนะครับเหล่าข้าราชการทหารตำรวจเจ้าหน้าที่อุทยานแห่งชาติเขาใหญ่และประชาชน
25-25447-6.wav	อำเภอหัวหินจังหวัดประจวบคีรีขันธ์
25-25449-0.wav	เจาะลึกประเด็นร้อนวันนี้นะคะพาไปดูเหตุฆ่ากันตายที่เมืองปากน้ำจังหวัดสมุทรปราการค่ะ
25-25449-8.wav	05:00น.ที่ผ่านมาตำรวจสภ.บังบ่อจังหวัดสมุทรปราการ
25-25450-16.wav	จนเกิดทะเลาะกันกับนางสาววาสนา
25-25450-17.wav	ในขณะที่นายอนันตชัยก็อยู่ในเหตุการณ์ด้วย
25-25450-24.wav	ในพื้นที่อำเภอบางปะอินจังหวัดพระนครศรีอยุธยา
25-25450-30.wav	อำเภอวังน้อยจังหวัดพระนครศรีอยุธยา
25-25453-39.wav	แล้วก็จุดกิโลเมตรที่51ในเขตพื้นที่ของจังหวัดฉะเชิงเศร้า
25-25454-37.wav	ครับเพราะว่าการเดินทางอาจจะไม่สะดวกคืออาจจะเป็นอันตรายนั่นเอง
25-25455-11.wav	เพื่อแก้ปัญหาจังหวัดชายแดนภาคใต้
25-25455-14.wav	และมีประสบการณ์ในการแก้ปัญหาจังหวัดชายแดนภาคใต้
25-25455-25.wav	ประกอบกับที่ผ่านมามีการเดินทางลงพื้นที่3จังหวัดชายแดนภาคใต้
25-25455-3.wav	เพื่อร่วมแก้ปัญหาความไม่สงบในจังหวัดชายแดนภาคใต้นะครับ
25-25457-12.wav	คุณแม่ชื่อว่านางซาร่าก็ให้สัมภาษณ์
25-25457-4.wav	เกาะเต่าจังหวัดสุราษฎร์ธานีที่หาดทรายรี
25-25459-47.wav	ปิดท้ายที่ศาลจังหวัดขอนแก่น
25-25461-47.wav	ที่จังหวัดฉะเชิงเทราเกิดเหตุไฟไหม้รถพ่วงบรรทุกเปลือกไม้
25-25461-8.wav	ทำให้นายสมนึกบุญเสริมอายุ45ปีคนขับขี่รถจักรยานยนต์
25-25462-10.wav	จับกุมตัวได้ที่บ้านพักแห่งหนึ่งในพื้นที่ตัวเมืองจังหวัดยะลานะครับ
25-25462-16.wav	เบื้องต้นเนี่ยตรวจค้นบ้านพักในพื้นที่จังหวัดยะลาก็พบของกลางหลายรายการครับ
25-25462-48.wav	อันนี้คือสิ่งที่นายปิยบุตรคนนี้เขาพูดฮะ
25-25462-53.wav	และจับตัวนายปิยบุตรเป็นคนที่3
25-25462-57.wav	2พ่อลูกรวมทั้งนายปิยบุตรก็โดนคุมตัวมาสอบปากคำเพิ่มเติม
25-25463-13.wav	จากนั้นตำรวจท่องเที่ยวภูเก็ตได้เข้าตรวจสอบเพื่อสืบสวนหารถแท็กซี่คันดังกล่าวฮะ
25-25463-14.wav	พันตำรวจโทเอกชัยศิริท่านสารวัตรสืบสวนตำรวจท่องเที่ยวเปิดเผยบอกว่า
25-25463-4.wav	ตอนไปส่งที่ห้างสรรพสินค้าแห่งหนึ่งที่จังหวัดภูเก็ต
25-25463-6.wav	นายคริสโตเฟอร์เขาเป็นชาวออสเตรเลียนะครับ
25-25463-7.wav	เข้าแจ้งความกับตำรวจภูธรเชิงทะเลจังหวัดภูเก็ตบอกว่า
25-25463-8.wav	นางสาวโมนิก้าอายุ15ปีลูกสาวของเขาเนี่ยนะ
25-25464-23.wav	ขอบคุณพ่อก็คือนายทักษิณชินวัตรวัตรทำให้เธอได้เรียนรู้ทางการเมือง
25-25465-36.wav	คุณผู้ชมฮะไปตรวจสอบอีกจังหวัดนะฮะที่ศรีสะเกษนะครับ
25-25466-21.wav	โอ้โหนี่ตำรวจไปตรวจสอบตำรวจบอกว่านายบรรจบแก้วโนอายุ53
25-25466-23.wav	มีแผลฉีกขาดที่คอข้างขวาคนเจ็บก็คือนางเขตบัณฑิตอายุ52
25-25466-33.wav	นายบุญเรือนผู้ก่อเหตุอ้างว่าขายที่ได้5ไร่ได้เงินมา
25-25466-40.wav	เดี๋ยวคุณผู้ชมรอติดตามวันนี้ญาติของนายบรรจบ
25-25466-42.wav	ก็คือจุดที่นายบรรจบเสียชีวิตนำร่างไปประกอบพิธีทางศาสนาค่ะ
25-25466-47.wav	ลูกสาวของผู้เสียชีวิตให้ข้อมูลกับเราเพิ่มเติมนะคะนางสาวสุดารัตน์อายุ
25-25466-64.wav	อดีตภรรยาของผู้เสียชีวิตค่ะนางสาวจันทราอายุ49ปีก็เล่า
25-25467-23.wav	ขณะที่นายสมจิตนำอุปกรณ์ที่เป็นห่วงเป็นมาคล้องคองูนะคะ
25-25467-28.wav	จากการสอบถามนางวาสนาเจ้าของเล้าไก่บอก
25-25467-8.wav	ในพื้นที่อำเภอพิมายจังหวัดนครราชสีมา
25-25469-11.wav	ประชาชนจากทั่วประเทศยังคงเดินทางมารอเพื่อเข้าถวายสักการะ
25-25469-14.wav	บางส่วนเดินทางมาตั้งแต่เช้ามืด
25-25469-17.wav	ชาวไทยภูเขาเผ่ากะเหรี่ยงกว่า20คนจากอำเภออมก๋อยจังหวัดเชียงใหม่มานั่งรอเป็นกลุ่มแรก
25-25469-26.wav	จากจังหวัดอุบลราชธานีค่ะ
25-25469-29.wav	ขณะที่ประชาชนบางส่วนนะคะเดินทางมารอเข้าถวายสักการะพระบรมศพ
25-25469-32.wav	ตำบลสำนักขามอำเภอสะเดาจังหวัดสงขลากลุ่มนี้
25-25469-8.wav	เต็มไปด้วยประชาชนที่เดินทางมารอเพื่อเข้าไปลงนามแสดงความอาลัย
25-25471-6.wav	แล้วก็ใช้อาวุธปืนน่ะค่ะจี้บังคับให้พนักงานที่กำลังเดินทางกลับบ้าน
25-25473-12.wav	มันเกิดอะไรขึ้นนะคะเพราะว่ามีการแชร์เรื่องนี้กันไปในกลุ่มออนไลน์ในโซเชียลของจังหวัดพิษณุโลก
25-25474-0.wav	ดูคลิปนี้กันหน่อยค่ะเหตุการณ์เนี่ยเกิดขึ้นที่จังหวัดตรัง
25-25474-17.wav	ร้านทองเยาวราชอำเภอเมืองจังหวัดตรัง
25-25475-78.wav	หลังจากลงจากเวทีแบบนางก็ทั้งเสียใจแล้วก็ทั้งแบบรู้สึกรู้สึกอะ
25-25477-66.wav	ประจำพื้นถิ่น4จังหวัด
25-25477-72.wav	และมวยลพบุรีจังหวัดลพบุรีครับ
25-25479-2.wav	คราวนี้จัดทริปทำบุญนะคะไปที่จังหวัดอยุธยาค่ะ
25-25483-23.wav	ช่วงทางโค้งก่อนถึงโรงเรียนบ้านเกาะสะบ้าตำบลหนองปลิงอำเภอเมืองจังหวัดกำแพงเพชร
25-25483-3.wav	ที่จังหวัดกระบี่มีอุบัติเหตุรถกระบะพุ่งชนรถจักรยานยนต์ที่ขี่ตัดหน้าอย่างกระชั้นชิด
25-25483-8.wav	ในพื้นที่หมู่2ตำบลทับปริกอำเภอเมืองจังหวัดกระบี่
25-25484-35.wav	บางครั้งเนี่ยนายคนเนี้ยนายอุทิศเนี่ยยังนำเงินที่ขโมยมาเนี่ยไปทำบุญต่อด้วยนะ
25-25484-45.wav	แล้วเดือนมกราคมที่ผ่านมาค่ะนายอุทิศคนเนี้ยไม่ใช่ก่อเหตุในวัดอย่างเดียว
25-25484-47.wav	ห้างสรรพสินค้าแห่งหนึ่งในจังหวัดหนองคาย
25-25484-53.wav	พฤติกรรมลักษณะคล้ายกันเลยนะคะที่จังหวัดเชียงใหม่
25-25484-64.wav	วิหารวัดดับภัยอำเภอเมืองจังหวัดเชียงใหม่
25-25486-11.wav	ช่วยธรรมสถานจังหวัดตราดรับแจ้งและประสานหน่วยงานที่เกี่ยวข้องค่ะ
25-25488-4.wav	ส่วนในระยะนี้ค่ะมี20จังหวัดที่ต้องเฝ้าระวังฝนตกหนักค่ะ
25-25488-6.wav	ได้แก่จังหวัดบึงกาฬนครพนมสกลนครอุดรธานีกาฬสินธุ์
25-25488-8.wav	ถ้าคุณผู้ชมนะคะพบว่าตนเองอยู่ในจังหวัดดังกล่าวนะคะ
25-25490-12.wav	วันนี้นายวิษณุเครืองามรองนายกรัฐมนตรีฝ่ายกฎหมาย
25-25491-11.wav	ส่วนที่ตลาดโรงเกลืออำเภออรัญญประเทศจังหวัดสระแก้วช่วงนี้คึกคักมากขึ้น
25-25491-12.wav	มีพ่อค้าแม่ค้าจากจังหวัดต่างๆที่ไปเลือกซื้อเสื้อผ้าสีดำ
25-25491-25.wav	ส่วนในพื้นที่ภาคใต้ที่จังหวัดยะลา
25-25493-102.wav	ฉะนั้นเรื่องนายบิลลี่เนี่ยไม่เฉพาะเมืองไทยหรอกครับ
25-25493-106.wav	เรื่องของนายบิลลี่กำลังจะเดินทางมาถึงจุดจบ
25-25493-107.wav	กระดูกของนายบิลลี่กำลังจะพูดได้
25-25493-1.wav	ที่ไม่รู้เรื่องที่มาที่ไปของข่าวนายบิลลี่
25-25493-2.wav	แล้วก็ตั้งคำถามว่าทำไมการหายตัวไปของนายบิลลี่
25-25493-33.wav	อดีตเขาเป็นผู้สมัครส.ส.จังหวัดเพชรบุรี
25-25493-36.wav	นั่นแหละเจอที่ตำบลถ้ำรงค์อำเภอบ้านลาดจังหวัดเพชรบุรี
25-25493-71.wav	กำลังใช้เลื่อยยนต์ตัดไม้ที่นายบิลลี่เป็นคนถ่ายไว้
25-25493-72.wav	ซึ่งเชื่อว่าอาจจะเป็นเหตุผลหนึ่งที่ทำให้นายบิลลี่ถูกสังหาร
25-25493-74.wav	ชุดคลี่คลายคดีนายบิลลี่ของกองบัญชาการภาค7
25-25494-16.wav	บ่อยเพราะว่าแม่ค้าขายกล้วยทอดชาวอำเภอแม่แจ่มจังหวัดเชียงใหม่คนเนี้ย
25-25494-25.wav	ก็เดินทางไปที่สภ.ไปลงบันทึกประจำวันเอาไว้ตั้งแต่เมื่อวานนี้เลยนะ
25-25496-13.wav	แล้วภรรยานางสาวดอกไม้แสงดี
25-25497-33.wav	แล้วก็แจ้งข้อกล่าวหากับนายลั่นทมคนนี้นะ
25-25497-25.wav	ก็นำตัวมาสอบสวนชื่อว่านายลั่นทมเดชใหม่
25-25497-4.wav	เนี่ยเหตุการณ์นี้เกิดขึ้นที่อำเภอปักธงจังหวัดนครราชสีมานะคะ
25-25498-181.wav	นายคนนี้ฮะชื่อนายรหัสคงสมเพชรอายุ43
25-25498-183.wav	ในหมู่บ้านแห่งหนึ่งที่ตำบลบางรักพัฒนาอำเภอบางบัวทองจังหวัดนนทบุรี
25-25498-192.wav	คุณผู้ชมฮะจับตัวนายคนนี้ได้แต่ก็คุยไม่ค่อยรู้เรื่องเท่าไหร่
25-25498-215.wav	ครับแต่ระหว่างที่ตำรวจกำลังเดินทางมาเนี่ยเออ
25-25498-280.wav	เป็นชาวจังหวัดกำแพงเพชรเธอนำเรื่องนี้มาร้องเรียนกับทีมข่าวของเรานะคุณจูด้ง
25-25499-17.wav	คนขับรถเนี่ยคือนายประธานบัวปานซึ่งเป็นพนักงานใหม่เพิ่งจะทำงานวันแรก
25-25499-20.wav	ซึ่งก่อนหน้านี้ก็ทราบว่านายประธานเนี่ยเคยขับเมล์มาแล้วหลายสายเหมือนกันก็ตัดสินใจรับเข้าทำงาน
25-25499-34.wav	อัตราขั้นสูงสุดก็คือ500บาทแล้วก็ให้นายประธานคนขับเนี่ยนะฮะ
25-25499-37.wav	คนขับรถคือนายประธานบัวปานนะฮะเขาส่งชื่อนี้ให้กับบริษัทรถเมล์เมล์บริษัทไม่ให้รับเข้าไปทำงานอีกนะ
25-25500-20.wav	หมู่บ้านสนวนนอกจังหวัดบุรีรัมย์แทบทุกหลังคาเรือน
25-25500-64.wav	มากันได้ที่บ้านสนวนนอกจังหวัดบุรีรัมย์ค่ะ
25-25501-0.wav	น้ำที่จังหวัดเชียงใหม่ตอนนี้นี่ต้องบอกว่าเขาห่วงเรื่องของย่านเศรษฐกิจเพราะว่าน้ำในแม่น้ำปิงเนี่ยคุณผู้ชมครับมันเอ่อเข้ามา
25-25501-9.wav	แต่ก็วางใจไม่ได้นะครับเพราะว่าทางตอนเหนือของจังหวัดเนี่ย
25-25502-11.wav	จังหวัดเพชรบูรณ์เงาปริศนาดูให้ชัดอีกทีคือเราไม่รู้จักไม่เป็นไร
25-25502-74.wav	เหตุการณ์นี้นี่ดูสร้างความสะพรึงจังหวัดเพชรบูรณ์ครับ
25-25504-0.wav	ในช่วงวันหยุดยาวปีใหม่นี้เจ้าหน้าที่ได้เตรียมความพร้อมต้อนรับนักท่องเที่ยวที่จะเดินทางมากางเต็นท์พักแรม
25-25504-1.wav	ชมแสงแรกของปีที่จุดชมวิวหินสามวาฬอำเภอเมืองบึงกาฬจังหวัดบึงกาฬ
25-25505-54.wav	ต้องระมัดระวังพิเศษก็คือเรื่อง1การเดินทาง
25-25506-23.wav	ตรงนี้นะครับนายวินัยจันทร์สว่างอายุ32ปี
25-25506-26.wav	จากจุดที่นายวินัยไปจอดรถเนี่ย
25-25506-48.wav	ชื่อจริงของเขาก็คืออ่านายวินัยนะครับ
25-25506-84.wav	ศพของนายวินัยญาตินำไปบำเพ็ญกุศลที่วัดทุ่งสบกนะฮะ
25-25508-17.wav	นะฮะเนื่องจากว่าก่อเหตุแล้วเนี่ยลูกสาวของนายสุรศักดิ์ก็บอกว่าเฮ้ยเห็น2คนเนี้ยย้อนกลับมาหน้าบ้านด้วยนะ
25-25508-6.wav	เจ้าของบ้านคือนายสุรศักดิ์เขาบอกว่าตอน15:00น.เนี่ย
25-25509-13.wav	ก่อนที่นายอาเบะนั้นจะล้มลง
25-25509-11.wav	โดยมีคลิปภาพขณะที่นายอาเบะกำลังปราศัย
25-25509-1.wav	คนร้ายก่อเหตุรอบยิงนายชินโซอาเบะ
25-25509-22.wav	ตำรวจระบุว่านายอาเบะถูกยิงจากด้านหลัง
25-25509-43.wav	ว่าอดีตนายกรัฐมนตรีนายชินโซอาเบะ
25-25509-59.wav	เพราะสมัยที่นายชินโสดำรงตำแหน่งนายกรัฐมนตรี
25-25509-65.wav	กับเพื่อนของนายกรัฐมนตรีนะครับ
25-25509-71.wav	ก็ร่วมส่งกำลังใจให้กับนายชินโซอาเบะ
25-25509-80.wav	ว่านายชินโซอาเบะนั้นเสียชีวิตแล้ว
25-25509-85.wav	ส่วนแหล่งข่าวใกล้ชิดเปิดเผยว่านายอาเบะถูกยิงเข้าที่หน้าอกอะนะครับ
25-25511-16.wav	ร้านนี้อยู่ในตำบลน้ำร้อนอำเภอวิเชียรบุรีจังหวัดเพชรบูรณ์นะฮะ
25-25511-61.wav	โรงงานผลิตอยู่ที่อำเภอวิเชียรบุรีจังหวัดเพชรบูรณ์
25-25512-16.wav	ไม่ว่าใครจะอยู่ที่ไหนห่างไกลกันเท่าไหร่ก็ต้องเดินทางกลับมา
25-25513-1.wav	ครับนี่ไปกันที่ตลาดนัดลานปูนตำบลมาบตาพุดอำเภอเมืองจังหวัด
25-25513-37.wav	ขออภัยครับถนนเนินพยอมตำบลมาบตะพุดอำเภอเมืองจังหวัดระยองโอ้ย
25-25513-7.wav	หนองคายค่ะจากนั้นก็ย้ายมาที่จังหวัดระยองฮิ
25-25515-19.wav	ไม่มีการปรับขึ้นขณะที่จังหวัดอื่นๆนั้นจะมีการพิจารณากำหนดราคาตามระยะทาง
25-25517-298.wav	เราไปบ่งว่าเป็นคนจีนที่เดินทางมาจากประเทศจีนภายใน14วัน
25-25518-11.wav	บอกว่าติดภารกิจเดินทางเยือนราชอาณาจักรกัมพูชาอย่างเป็นทางการ
25-25518-14.wav	ทำให้ทางนายรังสิมันโรมบอกว่าอันเนี้ยเนี้ยผิดนะเนี่ย
25-25518-29.wav	เป็นข้อความของโฆษกรัฐบาลก็เลยทำให้นายรังสิมันโรมเนี่ย
25-25519-25.wav	ได้นำตัวนางสาวสุดารัตน์สุขแสงจันทร์อายุ23ปี
25-25519-31.wav	นางสาวสุดารัตน์บอกว่าขอโทษกับการกระทำของตัวเอง
25-25520-0.wav	ไปดูที่จังหวัดชัยภูมิกันหน่อยนะคะเมื่อวานสักประมาณช่วงเย็นๆนะฮะ
25-25520-10.wav	มารับตัวตำรวจนายนี้ส่งต่อจากโรงพยาบาลชัยภูมิ
25-25520-20.wav	ตอนนี้ต้องมาภาวนาแล้วก็ลุ้นให้ตำรวจน้ำดีนายนี้
25-25520-33.wav	หลังก่อเหตุชาวบ้านก็สามารถจับตัวชายคนนี้ไว้ได้ก็คือนายวายุพยายามที่จะใช้เชือกมัดมือมัดเท้า
25-25521-2.wav	เชียงใหม่นะครับเดินทางทยอยมาใช้สิทธิ์กันตั้งแต่ช่วงเวลา08:00น.ที่ผ่านมานะครับโดยส่วนใหญ่นะครับประชาชนจะมารอบริเวณหน้าหน่วยเลือกตั้งนะครับตั้งแต่07:00น.-07:30น.โดยได้เข้ามาตรวจสอบสิทธิก่อนที่จะทำการเข้าไปเลือกตั้งนะครับผมได้พูดคุยกับอ่านักศึกษาบางคนนะครับก็ได้เชิญชวนให้ประ
25-25522-16.wav	ใกล้ๆๆกันเนี่ยจะมีป้าชูอายุ70เป็นแม่นะครับทั้งสองเนี่ยบอกว่าถูกนาย
25-25522-18.wav	เครื่องมาข่มขู่หน้าบ้านมาอยู่3รอบแต่มีคนช่วยไกล่เกลี่ยให้อ่านายเพิ่มศักดิ์
25-25522-1.wav	ของจังหวัดนนทบุรีค่ะนะครับบอกว่าถูกลูกจ้างอบต.คนนึงเป็นผู้ชาย
25-25522-27.wav	ความ2แม่ลูกเนี่ยก็อ้างว่า29พฤศจิกายนตอน13:00น.นายเพิ่มศักดิ์ขี่
25-25522-29.wav	ฝั่งของลูกสาวเนี่ยบอกว่าไม่เคยรู้จักกับตัวนายเพิ่มศักดิ์เป็นการส่วนตัวเลยนะฮะ
25-25522-30.wav	ก็มีเจอกันบ้างเพราะว่าบ้านอยู่ไม่ไกลกันแต่ส่วนตัวเชื่อว่านายเพิ่มศักดิ์น่าจะเข้าใจผิด
25-25522-66.wav	เหตุการณ์ก็เลยบานปลายอ่าส่วนเรื่องว่าจะลงโทษนายเพิ่มศักดิ์
25-25525-7.wav	แล้วก็รีบนำตัวส่งโรงพยาบาลเพราะว่าเธอตกใจอื้มทำอะไรไม่ถูกเธอก็อิดโรยสภาพเหมือนแบบสติหลุดเป็นลมกันไปค่ะต้องหอบฮิ้วไปส่งโรงพยาบาลทีนี้เจ้าของบ้านคือนายสำเนาอายุ68ปีบอกว่า20:00น.ให้หลานชายออกไปเปลี่ยนถังแก๊สให้หน่อยสิเนี่ยไปเปลี่ยนถังเก่ามันหมดเปลี่ยนเอาอันใหม่ให้
25-25526-14.wav	ผ่านการขยายโครงข่ายให้ได้มากกว่า40จังหวัดทั่วประเทศ
25-25528-29.wav	หลายประเทศก็เริ่มเตือนไม่ให้ประชาชนเดินทางไปจีน
25-25528-41.wav	นะครับหรือว่ามีคนไทยคนนึงที่เดินทางไปจีนมานะฮะ
25-25528-47.wav	ที่เป็นชาวจีนที่เดินทางมาที่ไทยนะฮะพอรับขึ้นรถอ่าหลังจากนั้นก็มีอาการไข้สูงนะฮะ
25-25528-78.wav	วันนี้นายอนุทินชาญวีรกูลรองนายกรัฐมนตรีรัฐมนตรีว่าการกระทรวงสาธารณสุข
25-25529-166.wav	อย่างเจ้าหน้าที่ที่อ่ารับมานายบอกมา
25-25529-27.wav	นอกจากด้านของคดีความว่าที่สุดแล้วการดำเนินคดีกับนายเปรมชัยกับพวก
25-25529-29.wav	หรือว่านายเปรมชัยจะอยู่ต่อสู้คดีจนถึงที่สุดหรือไม่อย่างไรนะครับ
25-25529-31.wav	กับคณะของนายเปรมชัยให้เข้าไปในเขตรักษาพันธ์ุสัตว์ป่าทุ่งใหญ่
25-25529-67.wav	ในเมื่อนายสั่งมาไงก็ต้องทำอืม
25-25530-1.wav	วันนี้ผมเดินทางมากับผู้ต้องหาคนอื่นนะครับ
25-25530-4.wav	ก็จะต้องเดินทางไปในกระบวนการต่อไปซึ่งนั่นก็คือศาลนะครับ
25-25533-167.wav	ออกคำแนะนำให้สตรีตั้งครรภ์หลีกเลี่ยงการเดินทางไปยังสิงคโปร์
25-25533-363.wav	จะออกจากบ้านจะเดินทางเนี่ยใคร2ราศีนี้ก็
25-25533-47.wav	เดี๋ยวสิฉันฉันต้องบอกอย่างนี้เมื่อวานนางไปสกลนครเออ
25-25533-48.wav	แล้วเสร็จแล้วนางก็โพสต์เป็นคลิปวีดีโอมาให้ดูว่า
25-25533-49.wav	มีผู้หญิงขายลอตเตอรี่2คนนั่งร้องไห้นางก็บอกว่าบอกเป็นอย่าง
25-25533-501.wav	นางบอกว่าอย่างนี้เจ็บที่ทำไม2คนนั้นต้องมาทำให้ลูกของพี่เนี่ยต้องกลายเป็นเด็กบ้านแตกนะครับ
25-25535-17.wav	อะด้านขวาลอยพ้นพื้นนายธนบดีปิยะโชติสกุลชายอายุ22ปี
25-25536-20.wav	อยู่ที่อำเภอเมืองจังหวัดระยอง
25-25536-73.wav	ขนมขี้ม้าอยู่ที่จังหวัดระยอง
25-25537-32.wav	ตัวนายกัมพลผู้ก่อเหตุให้การรับสาภาพว่าก่อเหตุจริง
25-25537-50.wav	พบว่านายกัมพลก่อเหตุมาแล้วหลายพื้นที่
25-25538-27.wav	ปัจจุบันการทำปราสาทงานศพแบบนี้ในพื้นที่จังหวัดเชียงใหม่ตามหมู่บ้านต่างๆ
25-25538-5.wav	ไปกันที่จังหวัดเชียงใหม่นะคะ
25-25541-10.wav	จังหวัดที่ครูกำลังดูภาพจากกล้องวงจรปิด
25-25541-1.wav	บนอาคารเรียนเลยค่ะที่โรงเรียนแห่งนึงที่จังหวัดศรีสะเกษนะคะ
25-25541-21.wav	แม่ค้าร้านขายของชำที่อยู่หน้าโรงเรียนนางราตรีค่ะ
25-25542-17.wav	ให้จ่ายมาเถอะเดี๋ยวเรื่องจะจบๆไปซึ่งพอตัวคุณพ่อคุณแม่คือนางน้ำอ้อยและนายเอกวุฒิเนี่ย
25-25542-1.wav	อันนี้เกิดขึ้นที่จังหวัดสิงห์บุรีซึ่งก่อนหน้านี้ก็เหมือนกับเคยได้ยินเรื่องราวแบบนี้แหละ
25-25542-27.wav	ซึ่งนางน้ำอ้อยและนายเอกวุฒิเนี่ยก็เลยฝากเตือนประชาชนบอกว่าระวังนะ
25-25542-37.wav	แต่ว่าปรากฏว่าเขารู้ทันเพราะว่าคือลูกเขาเนี่ยเหมือนกับอยู่อีกจังหวัดนึง
25-25542-8.wav	2สามีภรรยาชาวบ้านตำบลท่าข้ามอำเภอค่ายบางระจันจังหวัดสิงห์บุรี
25-25543-0.wav	ช่วงหน้าฝนแบบนี้เขาบอกว่าเห็นเห็ดมันเยอะจริงๆชาวบ้านนะฮะที่จังหวัดชัยภูมิเขาบอกว่านั่งรถข้ามจังหวัดไปเก็บเห็ดกันเลยสร้างรายได้ดีจ้าเมื่อเจอสถานที่ก็มุ่งเข้าไปเลยดิเข้าป่าเลย
25-25543-6.wav	บางรายเขาบอกว่าเดินทางมาจากเพชรบูรณ์เอ้อโอ้โหแต่ละคนน่าสามารถหาเห็ดได้นะ
25-25544-109.wav	กาไปตรวจค้นบ้านของนายนพดลสามีผู้ตายอีกครั้งนึงนะฮะนี่
25-25544-113.wav	แต่นายนพดลสามีผู้ตายเขาบอกไม่เกี่ยวเขายืนยันความบริสุทธิ์
25-25544-115.wav	ว่ามีบุคคลเข้ามาเกี่ยวข้องกับนางสาวฟารีดาผู้ตายเพิ่มอีก1คนนะฮะ
25-25544-12.wav	หลังจากที่ศพของนางสาวฟารีดานะครับถูกส่งมาถึงวัดนะฮะ
25-25544-13.wav	นางสาวฟารีดานี่เป็นเจ้าหน้าที่ดูแลผู้สูงอายุนะฮะในพื้นที่ตำบลดอนชะเอมอำเภอท่ามะกาจังหวัดกาญจนบุรี
25-25544-1.wav	นางสาวฟารีดาที่ไปเจอศพในคลองชลประทานที่กาญจนบุรีอะครับ
25-25544-21.wav	ศพของนางสาวฟารีดานะครับถูกส่งจากโรงพยาบาลตำรวจนะฮะ
25-25544-23.wav	วันนี้ก็สวดศพคืนแรกนะครับสามีชื่อนายนพดลก็มาด้วยนะฮะ
25-25544-30.wav	วนอยู่รอบตัวเหมือนมานั่งอยู่ข้างๆเพื่อเดินทางกลับบ้านเกิดที่กาญจนบุรี
25-25544-44.wav	พ่อของนางสาวฟารีดาบอกว่าเมื่อกลางเดือนกันยายนที่ผ่านมา
25-25545-163.wav	เขาเล่าให้ฟังว่ายังไงเรื่องเนี่ยเกิดจากที่ตนเองที่เดินทางไปภายในซอยโรงเหล็ก
25-25545-174.wav	ไปก่อเหตุแล้วก็กลายเป็นเหตุบานปลายเนี่ยซึ่งหลังจากคำให้การของนายแฮ็คเนี่ย
25-25545-280.wav	จังหวะที่ชุดละมุนเนี่ยนายคิวก็นายคิวก็ถูกฝ่ายตรงข้ามเนี่ย
25-25545-284.wav	ตนก็เลยส่งนายคิวเนี่ยเข้าที่โรงพยาบาล
25-25545-391.wav	หนูมานั่งคิดตอนนี้คืออะไรรู้ป่ะอาชีพผู้วิเศษว่ะทำนายเนี่ยเหรอ
25-25545-451.wav	ไลฟ์โค้ชชื่อดังเนี่ยพร้อมทนายความได้เดินทาง
25-25545-456.wav	ฌอนเปิดเผยว่าวันเนี้ยที่ตัวเองเดินทางมาพบกับพนักงาน
25-25545-575.wav	ให้กับผู้ว่าจังหวัดเชียงใหม่
25-25545-58.wav	ปรากฏว่าวันนี้นายโชคอนันต์วิชัยเลิศรองผู้อำนวยการ
25-25545-716.wav	ที่บางทีมันก็แบบว่าถ้างานเร็วๆนางรับนะ
25-25545-729.wav	แต่มุมของชะนีสวยอีกคนอาจจะมีเหตุผลของนาง
25-25550-35.wav	สุดท้ายก็เลยเดินทางไปถอนฟ้องครับ
25-25550-52.wav	ก็เลยเดินทางมาอ่าถอนฟ้องให้ในวันนี้ครับ
25-25551-14.wav	ทะเบียนจังหวัดเลยสภาพด้านหน้าซ้ายเนี่ยพังยับเยิน
25-25555-19.wav	ตำบลน้ำคอกอำเภอเมืองจังหวัดระยองนะคะ
25-25556-22.wav	ซอย1/6อำเภอคลองหลวงจังหวัดปทุมธานี
25-25557-12.wav	ตรงกองบังคับการตำรวจภูธรจังหวัดเลย
25-25558-33.wav	พระลูกวัดวัดเทวราชตำบลเทวราชอำเภอไชจังหวัดอ่างทอง
25-25558-43.wav	หลังเกิดเหตุก็เดินทางไปที่วัด
25-25558-8.wav	อาศัยอยู่ที่จังหวัดอ่างทองถูกจับสึกไปแล้ว
25-25559-10.wav	นายเสือซัดทอดบอกว่าจริงแล้วมีผู้ร่วมขบวนการด้วย
25-25559-13.wav	ที่นายเสือเอามาจากร้านทองเยาวราชกรุงเทพสาขาบึงกาฬเนี่ย
25-25559-28.wav	ครับสั่งการให้ตำรวจในท้องที่ทั้งบึงกาฬแล้วก็จังหวัดขอนแก่น
25-25559-29.wav	ร่วมกันทำงานจนกระทั่งมาพบว่านายรังสรรค์กับภรรยาหนีมาอยู่ที่นี่
25-25559-33.wav	โดยบอกให้คนร้ายก็คือนายรังสรรค์เนี่ยหยุดนะแต่ปรากฏว่านายรังสรรค์เนี่ยไม่หยุดค่ะ
25-25559-34.wav	ตำรวจเขาก็เลยขี่มอเตอร์ไซค์เบียดรถมอเตอร์ไซค์ของนายรังสรรค์เนี่ยล้มลง
25-25559-36.wav	คือตอนนั้นเนี่ยตำรวจรีบนำตัวส่งโรงพยาบาลนะคะรีบนำตัวนายรังสรรค์ส่งโรงพยาบาล
25-25559-38.wav	ส่วนตำรวจเองก็ได้รับบาดเจ็บเช่นเดียวกันนะคะทีนี้สลับภาพตัดกลับไปที่จังหวัดต้นเรื่อง
25-25559-46.wav	ซึ่งเป็นภรรยาของนายรังสรรค์เนี่ยมาสอบปากคำเพิ่มเติมนะคะเพราะตามรายงานข่าวเนี่ย
25-25559-48.wav	จากเดิมทีแรกนายเสือเนี่ยลงมือไปทำคนเดียวไปกระทำการก่อเหตุคนเดียว
25-25559-8.wav	ชื่อเล่นก็คือนายเสือค่ะคุณผู้ชมหลังจากที่ตำรวจไปรวบตัวมาได้เนี่ย
25-25559-9.wav	ก็มีการขยายผลต่อไปนะคะขยายผลต่อไปจับกุมนายเสือคนนี้ได้
25-25560-21.wav	นี่คือการคาดการณ์ต่อมามีชาวบ้านจากอำเภอภูเวียงจังหวัดขอนแก่นครับ
25-25560-34.wav	จนไปพบเป็นศพถูกฆ่าทิ้งอยู่ในป่าจังหวัดชัยภูมินี่แหละ
25-25560-7.wav	จังหวัดชัยภูมิครับผู้หญิงคนนี้แม้ว่าเป็นศพ
25-25563-20.wav	ที่เดินทางไปประสานขอความร่วมมือในคดีนี้
25-25564-14.wav	ก่อนหน้านี้นายโรเบิร์ตไปก่อเหตุข่มขืนแล้วก็ทำร้ายร่างกายหญิงวัย45ปีนะคะ
25-25564-15.wav	เป็นพนักงานประจำร้านนวดแผนไทยในอำเภอเมืองจังหวัดขอนแก่น
25-25564-18.wav	โดยจับได้ขณะที่นายโรเบิร์ตเนี่ยกำลังจะเช็คเอาท์ออกจากที่พัก
25-25564-24.wav	เพราะว่าไปซื้อยาบ้ามาจากเอเย่นต์รายย่อยในจังหวัดขอนแก่นมาเสพ1เม็ด
25-25564-2.wav	ทั้งไปข่มขืนหญิงสาวในจังหวัดขอนแก่นน่ะนะคะ
25-25564-33.wav	อยู่ที่อำเภอบ้านไผ่จังหวัดขอนแก่น
25-25564-5.wav	แล้วตอนนี้ก็คุมตัวชาวต่างชาติคนเนี้ยไปดำเนินคดีที่จังหวัดขอนแก่นแล้ว
25-25565-0.wav	ส่วนอีก1เหตุการณ์อันนี้เป็นเรื่องสลดที่เกิดขึ้นที่หมู่บ้านแห่งนึงที่จังหวัดขอนแก่นค่ะ
25-25566-3.wav	จริงนางก็เป็นอาร์ตติสนี่แหละค่ะเขาไปเจออ่อนางลุคใหม่นะคะ
25-25566-8.wav	วุ่นวายกันอิรุงตุงนังนะคะจนกระทั่งนางก็หย่าร้างกันไป
25-25568-10.wav	ที่วิ่งผ่านด่านตรวจของสภ.แม่พริกจังหวัดลำปางฝั่งขาขึ้นเหนือนะครับ
25-25568-1.wav	บอกว่าเหตุการณ์เกิดขึ้นที่จังหวัดลำปาง
25-25569-0.wav	พาคุณผู้ชมไปดูป๋าเวณีปี๋ใหม่เมืองที่จังหวัดเชียงใหม่
25-25569-7.wav	จากจังหวัดเชียงใหม่ค่ะเชิญค่ะ
25-25571-37.wav	ที่จะเคลื่อนร่างของผู้ตายกลับบ้านเกิดที่จังหวัดน่านต่อไป
25-25573-1.wav	มาทำงานอยู่จังหวัดชลบุรีค่ะแล้วก็เบื่องานที่บริษัทที่โรงงานทำอยู่นะคะก็เลยมาทำเป็นปศุสัตว์เลี้ยงเป็ดนะคะทำให้เรามีรายได้มากกว่านะคะการทำงานแต่ละเดือนแล้วเราอีกอย่างนึงก็คือเป็นอาชีพที่มีอิสระแล้วก็เสรีด้วยนะคะโดยที่ว่าไม่ต้องมีใครมาควบคุมเรานะคะเราเป็นเจ้านายตัวเองนะคะแล้วก็มีรายได้เข้าทุกวันนะคะ
25-25574-40.wav	ในจังหวัดกระบี่เองอืมก็มีของกินที่ราคาถูกให้เลือกกิน
25-25574-43.wav	แต่ตอนนี้ใครที่เดินทางมาเที่ยวกระบี่ก็สามารถหาซื้อของกิน
25-25574-8.wav	ประชาชนก็มีหลากหลายอาชีพเนี่ยค่ะเดินทางไปจับจ่ายใช้สอยซื้ออาหารกันนะคะ
25-25577-70.wav	คำเดิมว่าขอหย่าขาดวันนี้เออ21นัดนางดาวแล้วที่อำเภอ
25-25577-73.wav	ปลี้ๆโอ้โหแม้แต่เงินหรือหินเม็ดเดียวฉันก็ไม่เอาเอาไปนางดาวขอ
25-25577-80.wav	คิดเห็นว่ายังไงครับอืมโอ้โหวันนี้ฮะต้องรอดูว่านางดาวเนี่ยจะเอา
25-25579-7.wav	ตำรวจสหรัฐกว่า50นายพร้อมกับเฮลิคอปเตอร์แล้วก็เรือค้นหา8ลำนะครับ
25-25580-7.wav	ที่วัดป้อมวิเชียรโชติการามที่จังหวัดสมุทรสาคร
25-25580-8.wav	บ้านเกิดของน้ำตาลเดอะสตาร์หรือว่านางสาวบุตรศรัณย์ทองชิว
25-25581-5.wav	ก่อสร้างโดยนายตำรวจที่เป็นผู้มีอิทธิพลในท้องที่แบบผิดกฎหมายหรือเปล่าค่ะ
25-25582-11.wav	ไม่มีงบประมาณที่เพียงพอแล้วก็ไม่จำเป็นที่จะต้องฟังนายสุเทพนะครับ
25-25587-14.wav	จะไปส่งที่อำเภอเมืองจังหวัดลำปางค่ะ
25-25587-5.wav	เป็นชาวอำเภอเถินจังหวัดลำปาง
25-25589-0.wav	คดีที่ผู้ปกครองของเด็กนักเรียนชายชั้นป.2ที่จังหวัดกระบี่นะครับ
25-25589-37.wav	ผู้อำนวยการสำนักงานเขตพื้นที่การศึกษาประถมศึกษาจังหวัดกระบี่
25-25591-485.wav	ผมก็เหมารถนายชวนบ้านเตยนะครับไปโอนไปโอนปั๊บพาแม่ไปโอน
25-25591-505.wav	เพราะต้องมีพยานเซ็นรับรู้ว่ายายโอนให้นายเจริญ
25-25591-565.wav	ค่ะช่วงนั้นพี่ชายผมนายถาวรเป็นโรคมะเป็นโรคมะเร็งลำไส้
25-25592-24.wav	เขาเดินทางไปเลยที่คอนโดมิเนียมแห่งนี้
25-25593-20.wav	อุ๊ยนางไม่นางไม่ดูหน้าตัวเองเลยนะ
25-25593-23.wav	นางก็เขี่ยบอลไปอย่างนั้นแหละ
25-25593-33.wav	ไม่รู้นางจะมาแบบเทเราเมื่อไหร่ก็ไม่รู้นะ
25-25595-3.wav	นี่จะเป็นใจสำหรับการท่องเที่ยวเดินทางนะ
25-25598-0.wav	พามาดูเหตุสลดที่เกิดขึ้นที่จังหวัดนครสวรรค์กันก่อนนะครับ
25-25598-28.wav	ส่วนศพของนางรัศมีอาสาสมัครมูลนิธิได้นำส่งนิติเวช
25-25598-6.wav	ก็คือนางรัศมีพวงสมบัติอายุ47ปี
25-25598-9.wav	ผู้ก่อเหตุซึ่งเป็นสามีก็คือนายฤทธิเดช
25-25599-1.wav	แล้วก็ช่วยผู้ป่วยคนนึงด้วยนะคะที่จังหวัดบุรีรัมย์
25-25599-24.wav	เหตุการณ์นี้เนี่ยเกิดขึ้นที่แยกเสนศิริริตำบลอีสานอำเภอเมืองจังหวัดบุรีรัมย์นะคะ
25-25600-19.wav	จังหวัดนครราชสีมาได้สั่งการแล้วครับให้เจ้าหน้าที่เทศบาลนำรถกระจายเสียง
25-25600-26.wav	โดยมีประชาชนพ่อค้าแม่ค้าเดินทางมาตรวจหาเชื้อกว่า200ราย
25-25600-2.wav	ใช่ค่ะเดี๋ยวพาไปดูรายจังหวัดกันหน่อยนะคะ
25-25600-56.wav	ส่วน5จังหวัดที่มีผู้ติดเชื้อรายงานรายวันสูงสุดเนี่ยนะครับ
25-25601-122.wav	แต่ว่าล่าสุดเธอบอกว่าเธอต้องรีบเดินทางกลับต่างจังหวัดค่ะ
25-25602-9.wav	ร้านไส้อั่วบ้านอิฐอำเภอแม่แตงจังหวัดเชียงใหม่
25-25604-12.wav	ชื่อนายประเสริฐอายุ37ปีเล่าบอกว่า
25-25605-46.wav	ช่วงนี้สภาพอากาศเปลี่ยนแปลงบ่อยนะครับสุดสัปดาห์นี้ใครจะวางแผนเดินทางท่องเที่ยว
25-25606-3.wav	พาไปชิมกันที่จังหวัดสุรินทร์เขาบอกว่าเป็นสูตรลับเฉพาะเลยครับ
25-25606-5.wav	ทางเข้าหมู่บ้านจะแกโกนอำเภอเมืองจังหวัดสุรินทร์นี่แหละค่ะ
25-25611-163.wav	เฟิร์สบอกว่าต้องการให้พลเอกประยุทธ์ลาออกจากตำแหน่งนายกรัฐมนตรี
25-25612-21.wav	ให้สามารถเคลื่อนไหวเดินทาง
25-25614-0.wav	วันนี้ตำรวจที่จังหวัดเชียงใหม่ต้องออกมาชี้แจงข้อเท็จจริงแล้วครับ
25-25614-12.wav	โดยบอกว่ากรณีนี้สืบเนื่องมาจากการแจ้งเกิดลูกเมื่อเดินทางไปทำตามขั้นตอน
25-25614-19.wav	รองผู้บังคับการตำรวจภูธรจังหวัดเชียงใหม่เดินทางไปตรวจสอบข้อเท็จจริงที่สภ.ช้างเผือกนะครับ
25-25614-20.wav	แล้วก็ได้ตรวจสอบแล้วจนทราบว่าผู้หญิงคนนี้อายุ25ปีชื่อว่านางบัวเงินเป็นชาวพม่า
25-25614-30.wav	จากนั้น24ตุลาคมได้เดินทางไปแจ้งเกิดให้ลูก
25-25614-3.wav	ที่ถูกควบคุมตัวอยู่ในห้องคุมขังของสภ.ช้างเผือกนะฮะที่จังหวัดเชียงใหม่นะครับ
25-25614-46.wav	ก็อุ้มลูกชายของนางบัวเงินมาเยี่ยมที่ห้องขัง
25-25614-66.wav	ขอให้ชะลอการผลักดันนางบัวเงินออกนอกประเทศไว้ก่อน
25-25614-68.wav	ส่วนที่นางบัวเงินบอกว่าตัวเองเนี่ยถูกแกล้ง
25-25614-6.wav	อำเภอเมืองจังหวัดเชียงใหม่บางภาพก็จะอยู่ในห้องคุมขังเลยด้วยซ้ำนะครับ
25-25614-71.wav	จะประสานไปยังสามีของนางบัวเงินที่ทำงานอยู่ที่เพชรบูรณ์
25-25616-20.wav	กำลังเดินทางไปที่จังหวัดกาฬสินธุ์เพื่อแสดงต่อในวันพรุ่งนี้
25-25616-23.wav	โดยมีนักแสดงแดนเซอร์เดินทางมาด้วยกันทั้งหมด
25-25616-84.wav	ก่อนจบการแสดงบอกว่าครับขอให้เดินทางกลับบ้านโดยปลอดภัยด้วยจ้า
25-25617-10.wav	ท้องที่อำเภอเดิมบางนางบวชจังหวัดสุพรรณบุรี
25-25617-15.wav	ต่อมาชุดสืบสวนสภ.เดิมบางนางบวชนะครับ
25-25617-29.wav	ไปตรงกับผู้หญิงคนนึงซึ่งมีภูมิลำเนาอยู่ที่จังหวัดสระบุรีครับ
25-25617-7.wav	ไปยังด่านห้วยยะอุตำบลแม่ละเมาอำเภอแม่สอดจังหวัดตาก
25-25623-1.wav	บุกงัดห้องของคนงานก่อสร้างที่จังหวัดร้อยเอ็ดคนงานบอกโอ้โห
25-25623-4.wav	ตำบลรอบเมืองอำเภอเมืองจังหวัดร้อยเอ็ดหลังจากรับแจ้งตำรวจสภ.
25-25623-9.wav	เล่าให้ฟังว่าก่อนเกิดเหตุเดินทางกลับมาจากไซต์งานก่อสร้างในเขตเทศบาลเมืองร้อยเอ็ด
25-25624-140.wav	แล้วก็ขอให้มั่นใจในการเดินทางและควบคุมดูแลเต็มที่อยู่แล้วค่ะ
25-25624-255.wav	ร่วมกับสำนักงานสาธารณสุขจังหวัดบุรีรัมย์เนี่ยนะครับเขาจัดมหากรรมกัญชากัญชงสา
25-25624-281.wav	ซึ่งวันแรกมีประชาชนจากหลายจังหวัดเนี่ย
25-25624-282.wav	เดินทางมาร่วมงานรับบริจาคตรวจรักษากับแพทย์ผู้เชี่ยวชาญ
25-25624-369.wav	ของฉันยังต้องเดินมาขึ้นรถไฟฟ้าไกลอยู่เลยบ้านนางใหญ่
25-25624-467.wav	นะล่าสุดเจ้าตัวออกมาฟาดถึงนายเพชรปลอม
25-25624-504.wav	โฆษณานางต้องจองอยู่นะอืมจริงๆจะเอาโฆษณาณวัฒน์ทีฉันได้ต้องจองขนาดเพื่อนฉันจะซื้อยังต้องจองเลยนะครับ
25-25624-510.wav	เขาบอกว่าธุรกิจของนายเพชรปลอมเนี่ยจึงอยู่กับขายครีมไปวันๆ
25-25626-10.wav	ดูจากบรรยากาศล่าสุดค่ะที่จังหวัดตรังเมื่อคืนนี้คนแห่ไปชมคอนเสิร์ตกันแน่นเอี้ยด
25-25626-20.wav	เดินทางมาพร้อมกับพ่อบุญธรรมของสาวลำไย
25-25628-48.wav	ที่วัดจินดารามอำเภอสามพรานจังหวัดนครปฐม
25-25629-7.wav	เภอทุ่งใหญ่จังหวัดนครศรีธรรมราชเมื่อสักครู่นี้รูกระสุนที่เข้าหน้าขาไป
25-25632-16.wav	โครงการพัฒนากีฬาจังหวัดหรือสปอร์ตฮีโร่ของเราเนี่ย
25-25632-1.wav	เป็นประธานเปิดศูนย์ประสานงานโครงการพัฒนากีฬาจังหวัดสปอร์ตฮีโร่นะคะ
25-25632-22.wav	นักกีฬาของทุกจังหวัดให้บริการแบบนี้เพราะผมดูแล้วว่ามันเป็นประโยชน์นะครับ
25-25632-2.wav	ภายในสนามกีฬากลางจังหวัดนครสวรรค์โดยจัดตั้งศูนย์พัฒนาศักยภาพนักกีฬา
25-25634-0.wav	พาคุณผู้ชมไปที่วัดบางคลานที่จังหวัดพิจิตรนะคะโอ้โห
25-25634-102.wav	เดินทางเข้าพะนบพบพนักงานสอบสวนกองปราบ
25-25634-7.wav	ตรงนี้คือประตูทางเข้าวัดหิรัญญารามหรือว่าที่ชาวบ้านเขาเรียกติดปากกันว่าวัดบางคลานหลวงพ่อเงินอยู่ในอำเภอโพทะเลจังหวัดพิจิตรค่ะ
25-25635-20.wav	หลังจากทำแผลเสร็จครับนางสาวสายฝนก็ไปให้ปากคำ
25-25635-32.wav	นางสาวสายฝนเล่าต่อบอกว่าเหตุการณ์มันเกิดขึ้นเร็วมากคุณนักข่าว
25-25635-9.wav	มีเลือดไหลซึมออกมาจากการสอบถามเบื้องต้นนางสาวสายฝน
25-25637-173.wav	หรือเปล่าหรือแบบไหนอะไรยังไงนะครับภรรยาของพรานเก่งครับนางสาวอุมากลิ่นเอี่ยมวันนี้เดินทางไปทำธุระที่
25-25637-176.wav	แต่ว่าเสียชีวิตแล้วก็ตกใจแล้วก็เสียใจมากกำลังจะรีบเดินทางกลับมาที่ชลบุรีนะครับเพราะเดี๋ยวต้องมาจัดการเรื่องการรับศพสามีแล้วก็นำศพสามีมาบำเพ็ญกุศลด้วยค่ะอีก
25-25637-25.wav	ที่จังหวัดชลบุรีตั้งแต่15สิงหาคมแล้วก็หายไปเลย
25-25637-3.wav	ป่าเขาหนองน้ำเขียวเขาชมพู่ที่จังหวัดชลบุรี
25-25637-85.wav	วันนี้ภรรยาเนี่ยเดินทางกลับไปบ้านที่ชัยนาทนะครับ
25-25639-140.wav	แขกในงานก็ทยอยเดินทางกลับค่ะคุณผู้ชม
25-25640-18.wav	ได้มีการประสานร้านขายชุดเด็กในจังหวัดลำปางซึ่งมีชุดพอดีและยินดีจะจัดส่งมาให้พร้อมกันที่จังหวัดอุดรธานีภายในวันนี้ค่ะ
25-25640-19.wav	ในวันพรุ่งนี้กู้ภัยมูลนิธิส่งเสริมธรรมอุดรธานีจะไปรับชุดทั้งหมดที่จังหวัดอุดรธานี
25-25640-20.wav	และนำมาให้ที่วัดราชสามัคคีวัดศรีอุทัยในจังหวัดหนองบัวลําภู
25-25643-226.wav	ไปสมัครแล้วก็เอ้อเดินทางปลอดภัย
25-25643-341.wav	เรื่องของการเดินทางต้องคอยเปลี่ยนเส้นทางหลบหลีกเดี๋ยวเจอกันเดี๋ยวมีเรื่อง
25-25643-498.wav	แล้วก็ให้สืบจังหวัดลงมาทำงานด้วยนะ
25-25643-88.wav	เขาบอกว่าเดินทางไม่ค่อยปลอดภัยเท่าไหร่
25-25648-30.wav	ก็เดินทางมาดูที่เกิดเหตุด้วยบอกว่าในจังหวัดเลย
25-25651-13.wav	เขาบอกว่าเขาเดินอยู่บนทางเท้าครับที่ถนนเนินพยอมอำเภอเมืองจังหวัดระยอง
25-25656-697.wav	นายวรยุทธมากนะคะครับถ้ามีโอกาสเดี๋ยวจะขอเข้าไป
25-25656-608.wav	ทนายวรยุทธวันนี้ขึ้นทั้งหมดกี่กี่ปากคะ
25-25656-593.wav	นายวรยุทธบุญวงษ์ใสทนายของครูปรีชา
25-25658-12.wav	ก็พบนายมงคล
25-25658-13.wav	ก็ทีนี้ครับก็ต้องมีการจับกุมนายมงคล
25-25658-14.wav	และนายมงคลเนี่ยสารภาพนะคุณนะ
25-25658-22.wav	ทำให้นายมงคลก็หยุดการกระทำแล้วก็อ่ะใส่เสื้อใส่กระโปรงให้เด็ก
25-25658-25.wav	แล้วก็ท้ายที่สุดตำรวจก็มาตามจับกุมนายมงคล
25-25658-26.wav	นายมงคลก็รับสารภาพตลอดข้อกล่าวหาว่าจะข่มขืนหลานแท้ๆของตัวเองนะครับ
25-25658-6.wav	สอบสวนสภ.แดนดงขออภัยฮะสภ.แคนดงให้ดำเนินคดีกับนายมงคล
25-25658-9.wav	ซึ่งจริงๆแล้วนะนายมงคลก็จะมีศักดิ์เป็นตาแท้ๆของเด็กด้วยนะครับ
25-25661-0.wav	อะคุณผู้ชมดูเหตุการณ์เกิดขึ้นที่จังหวัดเชอเอ่อจังหวัดฉะเชิงเทรากันหน่อยนะคะ
25-25662-319.wav	แล้วก็เป็นผู้ที่เดินทางมาจากประเทต่างประเทศ1ราย
25-25662-321.wav	สำหรับ9จังหวัดที่ซิงๆเลยยังไม่มีผู้ป่วยก็
25-25662-332.wav	แยกเป็นรายจังหวัดส่งให้ผู้ว่าแต่ละจังหวัดในวันถัดไป
25-25662-339.wav	ถ้าคุณถูกเลิกจ้างหรือว่าเดินทางกลับบ้านต่างจังหวัด
25-25662-398.wav	ปอดเขียวช้ำล่าสุดครับวันนี้ฮะผู้สื่อข่าวก็เดินทางไปยังบ้านของผู้เสียชีวิตนะครับ
25-25662-410.wav	จะเดินทางมาขอขมาศพตนเองยินดีนะครับ
25-25662-801.wav	พอคนรู้ก็ขอร่วมด้วยอะเงินเพิ่มขึ้นมาอีกนางก็เลยแจกต่อ
25-25663-162.wav	นี่คือความแสบของนายแดน
25-25664-15.wav	โดยเฉพาะคนขับรถตู้ส่งนักเรียนที่จังหวัดนครสวรรค์
25-25669-22.wav	หากินในไร่ข้าวโพดของชาวบ้านที่หมู่บ้านคลองทรายหมู่ที่8ตำบลวังน้ำเขียวอำเภอวังน้ำเขียวจังหวัดนครราชสีมาค่ะ
25-25671-8.wav	ให้ขับรถตุ๊กตุ๊กจากบขส.3จังหวัดขอนแก่น
25-25671-9.wav	บอกให้มาส่งที่จังหวัดอุบลราชธานีนะคะ
25-25672-6.wav	โรงเรียนสมาคมเลขานุการสตรี3อำเภอท่าแพจังหวัดสตูล
25-25673-16.wav	ใช่ค่ะใช่ฝ้ายก็ว่านางร้ายมันก็เหมาะกับฝ้ายดี
25-25673-6.wav	แล้วก็บทบาทนางร้ายเนี่ยยังคงเป็นบทบาทที่เธอรักแล้วก็หลงไหลอยู่
25-25675-6.wav	ยังไม่ถูกการแก้ไขออกไปนะครับคนที่จะเป็นนายกรัฐมนตรีคนต่อไปเนี่ย
25-25677-2.wav	เพื่อส่งรายชื่อทำเอกสารในการเดินทางไปที่จีน
25-25677-3.wav	ก่อนจะตัดให้เหลือ23คนสุดท้ายเพื่อเดินทางไป
25-25679-11.wav	ที่อำเภอเมืองจังหวัดเชียงใหม่นี่ภาพเห็นชัดเจนนะครับ
25-25680-10.wav	ของอำเภอจอมทองจังหวัดเชียงใหม่ที่นี่ปังมากนะ
25-25681-0.wav	ไปดูความเดือดร้อนของชาวบ้านที่อำเภอจตุรัสจังหวัดชัยภูมิ
25-25681-9.wav	ตำบลละหารที่อำเภอจตุรัสจังหวัดชัยภูมิ
25-25682-59.wav	เหมือนกันช่วงเดินทางไปต่างประเทศติดต่อกันนานๆเนี่ย
25-25683-13.wav	ใครที่อยู่บริเวณดังก็ออกจากบ้านดูฟ้าดูฝนด้วยละกัน
25-25684-24.wav	และปราบปรามสภ.ไม้แก่นที่จังหวัดปัตตานีเนี่ยนะ
25-25684-27.wav	ที่อำเภอบาเจาะจังหวัดนราธิวาส
25-25684-2.wav	ซึ่งเป็นรถตำรวจสายตรวจของที่จังหวัดปัตตานี
25-25684-3.wav	คือขับมาในพื้นที่ของจังหวัดนราธิวาส
25-25684-53.wav	ตำรวจนายนี้เนี่ยนะคะหูอื้อแน่นหน้าอก
25-25684-73.wav	เจ้าหน้าที่กองพิสูจน์หลักฐานจังหวัดนราธิวาสดูสิ
25-25685-15.wav	เป็นขวัญและกำลังใจด้วยกับการเดินทางมาถึงถ้ำหลวงของครูบาบุญชุ่ม
25-25685-27.wav	เดินทางมาปลุกขวัญกำลังใจให้กับผู้ปฏิบัติงาน
25-25685-37.wav	ได้เดินทางมาที่ถ้ำหลวงเพื่อแผ่เมตตา
25-25685-51.wav	ไทยพม่าลาวได้เดินทางมาทำพิธีอธิษฐานจิตเมตตา
25-25685-64.wav	อำเภอเชียงแสนจังหวัดเชียงราย
25-25685-70.wav	ครูบาบุญชุ่มเดินทางมาที่ถ้ำหลวงเป็นครั้งที่3
25-25685-9.wav	หลายทีมที่เข้าไปช่วยกันใช่เขาก็ทยอยเดินทางกลับค่ะ
25-25688-21.wav	หน้าวัดพระปฐมเจดีย์ดีย์จังหวัดนครปฐมซึ่งตอนนั้นเนี่ยเขามีการจัดงานองค์พระปฐมเจดีย์ไง
25-25694-59.wav	จังหวัดกำแพงเพชรแล้วต่อมาครับเฟซบุ๊กชื่อว่าโป๊ะซ่าส์เกิดมาคุย
25-25694-64.wav	เดินทางจากบ้านมาตั้งแต่เที่ยงคืนถึงธนาคารตอนตี3
25-25696-14.wav	รองผู้บังคับการตำรวจภูธรจังหวัดสุราษฎร์ธานี
25-25696-54.wav	กระทั่งตนรู้สึกเอะใจจึงเดินทางไปแจ้งความคนหายตั้งแต่วันที่15พฤษภาคม
25-25696-6.wav	หลังจากไปพบโครงกระดูกมนุษย์และจักรยานยนต์ถูกเผาอยู่ที่ป่าข้างทางริมถนนสายศรีพวงทองบ้านควรราชาที่อำเภอกาญจนดิษฐ์จังหวัดสุราษฎร์ธานีนะครับ
25-25697-11.wav	ในพื้นที่เขตเทศบาลจังหวัดตรัง
25-25697-1.wav	แล้วก็ก่อเหตุที่เกิดขึ้นที่จังหวัดชลบุรีนะครับ
25-25697-8.wav	กรณีอุบัติเหตุจากโรคลมชักกำเริบจนขับรถชนที่จังหวัดชลบุรี
25-25699-23.wav	ซึ่งบอกว่าไม่เคยรู้จักกับนายลิขิตคนนี้มาก่อนนะ
25-25699-24.wav	แต่ก่อนหน้านี้ประมาณ2เดือนเนี่ยนายลิขิต
25-25699-32.wav	แต่นายลิขิตก็ยังไม่ยอมออกจากร้านนะครับ
25-25699-41.wav	ตอนที่ล้มลงเนี่ยนายลิขิตก็เลยชักปืนออกมา
25-25699-48.wav	แต่ว่านายลิขิตวิ่งตามไม่ทันนะครับ
25-25699-9.wav	ชื่อว่านายลิขิตประธานนะครับเป็นผู้ก่อเหตุนะครับจับได้ที่บ้านพักในพื้นที่หมู่4ตำบล
25-25701-1.wav	หนุ่มที่จังหวัดขอนแก่นอายุ19ปีเท่านั้นค่ะ
25-25702-1.wav	เยอะจริงๆมากมายหลายจังหวัดเอางี้แล้วกัน
25-25702-23.wav	ที่วัดท่าใหม่อิจังหวัดเชียงใหม่
25-25702-34.wav	จากภาคเหนือไปต่อกันที่กุมารองค์ที่3กับกุมารไอส้มฉุนที่วัดทรงเสวยจังหวัดชัยนาท
25-25702-46.wav	และของแก้บนส่วนใหญ่ก็มักจะเป็นการจ้างนางรำมารำถวายแก้บนแบบนี้
25-25702-8.wav	เป็นอย่างดีที่วัดสว่างอารมณ์จังหวัดนครปฐม
25-25704-60.wav	เบื้องตำรวจคาดว่าเป็นแฟนของผู้ตายชื่อนายเวหาเป็นสุข
25-25705-10.wav	จากกรณีที่นายอานนท์นะคะได้ใช้ดาบซามูไร
25-25705-17.wav	แต่ว่านายอานนท์ให้การรับสารภาพเป็นประโยชน์ต่อการพิจารณาคดี
25-25705-19.wav	แต่ว่าการกระทำของนายอานนท์นะคะทำไปเพราะอารมณ์ชั่ววูบ
25-25705-21.wav	ในพื้นที่คลอง5จังหวัดปทุมธานี
25-25705-23.wav	แต่ว่าหลังจากนั้นค่ะญาติของนายอานนท์เนี่ย
25-25705-50.wav	ซึ่งภรรยาของนายอานนท์คนที่ก่อเหตุฆ่าเจ้าขาวเนี่ยก็บอกว่า
25-25705-55.wav	เจ้าขาวเนี่ยเคยกัดลูกชายของนายอานนท์จนต้องไปฉีดยารักษา5เข็ม
25-25705-7.wav	เดินทางมาศาลพระนครเหนือเพื่อฟังคำพิพากษา
25-25707-1.wav	ชาวบ้านจังหวัดนครศรีธรรมราชพากันไปดูหมูประหลาดนะครับ
25-25707-5.wav	ที่จังหวัดนครศรีธรรมราชฮะ
25-25707-6.wav	จังหวัดนครศรีธรรมราชครับนะครับ
25-25709-175.wav	ล่าสุดค่ะนางรักทองอายุ52ปีเป็นมารดาผู้ตายอะนะคะ
25-25709-473.wav	จึงตัดสินใจปรับแก้ดีไซน์ผีนางรำใหม่นะครับ
25-25709-474.wav	จึงเป็นเหตุผลให้ปรับแก้ผีนางรำใหม่เนี่ยให้สวยงาม
25-25709-477.wav	เพื่อให้คนเนี่ยนะครับเห็นผีนางรำ
25-25709-502.wav	ที่แบบว่าแต่งนางรำไทยแบบ
25-25709-525.wav	นำเจ้าหน้าที่8นายพร้อมด้วยอุปกรณ์การดำน้ำเนี่ย
25-25709-528.wav	แต่ด้วยนายเอกลักษณ์หัวหน้าทีมชุดมารีนนักประดาน้ำเขาบอกว่าได้รับการขอร้อง
25-25709-85.wav	ก็ได้รับแจ้งฮะจากเจ้าหน้าที่ท้องถิ่นจังหวัดเอ่อที่ท่าขี้เหล็ก
25-25710-109.wav	ได้นำกำลังเข้าค้นบ้านนายเปรมชัย
25-25710-113.wav	แต่ไม่พบตัวนายเปรมชัย
25-25710-116.wav	โดยอัยมีความเห็นสั่งฟ้องนายเปรมชัยและพวก
25-25710-42.wav	ส่วนค่าเสียหายทางแพ่งให้นายเปรมชัยและนายธานี
25-25710-47.wav	ทั้งนี้มีรายงานว่าเหตุผลที่ศาลยกฟ้องนายเปรมชัย
25-25710-91.wav	เจ้าหน้าที่จึงควบคุมนายเปรมชัยพร้อมพวกมาสอบสวน
25-25712-2.wav	ค่ะขบวนความยิ่งใหญ่ของช้างเกือบ200เชือกจากหลายอำเภอในจังหวัดสุรินทร์
25-25715-29.wav	เพื่อนบ้านเดินทางมาร่วมไว้อาลัยและให้กำลังใจกับครอบครัวผู้เสียชีวิตด้วยเช่นเดียวกัน
25-25715-43.wav	ก็เดินทางไปแสดงความเสียใจต่อญาติของผู้เสียชีวิต
25-25715-68.wav	มีรถทัวร์ท่องเที่ยวอยู่ทั้งหมด3คันค่ะขายไปแล้ว1คันเหลือ2คัน
25-25715-70.wav	ครับล่าสุดเนี่ยขนส่งจังหวัดกาฬสินธุ์เพิกถอนทะเบียนแล้วนะคะ
25-25715-9.wav	ไปที่วัดป่าพุทธมงคลอำเภอเมืองจังหวัดกาฬสินธุ์
25-25717-19.wav	ที่บริเวณด้านหน้าห้องนอนพบศพนางบรรจง
25-25718-0.wav	วันนี้มีความคืบหน้าแล้วนะคะหลังจากนี้ที่เมื่อวานเนี่ยเล่าไปว่าไปเจอถุงดำ3ถุงอยู่ในป่าที่อำเภอเมืองจังหวัดระยองนะคะแล้วก็ภายใน3ถุงนี้มีชิ้นส่วนของมนุษย์หั่นเป็น8ท่อนครับแล้วก็เป็นชิ้นส่วนของมนุษย์ผู้ชายอืมแต่ว่าบางชิ้นส่วนเนี่ยยังหาไม่เจอก็คือหัวแขนซ้ายแล้วก็ต้นขาเบื้องต้นเนี่ยคาดว่า
25-25718-32.wav	ผู้กำกับการพิสูจน์หลักฐานจังหวัดระยอง
25-25718-7.wav	ตำบลเนินพระอำเภอเมืองจังหวัดระยองเจ้าหน้าที่เขาก็ค้นหาเพิ่มเติมอ่ะค่ะ
25-25721-22.wav	ก็แคนดิเดตนายกรัฐมนตรีนั่นแหละพูดกันง่ายๆนะครับ
25-25724-27.wav	ในเรื่องของจังหวะการขับรถมาทำงานการเดินทางอยู่แล้ว
25-25724-31.wav	ในเรื่องของการเดินทางมาทำงานในกรุงเทพ
25-25727-290.wav	การสนับสนุนให้กับนางสาวแพทองธาร
25-25727-300.wav	นายกฯว่าอย่างนั้นก็แล้วแต่
25-25727-34.wav	แล้วก็ข้อจำกัดในการเดินทางระหว่างประเทศเพื่อให้สอดคล้องกับนโยบายการเปิดประเทศนั่นเองครับ
25-25727-398.wav	ก็ขอให้ผู้ว่าราชการจังหวัดทุกจังหวัดให้การช่วยเหลือ
25-25727-406.wav	หลังทำตัวเป็นไฮโซสาวชาวจังหวัดอุบลราชธานีพร้อมเชิญชวนมาลงทุนออมเงินครับ
25-25727-424.wav	นั่งอยู่บ้านนางบอกนางเป็นไฮโซอื้อหึเป็นไฮโซเป็นเจ้าของบริษัทรับเหมาก่อสร้างอะไรเยอะแยะไปหมดเลยฮะ
25-25727-86.wav	โดยเฉพาะคนกรุงเทพมหานครรวมถึงทุกจังหวัดที่ใช้ไฟฟ้า
25-25729-12.wav	พื้นที่หมู่6ตำบลพันท้ายนรสิงห์อำเภอเมืองจังหวัดสมุทรสาคร
25-25729-25.wav	ชื่อว่านายเอสนะฮะเบื้องต้นตอนแรกเนี่ยอ่าทราบชื่อว่านายเอส
25-25729-46.wav	แต่ว่านายเอสตามมาที่รถกระบะแล้วชักปืน9มม.ออกมากระหน่ำยิงใส่
25-25729-49.wav	แต่สองนัดนี้ก็ตายแล้วค่ะนะฮะหลังจากนั้นนายเอสยังใจเย็นนะครับ
25-25730-19.wav	อยู่ที่ถนนราชบำรุงตำบลเนินพระอำเภอเมืองจังหวัดระยองนี่นะ
25-25731-13.wav	ผู้ช่วยป้องกันจังหวัดมหาสารคาม
25-25731-14.wav	ชุดปฏิบัติการพิเศษฝ่ายปกครองจังหวัดมหาสารคาม
25-25732-18.wav	แล้วก็เดินทางมากรุงเทพฯเนี่ยจนหัวลำโพงแตกนี่เป็นคลิปที่หัวลำโพง
25-25732-2.wav	คนคนเนี้ยเดินทางมาจากบ้านเกิดภาคใต้
25-25732-38.wav	ในช่วงที่การเดินทางไปหัวเมืองออสเตรเลีย
25-25732-66.wav	ก็คือคุณทิพย์หรือว่าคุณลินดาเนี่ยคุณคือเดินทางมากรุงเทพฯนะครับ
25-25737-8.wav	อยู่อำเภอเมืองจังหวัดศรีสะเกษบ้านหลังนี้นี่แหละ
25-25739-119.wav	เอาละครับเดินทางมาถึงช่วงท้ายของตะลอนข่าวแล้ว
25-25739-6.wav	อยู่ที่คลอง2จังหวัดปทุมธานีครับ
25-25739-91.wav	ตำบลแม่วินอำเภอแม่วางจังหวัดเชียงใหม่ครับ
25-25742-0.wav	ผู้ว่าราชการจังหวัดเชียงใหม่นำส่วนราชการประชาชน
25-25744-87.wav	ใช่ค่ะเพราะคนก็ทำนายทายทัก
25-25747-4.wav	ก็ได้เดินทางไปถึงโรงพยาบาลหางดงจังหวัดเชียงใหม่เป็นที่เรียบร้อยแล้วนะคะ
25-25749-31.wav	คือเขาจะแบ่งพื้นที่เปิดเป็นท่องเที่ยวเชิงเกษตร4ไร่
25-25749-34.wav	ก็คือไปมอบความรู้การเพาะปลูกให้กับชาวบ้านในจังหวัดอีกด้วย
25-25749-3.wav	อีกหนึ่งเรื่องราวความสำเร็จของวิสาหกิจชุมชนเล็กเล็กที่จังหวัดระนอง
25-25749-53.wav	ผู้ปลูกโกโก้ในจังหวัดอย่างเงี้ยแล้วก็สร้างแบรนด์โกโก้ของตัวเอง
25-25749-54.wav	อย่างคุณพี่เขาก็คือสร้างเป็นแบรนด์โกโก้ของจังหวัดระนอง
25-25749-9.wav	ศูนย์การเรียนรู้และท่องเที่ยวเชิงเกษตรการปลูกแปรรูปโกโก้แอนด์ช็อกโกแลต
25-25750-13.wav	แต่เมื่อวานนี้เนี่ยมีตำรวจนายนึงขี่จักรยานยนต์ของตำรวจมา
25-25750-40.wav	ตำรวจนายนี้ชื่อร้านอะไรนะร้านมาแล้วค่ะ
25-25750-42.wav	อ่านชื่อก็อยากกินแล้วท่านผู้ชมครับตำรวจนายนี้นะฮะ
25-25751-0.wav	ทีนี้มาดูเรื่องของนายเปรมชัยค่ะ
25-25751-15.wav	แล้วก็ยอมรับด้วยว่าจากการคุยนอกรอบกับนายเปรมชัยมีคนที่เกี่ยวข้องอีกคนนึงคุณผู้ชม
25-25751-2.wav	วันนี้นายเปรมชัยกับนายยงคนขับรถนะคะ
25-25751-31.wav	ส่วนนายยงคนขับรถของนายเปรมชัยก็ให้สัมภาษณ์
25-25751-37.wav	มันก็มีอีกคดีนึงที่สืบเนื่องจากคดีเข้าไปล่าสัตว์ฆ่าสัตว์ป่าในป่าทุ่งใหญ่นเรศวรของนายเปรมชัยอะนะ
25-25752-25.wav	มีนางร้ายชื่ออักษรย่อม.ม้า
25-25752-29.wav	รวมไปถึงยังมีข่าวลือกับนางร้ายสุดแซ่บ
25-25754-9.wav	คอกแพะอยู่ในพื้นที่หมู่1อำเภอโคกสำโรงจังหวัดลพบุรี
25-25755-10.wav	ที่อำเภอเหนือคลองจังหวัดกระบี่เหตุการณ์เกิดขึ้นสามทุ่มเมื่อวานนี้นี่เองนะคะ
25-25755-15.wav	ไม่ติดแผ่นป้ายทะเบียนก็เป็นของทางด้านของนายนุเองเนี่ย
25-25755-28.wav	พอออกมาดูอ้าวนายนุนอนเจ็บอยู่แล้ว
25-25755-30.wav	คนร้ายอาจจะโกรธแค้นก็ได้ที่นายนุเนี่ยชอบไปอาละวาดหาเรื่อง
25-25758-206.wav	เอาเป็นว่าตอนนี้อัตราโทษในการฆ่าคนตายสองศพของนายกอล์ฟนะครับ
25-25758-37.wav	เมื่อคืนวันก่อนตลาดนัดข้างทางรถไฟสถานีหนองปริงจังหวัดนครสวรรค์
25-25758-72.wav	เธอก็พาสามีมาด้วยในคืนวันนั้นก็คือนายสาธิตหรือว่าหนึ่ง
25-25760-36.wav	ทีมข่าวเราไปพูดคุยกับเจ้าของโพสต์ก็คือนายยุทธภูมิแก้วเข้มหรือคุณบูม
25-25761-21.wav	ชื่อว่านายเอกชัยเขียวตายอายุ21ปีค่ะ
25-25761-25.wav	ทีนี้สอบสวนนายเอกชัยนายเอกชัยให้การบอกว่า
25-25761-31.wav	ปืนมันลั่นเพราะนายเอกชัยลืมไปว่าตัวเองใส่กระสุนปืนไว้ในกระบอกปืนด้วย
25-25761-35.wav	แต่นายเอกชัยก็ต้องถูกดำเนินคดีตามกฎหมายต่อไปนะคะ
25-25762-32.wav	เนื่องจากสถานการณ์การแพร่ระบาดของโควิด19ที่จังหวัดเชียงใหม่
25-25765-16.wav	ผลจากการตรวจสอบของศูนย์วิทยาศาสตร์การแพทย์จังหวัดสงขลาออกมาแล้วว่าไม่พบเชื้อ
25-25766-100.wav	นะฮะทางนี้นายอัจฉริยะจะนำหลักฐานทั้งหมดไปมอบให้กรมสอบสวนคดี
25-25766-97.wav	ที่สภ.พระประแดงได้ไหมจังหวัดสมุทรปราการ
25-25770-12.wav	มีจักรยานยนต์ของผู้บาดเจ็บก็คือนายสมนึกที่สาหัสเนี่ยก็จอดอยู่ด้วย
25-25770-13.wav	ส่วนผู้ก่อเหตุพยานบอกว่าไม่ใช่ใครที่ไหนเป็นอดีตภรรยาของนายสมนึก
25-25770-14.wav	ชื่อว่านางประนอมแก้วละเอียดอายุห้าสิบเจ็ดปีหลังจากยิงเขาแล้ว
25-25770-20.wav	ประนอมผู้ต้องหาเมื่อเช้าวันนี้มาดักนั่งรอนายสมนึกเลย
25-25770-23.wav	เลยนะครับแล้วนายสมนึกก็ขี่จักรยานยนต์มาเพราะว่าเอาน้ำยาง
25-25770-26.wav	เห็นนายสมนึกอดีตสามีใช้ปืนกระหน่ำยิงทันทีนะครับแต่ว่า
25-25770-29.wav	ทีเนี้ยกระหน่ำยิงไปจนหมดโม่เลยนะครับกระสุนก็เข้าที่หน้าท้องของนายสมนึก
25-25770-30.wav	สามนัดบาดเจ็บสาหัสนะครับแต่ว่านายสมนึกยังใจแข็งนะฮะ
25-25770-34.wav	นางประนอมเนี่ยมานั่งอยู่ที่เก้าอี้ด้านหน้าจุดรับซื้อน้ำยางเนี่ยนานละเป็นชั่วโมง
25-25770-35.wav	พอนายสมนึกอดีตสามีขี่รถมาถึงยิงทันทีทุกคนก็ตกใจวิ่งหนีเอาตัวรอดกันหมดเพราะกลัวจะถูกลูกหลง
25-25770-38.wav	พอเลิกได้3เดือนก็เห็นว่านายสมนึกมีภรรยาใหม่แล้ว
25-25770-3.wav	อำเภอสะเดาจังหวัดสงขลาท้องที่ของสภ.คลองแงะนะครับ
25-25770-41.wav	เหตุก็เกิดจากภรรยาหลวงคือนางประนอมเนี่ย
25-25770-42.wav	ได้หย่าร้างกับทางนายสมนึกสามีมา3เดือน
25-25770-43.wav	และทราบว่าสาเหตุของการหย่าก็คือนายสมนึกไปมีภรรยาน้อยภรรยาใหม่
25-25771-3.wav	อุทยานประวัติศาสตร์กำแพงเพชรค่ะตั้งอยู่ที่ตำบลหนองปริงอำเภอเมืองจังหวัดกำแพงเพชรนะคะ
25-25772-171.wav	สำหรับศพของผู้อำนวยการสุริยาเนี่ยนะฮะก็จะเดินทางไปถึงที่ศาลา1
25-25772-172.wav	วัดบ้านห้วยกรุตำบลบางพระอำเภอศรีราชาจังหวัดชลบุรี
25-25772-176.wav	จะเดินทางมาเป็นประธานในพิธี
25-25772-180.wav	ก็ได้เดินทางไปที่วัดไปช่วยกันทำความสะอาดศาลา
25-25772-184.wav	เดินทางมาร่วมพิธีศพจำนวนมากด้วยนะฮะ
25-25772-190.wav	ซึ่งก็ให้รับศพกลับไปประกอบพิธีทางศาสนาที่อำเภอศรีราชาจังหวัดชลบุรี
25-25772-22.wav	ได้ติดต่อไปขอรับศพของนายสุริยา
25-25777-31.wav	เป็นตลาดนัดนกฮูกนะครับอยู่ที่ตำบลบางกระสออำเภอเมืองจังหวัดนนทบุรีนะฮะ
25-25778-9.wav	เรื่องนี้ผู้กำกับการสถานีตำรวจภูธรเชียงกลมในจังหวัดเลย
25-25779-39.wav	หลังทราบเรื่องได้เหมาแท็กซี่มาจากจังหวัดนครปฐม
25-25781-25.wav	ทีนี้พอประกันตัวสามแสนบาทเนี่ยนะฮะเจ้าของบ้านก็คือนายรูดอฟ
25-25781-27.wav	บอกว่าวันเกิดเหตุนายเสถียรผู้ตายเข้ามาเนี่ยเอาปืนมาจ่อศีรษะ
25-25781-50.wav	ส่วนประเด็นที่ว่านายเสถียรมาชอบพออยู่กับเธอเนี่ยขอยืนยันว่าไม่เป็นความจริง
25-25781-51.wav	หรือถ้าเกิดว่านายเสถียรมาชอบเธอจริงเธอก็ไม่ได้เล่นด้วย
25-25781-58.wav	ที่ตำบลสร้างแป้นอำเภอเพ็ญจังหวัดอุดรธานีนะฮะคือวันนี้ฌาไปแล้วนะครับ
25-25781-78.wav	เขาไม่เคยเกี่ยวข้องอะไรกับนายเสถียรนะ
25-25782-1.wav	ชื่อว่านายโอเล่อายุ31ปีที่ประกาศตามหานายโอเล่ก็เพราะว่านายโอเล่เนี่ยเป็นแฟนกับน้องสาวเขา
25-25782-3.wav	น้องสาวของผู้โพสต์เสียชีวิตเลยนะคะแล้วเขาบอกว่าเขามีพยานหลักฐานค่อนข้างชัดเจนแหละว่านายโอเล่นี่แหละ
25-25782-68.wav	ก็ต้องเรียกเนี่ยนายโอเล่คนเนี้ยเนี้ยสอบปากคำเพิ่ม
25-25782-75.wav	คือมันผิดปกติตรงที่นายโอเล่เนี่ยขับรถเข้าแล้วหนีหายไปเลย
25-25782-8.wav	น้องสาวไปทำอะไรให้ใครพอรู้ที่อยู่หรือรู้ว่านายโอเล่อยู่ไหนทำงานที่ไหนรบกวนแจ้งหน่อย
25-25783-4.wav	ที่ตั้งขายอยู่ที่อำเภอโพธารามจังหวัดราชบุรีแหมชื่อดีนะ
25-25784-344.wav	เดินทางท่องเที่ยวถ่ายรูปให้ดูค่ะ
25-25786-24.wav	จะเล่าให้ฟังว่าจังหวัดกระบี่เขาดีแล้วเขาไม่ได้มีดีแค่ทะเลค่ะ
25-25786-2.wav	มีจริงขวานฟ้าหน้าดำเนี่ยเขาเจอกันอยู่ที่ภาคใต้จังหวัดกระบี่
25-25786-3.wav	พาเข้าถ้ำไปเลยครับลงใต้กันไปที่บ้านปากหนาตำบลปลายพระยาอำเภอปลายพระยาจังหวัดกระบี่
25-25786-6.wav	พอเข้าไปนะหน่วยอนุรักษ์ทรัพยากรธรรมชาติสิ่งแวดล้อมและศิลปากรท้องถิ่นจังหวัดกระบี่
25-25788-18.wav	คุณแม่ได้เดินทางไปที่ศูนย์ดำรงธรรมจังหวัดราชบุรี
25-25788-1.wav	ผู้เป็นแม่เนี่ยเข้าร้องทุกข์ต่อศูนย์ดำรงธรรมจังหวัดราชบุรี
25-25788-23.wav	โดยนายวิทยาเนี่ยถือว่าเป็นพยานในที่เกิดเหตุ
25-25788-25.wav	นายวิทยาเนี่ยนะคุณค่ะถูกตำรวจภูธรจอมบึงเรียกตรวจค้น
25-25788-32.wav	เจ้าหน้าที่ตำรวจพยายามถามนายวิทยาว่า
25-25788-36.wav	นายวิทยารู้จักกับคนขับรถจักรยานยนต์มา
25-25788-38.wav	เจ้าหน้าที่เนี่ยพยายามถามนายวิทยา
25-25788-39.wav	ซึ่งตัวนายวิทยาบอกว่ามองไม่เห็นว่าเป็นใคร
25-25789-0.wav	ส่วนความคืบหน้าเหตุระเบิดและวางเพลิง7จังหวัดภาคใต้นะครับ
25-25789-10.wav	ก็เร่งสืบสวนขยายผลในจังหวัดสงขลา
25-25789-15.wav	พบว่าทุกจังหวัดมีการก่อเหตุด้วยกัน4คน
25-25789-9.wav	โลตัสจังหวัดนครศรีธรรมราช
25-25791-100.wav	อีกทั้งเมื่อนาคเข้าโบสถ์แล้วเดินทางกลับเลยนะครับ
25-25791-97.wav	ก็ไปด้วยนะครับก็เดินทางไปร่วมงานแล้วเห็นว่าวัดสิงห์เนี่ยอยู่ในเขตจอมทอง
25-25792-18.wav	ความสุขให้กับเหล่าชาวบ้านที่เดินทางมาร่วมบุญได้ฟังกันด้วยค่ะ
25-25792-1.wav	ไปกันเลยนะคะที่จังหวัดอุดรธานีค่ะ
25-25792-3.wav	วัดศรีสว่างอารมณ์อำเภอกุดจับจังหวัดอุดรธานีค่ะ
25-25794-108.wav	ตำบลในเมืองอำเภอเมืองจังหวัดบุรีรัมย์นะฮะนี่ค่ะ
25-25794-111.wav	เพราะฉะนั้นไอ้เรื่องการเดินทางที่ว่าต้องกลับมาทำงานอะไรอย่างงี้เธอ
25-25794-119.wav	เพจของรีสอร์ทแห่งหนึ่งซึ่งอยู่ที่เขาใหญ่จังหวัดนครราชสีมา
25-25794-154.wav	เดินทางไปร่วมแสดงความอาลัยในงานศพของคุณแม่ของคุณพลอย
25-25794-262.wav	ของจังหวัดนครราชสีมาหลังจากทราบเรื่องนี้นะฮะ
25-25794-269.wav	เรื่องนี้นะฮะทางแรงงานของจังหวัดนครราชสีมาส่งจดหมาย
25-25794-281.wav	ก็สั่งให้แรงงานของจังหวัดนครราชสีมามาตรวจสอบเรื่องนี้และให้ความเป็นธรรมกับทุกฝ่าย
25-25796-0.wav	ส่วนที่จังหวัดตากนะคะมีเหตุทะเลาวิวาทกันระหว่างเพื่อนนะคะ
25-25796-15.wav	หลังก่อเหตุนายประพันธ์หลบหนีอยู่ที่บ้านพักตำรวจจึงเข้าจับกุม
25-25796-21.wav	จึงวิ่งหนีไปซ่อนตัวอยู่ในสวนลำไยกระทั่งนายประพันธ์ตามไปพบ
25-25796-5.wav	เป็นฝีมือของนายประพันธ์ขวัญเมื่อที่เป็นทั้งเพื่อนสนิทและญาติ
25-25796-7.wav	พื้นที่ชุมชนริมคลองเจ้าอำเภอวังเจ้าจังหวัดตากในที่เกิดเหตุนายเปรมนอนเสียชีวิตใต้ต้นลำไย
25-25796-9.wav	ตำรวจใช้เวลาสืบสวนไม่นานจึงทราบว่าผู้ก่อเหตุคือนายประพันธ์
25-25797-14.wav	จากอาชีพครูที่จังหวัดร้อยเอ็ดนี่แหละค่ะ
25-25798-13.wav	พาไปดูบรรยากาศที่วัดหนองแวงพระอารามหลวงอำเภอเมืองจังหวัดขอนแก่นเลยนะคะ
25-25799-2.wav	หลังเกิดการติดโควิด19ภายในแคมป์ที่จังหวัดนครปฐม
25-25800-103.wav	เจ้าหน้าที่แจ้งนะคะว่าวันนี้หากมีประชาชนเดินทางมาครบ
25-25800-106.wav	และให้เดินทางมาใหม่ในวันต่อไป
25-25800-14.wav	เต็มไปด้วยประชาชนที่เดินทางมา
25-25800-2.wav	ก็ยังคงเดินทางมาที่พระบรมมหาราชวัง
25-25800-37.wav	ตำบลดอนแก้วอำเภอแม่ริมจังหวัดเชียงใหม่
25-25800-38.wav	ที่เดินทางมาโดยการอำนวยความสะดวก
25-25800-4.wav	เพื่อที่จะได้เดินทางมาถวายสักการะ
25-25800-58.wav	หรือว่าทางจังหวัดจัดมาอีก
25-25801-9.wav	เขาได้รับแจ้งมาว่ามีคนถูกแทงได้รับบาดเจ็บลงพื้นที่ไปที่บ้านก็เจอนางน้องนิด
25-25803-58.wav	พระคู่นางคู่พระเอกละครยังไงก็ไม่รู้ย้อนบุญ
25-25804-150.wav	วันแรกนะครับเขาจะเดินทางเที่ยวที่เซ็นไดตลอดทั้งวันเลย
25-25804-162.wav	แล้วก็ผมบรรยายเรื่องการไปท่องเที่ยวก่อนนะครับ
25-25805-10.wav	เหตุการณ์นี้เกิดขึ้นในพื้นที่ตำบลวังกระแจะอำเภอเมืองจังหวัดตราดครับ
25-25806-10.wav	ริมถนนมิตรภาพที่จังหวัดนครราชสีมาตะโกนห้ามผู้ใหญ่ห้าม
25-25809-48.wav	สั่งการให้ชุดสืบสวนลงพื้นที่จังหวัดนครศรีธรรมราช
25-25812-279.wav	แต่มันเกิดขึ้นก่อนเหตุการณ์ที่ครอบครัวนี้จะไปทะเลาะวิวาททำร้ายตำรวจที่มาบตาพุดจังหวัดระยอง
25-25812-382.wav	หากยังไม่เดินทางมาพบพนักงานสอบสวน
25-25813-44.wav	สำหรับใครที่มีโอกาสได้ไปเที่ยวที่จังหวัดพะเยา
25-25813-47.wav	เพื่อความเป็นสิริมงคลที่วัดล้าตำบลเวียงอำเภอเชียงคำจังหวัดพะเยาค่ะ
25-25814-14.wav	บอกว่ามือปืนรายนี้ก็คือนายเต้ยค่ะ
25-25814-18.wav	สามีของตัวเองก็เลยไปบอกให้นายเต้ยผ่อนเสียงรถให้เบาเบาหน่อย
25-25814-25.wav	แต่ระหว่างเดินทางไปก็เสียชีวิตนะคะ
25-25814-7.wav	ขณะที่ไปรับศพนายถาวรปรีงามอายุ48ปี
25-25814-8.wav	อยู่ที่ตำบลชัยมงคลอำเภอเมืองจังหวัดสมุทรสาครนะคะ
25-25815-36.wav	สงครามนะครับก็ใครอยู่บริเวณดัง
25-25815-61.wav	โดยเฉพาะบริเวณจังหวัดนครศรีธรรมราชสุราษฎร์ธานีภูเก็ตพังงากระบี่นะครับ
25-25815-62.wav	ใครที่ไปท่องเที่ยวบริเวณดังกล่าวก็ตรวจสอบสถานการณ์ฝนด้วย
25-25816-30.wav	เรียบร้อยนะฮะเอาไปต่อกันที่ปางช้างแม่สาอำเภอแม่ริมจังหวัดเชียงใหม่ครับ
25-25817-56.wav	ถนนจรดวิถีถ่องอำเภอเมืองจังหวัดสุโขทัย
25-25819-45.wav	ที่อำเภอตาพระยาจังหวัดสระแก้ว
25-25819-47.wav	อำเภอตาพระยาจังหวัดสระแก้ว
25-25819-78.wav	และเพื่อไม่ให้นายทหารผู้นี้ไปใช้อำนาจแบบนี้กับคนอื่นอีก
25-25819-82.wav	เข้าแจ้งความไว้ที่สภ.ทัพไทยอำเภอตาพระยาจังหวัดสระแก้วแล้วนะครับ
25-25819-89.wav	สังกัดค่ายแห่งหนึ่งในจังหวัดปราจีนบุรีเนี่ย
25-25819-8.wav	สังกัดค่ายแห่งหนึ่งในจังหวัดปราจีนบุรี
25-25820-20.wav	เขาบอกว่าตอนนี้เจ้าหน้าที่หลายนายที่ปฏิบัติงานอยู่ในพื้นที่เปียกชื้นเปียกแฉะเนี่ยนะฮะ
25-25820-33.wav	อันนี้เป็นเบอร์โทรของจังหวัดเชียงรายนี่แหละครับ
25-25820-4.wav	ที่อบต.โป่งผาอำเภอแม่สายจังหวัดเชียงราย
25-25821-12.wav	แต่ว่าในช่วงกลางวันนายเอ็มพูดรู้เรื่องแล้ว
25-25821-146.wav	บอกว่านายเอ็มยังคงอยู่ในฤทธิ์ของยาเสพติดนะ
25-25821-14.wav	และนายเอ็มอยากเจอสื่อมวลชน
25-25821-157.wav	ทีนี้มาดูประวัติของนายเอ็มกันสักนิดนึงนะคะ
25-25821-162.wav	ตอนนี้ก็ต้องสอบว่านายเอ็มเสพยามานานหรือยัง
25-25821-168.wav	ตำรวจจะนำนายเอ็มชัยชนะนี่ไปฝากขังที่ศาลอาญานะคะ
25-25821-170.wav	เพราะว่าเมื่อวานเนี่ยที่นายเอ็มถูกสอบปากคำ
25-25821-172.wav	แล้วก็ที่นายเอ็มเนี่ยให้สัมภาษณ์ต่อสื่อมวลชน
25-25821-192.wav	นายชัยชนะเนี่ยเมายาบ้าขณะก่อเหตุ
25-25821-201.wav	นายเอ็มเนี่ยเขาคิดว่าตัวเขาเองเนี่ยเป็นโจ๊กเกอร์
25-25821-221.wav	แต่นายเอ็มเนี่ยคิดไปเองและพยายามจะหาแพะรับบาป
25-25821-226.wav	ทำให้มีเจ้าทุกข์มาแจ้งความฉ้อโกงกับนายเอ็ม
25-25821-230.wav	ทั้งโกงเงินและนอกใจเพื่อให้นายเอ็มนั้นรอดจากคดี
25-25821-244.wav	เขาก็เผยให้ฟังเหมือนกันว่านายเอ็มพยายามที่จะควักลูกตาเธอด้วย
25-25821-249.wav	คาดว่าเมื่อวันที่22เมษายนเนี่ยถูกนายเอ็มทำร้ายนานถึง8ถึง10ชั่วโมง
25-25821-252.wav	หลังจากที่รองผบ.ตร.นะคะเดินทางไปเยี่ยมนางสาวนิต้าเสร็จเรียบร้อยแล้ว
25-25821-253.wav	ในขณะที่ทำร้ายร่างกายนางสาวนิต้าซึ่งเป็นแฟนสาวเนี่ย
25-25821-255.wav	ซึ่งคาดว่าจะเป็นอุปกรณ์ที่เอาไปทำร้ายร่างกายนางสาวนิต้า
25-25821-278.wav	แล้วก็ขอแยกทางกับนายเอ็มเพราะถูกกล่าวหาว่านอกใจ
25-25821-27.wav	นายเอ็มชัยชนะได้ขออยากจะเจอหน้าสื่อมวลชน
25-25821-280.wav	ทำให้นายเอ็มลงมือทำร้ายร่างกายแฟนสาวค่ะครับ
25-25821-282.wav	อุปกรณ์ที่นายเอ็มทำร้ายร่างกายแฟนสาวเนี่ยหลายชิ้นเลย
25-25821-305.wav	เบื้องต้นทางตำรวจสน.บึงกลุ่มก็แจ้งข้อหานายเอ็มก็ประกอบด้วยหนึ่ง
25-25821-322.wav	รปภ.ต้องเข้าไปช่วยขับรถแล้วก็จอดรถให้นายเอ็มเนี่ยเกือบทุกครั้งเลยนะคะ
25-25821-32.wav	ก็จะพานายชัยชนะเนี่ยกลับเข้าไปที่
25-25821-334.wav	ส่วนเรื่องของครอบครัวนายชัยชนะนะครับ
25-25821-335.wav	คือคุณพ่อกับคุณแม่ของนายชัยชนะเนี่ย
25-25821-337.wav	คุณแม่ก็เลิกลากับพ่อของนายชัยชนะไป
25-25821-338.wav	ตั้งแต่นายชัยชนะเนี่ยอายุ5ขวบแล้วนะครับ
25-25821-340.wav	คุณแม่ของนายชัยชนะเนี่ยจะมีความรู้สึกอย่างไรบ้างนะครับ
25-25821-341.wav	ก็รู้มาว่าคุณแม่ของนายชัยชนะเนี่ย
25-25821-34.wav	แต่ว่านายชัยชนะบอกว่าบอกตำรวจนะบอกว่า
25-25821-36.wav	เจ้าหน้าที่ตำรวจอนุญาตค่ะนำตัวนายเอ็มออกมาจากห้องควบคุมใช่ค่ะใส่เสื้อลาย
25-25821-387.wav	แต่แล้วนายเอ็มเนี่ยก็ตัดสินใจเข้ารับการบำบัดกับมูลนิธิแห่งหนึ่ง
25-25821-390.wav	จนนายเอ็มสามารถที่จะเลิกดมกาวได้แล้ว
25-25821-397.wav	แต่นายเอ็มเนี่ยก็ไม่ได้กลับมาที่บ้านหรือติดต่อกลับมา
25-25821-405.wav	ซึ่งนายเอ็มเนี่ยรักผู้หญิงคนนี้มาก
25-25821-407.wav	เพราะนายเอ็มเป็นคนหัวอ่อนแล้วก็ไว้ใจคนอื่นอ่ะ
25-25821-437.wav	ส่วนเรื่องของความรักเนี่ยก็เห็นนายเอ็มเนี่ยเขาก็รักนิต้าเหมือนกันนะ
25-25821-440.wav	หมาจะกัดนายเอ็มยังไม่ให้หมากัดนิต้าเลยอะไรอย่างนี้ฮะ
25-25821-444.wav	น้องนิต้านี่นะครับคือครอบครัวนี้อยู่ที่จังหวัดพังงา
25-25821-445.wav	ทีมข่าวของเราก็เลยตามไปที่จังหวัดพังงานี่นะคะไปพูดคุยกับครอบครัวของน้องนิต้า
25-25821-481.wav	สำหรับคดีของนายเอ็มก็ต้องรอดูกันต่อไปนะฮะ
25-25821-81.wav	แต่ลักษณะการตอบของนายเอ็มเนี่ย
25-25824-18.wav	บริเวณหน้าสำนักงานขนส่งจังหวัดสมุทรปราการนะครับ
25-25825-24.wav	แล้วก็จังหวัดสุราษฎร์ธานีมาแล้วมาเปิดท้ายขายมาหลังรถซะเลย
25-25825-4.wav	ล่าสุดจังหวัดตรังมีหนุ่มคนนึงเขาไอเดียดีก็คือ
25-25825-8.wav	ขายอยู่ที่บริเวณหน้าตลาดห้องเย็นควนปริงอำเภอเมืองจังหวัดตรัง
25-25826-23.wav	พอนายโจซึ่งเป็นญาติกันทราบเรื่อง
25-25826-26.wav	แต่แล้วประมาณ4โมงเย็นนายโจได้ขี่รถจักรยานยนต์ไปรับลูกชายที่โรงเรียนมาส่งที่บ้าน
25-25826-28.wav	ก็พบว่านายโจถูกยิงเลือดไหลหายใจรวยรินต่อหน้าลูกสองคน
25-25827-125.wav	จนกระทั่งนายอัจฉริยะยื่นมือเข้ามาช่วย
25-25827-164.wav	ก็เป็นเสียงของนายอัจฉริยะที่มีการเฟซบุ๊กไลฟ์
25-25827-180.wav	ทีนี้ก็มีประเด็นเพิ่มเติมจากการเฟซบุ๊กไลฟ์ของนายอัจฉริยะนะคะ
25-25827-21.wav	เพราะว่าเขาอยู่ระหว่างการเดินทางไปต่างจังหวัด
25-25827-291.wav	แต่นายอัจฉริยะบอกว่าไม่ใช่ไม่จริงนะคะ
25-25827-301.wav	ระหว่างทางเนี้ยไปออกคอนเสิร์ตอยู่2ที่2จังหวัด
25-25827-405.wav	ทางนายภัยบูลบอกว่าต้องไปดูเอกสารอย่างละเอียดก่อน
25-25827-8.wav	ถูกจับคาเวทีมา2ครั้งที่จังหวัดสระแก้ว
25-25830-14.wav	อย่างครั้งนี้ได้มาเยือนเมืองเหนือจังหวัดเชียงใหม่ร้านโปรดที่ต้องแวะเวียนไปทุกครั้งก็คืออ๋องทิพรส
25-25833-10.wav	เขาบอกว่านายอนันต์เนี่ยคนก่อเหตุเนี่ยเขาป่วยเป็นโรคประสาทขาดยามานานอาการก็กำเริบนะ
25-25833-11.wav	วันอาทิตย์ที่ผ่านมาเนี่ยนายอนันต์ได้เข้าไปที่วัดไปทำความสะอาดรอบเมรุ
25-25833-14.wav	ทะเลาะวิวาทกันก่อนที่นายอนันต์เนี่ยจะคุ้มคลั่ง
25-25833-20.wav	ล่าสุดนะฮะตำรวจก็สามารถคุมตัวนายอนันต์ผู้ก่อเหตุได้แล้ว
25-25834-6.wav	ตำรวจภูธรวังเหนือครับนำหมายศาลศาลจังหวัดลำปาง
25-25838-25.wav	ดูสิคนก็ทยอยเดินทางกลับเข้ากรุงเทพมหานคร
25-25838-41.wav	ทยอยเดินทางกลับกันมาคุณผู้ชมขับรถด้วยความปลอดภัยนะ
25-25838-65.wav	สำหรับใครที่เดินทางวันนี้ช่วงนี้เนี่ย
25-25838-7.wav	ช่วงผ่านจังหวัดพระนครศรีอยุธยาโอ้คนเดินทางกลับเข้ากรุงเทพฯกันเยอะเลยนะฮะ
25-25839-0.wav	ไปดูเหตุความไม่สงบเกิดขึ้นที่3จังหวัดชายแดนภาคใต้กันหน่อยนะคะ
25-25839-2.wav	ทำให้มีอาสาทหารพรานเสียชีวิตสองนายนะคะที่แรกเนี่ยเกิดขึ้นริมถนนสายบ้านท่ายาบอ
25-25839-4.wav	อำเภอหนองจิกจังหวัดปัตตานีคนร้ายไม่ทราบจำนวนดักซุ่มในป่าข้างทางนะคะ
25-25840-104.wav	ขอให้เดินทางกลับบ้านค่ะโดยสวัสดีภาพกันทุกท่านนะครับค่ะ
25-25840-471.wav	แล้วก็อย่าลืมนะครับอย่าประมาทนะครับถ้ากำลังเดินทางกลับก็อย่าดื่มสุราค่ะนะ
25-25840-475.wav	ก็ขอให้เดินทางปลอดภัยกันเลยทุกท่านนะครับคิดว่าคงกำลังทยอยเดินทางกลับกันมาค่ะ
25-25842-1.wav	ซึ่งผู้ป่วยรายนี้อยู่ที่จังหวัดกำแพงเพชรเข้ามารักษาตัวที่โรงพยาบาลสนามเมื่อเดือนกันยายน
25-25847-35.wav	ของประชาชนในพื้นที่บ้านสบสอยทางจังหวัดออกมาเตือนเลย
25-25850-0.wav	พาไปที่จังหวัดกำแพงเพชรหน่อยนะคะไปดูเหตุไฟไหม้ค่ะคุณผู้ชม
25-25850-4.wav	เนี้ยเป็นร้านตัดผมอยู่ในตัวเมืองจังหวัดกำแพงเพชรนะคะนี่เห็นไหมคะ
25-25851-16.wav	โดยดาราสาวไม่ได้เดินทางมาด้วย
25-25852-1.wav	นี่ครับที่เกิดขึ้นในวัดพุทธนิมิตนะคะที่จังหวัดนครพนม
25-25852-38.wav	จำชื่อวัดเอาไว้นะคะวัดพุทธนิมิตที่จังหวัดนครพนมมีโอกาสแวะเวียนไปด้วยค่ะ
25-25858-93.wav	เดินทางมาตรวจสอบที่เกิดเหตุเหมือนกัน
25-25859-42.wav	นิโก้เขาเล่าว่าพ่อพันธุ์แม่พันธุ์ด้วงซื้อมาจากจังหวัดยะลานะครับในราคาคู่ละ10บาท
25-25860-109.wav	ผ้าบาติกน้ำเต้าหู้จากกลุ่มแม่บ้านเกษตรกรชาวไทพวนจังหวัดลพบุรี
25-25861-12.wav	จังหวัดที่ยังมีตัวเลขผู้ป่วย2หลักในการระบาดรอบ2ในช่วงเวลานี้นะครับ
25-25861-15.wav	มาจากไหนก็มาจากท่องเที่ยวชาวจีนครับเป็นผู้หญิงนะคะ
25-25861-21.wav	หญิงชาวจีนรายนี้เดินทางจากเมืองอู่ฮั่น
25-25861-9.wav	มีคนที่เดินทางมาจากต่างประเทศ9คนนะครับอยู่ในสถานที่กักตัวของรัฐอยู่แล้วนะครับ
25-25862-10.wav	จ้าแล้วไปต่อที่จังหวัดปราจีนบุรีประชาชนนับพันเลยนะมาร่วมพิธีลอยไฟขอขมาพระแม่คงคาครับ
25-25862-1.wav	พุทธศาสนิกชนไปร่วมกันเยอะเลยที่นี่คือคลองคีรีวงข้างวัดพัทธเสมาตำบลท่าดีอำเภอลานสกาจังหวัดนครศรีธรรมราช
25-25862-22.wav	เพราะปีหน้าก็สามารถเดินทางมากันได้ยังไงซะก็ว่ากันใหม่ปีหน้านะครับ
25-25863-13.wav	แล้วก็พบว่าประชาชนที่ร่วมเดินทางไปในขบวนรถไฟเดียวกัน
25-25864-10.wav	มีจังหวัดแม่ฮ่องสอนเชียงใหม่เชียงราย
25-25864-14.wav	ภาคอีสานมีจังหวัดเลยมุกดาหารหนองบัวลําภู
25-25864-7.wav	จะมีจังหวัดไหนบ้างที่ต้องเฟยเฝ้าระวัง
25-25866-0.wav	ท่านผู้ชมครับเราตามต่อนะครับความคืบหน้าเหตุจลาจลวุ่นวายที่เกิดขึ้นในศูนย์พักพิงผู้ลี้ภัยที่บ้านแม่หละจังหวัดตากนะครับ
25-25866-17.wav	ใช้เวลาประมาณหนึ่งชั่วโมงจากนั้นนายปรีดาฟุ้งตระกูลชัย
25-25867-101.wav	อะทีนี้ถามว่าคู่กรณีกับผู้ปกครองเดินทางมาเหมือนกันนะ
25-25867-107.wav	เขาบอกว่าเดี๋ยวจะเดินทางมาพบกับทางด้านของพ่อของน้องมอสในช่วงบ่าย
25-25867-74.wav	ที่ผ่านมาเนี่ยคุณกันจอมพลังค่ะเดินทางไปแล้วนะคะ
25-25871-4.wav	คราวนี้เกิดขึ้นที่หางดงจังหวัดเชียงใหม่นะคะ
25-25872-1.wav	ตอนนี้เดินทางกลับเข้าแคมป์ฝึกซ้อมเป็นที่เรียบร้อยแล้วนะคะ
25-25872-2.wav	ก่อนที่ช่วงปลายเดือนค่ะมีคิวที่จะเดินทางไปซ้อมที่ประเทศคิวบาร์ค่ะ
25-25875-15.wav	กู้ภัยช่วยกันนำร่างของนางอุไรเนี่ยออกจากเตาเผาถ่าน
25-25875-48.wav	โรงพยาบาลสรรพสิทธิประสงค์จังหวัดอุบลราชธานี
25-25875-83.wav	นายวิไลผู้เสียชีวิตซึ่งเป็นพ่อของคนก่อเหตุเนี่ย
25-25875-8.wav	ทุ่งนาบ้านสารภีตำบลสารพีอำเภอโพธิ์ไทรจังหวัดอุบลราชธานี
25-25877-4.wav	ภารกิจในการช่วยเหลือทีมหมูป่าติดอยู่ในถ้ำหลวงจังหวัดเชียงรายเนี่ย
25-25879-68.wav	ผู้บังคับการตำรวจภูธรจังหวัดปราจีนบุรี
25-25881-136.wav	ทนายรณรงค์บอกว่าเรื่องที่เกิดขึ้นมันเข้าข่ายข้อหาเจตนาฆ่าแม้ว่าพื้นที่ที่ติดตั้งรั้วไฟฟ้าจะเป็นพื้นที่ส่วนบุคคลนะ
25-25882-25.wav	คือจังหวัดที่ไม่พบการทุจริตเนี่ย
25-25882-26.wav	มีสี่จังหวัดสี่ศูนย์ครับอ้าวขอเอ่ยชื่อให้เป็นที่ปรากฏหน่อย
25-25882-37.wav	ส่วนจังหวัดที่ชัดเจนและตั้งกรรมการสอบวินัยร้ายแรงไปแล้วเนี่ย
25-25882-40.wav	หัวหน้าศูนย์ในจังหวัดเท่านั้นหรือเพราะว่าข้อมูลที่เราติดตามกันมาก็คือว่า
25-25882-78.wav	ปปง.จะเดินทางมาที่กระทรวงไม่รู้มาช่วงไหนนะ
25-25884-160.wav	ขอต้อนรับครอบครัวน้องเทนนะครับจากจังหวัดตากครับเทนสวัสดีครับขวัญสวัสดีครับ
25-25884-323.wav	คุณผู้ชมครับวินาทีที่สำคัญที่ครอบครัวของน้องเทนจากจังหวัดตากนะครับ
25-25884-338.wav	เรื่องที่2จังหวัดตาก
25-25884-343.wav	เรื่องจังหวัดตากครับ
25-25884-344.wav	ศึกษาข้อมูลจังหวัดตากมาดีไหมครับ
25-25884-347.wav	จังหวัดเรามีของดีหรือสถานที่อะไรดังดังบ้างครับ
25-25884-364.wav	ตราประจำจังหวัดของเราเป็นรูปอะไรพอจะทราบไหมครับ
25-25884-375.wav	ข้อมูลใดของจังหวัดตากไม่ถูกต้อง
25-25884-378.wav	ตัวเลือกที่สองสัตว์น้ำประจำจังหวัดคือปลากา
25-25884-379.wav	ตัวเลือกที่3มีพื้นที่ติดกับจังหวัดอื่น9จังหวัด
25-25884-381.wav	ก่อนที่จะมารายการนี้ผมก็ศึกษาข้อมูลของจังหวัดตากมาบ้างครับ
25-25884-382.wav	มีพวกอำเภอพวกสถานที่ท่องเที่ยวของจังหวัดครับ
25-25884-386.wav	ข้อ3ครับมีพื้นที่ติดกับจังหวัดอื่น9จังหวัดครับ
25-25884-387.wav	ตัวเลือกที่3มีพื้นที่ติดกับจังหวัดอื่น9จังหวัดครับ
25-25884-590.wav	วินาทีต่อไปนี้นะครับจะตัดสินอนาคตครอบครัวของพ่อเทนจากจังหวัดตากนะครับว่าจะได้รับทุนไปต่อชีวิตเท่าไร
25-25884-655.wav	คุณผู้ชมครับตอนนี้นะฮะครอบครัวของป้าเทนจากจังหวัดตากนะครับ
25-25884-659.wav	ไปพร้อมพร้อมกันนะครับคุณผู้ชมจากเรื่องจังหวัดตากครับ
25-25884-668.wav	ข้อมูลใดของจังหวัดตากไม่ถูกต้อง
25-25884-669.wav	ข้อ3ครับมีพื้นที่ติดกับจังหวัดอื่น9จังหวัดครับ
25-25884-672.wav	ข้อมูลใดของจังหวัดตากที่ไม่ถูกต้องนะครับ
25-25884-674.wav	สัตว์น้ำประจำจังหวัดคือปลากาไม่ใช่ข้อมูลที่ถูกต้องนะครับ
25-25884-675.wav	ปลาตะพากส้มคือสัตว์น้ำประจำจังหวัดตาก
25-25884-727.wav	จากจังหวัดตากนะครับได้รับทุนไปต่อชีวิตทั้งสิ้นนะครับ
25-25886-17.wav	ส่วนความช่วยเหลือที่จะหลั่งไหลไปทางจังหวัดเลยนะคะ
25-25887-40.wav	กองร้อยก็600นายนะครับแล้วก็ทางสน.บางโพธิ์ตำรวจเจ้าของพื้นที่ด้วย
25-25888-13.wav	แทบจะทุกจังหวัดได้รับฝนกันทั่วถึงค่ะ
25-25888-15.wav	จังหวัดที่อยู่ขอบขอบนะคะที่ติดกับประเทศเพื่อนบ้านจะได้รับฝนมากหน่อย
25-25888-18.wav	แทบทุกจังหวัดได้รับผลกระทบค่ะ
25-25889-3.wav	ถนนสุเทพตำบลสุเทพอำเภอเมืองจังหวัดเชียงใหม่
25-25890-34.wav	เป็นโรงพยาบาลแห่งนึงในจังหวัดเพชรบูรณ์นะคะ
25-25893-0.wav	คุณผู้ชมค่ะอธิบดีกรมอุตุนิยมวิทยานายภูเวียงคำประมินทร์
25-25893-110.wav	ที่เดินทางพัดเข้าฝั่งในแหลมตะลุมพุกอำเภอปัก
25-25893-116.wav	ก่อนที่จะเดินทางมาถึงประเทศไทยให้อ่อนกำลังลง
25-25893-12.wav	จะเคลื่อนขึ้นฝั่งจังหวัดชุมพร
25-25893-13.wav	โดยขยับต่ำลงมาที่จังหวัดนครศรีธรรมราช
25-25893-18.wav	อำเภอสิชลจังหวัดนครศรีธรรมราช
25-25893-20.wav	คือที่อำเภอปากพนังจังหวัดนครศรีธรรมราช
25-25893-3.wav	จังหวัดที่ยังคงได้รับผลกระทบมากที่สุด
25-25893-4.wav	แล้วก็ยังคงต้องเฝ้าติดตามนะคะโดยเฉพาะจังหวัดทางชายฝั่ง
25-25893-55.wav	ที่จังหวัดนครศรีธรรมราชด้วยนะคะ
25-25893-75.wav	กับผู้ว่าราชการจังหวัดทั้ง16จังหวัดของภาคใต้ค่ะ
25-25893-78.wav	กับผู้ว่าราชการจังหวัด16จังหวัดของภาคใต้
25-25894-10.wav	ที่จังหวัดอ่างทองค่ะมีการนำขบวนแห่แบบนี้
25-25894-53.wav	แล้วก็เป็นเกียรติให้กับชาวจังหวัดอ่างทองทุกคนนะคะ
25-25895-23.wav	ทนายตั้มก็มั่นใจนะครับว่าไม่ได้เป็นการละเมิด
25-25895-39.wav	ขณะที่ครูปรีชาใคร่ครวญก็เดินทางมาพร้อมกับทนายความนะครับ
25-25895-61.wav	ก็เดินทางมาที่ศาลแล้วด้วยเช่นกันนะครับก็สังเกตว่ามีพ่อค้าแม่ค้าลอตเตอรี่หลายคนเดินทางมาให้กำลังใจพยานฝั่งครูปรีชาด้วย
25-25895-9.wav	ทั้งสองฝ่ายเดินทางมาถึงศาลจังหวัดกาญจนบุรีในเวลาไล่เลี่ยกันนะครับ
25-25896-12.wav	สำนักทรัพยากรธรรมชาติและสิ่งแวดล้อมจังหวัดมหาสารคามนะครับ
25-25896-9.wav	แล้วก็องค์กรปกครองส่วนท้องถิ่นที่จังหวัดมหาสารคาม
25-25897-15.wav	ก็คือหนึ่งจากชาวต่างชาติที่เดินทางมาจากประเทศ
25-25897-190.wav	งดกิจกรรมที่มีการเคลื่อนย้ายคนข้ามจังหวัดของหน่วยงานที่มีคนเป็นจำนวนมากนะครับ
25-25897-197.wav	โดยคณะกรรมการโรคติดต่อจังหวัดและคณะกรรมการโรคติดต่อกรุงเทพมหานคร
25-25897-43.wav	กำหนดให้ชาวต่างประเทศรวมทั้งคนไทยที่เดินทางมาจากต่างประเทศนะครับ
25-25897-74.wav	ได้มีการใช้หน้ากากผ้าเมื่อเดินทางนะครับ
25-25899-18.wav	เช่นเดียวกับที่บริเวณสี่แยกไฟแดงถนนเพชรเกษมตำบลคลองหินอำเภออ่าวลึกจังหวัดกระบี่
25-25899-1.wav	จังหวัดสมุทรปราการมีรถยนต์อเนกประสงค์ไปพุ่งชนรถจักรยานยนต์
25-25899-24.wav	ส่วนที่จังหวัดระยองเกิดอุบัติเหตุรถจักรยานยนต์ชนป้ายบอกทางริมถนนชายหาดแม่รำพึง
25-25899-8.wav	อุบัติเหตุครั้งนี้เกิดขึ้นถนนซอยวัดศรีวารีน้อยอำเภอบางเสาธงธงสมุทรปราการ
25-25900-29.wav	ก็ได้มีการทยอยเดินทางกลับบ้านไม่ว่าจะเป็นนั่งรถประจำทางกลับบ้าน
25-25900-30.wav	นั่งวินมอไซค์หรือบางคนที่เดินทางมาเองก็เดินกลับบ้านกันเองนะครับ
25-25902-12.wav	พื้นที่ภาคเหนือดอยอินทนนท์จังหวัดเชียงใหม่9จุด9องศาเซลเซียส
25-25902-13.wav	พื้นที่ภาคอีสานภูเรือจังหวัดเลย14องศาเซลเซียส
25-25904-10.wav	ว่าในบริเวณพื้นที่รอบบ้านของนายไอซ์เนี่ย
25-25904-38.wav	คือมีนายเอ็มซึ่งถูกกันตัวเป็นพยาน
25-25904-39.wav	เคยเป็นเพื่อนของนายไอซ์ตอนนี้เป็นพยานนะ
25-25904-41.wav	แต่ก็สั่งให้นายเอ็มเนี่ยลงไปดำน้ำในบ่อดูสิ
25-25904-47.wav	เนี่ยวันนี้นายเอ็มมาชี้จุดด้วยนะ
25-25904-48.wav	แต่ในตอนนั้นนะนายไอซ์กลับยิงปืนใส่นายเอ็ม
25-25904-51.wav	และไม่เคยกลับมาที่บ้านนายไอซ์อีกเลย
25-25904-52.wav	กระทั่งมีข่าวการจับกุมนายไอซ์
25-25904-53.wav	นายเอ็มจึงเข้ามาเป็นพยานให้ข้อมูลกับตำรวจ
25-25781-28.wav	แล้วทำร้ายเขาพยายามจะจี้ชิงเงินจริงๆนายรูดอฟบอกว่าตอนนั้นเขาต้องต่อสู้เพื่อป้องกันตัว
25-25781-55.wav	เพื่อยืนยันว่าไม่ได้มีเจตนาจะฆ่าจริงๆแต่เป็นการป้องกันตัวที่นายเสถียรเนี่ยบุกเข้ามาจะจี้ชิงเงิน
25-25783-7.wav	ดังจริงๆร้านแห่งนี้เป็นของนายจำเนียนจันทะ
25-25791-91.wav	ตัวเขาเนี่ยเดินทางไปร่วมงานบวชที่วัดสิงห์ด้วยจริงๆ
25-25808-43.wav	แล้วก็จริงๆอะอันนั้นอะคือวันเกิดนาง
25-25828-17.wav	แล้วก็ต้องบอกเลยว่าเบลล่านี่นะคะมีความผูกพันกับที่วัดพระธาตุเชิงชุมที่จังหวัดสกลนครเนี่ยจริงๆนะคุณผู้ชม
25-25832-8.wav	ขอบคุณนะครับขอบคุณทุกท่านจริงๆหนังเดินทางมาไกล
25-25838-0.wav	เดินทางกลับกันแล้วจริงๆแล้ววันเนี้ยกับพรุ่งเนี้ยยังคงเป็นวันหยุดอยู่
25-25904-4.wav	แล้วก็ไปดูสวนโดยรอบปรากฏว่าไปพบศพของนางสาวกิ๊กจริงๆ
25-25821-318.wav	ช่วง10วันที่ผ่านมานายเอ็มชัยชนะนี่มีอาการมึนเมา
25-25847-33.wav	เพราะว่าแม่น้ำปลายเป็นแม่น้ำสายหลักของจังหวัดน้ำมันสูงขึ้นเรื่อยๆ
25-25868-7.wav	อำเภอจังหารจังหวัดร้อยเอ็ดเนี่ยเห็นเลยผู้ชายคนเนี้ยดูๆแล้วอายุไม่น่าจะเกินสามสิบ
25-25875-52.wav	พอกลับมาถึงบ้านคุณผู้ชมญาติๆก็พานางสาวเยาวลักษณ์น่ะ
25-25886-7.wav	ศูนย์กลางอยู่ที่อำเภอปัวจังหวัดน่านนะคะก็คือบริเวณนี้ที่เป็นจุดสีส้มๆเหลืองๆตรงนี้นี่เองนะคะ
25-25886-9.wav	และแน่นอนค่ะพื้นที่ดังกล่าวก็อยู่ใกล้ๆกับทางจังหวัดเลย
25-25888-23.wav	ร้อยละ40ของพื้นที่ส่วนใหญ่แล้วฝนก็มาช่วงเย็นๆค่ำๆนะคะอาจจะทำให้เดินทางลำบากกันเล็กน้อย
25-25847-20.wav	ฝนก็ยังคงตกอยู่แบบเนี้ยการเดินทางช่วงเย็นๆต่างๆระมัดระวังตกช่วงไหนบ้าง
25-25897-189.wav	ให้เข้มงวดขึ้นนะครับในการเดินทางต่างๆนะครับ
25-25893-86.wav	การเดินทางต่างๆเพื่อหลีกเลี่ยงจุดเสี่ยง
25-25156-55.wav	คือจะเข้าไปเดินทางซึ่งทำไว้เดินป่าเหรอต้องมีทางครับทั่วๆไปอ่ะ
25-25904-56.wav	จากนั้นนะฮะได้ค้นหารอบบ้านพักจนพบศพนางสาวกิ๊กอายุ22ปี
25-25904-57.wav	ถูกใส่ถุงฝังดินไว้ข้างบ้านก็นำตัวนายไอซ์มาสอบสวน
25-25904-58.wav	นายไอซ์สารภาพว่านำตัวนางสาวกิ๊กขังในหีบเหล็ก
25-25904-5.wav	นายไอซ์ก็สารภาพนะฮะว่ากักขังนางสาวกิ๊ก
25-25904-60.wav	ขณะที่นายไอซ์ถูกฝากขังในเรือนจำเรียบร้อยแล้ว
25-25904-61.wav	แต่ไอ้โดยรอบบ้านของนายไอซ์เนี่ยตำรวจยังต้องทำหน้าที่อยู่นะ
25-25904-6.wav	เพราะว่าก่อนหน้านี้ชอบพอแต่ว่านางสาวกิ๊กจะหนี
25-25904-8.wav	พอนางสาวกิ๊กตายก็เอาไปฝังไว้ที่สวนในบ้านเนี่ยนะครับ
25-25906-12.wav	แต่โอ้โหการเดินทางอะกว่าจะจากชลบุรีมากรุงเทพไหนจะค่ารักษาต่างๆนาๆมันสูงมากแล้วก็เดินทางลำบากด้วย
25-25906-14.wav	เราได้คุยกับคุณแม่ค่ะนางสาวสุดารัตน์ใจซื่ออายุ22ปี
25-25906-1.wav	มีครอบครัวครอบครัวนึงอยู่ที่จังหวัดชลบุรีค่ะ
25-25908-14.wav	บอกว่าเธอคือนางร้ายสุดแซ่บนะคะที่ครองความเซ็กซี่มายาวนานมาก
25-25909-24.wav	คณะกรรมการควบคุมโรคติดต่อจังหวัดขอนแก่น
25-25909-7.wav	ที่ประชุมคณะรัฐมนตรีเห็นชอบหลักเกณฑ์การจัดซื้อวัคซีนให้กับแต่ละจังหวัด
25-25912-2.wav	จันทบุรีตราดก็เป็นจังหวัดนึงที่ตอนนี้ฝนฟ้าก็น่าเป็นห่วงนะคะแล้วก็รวมไปถึงในหลายๆพื้นที่ด้วย
25-25828-15.wav	ท่ามกลางประชาชนที่เดินทางมาร่วมงานบุญเป็นประจำปีนี้ก็จำนวนมากๆอยู่แล้วนะคะ
25-25913-12.wav	จังหวัดปราจีนบุรีนี่ฮะคือบางครั้งเนี่ย
25-25913-5.wav	อยู่ที่อำเภอศรีมโหสถจังหวัดปราจีนบุรีนะครับ
25-25916-13.wav	ที่จังหวัดนครศรีธรรมราชนะคะในท้องที่สภ.สิชลค่ะ
25-25916-15.wav	ผู้บังคับการตำรวจภูธรจังหวัดนครศรีธรรมราชเนี่ย
25-25916-17.wav	หลังจากที่มีผู้เสียชีวิตมาแล้ว2คนในพื้นที่จังหวัดนครศรีธรรมราชนะคะ
25-25916-18.wav	ไปดูกันที่จังหวัดศรีสะเกษกันหน่อยค่ะ
25-25916-22.wav	ก็ภายในรถพบผู้เสียชีวิตติดอยู่นะคะทราบชื่อต่อมาก็คือนายสมปององอาจ
25-25916-27.wav	ทางด้านของภรรยาผู้เสียชีวิตหรือว่าภรรยาของนายสมปองเนี่ย
25-25916-28.wav	เดินทางไปที่เกิดเหตุหลังจากทราบข่าวก็เล่าให้ตำรวจฟัง
25-25916-29.wav	บอกว่านายสมปองทำงานอยู่ที่กรุงเทพฯ
25-25916-31.wav	โดยก่อนเกิดเหตุเนี่ยนะคะนายสมปองก็พาลูกสาวไปซื้อของที่ตลาดในตัวอำเภอกันทรลักษ์
25-25916-38.wav	ส่วนจังหวัดที่เกิดอุบัติเหตุสูงที่สุดคือจังหวัดอะไรทราบไหมคะ
25-25916-48.wav	รองลงมาคือจังหวัดเชียงราย16ครั้ง
25-25916-52.wav	และจังหวัดต่อมาคือจังหวัดนครศรีธรรมราชพิษณุโลก
25-25916-53.wav	และราชบุรีจังหวัดละ14ครั้ง
25-25916-57.wav	นิยมเดินทางไปท่องเที่ยวช่วงเทศกาลช่วงปีใหม่อืม
25-25916-58.wav	มาดูจังหวัดที่มีผู้เสียชีวิตสูงที่สุดกันบ้างนะคะ
25-25916-59.wav	สูงที่สุดนั่นก็คือจังหวัดมุกดาหารอา
25-25916-5.wav	ไปกันที่ภาคใต้เริ่มกันที่จังหวัดนครศรีธรรมราชกันก่อนเลยค่ะ
25-25916-61.wav	รองลงมาคือจังหวัดชลบุรีและเพชรบุรี
25-25916-63.wav	และจังหวัดฉะเชิงเทราเชียงใหม่ตากนครสวรรค์
25-25916-64.wav	และปทุมธานีจังหวัดละ2คน
25-25916-65.wav	มาดูจังหวัดที่มีผู้บาดเจ็บสูงสุดกันบ้างนะคะ
25-25916-66.wav	ครับคือจังหวัดเชียงใหม่อ่า19คน
25-25916-68.wav	ใช่ค่ะรองลงมาคือจังหวัดเชียงราย
25-25916-70.wav	แล้วก็ต่อด้วยจังหวัดนครศรีธรรมราช
25-25916-71.wav	และราชบุรีจังหวัดละ15คนค่ะ
25-25917-13.wav	เป็นผู้ต้องหาที่ใช้กรรไกรแทงแทงคอนางกิติพรอายุ32ปี
25-25917-25.wav	จนกระทั่งกลับมาอยู่บ้านที่จังหวัดสกลนคร
25-25917-27.wav	ที่จังหวัดหนองบัวลําภูพอทำไปได้ไม่นานค่ะ
25-25917-63.wav	แล้วก็หนีไปอุดรธานีแล้วก็หนีข้ามจังหวัดไปที่สกลนคร
25-25917-67.wav	ระหว่างเดินทางก็คือจับกุมตัวได้ที่นครราชสีมา
25-25917-70.wav	เพื่อขอรับหลานไปดูแลที่บ้านที่จังหวัดสกลนคร
25-25917-76.wav	นิติเวชโรงพยาบาลศรีนครินทร์จังหวัดขอนแก่นต่อไปนะคะ
25-25918-11.wav	วันนี้ก็เดินทางไปที่ศาลอาญาคดีทุจริตและประพฤติมิชอบกลางไปยื่นคำร้อง
25-25918-27.wav	นายแผนนี่แหละบอกว่ามายื่นคำร้องขอถอนฟ้อง
25-25918-44.wav	วันนี้ก็เลยตัดสินใจมายื่นเรื่องถอนฟ้องตำรวจทั้งสองนายค่ะ
25-25918-4.wav	แต่ล่าสุดก็ไปถอนฟ้อง2นายตำรวจใหญ่แล้ว
25-25918-54.wav	ก็เลยเดินทางมาอ่าถอนฟ้องให้ในวันนี้ครับ
25-25920-15.wav	ที่ถนนสุขุมวิทที่จังหวัดชลบุรี
25-25920-16.wav	แล้วผู้ตายเนี่ยคือนายเอกนครกระแสจันทร์อายุ34ปีค่ะ
25-25920-19.wav	ตัวนายเอกนครเนี่ยขี่มอเตอร์ไซค์มา
25-25920-27.wav	จากการสอบสวนเนี่ยก็ทราบว่านายเอกนครผู้ตายเนี่ย
25-25921-37.wav	และรวมถึงจังหวัดชายฝั่งภาคตะวันออกค่ะ
25-25921-58.wav	จังหวัดพิษณุโลกเอ๊ะมีด้วยเหรอ
25-25922-13.wav	เนื่องจากว่าขาดอากาศหายใจเป็นเวลานานนายนิพนธ์น่ะค่ะ
25-25922-35.wav	นายนิพนธ์ซึ่งเป็นคนที่นำร่างของน้องออกไปรอเจ้าหน้าที่กู้ภัยมารับไปส่งที่โรงพยาบาลเนี่ย
25-25923-222.wav	เรก็รู้นี่นะผู้ว่ากทม.และยังมีอศก.และยังมีระดับจังหวัดอีกทั้งนั้น
25-25924-10.wav	กรรมการบริหารมูลที่ไทยรัฐนายเชนโภชนุกูล
25-25924-7.wav	ห้วยคตสามัคคีหมู่3ตำบลห้วยคตอำเภอห้วยคตจังหวัดอุทัยธานี
25-25926-15.wav	ที่จังหวัดอุดรธานีก็มีนักเสี่ยงโชคนับพันคนเดินทางไปที่หมู่บ้านนาพูนทรัพย์
25-25926-25.wav	ก็มีเจ้าหน้าที่คอยอำนวยความสะดวกแล้วก็ตรวจคัดกรองผู้ที่เดินทางมากราบไหว้ต้นโพธิ์อยู่นะ
25-25926-28.wav	แต่อย่างที่บอกนะคุณผู้ชมนะจะเดินทางไปไหนมาไหนยังไงเนี่ย
25-25927-1.wav	หลังจากที่ทางด้านของนายอัจฉริยะได้เผยแพร่คลิปไป28นาทีกว่าๆ
25-25927-41.wav	นี่ค่ะนายอัจฉริยะเรืองรัตนพงศ์นะคะ
25-25927-91.wav	ใช่ค่ะแล้วก็4มิถุนายนนี้นายอัจฉริยะบอกว่าก็คงไม่เดินทางไป
25-25927-94.wav	ส่วน17พฤษภาคมช่วงบ่ายนายอัจฉริยะจะเดินทางไปยื่นเอกสาร
25-25928-11.wav	เดินทางไปทำบุญให้พี่ผึ้งเหมือนเดิมค่ะส่วนใครที่อยากจะ
25-25930-0.wav	ไปดูเหตุการณ์ที่จังหวัดอุดรธานีนะครับ
25-25930-22.wav	คนเจ็บชื่อว่านางสาวหนูประคอง
25-25930-84.wav	อำเภอหนองจังหวัดอุดรธานีนะคะ
25-25932-40.wav	ใช่เลขที่บ้าน168หมู่7จังหวัดเพชรบูรณ์เมืองมะขามหวานจ้าโห
25-25933-13.wav	การเมืองอย่างนายบรรหารศิลปอาชา
25-25933-22.wav	ที่นายบรรหารจะโลดแล่นบนถนนการเมือง
25-25933-30.wav	ได้รับเลือกตั้งเป็นส.ส.จังหวัดสุพรรณบุรีสมัยแรก
25-25933-41.wav	ขณะดำรงตำแหน่งนายกรัฐมนตรีนายบรรหารได้รับภารกิจจัดงานสำคัญระดับชาติหลายครั้ง
25-25933-45.wav	และเป็นเจ้าภาพซีเกมส์ครั้งที่18ที่จังหวัดเชียงใหม่
25-25933-48.wav	สิ่งที่นายบรรหารต้องเจ็บปวดที่สุดคือวันที่พรรคชาติไทยที่มีตำนานถึง34ปีต้องปิดฉากลงในวันที่เขานั่งหัวหน้าพรรคด้วยคำวินิจฉัยของศาลรัฐธรรมนูญให้ยุบพรรคชาติไทยเมื่อปี2551และต้องถูกตัดสิทธิ
25-25933-50.wav	ตำแหน่งสุดท้ายทางการเมืองหลังนายบรรหารพ้นโทษแบนการเมืองแล้ว
25-25933-55.wav	พร้อมกับปิดตำนาน42ปีบนเส้นทางการเมืองของนายบรรหาร
25-25933-6.wav	รวมถึงแก่จังหวัดไว้มากมายด้วยเหมือนกันนะคะ
25-25935-21.wav	วันนี้ขอร้องเลยนะคะห้ามออกจากฝั่งเลยโดยเฉพาะพื้นที่ท่องเที่ยวทะเลอันดามันตรงนี้
25-25935-30.wav	เตรียมตัวรับมือให้ดีโดยเฉพาะคนเมืองกรุงนะคะเผื่อเวลาการเดินทางด้วย
25-25936-75.wav	พรุ่งนี้ผอ.โรงพยาบาลสุราษฎร์ธานีนายสาธารณสุขจังหวัด
25-25937-15.wav	จากนั้นนายทวีปคำแพงเมืองหัวหน้าเขตรักษาพันธุ์สัตว์ป่าภูวัว
25-25937-16.wav	ก็จัดชุดติดตามช้างป่าและชุดเคลื่อนที่เร็วกว่า30นาย
25-25939-17.wav	รวมถึงจะมีลมแรงที่จังหวัดเพชรบุรีประจวบคีรีขันธ์
25-25939-5.wav	ห่างจากจังหวัดนครศรีธรรมราชเนี่ยประมาณสัก200กิโลเมตรค่ะ
25-25940-0.wav	คุณผู้ชมคะมีเรื่องราวของผู้ชายคนหนึ่งอายุ53เป็นชาวจังหวัดสระบุรี
25-25941-3.wav	คนนี้มาจากจังหวัดปทุมธานี
25-25942-35.wav	ด้วยการเดินทางไปกราบขอพร
25-25942-37.wav	ค่ะเจ้าตัวเนี่ยเตรียมจะร่วมสมทบบุญในการสร้างวัดหลวงอรัญจังหวัดสระแก้วค่ะ
25-25943-111.wav	ของดีอำเภอกะปงจังหวัดพังงาจ้ะ
25-25943-82.wav	อ่ะอำเภอกะปงจังหวัดพังงาค่ะ
25-25944-12.wav	เหตุการณ์นี้เกิดขึ้นในตำบลผไทรินทร์อำเภอลำปลายมาศจังหวัดบุรีรัมย์
25-25944-1.wav	น้องเมียเนี่ยเป็นหนุ่มวัย18ปีชาวจังหวัดบุรีรัมย์
25-25944-25.wav	ต่อมานายตานพี่เขยซึ่งพักอยู่ที่บ้านอีกหลัง
25-25945-18.wav	บอกว่าลูกอ่ะเพิ่งกลับมาจากเกณฑ์ทหารแล้วกลับมาบ้านนะเดินทางไปหาเพื่อนในตัวเมือง
25-25946-0.wav	คุณผู้ชมคะจะพาไปที่วัดเขาพระทองจังหวัดนครศรีธรรมราชครับ
25-25946-18.wav	ที่วัดเขาพระทองนะคะจังหวัดนครศรีธรรมราช
25-25946-22.wav	ที่สภ.ชะอวดจังหวัดนครศรีธรรมราชเพราะว่าภาพนี้มันชัดไง
25-25951-10.wav	อำเภอเมืองจังหวัดเชียงรายครับดีกรีเป็นไงคะใหญ่โตนะ
25-25951-31.wav	ได้ไปเช่าห้องพักในจังหวัดชัยนาทเป็นจุดพักยาแล้วเดี๋ยวจะส่งยากัน
25-25951-56.wav	แล้วหลวงพ่อบอกว่าจะไปงานศพที่จังหวัดพะเยา
25-25953-100.wav	นายวิชัยเบื้องต้นอาการปลอดภัยแล้ว
25-25953-105.wav	เช่นผู้บังคับการตำรวจภูธรจังหวัดตาก
25-25953-106.wav	ผู้บังคับการตำรวจภูธรจังหวัดชัยนาท
25-25953-116.wav	ของนางสาวยิ่งลักษณ์ชินวัตรวัตรนายกรัฐมนตรี
25-25953-123.wav	อยู่ที่อำเภอท่าใหม่จังหวัดจันทบุรีค่ะ
25-25953-134.wav	บ้านตาเลียวตำบลเขาแก้วอำเภอท่าใหม่จังหวัดจันทบุรี
25-25953-2.wav	กรณีที่มีการยิงกันคาบัลลังก์ศาลในจังหวัดจันทบุรีนะคะ
25-25953-79.wav	พร้อมทีมข่าวไทยรัฐทีวีนะคะเดินทางไปที่ศาลเลย
25-25954-0.wav	คุณผู้ชมครับช่วงนี้ไปเริ่มติดตามเหตุการณ์ที่เกิดขึ้นที่จังหวัดหนองบัวลำภูกันก่อนนะครับ
25-25954-21.wav	และในพื้นที่ของบ้านศรีภูทองอำเภอศรีบุญเรืองจังหวัดหนองบัวลำภู
25-25955-208.wav	คือนางซูจีอาจเป็นส่วนหนึ่งของรัฐบาลใหม่
25-25955-224.wav	แล่นออกจากชุมทางรถไฟหนองปลาดุกจังหวัดราชบุรีอย่างราบรื่น
25-25955-254.wav	ช่วยให้มูลค่าการค้าของจังหวัดในภูมิภาคนี้เติบโตอีกเท่าตัว
25-25955-268.wav	จะเริ่มจากที่จังหวัดกาญจนบุรีที่บานบ้านน้ำผู้ร้อนนะครับ
25-25955-271.wav	สายที่2จะไปที่อำเภออรัญญประเทศซึ่งอยู่ที่จังหวัดสระแก้วนะครับ
25-25955-293.wav	ก็จะเป็นกรุงเทพฯไปยังอำเภออรัญญประเทศที่จังหวัดสระแก้ว
25-25955-327.wav	อธิบายถึงการทำหมันยุงลายโดยยุง4สายพันธุ์จากตัวอย่างในพื้นที่อำเภอแปลงยาวจังหวัดฉะเชิงเทรา
25-25955-365.wav	อยู่ที่พัฒนาแล้วจะถูกนำไปปล่อยในพื้นที่นำร่องในจังหวัดฉะเชิงเทรา
25-25955-570.wav	ที่เดินทางไปตามสถานที่และโบราณสถานสำคัญต่างๆ
25-25956-23.wav	มันเกิดจากการเผากันในพื้นที่จังหวัดเชียงรายนี่แหละ
25-25956-29.wav	ส่วนที่จังหวัดเชียงใหม่ค่ะไฟป่าเนี่ยก็เกิดขึ้นขยายวงกว้างไปในหลายพื้นที่เลย
25-25956-38.wav	ก็ยังเห็นว่ามีชาวต่างชาติเนี่ยเดินทางมาท่องเที่ยว
25-25959-11.wav	เหตุการณ์นี้เกิดขึ้นที่จังหวัดชัยภูมินะคะ
25-25959-15.wav	อำเภอบ้านเขว้าจังหวัดชัยภูมิค่ะ
25-25962-0.wav	คุณผู้ชมค่ะลักษณะทางกายภาพของถ้ำหลวงขุนน้ำนางนอนเนี่ยคือยาวสักประมาณ10กิโลเมตร316เมตร
25-25962-11.wav	บอกว่านำอาสาสมัครมาร่วมงานครั้งนี้15นายด้วยกัน
25-25962-5.wav	ครั้งนี้นะคะนอกจากเจ้าหน้าที่จากทางภาครัฐแล้วเจ้าหน้าที่อาสาสมัครกู้ภัยทำงานเต็มที่เหมือนกันหลั่งไหลมาจากทุกจังหวัดเลยนะคะมาหยิบมาจับมาช่วยทำให้การทำงานของเจ้าหน้าที่เนี่ยรักษาอากาศมากยิ่งขึ้นเนี่ยเขาบอกว่าขอทำแค่นั้นก็ยังดีแม้ว่าการเป็นอยู่จะค่อนข้างลำบากมากนะคะเราจะพาคุณผู้ชมไปดูความเป็นอยู่ของอาสา
25-25963-20.wav	ไปเจอหนึ่งในกลุ่มของนายอัครพลที่มีท่าทีพิรุธค่ะพยายามจะหนีพอเห็นตำรวจ
25-25963-22.wav	สอบสวนเบื้องต้นก็เลยรู้ว่านายอัครพลกับเพื่อนเนี่ยเล่นน้ำสงกรานต์อยู่สามแยกโรงไฟฟ้าบางโปร่ง
25-25964-14.wav	บอกว่าตำรวจนายนี้เนี่ยเขาปฏิบัติหน้าที่ในรถนำขบวน
25-25964-56.wav	คือถ้าพูดถึงตำรวจที่ติดโควิด19เนี่ยต้องขออีกนายหนึ่ง
25-25964-58.wav	ตำรวจนายนี้ไปที่สนามมวยลุมพินีเมื่อวันที่6มีนาคมอา
25-25964-60.wav	ทีนี้ค่ะพอมีตำรวจที่สภ.บางแก้วจังหวัดสมุทรปราการติดโควิด19เนี่ยนะคะ
25-25964-64.wav	ตรวจวัดไข้ตำรวจทุกนายบนโรงพักของสภ.บางแก้วนะคะ
25-25964-81.wav	กว่าจะมีอาการกว่าจะไปตรวจเดินทางไปไหนมาบ้างเนี่ย
25-25964-9.wav	รองนายกรัฐมนตรีแล้วก็หน่วยงานที่เกี่ยวข้อง
25-25966-1.wav	มีให้มาอย่างต่อเนื่องแน่นอนนะคะพาไปดูที่จังหวัดแพร่จังหวัดแรกกันก่อนเลย
25-25966-47.wav	ที่วัดต้นสนอำเภอเมืองจังหวัดอ่างทองชาวบ้านไปขอโชคลาภจากเจ้าแม่ตะเคียนสร้อยสุวรรณ
25-25966-55.wav	ไปที่อำเภอสารภีจังหวัดเชียงใหม่นะคะไปที่วัดศรีดอนมูล
25-25967-17.wav	ไปพูดให้นางสาวแอนนักเรียนชั้นอ่าเป็นนักศึกษาปีที่สอง
25-25968-19.wav	คาดว่าออกจากพื้นที่จังหวัดชุมพรแล้วนะคะครับ
25-25968-22.wav	จากบ้านที่เกิดเหตุที่อำเภอประทิวจังหวัดชุมพร
25-25968-12.wav	ในพื้นที่ตำบลสะเลียมอำเภอปทิวจังหวัดชุมพร
25-25968-9.wav	เป็นอส.อยู่ที่อำเภอพะโต๊ะจังหวัดชุมพร
25-25969-11.wav	อำเภอรัตภูมิจังหวัดสงขลาลูกนี่บอกโอ้โหเสียใจมาก
25-25969-2.wav	เข้าบริเวณอกเนี่ย4นัดนะในพื้นที่ตำบลเขาพระอำเภอรัตภูมิจังหวัดสงขลาเนี่ย
25-25970-0.wav	รอยพระบาทของในหลวงราชการที่9ยังจาลึกอยู่ในใจของชาวจังหวัดนครพนม
25-25970-26.wav	ที่นางตุ้มได้นำดอกบัวสีชมพู3ดอกทูลเกล้าทูลกระหม่อมถวาย
25-25970-31.wav	นี่แหละเป็นความภาคภูมิใจที่คนภาคอีสานคนจังหวัดนครพนมหรือทั่วประเทศ
25-25970-3.wav	ไปติดตามได้จากรายงาน77ตามรอยพระบาทจังหวัดนครพนมค่ะ
25-25971-20.wav	จังหวัดราชบุรีตอนประมาณสัก5โมงครึ่งเมื่อวันอาทิตย์ที่ผ่าน
25-25975-18.wav	ในอำเภอบางปะอินจังหวัดพระนครศรีอยุธยา
25-25975-1.wav	กู้ภัยที่บางปะอินจังหวัดพระนครศรีอยุธยา
25-25975-24.wav	กู้ภัย50กว่านายคุณผู้ชมระดมกำลังนะคะ
25-25975-294.wav	ท่านเป็นนายสัตวแพทย์ประจำศูนย์วิจัยและบริการวิชาการทางสัตวแพทย์
25-25976-10.wav	ในจังหวัดปทุมธานีคือโดนคันเดียวเนี่ยเราก็ตกใจแล้ว
25-25976-32.wav	สามอำเภอคลองหลวงจังหวัดปทุมธานีนะคะ
25-25977-19.wav	เหนือนายทรัมป์อย่างท่วมท้นครับ
25-25977-48.wav	เช้าวันนี้ก็พูดถึงกรณีที่นายทรัมป์
25-25978-55.wav	ซึ่งนายมีชัยยังย้ำว่าเป็นเรื่องร้ายแรง
25-25979-0.wav	ก็ไปท่องเที่ยวกันดีกว่า
25-25979-16.wav	ก็เลยทำให้ช่วงนี้มีจำนวนนักท่องเที่ยวเริ่มทยอยเดินทางมาชมวิวกันมากขึ้นแล้วด้วย
25-25979-1.wav	เวลาเราไปท่องเที่ยวบางทีเราก็อยากจะไปสัมผัสธรรมชาติที่เหมือนแบบ
25-25979-20.wav	ก็จะมาขอพรกันค่ะขอให้เดินทางแคล้วคลาดปลอดภัย
25-25979-36.wav	อ่ะจังหวัดเชียงใหม่เจ้า
25-25979-9.wav	ดอยอินทนนท์อำเภอจอมทองจังหวัดเชียงใหม่จ้า
25-25982-5.wav	ตั้งอยู่ที่ตำบลตาดทองอำเภอเมืองจังหวัดยโสธร
25-25984-7.wav	เจ้าของบ้านหมู่สองห้วยโศกตำบลคลองขนานอำเภอเหนือคลองจังหวัดกระบี่นะคะเธอบอกตกอ๊กตกใจสิคะ
25-25986-18.wav	แม่อายุ44นะครับก็เดินทางมาดูศพลูกสาวนะครับ
25-25986-21.wav	ใช่ครับคุณแม่ชื่อนางหนูแดงนะฮะก็ต้องคอยพยุงกันนะครับ
25-25987-11.wav	จำนวนนี้เนี่ยติดเชื้อในกลุ่มแรงงานต่างด้าวจากการคัดกรองเชิงรุกในเก้ารายด้วยกันค่ะผู้ที่เดินทางมาจากต่างประเทศ
25-25987-13.wav	แล้วก็พบผู้ติดเชื้อในประเทศมีการกระจายใน51จังหวัดโดยเพิ่มมาวันนี้เนี่ยก็คือ3จังหวัดนะคะ
25-25987-21.wav	ก็คือที่กรุงเทพระยองแล้วก็ชลบุรีค่ะซึ่งพื้นที่จังหวัดชลบุรีเนี่ย
25-25987-2.wav	หลายจังหวัดยังคงต้องเป็นพื้นที่ในการควบคุมพิเศษอยู่
25-25987-5.wav	ประชาชนค่ะในอำเภอบางละมุงที่จังหวัดชลบุรีเนี่ย
25-25987-6.wav	ขอร้องขอให้งดการเดินทางเคลื่อนย้ายข้ามเขตพื้นที่ติดต่อใกล้เคียงไปก่อนนะคะ
25-25990-15.wav	โดยไม่ต้องส่งกำลังบำรุงมีกำลังคนประจำเรือจำนวน53นาย
25-25991-41.wav	เดียวกับยายลองเลยนางบุญสวนบอกว่ากังวลแต่ก็ไม่รู้
25-25994-42.wav	เดินทางไปที่ห้องพักของรุ่นพี่พอไปถึงรุ่นพี่ก็สั่งให้
25-25997-117.wav	ปรากฏว่านายเอ็มนั้นรับสารภาพนะว่าตัวเองเนี่ยตอนแรกเลยไปกดออดหน้าบ้านของผู้เสียชีวิตก่อนค่ะ
25-25997-120.wav	ผู้เสียชีวิตเปิดประตูแง้มออกมาพอนายเอ็มเห็นว่าเปิดประตูแง้มมา
25-25997-130.wav	เป็นคนสนิทของผู้เสียชีวิตล่ะนายเอ็มเขาบอกว่าทอมไหน
25-25997-167.wav	แล้วนายเอ็มก็อ้างว่าต้องการเงินเนี่ยไปช่วยเหลือ
25-25997-341.wav	ผู้สื่อข่าวนะครับเดินทางไปที่บ้านเลขที่25ทับ2หมู่3ตำบลบ้านไร่อำเภอเมืองราชบุรี
25-25997-354.wav	อยู่ที่ตำบลหนองกระทุ่มอำเภอปากท่อจังหวัดราชบุรี
25-25997-624.wav	อีกทั้งยังเดินทางไปทำงานในต่างประเทศต่อด้วยนะครับ
21-21721-198.wav	นายสมชายอริยะนั่งอยู่ริมทางเท้าบนถนนบุญศิริแถวๆคลองหลอดนี่แหละค่ะ
21-21668-27.wav	ก็ช่วยเหลือแล้วนะคะนางสาวแดงค่ะเอาตัวไปดูแลที่ศูนย์ตรวจร่างกาย
21-21667-13.wav	ส่งไปช่วยเหลือพระสงฆ์ในจังหวัดชายแดนภาคใต้นะคะ
21-21665-12.wav	ถูกนายอาภากรนัยวัฒน์หลานชายซึ่งเป็นบุตรของนางดวงใจ
21-21665-19.wav	นายกีรติได้เรียกร้องให้นางดวงใจนำตัวมารดากลับขึ้นมา
21-21665-27.wav	นอกจากนี้นายกีรติได้ร้องขอความช่วยเหลือ
25-25167-2.wav	และสำหรับใครที่เป็นแฟนคลับตัวจริงของคอนเสิร์ตยิปซีคาร์นิวัลที่จัดขึ้นที่สวนผึ้งจังหวัดราชบุรีมาแบบ3ปีติดนะคะคุณผู้ชมบอกเลยว่าคราวนี้ขอพักก่อนค่ะ
21-21765-24.wav	เอาการตรวจสอบครั้งนี้เนี่ยนางโพ๊ะพนาวรชัยเจ้าของรีสอร์ทเขายอมรับเลยนะ
21-21719-36.wav	โดยนายอดิศัยคงชำนิอายุ41ปีลูกชายของเจ้าของบ้าน
21-21665-11.wav	ชี้แจ้งข้อที่จริงกรณีนางสมพรชลสิทธิ์อายุ90ปีมารดา
21-21665-10.wav	นายกีรติชลสิทธิ์เจ้าของห้องเสื้อดวงใจบิสได้เปิดแถลงข่าว
21-21664-99.wav	ด้านหน้าศาลากลางจังหวัดขอนแก่นนะปีนี้ก็มาในธีมวิถีชีวิตอีสาน
21-21664-44.wav	ก็มีเหล่าบรรดาพุทธศาสนิกชนนักท่องเที่ยวจากจังหวัดต่างๆ
21-21664-106.wav	แล้วก็มีนายวราวุธศิลปอาชารัฐมนตรีว่าการกระทรวงทรัพยากรธรรมชาติและสิ่งแวดล้อมเนี่ย
ฃ	
21-21659-102.wav	เป็นเทพแห่งการเริ่มต้นในทุกๆกิจกรรมในชีวิตจะแต่งงานจะขึ้นบ้านใหม่จะประพันธ์หนังสือจะออกรถจะเดินทางจะค้าขายโอ้ยทั้งหมด
21-21655-86.wav	นางถึงขั้นปล่อยโฮกลางไลฟ์เลยนะอืมอืมแล้วบอกว่าเปิดใจวันเนี้ยนางพร้อมสู้ยิบตาเลย
21-21654-103.wav	จะเห็นว่ากลุ่มวัยรุ่นฝั่งของนายกั๊กกับนายเกอะขี่มอเตอร์ไซค์มาสองคัน
21-21653-380.wav	โป๊ปเขาก็เอาพุทธทำนายของพระพุทธเจ้ามา
21-21653-208.wav	นางสาวพนิดาปาลกะวงศ์ณอยุธยาเนี่ยเขาเปิดขายใบกระท่อมผสมค็อกเทลอุ๊ยอุ๊ย
21-21653-184.wav	โดยครอบครัวจะทำพิธีฌาปนกิจที่วัดท่าซุงอำเภอบางไทรจังหวัดอยุธยา
21-21644-5.wav	น้าเหยื่อคนนี้คือนางน้อยบุตรวงศ์อายุ66ปี
21-21643-9.wav	นี่จากการสอบสวนเบื้องต้นเนี่ยนะฮะนางทุนมิตรภรรยาของนายส่วยยังไม่ได้พูดซะเต็มปากอะ
21-21643-3.wav	พร้อมกับชุดรักษาความปลอดภัยหมู่บ้านก็สามารถไปจับกุมนางทุนมิตรหรือว่านางมุ้ยอายุ60ปีครับ
21-21643-28.wav	ขณะที่ญาติของนายอาดอแล้วก็นางมะขิลาที่เสียชีวิตนั้นได้ขอร้องทูต
21-21643-13.wav	กับทางครอบครัวของนายอาดอแล้วก็นางมะขิลาเป็นผู้เสียชีวิต
21-21641-7.wav	ผู้ราชการจังหวัดนราธิวาสเนี่ยไปนอนค้างที่วัดตลอดทั้งคืน
21-21641-61.wav	ในพื้นที่จังหวัดชายแดนภาคใต้นะคะ
21-21641-4.wav	เจ้าอาวาสวัดโคกโกที่จังหวัดนราธิวาสแล้วก็พระลูกวัดด้วย
21-21638-35.wav	เป็นทหารสังกัดกรมรบพิเศษที่หนึ่งเดินทางมอบตัวกับร้อยตำรวจเอก
21-21638-23.wav	ก็เลยทำให้นายนพชัยอายุ18ปีถูกรถทับ
21-21638-16.wav	นายนพชัยเนี่ยถูกรถเฉี่ยวชนมีอาการแน่นหน้าอก
21-21638-15.wav	ผู้บาดเจ็บ2คนก็คือนายนพชัยมีเคลือบอายุ18ปี
21-21638-13.wav	เหตุการณ์นี้มีผู้ที่เสียชีวิตก็คือนายชัยพัทธ์สิริปิอายุ17ปี
21-21637-6.wav	ชื่อจริงคือนายศีรวิษสุขชัยท่านผู้ชมฮะทนายศีรวิษเนี่ยติดต่อมาหาทีมข่าว
21-21636-5.wav	ก็ไปอยู่ร่วมกับศาลอื่นๆในพื้นที่จังหวัดเชียงใหม่นะครับจนกระทั่งได้ขอที่ราชพัสดุในการก่อสร้าง
21-21636-53.wav	บอกว่าศาลยุติธรรมจะดำเนินคดีกับผู้ที่วิจารณ์เรื่องการก่อสร้างบ้านพักตุลาการที่จังหวัดเชียงใหม่
21-21634-79.wav	คนที่ประสบอุทกภัยที่บริเวณอำเภอปากช่องจังหวัดนครราชสีมา
21-21634-19.wav	นายวิเชียรจันทรโณทัยผู้ว่าราชการจังหวัดนครราชสีมาเปิดเผยว่า
21-21634-136.wav	อุทกภัยในพื้นที่อำเภอปากช่องจังหวัดนครราชสีมาหากมีความ
21-21634-133.wav	ลำเลียงคนที่อยู่ในบ้านและประสงค์ที่จะเดินทางออกจากบ้านไปที่ศูนย์
21-21630-6.wav	อยู่ในพื้นที่กรุงเทพฯสามรายนะครับโดยเดินทางมาจากมาเลเซีย
21-21630-19.wav	โฆษกศบค.ในแพทย์ทวีศิลป์วิษณุโยธินบอกว่าปัญหานี้นายกรัฐมนตรีรับทราบนะครับ
21-21628-39.wav	ท่านเป็นเลขานุการเจ้าคณะจังหวัดอ่างทองบอกว่าตอนเนี้ยสั่งการแล้ว
21-21627-7.wav	ผู้เสียชีวิตชื่อว่านายเสกสรรวงกาสาอายุ
21-21627-19.wav	คนที่พบศพคือนายอรรถพลเปียสกุล
21-21625-47.wav	นายสังข์ทองเป็นพ่อค่ะพ่อบอกว่า20ปีก่อนนายเอลูกชายเนี่ยนะไปรับจ้างทำงานก่อสร้างที่กรุงเทพฯ
21-21624-42.wav	ที่บ้านของนายมณฑลนะฮะที่อำเภอปลายพระยา
21-21623-17.wav	เป็นเจ้าอาวาสวัดปางค่าตำบลผาสิงห์อำเภอเมืองจังหวัดน่านนะครับ
21-21619-65.wav	วรมหาวิหารจังหวัดพิษณุโลกตัวเลือกที่หนึ่ง
21-21618-8.wav	จากวัดหัวข่วงวัดพระร่วงวัดหัวเมืองและวัดศรีบุญเรืองในจังหวัดแพร่ครับ
21-21618-11.wav	แม่ของเด็กนะครับเดินทางมาจากพื้นที่เสี่ยงก็คือจังหวัดนครปฐม
21-21618-0.wav	เอ้าไปที่จังหวัดแพร่ครับตอนนี้เป็นห่วงผู้หญิงที่ตั้งครรภ์
21-21613-15.wav	เขาจะจัดขึ้นในหมู่บ้านลันแต้อำเภอสังขะจังหวัดสุรินทร์
21-21612-94.wav	นายปฐมพงศ์วิ่งปรี่ออกมาจากบ้านค่ะ
21-21612-47.wav	ก็เป็นบ้านของนายปฐมพงศ์
21-21612-130.wav	ชีวิตและนายนิกรทองใบอายุสามสิบเก้าปีได้รับบาดเจ็บเนี่ยนะคะครับมอบตัวแล้วค่ะนี่ค่ะนายปฐมพงศ์คนนี้มอบตัวกับตำรวจสภ.วังวิเศษจังหวัดตรังเพราะว่าถูกกดดันอย่างหนักจากเจ้าหน้าที่อะค่ะแล้วก็นำตัวไปทำแผนประกอบคำรับสารภาพนะคะแจ้งข้อหาฆ่าผู้อื่นโดยเจตนาพยายามฆ่าผู้อื่นโดยใช้อาวุธมีดและพาอาวุธ
21-21611-22.wav	จากการตรวจสอบพบว่านายชนะเนี่ยถูกกระแสไฟฟ้าช็อต
21-21611-11.wav	ชื่อว่านายชนะศรลำอายุ42ปีค่ะ
21-21610-46.wav	ส่วนความเคลื่อนไหวในจังหวัดเชียงใหม่นายพฤกษ์พฤกษ์สุนันท์หรือลุงยิ้มตาสว่างแกนนำนปช.เชียงใหม่
21-21609-7.wav	โมงค่ะโดยเอ่อพี่หยองลูกหยีหรือว่านายจงรวยสมจิตนาเนี่ยแหละค่ะ
21-21608-37.wav	นายสุพจน์เสริมทรัพย์หัวหน้าหมวดการทางหลวง
21-21606-8.wav	ผู้ชายที่ถูกจับกุมเนี่ยชื่อว่านายเอกพันธ์มีเกาะเป็นเจ้าหนี้
21-21606-12.wav	ของสำนักงานธ.ก.ส.จังหวัดมหาสารคาม
21-21605-63.wav	ล่าสุดนะฮะผู้ก่อเหตุเนี่ยเขาเดินทางเข้าไปพบกับทางผู้บริหารของโรงพยาบาลพานแล้วนะครับ
21-21604-244.wav	พอได้ข้อมูลจากนายสายันต์แบบนี้ก็ยิ่งเข้าใจผิดกันไปใหญ่นะคะครับ
21-21604-242.wav	ซึ่งเสี่ยอ้วนอาจจะได้ข้อมูลจากนายสายันต์แล้วก็
21-21604-231.wav	ก็นอนกันสองห้องใช่ฟอสก็อยู่กับสปายอั้มก็อยู่กับนายสายันต์
21-21604-193.wav	นะครับก็คือคนที่ไปเที่ยวที่พัทยาแล้วก็ไปไหว้พระที่เขาชีจรรย์ด้วยกันน้องอั้มคือคนที่นายสายันต์นะฮะที่เป็นสายสืบเป็นนกต่อเป็นคนชี้เป้าให้กับเสี่ยอ้วนแล้วก็พวกเนี่ยโดยก็คือเข้ามาตีสนิทกับน้องอั้มแล้วก็ไปเที่ยวกับน้องฟอสและน้องสปายนะครับอั้มบอกว่ารู้จักกับฟอสตั้งแต่ป.2นะฮะเรียนห้องเดียว
21-21602-66.wav	ก็คือนายเทวัญลิปตพัลลภ
21-21602-42.wav	โดยเฉพาะในตอนที่ไปวัดศาลาลอยจังหวัดนครราชสีมา
21-21599-25.wav	เพราะว่าเสร็จจากนครสวรรค์จะเดินทางไปจังหวัดใกล้เคียงก็คือที่ชัยนาทด้วย
21-21599-1.wav	ซึ่งทีมข่าวของเราก็รอรายงานสดอยู่ในพื้นที่นะครับคุณศิริวัณรักสัตย์รายงานสดมาจากที่จังหวัดนครสวรรค์ให้คุณผู้ชมได้ทราบครับเชิญครับ
21-21599-18.wav	ก็ยังจะกำลังจะเดินทางถึงพื้นที่ที่เกษตรกรและชาวบ้านกำลังรออยู่นะคะ
21-21599-0.wav	ในช่วงเช้านี้นะครับนายกรัฐมนตรีแล้วก็คณะรัฐมนตรีทางด้านของเกษตรด้านของเศรษฐกิจเนี่ยได้ลงพื้นที่ที่จังหวัดนครนครสวรรค์ไปที่อำเภอบรรพตพิสัย
21-21594-82.wav	นางสาวบุปผาอายุ34ปีบอกว่าโอ้โหความหลอนของนายหนุ่ยพี่ชายเนี่ยนะ
21-21594-58.wav	ทีมข่าวของเราได้คุยกับภรรยาของนายผุยผู้เสียชีวิตนะคะนางบุญมาอายุห้าสิบเจ็ดปี
ฃ	
21-21594-34.wav	นายชัยยศบอกว่าผมพร้อมจะเป็นคนกลางนะพื้นที่ไหนมีปัญหายาเสพติดแจ้งมาเลยนะ
21-21594-26.wav	นี่ค่ะก็นายชัยศคนเนี้ยบอกก็คลิปคราวที่แล้วอะ
21-21593-93.wav	ร่วมกับตำรวจในพื้นที่คือสภ.สิงหนครไปติดตามตัวนายสิทธิ์ครับ
21-21593-88.wav	สภ.สิงหนครตอนนั้นก็อยู่ระหว่างการติดตามตัวนายสิทธิ์มาสอบปากคำว่าก่อเหตุตามที่ถูกกล่าวหาหรือไม่นะครับ
21-21593-87.wav	แล้วนายสิทธิ์เนี่ยวิ่งหลบหนีไปครั้งนั้นนะคุณมีนาคมเนี่ยก็พาลูกเข้าแจ้งความที่สภ.สิงหนครแล้วนะฮะ
21-21593-27.wav	นี่ผู้เป็นแม่ก็คือนางสาวสมจิตรอายุ42ปี
21-21593-26.wav	อำเภอสิงหนครจังหวัดสงขลานะครับ
21-21589-6.wav	นางกานต์เปรมปรีด์ชิตานนท์รองผู้ว่าราชการจังหวัดจันทบุรี
21-21589-31.wav	ที่เดินทางไปนมัสการรอยพระพุทธบาทพลวง
21-21588-33.wav	จังหวัดกาญจนบุรีเกิดอุบัติเหตุรถเก๋ง
21-21588-27.wav	ตรวจสอบภายในรถพบศพนายพิทยุทธโพธิ์ภักดีอายุ42ปีเสียชีวิตอยู่เบาะคนขับใบหน้าบวมปูด
21-21584-131.wav	ใช่เพราะเราเห็นเราเห็นท่องเที่ยวเราเห็นสภาพฟื้นแล้วไง
21-21583-5.wav	นายนายพชรอนันตศิลป์อธิบดีกรมธนารักษ์เปิดเผยค่ะบอก
21-21583-31.wav	และจากเรื่องนี้นะคะนายบุญชัยเบญจรงคกุลนักธุรกิจและนักสะสมธนบัตรที่สะสมมากว่า30ปีแล้วค่ะ
21-21582-9.wav	ของนายไชยามพวานเมื่อวันศุกร์ที่ผ่านมา
21-21580-61.wav	กับตำรวจท่องเที่ยวภูเก็ตร่วมกับสำนักงานพาณิชย์จังหวัดนี่แหละฮะ
21-21580-2.wav	เตือนนักท่องเที่ยวจีนที่เดินทางเข้ามาเที่ยวในบ้านเราอ๊ะอาค่ะ
21-21580-23.wav	นี่แหละครับนางสาวกัญญณัฐชูเขียวผู้จัดการ
21-21580-18.wav	เอ้อซึ่งนอกจากบุกไปครัวแล้วนะฮะทางด้านของผู้จัดการร้านนางสาวกัญญาณัฐชูเขียว
21-21576-23.wav	เมื่อวานเนี้ยตอนเกิดเหตุเนี่ยน้องชายมาเกี่ยวข้าวในที่นาของพี่สาวก็คือนางมณีรัตน์
21-21576-21.wav	พี่สาวของนายสุรชัยที่เสียชีวิตชื่อนางมณีรัตน์นะครับบอกว่าน้องชายเนี่ยเป็นช่าง
21-21575-17.wav	ซึ่งเรื่องนี้นายจักรกฤษณ์เข็มทองนายกสมาคมป้ายและโฆษณาบอกเลยนะคะว่า
21-21574-3.wav	กำลังอยู่ระหว่างติดตามจับกุมพ่อตารายนี้นะคะความคืบหน้าเหตุนายสมชายจาดมีหรือช่างชายอายุสี่สิบห้าปีที่ก่อเหตุใช้มีดอีโต้ฟันนายประเสริฐพันเอกหรือไก่
21-21574-19.wav	แล้วก็นางจำปีโอภาสพินิจอายุ53ปีแม่ของผู้ตายแล้วก็ญาติด้วย
21-21574-13.wav	ปทุมธานีค่ะซึ่งศาลอนุมัติหมายจับนายสมชายในข้อหาฆ่าผู้อื่นแล้ว
21-21573-8.wav	วันก่อนสาววัย29ชาวจังหวัดอยุธยา
21-21573-19.wav	ท้าวเวสสุวรรณที่วัดสนามชัยน่ะมีชาวบ้านและนักท่องเที่ยวเดินทางมากราบไหว้ที่นี่กันเยอะ
21-21571-9.wav	คนที่ถูกทำร้ายเนี่ยคือนายสุธนดอกไม้นะครับ
21-21570-33.wav	นายประยูรช่วยแก้วรองผู้อำนวยการฝ่ายการเดินรถองค์การขสมก.บอกว่า
21-21570-27.wav	นายสนิทพรหมวงษ์อธิบดีกรมการขนส่งทางบกบอกว่า
21-21565-5.wav	เนี่ยนี่นายวินัยน่ะมาแจกเงินซื้อเสียงนะให้กับผู้สมัครพรรคการเมืองดัง
21-21565-2.wav	คุมตัวนายวินัยอายุห้าสิบเก้าปีขับรถฟอร์จูนเนอร์มาอยู่ที่
21-21565-1.wav	ก่อนจะถึงคืนหมาหอนไปที่สงขลาตำรวจสภ.หาดใหญ่จังหวัดสงขลา
21-21564-40.wav	แล้วก็ตัวของนายพีชนายตูนเนี่ยก็พยายามถาม
21-21556-7.wav	นอกจากนี้นายแจ๊คหม่ายังได้ขึ้นเวทีบรรยายพิเศษในหัวข้อเกี่ยวกับการส่งเสริมผู้ประกอบการในยุคโลกาภิวัตน์ด้วย
21-21556-3.wav	เมื่อวานนี้ค่ะได้ไปพบกับนายสมคิดจาตุศรีพิทักษ์รองนายกรัฐมนตรี
21-21555-36.wav	นี่แหละครับนายเอกภพเหลืองประเสริฐ
21-21553-7.wav	นายสุทธิพงษ์มโนวงศ์ค่ะอายุ34ปี
21-21550-105.wav	สภ.ขุนทะเลบอกว่าจากการสอบสวนนายปิยพงษ์มือยิงนะครับ
21-21549-35.wav	ตำรวจโทสันธนะเองก็ได้เดินทางพร้อมกับทนายความส่วนตัว
21-21549-22.wav	ก็ได้เดินทางมาที่บ้านบิดาของพันตำรวจโทสันธนะและสื่อมวลชน
21-21546-5.wav	เพราะว่าที่จังหวัดสตูลมีคุณแม่เขารออยู่ที่ไม่ได้เจอกันกว่า4
21-21546-2.wav	ต้นทางน่ะอยู่ที่จังหวัดนครนายก
21-21546-31.wav	บึ่งรถไปเลยจากนครนายกไปที่จังหวัดสตูล
21-21546-11.wav	คุณแม่เนี่ยก็ไปมีครอบครัวใหม่อยู่ที่อำเภอละงูจังหวัดสตูล
21-21541-20.wav	แล้วก็ในพื้นที่ตำบลห้วยหม้ายตำบลทุ่งน้าวของอำเภอ2จังหวัดแพร่
21-21541-13.wav	และทีนี้ชาวบ้านที่เขาเฝ้าสวนอยู่ชื่อว่านายโรจน์
21-21541-0.wav	ต่อที่จังหวัดแพร่ไปตามหาโจรกันหน่อยเขาไป
21-21538-40.wav	รวมถึงมีคนเดินทางมาแก้บนกับไอ้ไข่ตลอดทั้งวันเช่นกัน
21-21538-0.wav	การเดินทางไปวัดเจดีย์นั้นไม่ยากครับเพียงแค่ออกจากตัวเมืองนครศรีธรรมราชมุ่งหน้าไปยังอำเภอสิชลประมาณห้าสิบกิโลเมตรเราก็จะเริ่มเข้าเขตวัดเจดีย์กันแล้วครับสังเกตได้จากสองข้างทางจะมีไก่ตัวใหญ่ที่มีคนนำมาถวายให้ไอ้ไข่เรียงรายไปตลอดเส้นทางจนถึงวัดครับ
21-21534-11.wav	และคุณภรรยาก็คือนางกุญจิราสุขโสมนะครับก็ช่วยกันทำขนมพื้นบ้านจากภาคใต้นี่แหละครับ
21-21533-10.wav	หนองนากอำเภอหนองแคจังหวัดสระบุรี
21-21529-10.wav	ในแก๊งนี้ไปมอบตัวกับพลตำรวจตรีฐากูรเนตรพุกกณะผู้บังคับการตำรวจภูธรจังหวัดพัทลุง
21-21527-99.wav	อะนะครับนายชวนหลีกภัยจากพรรคประชาธิปัตย์ได้รับเลือกให้เป็นประธานสภาผู้แทนราษฎร
21-21527-96.wav	พลังประชารัฐก็เลยต้องเสนอนะครับและนายณัฏฐพลทีปสุวรรณสส.พลังประชารัฐ
21-21527-33.wav	ก็จะขาดเสียงของนายธนาธรไปหนึ่งเสียงนะฮะ
21-21527-23.wav	แต่นายธนาธรเองก็ใช้โอกาสที่คนเขาก็โต้เถียงกันน่ะค่ะ
21-21527-22.wav	ประธานก็แจ้งนายธนาทรแล้วว่าทำไม่ได้จะพูดไม่ได้นะคะ
21-21527-20.wav	ที่นายธนาทรพยายามจะขอใช้สิทธิ์ในการพูดรับทราบมติอะนะคะ
21-21527-17.wav	ที่มีคำสั่งให้นายธนาทรจึงรุ่งเรืองกิจ
21-21527-11.wav	ที่มีนายชัยชิดชอบส.ส.พรรคภูมิใจไทย
21-21527-113.wav	ก็ความเคลื่อนไหวนะครับหลังจากประชุมสภากันในวันนี้นะครับแล้วก็เลือกประธานสภาผู้แทนราษฎรไปแล้วนะครับวันนี้นายสุริยะจึงรุ่งเรืองกิจส.ส.แกนนำพรรคพลังประชารัฐบอกว่าไอ้คะแนนที่เพิ่มมาจะ5จะ6เสียงเนี่ยก็ไม่รู้ว่ามาจากพรรคไหนอะไรยังไงนะครับแต่น่าจะเป็นเสียงที่เห็นว่านายชวนมีความเหมาะสมสำหรับการเป็น
21-21527-109.wav	นายศักดิ์สยามชิดชอบนายนายศุภชัยโพธิ์สุพร้อมทีมพยาบาลก็ขึ้นไปดูนายชัยชิดชอบปู่ชัยนะคะ
21-21522-50.wav	ซึ่งนางพิสสมัยให้การภาคเสธรับว่าเป็นผู้โพสต์คลิปจริง
21-21522-46.wav	จากนั้นตำรวจก็ได้เรียกนางพิสสมัยทองคำอายุ35ปีผู้โพสต์
21-21522-22.wav	เขตเทศบาลเมืองสองพี่น้องถนนสายบางลี่วัดป่าเลไลยก์จังหวัดสุพรรณบุรี
21-21520-90.wav	นายสังวาลย์นี่คือผู้ตายนะค่ะถูกแจ้งข้อหานี่ฮะ
21-21520-89.wav	ตำรวจก็แจ้งข้อหากับนายสังวาลย์3ข้อหา
21-21520-85.wav	ตอนนั้นตำรวจก็ช่วยกันปั๊มหัวใจนายสังวาลย์
21-21520-83.wav	กระสุนเนี่ยเข้าลำตัวนายสังวาลย์ก็เสียชีวิตคาที่
21-21520-80.wav	ตำรวจเอกคมกฤษณ์ได้ยิงขู่ลงพื้นหนึ่งนัดแล้วก็ผลักนายอรุณออกจากตัวไปก่อน
21-21520-79.wav	ระหว่างนั้นนายสังวาลย์เห็นน้องชายถูกจับก็เลยไปหยิบมีดพร้าเนี่ยวิ่งเข้าหาตำรวจ
21-21520-53.wav	ทั้งพ่อแล้วก็ญาติพี่น้องไปรับศพนายสังวาลย์จากโรงพยาบาลนะครับ
21-21520-52.wav	ท่านผู้ชมครับวันนี้นะฮะญาติๆของนายสังวาลย์นะฮะ
21-21520-43.wav	ใช้ปืน9มม.นะเป็นปืนพกประจำกายยิงใส่นายสังวาลย์
21-21520-37.wav	ก็ต้องช่วยกันจับตัวกดตัวลงพื้นระหว่างนั้นนายสังวาลย์ละเม็กอายุสี่สิบสองปี
21-21520-32.wav	ชุดสืบสวนที่เป็นตำรวจนอกเครื่องแบบนะครับของสภ.นาจะหลวยอุบลราชธานี5นาย
21-21520-29.wav	แต่มาเจอนายสังวาลย์ผู้ตายเนี่ยใช้มีดดายหญ้าเนี่ยเข้ามาขัดขวางนะฮะ
21-21520-25.wav	แต่ตรงนี้เนี่ยคือญาติพี่น้องพ่อแม่ของผู้ตายชื่อนายสังวาลย์ละแม็กนะละเม็กนะฮะ
21-21519-7.wav	คนร้ายส่งภาพขณะที่นางสาวจินซ่านถูกมัดเท้านะฮะมัดมือนะครับ
21-21519-69.wav	ที่กลุ่มผู้ก่อเหตุเคยมาเช่าอยู่คาดว่านี่อาจจะเป็นจุดที่ลงมือฆ่านางสาวจินซ่านด้วย
21-21519-38.wav	นางสาวจินแล้วที่ไปรับมาที่ลานจอดรถของตลาดนะครับ
21-21519-25.wav	นี่ร้านจอดรถแล้วนะฮะแล้วนางสาวจินเธอก็ขึ้นรถคันนั้นไป
21-21516-41.wav	ก็ตั้งใจนะคะว่าจะบวชให้กับนายวุฒิชัยผู้ที่เสียชีวิตตัวจริงค่ะ
21-21516-36.wav	ทำบุญบ้านผูกข้อไม้ข้อมือสะเดาะเคราะห์ต่ออายุให้กับนายสงัด
21-21516-34.wav	วันนี้ญาติๆแล้วก็ชาวบ้านเนี่ยนะฮะของนายสงัดเนี่ย
21-21516-30.wav	นะคะก็คือนายวุฒิชัยพูลวงษ์ไปอายุ35ปี
21-21514-31.wav	เป็นเจ้าอาวาสวัดแห่งหนึ่งที่อำเภอพระประแดงจังหวัดสมุทรปราการนะครับ
21-21513-14.wav	พี่สายัณห์เนี่ยบอกว่าตอนเนี้ยปักหลักอยู่ที่จังหวัดชัยภูมิบ้านเกิดแล้วนะจ๊ะ
21-21512-48.wav	มาพักไว้ที่จังหวัดสระบุรีจำนวนมาก
21-21512-24.wav	พบว่านายศุภชัยเนี่ยสร้างศัตรูไว้เยอะ
21-21512-20.wav	หรือว่านายศุภชัยธารีรักษ์แฝดผู้น้อง
21-21512-19.wav	และนายศราวุฒิธารีรักษ์หรือว่ามิกซ์คิสเนอร์
21-21510-8.wav	ชวนชาวตะลอนข่าวมาที่ไร่ปลูกมันม่วงที่อยู่ที่ตำบลเสิงสางอำเภอเสิงสางจังหวัดนครราชสีมา
21-21507-22.wav	ที่อุทยานพระฤๅษีนารอดจังหวัดสุพรรณบุรีค่ะ
21-21507-15.wav	เจ้าตัวเนี่ยเดินทางไปไหว้ขอพรสิ่งศักดิ์สิทธิ์ต่างๆที่อุทยานพระฤๅษีนารอดสุพรรณบุรี
21-21505-38.wav	หน่วยซีลได้เดินทางออกจากโถง3ต่อเนื่องไปยังสามแยก
21-21504-50.wav	พร้อมด้วยนายไพบูลย์ศุภบุญนายอำเภอป่าโมก
21-21504-49.wav	โดยนายวีร์รวุทธ์ปุตระเศรณีผู้ว่าราชการจังหวัดอ่างทอง
21-21504-3.wav	นะรับมือมวลน้ำที่ไหลมาจากจังหวัดสุโขทัยนะครับ
21-21504-37.wav	พื้นที่หมู่11ตำบลสักหลงอำเภอหล่มสักจังหวัดเพชรชบูรณ์ค่ะ
21-21504-24.wav	ไปตรวจสอบที่พิษณุโลกนะครับนายศุภชัยเอี่ยมสุวรรณ
21-21504-21.wav	แล้วก็ไหลไปยังอำเภอบางระกำจังหวัดพิษณุโลก
21-21502-80.wav	เน้นๆฝั่งอ่าวไทยใครที่จะท่องเที่ยวบริเวณดังกล่าวออกเดินเรือต้องระวังกันหน่อย
21-21501-5.wav	ไปท่องเที่ยวภาคเหนือภาคตะวันออกเฉียงเหนือตอนบนช่วงนี้
21-21500-22.wav	เขาเป็นพ่อพันธุ์ชั้นดีของปางช้างสวนนงนุชพัทยาอำเภอสัตหีบจังหวัดชลบุรีเลย
21-21499-37.wav	พะเยาเนี่ยฮะนายธเนศดวงแก้วอายุห้าสิบปีอ้าว
21-21496-9.wav	แต่ว่ายังไม่พบนายสำราญพิพัฒน์พลสกุลกัปตันเรือยอร์ช
21-21496-4.wav	ตำบลตะกรบที่อำเภอไชยาจังหวัดสุราษฎร์ธานีนะครับ
21-21496-13.wav	พร้อมยืนยันว่าศพดังกล่าวคือกัปตันจริงๆก็คือนายสำราญ
21-21494-5.wav	วัดแช่มอุทิศถนนสงขลาจะนะตำบลเขารูปช้างอำเภอเมืองจังหวัดสงขลาฮะ
21-21489-94.wav	เนี่ยฮะพูดเหมือนเป็นลางเลยนะญาติมาทราบตอนหลังด้วยว่านายประยูรเองก็วางแผนไว้แล้วล่ะ
21-21489-91.wav	ญาติๆบอกว่าก่อนที่จะมีเหตุการณ์ในครั้งนี้เกิดขึ้นนางฉวีก็พูดเหมือนเป็นลางน่ะครับ
21-21489-8.wav	มีศพนายภิญโญอายุ35ปีลูกชายของนายประยูรเสียชีวิตจากการถูกยิงถึง4นัด
21-21489-80.wav	แล้วนายภิญโญเองเนี่ยก็ชอบคิดว่าพ่อแม่รักลูกไม่เท่ากันvn,
21-21489-71.wav	ตำรวจตรวจสอบที่เกิดเหตุยังไปพบจดหมายลาตายที่นายประยูรเขียนเอาไว้
21-21489-6.wav	ตรงจุดห้องครัวมีนายประยูรอายุ59เป็นรปภ.นะนอนเสียชีวิตอยู่จมกองเลือดเลย
21-21489-51.wav	ต้องมีหลานชายอายุ10ขวบเป็นลูกของลูกชายคนเล็กของนายประยูรน่ะ
21-21489-45.wav	บอกว่าสาเหตุที่เกิดขึ้นมันน่าจะมาจากนายประยูรเครียดที่ลูกชายคือนายภิญโญ
21-21489-44.wav	ที่เขาไปอยู่บ้านติดกันก็คือนางซ่อนกลิ่น
21-21489-3.wav	ตำรวจสภ.บางเลนได้รับแจ้งว่ามีการยิงกันนะจนมีคนบาดเจ็บกับเสียชีวิตที่บ้านเลขที่42หมู่6ตำบลนิลเพชรอำเภอบางเลนจังหวัดนครปฐม
21-21489-39.wav	ส่วนนายประยูรเนี่ยนะก็พูดขึ้นว่าพี่รักฉวีนะ
21-21489-37.wav	นายประยูรไม่สนใจครับยิงซ้ำลูกชายเข้าไปอีก
21-21489-33.wav	ช่วงระหว่างเนี้ยนายประยูรเดินกลับไปที่ห้องครัวอีกครั้งหนึ่ง
21-21489-27.wav	ที่เป็นน้องสะใภ้ของนายประยูรที่เขาอยู่บ้านติดกันเขาได้ยินเสียงเขาก็มาดู
21-21489-26.wav	กลิ่นบัวขาวสามีของนางซ่อนกลิ่น
21-21489-21.wav	จากนั้นนายประยูรเดินไปที่ห้องนอนของลูกชายตัวเองนะครับ
21-21489-18.wav	นายประยูรมาถึงก็เดินถือปืนเข้ามา
21-21489-16.wav	ฉวีภรรยาของนายประยูรกำลังทำกับข้าวอยู่ในครัว
21-21489-12.wav	น้องสะใภ้ของนายประยูรชื่อนางซ่อนกลิ่น
21-21488-7.wav	ที่ตำบลพึ่งอำเภอพระประแดงจังหวัดสมุทรปราการนะฮะ
21-21486-29.wav	ถ้าฝั่งอ่าวไทยก็แถบนครศรีธรรมราชพัทลุงสงขลาฝั่งอันดามันจังหวัดกระบี่ตรังและสตูลนะคะ
21-21482-72.wav	นายชาญวิทย์ผลชีวินระลึกอยู่เสมอในทุกบทบาท
21-21482-5.wav	อาจารย์หรั่งหรือนายชาญวิทย์ผลชีวินเป็นอีกหนึ่งบุคคลผู้น้อมนำพระราชดำรัสของพระบาทสมเด็จพระปรมินทรมหาภูมิพลอดุลยเดช
21-21482-56.wav	นายชาญวิทย์จะนึกถึงพระราชดำรัสของพระองค์ท่านทุกครั้ง
21-21479-9.wav	ห่างจากปากซอยนายเลิศเข้าไปประมาณ500เมตรตำรวจก็ประสานเจ้าหน้าที่ดับเพลิงพญาไท
21-21478-28.wav	ทราบชื่อต่อมาก็คือนายบุญหลายพรมดีอายุ50ปี
21-21478-21.wav	ตำรวจเนี่ยไล่ไปจนถึงเขตรอยต่อจังหวัดเพชรบูรณ์กับลพบุรี
21-21478-19.wav	แล้วก็มุ่งหน้าไปที่อำเภอชัยบาดาลจังหวัดลพบุรี
21-21478-12.wav	ตั้งแต่สภ.วิเชียรบุรีจังหวัดเพชรบูรณ์ค่ะ
21-21477-102.wav	ที่หอประชุมเทศบาลเมืองพลอำเภอพลจังหวัดขอนแก่น
21-21473-34.wav	ซอยรังสิตนครนายก34อำเภอธัญบุรีจังหวัดปทุมธานีนะครับ
21-21472-25.wav	เพราะว่าดอกเบี้ยที่เขาเก็บเนี่ยร้อยละ30แต่จริงๆแล้วนายใบปลิวเขาเขียนแค่120นะครับ
21-21471-82.wav	หรือว่าควบคุมสูงสุดและเข้มงวด6จังหวัดนะครับ
21-21471-72.wav	จะต้องมีมาตรการที่เข้มข้นกว่าจังหวัดอื่นๆ
21-21471-70.wav	จังหวัดต่างๆทั่วประเทศนั้นไม่เท่ากัน
21-21471-129.wav	ก็จะมีจังหวัดอื่นน่ะทยอยเพิ่มมาเรื่อยๆนะคะใช่
21-21469-15.wav	ในหมู่บ้านทองสถิตย์วิลล่าอำเภอองครักษ์จังหวัดนครนายกไปขายที่ประเทศพม่า
21-21467-32.wav	ถ้าหากว่าใครได้เดินทางมาลอดหรือว่ามาสัมผัสลำต้น
21-21467-18.wav	อยู่ภายในอุทยานแห่งชาติดอยภูนางตำบลสระอำเภอเชียงม่วงจังหวัดพะเยา
21-21466-52.wav	คือชายคนนี้เนี่ยเขาชื่อนายจิตรชัยพวังคามหรือว่าเจ้าของฉายากินสดกับมดแดง
21-21464-27.wav	ขณะที่พันเอกอธิสิทธิ์ไชยนุวัติผู้ช่วยโฆศกประจำสำนักนายกรัฐมนตรี
21-21462-49.wav	ไปกันได้โสกผีดิบตำบลโสกนกเต็นอำเภอพลจังหวัด
21-21462-12.wav	ตำบลโสกนกเต็นอำเภอพลจังหวัดขอนแก่น
21-21459-65.wav	ที่วัดหว่านบุญจังหวัดปทุมธานีแล้วก็จะมีการฌาปนกิจในวันพรุ่งนี้ค่ะ
21-21459-57.wav	ส่วนลูกชายของนายเฉินนายสว่างแซ่เฉินก็บอกว่า
21-21459-34.wav	ด้วยความโมโหนายฟีคลุงชู้และนายคาวเคียงวินก็เลยหยิบเหล็กที่วางอยู่
21-21459-27.wav	นายฟีคลุงชู้หรือนายเจยี่3คนเนี้ยค่ะนำตัวไปทำแผนประกอบคำรับสารภาพที่ร้าน
21-21455-26.wav	ริมทุ่งนาหมู่ที่5ตำบลหนองปลิงอำเภอหนองแคจังหวัดสระบุรีนะคะ
21-21454-0.wav	ท่านผู้ชมครับที่จังหวัดเลยนะครับมีคุณตาคนนึงอายุ89ปีแล้ว
21-21452-54.wav	นายจอซอทานเคยบอกกับเพื่อนๆว่าเขาไม่มีญาติพี่น้องเลยนะฮะ
21-21452-34.wav	มีอดีตเพื่อนร่วมงานของผู้ตายก็คือนายจอซอทานที่เป็นแรงงานชาวพม่าเนี่ย
21-21452-12.wav	คนที่ถูกรถทับจนบาดเจ็บแล้วไปเสียชีวิตชาบทราบชื่อต่อมาคือนายจอซอทาน
21-21451-3.wav	แม่อั้มอาจจะงอนคุณพกที่ไปงานปาร์ตี้วันเกิดของไฮโซสาวนางนึง
21-21447-2.wav	ขับทัวร์สายเหนือออกจากหมอชิตอื้มไปถึงจังหวัดกำแพงเพชรครับ
21-21447-25.wav	เบื้องต้นตำรวจประสานบริษัทรถทัวร์คันที่เกิดเหตุนะคะเพื่อขอรถมาเปลี่ยนนำผู้โดยสารให้สามารถเดินทางได้ต่อไปยังสถานีขนส่งผู้โดยสารจังหวัดเชียงใหม่
21-21447-12.wav	แล้วก็เข้าไปตรวจสอบทราบว่าคนขับรถชื่อนายศักวรินทร์ปะวันเทานะคะ
21-21445-9.wav	และมีเจ้าหน้าที่สภ.อส.อำเภอโคกโพธิ์บาดเจ็บไป2นายค่ะ
21-21445-6.wav	เข้าตรวจสอบเหตุระเบิดบริเวณริมกำแพงโรงเรียนซอลีฮียะห์หมู่ที่3ตำบลทุ่งพลาอำเภอโคกโพธิ์จังหวัดปัตตานี
21-21445-32.wav	เบื้องต้นเจ้าหน้าที่คาดว่าเป็นฝีมือของนายอุบัยดีละห์รอมลี
21-21445-25.wav	ที่จังหวัดสงขลาเกิดเหตุระเบิดเช่นกัน
21-21445-22.wav	ทราบชื่อคือนางคอลีเยาะซอละซออายุ57ปี
21-21445-10.wav	พลตำรวจตรีทนงศักดิ์วังสุภาผู้บังคับการตำรวจภูธรจังหวัดปัตตานี
21-21440-30.wav	ซึ่งนางสาวมนฤดีก็เป็นคนที่ไปพบศพผู้ตายคนแรก
21-21440-28.wav	ทีนี้ไปสอบถามนางสาวมนฤดีศรีบัวอายุ35ปี
21-21440-16.wav	ภายในห้องเนี่ยไปพบเข้ากับศพของนายสิงห์เดชโพธิโชติ
21-21440-14.wav	ตั้งอยู่ในพื้นที่หมู่2ตำบลหนองบัวอำเภอเมืองจังหวัดจันทบุรีนะคะ
21-21437-49.wav	ด้านของนางอรอนงค์พิมพ์เงินพี่สาวผู้ตาย
21-21434-68.wav	ที่เหลือก็จะไปอยู่ตามหน่วยงานต่างๆส่วนจังหวัดก็ลดลงประมาณ20
21-21434-58.wav	ดั่งเช่นท่านพิธาพยากรได้ทำนายเอาไว้เป๊ะเลย
21-21433-6.wav	เยื้องสำนักงานเทศบาลตำบลบ้านค่ายอำเภอบ้านค่ายจังหวัดระยองฮิ
21-21431-18.wav	หนึ่งในนั้นคือนายทวีไกรคุปต์อดีตส.ส.ราชบุรี
21-21429-188.wav	ทุกกลุ่มจังหวัดต้องเข้มแข็งในตัวเองทุกจังหวัดต้องขุ้มเข้มแข็ง
21-21427-53.wav	ซึ่งนายสุทธิวัฒน์เนี่ยเขาขอฝากเลยนะ
21-21426-22.wav	องค์การบริหารส่วนจังหวัดสงขลาค่ะ
21-21425-691.wav	ภายใน1สัปดาห์ด้านนายสมบูรณ์คำแก้วอายุ79ปีเปิดเผย
21-21425-682.wav	นายวิชาญเขียวรัมย์อายุ40ปีเนี่ยนะเป็นชาวจังหวัดบุรีรัมย์
21-21424-8.wav	นายนครศรีบุญเรืองอายุ67ปีเป็นชาวบ้านตำบลหมากแข้งอำเภอเมืองอุดรธานี
21-21423-60.wav	ไปสอบถามนายสุริยาจีนประชาอายุ46
21-21422-7.wav	พอไปสอบถามนายสามารถเปี่ยมช่วยเป็นเจ้าของร้านซึ่งยังอยู่ในอาการมึนเมาด้วยเนี่ยบอกว่า
21-21422-19.wav	ก็เลยทราบว่าผู้ก่อเหตุคือนายโพนอายุ34ปีเป็นญาตินายสามารถนะฮะ
21-21420-12.wav	จนรถเขาล้มนะฮะเขาก็กลิ้งอยู่ที่พื้นถนนแต่ว่านายเกษมก็ยังไม่หนำใจนะฮะ
21-21420-11.wav	ผ่านมาพอดีตัดสินใจขับรถพุ่งชนจักรยานยนต์ของนายบุญชมที่เป็นอา
21-21419-94.wav	เปิดเผยว่าคดีที่เหลือของนายไอซ์
21-21419-46.wav	เมื่อพ่อของนายไอซ์หรือนายเฉลิมชัยองค์วิศิษฐ์
21-21419-33.wav	เมื่อเหยื่อร้องให้เปิดหีบนายไอซ์กลับเปิดเพลงเพื่อกลบเสียง
21-21419-16.wav	นายเฉลิมชลงะบัวอดีตลูกจ้างของนายไอซ์ในข้อหายาเสพติด
21-21418-64.wav	นายนิยมวิวัวรรธวิวรรธนดิฐกุลเป็นรองหัวหน้าพรรค
21-21413-25.wav	ผู้ว่าราชการจังหวัดและปลัดกรุงเทพฯ
21-21411-30.wav	ยายเลี้ยงคนนี้ก็เลยบอกว่าหลังจากนั้นเนี่ยนายพั่วโทรหานะ
21-21411-13.wav	สารจังหวัดชัยภูมิออกหมายจับมาเรียบร้อยข้อหาข่มขืนกระทำชำราวหญิงสาวซึ่งเป็นหลานสาวแท้
21-21410-71.wav	หลังจากนี้เนี่ยผมก็จะเดินทางไปแจ้งความที่สภ.คูคตด้วยเช่นเดียวกัน
21-21410-67.wav	นายชายคนขับรถกระบะส่งของเนี่ยเราก็อยากจะพูดคุยด้วย
21-21410-65.wav	และทีนี้ฮะก็ทีมข่าวของเราก็ไปสอบถามนายชายเหมือนกัน
21-21410-60.wav	เคยถูกนายชายเนี่ยขับรถพุ่งเข้าใส่เกือบชน
21-21410-46.wav	แล้วตัวนายชายเนี่ยก็เคยร้องเรียนไปยังเทศบาลนับ10ครั้ง
21-21407-6.wav	เป็นลูกชายของนางพันทิพาจักขุมมณีเจ้าของบ้านแล้วก็เป็นเจ้าของกิจการโรงเชือดไก่สดและค้าส่งไก่สดด้วย
21-21406-13.wav	ตรงนี้คือเลียบคลองชลประทานสะพาน4ที่อำเภอลาดหลุมแก้วจังหวัดปทุมธานีครับ
21-21398-61.wav	ไม่จ้างทั้งสองคนแล้วล่ะฝั่งของนางสาวเรคนก่อเหตุเนี่ย
21-21397-9.wav	พื้นเพเป็นชาวจังหวัดศรีสะเกษได้รับบาดเจ็บตามร่างกาย
21-21397-5.wav	ชื่อว่านายวิวินันท์อินทร์หอมอายุ41ปีค่ะ
21-21395-37.wav	หลายๆจังหวัดนะครับที่ปทุมฯนี่ก็ใช่นะครับ
21-21395-27.wav	ต่อมาทางด้านของนายรังสิมันต์โรมส.ส.บัญชีรายชื่อครับ
21-21393-5.wav	ครูกศน.ชาวจังหวัดชุมพรแล้วก็เอาไปทิ้งเมื่อกลางดึกวันที่เก้า
21-21392-91.wav	แต่หลักๆเดี๋ยวมันจะมารวมที่จังหวัดพระนครศรีอยุธยาไอ้ตรงนั้นเนี่ยเดี๋ยวรอรับน้ำเพิ่มเติมอีก
21-21392-89.wav	ถ้านับภาคกลางเนี่ยชัยนาทนครสวรรค์มันจะเป็นพื้นที่เป็นจังหวัดต้นๆค่ะที่ได้รับน้ำก่อน
21-21392-48.wav	สำหรับอาเด่นดอกประดู่นะครับก็มีชื่อจริงว่านายบรรพตวีระรัฐนะครับ
21-21392-46.wav	ซึ่งอาถั่วแระเนี่ยก็ได้เดินทางไปรับศพอาเด่นเพื่อเคลื่อนย้ายศพนะครับ
21-21392-158.wav	หน้าคะมำเลยค่ะอืมคนร้ายนะครับได้สร้อยคอทองคำหนักสองบาทของนางสัญญา
21-21388-2.wav	คุณผู้ชมครับสำนักพราหมณ์แห่งหนึ่งที่จังหวัดนครราชสีมา
21-21386-422.wav	ส่วนทีมสมิหลาพาเพลินจังหวัดสงขลานะครับมีคะแนนสะสมอยู่ที่2คะแนนเป็น4ต่อ
21-21380-39.wav	เราไปถามพูดคุยกับอีกหนึ่งท่านก็คือนางสมภารแสนเริงอายุ42ปี
21-21380-21.wav	นอกจากรถมอเตอร์ไซค์คันนี้ไปพบหมวกไอ้โม่งของนายระพิน
21-21380-18.wav	ไปทำการสูบน้ำเข้าพื้นที่นาหลังจากนั้นนายระพินก็หายตัวไปอย่างไร้วี่แวว
21-21380-17.wav	หลังจากที่นายระพินเนี่ยเดินทางออกจากบ้านเพื่อนำเครื่องสูบน้ำ
21-21378-87.wav	จังหวัดอีกหลายๆคนที่บอกว่าอยากที่จะเดินทางมา
21-21378-84.wav	พอได้เวลาก็จะเข้ามาถวายสักการะเลี้ยงดูมีที่พักครบหมดเดินทางกลับจากบ้านมาสักการะกลับถึงบ้าน
21-21378-83.wav	นะครับทั้งบ้านพักฟรีจังหวัดทางภาคใต้จะมาพักคอยที่พุทธมณฑล
21-21378-82.wav	มากัน750ธนบุรีมา750ค่ะจังหวัดทางภาคใต้เหมือนกันจังหวัดเหนืออีสานจะมาพักคอยที่เมืองทองธานี
21-21378-55.wav	ที่ไม่ได้เดินทางเข้ามาเพื่อที่จะต้องการเข้าไปกราบ
21-21378-248.wav	วันนี้เนี่ยเราเห็นว่าประชาชนเดินทางมาที่บริเวณนี้เป็นจำนวนมาก
21-21377-8.wav	ลูกๆแยกไปมีครอบครัวกันหมดแล้วปกติเนี่ยภรรยาจะใช้ชีวิตอยู่ภายในห้องนอนชั้นสองเนื่องจากนางเล็กเป็นคนชอบเก็บตัว
21-21377-7.wav	นายอุดมชูศิริอายุ78ปีเป็นสามีของนางเล็กผู้ตายเขาเล่าว่าบ้านหลังเนี้ยอาศัยอยู่กับนางเล็กแค่สองคน
21-21377-3.wav	ในตำบลคูหาสวรรค์อำเภอเมืองจังอ่าจังหวัดพัทลุงนะครับสภาพศพเนี่ยใบหน้าเขียวคล้ำเลย
21-21377-29.wav	เอาล่ะยังไงซะทางตำรวจก็จะส่งศพของนางเล็กไปชันสูตรอีกครั้ง
21-21377-1.wav	เหตุเกิดที่นี่นะครับคุณผู้ชมครับศพของนางเล็กชูศิรินะครับ
21-21376-5.wav	นายสนั่นพงษ์อักษรปลัดจังหวัดเพชรบูรณ์ลงพื้นที่หน้าวัดไตรภูมิ
21-21376-3.wav	ค่ะซึ่งปลัดจังหวัดเพชรบูรณ์ได้ให้กำลังใจทีมกู้ภัย
21-21376-12.wav	เจ้าหน้าที่ระดมกำลังนับ10นายเดินหน้าค้นหาผู้สูญหายอีกครั้ง
21-21376-10.wav	และนายอรรถพลพรมแสงอายุ23ปี
21-21373-73.wav	ของนางรสสุคนธ์นะคะก่อเหตุ7สิงหาคมที่ผ่านมา
21-21373-5.wav	ชื่อว่านายอภิชาติและนางทิญาตาบุญเรืองนะคะ
21-21373-30.wav	นายอภิชาติและนางทิญาตาบุญเรือง
21-21373-234.wav	นางทิญาตาบุญเรืองอายุ38ปี
21-21373-177.wav	ตำรวจก็จับได้นะคะก็บอกกับนางรสสุคนธ์ว่า
21-21373-139.wav	ตกใจมากรีบวิ่งไปที่ร้านสะดวกซื้อที่อยู่ใกล้ๆที่นายอภิชาติบอกว่าเดี๋ยวไปซื้อของก่อนเนี่ย
21-21373-124.wav	จากนั้นนางทิญาตานะฮะมาซื้อไม้กวาด1ด้ามราคา60บาท
21-21373-120.wav	นี่ฮะเจ้าของร้านครับนางรสสุคนธ์ครับ
21-21372-9.wav	ใช่แล้วค่ะวันนี้ก็เลยเดินทางไปที่ปอท.นะครับ
21-21372-14.wav	พร้อมด้วยนางสาวไดอาน่าแอนคาฮิลส์นักแสดงอิสระ
21-21370-6.wav	ทีนี้จากการตรวจสอบนะคะผู้ชายที่อยู่ในคลิปคือนายมินทดาอายุ20ปีเป็นชาวบ้านในพื้นที่
21-21370-29.wav	ตำรวจควบคุมตัวนายมินทดาแล้วนะคะ
21-21366-6.wav	อยู่ที่ตำบลหน้าเมืองอำเภอเมืองจังหวัดปราจีนบุรี
21-21364-91.wav	แต่สำหรับนายเบียร์นะตำรวจมีข้อมูลว่า
21-21364-87.wav	ตำรวจเนี่ยแจ้งข้อหาไว้ก่อนกับนายเบียร์ในความผิด
21-21364-55.wav	นายดนุพลเนี่ยนอนคว่ำหน้าในห้องแล้วกำลังค่อยๆลุก
21-21364-52.wav	เขาบอกว่าปืนในที่เกิดเหตุเนี่ยเป็นของนายดนุพลคนตายนั่นแหละครับ
21-21364-47.wav	ล่าสุดนะฮะตัวนายเบียร์เนี่ยโทรมาขอมอบตัวกับตำรวจ
21-21364-41.wav	ส่วนระหว่างที่ทั้งกำลังช่วยเหลือนำตัวนายดนุพลนะฮะไปส่งโรงพยาบาล
21-21364-34.wav	พบว่านายดนุพลเนี่ยถูกยิงอาการสาหัส
21-21364-29.wav	คนตายก็คือดานายดนุพลเนี่ยเป็นลูกพี่ลูกน้องของผม
21-21364-13.wav	ทราบชื่อก็คือนายดนุพลเนตรงามอายุ36ปี
21-21359-18.wav	แล้วเมียนายยอดก็ไปคบกับนายแม็กซ์ครับนายยอดก็มาตัดพ้อให้น้องๆทั้งสองคนฟังว่าเนี่ยนะ
21-21359-12.wav	นายยันนี่เป็นคนชี้เป้าครับแล้วเป็นคนหาปืนมาให้นายยิ่งเป็นคนยิง
21-21358-558.wav	จะออกในจังหวัดอ่างทองมาพิมพ์จำหน่ายรายวันในส่วนกลางเมื่อปีพ.ศ.2559
21-21358-259.wav	เราก็ขยำนางโกงเลย
21-21357-43.wav	ทีมข่าวได้คุยกับนางสาวนันทนาเธอเป็นเจ้าของเขียงหมูเฮงๆ
21-21355-23.wav	ไปคุยกับน้องภรรยาของผู้ตายคือนางถนอมวรรณ
21-21353-51.wav	ก็รีบเดินทางกลับนะคะโดยก็ไม่ได้ให้สัมภาษณ์ใดๆนะคะ
21-21351-9.wav	เดี๋ยวฟังนะครับอะนายสังวาลย์นะฮะที่เขาเล่าให้ฟังนะครับ
21-21351-7.wav	ชิ้นส่วนกระโหลกกับร่างกายเนี่ยนางสังวาลย์สีเลี่ยมอายุ59ปีเป็นชาวตำบลน้ำก้อ
21-21351-57.wav	นางทองเลื่อนบอกว่าไม่รู้จริงๆว่าเกิดอะไรขึ้นนะครับส่วนตำรวจสภ.หล่มศักดิ์ยังไม่สามารถระบุได้นะครับว่าจะเป็นเศษชิ้นส่วนกะโหลกศีรษะกะโหลกศีรษะแล้วก็กระดูกของใครนะแล้วในพื้นที่ก็ไม่มีใครแจ้งคนสูญหายไว้ด้วยค่ะสภ.หล่มศักดิ์ก็เลยฝากประชาสัมพันธ์นะครับท่านผู้ชมครับถ้าใครสงสัยว่าบุคคลในครอบครัว
21-21351-40.wav	นางทองเลื่อนปรุงแก้วเจ้าของบ้านแล้วก็บ่อน้ำแห้งๆนะฮะจุด
21-21351-12.wav	ตอนนั้นนายสังวาลย์เขาไม่เจอชิ้นส่วนอื่นนะครับเจอแค่กะโหลกศีรษะของมนุษย์
21-21350-876.wav	ประเทศไทยเราตั้งชื่อว่าเรานายเรามีนายกรัฐมนตรีชื่อว่า
21-21350-719.wav	ราชการกำหนดคือสเตทควอรันทีนในพื้นที่จังหวัด
21-21350-710.wav	บอกว่ากรณีที่มันเข้ามาจากจังหวัดนี้ให้กักตัวนี้อย่าง
21-21350-696.wav	หกจังหวัดเป็นสิบสามจังหวัดเป็นยี่สิบเก้าจังหวัดจังหวัดน่าน
21-21350-487.wav	ข้อสั่งการของนายกรัฐมนตรีที่ผมต้องเน้นเพราะอะไรครับ
21-21350-445.wav	โอ้สบายใจเป็นศูนย์แล้วฉันเป็นนายกรัฐมนตรีที่เก่งที่สุดในโลก
21-21350-351.wav	และได้รับความน่าเชื่อถือที่สุดเป็นแคนดิเดตที่จะเป็นนายกรัฐมนตรีของสิงคโปร์ครับ
21-21350-33.wav	นายอนุทินชาญวีรกูลรองนายกรัฐมนตรี
21-21350-295.wav	ใช้ข้อสั่งการนายกรัฐมนตรีเป็นกลไกในการบริหารสถานการณ์
21-21350-1.wav	จังหวัดน่านพรรคเพื่อไทยกระผมได้รับมอบหมายจากท่าน
21-21350-187.wav	พลเอกประยุทธ์และนายอนุทินชาญวีรกูล
21-21350-158.wav	และนายอนุทินชาญวีรกูล
21-21350-1500.wav	จะเป็นมหากาฬเลยผมอยู่จังหวัดน่านเนี่ยผมท้อแท้สิ้นหวังมาก
21-21350-1403.wav	ท่านจะตกใจมากเฮ้ยนายกรัฐมนตรีทำได้ยังไงน่ะเสี่ยงเข้าคุกเลยน่ะ
21-21350-1354.wav	มีกฎหมายรองรับข้อสั่งการนายกรัฐมนตรีต้องถือปฏิบัติครับ
21-21350-11.wav	และนายอนุทินชาญวีรกูล
21-21350-0.wav	กระผมกระผมนายชลน่านศรีแก้วสมาชิกสภาผู้แทนราชฎร
21-21349-95.wav	นางสาวกัญจนายังนั่งคาราวานรถตุ๊กตุ๊กแห่ไปในตัวจังหวัด
21-21349-79.wav	นายสุวัจน์ลิปตพัลลภประธานที่ปรึกษาพรรคชาติพัฒนา
21-21349-71.wav	พบปะประชาชนพร้อมปราศรัยในจังหวัดมหาสารคามและร้อยเอ็ด
21-21349-66.wav	จนกว่าคนโคราชจะเลือกพรรคยกจังหวัด
21-21349-62.wav	ที่จะพัฒนาจังหวัดและประเทศด้วยวิสัยทัศน์
21-21349-59.wav	นายสุวิทย์เมษินทรีย์รองหัวหน้าพรรคพลังประชารัฐ
21-21349-53.wav	ขณะที่นายสุเทพเทือกสุบรรณผู้ร่วมก่อตั้งพรรครวมพลังประชาชาติไทย
21-21349-52.wav	ซึ่งต้องถามนายธนาธรว่าหมายถึงอะไร
21-21349-45.wav	นายธนาธรจึงรุ่งเรืองกิจหัวหน้าพรรค
21-21349-22.wav	สมัครส.ส.เขต3จังหวัดตรัง
21-21349-108.wav	ว่าจะสามารถขึ้นเวทีปราศรัยและเดินทางช่วยผู้สมัครของพรรค
21-21347-3.wav	หมู่10บ้านด่านใหญ่ตำบลวังหามแหอำเภอขาณุวรลักษบุรีจังหวัดกำแพงเพชรนะคะ
21-21346-17.wav	ชายคนเนี้ยเค้าชื่อว่านายสุรชัยหรือว่าโออายุ42ปี
21-21343-40.wav	ทับรถจักรยานยนต์พ่วงข้างทำให้นายมณฑาคนขับขี่เสียชีวิต
21-21343-31.wav	พระลูกวัดหนองวัลย์เปรียงและนายมณฑาบุญประเสริฐอายุ64ปี
21-21343-22.wav	พนักงานสอบสวนแจ้งข้อกล่าวหากับนายเอกคณิต
21-21343-11.wav	นายเอกคณิตจันดีอายุ42ปี
21-21340-8.wav	จากกรณีที่นางสาวอมรรัตน์แพรเขียว
21-21339-7.wav	บอกว่าเพื่อนไปโดนมาด่านตรวจแถวอำเภอโพธิ์ไทรจังหวัดอุบลฯ
21-21339-13.wav	จึงอนุญาตให้ขับต่อเดินทางต่อไปได้
21-21336-207.wav	แล้วก็ตัวของนายจุรินทร์เนี่ยขอลาออกจาก2ตำแหน่งนะค่ะ
21-21336-205.wav	โดยหัวหน้าพรรคนายจุรินทร์ลักษณวิศิษฏ์เนี่ยนะออกมาแถลงนะ
21-21336-204.wav	กรณีของนายปริญญ์เนี่ยสุดท้ายนะเมื่อเช้าทางพรรคประชาธิปัตย์
21-21336-115.wav	ถูกกระทำอนาจารที่งานเลี้ยงพรรคจังหวัดเพชรบุรี
21-21336-113.wav	เทปที่2นะฮะคือสาวจากจังหวัดราชบุรี
21-21335-629.wav	คือหลังจากที่เราเห็นตำรวจสองนายที่มาในคลิปของคุณศราวุธนะ
21-21335-573.wav	แล้วก็เลี้ยวโค้งไปทางซ้ายมือแล้วเราก็จะเห็นตำรวจสองนายที่มากัน
21-21335-336.wav	ดังนั้นยืนยันก่อนว่าคือตำรวจมี2นาย
21-21335-577.wav	คือไม่ได้ถ่ายตอนคุณวิลัยและตำรวจอีก3นายมา
21-21335-130.wav	ผมนายวิลัยวงศ์ประเสริฐทำงานมีไหมครับช่วยกันเจ็ดเก็บคนตายแล้วเรียกร้อง
21-21333-19.wav	ทีมข่าวเดินทางไปตรวจสอบเรื่องนี้ที่อำเภอวิเชียรบุรีจังหวัดเพชรบูรณ์
21-21331-15.wav	ไปถามคนคนนี้ครับนางสาวพัฒนันท์ฤทธิเป็นชาวบ้าน
21-21329-55.wav	ซึ่งนายนิกรจำนงในฐานะประธานกรรมการชมรมไทยปลอดภัยค่ะ
21-21329-37.wav	ครับเมื่อวานนี่รองนายกวิษณุนะ
21-21328-63.wav	เขาใส่ใจประชาชนคุณพูดอย่างนี้หมายความว่าไงคุณทัศนัย
21-21327-18.wav	และนายดนุชาพิชยนันท์เลขาธิการสภาพัฒน์
21-21327-16.wav	ก็ได้แก่นายอาคมเติมพิทยาไพสิฐรัฐมนตรีว่าการกระทรวงการคลังนะครับ
21-21327-10.wav	โดยนายสุพัฒนพงษ์พันธ์มีเชาว์รองนายกรัฐมนตรี
21-21321-11.wav	ชาวตำบลหนองโสนอำเภอสามง่ามจังหวัดพิจิตร
21-21320-585.wav	ควรจะให้สสจ.เนี่ยหรือสำนักงานสาธารณสุขจังหวัด
21-21319-7.wav	นี่แหละครับพรรคก็สวมเสื้อพรรคให้กับนายสุชาตินะครับ
21-21319-6.wav	แกนนำพรรคเพื่อไทยมายืนต้อนรับนายสุชาติตันเจริญอย่างอบอุ่นครับ
21-21317-85.wav	คนที่ให้ข้อมูลกับเราเนี่ยบอกว่าหลังจากก่อเหตุแล้วนายเหลิมก็ติดต่อขอมอบตัวกับตำรวจแต่ไม่ติดคุกอ่าซึ่งเขาก็บอกว่าเขาก็ยังงงอยู่เหมือนกันว่าทำไมเวลาผ่านมาแล้วไม่ติดคุกก็ว่ากันว่านายเฉลิมเนี่ยให้คนที่มีอิทธิพลมาช่วยเหลือด้านคดีใช้เงินไปหลายล้านบาท
21-21317-53.wav	ร่วมวงเหล้าตายไปอีกสองศพก็เลยคิดว่ามันเป็นความเคยชินของนายเฉลิมรึเปล่า
21-21317-4.wav	จากกล้องวงจรปิดค่ะจับภาพเอาไว้ได้เห็นไหมคะนายเฉลิมเดินถือปืนไปเลย
21-21317-40.wav	ให้วงดนตรีอีกวงหนึ่งช่วยติดต่อให้พอวงดนตรีมาแสดงนายเฉลิมมาร่วมงาน
21-21317-17.wav	อายุสามสิบเจ็ดปีนายถนอมศักดิ์เพชรประดับอายุสี่สิบสี่ปี
21-21317-151.wav	ส่วนคนที่ขับรถพานายเฉลิมหลบหนีอะค่ะ
21-21317-135.wav	ทั้งน้องชายของนายภุชงค์ก็เลยบอกว่า
21-21317-123.wav	ไม่อยากให้นายเฉลิมออกมาใช้ชีวิตเหมือนคนทั่วๆไป
21-21317-116.wav	นายอาทิตย์แสงใสน้องชายของนายภุชงค์แสงใสหรือนายไผ่ผู้เสียชีวิตนะคะ
21-21317-0.wav	คุณผู้ชมคะมาดูความคืบหน้าเหตุการณ์นี้นะคะที่กุยบุรีประจวบคีรีขันธ์นะคะนายเฉลิมเจ้าของธุรกิจนากุ้ง
21-21316-34.wav	โดยเฉพาะคุณพ่อของนางสาวแสงโสมนี่ยังทำใจไม่ได้เลยนะฮะ
21-21316-28.wav	อีกคนนึงชื่อนางสาววราลักษณ์อายุ75เป็นแม่บ้าน
21-21314-146.wav	แล้วความโป๊ะแตกของนางสัมภาษณ์กับพี่อะนะมะเดี่ยว
21-21313-8.wav	คาดว่าจะแล้วเสร็จภายในช่วงบ่ายของวันนี้ครับและจากข้อมูลตอนนี้ก็คาดว่าญาติของผู้เสียชีวิตชาวเมียนมาจะเดินทางมารับศพในช่วงบ่ายเช่นเดียวกันครับ
21-21313-11.wav	หรือเป็นบุคคลนอกประเทศนะครับญาติจะต้องเดินทางไปที่สถานทูตของประเทศนั้นๆที่ประจำอยู่ในประเทศไทย
21-21310-20.wav	เด็กวัย6ขวบที่อยู่ในรถนะคะก็คือหลานของนางนิดอ่ะ
21-21304-62.wav	วันนี้ครอบครัวนางสาวราภรณ์รับศพกลับมา
21-21304-44.wav	พบนางสาวราภรณ์ระหว่างเดินไปที่รถจักรยานยนต์
21-21304-11.wav	นางสาวราภรณ์ขี่รถจักรยานยนต์กลับบ้าน
21-21300-42.wav	เจ้าหน้าที่สาธารณสุขและปศุสัตว์จังหวัดนครพนม
21-21299-7.wav	คือเขาบอกว่าเขาพาครอบครัวมาเที่ยวพักผ่อนหย่อนใจที่จังหวัดตราดแล้วก็จังหวะที่กำลังเล่นน้ำกับลูกชายที่อ่าวตาลคู่ที่อำเภอแหลมงอบ
21-21299-46.wav	นายกอบต.บางปิดนะครับที่จังหวัดตราดนั่นแหละบอกว่า
21-21299-45.wav	เอางี้นะครับไปถามนายสุชาติจิตมุ่งมโนธรรม
21-21298-79.wav	นายเอกชัยสายสอนเจ้าของร้านอาหารตรงตรงเนี้ยไอ้ด้านหลังเนี่ย
21-21298-704.wav	โอ้โหร้านนี้พิกัดอยู่ที่ไหนนะอยู่ที่อำเภอเมืองจังหวัดอุดรธานี
21-21298-589.wav	นางสาวสาลินีวิมลรัตน์อายุ31ปีเป็นคนขับครับนะ
21-21298-581.wav	มีนายพัชระวงคงคำอายุ27ปีเป็นคนขับ
21-21298-579.wav	แถวๆหมู่3ตำบลสมอแขอำเภอเมืองจังหวัดพิษณุโลก
21-21298-450.wav	กับนายธวัชชัยชำนาญอายุ36ปี
21-21298-369.wav	ขณะที่เขากำลังจะเดินทางจากโรงแรมย่านสุขุมวิทนะ
21-21298-191.wav	ตำบลหล่มเก่าอำเภอหล่มเก่าจังหวัดเพชรบูรณ์นะคะ
21-21296-55.wav	โรงเรียนแห่งสุดท้ายที่กำพลวัชรพลเดินทางมาเมื่อวันที่31พฤษภาคมปี2500
21-21296-54.wav	และนี่ก็คือโรงเรียนไทยรัฐวิทยา64บ้านหนองเกตุอำเภอปากท่อจังหวัดราชบุรี
21-21295-16.wav	ไหว้ขอขมาสาวอบต.วังโตนดจังหวัดจันทบุรี
21-21294-74.wav	ก็จะครบทุกเจ็ด70กว่าจังหวัดเนี่ยจะมีครบหมด
21-21293-4.wav	นี่ครับนายปริญญ์พานิชภักดิ์อดีตรองหัวหน้าพรรคประชาธิปัตย์
21-21293-25.wav	ท่านเปิดเผยบอกว่านายปริญญ์เนี่ยนะครับ
21-21293-21.wav	จากนั้นนายปริญญ์นะครับก็ได้เดินทางกลับ
21-21292-775.wav	คุณเห็นจริงๆเออว่ะนางเป็นคนใส่ชุดไทยสวย
21-21292-768.wav	คอมเมนต์ก็เข้าไปแบบว่าชมกันมากมายแต่งชุดของนางสีดานะคะ
21-21292-670.wav	อันนี้คือหลานชายของนายธัญญาบอกแบบนั้นนะคะนี้คาดคะเนนี่ต้องบอกก่อนว่าแมงดาเนี่ย
21-21292-667.wav	แต่พอเช้ามาปรากฏว่าไปพบว่านายธัญญานั่งเสียชีวิตอยู่ที่โซฟา
21-21292-663.wav	เขาบอกว่านายธัญญาเนี่ยไปดื่มเหล้ากับป้าแล้วก็ขอแมงดาถ้วยมาจากชาวประมง
21-21292-644.wav	คือลูกชายของนางสาวเปรมวดีก็เปิดเผยบอกว่าหลานเนี่ย
21-21292-642.wav	ส่วนอีกศาลาเป็นที่ตั้งของศพนายธัญญาอายุ57ปี
21-21292-641.wav	โดยนางสาวเปรมวดีเนี่ยเสียชีวิตตอนบ่ายวันที่19มีนาคม
21-21292-639.wav	คือรายแรกเนี่ยค่ะนางสาวเปรมวดีอายุ62ปีนะคะ
21-21292-396.wav	แบกไปมันต้องเห็นน่ะว่ามันแบกไปเดินทางไปไหน
21-21292-380.wav	มันเดินทางไปที่ไหนเจอะเจอกับอะไรยังไงแบบไหน
21-21292-237.wav	คือมันเป็นการสูญหายไปจากโรงงานไฟฟ้าพลังไอน้ำจังหวัดปราจีนบุรีอะค่ะ
21-21291-21.wav	ผู้บังคับการระดับจังหวัด
21-21290-3.wav	เจ้าหน้าที่พิพิธภัณฑ์สิรินธรสำนักงานทรัพยากรธรณีเขตที่2พร้อมด้วยนายดำรงศักดิ์ชูศรีทอง
21-21290-2.wav	ในพื้นที่วนอุทยานภูแฝกของจังหวัดกาฬสินธุ์นะคะซึ่งเป็นรอยเท้าไดโนเสาร์ที่คาดว่าน่าจะมีอายุนานกว่าหนึ่งร้อยสี่สิบล้านปีค่ะ
21-21289-27.wav	ในขณะที่คนตายคือนายคเชนทร์กาฬกุญชรครับ
21-21289-25.wav	บาดเจ็บ2คนครับผู้หญิงหนึ่งคือนางปราณีนิลพันธ์
21-21289-115.wav	ในขณะที่นายวันชัยก็ตามจับกุมตัวได้ติดๆกันเลย
21-21289-102.wav	นายณัฐพลพาลีอายุ25เป็นเพื่อนที่อยู่ในเหตุการณ์ครับ
21-21287-7.wav	อายุ42ปีแล้วก็นางสาวสุรนุชสังข์ทิพย์อายุ29ปี
21-21287-6.wav	เหตุการณ์นี้เกิดขึ้นกับนายกุลวัฒน์ปวรุตม์กุลธวัชนะครับ
21-21287-22.wav	นางสาวเอก็บอกเปิดเพอเปิดเพิ่มอีกหน่อย
21-21287-11.wav	นางสาวสุรนุชเนี่ยเล่าบอกว่ารู้จักกับนางสาวเอกับสามี
21-21286-9.wav	มาจากแสมสารจังหวัดชลบุรีค่ะ
21-21283-65.wav	วัดใหม่ศรีร่มเย็นอำเภอเชียงของจังหวัดเชียงรายค่ะ
21-21283-57.wav	ให้กับประชาชนที่เดินทางมาร่วมวางดอกไม้จันทน์เก็บไปเป็นที่ระลึกค่ะ
21-21283-2.wav	เได้ดินทางมาเพื่อกราบถวายบังคมลาในหลวงรัชกาลที่9
21-21282-56.wav	ติดต่อสามีของนางศิริรักษ์ได้นะคะ
21-21282-46.wav	พอนำตัวทางด้านของนางศิริรักษ์เนี่ย
21-21280-96.wav	คือจะบอกว่า6อาการเนี้ยไม่เข้าเกณฑ์ของนางช่อลัดดาก็จริงแต่อย่างที่บอกว่า
21-21280-21.wav	เหตุการณ์ที่เกิดขึ้นเนี่ยมันเป็นเพราะว่าญาติญาติแล้วก็นายอัจฉริยะเอง
21-21280-18.wav	ประธานชมรมช่วยเหลือเหยื่ออาชญากรรมแล้วก็ญาติๆของนางช่อลัดดาทาระวันวัย38ปี
21-21280-17.wav	ระหว่างผู้บริหารโรงพยาบาลพระราม2แล้วก็นายอัจฉริยะเรืองรัตนพงศ์
21-21277-42.wav	ชาวบ้านตำบลศรีสุขสำราญอำเภออุบลรัตน์จังหวัดขอนแก่น
21-21277-118.wav	เพื่อเพื่อเอาไปให้ทางสาธารณสุขจังหวัดตรวจสอบอีกทีหนึ่งครับผม
21-21277-107.wav	เภสัชกรพิฑูรย์ชุมแวงวาปีเภสัชกรปฏิบัติการโรงพยาบาลอุบลรัตน์จังหวัดขอนแก่น
21-21275-48.wav	มาเปิดประตูช่วยเหลือนางสาวยาแล้วก็ลูกจ้างออกมาได้สำเร็จนะคะ
21-21275-10.wav	ทราบชื่อต่อมาก็คือฝ่ายผัวชื่อว่านายธนกรเฮงประเสริฐอายุ40ปี
21-21271-88.wav	เป็นจุดที่บอกว่าเอามีดที่ใช้ก่อเหตุแทงนายธนากรจนเสียชีวิตเอาไปทิ้งที่หนองน้ำ
21-21271-87.wav	หลังจากนั้นตำรวจคุมตัวนายภานุพงศ์ไปทำแผนจุดที่2นะครับ
21-21271-86.wav	ก็มีญาติของนายธนากรเนี่ยมาดูด้วยนะครับแต่ก็ไม่มีเหตุรุนแรงอะไรเกิดขึ้นนะครับท่านผู้ชมครับ
21-21271-83.wav	แต่นายภานุพงศ์อ้างว่าอย่างนี้อ้างว่าเขาติดเงินอยู่สี่หมื่นไม่คืน
21-21271-81.wav	ก็คือนายธนากรหรือว่านายฟาร์มนะฮะ
21-21271-67.wav	นี่ฮะจนนายธนากรเนี่ยเสียชีวิตคาที่
21-21271-66.wav	ตำรวจถามว่าแทงไปกี่ทีนายภานุพงศ์บอกประมาณสักห้าสิบกว่าที
21-21271-64.wav	นายภานุพงศ์ผู้ต้องหาอ้างว่าพอทะเลาะกันแล้วนายธนากรพยายามจะบีบคอเขา
21-21271-62.wav	นัดมาคุยกันเรื่องเงินที่นายธนากรยืมเขาไปสี่หมื่นบาทนะฮะ
21-21271-61.wav	ถามว่ามาคุยเรื่องอะไรนายภานุพงศ์ผู้ต้องหาบอกว่า
21-21271-58.wav	ส่วนเขาเนี่ยซ้อนท้ายจักรยานยนต์ของนายธนากรไป
21-21271-57.wav	แล้วชวนไปหาที่เงียบๆคุยกันโดยนายธนากรเป็นคนขี่จักรยานยนต์
21-21271-56.wav	เขานัดให้นายธนากรที่เป็นเพื่อนเขาออกมาจากบ้านให้มาเจอกันที่หน้ามหาวิทยาลัยอุบลราชธานี
21-21271-51.wav	เป็นห้องที่เจอศพของนายธนากรนะฮะนี่นะฮะสภาพของพื้นที่นะครับ
21-21271-36.wav	ตำรวจคุมตัวนายภานุพงศ์หรือว่านายฟลุ๊กไปที่จุดเกิดเหตุนี่ฮะเช้าวันนี้ครับ
21-21271-291.wav	พนักงานสอบสวนสภ.วารินทร์ชำราบแจ้งข้อหากับนายภานุพงศ์วงศ์ศรีพรม
21-21271-25.wav	ที่สภ.วารินทร์ชำราบนะฮะคือนายภานุพงศ์กับนายธนากรผู้ตาย
21-21271-23.wav	อ่าเดี๋ยวดูที่นายภานุพงศ์ต่อนะครับผู้ต้องหาเนี่ยหลังจากเที่ยงคืน
21-21271-15.wav	นายธนากรเนี่ยเป็นนักศึกษาปวส.นะฮะสาขาเทคนิคการผลิตเครื่องมือกล
21-21271-13.wav	ผู้ที่เสียชีวิตชื่อนายธนากรดวงราชอายุ20ปีชื่อเล่นชื่อฟาร์ม
21-21271-11.wav	สุดท้ายแล้วนายภานุพงศ์ก็ยอมรับสารภาพนะครับ
21-21271-114.wav	ส่วนกระแสข่าวที่ว่าพอก่อเหตุแทงนายธนากรเขาตายแล้วทิ้งศพเอาไว้ที่บ้านร้างเนี่ย
21-21271-112.wav	จะก่อเหตุฆ่าคนตายได้ถึงขนาดนี้คือตัวของนายภานุพงศ์ไม่ใช่ลูกบ้านแถวนี้นะครับแต่ก็เห็นมาตั้งแต่เด็กๆนั่นแหละเป็นเด็กในพื้นที่นะครับ
21-21271-111.wav	นายภานุพงศ์หรือว่านายฟลุ๊กชาวบ้านหลายคนก็ตกใจนะตกใจพร้อมกับหวาดกลัวเพราะไม่คิดว่าเด็กชายที่เป็นเด็กผู้ชายวัยรุ่นอายุแค่20ปีเนี่ย
21-21270-89.wav	เดินทางไปทั่วยังเอาแค่อุบลฯอะ
21-21270-87.wav	จริงๆแล้วเนี่ยเป็นจังหวัดที่มีขนาดใหญ่
21-21268-8.wav	มีผู้เสียชีวิตด้วยคือนายนิวัฒน์ภัควาปีอายุ45ปี
21-21268-31.wav	คุณผู้ชมทำให้ร่างของนายกฤษณะเนี่ยกระแทกต้นกล้วยอย่างแรง
21-21268-25.wav	ว่านายกฤษณะก็ดื่มเหล้าชวนญาติพี่น้องเนี่ยชนแก้วตลอดงานเลย
21-21268-19.wav	คือนายกฤษณะมาลัยอายุ23ปี
21-21266-10.wav	สุดท้ายจึงพบว่านายเกรียงศักดิ์สอนทอง
21-21265-21.wav	หรือชื่อทางการก็คือวัดลัฏฐิวันในอำเภอแม่ริมจังหวัดเชียงใหม่ค่ะ
21-21265-12.wav	ขอขอบคุณทุกๆท่านที่เดินทางมาไว้อาลัยให้กับพี่โอ
21-21263-29.wav	ที่ตำบลท่าตูมอำเภอเมืองจังหวัดมหาสารคาม
21-21263-32.wav	โดย2ศพแรกที่พบก็คือนายอนุพงศ์แล้วก็นายสุนันนะครับ
21-21263-17.wav	นายสุนันพิชัยลึกอายุ24ปี
21-21263-16.wav	ก็คือนายอนุพงศ์พุ้ยยอมอายุ30ปี
21-21260-40.wav	หลังจากได้รถไปเนี่ยนายคำนวณก็หายหน้าหายตาไปหลายเดือนเลยค่ะ
21-21260-38.wav	ทีนี้ก็ขายต่อรถคันเนี้ยให้กับนายคำนวณซึ่งเป็นเพื่อนสนิทกัน
21-21260-21.wav	คนขับเนี่ยคือนายคำนวณอินโสอายุ61ปี
21-21259-10.wav	ตามไปรวบตัวที่หอพักแห่งนึงที่ตำบลชมพูนายเฉลิมอาแซ่กับนางสาวพีรญาเร่งรักงาม
21-21258-59.wav	แล้วสุดท้ายอะนายจิรศักดิ์เนี่ยก็เลยขึ้นรถพยาบาลที่ขโมยมานั่นแหละ
21-21258-45.wav	ตัวนายจิรศักดิ์อยู่บนรถนะแล้วปรากฏว่าเขาไปป่วน
21-21257-24.wav	รวมถึงบอกเล่าเรื่องราวความดีของนายสรยุทธ
21-21257-22.wav	บรรดาแฟนคลับของนายสรยุทธที่ดูข่าวเป็นประจำทุกวัน
21-21256-80.wav	ก็นายฉัตรชัยไปก่อเหตุใช้อาวุธมีดนี่แหละค่ะ
21-21256-7.wav	และสุดท้ายนายฉัตรชัยเสียชีวิตในวันที่25สิงหาคมนี่แหละก็คือไปอยู่ในเรือนจำอำเภอธัญบุรีจังหวัดปทุมธานีได้5วัน
21-21256-78.wav	จุดที่นายฉัตรชัยไปก่อเหตุทำร้ายร่างกายคนอื่นจนถูกจับอ่ะนะคะครับ
21-21256-71.wav	ซึ่งอธิบดีกรมราชทัณฑ์ยืนยันว่าการเสียชีวิตของนายฉัตรชัย
21-21256-6.wav	ปรากฏว่า25สิงหาคมนายฉัตรชัยบาดเจ็บเจ้าหน้าที่ส่งโรงพยาบาลด้านนอกเรือนจำอ่ะนะคะ
21-21256-69.wav	แต่สุดท้ายแล้วนายฉัตรชัยก็เสียชีวิตที่โรงพยาบาล
21-21256-67.wav	บอกว่าต่อมา25สิงหาคมนายฉัตรชัยยังคงมีอาการบาดเจ็บอยู่
21-21256-62.wav	หลังจากนั้นเรือนจำอำเภอธัญบุรีได้รับตัวนายฉัตรชัยไว้
21-21256-60.wav	จากนั้นตำรวจก็เข้ามาควบคุมตัวต่อซึ่งนายฉัตรชัยได้ยอมรับว่าใช้มีดทำร้ายร่างกายนายปรีชาจนบาดเจ็บจริง
21-21256-5.wav	ตำรวจจับ18สิงหาคมตอน2ทุ่มเรือนจำอำเภอธัญบุรีรับตัวนายฉัตรชัยเอาไว้20สิงหาคมตอน6โมงเย็น
21-21256-58.wav	ทำให้ชาวบ้านต้องเข้าล้อมจับและมีการทำร้ายนายฉัตรชัย
21-21256-57.wav	ในช่วงเวลานั้นนายฉัตรชัยอยู่ในอาการคลุ้มคลั่ง
21-21256-54.wav	ในพื้นที่อำเภอธัญบุรีจังหวัดปทุมธานีเจ้าหน้าที่ได้จับกลุ่มนายฉัตรชัย
21-21256-53.wav	ได้ขอฝากขังไว้ที่เรือนจำอำเภอธัญบุรีจังหวัดปทุมธานีโดยเมื่อวันที่สิบแปดสิงหาคมเวลาสองทุ่ม
21-21256-52.wav	ระบุว่านายฉัตรชัยผู้ต้องหาคดีพยายามฆ่าผู้อื่นนั้นสถานีตำรวจประตูน้ำจุฬาลงกรณ์เนี่ย
21-21256-47.wav	ที่ที่ได้เจอครั้งแรกนายฉัตรชัยผู้ตายนี่เสียชีวิตระหว่างการฝากขังนะฮะ
21-21256-3.wav	ตั้งแต่18สิงหาคมตอน2ทุ่มเพราะว่านายฉัตรชัยคนเนี้ยไปทำร้ายร่างกายโดยใช้มีดฟันเข้าที่ศีรษะหน้าอกกลางหลังของนายปรีชามุ่งเงินอายุ50ปี
21-21256-23.wav	ส่วนแม่ของนายฉัตรชัยก็บอกว่าจะเรียกร้องความยุติธรรมกลับคืนมาให้ลูกชายให้ได้ค่ะ
21-21256-22.wav	ถึงจะสรุปสาเหตุการเสียชีวิตของนายฉัตรชัยได้
21-21256-1.wav	สุดท้ายเสียชีวิตในเรือนจำอ่ะค่ะครับนี่เป็นกรณีของนายฉัตรชัยกัณหาบุตร
21-21256-14.wav	แต่ว่าตามตัวมีบาดแผลเหมือนกับถูกทำร้ายอ่ะค่ะนางสาวกัลยากรกัณหาบุตรน้าของผู้ตายบอกว่า
21-21256-13.wav	อย่างที่ได้เล่าไปนายฉัตรชัยเนี่ยเสียชีวิต
21-21256-12.wav	เพื่อติดต่อขอรับศพนายฉัตรชัยลูกชายนะคะซึ่งเป็นผู้ต้องหาที่อยู่ในเรือนจำคดีพยายามฆ่า
21-21256-10.wav	อืมถูกทำร้ายร่างกายรึเปล่าเมื่อวานนี้นางนอมกัณหาบุตรอายุห้าสิบสามปีพร้อมด้วยสามีและญาติๆ
21-21256-105.wav	กับน้องชายที่ทำงานด้วยกันตอนนี้นายปรีชาเองก็ต้องหยุดงาน
21-21254-17.wav	ก่อนหน้านี้นางสาววารุณีคนขับเนี่ยนะไปรับการฉีดวัคซีนโควิด19มา
21-21254-12.wav	คนขับคือนางสาววารุณีมาสามารศรีขออภัยครับอายุ38ปี
21-21253-3.wav	ได้แก่สาวใต้จากจังหวัดภูเก็ตลูกครึ่งอเมริกา
21-21253-19.wav	ที่โรงเรียนวัดบางไผ่นารถค่ะจังหวัดนครปฐม
21-21252-4.wav	ชาวบ้านส่งภาพนี้ไปให้นายวิชวุทย์จินโตท่านผู้ว่าเลย
21-21252-32.wav	ประมงจังหวัดก็เข้ามาตรวจสอบบอกว่าจระเข้ตัวนี้เป็นจระเข้น้ำเค็มยาว4เมตร
21-21251-13.wav	ตำบลบึงสามัคคีอำเภอบึงสามัคคีจังหวัดกำแพงเพชร
21-21251-0.wav	อีกที่นึงแล้วกันนะครับที่จังหวัดกำแพงเพชรที่นั่นมีไร่องุ่น
21-21248-40.wav	เจ้าของบ้านก็คือนางสาวผกามาศอายุห้าสิบห้าปีเธอก็ยืนยันถึงคลิปนี้
21-21247-82.wav	ที่พรรคก้าวไกลไปรออยู่นี่เดินทางไปหาเองครับ
21-21243-9.wav	สาวีกันจากจังหวัดขอนแก่นครับ
21-21242-5.wav	ริมถนนสายชัยปากหมากอำเภอไชยาจังหวัดสุราษฎร์ธานี
21-21238-7.wav	หลังจากเมื่อวานเนี่ยช่วงค่ำๆนายจิรศักดิ์เนี่ยติดต่อขอมอบตัวที่ภูเก็ตเพราะว่าเขากลัวถูกจับตาย
21-21238-4.wav	เมื่อช่วงเที่ยงคืนที่ผ่านมาตำรวจจังหวัดชลบุรีนี่แหละครับได้ควบคุมตัวนายจิรศักดิ์อุนัยบันหรือว่าป๊อปปี้อายุ34ปี
21-21238-28.wav	นายบอลก็คือนายเกียรติศักดิ์สุรางค์แสงมีบุญอายุ35ปี
21-21238-12.wav	พอถึงปุ๊บเอาตัวนายจิรศักดิ์เข้าห้องสอบสวนทันทีเลยครับ
21-21236-32.wav	ที่ตำบลเมืองเก่าอำเภอกบินทร์บุรีจังหวัดปราจีนบุรี
21-21231-82.wav	อันนี้ลุงพลบอกนะฮะนายชัยพลวิภาลุงเขยน้องชมพู่ค่ะ
21-21231-116.wav	ทนายสงกานต์ก็บอกแบบนี้นะคะบอกว่าจากการตรวจสอบหลักฐานที่ทางครอบครัวของน้องชมพู่รวบรวมมาค่ะ
21-21230-69.wav	เพื่อนๆของนายเต้ยนะ10กว่าคนเนี่ยเข้ามามากระชากแขน
21-21230-52.wav	ตลอดการทำแผนเนี่ยนายเต้ยเนี่ยแทบไม่ตอบคำถามใดๆกับนักข่าว
21-21230-44.wav	ตำรวจสภ.สามโคกเนี่ยนะฮะได้นำตัวของนายเต้ยผู้ต้องหานะครับ
21-21230-24.wav	แล้วก็ไปยิงนางสาวมะลิวัลย์แสงจันทร์อายุ40ปี
21-21230-111.wav	น้าชายของผู้ตายก็คือนายพงศกรปรีเลขา
21-21230-108.wav	ก็คือนายกอล์ฟเนี่ยนะครับทางญาติก็ตั้งบำเพ็ญกุศลศพ
21-21225-95.wav	เป็นข้าราชการสังกัดสำนักงานปศุสัตว์จังหวัดสุรินทร์
21-21225-89.wav	อยู่ที่อำเภอสตึกจังหวัดบุรีรัมย์
21-21225-62.wav	นางสาวอโนทัยอายุ29ปี
21-21225-61.wav	ส่วนคนเจ็บ2คนนะคะนายพีรวัตรอายุ25ปี
21-21225-39.wav	เราได้คุยกับกู้ภัยนะคะนายอิทธิอายุ26ปี
21-21223-28.wav	นายวรจักรสถาพรภิญโญครับท่านเป็นในอำเภอศรีราชา
21-21223-18.wav	นายสยามศิริมงคลผู้ว่าราชการจังหวัดนครราชสีมา
21-21223-17.wav	ส่วนที่บริเวณลานอนุสาวรีย์ท้าวสุรนารีจังหวัดนครราชสีมาครับ
21-21220-67.wav	ส่วนศพของผู้เป็นพ่อนะคะนายชาญชัยเนี่ย
21-21219-9.wav	มาถึงจุดเกิดเหตุเจอนายวัชรพงศ์หรือนายจอมอายุ20
21-21219-5.wav	ผู้เสียชีวิตคือนายนิพัฒน์สุขมากอายุ36ศีรษะมีแผลถูกฟันใบหน้าก็ถูกฟันเละเทะค่ะ
21-21219-21.wav	นายบำรุงเลขจิตรนายกอบต.บางจากบอกว่าผู้ก่อเหตุเป็นหลานนะคะ
21-21216-80.wav	อยู่ๆมันมีเสียงดังคล้ายระเบิดดังตู้มขึ้นหนึ่งครั้งนายคำฤทธิ์เขาก็หันไปดูนะ
21-21216-73.wav	ได้คุยกับนายคำฤทธิ์ศรรักษานะฮะนี่ฮะอายุสามสิบห้าปีนะครับ
21-21216-41.wav	นี่คือแฟนสาวนางสาวปานรดาใจซื่ออายุ30
21-21216-38.wav	แต่กว่าจะดับไฟได้ช่างโอ๊ตหรือนายสิทธิชัยคือเสียชีวิตคาซากรถนะคะ
21-21216-150.wav	นางสาวปานรดาใจซื่อที่อยู่ในที่เกิดเหตุ
21-21216-147.wav	ระดับต้นๆของจังหวัดชลบุรี
21-21216-146.wav	ช่างโอ๊ตเป็นช่างมือดีนะมีชื่อเสียงระดับจังหวัดนะ
21-21216-139.wav	ราชบำรุงอำเภอบ้านบึงจังหวัดชลบุรีค่ะ
21-21216-128.wav	นางสาวศศิกัญญาวีรกิจอายุ38ปี
21-21216-119.wav	ทางซ้ายนี่คือช่างโอ๊ะนะฮะที่เสียชีวิตตอนที่นายคงศักดิ์เขาเคยเอารถไปให้ทำ
21-21216-113.wav	ชื่อนายคงศักดิ์วรรณยุทธอายุ35ปีบอกว่ารถกระบะคันนี้เขาซื้อมาเมื่อ8ปีที่แล้ว
21-21213-75.wav	เป็นชาวตำบลบ้านรีอำเภอไชโยจังหวัดอ่างทอง
21-21212-28.wav	นางสาวขนิษฐานะคะยังบอกอีกว่าส่วนตัวไม่คิดเรียกร้องค่าเสียหาย
21-21205-20.wav	ครอบคลุมทั้งจังหวัดโดยเฉพาะอำเภอเรียมเทือกเขาบรรทัดนะ
21-21204-54.wav	แต่เบื้องต้นนายยูเสี่ยวตงแน่นอน
21-21204-46.wav	ตำรวจก็เลยขอออกหมายจับนายยูเสี่ยวตง
21-21204-40.wav	เป็นเพราะว่าเธอกลัวนายยูเสี่ยวตงจะทำร้ายตัวเอง
21-21204-31.wav	เพราะว่านายยูเสี่ยวตงเนี่ยฐานะยากจนกว่า
21-21204-28.wav	บอกว่านายยูเสี่ยวตงสามีนี่แหละ
21-21204-24.wav	แต่หลังจากที่นางหวังเขาเริ่มมีอาการดีขึ้น
21-21204-21.wav	ซะทีเดียวนะคะนายยูเสี่ยวตงเนี่ย
21-21200-429.wav	ทนายสงกานต์แน่ใจว่าตำรวจยังไม่ได้ได้พยานหลักฐานเพิ่มเติม
21-21200-27.wav	ทนายสงการอัจฉริยะทรัพย์แล้วก็น้องก้อยคนที่ถูกกล่าวหานะคะ
21-21199-15.wav	และมีคำสั่งให้นายเปรมศักดิ์เพียยุระนายกเทศมนตรีเมืองบ้านไผ่
21-21196-49.wav	คุณหมอทวีสินบอกว่าการที่พบผู้ป่วยในสถานกักขังที่จังหวัดสงขลาก็คือแรงงานต่างด้าว42รายเนี่ย
21-21196-45.wav	หลักพัน2907รายเดินทางกลับบ้านได้แล้วนะคะสอง
21-21196-153.wav	หลังจากนั้นก็รอคอยมาเรื่อยๆจนได้เดินทางกลับถึงประเทศไทย
21-21196-138.wav	รวมทั้งหมด171คนเดินทางกลับจากเมืองโกลกาตาสาธารณรัฐอินเดียค่ะ
21-21196-134.wav	ส่วนอีกหนึ่งกลุ่มเป็นคณะพระธุดงค์แม่ชีและญาติธรรมที่เดินทางกลับจากอินเดีย
21-21196-133.wav	เมื่อวานนี้เกือบ200ค่ะกลุ่มแรกเนี่ยเป็นกลุ่มคนไทยเดินทางกลับจากอิหร่าน
21-21196-131.wav	นะคะเมื่อวานนี้เองก็มีคนเดินทางกลับจากต่างประเทศหมายถึงคนไทยนี่นะคะ
21-21195-13.wav	นายอาคมและนางประกายธรรมคำสองคนนี้คือพี่ผู้ชายคนนี้เป็นคนขับรถเมล์
21-21190-14.wav	เข้าร้านอาหารเรือนแพอำเภอสันกำแพงจังหวัดเชียงใหม่
21-21189-83.wav	เนื่องจากเชื่อกันว่าเป็นรูที่พญานาคใช้เพื่อเดินทางจากใต้บาดาลมายังพื้นดิน
21-21185-39.wav	เพราะว่าตอนเนี้ยที่ที่ต้องพูดแบบนี้นะคะคุณผู้ชมค่ะเพราะตอนเนี้ยหลายจังหวัดบุคลา
21-21184-9.wav	เบื้องต้นได้เล็งใช้สนามช้างอารีน่าจังหวัดบุรีรัมย์เป็นสังเวียนกลางนะครับ
21-21183-7.wav	นายชัยพรสีถันนะครับ
21-21183-27.wav	ทางด้านนายสัตวแพทย์สรวิศ
21-21180-5.wav	แซนวิสาพัชไปกับนายพรศักดิ์วิภาสอาภานนท์ทนายความ
21-21178-2.wav	ไล่ตระเวนจะข่มขืนเด็กนักเรียนตามหอพักค่ะในพื้นที่อำเภอเมืองจังหวัดศรีสะเกษ
21-21176-1.wav	นายสิริชัยนาถึงหรือว่านิวพรมศรวีระธรรมจารีหรือว่าฟ้านะคะ
21-21176-17.wav	นำโดยนายไทกรพลสุวรรณแล้วก็นายยศวริศชูกล่อมนะครับ
21-21171-46.wav	แต่ว่านายอนุวัฒน์เนี่ยพยายามมาตีสนิทพยายามเข้าหา
21-21171-27.wav	เบื้องต้นทางด้านของนางประพานะก็เป็นภรรยาของนายอนุวัฒน์คนเจ็บ
21-21171-14.wav	แล้วก็ใช้ปืนกระบอกเดียวกันยิงนายอนุวัฒน์ใจดีอายุ57ปี
21-21170-17.wav	นางสาวพิชญากานต์หน่อแก้วมูลฝ่ายประชาสัมพันธ์อุทยานหลวงราชพฤกษ์บอกนะคะว่า
21-21170-16.wav	ประชาชนต่างเดินทางไปเที่ยวชมความงดงามของพรรณไม้เมืองหนาวภายในอุทยานเป็นจำนวนมากค่ะ
21-21169-93.wav	มีพฤติกรรมเดียวกับที่นายชัยศถูกหลอกเลยของเธอเนี่ยเสียหายห้าหมื่นแจ้งความไว้แล้ว
21-21169-87.wav	จนได้รับความเสียหายนี่ฮะนี่นายชัยยศนี่ก็เป็นหนึ่งในพยานของคุณนายดาว
21-21169-5.wav	กล่าวหาหรือว่าแจ้งความก็มีบอกว่าตัวเธอเนี่ยนางสาวอาญาภาหรือว่าคุณนายดาวเนี่ย
21-21169-56.wav	แล้วนายสุพจน์เนี่ยเขายืนยันว่าที่ผ่านมาเขาเคยช่วยเหลือรัฐมาตลอด3ปี
21-21169-55.wav	โดยเฉพาะนายสุพจน์กับแม่ของนายสุพจน์ที่อยู่ในวันซื้อขายที่ดิน
21-21169-3.wav	ชื่อจริงคือนางสาวอาญาภาอิสริญาฐากูรวัย28ปีหรือที่ใครหลายคนเรียกเธอว่าคุณนายดาวนะ
21-21167-73.wav	ทางป้านานะครับป้านานางวันทนาโอทองนะครับนี่ป้านานะครับ
21-21167-56.wav	หรือว่านางสาวสรารีคลีล้วนแก่นำคนเสื้อแดงที่นครพนมนี่เจ๊ติ้งนะครับ
21-21163-53.wav	ก็คือนายกรสิทธิ์ราวพันธ์อายุ19ปีหรือว่าน้องพอร์สอาสาสมัครหน่วยสมเด็จเจ้าพระยานั่นเองนะครับ
21-21163-37.wav	ทำให้หลายจังหวัดไม่ว่าจะเป็นเพชรบุรีนะฮะชุมพรสุราษฎร์ธานีนครศรีธรรมราชแล้วก็สงขลานะครับ
21-21163-35.wav	น้ำท่วมหมดเลยนะฮะในหลายๆอำเภอของแต่ละจังหวัดด้วยนะครับ
21-21163-30.wav	ท้ายที่สุดทำให้เกิดน้ำท่วมในจังหวัดต่างๆเหล่านี้นะครับ
21-21163-167.wav	เจมีนายภาษาอังกฤษนะครับคนคู่เนี่ยหมายความว่าคนราศีเนี้ยมักจะต้องมีอะไรสองอย่างในเวลาเดียวกัน
21-21159-7.wav	นักร้องหนุ่มหน้าตี๋บีธรรศภาคย์และนางร้ายไซส์มินิกุ๊บกิ๊บสุมณทิพย์
21-21158-2.wav	นอกจากจะมาทำนายทายทัก3ราศีดวงเฮงปีกระต่ายแล้วนะคะ
21-21157-68.wav	นายประวิทย์ลี่สถาพรวงศากรรมการกิจการกระจายเสียงกิจการโทรทัศน์และกิจการโทรคมนาคมแห่งชาติหรือกสทช.ก็บอกว่า
21-21157-23.wav	ถูกค่ะทีนี้ตัวนายมัลลิแกนเองเขาก็เขียนเล่าลำดับเหตุการณ์นะคะเรื่องราวทั้งหมดนี้ผ่านทางบล็อกของเขาเมื่อวาน13เมษายน
21-21155-40.wav	เจ้าของโพสต์ก็คือนายสุวินเสือเจริญนะคะเขาเล่าให้ฟังนะคะ
21-21152-561.wav	เราจะไม่นับจังหวัดเพราะว่ามันเพิ่มขึ้นมาเรื่อยๆ
21-21152-410.wav	แล้วก็ยืนยันว่าจะแจ้งความดำเนินคดีกับนายสำฤทธิ์
21-21152-130.wav	แต่ขณะที่เรากำลังรายงานกันอยู่ก็ยังมีจังหวัดเพิ่มเติมขึ้นมา
21-21152-160.wav	ค่ะเฮ้ยขอให้ทุกคนไม่ว่าจะอยู่เขตไหนจังหวัดไหนให้ระวังชาวพม่า
21-21152-249.wav	ก็เดินทางมาจากสถานีรถไฟอำเภอกันทรารมย์จังหวัดศรีสะเกษ
21-21152-257.wav	มีแบบว่าเดินทางไปมาบุญครอง
21-21152-360.wav	จากกรณีที่นายสำฤทธิ์มณีฤทธิ์อายุ38ปีค่ะเขาอยู่ในอาการมึนเมา
21-21152-362.wav	โรงพยาบาลสมุทรปราการที่กำลังเดินทางช่วยเหลือคนป่วยขั้นวิกฤต
21-21152-377.wav	ก็นำคลิปวิดีโอที่บันทึกพฤติกรรมของนายสำฤทธิ์เนี่ย
21-21152-385.wav	ตามที่เสนอข่าวไปล่าสุดค่ะนางนันทินันท์บริบูรณ์ภรรยาของผู้เสียชีวิต
21-21152-393.wav	ส่วนจะแจ้งข้อหาเพิ่มเติมกับนายสำฤทธิ์
21-21152-397.wav	ส่วนนายสำฤทธิ์ในขณะนี้ยังถูกคุมขังอยู่ที่สภ.เมืองสมุทรปราการ
21-21147-8.wav	เพราะว่าจะมีการเสนอชื่อนายพิธาหัวหน้าพรรคก้าวไกลชื่อเดียวหรือเปล่า
21-21147-1.wav	วันนี้นายเสรีสุวรรณภานนท์ค่ะได้พูดถึงกระแสข่าว
21-21145-43.wav	และวันรับสมัครส.ส.จำนวนส.ส.แต่ละจังหวัดค่ะ
21-21145-36.wav	มีเงื่อนเวลาของการที่เรามีราชพิธีสำคัญที่รออยู่นะครับซึ่งอาจจะทำให้การเลื่อนเนี่ยมันคงจะเลื่อนได้ไม่ได้มากเท่าไหร่ถ้าจะมีการเลือกนะครับเพราะว่าเราคงต้องเตรียมรัฐบาลชุดใหม่คงต้องเตรียมมาดูโร้ดแมพที่นายวิษณุเครืองามรองนายกรัฐมนตรีด้านกฎหมาย
21-21145-30.wav	ส่วนนายสรอรรถกลิ่นประทุมนะคะประธานพรรคภูมิใจไทย
21-21145-25.wav	ขณะที่นายณัฏฐพลทีปสุวรรณรองหัวหน้าพรรคพลังประชารัฐนะคะ
21-21138-14.wav	น้องแบงค์เป็นหนุ่มนักแข่งรถชาวตำบลเขาต่ออำเภอปลายพระยาจังหวัดกระบี่
21-21136-94.wav	ซึ่งขณะนี้ยังติดต่อนายสมปองณกุลเจ้าของโกดังยังไม่ได้ครับ
21-21136-87.wav	ผู้บังคับการตำรวจภูธรจังหวัดนราธิบ๊ะนราธิวาสก็บอกว่า
21-21134-12.wav	ศึกชิงแชมป์เอเชียที่จังหวัดนครราชสีมา
21-21133-52.wav	เป็นแกนนำแนวร่วมเคลื่อนไหวในพื้นที่4อำเภอชายแดนของจังหวัดสงขลา
21-21133-50.wav	จะเป็นฝีมือของกลุ่มนายบูคอรีหลำโส๊ะ
21-21133-3.wav	ก็คือตชด.จนได้รับบาดเจ็บ2นาย
21-21133-22.wav	พบรถกระบะที่ใช้ทำคาร์บอมบ์ค่ะเป็นรถอีซูซุหมายเลขทะเบียนจังหวัดสงขลานะคะ
21-21133-1.wav	ที่จังหวัดสงขลาคือคนร้ายเนี่ยมีการก่อเหตุปล้นรถกระบะมามาทำคาร์บอมบ์
21-21133-12.wav	อยู่ที่ตำบลท่าม่วงอำเภอเทพาจังหวัดสงขลาค่ะ
21-21131-55.wav	จะเดินทางไปถึงรัฐสภาเกียกกายนี่คือความเคลื่อนไหว24มิถุนาครับ
21-21131-51.wav	เพื่อเดินทางไปที่รัฐสภาเกียกกายนี่บรรยากาศสดนะฮะ
21-21131-33.wav	ทนายอานนท์นำภาก็มีการอ่านประกาศ
21-21130-0.wav	หงอนไก่ที่จังหวัดราชบุรีคุณดูดิ
21-21120-38.wav	แล้วก็นายทักษิณชินวัตร
21-21128-7.wav	ก็คือถนนเส้นราชบำรุงในเขตเทศบาลตำบลระโนดจังหวัดสงขลาค่ะ
21-21128-74.wav	นันทพรทาวะระทีมข่าวไทยรัฐทีวีรายงานจากจังหวัดสงขลาค่ะ
21-21128-0.wav	พาคุณผู้ชมไปที่เทศบาลเมืองระโนดจังหวัดสงขลากันหน่อยนะคะ
21-21127-36.wav	นางสาวงามตาโยธานันท์ร้องไห้ด้วยแหละ
21-21126-7.wav	ห้ามลอกเรียนแบบกับการเดินทางมาทำงานนะครับ
21-21122-8.wav	ที่บ้านหนองแวงตำบลวิศิษฐ์อำเภอเมืองจังหวัดบึงกาฬ
21-21120-90.wav	เข้าใจว่าที่เป็นประเด็นขึ้นมาเพราะนายไพศาลพืชมงคล
21-21120-84.wav	ด้านของนายสรวงศ์เทียนทองอดีตรัฐมนตรีช่วยสาธารณสุข
21-21120-49.wav	ของรองนายกรัฐมนตรีพลเอกประวิตรวงษ์สุวรรณนั่นเอง
21-21120-35.wav	ใครคนนั้นก็ได้เป็นนายกรัฐมนตรี
21-21120-32.wav	และก็มีคำอธิบายจากนายไพศาล
21-21120-16.wav	มันเกิดจากกรณีที่นายไพศาลพืชมงคล
21-21120-125.wav	แต่การลงพื้นที่ในช่วงนี้ของนายกรัฐมนตรี
21-21120-10.wav	จะไปดูดป๋าเหนาะนายเสนาะเทียนทองผู้หลักผู้ใหญ่
21-21118-19.wav	แล้วผู้หญิงคนเนี้ยคือนางสาวทิพวรรณสืบสุวรรณอายุ32ปี
21-21116-14.wav	เขาขับรถผ่านทางเข้าหมู่บ้านยิ่งรวยนิเวศน์อำเภอปากเกร็ดจังหวัดนนทบุรี
21-21115-7.wav	ในพื้นที่อำเภอเมืองจังหวัดอุดรธานีคือจริงๆเกิดขึ้นสักประมาณตีสองได้ค่ะ
21-21110-25.wav	ใครอยู่บริเวณดังกล่าวก็ติดตามประกาศเตือนภัยจากทางราชการอย่างต่อเนื่องด้วย
21-21108-721.wav	ทุกจังหวัดแล้วบางทีอยู่ในอยู่ในวัฒนธรรมของเขาถูกถูกถูกจะอยู่คู่กับวัดกับศาสนาอยู่แล้ว
21-21107-72.wav	นายธีรวุฒิผู้เสียชีวิตครอบครัวไปรับร่างจากนิติเวชโรงพยาบาลชุมแพจังหวัดขอนแก่นเมื่อเช้าวันนี้
21-21107-69.wav	นัดสุดท้ายนัดที่3มันเข้าปากนายธีรวุฒิเลย
21-21107-54.wav	ก็คือนางสาวบัววรรณไปหาภรรยาอีก
21-21107-52.wav	ทีนี้ค่ะตัวนายธีรวุฒิก็ถือมีด
21-21107-46.wav	ไปหาพี่สาวของนายธีรวุฒิอะ
21-21107-44.wav	แล้วอาศัยจังหวะที่นายธีรวุฒิอะเผลอ
21-21107-41.wav	สี่โมงเย็นเมื่อวานนี้ตัวนายธีรวุฒิก็กลับบ้าน
21-21107-21.wav	ก็คือชายคลั่งที่ถูกตำรวจยิงตายอะค่ะพี่สาวชื่อว่านางสาวบัววรรณ
21-21107-119.wav	นี่ค่ะก็พอทางนายอัศฎาบอกเข้าไปดูเนี่ย
21-21107-114.wav	ฟันใส่นายอัศฎาร่วมกตัญญูก่อนน่ะนะคะ
21-21107-111.wav	ร้อยตำรวตรีสันติกับตัวนายอัศฎาร่วมกตัญญูอะค่ะ
21-21099-62.wav	ห้านัดค่ะไปจับได้ที่บ้านพักที่ตำบลวัดใหม่อำเภอเมืองจังหวัดจันทบุรีนะคะ
21-21099-13.wav	สามทุ่มกว่าๆเกือบสี่ทุ่มที่ศูนย์การค้าเจ.พี.ถนนชวนชื่นตำบลวัดใหม่อำเภอเมืองจังหวัดจันทบุรี
21-21097-74.wav	มั่นใจว่าดำเนินคดีกับนายสุวรรณเฉลิมวุฒาวัย43ปี
21-21085-6.wav	หัวหน้าพรรคอนาคตใหม่นายธนาธรจึงรุ่งเรืองกิจก็เลยบอกว่า
21-21085-47.wav	นางสาวพลอยไพลินบอกว่ารู้สึกตกใจที่มีเรื่องราวของตัวเอง
21-21084-26.wav	ที่อำเภอเต่างอยจังหวัดสกลนครนี่ก็มีพิธีบวงสรวงต้นยางยักษ์ขนาดใหญ่หลายร้อยปี
21-21084-22.wav	เมื่อปี2543เคยถูกโค่นแต่ชาวบ้านรวบรวมรายชื่อยื่นต่อจังหวัดเพื่อขออนุรักษ์เอาไว้
21-21084-20.wav	นะนายสง่าวงศ์สง่าดาทุมทาเป็นนายกอบต.บึงทวายบอกว่า
21-21084-18.wav	โดยนายวัชรินทร์รื่นถวิลนายอำเภอเต่างอยวัดเส้นรอบวงได้เนี่ย8จุด75เมตรค่ะ
21-21082-48.wav	เขาเป็นห่วงมากที่สุดก็คือแม่ตัวแม่นั่นแหละนางสาวมาริกา
21-21080-29.wav	โดยนางสุรางค์วงศ์รัตนกาญจน์ลูกสาวของอากงและอาม่า
21-21080-136.wav	ด้านของนางสาวเพชรรัตน์วงศ์รัตนกาญจน์หลานสาวผู้โพสต์เรื่องนี้นะครับ
21-21078-38.wav	โดยกิจกรรมค่ะก็มีการพัฒนาวัดในจังหวัดต่างๆ
21-21078-20.wav	ก็นำโดยนายวันชัยศรีวงษ์ญาติดีในอำเภอวาปีปทุม
21-21074-86.wav	และนอกจากตำรวจสองนายที่เสียชีวิตไป
21-21074-603.wav	ผู้ที่จะเป็นผอ.การเดินทางถวายในอากาศยานนั้น
21-21074-596.wav	เพื่อที่จะเป็นผอ.การเดินทางถวาย
21-21074-585.wav	ผอ.การเดินทางถวายมาเป็นตำแหน่งติดตัวของตัวเอง
21-21074-542.wav	แล้วทำไมกันจึงต้องเป็นนายตำรวจคนนี้เท่านั้นที่จะมาเป็นผอ.ศูนย์อะไรก็ไม่รู้นี้ได้
21-21074-512.wav	โดยตำแหน่งผู้การกองบินตำรวจก็จะรับหน้าที่ผอ.การเดินทางถวายไปพร้อมๆกันด้วย
21-21074-485.wav	แต่ก็ยังปล่อยให้นายตำรวจคนนี้ใช้อำนาจสั่งการคนอื่นๆ
21-21074-18.wav	หรือเรื่องการค้ามนุษย์ชาวโรฮิงญาที่เป็นการกลั่นแกล้งนายตำรวจน้ำดี
21-21071-8.wav	ศพของนายพรศักดิ์ส่องแสงหรือนายบุญเสาร์ประจันตะเสนลูกสาวและลูกชายเนี่ย
21-21071-24.wav	เกิดเมื่อวันที่2พฤศจิกายน2503ที่บ้านโนนสมบูรณ์อำเภอบ้านไผ่จังหวัดขอนแก่น
21-21071-16.wav	ก็เดินทางนำพวงหรีดเนี่ยมาเคารพศพด้วยแล้วก็แสดงความเสียใจต่อครอบครัวผู้สูญเสีย
21-21071-15.wav	ทางสภาวัฒนธรรมจังหวัดหนองบัวลําภูและรองนายกอบจ.หนองบัวลําภูพร้อมคณะค่ะ
21-21071-13.wav	มาให้กำลังใจนางจุลาวรรณประจันตะเสนเป็นภรรยาของคุณพรศักดิ์แล้วก็ลูกๆ
21-21070-40.wav	ดูรายการเราก็ได้รู้จักสถานที่อันซีนท่องเที่ยวใหม่ๆสวยๆอีกเยอะ
21-21070-37.wav	มันสวยงามมากจริงๆแล้วคุณจะได้มองเห็นวิวทิวทัศน์ของ3จังหวัด
21-21070-35.wav	เขตุอุทยานแห่งชาติภูผายลตำบลหนองบ่ออำเภอนาแกจังหวัดนครพนม
21-21068-28.wav	ตัวทางด้านของนายมนชัยเล่าแบบนี้
21-21067-23.wav	ทะเบียนจังหวัดขอนแก่นนะครับ
21-21067-15.wav	พบศพนายพงษ์พันธ์เนี่ยครับโอ้ย
21-21066-57.wav	รวมถึงนายชาร์ลส์เดอโกลอดีตประธานาธิบดีฝรั่งเศสผู้ล่วงลับ
21-21066-18.wav	อย่างนายซาอิดคูอาชิและนายเชอรีฟคูอาชิชาวมุสลิม
21-21065-49.wav	ผมชื่อนายธนกรนามสกุลธนเจริญรุ่งโรจน์ชื่อเล่นเอกอายุ51ปีปัจจุบันผมเป็นพนักงานขับรถบริษัท
21-21064-22.wav	นี่ค่ะนางสาวอนุกูลวงษ์บัวทอง
21-21061-18.wav	นายพิชญาศรีธัญรัตน์หรือออมอายุ30ปี
21-21060-212.wav	พี่ชายแท้ๆให้ขึ้นมาจากจังหวัดตรัง
21-21057-0.wav	พลเอกประวิตรวงษ์สุวรรณก็ไปตรวจสถานการณ์น้ำด้วยที่จังหวัดปทุมธานีครับ
21-21056-4.wav	นายฐิตินันท์พู่สุวรรณอายุ43ปีเจ้าของอู่รับทำเบาะรถยนต์
21-21056-2.wav	เหตุการณ์นี้เกิดขึ้นที่จังหวัดราชบุรีซึ่งแม้ว่าทางครอบครัวเนี่ยไม่ติดใจแต่ว่าตำรวจสภ.จอมบึงเตรียมแถลงผลตรวจสอบสภาพศพที่แน่ชัดในวันพฤหัสบดีนี้นะคะ
21-21053-38.wav	จากเหตุการณ์ที่เกิดขึ้นนายปรเมศวร์เหล็กเพชร
21-21052-35.wav	ยังบ้านเลขที่8ทับ9ฮะที่ตำบลบางบุตรอำเภอบ้านค่ายจังหวัดระยอง
21-21051-7.wav	จากเหตุการณ์ที่นายสมชายเวโรจน์พิพัฒน์อายุ57ปี
21-21051-37.wav	ได้เดินทางมาร่วมแสดงความเสียใจจากสิ่งที่เกิดขึ้น
21-21051-36.wav	ขณะที่นายสมชายเวโรจน์พิพัฒน์เสี่ยเบนซ์ผู้ก่อเหตุ
21-21051-12.wav	ลูกสาวคนโตพร้อมญาติๆเดินทางมารับศพของทั้งคู่
21-21051-11.wav	โดยในวันนี้นางสาวศุภพิชญ์งามสุวิชชากุลหรือน้องพลอยอายุ16ปี
21-21051-10.wav	และนางนุชนาถงามสุวิชชากุลอายุ44ปีภรรยาผู้เป็นแม่เสียชีวิต
21-21049-2.wav	นี่พาไปดูที่ตำบลองครักษ์ที่ตำบลบางฉ่าเอ่อบางเจ้าฉ่าอำเภอโพธิ์ทองจังหวัดอ่างทองค่ะ
21-21048-43.wav	ผู้ช่วยป้องกันจังหวัดมหาสารคามชื่อว่านายภรัณยูมายูรนะฮะ
21-21047-42.wav	ภายในมหาวิทยาลัยเทคโนโลยีสุรนารีที่จังหวัดนครราชสีมากันบ้างนะครับค่ะ
21-21044-58.wav	คณะทัวร์เนี้ยมาจากโรงเรียนในจังหวัดนราธิวาส
21-21043-95.wav	เขาชื่อว่านายธนพลจันทบุตรอายุ39ปีเป็นชาวจังหวัดระยอง
21-21043-70.wav	นายสุทธิพงศ์บอกว่าเสียใจมากนะ
21-21043-57.wav	ตัวนายสุทธิพงศ์บอกว่าผมเปล่าผมไม่ได้ยก
21-21043-49.wav	นายสุทธิพงศ์บอกผมก็นั่งรอนะก็ไม่ได้คิดอะไร
21-21043-44.wav	ตอนเกิดเหตุค่ะนายสุทธิพงศ์บอกว่า
21-21043-32.wav	นายสุทธิพงศ์รัตนกิจอายุ26ปีเป็นผู้เสียหายนะคะ
21-21040-18.wav	พอได้สตินายสุภาพก็รับสารภาพขโมยเงินยายแท้ๆมาหนึ่งหมื่น
21-21039-12.wav	เจ้าของเฟซบุ๊คชื่อว่านายต๊ะสายฟินเนี่ย
21-21037-37.wav	ด้านของภรรยาค่ะนางสาวกาญจนาอ่อนสา
21-21037-13.wav	นายเกียรติศักดิ์เนี่ยถูกคนร้ายไม่ต่ำกว่า3คน
21-21036-66.wav	ที่สภ.มาบตาพุดจังหวัดระยอง
21-21035-38.wav	เนี่ยเพราะว่านายฉุยเนี่ยนะเป็นบุคคลอันตราย
21-21035-23.wav	แล้วก็มีนายอัฐพลใหม่อ่อนหรือว่านายรวยอายุ21ปี
21-21035-17.wav	ก็คือกลุ่มของนายจำรัสรักษ์จันทร์หรือว่าฉุยเขาจันทร์อายุ44ปี
21-21035-13.wav	เพราะว่าถูกตำรวจวิสามัญก็คือนายวัชระรัตนสุวรรณอายุ47ปี
21-21029-99.wav	อันเป็นข้อเท็จจริงที่แสดงให้เห็นโดยปราศจากข้อสงสัยว่านายพิธาลิ้มเจริญรัตน์เป็นบุคคลที่
21-21029-95.wav	สมาชิกภาพของสมาชิกสภาผู้แทนราษฎรก็คือของนายพิธาลิ้มเจริญรัตน์
21-21029-48.wav	การเสนอชื่อนายพิธาลิ้มเจริญรัตน์ในครั้งนี้
21-21029-45.wav	ได้เป็นผู้เสนอชื่อนายพิธาลิ้มเจริญรัตน์ให้เป็นบุคคลที่สมควรเป็นนายกรัฐมนตรี
21-21029-14.wav	เพื่อให้ความเห็นชอบบุคคลที่ดำรงตำแหน่งนายกรัฐมนตรี
21-21029-103.wav	เรามีหน้าที่จะต้องพิจารณาว่าการที่ท่านหัวหน้าพรรคเพื่อไทยได้เสนอชื่อนายพิธานั้น
21-21025-0.wav	นี้มาดูเทคนิคของคนสวยกันหน่อยดีกว่านะคะสำหรับดาวิกาที่หุ่นดีหุ่นเพอร์เฟกต์ขนาดเนี้ยนางก็กินขนมนมเนยเหมือนเราๆนี่แหละแต่ทำไมทำไมใหม่ถึงหุ่นดีวันดีคืนนะคะเธอบอกว่าช่วงนึงเนี่ยเวลาที่มันอยู่บ้านเนี่ยประกอบกับว่าตัวเองป่วยอยู่ใช่ไหมวันก่อนที่บ้านหมุนน้องก็บอกว่าน้องทานอาหารเพื่อบำ
21-21022-6.wav	เข้าช่วยเหลือนางสงกรานต์วงศ์เกตุอายุ32ปี
21-21022-18.wav	ได้ขับรถมาจากจังหวัดแพร่มากับนางสงกรานต์ภรรยา
21-21021-48.wav	มอบให้ผมมามาให้กับพี่น้องประชาชนที่จังหวัด
21-21019-17.wav	นายธานินทร์โตงามป้องกันอ่าปภ.แสวงหาเปิดเผยนะคะว่าเหตุนี้เกิดขึ้นเมื่อวันอาทิตย์ที่ผ่านมา
21-21019-14.wav	บ้านหลังนี้เนี่ยอยู่ริมถนนสายโพธิ์ทองแสวงหาในอำเภอแสวงหาจังหวัดอ่างทองนะคะ
21-21018-8.wav	ซึ่งรับผิดชอบให้บริการน้ำประปาในพื้นที่74จังหวัด
21-21017-41.wav	ก็คือเมื่อ13มกราคมนายทัศนัยบอกว่าผมเลิกรากับผู้หญิงคนนึง
21-21017-38.wav	หลังจากนั้นตัวนายทัศนัยผู้เสียหายก็ไปลงบันทึกประจำวันเอาไว้เป็นหลักฐานที่สภ.ศรีเทพนะคะ
21-21017-36.wav	อ้างเป็นฝ่ายปกครองเซ็นๆไปก่อนนายทัศนัยบอกผมเซ็นๆไปก่อน
21-21017-26.wav	พุ่งตรงมาทำร้ายนายทัศนัยโดยไม่รู้สาเหตุตามที่เห็นในคลิปภาพ
21-21017-20.wav	ชื่อว่านายทัศนัยอายุ39ปีเขาก็เล่าให้ฟังว่าขายกาแฟอยู่ดีๆ
21-21017-18.wav	หล่มศักดิ์นะคะที่อำเภอศรีเทพจังหวัดเพชรบูรณ์ค่ะ
21-21014-23.wav	นางสาวเฉลิมพลอยชัยวงศาอายุ33ปี
21-21014-20.wav	ด้านนายสุวพงศ์กิติภัทย์พิบูลย์เองก็เดินทางไป
21-21013-16.wav	ในพื้นที่ตำบลหานโพธิ์อำเภอเขาชัยสนจังหวัดพัทลุง
21-21012-21.wav	ซึ่งเป็นบริเวณคลองสำแลจังหวัดปทุมธานี
21-21011-9.wav	เดินทางมาที่วัดเชตวนารามที่ตำบลหนองปริงอำเภอเมืองจังหวัดกำแพงเพชรค่ะ
21-21010-9.wav	หลังจากที่พบว่าคุณครูอาสาท่านนี้ไปทำงานอยู่ที่อำเภออมก๋อยที่จังหวัดเชียงใหม่7ปี
21-21009-37.wav	ไฟลวกหน้าแกอีกอ่ะล่าสุดนะคะนายทวีพิมพ์อุบล
21-21009-17.wav	เราไปสอบถามฮีโร่วันนี้นะคะนายทศธาสิมมาซึ่งเป็นเพื่อนบ้าน
21-21008-44.wav	ซึ่งครั้งนี้ถือว่าเป็นครั้งแรกที่ครูเนี่ยเดินทางมาร่วมงานศพ
21-21006-24.wav	ญาติจะนำร่างไปประกอบพิธีทางศาสนาที่วัดบางกร่างจังหวัดนนทบุรีนะครับ
21-21005-22.wav	เตรียมนำครอบครัวนายสมเกียรติเข้าร้องขอความเป็นธรรมต่อพลตำรวจเอกจักรทิพย์ชัยจินดา
21-21005-21.wav	ด้านนายอนันต์ชัยไชยเดชครับทนายความครอบครัวผู้เสียชีวิตเปิดเผยว่า
21-21005-11.wav	ใช้มีดรุมทำร้ายนายสมเกียรติศรีจันทร์
21-21004-12.wav	สภ.เขวาสินรินนะครับตำรวจนายนี้เนี่ยนะครับ
21-21004-0.wav	ตำรวจนายนี้เมาอ่ะรู้ได้ยังไงว่าเขาเมาเอาเดี๋ยวคุณผู้ชมดู
21-21001-1.wav	จังหวัดสมุทรปราการร่วมกับปปส.
21-21001-9.wav	วสันต์บุญเจริญรองผู้บังคับการตำรวจภูธรจังหวัดครับ
21-21001-17.wav	จำนวนนี้มีนายวุฒิภัทรจุลเมตต์นะครับอายุ40ปี
21-21868-40.wav	ตำรวจสภ.นางรองนะคะก็แจ้งข้อหากับนายสายชล
21-21868-23.wav	มีปากเสียงทะเลาะกันแล้วก็เอารางข้าวหมูเนี่ยทุ่มใส่หัวนายนนทกานต์จนเสียชีวิตเลยนะคะ
21-21868-19.wav	แม่ก็ร้องห่มร้องไห้นอกจากนั้นค่ะทางฝั่งภรรยาคือนางบุปผาโตบังเคียนก็นอนหมดสติอยู่
21-21866-32.wav	ข้าวโพดสายพันธุ์นี้ถูกพัฒนาโดยนายทวีศักดิ์ผู้หลำ
21-21006-8.wav	โดยครอบครัวเดินลุยน้ำนะครับไปทำพิธีจุดธูปนางสาวศันสนีย์เรียกให้น้องชายกลับบ้านบอก
21-21007-13.wav	นางสาวนุสสราเขมกานนท์ผู้ที่คอยอุปการะเลี้ยงดูเจ้าดำบอกกับทีมข่าวว่า
21-21868-22.wav	ก็เล่าให้ฟังว่าเหตุการณ์เนี้ยมันเกิดขึ้นต่อหน้าต่อตาคนที่ทำเนี่ยคือนายสายชลศรีกระสังค่ะ
21-21868-9.wav	เจอศพของนายนนทกานต์ศิริโภคาค่ะ
21-21868-25.wav	ชื่อว่านางสาวกรรณิการ์ก็เล่าให้ฟังบอกว่าตั้งแต่แม่มีสามีใหม่เนี่ยตัวลูกก็ไม่ได้ยุ่งด้วยเลย
21-21006-10.wav	คุณผู้ชมครับขณะทำพิธีนางสาวศันสนีย์ร้องไห้ตลอดเวลาแบบนี้ครับ
22-22999-9.wav	แต่ผ่านไปสักแป๊บนึงเหมือนนายพุทธิพงศ์โผล่ขึ้นมาอีกครั้ง
22-22999-5.wav	ผู้ชายคนนี้เนี่ยอายุ25ปีค่ะนายพุทธิพงศ์พลาดตกลงไป
22-22993-23.wav	คนเจ็บชื่อว่านายนพรัตน์แปลนาคอายุ16
22-22993-22.wav	ตำบลจันทบเพชรอำเภอบ้านกรวดจังหวัดบุรีรัมย์
22-22986-18.wav	มันอยู่ที่ป่าเบญจพรรณในพื้นที่ตำบลหนองกี่อำเภอกบินทร์บุรีจังหวัดปราจีน
22-22982-6.wav	หมู่5ตำบลเขาพังไกรอำเภอหัวไทรจังหวัดนครศรีธรรมราชนะครับ
22-22982-26.wav	จากการสอบถามก็ทำให้ทราบว่าวันนี้นายปิยะพงศ์กับญาติๆ
22-22980-30.wav	แล้วก็ติดต่อแม่ด้วยที่ชื่อว่านางรุจิราพร
22-22980-28.wav	ที่ชื่อว่านายเจตคติวงศ์เลิศอายุ23ปี
22-22980-15.wav	นางพรประภารัชตะธนิตกุลครูชำนาญการเป็นเจ้าของรถเล่าให้ฟังว่าก่อนเกิดเหตุ
22-22973-72.wav	เป็นสามีภรรยานายวรวุฒิกับนางเสาวลักษณ์
22-22973-106.wav	ทนายไพศาลก็บอกว่ากรณีนี้เนี่ย
22-22972-9.wav	อยู่บริเวณโรงงาโรงงานแห่งหนึ่งนะครับที่ตำบลคลอง2จังหวัดปทุมธานี
22-22971-501.wav	หอบรรหารแจ่มใสจังหวัดสุพรรณบุรี
22-22968-9.wav	ผู้ใหญ่บ้านหมู่14อย่างนายสละผาบจันดาครับเล่าให้ฟังว่า
22-22962-7.wav	และนายจิระพจน์หัวหน้าเครือข่าย1คนรวม52คน
22-22962-10.wav	ส่วนวิธีการของนายจิระพจน์จะแบ่งผู้ที่เข้าสอบออกเป็นกลุ่มๆ
22-22961-75.wav	แต่ว่าก็ต้องรอดูนะว่านายอานนท์เนี่ย
22-22961-19.wav	นายอานนท์นำภาเนี่ยได้มีการพูดถึงเรื่องนี้
22-22957-867.wav	แล้วผีนางรำก็ตามเหมือนจะตามไปซ้ำอะ
22-22957-836.wav	ตอนแรกก็คือโดนนางรำเหมือนจะมาหลอกมาอะไรสักอย่างนึงนี่แหละ
22-22957-316.wav	เออนึกภาพผีนางรำรำตาเหลือกๆเมียตาขาวๆ
22-22957-311.wav	แล้วปรากฏว่าผีนางรำรำแล้วอ้าปาก
22-22957-302.wav	ทำให้เรารู้สึกว่าผีนางรำคือหนึ่งในผีที่มีความน่ากลัวอันดับต้นๆของเมืองไทยอืม
22-22957-129.wav	ที่จังหวัดชลบุรีอันนั้นน่ะจำประทับใจเลย
22-22952-16.wav	ผู้ก่อเหตุคือนางสาวณัฐชนกเจริญสุขค่ะ
22-22950-86.wav	ก็นำตัวนายอานนท์เนี่ยมาสอบปากคำ
22-22950-80.wav	ทีนี้ค่ะตัวนายอานนท์ผู้ต้องหาเองน่ะ
22-22950-74.wav	แต่ว่าทนไม่ไหวแล้วเพราะว่าวันนั้นเนี่ยนายยุทธนาเนี่ย
22-22950-58.wav	แล้วตำรวจเนี่ยก็สอบปากคำแล้วก็นำตัวนายอานนท์เนี่ยนะคะไปพิมพ์รอยนิ้วมือ
22-22950-53.wav	แล้วปรากฏว่านายยุทธนาเนี่ยโดนยิงนายอานนท์เนี่ยเป็นคนยิง
22-22950-49.wav	แต่ปรากฏว่าทางเอ่อตัวเอ่อพอเป็นแบบนี้ปุ๊บนายยุทธนาไม่ฟัง
22-22950-46.wav	บอกว่ามีเรื่องกับนายอานนท์อะขอให้ออกไปช่วยหน่อยนายอานนท์มีปืน
22-22950-45.wav	เพราะว่าตอนที่นายยุทธนากลับถึงบ้านเนี่ย
22-22950-43.wav	ทีนี้พอหลังจากนั้นเนี่ยอะพานายยุทธนาเนี่ยไปส่งที่บ้าน
22-22950-42.wav	แล้วก็รู้ด้วยนะว่านายอานนท์เนี่ยพกปืนมา
22-22950-38.wav	ห้ามทั้งนายอานนท์คนที่ยิงนะครับกับนายยุทธนา
22-22950-26.wav	โดยที่ฝั่งนายอานนท์เนี่ยนะนั่งหันหน้าออกถนน
22-22950-24.wav	ฝ่ายคนที่ยิงเนี่ยก็คือนายอานนท์เนี่ยนะเขามากับเพื่อนอีกคนนึง
22-22950-22.wav	นายศรัณยูเนี่ยนั่งกินเหล้าอยู่กับคนตาย
22-22950-20.wav	แล้วเพื่อนของคนตายอย่างนายศรัณยู
22-22950-13.wav	ท้ายที่สุดเนี่ยนะคะนายยุทธนาที่ถูกยิงเนี่ยเสียชีวิต
22-22948-8.wav	ส่วนคนก่อเหตุนะฮะชื่อนายอัฐรินทร์มะพุกชื่อเล่นชื่อเขียว
22-22948-74.wav	ไม่เคยคิดทำร้ายใครด้วยเชื่อว่านายอัฐรินทร์คนก่อเหตุ
22-22948-55.wav	ตอนนี้ครอบครัวก็กังวลมากเนื่องจากนายอัฐรินทร์มือยิงได้รับการประกันตัวออกไป
22-22948-54.wav	ส่วนตัวรู้สึกว่าคนก่อเหตุคือนายอัฐรินทร์ทำเกินกว่าเหตุรึเปล่า
22-22948-26.wav	คราวนี้นายอัฐรินทร์ก็เลยทนไม่ไหวนะฮะ
22-22948-20.wav	เอารถไถเนี่ยไปปรับหน้าดินตรงที่ที่เคยทำกินของนายสว่างสิน
22-22948-18.wav	วันเกิดเหตุนายอัฐรินทร์ที่เป็นผู้ก่อเหตุ
22-22948-114.wav	เบื้องต้นนายอัฐรินทร์นะครับถูกแจ้งข้อหาฆ่าผู้อื่น
22-22947-5.wav	นะครับนายธนวรรธน์พลวิชัยอธิการบดีของมหาวิทยาลัยหอการค้าไทย
22-22946-6.wav	ส่วนอีกคนนึงนายปุญญพัฒน์ก้องภักดีสุขหรือตินอายุ23ปี
22-22946-3.wav	เหตุการณ์นี้นะคะนายธีรภัทรสุขสมกิจหรือนิกอายุ25
22-22946-37.wav	ตอนนี้นะคะตำรวจสภ.เมืองนครปฐมเร่งจับตัวนายชัชวาลนะคะ
22-22946-30.wav	เขาบอกว่าเขาทิ้งปืนเอาไว้ในรถก็ไม่รู้ว่านายชัชวาลไปเอาปืนออกมาจากรถตอนไหน
22-22946-28.wav	ก็เลยมารู้ทีหลังว่าอ้าวปืนที่นายชัชวาลยิงอ่ะ
22-22946-26.wav	แล้วก็ล็อกตัวนายธีรภัทรเอาไว้จู่ๆนายชัชวาลยิงปืนใส่เลยค่ะ
22-22946-25.wav	แต่ทั้งคู่ไม่ยอมแยกตัวเองก็เลยต่อยเข้าไปที่หน้าของนายธีรภัทรสองครั้ง
22-22946-23.wav	พอเดินออกมาจากห้องน้ำพบว่านายชัชวาลกับนายธีรภัทรที่ตอนนี้ยังอยู่โรงพยาบาลน่ะค่ะ
22-22946-20.wav	แต่ตัวนายตินกับนายฃธีรภัทรเพิ่งเจอกันครั้งแรกก็คือคืนที่เกิดเหตุอ่ะค่ะ
22-22946-19.wav	ในนี้เนี่ยก็มีนายธีรภัทรอีกคนนึงที่เจ็บอะนะคะนั่งอยู่ในโต๊ะด้วย
22-22946-13.wav	เขาก็ชวนเพื่อนที่ชื่อว่านายชัชวาลไทรไกรกระอายุ31ปีหรือนายเด้ง
22-22944-37.wav	นอกจากนี้นายอัจฉริยะยังบอกด้วยว่า
22-22944-2.wav	จะไปส่งที่หอพักแต่ว่าสรุปสุดท้ายแล้วนายออฟอ้างว่าน้องหญิงกระโดดลงจากรถครับแล้วเสียชีวิตเองนี่นะ
22-22944-0.wav	ส่วนความคืบหน้าคดีน้องหญิงนะคะก็คือกรณีที่นางสาวหญิงเนี่ยนะคะไปเที่ยวสถานบันเทิงกับเพื่อน
22-22942-6.wav	นายดำรงวิเศษสัตย์หรือว่าตั้มอายุ35ปีถูกฟ้าผ่าเสียชีวิต
22-22940-28.wav	เดินทางมาจากแหลมหงาตำบลรัษฎาอำเภอเมืองภูเก็ต
22-22940-26.wav	ราชการจังหวัดภูเก็ตลงไปตรวจสอบด้วย
22-22936-36.wav	ให้ย้ายนายตำรวจทั้ง5นายของทางสน.วังทองหลาง
22-22931-22.wav	บอกแถวช้างสามเศียรจังหวัดสมุทรปราการ
22-22930-5.wav	พื้นที่ตรงนั้นเนี่ยประมาณสิบตารางเมตรโดยอดีตผอ.คือนายบุญเรืองจันทะดีอายุเจ็ดสิบหกปี
22-22930-57.wav	ถ้าเกิดว่ารู้ว่านายมันเนี่ยเสียชีวิตไปแล้ว
22-22929-52.wav	ศูนย์ใน76จังหวัดเป็นสถานที่ในการจัดฝึกอบรมค่ะค่ะ
22-22926-35.wav	ขณะที่ญาติของนายพรวัตรผู้เสียชีวิตเนี่ยก็เดินทางไปรับศพที่โรงพยาบาลศิริราช
22-22925-26.wav	ทีมข่าวพูดคุยกับตากุลหรือว่านายสกุลวิถีเถื่อน
22-22925-13.wav	พุทธสถานวัดแจ้งอำเภอไชโยจังหวัดอ่างทองมาแล้วนะครับ
22-22924-9.wav	ซึ่งน้องๆหนูๆที่เป็นนางเงือกเนี่ยก็คือเป็นนักเรียนและคุณครูสอนดำน้ำจากโรงเรียนสอนดำน้ำค่ะ
22-22924-17.wav	แล้วก็ได้เห็นความสวยงามของน้องๆหนูๆที่แต่งชุดเป็นนางเงือกออกมาเหมือนเป็นนางเงือกจริงๆอะที่อยู่ในทะเลเลยค่ะ
22-22924-13.wav	แล้วเนี่ยค่ะดูลีลาการดำน้ำของแต่ละคนมืออาชีพจริงๆนึกว่าเป็นนางเงือกเลยอะ
22-22924-10.wav	เขาก็เตรียมชุดนางเงือกมาสวยๆกันแบบเนี้ย
22-22922-8.wav	บรรยากาศที่ตลาดใหม่เยาวราชนะคะคึกคักไปด้วยคนไทยเชื้อสายจีนที่เดินทางมาซื้อของไหว้เพื่อเตรียมไหว้บรรพบุรุษในวันพรุ่งนี้ค่ะ
22-22920-7.wav	งานนี้จัดขึ้นที่ถนนเหล่านาดีตำบลในเมืองอำเภอเมืองจังหวัดขอนแก่นค่ะ
22-22920-33.wav	และสร้างความสัมพันธ์ให้กับคณะหมอลำในจังหวัดขอนแก่นครับ
22-22920-2.wav	แล้วก็มีการจัดขบวนพาเหรดเปิดงานที่เราอยากจะให้ดูเนี่ยมันคือขบวนพาเหรดของพี่น้องชาวหมอลำในจังหวัดขอนแก่นมากันเต็มเลยค่ะ
22-22920-0.wav	หวัดขอนแก่นกันค่ะคุณผู้ชมจังหวัดนี้เนี่ยนะคะเขามีการจัดงานขึ้น
22-22919-8.wav	นายศรัณยูมีทองคำในอำเภอเมืองเชียงใหม่ในฐานะประธานคณะอนุกรรมการการออกเสียงประจำอำเภอเมืองเชียงใหม่
22-22919-83.wav	ยุทธยาตุ้มมีข่าวไทยรัฐทีวีรายงานจากจังหวัดขอนแก่นครับ
22-22919-71.wav	และคาดว่าพรุ่งนี้การลงประชามติในจังหวัดขอนแก่น
22-22919-66.wav	ผู้อำนวยการคณะกรรมการการเลือกตั้งประจำจังหวัดขอนแก่น
22-22919-52.wav	ผู้ว่าราชการจังหวัดขอนแก่นก็จะไปออกเสียงใช้สิทธิ์ยังจุดนี้ด้วย
22-22919-39.wav	ประกาศจะเป็นอย่างไรติดตามจากคุณยุทธยาตุ้มมีรายงานมาจากจังหวัดขอนแก่นครับ
22-22919-35.wav	จากภาคเหนือเราไปต่อกันที่ภาคอีสานกับที่จังหวัดขอนแก่นนะครับ
22-22919-34.wav	อรพันธ์ขันทองคำรายงานจากจังหวัดเชียงใหม่ค่ะ
22-22919-2.wav	เพราะว่ากกต.ประจำจังหวัดเชียงใหม่เนี่ยพร้อมแล้วสำหรับการลงประชามติวันพรุ่งนี้
22-22919-147.wav	ใจศักดิ์แซ่อึ้งข่าวไทยรัฐทีวีรายงานสดจากจังหวัดสุราษฎร์ธานี
22-22919-140.wav	หน่วยเลือกตั้งในจังหวัดมีทั้งหมด1404หน่วย
22-22919-139.wav	โดยนายสมพงศ์ตั้งฤกษ์ผู้อำนวยการการเลือกตั้งประจำจังหวัดสุราษฎร์ธานีกล่าวว่า
22-22919-133.wav	ที่แต่ละหน่วยเดินทางเข้ามารับหีบบัตรอย่างต่อเนื่อง
22-22919-127.wav	ทหารและฝ่ายปกครองกว่าห้าร้อยคนจัดแถวเตรียมความพร้อมปฎิบัติการกวาดล้างอาชญากรรมและตรวจสอบความเรียบร้อยในหน่วยออกเสียงประชามติทั้ง1404หน่วยทั้งจังหวัดท่ามกลางสายฝนที่ตกลงมาอย่างต่อเนื่องซึ่งจังหวัดสุราษฎร์ธานีได้ตั้งศูนย์รักษาความสงบเรียบร้อย
22-22919-112.wav	แล้วทุกอำเภอ11อำเภอเนี่ยจะมีหน่วยเคลื่อนที่เร็วชุดชุดละ5นายเป็นอย่างน้อยนะครับมาเสริมกำลัง
22-22917-10.wav	จังหวัดชลบุรีเอ้ยขอควบคุมตัวคุณเฮ้ยแอคติ้งรึเปล่าแกล้งๆรึเปล่า
22-22916-35.wav	มีการพูดคุยกันในวงของผู้ใกล้ชิดทราบว่านางสาวสายันต์นั้น
22-22916-8.wav	โดยผลการตรวจชันสูตรศพพบว่านางสายันต์ถูกอาวุธมีดแทงทะลุ
22-22916-5.wav	แล้วก็นายพิพัฒน์ตั้งพงศ์ทองซึ่งเป็นสามีครับ
22-22916-4.wav	ครับครอบครัวของนางสายันต์จันทานักธุรกิจในตลาดโรงเกลือจังหวัดสระแก้ว
22-22916-2.wav	วันนี้ญาติๆก็เดินทางไปรับศพทั้งสองคนกลับไปประกอบพิธีนะครับ
22-22916-25.wav	ส่วนที่ประตูหลังบ้านพบศพนางสายันต์ถูกแทงเสียชีวิตเช่นเดียวกัน
22-22914-46.wav	ตั้งแต่บริเวณจังหวัดประจวบคีรีขันธ์ชุมพร
22-22914-35.wav	แถวๆบริเวณจังหวัดมุกดาหารยโสธร
22-22912-85.wav	ชื่อนายสมใจวิบูลย์อรรถอายุ32ปีเป็นชาวสุรินทร์ค่ะ
22-22912-422.wav	ท่องเที่ยวเปิดหูเปิดตาเพิ่งไปเกาหลีกระทบไหล่หนุ่มตี๋ระดับโอปป้ามาหยกๆ
22-22912-387.wav	ณเดชน์นางก็พูดว่าเขาเป็นคนธรรมดา
22-22910-3.wav	แต่จุดเกิดเหตุเนี่ยอยู่ที่ถนนขึ้นเขาดอยขุนตาลจังหวัดลำปาง
22-22909-10.wav	แต่ก็ยังคงมีทั้งนักท่องเที่ยวนะคะที่ทยอยเดินทางมาร่วมสืบสานประเพณีลอยกระทง
22-22906-820.wav	เอ้าไปดูนายณภัทรหน่อยนะ
22-22906-65.wav	คลองตาคตจังหวัดราชบุรี
22-22906-629.wav	ทราบชื่อคือนายสมชาติค่าประคอง
22-22906-460.wav	เดินทางมาตามนัดเพื่อฟังคำสั่งจากพนักงานอัยการฝ่ายคดีพิเศษ
22-22906-399.wav	คือมันเนื่องมาจากว่าตอนที่นางสาวเวธิกาเขายังทำงานเป็นพริตตี้
22-22906-394.wav	ก็นำกำลังเข้าไปจับกลุ่มนางสาวเวธิกาค่ะคนนี้นะคะอายุสามสิบปี
22-22906-362.wav	บอกว่าเนื่องจากวัดเชียงทองถูกจะถูกจัดให้เป็นแหล่งท่องเที่ยวนะฮะประจำจังหวัดพะเยา
22-22906-355.wav	รูปตัวยูทั้งหมดสิบแปดห้องนะฮะนี่แหละครับด้านนายแถลงคำเงินครับ
22-22905-38.wav	ขณะที่นายมีชัยฤชุพันธุ์ประธานกรรมการร่างรัฐธรรมนูญ
22-22904-584.wav	ซึ่งเขาไปออกข่าวกันว่าครอบครัวหนูเนี่ย3คนเนี่ยจะเดินทางไปเรียกร้องความยุติธรรม
22-22903-12.wav	นะฮะผู้ก่อเหตุเนี่ยคือนายรัชชานันท์บุญศรีภูมิ
22-22899-24.wav	แต่ว่าบ้านหมอแหวนเนี่ยเธออยู่ที่จังหวัดระยอง
22-22898-47.wav	ก็คือนายอภิชาติที่ตายไปอีกศพหนึ่งเนี่ยมีลูกอยู่ด้วย
22-22898-46.wav	สุดท้ายก็มาก่อเหตุสลดนี้ขึ้นส่วนหลานเขยของนายคำคนก่อเหตุ
22-22898-44.wav	ที่นายคำผู้ก่อเหตุเนี่ยเขาเป็นมานานแล้ว
22-22898-25.wav	นายคำคนก่อเหตุก็เกิดอาการคลุ้มคลั่งอาละวาด
22-22898-22.wav	กระทั่งช่วงเช้าที่ผ่านมานายคำเนี่ยเดินกลับมาที่บ้าน
22-22898-18.wav	นายคำเนี่ยคนก่อเหตุเนี่ยนะคะเป็นคนสติไม่ค่อยสมประกอบ
22-22898-16.wav	ทราบว่าผู้ก่อเหตุก็คือนายคำกาวิน่านอายุ50ปี
22-22897-36.wav	พระบาทสมเด็จพระปรมินทรมหาภูมิพลอดุลยเดชและการอำนวยความสะดวกแก่ประชาชนที่เดินทางมาร่วมแสดงความอาลัยที่พระบรมมหาราชวังค่ะ
22-22896-13.wav	แล้วก็นางสาวอัจฉราเจ็ดวรรณะอายุ21ปีซึ่งเป็นภรรยา
22-22896-12.wav	ขณะตำรวจภูธรเมืองนครศรีธรรมราชก็เข้าไปตรวจสอบพบว่านายยุทธนาสวัสดิพันธ์อายุ35ปีซึ่งเป็นเจ้าของรถ
22-22895-7.wav	หมู่5ตำบลพุมเรียงอำเภอไชยาจังหวัดสุราษฎร์ธานีนะครับ
22-22895-32.wav	หลักถงหลักฐานนะฮะอื้มท่านผู้ชมครับวันนี้หมอปลามือปราบสัมภเวสีไปกับนางจินดาหราภรรยาของนายโกศลนะฮะ
22-22895-2.wav	ล่าสุดได้ตัวผู้ต้องสงสัยค่ะนะฮะนางจินดาหราอายุ31ที่ตามหาตัวสามีอยู่
22-22895-12.wav	นี่ฮะหลังจากที่หายตัวไปหลายวันแล้วคือนางจินดาหราภรรยาของนายโกศลเนี่ย
22-22894-80.wav	อย่างไรก็ตามนะฮะสำนักงานพระพุทธศาสนาจังหวัดกำแพงเพชร
22-22894-44.wav	ในตัวจังหวัดเดียวกันนี่แหละฮะแต่ว่าไม่อยู่ที่วัดนะครับ
22-22894-43.wav	เนื่องจากพระรูปดังกล่าวเดินทางไปศึกษาพระธรรมวินัยในจังหวัดอื่นไปแล้ว
22-22892-79.wav	เนี่ยค่ะครับพี่ประสิทธิ์ก็คือนายประสิทธิ์สราบรรณท่านนี้นะคะเป็นพนักงานขับรถบริษัท
22-22892-56.wav	หลังจากนั้นนายวัชรินทร์ก็หันไปช่วยเพื่อนๆช่วยคนบาดเจ็บที่เหลือแล้วก็ช่วยดับไฟ
22-22892-53.wav	ส่งเด็กต่อให้กับนางสาวจิรัชยาขอบกิ่งผู้ใหญ่บ้านหมู่4ตำบลกฤษณาอำเภอศรีคิ้วจังหวัดนครราชสีมา
22-22892-41.wav	นายจักรพันธ์จักรแก้วกับนายวัชรินทร์เลื่อยเป็น
22-22892-135.wav	ล่าสุดนางสาวนิภาพรเนี่ยนะครับที่เป็นแม่ของเด็กก็ฝากขอบคุณทั้ง8คนด้วยค่ะ
22-22892-100.wav	นายวัชรินทร์กับนายบวรพงศ์ก็ได้พากันไปเร่งนำตัวนายเปรี้ยวปรางปรุซึ่งเป็นคนขับรถนะฮะ
22-22890-37.wav	คือสามีของนางสาววิกานดาครับ
22-22886-24.wav	แล้วก็นางรัตนาพรสุภาทิพย์หรือว่าเจ๊บ้าบิ่นนั่นเองนะคะ
22-22886-153.wav	ให้ครูปรีชาต่อศาลจังหวัดกาญจนบุรี
22-22885-9.wav	อายุหนึ่งขวบสองเดือนตกใจเห็นภาพนี้แล้วก็มีนายสมบัติสมรัฐคนที่เป็นพ่อนะนี่ค่ะ
22-22885-8.wav	ตรงสันเขื่อนคลองลัดโพธิ์สมุทรปราการนะคะนางชารินีธรรมดำแม่ของน้องฟ้าใสนี่แหละค่ะ
22-22884-6.wav	นางวงเดือนวงศ์ปรินยองอายุ40ปีเป็นแม่ค้าขายลอตเตอรี่ครับ
22-22884-32.wav	ทางด้านตำรวจภูธรสามร้อยยอดก็มอบประกาศเกียรติคุณให้กับนายมนตรีด้วยนะครับ
22-22884-11.wav	ไปซื้อลอตเตอรี่ที่อำเภอวังสะพุงจังหวัดเลย
22-22884-10.wav	เดินทางมากับรถกระบะพร้อมกับเพื่อนๆ10กว่าคน
22-22882-22.wav	นายแพทย์สาธารณสุขจังหวัดนราธิวาสในแพทย์วิเศษสิรินทรโสภณ
22-22882-15.wav	ก็ข้ามแม่น้ำที่กั้นระหว่างอำเภอตากใบจังหวัดนราธิวาสกับรัฐกลันตันที่มาเลเซียนะคะ
22-22882-12.wav	ผู้ว่าราชการจังหวัดนราธิวาสและหน่วยงานที่เกี่ยวข้องบอกว่า
22-22876-9.wav	พบร่างนายทรงยศเทียนทองหรือนายกคิงส์นะอายุ55ปี
22-22876-1.wav	หลานชายของนายเสนาะเทียนทองประสบอุบัติเหตุถูกรถชนเสียชีวิตค่ะคุณผู้ชม
22-22876-19.wav	รถของนายทรงยศก็เสียหลักปีนเกาะกลางถนนพุ่งข้ามไปอีกฝั่งนึงแล้วก็ตกไหล่ทาง
22-22876-15.wav	กอ3839กรุงเทพของนายฉัตรชาญชัยทีปากรอายุ21ปี
22-22876-10.wav	อดีตนายกอบจ.สระแก้ว4สมัยหลานชายของนายเสนาะเทียนทอง
22-22871-25.wav	เป็นร้านขายเครื่องสังฆภัณฑ์รายใหญ่ในจังหวัด
22-22868-6.wav	หลังจากที่ก่อเหตุทะเลาะวิวาทกับนายสิทธิ์เพื่อนชาติเดียวกัน
22-22866-662.wav	จากนี้ตำรวจจะนำคำให้การของนางสาวพิมพ์ลดาเนี่ย
22-22866-654.wav	แล้วก็นายพันธ์ธวัชนาควิสุทธิ์นั้น
22-22866-653.wav	จะซักถามเรื่องความสัมพันธ์ระหว่างเขากับนายแทนไทณรงค์กูล
22-22866-638.wav	วันนี้เขาเดินทางเข้าพบพลตำรวจตรีวิวัฒน์คำชำนาญ
22-22866-491.wav	ไปแบบลุยไฟหรือบางทีคือบูชายัญเป็นคนทำนายเป็นหมอดูเป็นโหร
22-22866-488.wav	เอออย่าแบบอย่าเชื่อคำทำนายอย่าฟังคำทำนายจากคนดูดวงคนทายไพ่หรืออะไรแบบนี้
22-22866-454.wav	ใช่ก่อนเสียชีวิตไอ้ความแปลกคือคือต้องนัดเจอกับนางสาวแอนตลอดเลย
22-22866-423.wav	เดินลงไปเหมือนจะลงไปช่วยแล้วก็เดินกลับขึ้นมาขึ้นรถแล้วขับออกไปเลยบอกว่าอ๋อไปกฐินที่อีกจังหวัดนึง
22-22866-361.wav	ที่เดินทางไปกับตัวผู้ต้องหาแล้วก็เสียชีวิตขณะที่อยู่ด้วยกัน
22-22866-358.wav	โดยทางเจ้าหน้าที่เนี่ยเขาสามารถจับกุมตัวนะคะได้ที่ศูนย์ราชการจังหวัดกรุงเทพฯนี่แหละค่ะ
22-22866-353.wav	รองผบ.ตร.เนี่ยนำกำลังเข้าไปจับกุมนางสาวสรารัตน์หรือว่าแอม
22-22866-349.wav	ซึ่งเนี่ยค่ะแอมเป็นอดีตภรรยาของตำรวจระดับรองผู้กำกับในพื้นที่จังหวัดราชบุรี
22-22866-348.wav	โดยมีนางสรารัตน์รังสิวุฒาภรณ์หรือว่าแอม
22-22866-343.wav	ที่แม่น้ำแม่กลองที่อำเภอบ้านโป่งจังหวัดราชบุรีอะค่ะ
22-22866-340.wav	คนเนี้ยอายุ32ปีเป็นท้าวแชร์เป็นชาวจังหวัดกาญจนบุรีอะนะคะ
22-22866-339.wav	คือมันเป็นเรื่องราวของนางสาวศิริพรขันวงษ์หรือว่าคุณก้อย
22-22866-324.wav	เพราะฉะนั้นอันนี้ไม่เกี่ยวกับเขาอยู่แล้วไม่ได้เป็นผู้บังคับเอ่อไม่ได้เป็นผู้บังคับบัญชาของตำรวจสองนายนั้น
22-22866-323.wav	อ่าแต่บิ๊กโจ๊กบอกแล้วนะว่าตำรวจสองนายในคลิปอะไม่ใช่ลูกน้องเขา
22-22866-200.wav	ทนายตั้มมาคอมเมนต์เขียนกลับในคอมเมนต์บอกว่า
22-22865-8.wav	ทราบว่าผู้ตายคือนายกรศักดิ์มูลนีวันอายุสามสิบสองปีสภาพศพเนี่ยนะคะ
22-22865-6.wav	ไปดูต้นเรื่องก่อนว่าเรื่องราวนี้มันเกิดขึ้นมาจากอะไรตำรวจสภ.ปงจังหวัดพะเยาเขาได้รับแจ้งมาค่ะว่า
22-22865-47.wav	ค่ะทีนี้เรามีโอกาสได้คุยกับนางคำป้อมูลนีวันวัย60ปีแม่ของผู้ตายด้วย
22-22865-36.wav	นางรัชดาพรจันเทียนผู้ใหญ่บ้านหมู่3ตำบลนาปรัง
22-22865-23.wav	นายสุรศักดิ์เห็นพอดีก็เลยคว้าค้อนฟาดเข้าไปที่ท้ายทอย
22-22865-14.wav	และนายสุรศักดิ์ที่เป็นเจ้าของบ้านจุดเริ่มต้นลากไม่ได้ไปไหนนะคะ
22-22865-12.wav	มันเริ่มจากหน้าบ้านของนายสุรศักดิ์มณีชัยวัย63ปีค่ะ
22-22863-5.wav	ตรงกันข้ามกับตลาดทิพย์เกสรที่อำเภอบางพลีจังหวัดสมุทรปราการค่ะ
22-22863-28.wav	ถอยออกมาแหย่ออกมานิดเดียวโดนเลยนายนพนันท์ค่ะ
22-22863-0.wav	ช่วงสายวันนี้ที่จังหวัดสมุทรปราการค่ะมีอุบัติเหตุรถกระบะบรรทุกพระสงฆ์
22-22862-42.wav	ส่วนข้อหาลักรถจักรยานยนต์ตำรวจมั่นใจว่านายสิทธิชัยคือคนก่อเหตุขโมยรถมา
22-22862-36.wav	แต่ขณะควบคุมตัวนายสิทธิชัยไม่ยอมปริปากให้การใดๆ
22-22861-0.wav	กรุงเทพฯเนี่ยก็มีกิจกรรมหลายพื้นที่แล้วก็ยังมีบริการให้กับน้องๆที่จะเดินทางโดยขสมก.
22-22858-20.wav	ซึ่งห้วงนั้นนายอุเทนคนเป็นญาติเห็นว่าตนเองถูกทำร้าย
22-22858-17.wav	ศรายุทธ์เป็นสามีใหม่ของนางจอยส่วนตนเองเป็นสามีเก่า
22-22855-17.wav	ครั้งก่อนที่จังหวัดอุดรธานีในปี2010หลังเกมครับคุณอดิศักดิ์เบ็ญจศิริวรรณประธานพัฒนาฟุตซอลแห่งชาติก็พอใจฟอร์มนักเตะ
22-22853-7.wav	ล่าสุดเกิดขึ้นกับยายทุมมาเสนชัยอายุ80ปีค่ะอยู่ที่ตำบลส้มป่อยอำเภอจตุรัสจังหวัดชัยภูมิ
22-22851-48.wav	ทางนายไพบูลย์บอกว่าท่านไม่ได้เปล่งวาจาลาสิกขานะคะเป็นเหมือนกับว่าบังคับให้ลาสิกขาบังคับให้สึก
22-22851-44.wav	ส่วนทางด้านนายไพบูลย์นิติตะวันหัวหน้าพรรคประชาชนปฏิรูปแล้วก็เป็นอดีตประธานคณะกรรมการปฏิรูปแนวทางและมาตรการปกป้องพิทักษ์กิจการพระพุทธศาสนาสปช.
22-22851-3.wav	อดีตพระพุทธะอิสระพระวัดอ้อน้อยจังหวัดนครปฐม
22-22851-233.wav	ไปขออำนาจศาลอาญาคดีทุจริตประพฤติมิชอบภาค1จังหวัดสระบุรี
22-22851-232.wav	กับอีกคนนึงเนี่ยเป็นผู้ช่วยเจ้าอาวาสวัดกุฎีทองที่จังหวัดสิงห์บุรี
22-22849-617.wav	ต่อมาทางอัยการนะครับทำเอกสารประกอบสำนวนสั่งฟ้องต่อศาลจังหวัดกระบี่
22-22849-616.wav	หลังสอบปากคำนะครับเจ้าหน้าที่ก็ได้มีการนำตัวหนุ่มกะลาส่งอัยการที่จังหวัดกระบี่
22-22849-605.wav	คือหนุ่มกะลาหรือว่านายณพสินแสงสุวรรณก็ถูกตำรวจกว่า10นายเนี่ยเข้าจับกุมนะครับ
22-22849-38.wav	บอกว่าจริงๆแล้วเนี่ยนะผู้ขับรถยนต์คนดังกล่าวนี่คือนางน้ำฝนสุขอุ่น
22-22849-266.wav	เจ้าหน้าที่ไปถึงร้านพบกับนางสาวนางสิริรัตน์เสาวภาอายุ29ปี
22-22845-7.wav	เบื้องต้นเสียหายไม่ต่ำกว่าสองล้านบาททางด้านของนายบัญญัติเจ้าของปั๊มก็บอกว่า
22-22845-2.wav	ต้องใช้เวลาสักครึ่งชั่วโมงจนสามารถดับเพลิงได้ครับนายนายธีร์ดนัยเตี่ยเอี่ยมดีนะฮะ
22-22843-4.wav	คุณน็อตชี้แจงทุกอย่างเลยนะคะนายพันธ์ธวัชนาควิสุทธิ์ค่ะ
22-22844-0.wav	คุณผู้ชมคะมาดูเรื่องของการติดเชื้อไวรัสโคโรนาสายพันธุ์ใหม่นะคะที่เริ่มจากเมืองอู่ฮั่นของจีนแล้วก็มีการเข้ามาในประเทศไทยเพราะว่ามีนักท่องเที่ยวเดินทางเข้ามามีคนไทยด้วยที่ติดเชื้อนี้นะคะ
22-22841-30.wav	ต่อให้ต้องเดินทางใกล้ไกลหรือต้องติดอยู่บนท้องถนนนานแค่ไหนก็สบาย
22-22841-28.wav	จากบ้านย่านบางนาเดินทางไปหัวหินอาจจะติดขัดที่การจราจรคับคั่งและมีบางจุดที่กำลังมีการซ่อมบำรุงอยู่ด้วย
22-22840-4.wav	บอกถูกเรียกค่าไถ่อีกเหตุการณ์เกิดขึ้นที่อำเภอเพ็ญจังหวัดอุดรธานี
22-22840-2.wav	เข้าไฟแนนซ์เพราะกลัวกลัวว่าเดี๋ยวเนี่ยนายคนเนี้ยลูกของแม่ท่านเนี้ย
22-22838-26.wav	แล้วก็เดี๋ยวรอให้อาการของนายนิโรจน์ดีขึ้นถึงจะเรียกตัวมาสอบปากคำอีกครั้งนึง
22-22838-12.wav	ถึงช่วยออกมาได้อะนะคะสอบถามเพื่อนผู้บาดเจ็บก็คือนายรัฐพลศรีสุวรรณอายุยี่สิบสองปี
22-22838-11.wav	แล้วก็นำร่างของนายนิโรจน์ไปส่งโรงพยาบาลต้องใช้เวลากว่า20นาที
22-22837-95.wav	นะคะนายพายุก็ไม่ได้ตอบคำถามอะไรได้แต่ส่ายหัว
22-22837-64.wav	นายวีรศักดิ์ที่ให้ข้อมูลกับเราบอกว่า
22-22837-57.wav	ก่อนที่นายพายุซึ่งเป็นคนงานในอู่
22-22837-54.wav	นายอิทธิพงษ์เนี่ยอยู่ดีๆหยิบปืนที่อยู่ในกระเป๋าคาดอกออกมา
22-22837-51.wav	ทุกคนในอู่ซ่อมรถยังแซวนายอิทธิพงษ์อยู่เลยบอกโอ้โหตอนนี้เลิกเหล้าได้แล้วเหรอ
22-22837-38.wav	แล้วก็มีคนงานในอู่อีก2คนคือนายศรสิทธิ์โสภณรวิชญ์อายุ22นะคะ
22-22837-33.wav	มีตามนี้เลยนายอิทธิพงษ์โป่งสันเทียะอายุ30
22-22837-26.wav	และนายศรสิทธิ์โสภณรวิชญ์อายุ22เป็นลูกจ้างที่อู่นะคะ
22-22837-21.wav	ส่วนอีกศพคือนายอิทธิพงษ์โป่งสันเทียะอายุสามสิบหก
24-24720-13.wav	นางสาวพลอยไพลินคุณานุกรกุลอายุ32ปี
24-24720-164.wav	ซึ่งผู้ต้องหาก็คือหญิงสาวที่ชื่อนางสาวพลอยไพลินนะฮะ
24-24720-201.wav	เราก็ไปที่บ้านของนางสาวพลอยไพลินนะครับ
24-24720-208.wav	เพื่อนบ้านแถวนี้บอกว่าบ้านหลังเนี้ยบ้านของนางสาวพลอยไพลินเนี่ย
24-24720-209.wav	นางสาวพลอยไพลินผู้ต้องหาเขาอยู่กับแม่แล้วก็น้องสาวอยู่กัน3คนนะครับ
24-24720-210.wav	ก่อนหน้านี้พ่อของนางสาวพลอยไพลินเคยป่วยนะครับแล้วได้ยื่นศาลศาลมีคำสั่งเป็นบุคคลไร้ความสามารถเมื่อปี62
24-24720-23.wav	ผู้กำกับการสน.ประเวศบอกว่านางสาวพลอยไพลินให้ลักษณะภาคเศษนะครับคือยอมรับว่าก่อเหตุจริงนะฮะที่ใช้มีดปาดคอเขา
24-24720-251.wav	ลักษณะของนางสาวพลอยไพลินผู้ต้องหาเนี่ยนะคะสูงประมาณ170เซนติเมตร
24-24720-269.wav	เธอก็เลยบอกว่าถ้านางสาวพลอยไพลินบอบบางขนาดนี้เนี่ยนะโอ้โหจะฆ่าสามีเธอได้
24-24720-27.wav	ทำไมผู้ตายถึงขับรถมาหาอะไรแบบเนี้ยนางสาวพลอยไพลินก็ยังยืนยันว่าทำคนเดียวนะ
24-24720-288.wav	แม่ก็บอกเหมือนกันแม่ไม่เชื่อว่านางสาวพลอยไพลินจะก่อเหตุคนเดียว
24-24720-39.wav	เนื่องจากนางสาวพลอยไพลินถ้าดูจากรูปร่างลักษณะแล้วเนี่ย
24-24720-4.wav	ชื่อนางสาวพลอยไพลินคุมตัวตั้งแต่เมื่อคืนที่ผ่านมา
24-24720-54.wav	มีข้อมูลจากนางสาวพลอยไพลินไพลินครับบอกว่าหลังก่อเหตุได้โทรศัพท์ไปหานายโอ๊ต
24-24720-65.wav	แต่คนก่อเหตุจะเป็นกลุ่มคนเดียวกับนางสาวพลอยไพลินหรือไม่
22-22837-166.wav	จนบาดเจ็บกับเสียชีวิตก่อนจนกระทั่งมีคนหนึ่งเขาต้องยิงใส่นายอิทธิพงษ์ค่ะ
22-22837-127.wav	ยืนยันว่าญาติๆไม่เคยกีดกันการขอคืนดีของนายอิทธิพงษ์
22-22837-105.wav	เธอบอกว่าที่ผ่านมาคบหากับนายอิทธิพงษ์มานานกว่า9ปี
22-22837-104.wav	ซึ่งเป็นอดีตภรรยาของนายอิทธิพงษ์นะฮะเป็นน้องของนายวิรัตน์นะครับ
22-22837-103.wav	ได้คุยกับนางสาวสำราญสืบดาอายุ43ปี
22-22834-150.wav	เอาเป็นว่าเดี๋ยวไปถามนะคะเพราะว่าตอนนี้นางเป็นพิธีกร
22-22834-147.wav	ดูดูนางแคปชั่นนางบอกว่ากรี๊ดดีใจอ่ะ
22-22833-70.wav	แม่เลี้ยงบอกแบบนี้ค่ะนางอุ้มนี่นะบอกบอกว่าวันเกิดเหตุเนี่ย
22-22833-50.wav	ก็คือนางสาวอุ้มเนี่ยนะไปสอบปากคำ
22-22833-41.wav	ซึ่งฝั่งพ่อก็ไปมีภรรยาใหม่คือนางนันทิยาแต่งประวัติหรือว่าอุ้มอายุ30ปี
22-22833-31.wav	คือนายณรงค์พลวิชิตอายุ37ปี
22-22833-150.wav	ตอนเนี้ยนางอุ้มเนี่ยจากสายข่าวคือเขาบอกว่าหนีไปอยู่ที่บ้านญาติ
22-22833-133.wav	ก็ได้ข้อมูลมานะว่าตัวนายวิชิตกับนางอุ้มแม่เลี้ยงเนี่ย
22-22832-9.wav	จนแม่เนี่ยหนีมาอยู่กับลูกสาวคนโตที่ตำบลนาเคียนอำเภอเมืองจังหวัดนครศรีธรรมราช
22-22832-13.wav	คุณผู้ชมครับคลิปเหล่านี้ถูกนำมาเป็นหลักฐานเพื่อนะครับร้องทุกข์กับนักข่าวขอความช่วยเหลือนางกิ่มคุณแม่ท่านนี้แหละอายุ87นี่แหละ
22-22830-15.wav	จนติดต่อรับบรรทุกทรายมาจากท่าทรายเมรัยอำเภอพระแสงจังหวัดสุราษฎร์ธานี
22-22826-2.wav	เป็นรอบตัดสินที่เวทีสระบัวแหลมสมิหลาอำเภอเมืองจังหวัดสงขลา
22-22826-1.wav	แต่เป็นสิ่งที่เกิดขึ้นจริงเมื่อคืนนี้นะคะเป็นเวทีประกวดนางสาวสมิหลาสองพันยี่สิบ
22-22822-169.wav	เจ๊บ้าบิ่นนางรัตนาพรสุภาทิพย์
22-22820-783.wav	ได้เดินทางไปศาลากลางจังหวัดแล้วก็ได้เข้าพบผู้ว่าราชการจังหวัดสุพรรณบุรี
22-22820-782.wav	ตุลาคมกับผมนายยืนยงโอภากุลแล้วก็วงเล็บแอดคาราบาว
22-22820-764.wav	ให้ยื่นคำขอที่สำนักงานเขตส่วนจังหวัดอื่นๆให้ยื่นคำขอในท้องที่
22-22820-744.wav	ก็คือเอาง่ายๆคือรองโฆษกประจำสำนักนายกรัฐมนตรีค่ะนางสาวรัชดาธนาดิเรก
22-22820-47.wav	ท่านก็บอกบอกว่าทางจังหวัดเนี่ยมีการมอบให้
22-22820-46.wav	รองผู้ราชการจังหวัดสมุทรสงครามรักษาราชการแทนนะ
22-22820-45.wav	ทางด้านนายศิริศักดิ์ศิริมังคะลา
22-22820-36.wav	ก็เดินทางมาที่มูลนิธิคุ้มครองเด็กอำเภออัมพวานี่นะคะ
22-22820-35.wav	ล่าสุดครูยุ่นหรือว่านายมนตรีสินทวิชัยอดีตสว.สมุทรสงคราม
22-22820-27.wav	นางลักษณาอิศรางกูรณอยุธยาค่ะ
22-22820-252.wav	ท่านนี้ค่ะคือนางไสวภักดีล้นอายุ43ปี
22-22820-244.wav	ตำบลบ้านผึ้งอำเภอเมืองจังหวัดนครพนมค่ะ
22-22820-236.wav	เอาไปดูเรื่องราวที่จังหวัดนครพนม
22-22820-211.wav	ผู้ว่าราชการจังหวัดอยู่แล้วโดยแนวโน้มนักท่องเที่ยวที่จะเข้ามาไทยนะฮะ
22-22818-6.wav	ที่ติดเชื้อโควิด19และไม่ได้อยู่ในจังหวัดสมุทรสาคร
22-22818-3.wav	ทั้งที่เดินทางผ่านสมุทรสาครหรืออยู่ในจังหวัดที่มีผู้ติดเชื้อ
22-22818-37.wav	จนนำมาคำถามที่ถามท่านนายกฯว่าเอ๊ะ
22-22818-22.wav	หรือว่าอยู่ในจังหวัดที่มีเอ่อการพบผู้ติดเชื้อเนี่ย
22-22817-24.wav	ตำรวจเนี่ยไปเจอนายวิฑูรย์หรือนายเต้ยเป็นผู้ต้องสงสัยอยู่ริมถนนพิรุธ
22-22816-18.wav	นางสาวเอเล่าให้ฟังว่าเนี่ยเธอพักอาศัยอยู่ที่ชุมชนท่าพระ
22-22816-11.wav	เนี่นครับนางสาวเอนะร้องเรียนเพจดัง
22-22813-20.wav	ศูนย์อำนวยการความปลอดภัยทางถนนได้สั่งการให้จังหวัดทุกจังหวัดนะฮะดำเนินการป้องกัน
22-22813-19.wav	และกรุงเทพมหานครก็ยังคงเป็นจังหวัดที่มีผู้เสียชีวิตสูงสุดอยู่ที่10รายด้วยกัน
22-22812-5.wav	ตกลงเป็นยังไงกันบ้างเสี่ยแป้งนาโหนดนายเชาวลิตทองด้วงนักโทษชายวัย37ปี
22-22812-21.wav	บางจุดก็ไปเจอน้ำป่าอีกนะครับวันนี้มีชุดพลร่มค่ายนเรศวรจังหวัดเพชรบุรี
22-22812-18.wav	แม้ตอนจุดประทะเนี่ยจะอยู่บนเทือกเขาบรรทัดกินพื้นที่มาทางอำเภอปะเหลียนจังหวัดตรัง
22-22812-13.wav	ควบคู่กับการจัดกำลังผสมผสานจากโรงพักต่างๆในพื้นที่จังหวัดพัทลุง
22-22812-11.wav	ที่มีความชำนาญเส้นทางป่าเขากว่า100นายนะครับตรึงกำลังอยู่บนเทือกเขาบรรทัด
22-22810-3.wav	แต่ว่ารอบนี้คุณยายที่จังหวัดเพชรบูรณ์
22-22808-84.wav	พร้อมๆกับศพของนางสาวพัชราพร
22-22808-68.wav	แม่ของนางสาวพัชราพรอยู่ที่นนทบุรี
22-22808-437.wav	เปิดให้นายตะวันหลานชายมาอาบน้ำพออาบเสร็จรีบแต่งตัวแบบโอ้โหทุกอย่างปุ๊บปั๊บปุ๊บปั๊บเร็วมาก
22-22808-413.wav	ทัดได้โทรศัพท์มาบอกกับแม่ของนายตะวัน
22-22808-409.wav	น้องสาวของนายตะวันบอกว่ามันอาจจะเป็นเรื่องนี้รึเปล่า
22-22808-406.wav	โดยเฉพาะแม่ของนายตะวันเนี่ยผิดหวังในตัวลูกชายเป็นอย่างมากค่ะ
22-22808-357.wav	ที่อำเภอทุ่งสงจังหวัดนครศรีธรรมราชให้เข้ากรุงเทพฯ
22-22808-311.wav	วันพรุ่งนี้นะคะยี่สิบสิงหาคมแต่ศพของนางสาวพัชราพรเนี่ย
22-22808-213.wav	อันนี้เรื่องอีกมุมนึงนะอะเดี๋ยวลองฟังเสียงนายตะวันค่ะ
22-22808-189.wav	ใช้ทำร้ายร่างกายภรรยาจนเสียชีวิตแต่วันเนี้ยนายตะวันบอกว่าไม่ใช่
22-22808-15.wav	ผู้ที่เสียชีวิตก็คือนางสาวพัชราพรสุวรรณกาศชื่อเล่นชื่อพัชนะครับ
22-22808-150.wav	คือที่ญาติของผู้ตายตัดสินใจฌาปนกิจเนี่ยก็เนื่องจากไม่อยากนำศพเดินทางกลับจังหวัดนนทบุรี
22-22807-92.wav	เออเขาบอกว่านายตำรวจนายเนี้ยมาคุณ
22-22807-1.wav	เพราะว่ามีหนุ่มวิศวะเนี่ยอ้างว่าถูกนายตำรวจยศพลตำรวจตรี
22-22805-30.wav	กับวัยรุ่นจากอำเภอพุทไธสงจังหวัดบุรีรัมย์
22-22803-23.wav	มุ่งหน้าไปตำบลพระพุทธบาทจังหวัดสระบุรีเฉี่ยวชนนิดหน่อย
22-22800-5.wav	นายวิชัยศรีวัฒนประภาประธานสโมสรผู้ล่วงลับจากอุบัติเหตุเฮลิคอปเตอร์ตก
22-22800-2.wav	ล่าสุดสโมสรเลสเตอร์ก็จะเดินทางมาในครั้งนี้ด้วยครับ
22-22800-11.wav	ก่อนจะเดินทางกลับเลสเตอร์ในช่วงเช้าวันเสาร์ที่23มีนาคม
22-22800-10.wav	ก็เดินทางมายังกรุงเทพฯเพื่อมาร่วมพิธีในวันพรุ่งนี้อะนะครับ
22-22798-6.wav	ยื่นฟ้องนายพิจิตตรัตตกุลอดีตผู้ว่าราชการกรุงเทพมหานคร
22-22798-33.wav	และตีราคาประกันนายชวนเป็นหลักทรัพย์1ล้านบาทนะครับ
22-22798-32.wav	โดยศาลตีราคาประกันนายพิจิตตและนายสมคาดเป็นหลักทรัพย์มูลค่า8แสนบาท
22-22798-30.wav	เช่นเดียวกับนายชวนพัฒนวรานนท์อดีตผู้อำนวยการเขตบางซื่อจำเลยที่8ลดโทษเป็นจำคุก7ปี
22-22798-28.wav	ส่วนนายสมคาดสืบตระกูลอดีตเลขานุการผู้ว่าฯกทม.จำเลยที่4ลดโทษเป็นจำคุก5ปี
22-22797-51.wav	เมื่อเมื่อวานตอนประมาณ10โมงเช้าเอาก็รีบเดินทางไปที่โรงพยาบาลภูมิพล
22-22794-9.wav	แล้วก็ได้พบกับผู้ว่าราชการจังหวัดเชียงราย
22-22794-55.wav	นางนานางนาสอจอเยอะอายุ79ปีคนนี้เป็นแม่ของผู้เสียชีวิตนะคะและนายวิชัยแซ่หยางเป็นตัวแทนของชาวบ้านเขาไปยื่นหนังสือขอให้ผู้ว่าราชการจังหวัดเชียงรายเนี่ยดูแลคดีนี้ให้หน่อย
22-22794-53.wav	อันนี้ก็เป็นในมุมของผู้ต้องหานะคะทีนี้ทางด้านของผู้ว่าราชการจังหวัดเชียงรายค่ะนายณรงค์ศักดิ์โอสถธนากรก็ยกมือขอโทษญาติของผู้เสียชีวิตนะคะ
22-22794-54.wav	ญาติของนายศรชัยสถิตย์รักษ์ดำรงเพราะว่าญาติก็เดินทางไปร้องขอความเป็นธรรม
22-22794-3.wav	ผู้เสียชีวิตคือนายศรชัยสถิตย์รักษ์ดำรง
22-22794-2.wav	ที่อำเภอแม่สรวยจังหวัดเชียงราย
22-22794-18.wav	ซึ่งตกเป็นผู้ต้องหาในคดียิงนายศรชัย
22-22794-17.wav	หมู่14ตำบลท่าก๊ออำเภอแม่สรวยจังหวัดเชียงราย
22-22794-15.wav	โดยนายนายสุทธินันท์พ่วงภิญโญทนายความของนายวุฒิชัยอินใจ
22-22793-76.wav	เหมือนกรณีที่ส่งนางสาวทานตะวัน
22-22793-74.wav	อะอันนี้อันนี้อันนี้อันนี้เขาบอกว่าเป็นสิทธิ์ของนายศรีสุวรรณจรรยานะ
22-22793-72.wav	ว่าเอ้อำนวยความสะดวกให้นายทักษิณพิเศษ
22-22793-69.wav	ส่วนนักร้องคนนี้ค่ะครับนายศรีสุวรรณจรรยาอือ
22-22793-13.wav	นายสิทธิสุธีวงศ์รองอธิบดีกรมราชทัณฑ์นะครับ
22-22791-95.wav	นายสมชายผู้ตายเนี่ยจะไปที่บ้านทันทีเลย
22-22791-76.wav	ทำให้นายสมชายเนี่ยไม่ค่อยจะกลับเข้าบ้านเท่าไหร่นัก
22-22791-75.wav	จนชาวบ้านเริ่มพูดให้นายสมชายหรือผู้ตายฟัง
22-22791-25.wav	นายสมชายเนี่ยเป็นพนักงานการไฟฟ้าส่วนภูมิภาคหลังสวน
22-22791-15.wav	ซึ่งนางสาวประไพพรวัย18ปี
22-22785-7.wav	ข้างๆห้างที่พัทยาใต้อำเภอบางละมุงจังหวัดชลบุรี
22-22782-108.wav	นายวันมูหะมัดนอร์มะทาหัวหน้าพรรคประชาชาตินะคะ
22-22778-11.wav	พร้อมด้วยนายธนพงศ์นิ่มแก้วหรือว่าแซมมี่ศรีวิแหวงตลกชื่อดัง
22-22777-89.wav	เขาให้การว่าตอนออกจากบ้านเนี่ยนางรัศมียังไม่ตาย
22-22777-74.wav	ครั้งแรกเนี่ยใช้สายไฟรัดคอแต่นางรัศมีดิ้นแล้วก็เอาสายไฟออก
22-22777-70.wav	ปาใส่หน้านายสมคิดแล้วก็พูดกับนายสมคิดบอก
22-22777-6.wav	ก็นำตัวนายสมคิดเนี่ยมาสอบปากคำอีกครั้ง
22-22777-62.wav	นอกจากนี้นายสมคิดยังให้การบอกว่าก่อนลงมือก่อเหตุ
22-22777-59.wav	เพิ่งจะรู้ว่านางรัศมีตายตอนที่ตัวเขาเองเนี่ยหนีออกมาถึงร้อยเอ็ดแล้ว
22-22777-58.wav	นายสมคิดบอกนางรัศมีเนี่ยยังไม่ตายคุณ
22-22777-50.wav	โดยชะในชั้นสอบสวนเนี่ยพนักงานสอบสวนแจ้งข้อหานายสมคิดใน3ข้อหาหนัก
22-22777-45.wav	เพราะมีประชาชนที่เขาโกรธแค้นเนี่ยจะมุ่งทำร้ายนายสมคิดนะครับ
22-22776-35.wav	ด้านนายกัมพลซึ่งก็ได้บอกนะคะว่า
22-22776-10.wav	นางสาววัชรีวราห์กิจเจริญอายุ27ปีเป็นมัคคุเทศก์สาวค่ะ
22-22775-54.wav	ส่วนตอนนี้นางสาวรวิดาก็ไปพักอยู่ที่ที่ใดที่หนึ่ง
22-22775-53.wav	ว่านายประสานเนี่ยทำร้ายร่างกายผู้อื่นจนได้รับบาดเจ็บ
22-22775-51.wav	แล้ววันที่เกิดเหตุเนี่ยนายประสานโทรศัพท์นัดมาเคลียร์กัน
22-22775-36.wav	ก็คือนางสาวรวิดาหรือว่าแต๋มโดยฝ่ายชายที่ถูกตำรวจจับกุมตัวเนี่ย
22-22775-20.wav	ตำบลดอนหัวฬ่ออำเภอเมืองจังหวัดชลบุรี
22-22774-33.wav	แต่ตรวจสอบข้อมูลเนี่ยก็พบว่านายวราวุธคนนี้เนี่ยเป็นคนที่เคยอาศัยอยู่ในบ้านกับพี่ชายและเจ๊ยุซึ่งเป็นพี่สะใภ้มานานแล้ว
22-22774-31.wav	ชุดสืบสวนลงพื้นที่ตรวจค้นบ้านของนายวราวุธนะคะอยู่ที่บ้านเลขที่82หมู่6บ้านโจดน้อยตำบลชนบท
22-22774-27.wav	ขอศาลจังหวัดขอนแก่นออกหมายจับนายวราวุธในข้อหาร่วมกันพยายามฆ่าผู้อื่นค่ะ
22-22774-24.wav	คนนี้แหละค่ะคือนายวราวุธล่าสุดพันตำรวจตรีเจษฎาแปงการิยา
22-22774-22.wav	ซึ่งนายวราวุธก็ให้การปฏิเสธค่ะว่าไม่ได้มีส่วนรู้เห็นใดๆทั้งสิ้น
22-22774-20.wav	น้องชายแท้ๆของนายวรวิทย์บุราญรัตน์สามีของเจ๊ยุเองนะคะ
22-22774-12.wav	เจ้าของเขียงเนื้อแห่งหนึ่งในอำเภอบ้านไผ่จังหวัดขอนแก่น
22-22773-9.wav	ที่ตำบลสุรศักดิ์อำเภอศรีราชาจังหวัดชลบุรี
22-22772-41.wav	โดยผู้บาดเจ็บเนี่ยก็คือนายประพันธ์ศักดิ์กุลประสิทธิ์
22-22767-57.wav	ทีนี้ช่วงสายนะคะชุดสืบสวนสภ.อ่าวนาง
22-22767-46.wav	นายประพันธ์ท่าดีวัย45ปีอะขี่มอเตอร์ไซค์ขึ้นมาที่ขนำ
22-22766-0.wav	คุณผู้ชมคะพาไปดูเรื่องวุ่นๆของวัยรุ่นที่ไปเที่ยวสถานบันเทิงยามค่ำคืนที่จังหวัดขอนแก่น
22-22764-85.wav	คือนายเอ็ดเนี่ยโดนข้อหาเจตนาฆ่า
22-22764-280.wav	นายเอ็ดตำรวจจับตัวผู้ต้องหาได้นะครับ
22-22764-236.wav	นายเอ็ดนี่ก็รู้ว่าจะไปไม่รอดค่ะ
22-22764-206.wav	ก็ท้ายสุดน่ะนายเอ็ดมันก็ไป
22-22762-33.wav	คืนให้แล้วสาขาลำปางนะคะชื่อบัญชีนายอุดมศักดิ์ไวสติค่ะ
22-22761-6.wav	ซึ่งนายจรูญธุลีอายุ64ปีเจ้าของบ้านช่วยกันกับภรรยานะคะ
22-22761-62.wav	จังหวัดนครราชสีมาที่นี่ก็มีกลุ่มร่างทรงเจ้าแม่ตะเคียน
22-22761-404.wav	เอ้าอย่างที่อายุจังหวัดพะเยาเนี่ยก็ครบรอบ42ปี
22-22761-394.wav	ที่จังหวัดพะเยาที่คุณสุภัสสราบอก
22-22761-388.wav	ก็คือคุณครูที่เพิ่งเสียชีวิตจากการถูกฆาตกรรมไปที่จังหวัดระยองเนี่ยนะ
22-22761-356.wav	พอได้ปุ๊บเดินทางกลับบ้านไปบนบานศาลกล่าว
22-22761-347.wav	เป็นชาวอำเภอท่ามะกามาจากจังหวัดกาญจนบุรีเลยนะ
22-22761-341.wav	ในอำเภอนครชัยศรีจังหวัดนครปฐม
22-22761-316.wav	อ้าที่วัดไผ่แขกเนี่ยนะคะที่อำเภอเมืองจังหวัดสุพรรณบุรีชาวบ้าน
22-22761-160.wav	ซึ่งบอกว่าเอ้าไปตัดกิ่งเจ้าแม่ตะเคียน7นางมาเนี่ย
22-22760-47.wav	ตอนนั้นนายอภิชาติเนี่ยโทรมาหาเธอบอกว่า
22-22758-118.wav	คือทางครอบครัวคุณแม่พี่สาวหรือแม้กระทั่งคุณโกโกหน่ายเองเนี่ย
22-22757-23.wav	นายโสภณพิทักษ์สาลีเป็นขนส่งจังหวัดลำปาง
22-22756-67.wav	จะปกป้องนายปกป้องนายคือกำนันนกตรงนี้
22-22754-29.wav	ล่าสุดวันนี้ผู้สื่อข่าวของเราเดินทางไปที่วัดเขาชะอางค์ไปพบกับนายดำรงศักดิ์เฉลิมสุขนะครับ
22-22753-4.wav	ซึ่งผู้ตายคนนี้เนี่ยนะคะก็คือนายดำทับเสลาอายุ60ปีค่ะ
22-22751-28.wav	แต่ปรากฏว่าพอมาถึงต้องผงะเพราะว่านางสาวดวงใจถูกกลายเป็นศพ
22-22751-12.wav	คือนางสาวดวงใจเจริญรักษ์ตระกูลอายุ22ปีนะครับเป็นชาวไทยภูเขาเผ่าม้ง
22-22748-2.wav	ใครที่เคยไปอุทยานแห่งชาติเขาหลักลำรู่ในพื้นที่ตำบลคึกคักอำเภอตะกั่วป่าจังหวัดพังงา
22-22745-5.wav	บรรยากาศภายในวัดเนี่ยเต็มไปด้วยประชาชนสายมูที่เขาเดินทางมาแก้บน
22-22745-20.wav	เนื่องจากว่าก่อนหน้าเนี้ยเขาเนี่ยไปเดอเดินทางไปบนบานศาลกล่าวเรียกได้ว่า
22-22745-16.wav	ให้นางรำมารำถวายแก้บนนี้คุณพี่บอกว่าได้มาบนบานศาลกล่าวกับท้าวเวสสุวรรณว่า
22-22745-13.wav	มาพร้อมกับพานบายศรีชุดใหญ่และนางรำกว่า10คนน่ะคุณ
22-22745-12.wav	นะคะคุณเกดมณีพวงภู่ชาวบ้านพนัสนิคมจังหวัดชลบุรี
22-22745-10.wav	ที่จะขอเพิ่มเติมนะคะประชาชนที่เขาศรัทธาเนี่ยเขาเดินทางมาที่นี่นะคะ
22-22743-41.wav	แล้วก็ทางด้านของนายประจินต์ธารศิริสิน
22-22743-134.wav	แล้วก็นางสาวพรพิไลเสือเล็กนะคะเป็นลูกค้าที่มารับประทานอาหาร
22-22743-110.wav	ก็คือมีนางสุรีย์อุราชื่นกับนางพรพิไลเสือเล็ก
22-22742-64.wav	สถานที่เดียวกับที่นายธรรมนัสอ้าง
22-22742-66.wav	อาจจะเป็นเพื่อนร่วมชั้นของนายธรรมนัสด้วยรึเปล่า
22-22740-43.wav	หนึ่งในพรรคเล็กของฝ่ายรัฐบาลนะครับนายมงคลกิตต์สุขสินธารานนท์
22-22736-28.wav	ไปแจ้งตำรวจสภ.ประโคนชัยในจังหวัดบุรีรัมย์ให้ทราบเรื่องเอาไว้แล้วเพื่อความบริสุทธิ์ใจลองฟังคุณแม่ครับ
22-22735-73.wav	ขณะที่ทีมข่าวของเราฮะก็เดินทางไปที่บ้านของเด็กชายปอสา
22-22735-26.wav	ผู้สื่อข่าวไทยรัฐทีวีเนี่ยเดินทางไปที่บ้านของยายของเด็กหญิงป.1นะครับ
22-22733-96.wav	นางสุรางค์คนขับรถเบนซ์ได้มาเจรจาไกล่เกลี่ยเบื้องต้นไปแล้ว
22-22733-95.wav	ทางนางสาวธิดาสุราชาอายุ30ปีภรรยาของนายวุฒิชัยบอกว่า
22-22733-92.wav	วัดเมืองนาทอำเภอขามสะแกแสงจังหวัดนครราชสีมานะครับ
22-22733-91.wav	ในปีหน้าอยู่แล้วศพของนายคริสตั้งบำเพ็ญกุศลอยู่ที่
22-22733-89.wav	ก็คือนายคริสนะครับซึ่งกำลังจะแต่งงานกับแฟนสาว
22-22733-58.wav	จะต้องเรียกมาสอบปากคำอย่างละเอียดเพิ่มเติมว่านางสุรางค์สุภรสุขอายุ72ปีเนี่ย
22-22733-103.wav	ทางครอบครัวของนางสุรางค์จะช่วยหางานและสนับสนุนให้ทุกอย่าง
22-22731-37.wav	อุดหนุนกันได้นะคะก็เป็นแบบชาวบ้านที่จังหวัดสิงห์บุรีเลย
22-22730-8.wav	ไปตั้งบำเพ็ญกุศลที่วัดนางผู้ตายชื่อว่านางรินอายุ32ปีครับ
22-22730-42.wav	แบบนี้เองค่ะนะฮะตอนนี้เนี่ยตำรวจสันนิษฐานว่านายสุพจน์เนี่ย
22-22730-40.wav	ขณะที่ลูกสาวของนายสุพจน์ซึ่งเป็นลูกสาวคนโตฝากบอกพ่อพ่อมอบตัวเถอะ
22-22730-17.wav	จากการสอบสวนเนี่ยนายสุพจน์เนี่ยนะฮะกับนางนารินเนี่ยนะฮะ
22-22730-13.wav	ไปพบศพนางอ่านารินเนี่ยนะฮะถูกยิงด้วยปืนลูกซองนะฮะ
22-22729-87.wav	ใครกันบ้างอัยการบอยหรือว่านายจรวดเนี่ยเป็นใคร
22-22729-181.wav	หลังจากมีจดหมายฉบับหนึ่งไปที่สำนักงานอัยการจังหวัดสงขลาเมื่อ3ถึง4สัปดาห์ที่แล้วครับ
22-22729-179.wav	นายประยุทธเพชรคุณครับโฆศกสำนักงานอัยการสูงสุด
22-22729-123.wav	อัยการบอยก็เป็นอัยการที่อยู่จังหวัดพัทลุงนานหลายปี
22-22729-107.wav	ว่านายจรวดเนี่ยถูกอุ้มตัวไป
22-22729-106.wav	ผมเนี่ยได้รับการประสานจากพ่อของนายสิทธิเดชหรือว่านายจรวด
22-22728-31.wav	ในพื้นที่บริเวณหาดเอ่อหาดปากเมงนะครับอำเภอสิเกาจังหวัดตรัง
22-22727-6.wav	วันท่องเที่ยวโลก2559ระหว่างวันที่26ถึง29กันยายนนี้
22-22727-3.wav	นางกอบกาญจน์วัฒนวรางกูรรัฐมนตรีว่าการกระทรวงท่องเที่ยวและกีฬา
22-22727-14.wav	ฉลองวันท่องเที่ยวโลกในประเทศไทยทั้งกรุงเทพฯและและขอนแก่น
22-22726-43.wav	และถูกอำพรางนั้นทั้งหมดเริ่มจากการที่นายวินัย
22-22726-22.wav	โดยตอนนั้นนายวินัยมีท่าทีพิรุธ
22-22726-19.wav	ก็ไปพบกับนายวินัยหรือเหว่าแท่งทอง
22-22722-15.wav	สุดท้ายก็พ่ายแพ้ไปนะคะนางสายสุนีย์หนีขึ้นมอเตอร์ไซค์ได้เงินไป3
22-22722-12.wav	ผู้ต้องหาหรือนางสายสุนีย์ไปชิงทรัพย์นางเสวียนที่บ้าน
22-22722-10.wav	หลังจากที่นางสายสุนีย์เนี่ยมีการถูกทำแผนคำประกอบคำรับสารภาพแล้วใช่ไหมคะ
22-22722-0.wav	กรอบคำรับสารภาพเพราะว่านางสายสุนีย์คนนี้เนี่ยไป
22-22714-9.wav	ได้เจอกับประธานชมรมผู้ค้าแผงลอยถนนข้าวศาลนะครับนางสาวยาดาพรเพชรรัมภา
22-22712-37.wav	หรือว่านายจตุภัทร์บุญภัทรรักษา
22-22710-10.wav	อำเภอเวียงแก่นจังหวัดเชียงรายค่ะที่นี่เขาบอกว่าตั้งอยู่สูงกว่าระดับน้ำทะเลถึงหนึ่งพันห้าร้อยเมตร
22-22708-8.wav	หรือว่านางสรารัตน์รังสิวุฒาภรณ์เป็นผู้ต้องหาวางยาฆ่าเจ้าหนี้15คดี
22-22708-7.wav	พร้อมกับคณะทำงานเนี่ยร่วมกันแถลงปิดคดีของแอมไซยาไนด์
22-22708-67.wav	ดำเนินคดีกับบุคคลใกล้ชิดแอมไซยาไนด์อีก2คนด้วย
22-22708-57.wav	ทั้งพยานใกล้ชิดผู้เสียชีวิตและใกล้ชิดกับแอมไซยาไนด์เอง
22-22708-4.wav	ถามคือณตอนนี้คนที่ตายทั้งหมดมาจากไซยาไนด์หมดเลยจริงไหม
22-22708-10.wav	แอมไซยาไนด์ก่อเหตุในทั้งหมด8จังหวัด
22-22707-393.wav	ส่วนทางด้านเอ่อนางสมวงศ์นะฮะอายุ63ปีเป็นเมียของนายแรดเนี่ย
22-22707-237.wav	โดยล่าสุดนายเอ็มเนี่ยเดินทางไปเยี่ยมเมื่อปี55
22-22707-229.wav	ส่วนเอ่อทางนางสาวเอซึ่งเป็นนามสมมุตินะฮะ
22-22707-192.wav	แล้วก็คุณลุงเนี่ยนะฮะเขาได้มีการเดินทางมาเยี่ยม
22-22707-187.wav	อ่าแต่ที่แน่ๆนะครับแต่ว่าเขาก็เดินทางผิดพลาดไป
22-22706-33.wav	ทนายกฤษฎาโลหิตดีหรือทนายโนบิตะ
22-22706-24.wav	มันต่างกับที่ตอนนั้นเนี่ยนายสมเกียรติเสียชีวิต
22-22706-23.wav	ไอ้คดี7วัยรุ่นที่รุมทำร้ายนายสมเกียรติคนพิการเนี่ย
22-22705-8.wav	ภายในซอยอุบลตระการ12ตำบลในเมืองจังหวัดอุบลราชธานี
22-22705-13.wav	รับผิดรับโทษกันไปเลยยังมาก่อเหตุอีกซ้ำนะคะก็คือกรณีเนี้ยไปลักทรัพย์ไปงัดบ้านของนางเพ็ญศรี
22-22704-44.wav	ที่จังหวัดเรือเอ้ยที่จังหวัดเลย
22-22696-93.wav	เช่นกันก็คือนายน้อยพบสว่าง
22-22687-5.wav	เวลาจะเดินทางไปไหนไกลๆเนี่ยมันค่อนข้างจะลำบาก
22-22689-4.wav	อึดตะปือนางฟังแล้วไม่ค่อยคุ้นหูเลย
22-22000-1.wav	เกิดหน้าโรงเรียนที่จังหวัดนครราชสีมา
22-22000-44.wav	ธงชัยจังหวัดนครราชสีมา
22-22004-71.wav	อะนี่แหละครับนายภูมิธรรมเวชยชัยครับ
22-22010-0.wav	คุณผู้ชมไปเที่ยวกันหน่อยดีกว่าจังหวัดมหาสารคามเขาบอกว่าตอนนี้เนี่ยนะมีสถานที่หนึ่งที่ฮอตฮิตมากชื่อว่าบ้านสวนภูระวีฮิตมากในโลกโซเชียลนะคุณผู้ชมเพราะว่าบรรยากาศดีอาหารก็อร่อยค่ะ
22-22010-1.wav	ไปดื่มดำกับบรรยากาศกันก่อนนะคะคุณผู้ชมนี่ค่ะแค่เห็นก็รับรู้ถึงความสดชื่นแล้วคือเหมือนไปยืนอยู่กลางทุ่งนาจริงๆเลยมากันที่นี่แหละจ้ะที่บอกก็คือบ้านสวนภูระวีนะคะอยู่ที่หมู่เจ็ดบ้านหนองเสือตำบลหนองทุ่มอำเภอวาปีปทุมจังหวัดมหาสารคามที่นี่เป็นทั้งสวนแล้วก็เป็นทั้งแหล่งเรียนรู้ทางการเกษตรนะคะที่แสดงถึงวิ
22-22010-5.wav	ก็ยังมีพวกสารแอนตี้ออกซิแดนท์สูงนะคะเทียบเท่ากับผลไม้ตระกูลเบอร์รี่อ่ะค่ะคุณนี่แหละใครอยากจะไปลิ้มลองก๋วยเตี๋ยวอร่อยๆแถมกินแล้วได้สุขภาพดี๊ดีแบบนี้นะจ๊ะไปกันได้เลยค่ะที่บ้านสวนภูระวีนะคะอยู่ที่ตำบลหนองทุ่มอำเภอวาปีปทุมจังหวัดมหาสารคามจ้าอยากไปอยากไป
22-22023-31.wav	ไปสิ้นสุดที่แหลมแท่นโฮมบีชรีสอร์ทจังหวัดชุมพร
22-22031-30.wav	แถวๆจังหวัดที่เป็นสถานที่ท่องเที่ยว
22-22031-38.wav	ช่วงเช้าๆก็จะมีบางจังหวัดที่ฟ้าเปิดเหมือนกัน
22-22038-7.wav	ตำบลท่าช้างอำเภอเมืองจังหวัดจันทบุรีครับ
22-22062-4.wav	เช่นเดียวกับเด็กน้อยที่นั่งตัดผมอยู่ใกล้ๆอีกทั้งรูปร่างหน้าตาก็พอเดาได้ว่าเด็กคนนี้น่าจะถูกแปลงโฉมให้เหมือนกับนายคิมจองอึน
22-22071-60.wav	ส่วนทางด้านนางชัยศรีแสงสึกรองผู้อำนวยการ
22-22077-3.wav	ที่จังหวัดนครสวรรค์เนี่ยมีเณรน้อยในศูนย์ปฏิบัติธรรมหนองสาร
22-22089-2.wav	พรรคภูมิใจไทยเขต2จังหวัดพัทลุงจนเสียชีวิตนะคะ
22-22089-6.wav	ตำรวจสภ.โคกชะงายไปตรวจสอบพบนายสุนทรเรืองแก้วอายุ50ปี
22-22089-8.wav	ซึ่งเป็นผู้ช่วยของนายฉลองเทอดวีระพงศ์
22-22111-154.wav	เมื่อวานนี้ทั้งแฟนคลับก็ไปให้กำลังใจลุงพลด้วยรวมถึงบรรดาญาติๆของลุงพลที่เดินทางมาจากต่างจังหวัด
22-22111-160.wav	มีตติ้งเมื่อวานเป็นญาติด้วยคือฝั่งญาติเนี่ยเดินทางมาจากจังหวัดนครพนมนะคะ
22-22111-161.wav	ญาติพี่น้องฝั่งลุงพลเนี่ยมาได้สักประมาณสิบคนเดินทางมาให้กำลังใจลุงพลที่บ้านกกอกเลยนะคะ
22-22111-8.wav	เป็นหัวหน้ากลุ่มงานอ่านิติเวชนะครับโรงพยาบาลสรรพสิทธิประสงค์จังหวัดอุบลราชธานี
22-22113-0.wav	เหตุการณ์นี้คนเจ็บก็หนักเหมือนกันเป็นตายเท่ากันเหมือนกันที่หลังสวนจังหวัดชุมพรค่ะมีคนถูกแทงนะคะด้วยเหล็กขูดชาร์ปจนอาการสาหัสนะคะคือตำรวจเนี่ยจับคนก่อเหตุได้คนก่อเหตุเขาอ้างว่าคือเขาเป็นคนดูแลความเรียบร้อยของโรงงานมีคนงานต่างด้าวเข้ามาในโรงงานชวนกันมาทั้งๆที่ไม่ได้ทำงานอยู่ที่นี่ครับเขาก็
22-22113-3.wav	พาเพื่อนที่เป็นคนงานต่างด้าวเหมือนกันเข้ามาในโรงงานซึ่งทั้งคู่ก็ไม่ได้ทำงานในโรงงานนี้นายสมศักดิ์บอกว่าเขาก็เข้าไปห้ามไม่ให้เข้ามาบอกว่าคนภายนอกเข้าไม่ได้นะแต่นายแอร์พูดท้าทายเขาพูดว่ากล้าไหมกล้าไหมนี่ค่ะแล้วเขาอ้างว่าแรงงานต่างด้าวทั้งสองคนเนี้ยเข้ามาหาเรื่องเขาก่อนเขาก็เลยกระโดดชกนายแอร์ทีนี้แหละสู้กันด้วยความ
22-22113-9.wav	ตำรวจก็คุมตัวนายสมศักดิ์ผู้ก่อเหตุไปดำเนินคดีตั้งข้อหาหนักพยายามฆ่านะคะแต่ก็ต้องรอดูอาการคนเจ็บอีกนะคะว่าโอ้โหอาการจะขนาดไหนก็ดำเนินคดีคนก่อเหตุตามขั้นตอนของกฎหมายต่อไปอะค่ะ
22-22123-138.wav	เห็นนายโอ๋คนก่อเหตุลงมาจากเขาแว๊บๆ
22-22123-161.wav	ตำรวจนำภาพของนายชัยยศหรือนายโอ๋
22-22123-29.wav	แจ้งกับตำรวจในพื้นที่จังหวัดระยองได้เลยครับ
22-22123-42.wav	แล้วพอเห็นตัวนายชัยยศเนี่ยดูท่าทางมีพิรุจไม่น่าไว้ใจ
22-22123-52.wav	สิ่งที่นายชัยศทำก็คือใช้มีดจี้บังคับเธอให้ลงมาจากรถ
22-22123-58.wav	พอลากเธอเข้าไปในป่านายชัยยศก็ขืนใจเธอ
22-22123-76.wav	กลางค่ำกลางคืนหากันไม่มีวี่แววของนายชัยยศหรือว่านายโอ๋คนก่อเหตุเลยนะฮะ
22-22123-94.wav	เขาบอกว่านายโอ๋เนี่ยเป็นลูกน้องเขาค่ะ
22-22125-25.wav	ในพื้นที่หมู่ที่1บ้านป่ายางตำบลหนองอ้ออำเภอศรีสัชนาลัยจังหวัดสุโขทัยนะฮะ
22-22125-33.wav	ย้อนไปก่อนหน้านี้คือตำรวจเนี่ยที่ต้องมาเพื่อจะควบคุมตัวนายเหินเพราะอะไร
22-22125-34.wav	เพราะนายเหินเนี่ยทำร้ายแม่ของตัวเองนะครับแม่วัย55ปีจนแม่ได้รับบาดเจ็บศีรษะแตก
22-22126-6.wav	พบวัตถุประหลาดลอยเหนือท้องฟ้าที่อำเภอคิชฌกูฏจังหวัดจันทบุรีมีแสงสว่างมากและลอยนานกว่า5นาทีแล้วก็หายไป
22-22128-25.wav	ก็เดินทางไปตรวจโควิด19ให้สอดคล้องกับนโยบายของทางสบค.
22-22130-197.wav	ต่อหน้าผู้หลักผู้ใหญ่ในจังหวัดนะก็คาดว่าไม่กรณีใดกรณีหนึ่งนี่แหละ
22-22131-60.wav	และเตรียมเสนอปิดอ่าวมาหยาหมู่เกาะพีพีจังหวัดกระบี่
22-22136-19.wav	จากการสอบสวนเนี่ยนะเขาเดินมาเดินทางมาจากเมืองยะไข่กับเมืองย่างกุ้ง
22-22136-6.wav	ที่อำเภอเมืองจังหวัดประจวบคีรีขันธ์ค่ะ
22-22145-19.wav	นางสุบสุตางามขำอายุ21ปี
22-22154-8.wav	เขาโพสต์เอาไว้ว่ารถของกลางของเขาเนี่ยนะคะไปจอดเอาไว้ที่สภ.ท่าหินจังหวัดลพบุรี
22-22156-14.wav	เพราะฉะนั้นเราก็เลยไป12สถานที่6ภาคครับภาคละ2จังหวัดนะครับที่เลือกออกมา
22-22158-22.wav	สอบสวนเบื้องต้นนายอดิศักดิ์อ้างว่าติดต่อซื้อยาบ้ามาจากนายเอกไม่ใช่ของเขานะ
22-22159-335.wav	ไล่ให้เขาไปเที่ยวต่างประเทศเดินทางไปประเทศอื่นแทนประเทศไทย
22-22162-108.wav	ได้พาไปแล้วไปพูดคุยกับนายสับ
22-22162-112.wav	แล้วก็บอกนายสับว่าไม่ติดคุกหรอก
22-22162-172.wav	นายสุริยาหรืออ๋องเนี่ยได้ให้นายสมจิตรหรือวิจิตร
22-22162-178.wav	นายสุริยานายนิรันดิ์นายเสน่ห์นายวิรัตน์นายทรัพย์
22-22003-10.wav	จึงอนุญาตให้ปล่อยตัวชั่วคราวในระหว่างการพิจารณาของสารชั้นต้นเฉพาะคดีนี้หากนายจตุพรผิดสัญญาประกันก็จะปรับสามแสนบาทนะครับ
22-22003-0.wav	เพราะวันนี้ที่บริเวณหน้าเมืองจำพิเศษกรุงเทพฯมีมวลชนไปรอต้อนรับนายจตุพรพรหมพันธุ์
22-22003-3.wav	แล้วก็มวลชนนะฮะไปรอต้อนรับนายจตุพรพรหมพันธุ์
22-22003-8.wav	ระหว่างนี้ได้มีพระราชกฤษฎีกาพระราชทานอภัยโทษนะครับซึ่งนายจตุพรก็อยู่ในเกณฑ์ได้รับพระราชทานอภัยโทษให้ปล่อยตัว
22-22013-79.wav	ทีนี้จังหวัดต้องตรวจสอบนะใบอ้อยกองใหญ่เป็นภูเขาเลากาเนี่ย
22-22014-34.wav	เดินวิ่งจากอำเภอทุ่งสงจังหวัดนครศรีธรรมราช
22-22015-3.wav	ประชาชนชาวจังหวัดเชียงรายเนี่ยเขาออกมาให้กำลังใจกันอย่างเนืองแน่นนะคะ
22-22015-41.wav	มีจากเอกชนแล้ว10ล้านแล้วก็จากชาวจังหวัดเชียงรายอีก1ล้าน
22-22026-24.wav	วัย64ปีเสียชีวิตที่จังหวัดลำปางนะฮะ
22-22026-27.wav	ไปอยู่ที่โรงแรมแห่งหนึ่งในจังหวัดพะเยานะฮะ
22-22026-114.wav	ก็มาสอบปากคำนายต๋องด้วยตัวเองด้วยนะฮะที่สภ.เขลางค์นครที่จังหวัดลำปาง
22-22024-113.wav	เกี่ยวกับการเกิดคดีอาชญากรรมนายวิชัยชัยมงคล
22-22027-91.wav	ไปโรงเรียนอนุบาลจังหวัดทหารบกลพบุรีค่ะ
22-22028-0.wav	ผมนายสมคิดเชื้อคงส.ส.อุบลราชธานีพรรคเพื่อไทย
22-22030-0.wav	พระเจ้าวรวงศ์เธอ พระองค์เจ้าโสมสวลี พระวรราชาทินัดดามาตุทรงทอดไก่ประธานให้กับประชาชนที่เดินทางมาแสดงความอาลัยถวายแด่พระบาทสมเด็จพระปรมินทรมหาภูมิพลอดุลยเดช
22-22030-4.wav	นางวิภาแสงทองครูโรงเรียนหาดใหญ่รัฐประชาสรรค์อายุ50ปีเดินทางมาจากหาดใหญ่จังหวัดสงขลาและได้เล่าถึงความปลื้มปิติที่ได้รับข้าวเหนียวไก่ทอดประธานจากพระเจ้าวรวงศ์เธอพระองค์เจ้าโสมสวลีพระวรราชาทินัดดามาตุ 
22-22032-3.wav	อำเภอคีรีมาศจังหวัดสุโขทัย
22-22033-112.wav	อยู่ใกล้ๆกับสระน้ำที่เจอโครงกระดูกอะค่ะเป็นบ้านที่นายทักษิณ
22-22033-32.wav	มาสอบปากคำคนละชั่วโมงได้ค่ะครับนายสุนทรอายุหกสิบแปดปีเป็นนายจ้างเก่า
22-22033-33.wav	ของนายทักษิณที่หายตัวไปอ่ะนะคะก็เล่าให้ฟังว่าเมื่อปีห้าหก
22-22033-34.wav	ก็รับนายทักษิณกับภรรยามาทำงานที่สวนยางพาราตอนนั้นน่ะทั้งสองคนเขามีพาสปอร์ต
22-22033-39.wav	แล้วก็นำถังน้ำพลาสติกไปด้วยหนึ่งใบนี่แล้วก็จำได้ว่ารถจักรยานยนต์ที่นายทักษิณขี่
22-22033-41.wav	แต่เหมือนกับเป็นคนละสีดังนั้นเชื่อว่ากระดูกที่เจอใช่นายทักษิณรึเปล่าอันเนี้ย
22-22039-1.wav	วันนี้เป็นวันแรกก็ปรากฏว่ามีบรรดาลส.ส.ทยอยเดินทางมากันอย่างต่อเนื่องทั้งวันค่ะ
22-22039-22.wav	พรรคพลังประชารัฐนายภราดรและนายกรวีร์
22-22039-41.wav	มาพร้อมกับร้อยเอกธรรมนัสและนางสาวตรีนุชเทียนทองส.ส.สระแก้ว
22-22045-14.wav	ลอตเตอรี่ที่จังหวัดกาญจนบุรีเนี่ยนะคะก็เริ่มคึกคักนะคะเริ่มมีประชาชนเดินทางมาเลือกซื้อกันอย่างต่อเนื่องค่ะ
22-22045-1.wav	ได้ลงพื้นที่ที่จังหวัดกาญจนบุรี7จุด
22-22045-28.wav	พบว่าครูปรีชายังเดินทางไปสอนหนังสือนักเรียนตามปกติค่ะ
22-22045-40.wav	นอกจากนี้เมื่อช่วงเช้าทีมข่าวยังได้เดินทางไปที่สถานีตำรวจทางหลวง6
22-22045-46.wav	นางรัตนาพรสุภาทิพย์หรือเจ๊บ้าบิ่น
22-22050-16.wav	ไม่ตอบคำถามกับผู้สื่อข่าวแต่จากคำให้การของนายฤทธิเดช
22-22050-18.wav	นายฤทธิเดชเนี่ยบอกว่าก่อนเกิดเหตุ
22-22050-30.wav	จังหวะที่ตำรวจเนี่ยนะคะนำตัวนายฤทธิเดช
22-22051-126.wav	ถ้ำหลวงขุนน้ำนางนอนที่แม่สายเชียงราย
22-22051-94.wav	เกิดเหตุการณ์ถ้ำหลวงขุนน้ำนางนอนจำได้ไหมฮะค่ะเออยี่สิบสี่
22-22052-187.wav	แต่ปรากฏว่านายโอ๊ตเนี่ยจับมีดขึ้นมา
22-22052-22.wav	จากนั้นนะครับนายโอ๊ตเนี่ยก็เผาบ้านของตัวเอง
22-22052-32.wav	โดยมีทั้งแม่แล้วก็ตัวนายโอ๊ตเองเนี่ยนะฮะ
22-22052-37.wav	บ้านเนี่ยอยู่ห่างจากจุดที่นายโอ๊ตถูกวิสามัญเนี่ยประมาณ500เมตร
22-22052-38.wav	เจ้าหน้าที่ก็พบศพของนางอี๊ดซึ่งเป็นแม่ของนายโอ๊ตเนี่ย
22-22052-44.wav	ที่นายโอ๊ตผู้ก่อเหตุเนี่ยจุดเพลิงเผาบ้านของตัวเองนะครับ
22-22052-48.wav	ซึ่งเป็นน้องชายของนางอี๊ดผู้ตาย
22-22052-54.wav	จู่ๆนายโอ๊ตเนี่ยก็ตรงเข้าทำร้ายร่างกายแม่
22-22052-63.wav	ซึ่งเป็นลุงของนายโอ๊ตเนี่ยรีบแจ้งตำรวจ
22-22052-65.wav	เพราะว่าตอนนี้ไฟมันก็โหมกระหน่ำมาจากบ้านของนางอี๊ด
22-22052-75.wav	เพราะว่านายโอ๊ตเนี่ยมีมีดยาวที่ถือกวัดแกว่งไปมา
22-22052-78.wav	ก็น้ำเนี่ยจะเอามาดับเพลิงนะก็ต้องมาฉีดใส่นายโอ๊ตอีก
22-22052-81.wav	ปรากฏว่านายโอ๊ตเนี่ยถือมีดวิ่งพุ่งเข้าใส่ตำรวจ2ครั้ง2ครา
22-22052-89.wav	ตำรวจอีกนายก็ต้องยิงใส่นายโอ๊ตในลักษณะการวิสามันนะครับคนมีอาวุธอะมันก็จะแบบ
22-22052-98.wav	แม่เนี่ยจะอยู่กับน้องชายคือนายโอ๊ตอยู่กันสองคน
22-22063-20.wav	เห็นสภาพบ้านของสองยายหลานแล้วนะคะตั้งอยู่ที่ตำบลลุมปุ๊กอำเภอเมืองจังหวัดบุรีรัมย์
22-22063-29.wav	คุณยายกับสามีเนี่ยไปทำงานรับจ้างที่จังหวัดจันทบุรี
22-22065-41.wav	ที่ตำรวจหลายสิบนายเกรงใจไม่กล้าจับ
22-22065-31.wav	เหตุผลก็เพราะว่ามีตำรวจเนี่ยหลายสิบนายอยู่ในงานครับ
22-22065-48.wav	ปรากฏว่ากำนันนายนี้เกี่ยวข้องกับเรื่องของการประมูลงานต่างๆ
22-22065-5.wav	ใช่ครับพอดีสารวัตรสิวเนี่ยเป็นทั้งรุ่นน้องนายตำรวจที่โรงเรียนนายร้อยนะครับ
22-22066-5.wav	ด้านสำนักงานป้องกันและบรรเทาสาธารณภัยจังหวัดพังงาเตือนให้ประชาชนในพื้นที่เสี่ยงเฝ้าระวังปริมาณน้ำฝนสะสมเกินร้อยมิลลิเมตร
22-22074-192.wav	ภาพเนี้ยค่ะตำรวจเนี่ยหลายสิบนายเลยนะคะ
22-22074-23.wav	สายหลวงปู่เครื่องอำเภอน้ำสมอุดรธานีแล้วก็หลวงปู่พิบูลย์อำเภอพิบูลย์รักษ์จังหวัดอุดรธานี
22-22074-368.wav	ผู้ว่าราชการจังหวัดอุดรธานีก็เลยบอกว่ามันเป็นเหตุการณ์ที่ทางจังหวัดต้องช่วยกันดูแล
22-22074-378.wav	ในพื้นที่ตำบลหนองหาญอำเภอหนองหาญจังหวัดอุดรธานี
22-22074-380.wav	นายสยามสิริมงคลเดินทางมาเคารพศพมาแสดงความเสียใจกับครอบครัวผู้เสียชีวิตนะครับ
22-22074-43.wav	อะเนี่ยค่ะเจ้าหน้าที่ไปกันหลายสิบนายนะคะ
22-22074-546.wav	นี่ฮะตอนที่ตำรวจคุมตัวนายอิทธิพลได้เพื่อนก็มาด้วย
22-22074-96.wav	จังหวัดอุดรธานีและวัดในเขตเทศบาลนครอุดรธานีส่วนรอยสักที่เป็นอักขระอะค่ะที่วัดที่มีชื่อแห่งนึงนั่นแหละ
22-22074-97.wav	ในเขตเทศบาลนครอุดรธานีนายแจ๊คบอกแบบนี้นะคะอันนี้คือแผ่นหลังจริงๆเราเลยทำภาพกราฟิกให้ดูอาว่ามีรอยสักอะไรยังไงบ้างที่แผ่นหลังของนายแจ๊คผู้ต้องหา
22-22079-19.wav	เรานอกจากไปคุยกับนายเอกภาพคนที่ไปประสบเหตุแล้วนะคะ
22-22084-14.wav	ส่วนประเด็นที่ภรรยาของนายส.เสือนะที่เธอบอกว่ามีอิทธิพลในพื้นที่และน่าจะเกี่ยวพันกับเรื่องการเสียชีวิตของสามีเนี่ย
22-22088-5.wav	คนนี้เลยชื่อว่านายเฉลียวมั่นทอง
22-22088-7.wav	ที่อยู่ในจังหวัดเพชรชบูรณ์ค่ะ
22-22090-13.wav	ผู้ที่ก่อเหตุชื่อนายสมเกียรติพุ่มสลิดหรือนายเบียร์อายุสามสิบห้า
22-22090-27.wav	นายกวางช่วงนั้นก็เดินมาหาเพื่อนชื่อว่านายป๊ะ
22-22090-36.wav	ผู้ตายเนี่ยคือนายกวางเนี่ยก็เคยมีเหตุก็คือมาที่บ้านของนายป๊ะนี่แหละ
22-22090-4.wav	ในห้องเช่าไม่มีเลขที่ในพื้นที่หมู่2ตำบลไร่ขิงอำเภอสามพรานจังหวัดนครปฐม
22-22091-142.wav	ซึ่งปืนที่พบว่านายเปรมชัยครอบครองเนี่ยเป็นปืนไม่มีลาย
22-22091-200.wav	นับไปแล้วนะ2คนอีก1คนค่ะนายจิตติสวัสดิ์สายเป็นลูกจ้างประจำ
22-22091-219.wav	ส่วนเมื่อวานเนี่ยมีการสอบถามนายจิตติสวัสดิ์สาย
22-22091-237.wav	ก็พูดว่านายวิเชียรให้การเป็นประโยชน์กับคดี
22-22091-26.wav	นายเปรมชัยกรรณสูตประธานบริหารบริษัทอิตาเลียนไทย
22-22091-49.wav	ยังได้เรียกนางคณิตากรรณสูตภรรยานายเปรมชัย
22-22091-52.wav	ซึ่งเป็นผู้รับรองงาช้างให้นางคณิตาเข้ามารับทราบข้อกล่าวหา
22-22091-66.wav	กับภรรยานายเปรมชัยแล้วก็นางวันดี
22-22091-91.wav	นายเปรมชัยเนี่ยชูป้ายประท้วงเชิงสัญลักษณ์
22-22099-1.wav	เคารพนับถือค่ะนะบูชาในความศักดิ์สิทธิ์ของนางตะเคียนที่จะอยู่กับต้นตะเคียน
22-22105-46.wav	ก็เลยต้องปรึกษากับทางปศุสัตว์จังหวัดเดี๋ยวต้องจับไปทำหมันก่อน
22-22107-39.wav	เศรษฐีใหม่หมาดๆเลยนายวิเชียรจันทร์ส่องรองนายกองค์การบริหารส่วนตำบลดอนจิก
22-22107-41.wav	นายวิเชียรก็ไปลงบันทึกประจำวันไว้เป็นหลักฐานนะแล้วก็บอกว่าไปซื้อลอตเตอรี่คู่นี้มาจากร้านขายไก่ย่าง
22-22107-43.wav	นายวิเชียรก็ติดต่อไม่ได้แล้วค่ะเพจเฟซบุ๊คชื่อวารินชำราบบ้านเฮาอุบลราชธานี
22-22116-155.wav	ค่ะนัทก็เป็นคนพื้นเพจังหวัดราชบุรีนะคะ
22-22127-59.wav	กำลังขับรถกลับบ้านที่อำเภอชะอำจังหวัดเพชรบุรี
22-22132-22.wav	ในตำบลท่าตูมอำเภอศรีมหาโพธิจังหวัดปราจีนบุรี
22-22140-15.wav	ระหว่างนายศุภชัยโพธิ์สุรองประธานสภาที่ทำหน้าที่ประธานสภา
22-22143-3.wav	ผู้สื่อข่าวเราเดินทางไปที่การประปาส่วนภูมิภาคถนนศศิบุตรตำบลในเวียง อำเภอเมืองจังหวัดแพร่ขึ้นเหนือกันก่อนเลย
22-22144-17.wav	เราจะเห็นยอดสูงๆแบบเนี้ยเป็นหมื่นแบบเนี้ยอย่างน้อย3-4เดือนครับนะทำให้ต้องยกระดับการจำกัดการเดินทางที่มันเคร่งครัดมากขึ้น
22-22144-53.wav	อีกฉบับเป็นการขยายพื้นที่สีแดงเข้มจากเดิมเนี่ย10จังหวัดเป็น13จังหวัด
22-22144-93.wav	หลังจากนี้มันมันมีตัวเลขจังหวัดไหนเพิ่มอีก
22-22157-9.wav	ตำรวจสภ.หนองโดนจังหวัดสระบุรีบอกว่าได้รับแจ้งอะนะคะ
22-22162-250.wav	ก็ขอให้นายสับเนี่ยขายรถให้นายเสริฐก็แล้วกัน
22-22162-251.wav	แล้วนายเสริฐเนี่ยเป็นลูกน้องนายอ๋องเป็นมือเลื่อยไม้ของนายอ๋อง
22-22162-257.wav	ให้นายนายสับได้ไป1แสนบาทนายเสริฐได้2แสนบาท
22-22162-274.wav	ค่ะเสร็จแล้วต่อมาก็เลยเปลี่ยนเป็นนายเสริฐนะครับ
22-22162-356.wav	พอนายเสริฐไปแจ้งความอืมลงประจำวัน
22-22162-365.wav	เขาก็ไปให้ปากคำว่าคนขับที่แท้จริงคือนายสับ
22-22162-41.wav	ก็คือผู้บังคับการในจังหวัดด้วยแล้วก็ท่านโฆษกสตช.ด้วยนะคะ
22-22162-578.wav	ในส่วนของครูจอนางจอมทรัพย์เนี่ยครับอ่า
22-22162-619.wav	ในขณะที่นายอ๋องก็บอกว่าได้เข้าไปพบในสับยังไง
22-22162-757.wav	พอถามในรายละเอียดก็เล่าเรื่องสอดคล้องกับนายสับสอดคล้องกับนายอ๋องทั้งหมด
22-22162-90.wav	ครับผู้รับมอบอำนาจก็เป็นหลานของนางจอมทรัพย์ครับออ
22-22162-96.wav	ทนายความเนี่ยเป็นผู้ที่เกี่ยวข้องตั้งแต่เริ่มต้นที่ไปพูดจากับนายสับขอให้นายสับรับเป็นผู้ที่ขับรถชนในคดีนี้
22-22168-47.wav	พวกเธอจะจำไว้เลยจะไม่ทำอีกแล้วหลังจากนี้เดี๋ยวจะเดินทางไปขอขมา
22-22169-407.wav	หนานางก็เลยออกมาบอกอย่างนี้มีด้วยเหรอคะไม่มีใครเปย์เลยค่ะ
22-22169-427.wav	นางก็ว่าคือเรื่องผู้ชายแล้วยังมามีการเปเย่เกิดขึ้น
22-22169-513.wav	นางก็ว่าคือเรื่องผู้ชายแล้วยังมามีการเปเย่เกิดขึ้น
22-22171-3.wav	หลังเจ้าหน้าที่กรมอุทยานแห่งชาติสัตว์ป่าและพันธุ์พบซากลูกเสือโคร่งจำนวนมากภายในวัดป่าหลวงตาบัวอำเภอไทรโยกจังหวัดกาญจนบุรี
22-22172-2.wav	กับงานมาราธอนวิ่งมาราธอนที่จังหวัดบุรีรัมย์ฮะ
22-22172-37.wav	แต่ในขณะที่งานอื่นๆจังหวัดใหญ่ๆยังคงจัดได้ตามปกตินะฮะ
22-22172-7.wav	งานนี้จังหวัดบุรียรัมย์
22-22180-6.wav	นายพันศักดิ์มงคลศิลป์อดีตตำรวจยศพันตำรวจโทที่เป็นมือฆ่า
22-22180-7.wav	แล้วก็ภรรยาของนายพันศักดิ์นะคะ
22-22180-34.wav	แล้วก็มีรายงานว่าชุดสืบสวนเนี่ยนะคะไปตรวจค้นบ้านของนายพันศักดิ์อดีตตำรวจ
22-22180-35.wav	ซึ่งบ้านของนายพันศักดิ์เนี่ยอยู่ในพื้นที่อำเภอเขาฉกรรจ์ที่จังหวัดสระแก้วค่ะ
22-22180-25.wav	ทีนี้เรื่องของการติดตามตัวนายพันศักดิ์อดีตตำรวจเนี่ยนะคะ
22-22188-34.wav	จึงได้เดินทางไปแจ้งความตั้งแต่ต้นเดือนธันวาคม
22-22189-0.wav	ไปที่จังหวัดระยองครับมีพนักงานเสิร์ฟร้านอาหารนะครับ
22-22193-16.wav	คุณยายประยูรศรีชื่นประดิษฐ์อายุ85ปีตั้งใจขับรถด้วยตัวเองมาจากพุทธมณฑลจังหวัดนครปฐม
22-22194-16.wav	ที่เพิ่งจะเดินทางมาถึงสนามบินนาริตะ
22-22197-30.wav	เนี่ยส่วนใหญ่เดินทางกลับมาจากต่างประเทศ
22-22199-467.wav	ถูกต้องฮะคือถ้าเป็นนายกรัฐมนตรีนะทำได้หมดเลยเนี่ยนะทำได้หมดเลย
22-22202-19.wav	ที่สำนักปฏิบัติธรรมเทพประธานพรโพธิ์สัตว์จังหวัดเชียงใหม่ค่ะ
22-22202-6.wav	วันนี้มีงานบุญใหญ่ค่ะพี่นางถือฤกษ์ดีตอน9โมงเช้าค่ะ
22-22203-12.wav	แล้วนายไชยาก็หลบหนีไปไปซ่อนตัวอยู่ในป่ารอบหมู่บ้าน
22-22203-19.wav	รองสารวัตรสอบสวนเจ้าของคดีเนี่ยนะก็นำตัวนายไชยาเนี่ยไปฝากขังศาลจังหวัดเชียงใหม่
22-22203-2.wav	อย่างเรื่องของนายไชยาที่ไปก่อเหตุทั้งฆ่าพ่อข่มขืนแม่
22-22203-42.wav	อันนี้เป็นคดีของนายไชยานะฆ่าพ่อข่มขืนแม่
22-22203-59.wav	แม้ว่านายทนเนี่ยจะมาขอโทษครอบครัวฝั่งของน้องเมย์เนี่ยผ่านสื่อ
22-22203-77.wav	เป็นเพราะว่าเมย์เนี่ยมีคนอื่นก็เลยทำให้นายทนต้องโมโหขนาดนี้
22-22203-82.wav	ยังต้องบอกนายทนเลยอะแล้วก็เวลาโทรศัพท์
22-22204-354.wav	นอกจากนี้นะคะยังมีการไล่แจ้งข้อกล่าวหาในหลายจังหวัดเพื่อกลั่นแกล้งและสร้างภาระทางคดีด้วยค่ะ
22-22205-14.wav	ที่อยู่ในพื้นที่อำเภอแม่ทะจังหวัดลำปาง
22-22205-36.wav	คือวันที่23มีนาคมอาตมาเดินทางไปเอาหินมาสร้างกำแพงวัด
22-22205-53.wav	ทีนี้ผู้สื่อข่าวก็ไปถึงบ้านของนายเสถียร
22-22192-20.wav	ไปทำพิธีถอดของล้างคุณไสยไล่ผีกับหมอผีคือนายทูลไทรอายุ51ปี
22-22192-22.wav	นางมาเนนวยเนี่ยเสียชีวิตจากการโดนเฆี่ยนนะดูบาดแผลอะที่ร่างของเธออะโอ้โหดูสิคะ
22-22192-27.wav	บอกแบบนี้ว่านางมาเนนวยเนี่ยเป็นโรคความดัน
22-22192-34.wav	แพทย์ก็ไปตรวจสอบว่าร่างนางมาเนนวยที่มีรอยเขียวช้ำห้อเลือดทั่วร่างกายเนี่ย
22-22202-12.wav	พี่นางศิริพรบอกนะคะว่าแรงบันดาลใจที่ให้ทำซุ้มประตูพ่อปู่แม่ย่านั้น
22-22202-3.wav	พี่นางศิริพรอำไพพงษ์คุณผู้ชมนะคะ
22-22203-7.wav	คนนี้ค่ะคุณผู้ชมนายไชยาต๊ะนาอายุ31ปี
22-22205-58.wav	เรื่องนี้ต้องรอนะฮะทางคณะปกครองสงฆ์จังหวัดลำปางเนี่ย
22-22206-25.wav	ว่าทางด้านบ้านพักเด็กและครอบครัวจังหวัดอุดรธานี
22-22206-48.wav	ในอำเภอกุมภวาปีจังหวัดอุดรธานี
22-22208-10.wav	ได้ในหลายจังหวัดไปดูหลายๆคลิปกัน
22-22208-132.wav	มอบหมายให้นายอำเภอบางกระทุ่มสำนักงานป้องกันและบรรเทาสาธารณภัยจังหวัด
22-22208-133.wav	โยธาธิการและผังเมืองจังหวัดแขวงทางหลวงชนบทเนี่ยต้องไปสำรวจผลกระทบที่เกิดขึ้น
22-22208-135.wav	ให้ทุกพื้นที่ในจังหวัดพิษณุโลกเนี่ยทุกอำเภอนะครับ
22-22208-127.wav	ซึ่งทางด้านนายอำเภอบางกระทุ่มนะคะนายธราดลอภิจารีก็มีหนังสือฉบับนี้ค่ะ
22-22208-25.wav	พิกัดเนี่ยที่อำเภอบางกระทุ่มจังหวัดพิษณุโลกครับ
22-22208-4.wav	ที่จังหวัดพิษณุโลกนะครับแล้วก็แรงสั่นสะเทือนขนาด4จุด5นะครับ
22-22208-6.wav	แต่ว่า5จังหวัดนะคุณนะอื้อห้า
22-22208-76.wav	ที่อยู่ในห้างสรรพสินค้าแห่งหนึ่งในจังหวัดพิจิตร
22-22209-525.wav	ที่ชากังราวเนี่ยมันเป็นชื่อเก่าของจังหวัดกำแพงเพชร
22-22209-543.wav	ตอนนั้นไปขายอยู่ที่เอ่อจังหวัดพะเยาค่ะ
22-22209-559.wav	ที่ฟังลูกชายเล่าเรื่องการทำเฉาก๊วยคุณนางก็มาทดลองทำนะครับ
22-22210-233.wav	วันนี้ชาวเชียงใหม่นะฮะเป็นเอ่อเขาเรียกว่ามีปาฏิหาริย์เกิดขึ้นที่จังหวัดเชียงใหม่
22-22210-234.wav	ที่อำเภอสันกำแพงจังหวัดเชียงใหม่เนี่ย
22-22210-242.wav	คือที่วัดร้องวัวแดงบ้านร้องวัวแดงที่สันกำแพงจังหวัดเชียงใหม่เนี่ยนะฮะ
22-22210-304.wav	จะพบเห็นในฤดูหนาวบนยอดบนยอดดอยสูงนะฮะในจังหวัดเชียงใหม่เชียงรายเท่านั้นนะอือ
22-22210-333.wav	รองสารวัตรปกครองป้องกันสภ.บางปะกงจังหวัดฉะเชิงเทราค่ะ
22-22210-342.wav	ก็ให้การว่านายพงษ์คณิตเนี่ยโทรศัพท์มาหาตนเพื่อเล่นเซ็กซ์โฟนนานเป็นปี
22-22210-344.wav	จนตัวเองน่ะต้องเปลี่ยนเบอร์หลายครั้งค่ะรวมทั้งบล็อกเบอร์นายพงษ์คณิต
22-22210-350.wav	ก็เลยตอบตกลงตามนัดเลยก่อนที่นายพงษ์คณิตเนี่ยจะขับรถกระบะ
22-22210-359.wav	เรื่องต้นนายพงษ์คณิตก็ยอมรับด้วยว่าตัวเองเพิ่งเสพยาบ้ามา
22-22210-45.wav	ชื่อนางอริสรารับจ้างรับก็คือทำงานทั่วไปนี่แหละค่ะทาสี
22-22210-58.wav	นายชิเกฮารุซึ่งเจ้าตัวเนี่ยยอมรับสารภาพทุกกรณีเลย
22-22212-29.wav	พาไปใต้กันหน่อยไปดูปะการังแล้วก็ไปไหว้ขอพรสิ่งศักดิ์สิทธิ์ที่จังหวัดนครศรีธรรมราช
22-22213-15.wav	สอบถามนายนฤเบศสุขแฉล้มอายุ19ปีนะครับ
22-22213-7.wav	โต๊ะม้าหินเนี่ยนะครับหน้าบ้านเจอร่างของนายพรพิชิตแก้วสมุทรเขา
22-22214-220.wav	นายแพทย์สาธารณสุขจังหวัดตากอยู่ในสายกับเราแล้ว
22-22214-228.wav	และตอนนี้ทางสำนักงานสาธารณสุขจังหวัด
22-22214-261.wav	ก็ได้มีการจัดสรรเงินงบประมาณช่วยเหลือให้กับเอ่อทางสำนักงานสาธารณสุขจังหวัดตาก
22-22214-55.wav	ครับล่าสุดเนี่ยหมอตุ่ยยังต้องเดินทางไปดูโรงพยาบาลวังเจ้า
22-22217-12.wav	แล้วก็ไปดูอ่าคลุกคลีกับทางอ่าชาวผู้ไทยที่หมู่บ้านโคกโก่งจังหวัดกาฬสินธุ์
22-22217-14.wav	เขาเลือกให้แล้วก็อีกอย่างหนึ่งคือในส่วนของที่เรามีมีตัวนึงที่เรามองว่าจังหวัดนี้ที่เราไป
22-22217-7.wav	อย่างเช่นชุมชนกู่กาสิงห์จังหวัดร้อยเอ็ดหมู่บ้านวัฒนธรรมผู้ไทยโคกโก่งจังหวัดกาฬสินธุ์และชุมชนบ้านพระบาทห้วยต้มจังหวัดลำพูน
22-22218-38.wav	ทีนี้ด้านของทนายความของครูปรีชาคือนายวรยุทธบุญวงษ์ใสเนี่ย
22-22218-9.wav	พร้อมด้วยนายวรยุทธบุญวงษ์ใสทนายความ
22-22224-121.wav	วิธีการไม่ยากนายตูมตามเขาเผยเคล็ดลับแบบหมดเปลือก
22-22225-14.wav	ขณะที่ตำรวจสภ.คอหงส์2นายไปจับกุมวัยรุ่นชายคนหนึ่งในปั๊มน้ำมัน
22-22225-15.wav	บนถนนลพบุรีราเมศวร์อำเภอหาดใหญ่จังหวัดสงขลา
22-22226-10.wav	แล้วพอมาถึงสี่แยกไฟแดงซับสมอทอดอำเภอบึงสามพันจังหวัดเพชรบูรณ์เนี่ย
22-22228-6.wav	แซมมี่นี่นะคะแต่งองค์ทรงเครื่องเป็นสาวนางรำแบบเต็มที่เลยทีเดียวนะคะ
22-22229-31.wav	ฝายน้ำล้นเขาสมิงจังหวัดตราดค่ะ
22-22233-15.wav	สวยงามมากๆเลยนะคะการไปท่องเที่ยวที่เป็นท้องถิ่นโบร่ำโบราณ
22-22236-19.wav	พื้นที่นำร่องเรื่องของการท่องเที่ยวสีฟ้าเนี่ยค่ะ8จังหวัด
22-22236-20.wav	แล้วก็จังหวัดอื่นๆที่ดำเนินการบางพื้นที่อีกสิบแปดจังหวัดสำหรับอัตราการครองเตียงทั้งประเทศ
22-22236-91.wav	ออสเตรเลียผ่อนคลายมาตรการไฟเขียวเรียบร้อยให้ต่างชาติเดินทางเข้าไป21กุมภาพันธ์ที่ผ่านมา
22-22242-198.wav	เพราะว่าไม่ได้เดินทางไปไม่ได้ไปสัมผัสก็เลยไม่กล้าฟันธงนะ
22-22231-13.wav	นางสาวมินตราหมอกเพชรหรือว่าคุณมินอายุ30ปีค่ะ
22-22243-15.wav	อำเภอไทรโยกจังหวัดกาญจนบุรี
22-22246-13.wav	บ้านแม่จันทะตำบลแม่จันอำเภออุ้มผางจังหวัดตากนะครับ
22-22242-38.wav	คุยกับนางสาวพัชราพรภัยศาลเป็นเจ้าหน้าที่ประจำโรง
22-22242-60.wav	ชาวบ้านที่อยู่ในพื้นที่ติดกับโรงพยาบาลเลยนะครับคุยกับนางฉลองจรรชาแล้วก็นายบุญรวมประดับแก้วนะครับ
22-22246-30.wav	แล้วก็หล่มโคลนเนี่ยไปให้ได้โดยมีหมอว่าหรือว่านายธงไชย
22-22247-16.wav	มนต์ดำเข้าไปนะฮะแต่พอไปถึงวัดนายนิกรกลับอาละวาด
22-22247-22.wav	นายนิกรน่ะเสพยามา
22-22249-11.wav	รวมถึงเรียกนายสมพงษ์ที่เสียชีวิตให้ขึ้นมาแล้ว
22-22249-12.wav	นายสมพงษ์เองก็ยังขึ้นมานั่งคุยกับเขาอยู่ข้างบนเลยนะโฟร์แมน
22-22249-16.wav	โดยเขาไม่รู้ว่านายสมพงษ์เนี่ยเสียชีวิตอยู่ด้านล่างเนี่ย
22-22249-8.wav	คอนกรีตหลังจากนั้นก็ไหลมาทับถังบำบัดน้ำนะครับแล้วก็มาทับตัวของนายสมพงษ์นะฮะกู้ภัยก็พยายามช่วยอย่างเต็มที่แล้วนะครับสุดท้ายเสียชีวิตนะครับแต่ก็กว่าจะนำขึ้นมาได้ก็ลำบากแล้วฮะเพราะว่าถังน้ำเนี่ยขนาดใหญ่มากแล้วก็หนักมากมีคนขับรถแบคโฮนะครับบอกว่าระหว่างที่รอคนงานยกถังบำบัด
22-22251-30.wav	เจ้าของร้านคือนายธีรชัยบุญไพฑูรย์
22-22252-4.wav	เราจะพาคุณผู้ชมไปดูประเพณีห่มผ้าองค์เจดีย์วัดพระโคะจังหวัดสงขลาค่ะ
22-22253-22.wav	ที่นี่ก็คืออบต.สระแก้วอำเภอลาดยาวจังหวัดนครสวรรค์
22-22257-4.wav	นางสาวสุทธิลักษณ์ระวิวรรณอธิบดีกรมทรัพยากรทางทะเล
22-22263-11.wav	นี่ดูเจ้าหน้าที่ที่ไปเนี่ยนะคะก็เจ้าหน้าที่บาดเจ็บไปสองนายคุณยาย
22-22264-8.wav	เป็นคลิปอุบัติเหตุที่เกิดขึ้นที่แถวๆวัดอ้อน้อยอำเภอกำแพงแสนจังหวัดนครปฐมนะคะ
22-22266-0.wav	เอาละค่ะวันนี้นะคะนางอองซานซูจีค่ะ
22-22266-10.wav	อย่างเป็นทางการของนางอองซานซูจีที่ปรึกษาแห่งรัฐของพม่าค่ะ
22-22266-14.wav	เมื่อเวลา11นาฬิกาค่ะนางอองซานซูจีที่ปรึกษาแห่งรัฐและรัฐมนตรีต่างประเทศของพม่า
22-22266-15.wav	ได้เดินทางมายังกระทรวงการต่างประเทศเพื่อกล่าวปาฐกถาพิเศษกับนักศึกษาของมหาวิทยาลัยต่างๆในประเทศไทยกว่า300คน
22-22266-23.wav	สำหรับการปาฐกถาครั้งนี้นะคะนับเป็นการแสดงวิสัยทัศน์ของนางซูจี
22-22266-4.wav	วันนี้เป็นวันที่สองแล้วซึ่งจะเดินทางไปพาปาฐกถาพิเศษ
22-22267-14.wav	สุดท้ายไปแทงนายสยามแสงสุขสวัสดิ์อายุ40
22-22267-15.wav	นายเอกวิทย์คุณพระอายุ4
22-22267-22.wav	ก็บอกว่าปมเหตุมันก็คือนายพินิจเมาเหล้าหนักมาก
22-22267-30.wav	แต่ตัวนายพินิจก็พูดในลักษณะที่ว่าเหมือนกับไม่พอใจอะ
22-22269-0.wav	ในรุ่นพิกัด73กิโลกรัมระหว่างต้องตาเพชรจินดาแชมป์จากจังหวัดอำนาจเจริญ
22-22276-4.wav	ที่นี่วัดเขาไม้แดงตำบลบางพระอำเภอศรีราชาจังหวัดชลบุรี
22-22277-28.wav	ชาร์จตัวของนายสมหวังสังข์อุดมอายุ33ปี
22-22277-38.wav	แม่เล่าให้ฟังบอกว่าลูกสาวเนี่ยเพิ่งจะคบหากับนายสมหวังผู้ก่อเหตุ
22-22279-95.wav	นายนฤนาทผ่องศรีนวลนะครับก็ได้ออกมาชี้แจงข้อเท็จจริงทั้งหมด
22-22281-15.wav	หรือดวงชะตาเจ้านางที่สามารถผู้ชายสยบจะใหญ่แค่ไหนก็ต้องสยบ
22-22281-220.wav	ชีวิตของนางถือว่าผกพันสุดๆต้องยอมรับว่าช่วงตกต่ำสุดๆก็ผ่านมาแล้ว
22-22282-100.wav	สงขลาหนึ่งรายเป็นอาจารย์หญิงไปร่วมงานงานเลี้ยงกับกลุ่มบิ๊กไบค์ที่เกาะลันตาจังหวัดกระบี่
22-22282-105.wav	ตลาดทะเลไทยจังหวัดสมุทรสาครนะคะ
22-22282-106.wav	จังหวัดเลยหนึ่งรายเป็นหญิงมีอาชีพขายลอตเตอรี่ไปขายที่จังหวัดสมุทรสาคร
22-22282-109.wav	อำเภอบางพลีจังหวัดสมุทรปราการคุณโล่งอกโล่งใจไปตามกัน
22-22282-113.wav	ครบ14วันที่สนามกีฬากลางจังหวัดสมุทรปราการ
22-22282-25.wav	ที่จังหวัดสมุทรสาคร55รายเกี่ยวเนื่องกับจังหวัดตาก1รายนะครับ
22-22282-5.wav	มหาชัยแดงกรุงเทพมหานครส้มล่าสุดระบาดถึงยี่สิบเจ็ดจังหวัด
22-22282-72.wav	อีกหนึ่งคนของจังหวัดนนทบุรีนะฮะรายที่3เป็นผู้หญิงอายุ31ปี
22-22282-97.wav	ไปดูจังหวัดอื่นๆกันหน่อยค่ะพบผู้ป่วยติดเชื้อดังนี้ค่ะ
22-22284-6.wav	รวมถึงเหล่านักแสดงและพี่น้องประชาชนเดินทางมาร่วมในพิธีอย่างเนื่องแน่นค่ะ
22-22286-108.wav	นางคณิตาวิทยานันท์
22-22286-109.wav	คณิตานี่เป็นภรรยาของนายเปรมชัยนะ
22-22286-48.wav	ที่ไปพบในจุดตั้งแคมป์ของนายเปรมชัยและพวกในป่า
22-22292-17.wav	พร้อมด้วยนายสุริยัณห์ หงษ์วิไลโฆษกสำนักงานศาลยุติธรรม
22-22292-38.wav	นางสาวจิดารัตน์พรหมคุณ
22-22293-13.wav	ผู้จัดการร้านทองชนิกาอำเภอเมืองจังหวัดสุราษฎร์ธานีบอกว่า
22-22294-40.wav	คดี8นายตำรวจคนสนิทบิ๊กโจ๊กนะครับ
22-22294-48.wav	คือยอมรับฮะเจอกันครั้งแรกปี63ในงานเลี้ยงที่จังหวัดเลยนะครับ
22-22001-7.wav	ก็เป็นที่ตั้งศพของนายไกรสรสุทธานีหรือว่าน้องกล้า
22-22040-20.wav	และอีกหนึ่งคนไม่เดินทางมานะครับกวินทร์ธรรมสัจจานันท์ประตูมือหนึ่งทีมชาติไทย
22-22041-21.wav	ปืนลูกซองพร้อมกระสุน40นัดและมีดที่ใช้ตัดคอน้องชายไม่เพียงเท่านั้นผู้ต้องหายังมีความชำนาญในเส้นทางในป่าแต่ตำรวจเน้นย้ำต้องจับเป็นในการเดินเท้าติดตามตัวผู้ต้องหาตำรวจชุดสืบสวนได้ขอให้นายตาเวียองค์พระน้าชายของนายอนุชาเดินเท้าล่วงหน้าไปก่อนประมาณ10นาทีเพื่อนำอาหารเครื่องดื่มและ
22-22041-8.wav	นายอนุชารับสารภาพว่าที่ทำลงไปเพราะกดดันและเกิดความแค้น
22-22043-19.wav	ชื่อว่ารุ่งระบินอายุ25ปีแล้วก็นายชิษนุอายุ21ปี
22-22047-14.wav	เหตุการณ์สะเทือนขวัญครั้งนี้ทำให้นายจิรัฐติกาล
22-22053-12.wav	ทีเนี้ย1มกราคมที่ผ่านมาอยู่ๆนางนงลักษณ์คนเนี้ยมาที่หน้าร้านแล้วก็ทำแบบนี้ค่ะ
22-22053-7.wav	เจ้าของร้านคือนางสาวธนวรรณผู้มาอายุ38ปีแจ้งตำรวจเลยค่ะ
22-22053-9.wav	เป็นอดีตลูกจ้างที่ร้านเธอเองอ้าวชื่อว่านางสาวนงลักษณ์ภาณุมาศภัสสรค่ะ
22-22089-5.wav	สายหัวถนนท่านช่วยชะรัดในพื้นที่หมู่6อำเภอเมืองจังหวัดพัทลุง
22-22089-60.wav	นายถาวรเรืองแก้วอายุ52นะครับ
22-22089-73.wav	น้องชายชื่อนายธนพงศ์เรืองแก้ว
22-22098-12.wav	คนเนี้ยเป็นคนแจ้งตำรวจแล้วก็เป็นพ่อของนายราเชน
22-22098-30.wav	ข้อหานายราเชนนะคะมีอาวุธปืนและเครื่องกระสุนปืน
22-22103-13.wav	ก็เลยเอาสินสอดมาสู่ขอนายพุมเรตรตามธรรมเนียมประเพณีไทย
22-22103-22.wav	ด้านนางเกษรเหล่าแวงนะคะเป็นแม่ของนายพุมเรตรบอกว่าลูกนี้มีนิสัยอ่อนโยน
22-22103-4.wav	ชื่นมื่นเป็นเพียงส่วนหนึ่งในงานมงคลสมรสของนายพุมเรตรสังข์ทอง
22-22103-7.wav	งานนี้นะคะจัดขึ้นที่บ้านของนายพุมเรตรในตำบลหนองกระโดนอำเภอเมืองจังหวัดนครสวรรค์ช่วงเช้าที่ผ่านมานะคะ
22-22125-43.wav	ด้านของนายพันผู้เป็นพ่อบอกว่าก่อนหน้านี้ลูกชายเป็นคนดีนะ
22-22003-2.wav	อาทินายไทกรพลสุวรรณนายยศวริศชูกล่อมหรือว่าเจ๋งดอกจิกนะฮะ
22-22003-5.wav	ในคดีชุมนุมบุกล้อมบ้านสี่เสาเทเวศร์ครับศาลอุทธรณ์พิเคราะห์แล้วเห็นว่าคดีนี้นายจตุพรนะครับ
22-22015-6.wav	กับคุณพัชรวรินทร์พัชรปภานันท์รายงานมาจากจังหวัดเชียงรายค่ะ
22-22024-0.wav	เรื่องของนายต้อยค่ะนายธีรศักดิ์บุญเรืองอายุ42ปี
22-22024-42.wav	วันนี้ทีมข่าวก็ได้คุยกับนางสาวธัญชนกน้าสาวของน้องน้ำฝน
22-22024-32.wav	ก็นี่คือภาพของนางสาวธัญชนกอายุ31ปีน้าสาวของน้องน้ำฝน
22-22027-224.wav	โดยนายตะวันและนางสะแกวันแก้วปราชญ์
22-22033-26.wav	ชื่อนายทูลตูอาวหรือนายทักษิณสูงสักประมาณ156เซนติเมตร
22-22033-30.wav	ก็เลยไม่แน่ใจว่าใช่นายทูลคนนี้รึเปล่าวันนี้ตำรวจสภ.เวียงสาก็เรียกอดีตนายจ้างของในทูลหรือนายทักษิณคนนี้อ่ะนะคะ
22-22033-38.wav	ปี59นายทักษิณย้ายไปทำงานกับนายบุญพัฒน์อดีตผู้ใหญ่ทุ่งเขาโคก
22-22033-54.wav	เจ้าของก็คือนางมะลินีปานทับทิม
22-22034-0.wav	ท่านผู้ชมครับแม่น้ำหนึ่งนางสาวภิรดาธนโชติจินดาวัย27ปีค่ะ
22-22048-14.wav	เนี่ยนายวรวิทย์อดีตสามีก็กลับมาที่บ้านพอดี
22-22048-6.wav	ผู้เสียหายคือนางสาวจารุวรรณกลิ่นมณฑานะคะเป็นชาวสุพรรณบุรี
22-22048-7.wav	นางสาวจารุวรรณเนี่ยเลิกรากับสามีซึ่งก็คือนายวรวิทยาสุขแสง
22-22050-12.wav	ชื่อว่านายฤทธิเดชพวงสมบัติ
22-22051-39.wav	นายเอกพลจันทะวงษ์รวมถึงน้องตี๋นายพรชัยคำหลวง
22-22052-13.wav	ซึ่งตำรวจสน.บางเสาธงได้วิสามัญนายนนทชัยกรานเคารพ
22-22052-18.wav	เฉือนร่างของนางสุรางค์รัตน์จ้อยเจือหรือว่าอี๊ดอายุ62ปี
22-22052-47.wav	สอบถามนายธรรมรงค์จ้อยเจืออายุ55ปี
22-22052-49.wav	แล้วก็ถือว่ามีศักดิ์เป็นลุงของนายโอ๊ตนะครับ
22-22052-90.wav	ป้องกันตัวเป็นเรื่องธรรมดามีก็มีมีดอยู่ไม่มีดหรือพร้าผมไม่ทราบแต่มีอาวุธอยู่อะแล้ววิ่งปรี่มาหาตำรวจอะซึ่งเจ้าหน้าที่ก็ปฏิบัติงานเขาก็ป้องก็ชีวิตใครๆๆๆเขาก็รักจริงมั้ยป่ะเรื่องปกติธรรมดานี่ฮะนายธรรมรงค์จ้อยเจือนะฮะซึ่งเป็นน้องชายของนางอี๊ดผู้ตาย
22-22052-95.wav	ก็คือนายนพดลกรานเคารพอายุ38ปีนะครับ
22-22064-20.wav	พบผู้บาดเจ็บนะคะนายอุทิศนวศรีอายุ45ปี
22-22064-30.wav	ไปถูกนายอุทิศผู้ตายแต่ตำรวจบอกให้การพิรุธ
22-22064-42.wav	ปืนลั่นทำให้ถูกนายอุทิศนะฮะผู้ตายเนี่ยค่ะ
22-22074-171.wav	มีจุดแรกเลยนะฮะอยู่ดีๆก็ไปแทงเขาเนี่ยนางสาวอัญชญาบุญยียวนหรืออุ๋งอิ๋งอายุสิบหกคนซ้อนเนี่ย
22-22074-173.wav	นางสาวณัฐวดีโพธิ์พรมอายุสิบเจ็ดเนี่ยค่ะโอ้โหส่วนเพื่อนนายแจ๊กก็
22-22074-180.wav	ครับเขาก็ได้รับบาดเจ็บส่วนจุดที่สามหน้ามัสยิดนางสาวปิยวรรณกันยาเยื้อมอายุยี่สิบ
22-22074-184.wav	นางสาวชลดาหินคำอายุ22หน้าโรงแรมไทยแลนด์โฮเทลตอนที่นั่งอยู่บนรถจักรยานยนต์
22-22074-186.wav	จุดที่หกค่ะบนถนนโพศรีก็เอามีดไปแทงไหล่ซ้ายของนางสาวแว่นทิพย์วงษ์วิลัยอายุสามสิบสาม
22-22074-30.wav	อาจารย์เตนะฮะบอกว่านายอิทธิพลเนี่ย
22-22074-334.wav	เป็นเพื่อนของน้องอุ๋งอิ๋งชื่อว่านางสาวณัฐวดีโพธิ์พรมอายุ17ก็ถูกแทงเหมือนกัน
22-22074-381.wav	นางสาวอัญชญาบุญยียวนหรือว่าอุ๋งอิ๋งอายุเพิ่ง16ปีเท่านั้นนะค่ะ
22-22074-400.wav	ส่วนคุณพ่อของน้องอุ๋งอิ๋งนะครับคุณพ่อชื่อนายคำสิงห์บุญยียวนอายุ58ปี
22-22074-426.wav	น้องอุ๋งอิ๋งนางสาวอัญชญาบุญยิ่งยวนเพื่อนบอกว่าปีหน้า
22-22074-436.wav	ก็คือนางสาวชลดาหินคำหรือน้องจูนน่ะค่ะครับ
22-22074-442.wav	นายสุติหินคำอายุ45และนางนันทนาหินคำอายุ52พ่อกับแม่ของน้องจูนค่ะ
22-22074-483.wav	สนิทของน้องจูนค่ะนางสาวดาราพรก๊กวิลัยอายุยี่สิบสอง
22-22090-21.wav	เมื่อวานนี้นายวัฒนกุลหรือกวางซึ่งเป็นลูกเขยของส.ท.ตำบลไร่ขิง
22-22107-103.wav	นายไพรวัลย์ดีดวงดีดวงพันธุ์นะฮะ
22-22119-12.wav	เหลือนายนิพนธ์สินสุขอายุห้าสิบสองอ่ะค่ะเป็นพนักงานเทศบาลเมืองบางบัวทอง
22-22124-37.wav	ก็อย่างที่คุณทัศนัยบอกว่าทุกคนพูดเป็นเสียงเดียวกันเลยว่า
22-22132-52.wav	นายมาลัยพรทิมดีอายุ41ปีเจ้าของบ้านแจ้งให้ฟัง
22-22134-10.wav	ท่านผู้ชมครับคือคนเจ็บเนี่ยนายสุวัสดิ์เนี่ยบอกว่านี่โชคดีผมเป็นแค่นิ้วนะนี่คือลูกชายผมอายุ4ขวบถ้าไม่ได้ลูกชายเนี่ยอายุ4ขวบคนนี้เนี่ยเผลอๆไปทั้งแขน
22-22134-25.wav	นี่ฮะคือนายสุวัสดิ์เนี่ยบอกตอนนั้นบอกลูกบอกปิดเครื่องให้พ่อหน่อยลูก
22-22134-39.wav	ภรรยาของนายสุวัสดิ์ที่เจ็บนะฮะบอกว่าตอนนี้หมอทำการต่อนิ้วชี้
22-22134-40.wav	อะตกลงเป็นนิ้วชี้ด้านซ้ายนะอ่านิ้วชี้ซ้ายให้กับนายสุวัสดิ์สามีแล้ว
22-22134-8.wav	นายสุวัสดิ์นามมงคลอายุ47ปีเดี๋ยวดูตอนช่วยเหลือกันหน่อยนะฮะ
22-22134-9.wav	นี่ครับเจ้าหน้าที่กู้ภัยก็ต้องใช้เครื่องตัดถ่างต่างๆเนี่ยมาตัดนะฮะแล้วก็เอานิ้วที่ติดกับเฟืองเครื่องหยอดข้าวของนายสุวัสดิ์เนี่ยออกมาได้ใช้เวลาอยู่สัก20นาทีแต่โอ้โหคือนิ้วชี้ขวานี่แตกละเอียดนะฮะต้องรีบพาส่งโรงพยาบาลแต่
22-22142-21.wav	ก็ทราบว่าผู้ชายคนนี้ชื่อว่านายสุทินอายุ50ปีนะฮะเป็นคนศรีสะเกษ
22-22142-31.wav	คุยกับนายสุทินเนี่ยค่ะตำรวจก็บอกว่าอาการแบบนี้
22-22143-25.wav	เศรษฐีใหม่รายต่อไปของเราอยู่ที่ปราจีนบุรีนะคะนี่เลยนายธานินทร์แอร์สะอายุ33ปีเป็นชาวกบินทร์บุรีค่ะ
22-22143-27.wav	นายธานินทร์บอกว่าซื้อทุกงวดแล้วค่ะลอตเตอรี่เนี่ยขอให้ได้ลุ้นหน่อยเถอะงวดนึงเนี่ยซื้อประมาณสัก7ถึง10ใบ
22-22143-31.wav	ส่วนที่จังหวัดพะเยาค่ะนายอริยทัศน์รัศมีจันทร์อายุ23ปี
22-22151-6.wav	นายแอนดรูว์ลูเกอร์อัยการในรัฐมินนิโซตาของสหรัฐอเมริกา
22-22162-179.wav	นางรจนานางนางนุจิรา
22-22162-180.wav	นางสุภาพนางสาวมุจรินทร์นางสาววัฒนาซึ่ง
22-22162-183.wav	นายปริญญานางคูณนายวิจิตรนายสับ
22-22162-286.wav	นายนิรันดร์นายสุริยานายสับวาปี
22-22162-294.wav	นางรจนานายสุริยาเป็นกรรมการ
22-22162-657.wav	ที่สับวาปีสารภาพกับเจ้าหน้าที่ดีเอสไอระหว่างเดินทางมา
22-22166-26.wav	สอบสวนนายพายับเข็มทองอายุ68ปี
22-22166-42.wav	ที่จังหวัดฉะเชิงเทรากู้ภัยใช้อุปกรณ์ตัดถ่างช่วยเหลือนายวิชาญมากบดีอายุ49ปี
22-22166-64.wav	คือนายอนุสรณ์ตันเจริญอายุ27ปี
22-22169-72.wav	หากทางด้านนายนายพิชญะจันทรานุวัฒน์ครับ
22-22173-4.wav	นี่เป็นรถ22ล้อค่ะคุณผู้ชมนายธวัชชัยต่อหนองนาอายุ23ปีเป็นคนขับนะคะ
22-22173-5.wav	เสียหลักไปเฉี่ยวชนเข้ากับรถพ่วง18ล้อที่จอดเสียอยู่ข้างทางแล้วไปพุ่งชนกับรถกระบะที่มีนายวรพจน์ศาสตร์พันธุ์เป็นเจ้าของนะคะ
22-22180-9.wav	แล้วมีส่วนเกี่ยวข้องกับกรณีที่เฮียท้งหรือว่านายดำรงฤทธิ์กิตติวราภรณ์
22-22294-69.wav	มีตำรวจสองนายนายหนึ่งนี้ชื่อว่าเจ
22-22294-70.wav	นายหนึ่งผอมๆสูงๆบังคับให้เขียนคำรับสารภาพ
22-22294-98.wav	มีตำรวจนายหนึ่งชื่อเจอีกนายตัวสูงคล้ำๆ
22-22297-5.wav	สวนมาลาตำบลตาเนาะแมเราะอำเภอเบตงจังหวัดยะลา
22-22298-47.wav	หลังพยานเขาชี้ว่ารถคันเนี้ยขับมาประกบกับนายสิงหาคมผู้เสียชีวิต
22-22298-66.wav	นี่แหละคนขับบิ๊กไบค์ชื่อจริงคือนายอภิวัฒน์เขายอมรับแล้วนะ
22-22299-33.wav	จะมีประชาชนจำนวนมากเดินทางมาร่วมกราบสักการะ
22-22303-90.wav	นอกจากในไทยแล้วเดี๋ยวไปดูกันต่อใครที่จะเดินทางไปต่างประเทศนะครับ
22-22307-31.wav	ก็คือนายพงศธรเนตรสว่างอายุ23ปีนะคะ
22-22307-32.wav	อีก2สุบอีก2ศพคือนางสาววิชุดาวงราชวัย19ปี
22-22307-33.wav	แล้วก็นายณพัชรพงษ์ผลขำวัย17ปี
22-22310-10.wav	จากการสืบสวนสอบสวนเนี่ยทราบว่านางสาววิลาวัณย์ผู้ตายเนี่ย
22-22310-21.wav	นายทองพูลผู้ต้องหาเนี่ยให้การบอกว่า
22-22310-6.wav	ตรวจสอบล่าสุดศพเนี่ยก็คือนางสาววิลาวัณย์บุญเรืองอายุ50ปี
22-22311-0.wav	ในช่วงบ่ายของวันนี้ก็มีฝนตกหนักหลายจุดนะครับที่จังหวัดนครศรีธรรมราชเจ้าหน้าที่ก็ยังคงเฝ้าระวังตลอด24ชั่วโมงเพราะยังคงมีคำเตือนจากกรมอุตุนิยมวิทยาในเรื่องของน้ำป่าไหลหลากแล้วก็ดินโคลนถล่ม
22-22311-11.wav	ทั่วทั้งจังหวัดนะครับก็ครึ้มฟ้าครึ้มฝนไม่มีแดดไม่มีแดดเลยนะครับ
22-22311-13.wav	นายปราโมทย์ช่วยบุญชูผู้อำนวยการสถานีอุตุนิยมวิทยา
22-22311-4.wav	ตอนนี้ต้องบอกว่าคลื่นลมทะเลบริเวณอำเภอปากพนังจังหวัดนครศรีธรรมราช
22-22311-65.wav	ยุทธยาตุ้มมีข่าวไทยรัฐทีวีรายงานสดจากจังหวัดนครศรีธรรมราชครับ
22-22313-102.wav	จังหวัดที่ศาลากลางจังหวัดทุกจังหวัด
22-22313-26.wav	ในขณะที่นางสุรางคณาวายุภาพผู้อำนวยการสำนักงานพัฒนาธุรกรรม
22-22314-148.wav	แล้วตอนเนี้ยคุณหนุ่มพาครอบครัวแล้วก็ลูกเนี่ยนะเดินทางไปต่างประเทศ
22-22317-19.wav	เล่าให้ฟังว่าผู้ก่อเหตุเนี่ยเป็นพ่อของเขาเองคือนายดอกรักภู่เอี่ยมอายุ50ปี
22-22317-32.wav	ด้านตำรวจก็จะเร่งติดตามตัวนายดอกรัก
22-22319-19.wav	ก็นะฮะตำรวจก็ไปพบว่ามีผู้ที่มาแจ้งความนะที่จังหวัดตากอื้มโดยการแจ้งว่าได้ถูกหลอกนะฮะ
22-22319-24.wav	แต่เขาเขาเขาน้องบอกกำลังจะเดินทางไปเที่ยวปีใหม่แล้วก็มี
22-22319-9.wav	น้องณิชาเนี่ยไปไปถูกกล่าวหาแล้วก็ไปติดคุกที่สภ.จังหวัดตาก
22-22320-12.wav	เล่าว่าเมื่อคืนนี้ตัวเองมารับหน้าที่เข้าเวรต่อจากนายไพโรจน์ตอนที่มาถึงก็เห็นนายชาติชายผู้ตาย
22-22320-13.wav	กับนายศักรินทร์คนก่อเหตุนั่งดื่มเหล้าอยู่กันอยู่แล้วในป้อมยาม
22-22320-14.wav	แล้วนายไพโรจน์เพื่อนอีกคนออกเวรก็เข้าไปดื่มด้วยส่วนตัวเองเนี่ยมาเข้าเวรต่อก็เลยอยู่นอกป้อม
22-22320-16.wav	สักพักนึงก็เห็นนายชาติชายกับนายศักรินทร์เหมือนกับมีการล็อกคอกัน
22-22320-18.wav	ปรากฏว่าไปๆมาๆผ่านไปครั่วอ่าชั่วครู่เดียวนะครับนายศักรินทร์ผู้ก่อเหตุก็มาบอกกับตนว่า
22-22320-19.wav	ให้ไปตามหัวหน้ารปภ.มาพานายชาติชายส่งโรงพยาบาลหน่อยเพราะว่าถูกแทง
22-22320-21.wav	ส่วนนายศักรินทร์กับนายไพโรจน์ก็ขี่จักรยานยนต์ออกไปเลย
22-22320-29.wav	ที่อบต.ลานตากฟ้าอำเภอนครชัยศรีจังหวัดนครปฐมหลังจากได้รับ
22-22320-30.wav	ประสานจากญาติผู้ก่อเหตุให้มารับตัวนะฮะนายศักรินทร์ผู้
22-22320-6.wav	ผู้ตายชื่อว่านายชาติชายวันสุขอายุ51ปีนะครับส่วนผู้ก่อเหตุจากการสอบสวนทำให้รู้ว่าชื่อนายศักรินทร์หรุ่นรอด
22-22320-8.wav	ไปกับเพื่อนรปภ.อีกคนนึงชื่อว่านายไพโรจน์โพธิสาวังตอนนั้นทั้งหมดเนี่ยนั่งดื่มสุราอยู่ด้วยกันนะ
22-22320-9.wav	แต่ว่านายไพโรจน์เนี่ยพยานบอกว่าไม่ได้ลงมือก่อเหตุค่ะแต่ว่าไปด้วยกันนะ
22-22326-7.wav	ว่าเป็นแรงงานชาวเมียนมานะครับชื่อนายซออาจนอายุ40ปีนะครับ
22-22327-27.wav	ส่วนที่จังหวัดกระบี่เกิดอุบัติเหตุรถจักรยานยนต์ชนต้นไม้
22-22327-31.wav	พบศพนายบรรจบชูฉิมอายุ62ปี
22-22327-47.wav	อุบัติเหตุที่เกิดขึ้นทำให้นางบุษรินทร์ชนะโรคอายุ42ปี
22-22327-60.wav	ในพื้นที่ตำบลหญ้าปล้องอำเภอเมืองจังหวัดศรีสะเกษ
22-22327-63.wav	ห่างไปเล็กน้อยพบศพนางสาวสิริประภาทุมพร
22-22327-69.wav	ตำรวจสอบสวนนางสาวธนพาคณานิจอายุ47ปี
22-22329-21.wav	อีกหนึ่งสุดปังค่ะก็คือนางร้ายหน้าสวยอย่างแพร์พิชชาภา
22-22330-65.wav	นักท่องเที่ยวที่ไม่ได้ระวังตัวก็เลยเกิดเหตุสลดขึ้น
22-22332-15.wav	คนที่ขี่รถบิ๊กไบค์ที่มาชนท้ายรถเก๋งซึ่งจอดติดไฟแดงชื่อว่านายธนาวุฒิกลิ่นทับทิมอายุ19ปีค่ะ
22-22332-17.wav	ชื่อว่านางสาวพรรณิภาโพธิ์ชัยแก้วนางสาวพรรณิภาเนี่ยร่างลอยละลิ่วกระเด็นข้ามรถเก๋งไปตกอยู่ที่ด้านหน้าเลยนะคะ
22-22334-11.wav	เช้าแบบนี้ต้องอรุณสวัสดิ์สอสองของผมคุณศุภัสรานะฮะแล้วก็ต้องสวัสดีคุณทัศนัยรวมถึงคุณผู้ชมด้วยนะครับ
22-22334-194.wav	ดังนั้นเนี่ยของอีกหนึ่งอย่างที่ต้องมีขายในจังหวัดเชียงใหม่
22-22334-288.wav	ในส่วนของจังหวัดเชียงใหม่เองอะนะคะ
22-22334-291.wav	ซึ่งเมื่อวานนี้ที่อำเภอสารภีจังหวัดเชียงใหม่เอง
22-22334-292.wav	เขาก็มีการซ้อมนางรำ1400กว่าคนแหนะ
22-22334-299.wav	ค่ะซึ่งเป็นนางรำจากชมรมผู้สูงอายุนะ
22-22334-301.wav	อำเภอสารภีจังหวัดเชียงใหม่ค่ะ
22-22334-319.wav	ที่จังหวัดเชียงใหม่คือเมื่อวานเนี่ยที่ลำพูนเนี่ยเขาจัดแสดงไปแล้วค่ะ
22-22334-363.wav	ใครเดินทางไปก็เตรียมตัวเพราะว่าคนน่าจะเยอะมากจริงๆ
22-22337-19.wav	เหตุการณ์นี้เขาบอกว่ามันเกิดแถวๆนิคมพัฒนาจังหวัดระยอง
22-22337-38.wav	แล้วก็พบว่านายทองหยดมีอาการมึนเมาด้วยค่ะ
22-22338-104.wav	ส่วน3ล้านกว่าบาทอีกครึ่งหนึ่งคาดว่านายทักษ์ดนัยเนี่ยเอาไปแล้ว
22-22338-105.wav	แล้วตอนเนี้ยค่ะนายทักษ์ดนัยหรือว่านายกอล์ฟเนี่ยนะ
22-22338-109.wav	ตั้งแต่นายทักษ์ดนัยกับนายแบงค์มาเช่าห้องเนี่ย
22-22338-23.wav	และจุดสุดท้ายจุดที่4คือจุดที่นายแบงค์เนี่ยนำรถจักรยานยนต์
22-22338-31.wav	ของนายทักษ์ดนัยเหนี่ยวรั้งใจอายุ27ปี
22-22338-33.wav	เมื่อมาถึงจุดเกิดเนี่ยเหตุนายทักษ์ดนัยสั่งให้นั่งรออยู่ที่รถ
22-22338-34.wav	ก่อนที่นายทักษ์ดนัยจะเดินลงไป
22-22338-3.wav	ที่เขาเคยทำแบบนี้มาแล้วในพื้นที่จังหวัดนนทบุรีเมื่อปี
22-22338-49.wav	เพราะว่านายทักษ์ดนัยหรือว่านายกอล์ฟเนี่ย
22-22338-58.wav	เพราะว่านายทักษ์ดนัยเนี่ยเอาเงินไปใช้ทำอะไรบ้างรู้ไหมคุณ
22-22338-66.wav	รวมถึงนายแบงค์คนที่ถูกจับได้เนี่ย
22-22338-6.wav	เมื่อวานนี้ตำรวจนครบาลหนองค้างพลูคุมตัวนายจิรายุส
22-22338-93.wav	คือนายแบงค์เนี่ยให้การรับสารภาพมาอย่างนี้อีกอย่างนึง
22-22340-3.wav	อดีตเจ้าอาวาสวัดเขาน้อยหรือว่าสำนักสงฆ์เขาน้อยตาดหินกองที่ตำบลสาริกาจังหวัดนครนายก
22-22342-13.wav	ผู้ตายชื่อว่านางสาวไอยรดาหลอดเพ็ชรอายุ26ปี
22-22342-15.wav	ของนางสมปองซึ่งเป็นแม่ของผู้เสียชีวิต
22-22342-27.wav	ล่าสุดวันนี้ครับนายเกียรติศักดิ์จันทราผู้ว่าจังผู้ว่า
22-22342-30.wav	แล้วก็ถุงยังชีพแล้วก็มีเงินของคนที่ใจบุญโอนเข้าบัญชีของนางสมปองตอนนี้แล้วเนี่ย
22-22343-27.wav	ค่ะคนที่พบก็คือนางสวงสงวนไว้อายุห้าสิบเจ็ดปีพบที่คลองทองโอ้โหดูชื่อนะคะ
22-22343-35.wav	เขาจัดงานชื่อว่าท่องเที่ยวบางสะพานตำนานเมืองทองคือที่นี่เขาเป็นตำนานอยู่แล้วนะฮะ
22-22345-29.wav	แล้วก็ตามจังหวัดที่ขึ้นที่หน้าจอเนี่ยนะคะอุณหภูมิก็จะอยู่ที่ประมาณ23ถึง34องศาเซลเซียสค่ะ
22-22346-13.wav	ตำรวจสภ.บ้านแยงคุมตัวนายช้างนะคะนายชลวิทย์อยู่เจริญอายุ46ปี
22-22350-145.wav	ที่จังหวัดอีกรูปหนึ่งอาตมาจำไม่ได้เนี่ย
22-22350-228.wav	ท่านอาจจะเรียกมาตักเตือนนะฮะเอ่อท่านเจ้าอาวาสหรือคณะตำบลอำเภอเอ่อจังหวัดหรือภาคแล้วแต่
22-22351-17.wav	อำเภอบางปะกงจังหวัดฉะเชิงเทรา
22-22354-13.wav	นายอภิสิทธิ์ระบุต้องไปถามผู้สมัครคนอื่น
22-22354-24.wav	นายอภิสิทธิ์ระบุว่าต้องให้กกต.เป็นผู้พิจารณาว่ามีความผิดหรือไม่
22-22354-44.wav	วัดภูเขาดินจังหวัดนครศรีธรรมราช
22-22354-8.wav	นายอภิสิทธิ์เวชชาชีวะผู้สมัครชิงตำแหน่งหัวหน้าพรรค
22-22358-87.wav	มาทำเป็นกระปุกออมสินซะไปดูกันหน่อยนะครับที่จังหวัดพิษณุโลกครับ
22-22358-91.wav	เอาล่ะนี่เลยครับก็คือนายศุภชัยพินิจอักษร
22-22359-106.wav	ที่เพิ่งเดินทางมาถึงเชียงรายไม่กี่ชั่วโมง
22-22359-188.wav	นายณรงค์ศักดิ์โอสถธนากรผู้ว่าราชการจังหวัดเชียงรายยอมรับว่า
22-22359-242.wav	ขณะที่นักดำน้ำของหน่วยซีล4นาย
22-22359-285.wav	จังหวัดพิษณุโลกให้เดินทางมาทำพิธีแผ่เมตตา
22-22359-300.wav	เมื่อทุกก้าวจังหวะนับเป็นสัญญาณบวกสร้างความหวัง
22-22359-38.wav	8นาฬิกาทีมกู้ภัยกรมอุทยาน7ทีมระดมกำลังค้นหาทีมหมูป่าแต่เช้ามุ่งหน้าเดินเข้าถ้ำค้นหาอีกครั้ง13นาฬิกานายณรงค์ศักดิ์โอสถธนากร
22-22359-69.wav	กองทัพเรือจำนวน16นาย
22-22359-72.wav	ญาติๆเริ่มเดินทางมาจุดธูปเทียน
22-22359-86.wav	ที่หายเข้าไปในถ้ำหลวงขุนน้ำนางนอน
22-22359-8.wav	นาฬิกาเจ้าหน้าที่วนอุทยานถ้ำหลวงขุนน้ำนางนอน
22-22360-12.wav	พฤศจิกายนที่ผ่านมานางสาวบีนะคะนักเรียนหญิงชั้นม.6นะคะ
22-22361-10.wav	เหตุการณ์เกิดขึ้นที่ศูนย์เด็กเล็กเก่าอยู่ที่ตำบลทุ่งฝายอำเภอเมืองจังหวัดลำปาง
22-22361-42.wav	น้าชื่อว่านายทิวอายุ17ปี
22-22362-17.wav	ผู้เสียชีวิตนะคะทราบชื่อคือนายธงชัยวงสะอาดอายุ36ปี
22-22362-29.wav	ส่วนนางสาวสมควรวงสะอาดอายุ32ปี
22-22364-10.wav	ที่มันเอาไปขายสอบปากคำนายจตุพลชาลีวรรณ
22-22364-19.wav	จึงรีบเดินทางไปตรวจสอบไปเจอกับคนร้ายครับ
22-22367-13.wav	เพราะว่าจัดกันเต็มสตรีมจริงๆสำหรับสงกรานปีนี้ไปดูที่จังหวัดสุโขทัยกันหน่อยค่ะ
22-22367-14.wav	เขาบอกไม่น้อยหน้าขอนแก่นเลยนะเพราะนายกอบจ.สุโขทัยพร้อมกับหน่วยงานที่เกี่ยวข้องเนี่ย
22-22369-3.wav	ระหว่างที่เจ้าตัวนั้นเดินทางไปพักผ่อนอยู่ที่มาดริดประเทศสเปนนะครับ
22-22369-5.wav	ตองก็เดินทางนะครับไปเที่ยวที่สเปนนะครับ
22-22369-6.wav	เจ้าตัวว่าไม่เคยไปนะครับก็เดินทางไปกับคุณเจมส์ลาลีกานะครับ
22-22369-7.wav	เดินทางไปหาคุณเจมส์ลาลีกาที่นั่นนะครับเพื่อที่จะพักผ่อนมีเวลาประมาณสามสี่วันนะครับ
22-22372-18.wav	ในจำนวนนี้บอกมีตำรวจร่วมอยู่ด้วย2นาย
22-22373-8.wav	หายออกจากบ้านในอำเภอรัตภูมิจังหวัดสงขลาครับตั้งแต่เวลา16นาฬิกาของวันที่12กันยายนที่ผ่านมา
22-22372-24.wav	และนายพรพิชัยเจริญสุขหรือว่าบอย
22-22372-25.wav	นายบอยเป็นอดีตตำรวจอาสาสมัครของสภ.คูคต
22-22372-54.wav	นายพรศักดิ์เสาวพงษ์หรือหนึ่งคนนี้
22-22376-18.wav	นายเสกสรรค์ศุขพิมายหรือว่าเสกโลโซ
22-22376-20.wav	และทนายส่วนตัวเนี่ยเดินทางมารายงานตัวครับ
22-22376-26.wav	เจ้าตัวเดินทางมาถึงเวลา10โมงครึ่ง
22-22376-87.wav	ก็จะส่งสำนวนของเสกให้กับอัยการจังหวัดนครศรีธรรมราช
22-22376-91.wav	อำเภอพรหมคีรีจังหวัดนครศรีธรรมราช
22-22377-12.wav	ซึ่งนายนทีนั้นได้หลบหนีออกจากอ่าที่บ้านพักเนี่ยไปอยู่ในอาคารแห่งนี้
22-22377-18.wav	โดยขณะที่เกิดเหตุเนี่ยนางสมศรีพยายามต่อสู้
22-22377-20.wav	เพื่อนบ้านก็ได้ยินทำให้นายนทีตกใจ
22-22377-32.wav	ตำรวจก็ยึดทั้งหมดเป็นหลักฐานพร้อมกับแจ้งข้อกล่าวหานายนทีไป
22-22381-1.wav	เป็นตำรวจภูธรสทิงพระจังหวัดสงขลาสกัดจับรถกระบะค่ะ
22-22381-6.wav	สกัดจับรถกระบะบรรทุกเนื้อวัวเถื่อนแช่แข็งบนถนนสายสงขลาระโนดตำบลสทิงพระจังหวัดสงขลา
22-22381-8.wav	โดยมีนายอับดุลลาซิตหะยีสะแลแมอายุ45ปีเป็นคนขับรถ
22-22381-9.wav	ยอมรับว่าเป็นผู้ที่รับจ้างขนส่งเนื้อวัวเถื่อนของนายทุนใหญ่รายนึงที่จังหวัดสงขลา
22-22384-50.wav	แล้วก็3จังหวัดชายแดนใต้อีก500กว่าบอกเมื่อปี64ครับท่านประธาน
22-22385-13.wav	เพิ่งเลิกงานกำลังขี่รถจะกลับบ้านแต่ว่าถูกนายสราวุฒิขี่รถจักรยานยนต์ย้อนศรขี่เร็วมากพุ่งมาชน
22-22385-18.wav	ห่างจากจุดเกิดเหตุประมาณกิโลนึงนะคะนายสราวุฒิผู้ก่อเหตุขี่มาพอเห็นด่านหนีเลย
22-22385-20.wav	ตำรวจขี่ไล่นะนายสราวุฒิย้อนศรแล้วเนี่ยค่ะ
22-22385-7.wav	เจ็บสาหัส3รายนายสราวุฒิอายุ30นางสาวอภัญญาอายุ29และนางสาวสุภัสสร
22-22385-8.wav	แต่สุดท้ายคือนางสาวอภัญญาเธอเสียชีวิตเลยอะค่ะ
22-22385-91.wav	ส่วนนางสาวสุภัสสรพนักงานแม็คโครอีกคนนึงอะนะ
22-22386-47.wav	ส่วนนายวีรพงศ์บุญรอดเจ้าหน้าที่ดับเพลิงอบต.บางพระ
22-22386-5.wav	ตำบลบางพระอำเภอศรีราชาจังหวัดชลบุรี
22-22386-55.wav	ที่อาจจะมีส่วนทำให้ฟ้าลงที่นายพิสิษฐ์
22-22386-9.wav	นายพิสิษฐ์พรพัชราเรืองกุลอายุ30ปี
22-22387-16.wav	แล้วก็นายธุวานนท์เจริญถิ่นอายุ41ปี
22-22387-18.wav	หลังเกิดเหตุนายอาทิตย์แจ่มโนนคูณอายุ41ปี
22-22387-26.wav	ตัวเขาเองคือนายถาวรเนี่ยรวมถึงผู้ตายผู้บาดเจ็บ
22-22387-31.wav	จากนั้นก็ยกปืนมายิงนายธุวานนท์
22-22387-33.wav	กระสุนเนี่ยไปถูกที่ขาของนายธุวานนท์
22-22387-34.wav	นายธุวานนท์เนี่ยวิ่งหนีได้
22-22387-35.wav	ส่วนตัวของอ่านายถาวรซึ่งอยู่ในเหตุการณ์อีกคนนึงนะครับ
22-22387-42.wav	ช่วงเดินทางกลับอยู่ๆผู้ใหญ่บ้าน
22-22387-44.wav	ส่วนตัวของนายถาวรเชื่อว่าผู้ใหญ่บ้านเนี่ยมีความเครียดสะสมมาก่อน
22-22388-35.wav	อย่างเช่นท่านนี้ค่ะนายกอบศักดิ์ภูตระกูลรัฐมนตรี
22-22388-61.wav	ท่านที่2คุณอุตตมสาวนายน
22-22389-101.wav	แล้วนายกาโตะก็บอกว่าเงินเนี่ยเบิกออกมาแล้ว
22-22389-2.wav	เพราะว่าเจ้าคณะจังหวัดนครศรีธรรมราชตอนนี้เตรียมเตรียม
22-22389-6.wav	พระครูสิริธรรมาภิรัตน์เจ้าคณะจังหวัดนครศรีธรรมราช
22-22389-59.wav	ก็ทีมข่าวไทยรัฐของเราก็เดินทาง
22-22389-76.wav	เมื่อวานนี้นายยุทธนาแต่งวงศ์
22-22389-78.wav	แล้วก็นายไพฑูรย์อินทศิลานะครับ
22-22389-86.wav	ล่าสุดนายยุทธนาและนายไพฑูรย์เนี่ย
22-22390-0.wav	พิธีแห่ข้าวโอ้นโต้นในพื้นที่บ้านตะคุอำเภอปักธงชัยจังหวัดนครราชสีมา
22-22392-7.wav	ตำบลบ้านค้ออำเภอเมืองจังหวัดขอนแก่น
22-22392-9.wav	นะคะนางคำแงงนั้นใช้ผลิตภัณฑ์เสริมอาหารที่มีเอกสารกำกับว่า
22-22394-105.wav	น้องตี๋หรือว่านายพรชัยคำหลวงอายุ16ปีแล้ว
22-22394-11.wav	นายสุจินต์ไชยชุมศักดิ์ผู้ว่าราชการจังหวัดพระนครศรีอยุธยานะครับ
22-22394-1.wav	หลายๆพื้นที่นะคะหลายจังหวัดมีการทำกิจกรรมเป็นลักษณะของจิตอาสา
22-22394-27.wav	ไปดูบรรยากาศที่ศาลากลางจังหวัดชัยนาทกันหน่อย
22-22394-28.wav	ก็มีประชาชนจำนวนมากเดินทางไปร่วมบริจาคโลหิตที่เหล่ากาชาดจังหวัด
22-22394-2.wav	นะคะเนื่องในวันแม่แห่งชาติพาไปดูที่จังหวัดนครราชสีมากันก่อน
22-22394-49.wav	ส่วนที่สวนนงนุชพัทยาอำเภอสัตหีบจังหวัดชลบุรี
22-22394-66.wav	ขณะที่ปฏิบัติหน้าที่ในพื้นที่จังหวัดชายแดนภาคใต้
22-22394-90.wav	แหล่งท่องเที่ยวชุมชนบ้านปางห้าหมู่ที่1ตำบลเกาะช้างอำเภอแม่สายจังหวัดเชียงราย
22-22395-277.wav	ชายที่เป็นเจ้าหนี้เนี่ยเนาะเขาอยู่ในอำเภอด่านขุนทดจังหวัดนครราชสีมาครับ
22-22395-311.wav	คนขับแท็กซี่เจ้าของคลิปเนี่ยก็เดินทางมาแจ้งความกับตำรวจสน.บางเสาธง
22-22395-411.wav	เขาบอกว่าผู้ก่อเหตุเนี่ยคือนายต้อมเป็นอดีตผู้ตรวจสอบสหกรณ์ออมทรัพย์หมู่บ้านครับ
22-22396-13.wav	ไปเที่ยวที่อำเภอแม่สายจังหวัดเชียงราย
22-22398-39.wav	ขยับมาที่สถานการณ์ภัยแล้งจังหวัดลพบุรีกันบ้างนะคะ
22-22399-0.wav	ไปดูเหตุการณ์เกิดขึ้นที่จังหวัดอุบลราชธานีกันหน่อยนะฮะ
22-22399-25.wav	ที่จังหวัดอุบลราชธานี
22-22402-28.wav	ของจังหวัดระยองหน้าโรงเรียนอรวิน
22-22404-16.wav	คนขับที่ได้รับบาดเจ็บนี่นะคะคือนายสาครทุมทองอายุ31ปี
22-22404-19.wav	อันนี้คือตอนที่เจ้าหน้าที่เนี่ยนำตัวนายสาครคนขับกระบะเนี่ยออกมาได้
22-22404-25.wav	คนขับรถบัสคือนายวิทวัฒน์พันธชัยอายุ33ปี
22-22405-30.wav	เยอะจริงๆค่ะคนที่มีกิจกรรมที่มาร่วมเดินทางเนี่ยนะครับที่เดินทางไกลที่สุดก็ได้ด้วยโอ้
22-22406-6.wav	ที่อำเภอพรหมคีรีจังหวัดนครศรีธรรมราชนะคะบรรยากาศก็ต้องบอกว่า
22-22407-1.wav	เพราะว่าตอนนี้เนี่ยคือแต่ละจังหวัดก็ต้องไปบริหารจัดการใช่
22-22411-110.wav	ครามกับทหารเรือนายนี้นะครับเพราะอยู่ในขั้นตอนการสอบ
22-22412-10.wav	ก็จะเดินทางไปชมเกมบิ๊กแมทช์นะคะระหว่างสมุทรปราการซิตี้ที่จะเจอกับบุรีรัมย์ยูไนเต็ดนะคะ
22-22414-15.wav	อำเภอเกษตรสมบูรณ์จังหวัดชัยภูมิครับ
22-22417-10.wav	จากลักษณะของถ้ำแม่อุสุมีสภาพเหมือนกับถ้ำหลวงขุนน้ำนางนอน
22-22417-1.wav	กองบัญชาการสงครามพิเศษได้ส่งหน่วยซีลสมทบเพิ่มเติมเข้าไปอีก12นายเพื่อเร่งค้นหาเด็กๆ
22-22417-8.wav	จากกรณีนักฟุตบอลเยาวชนแม่สายติดในถ้ำหลวงขุนน้ำนางนอน
22-22417-9.wav	ห้ามนักท่องเที่ยวเข้าไปหวั่นจะซ้ำรอยที่จังหวัดเชียงราย
22-22418-2.wav	คือภรรยาเนี่ยอยู่ที่จังหวัดน่าน
22-22422-14.wav	พบศพนางนภัสสรปาทานอายุ39ปี
22-22430-14.wav	ตัวนายคำตันสามีก็เอามีดไล่แทงซ้ำจนภรรยาเนี่ยเสียชีวิตขาดที่
22-22430-8.wav	ถูกตำรวจภูธรสภ.ศรีบุญเรืองจังหวัดหนองบัวลําภูสอบปากคำนะคะ
22-22433-15.wav	เนี่ยนะคะมาไว้ที่ศาลาวัดนาบุญที่อำเภอธัญบุรีจังหวัดปทุมธานี
22-22436-13.wav	ชาวบ้านหมู่3ตำบลแสลงโทนในอำเภอประโคนชัยจังหวัดบุรีรัมย์
22-22442-70.wav	ซอยสอนทองตำบลอ้อมน้อยอำเภอกระทุ่มแบนจังหวัดสมุทรสาคร
22-22445-43.wav	นะครับก็บอกว่าได้ทำการแข่งขันจนชนะเลิศก่อนได้รับคัดเลือกให้เป็นตัวแทนระดับจังหวัด
22-22445-44.wav	ไปแข่งขันในระดับภาคที่จังหวัดลำปาง
22-22447-102.wav	ทางด้านตะวันออกเฉียงใต้ของอำเภอปากพนังจังหวัดนครศรีธรรมราช
22-22447-130.wav	ไม่ว่าจะเป็นแนวของจังหวัดสงขลา
22-22447-79.wav	ทางจังหวัดนครศรีธรรมราชในช่วงค่ำของวันพรุ่งนี้
22-22447-7.wav	หมายถึงว่าจะเปลี่ยนแบบทิศทางใหญ่ๆเนี่ยแต่ว่าจังหวัดที่จะขึ้นฝั่งเนี่ยนะฮะ
22-22449-179.wav	ค่าท่องเที่ยวอีกหนึ่งแสนอืมมีเงินบริจาคที่แจ้งเอาไว้ว่าบริจาคอีกห้าล้านหนึ่ง
22-22453-32.wav	และเดินทางมาก่อนล่วงหน้าก่อนชาติอื่นๆ
22-22455-10.wav	ที่ตำบลสำเภาล่มจังหวัดพระนครศรีอยุธยา
22-22456-13.wav	ที่นิยมท่องเที่ยวกันทั้งครอบครัวหรือเป็นหมู่คณะ
22-22457-17.wav	หมอก็เตรียมตัวใส่ชุดป้องกันสวมเฟสชิลเดินทางไปช่วยเหลือคนป่วยนี่นะคะ
22-22457-18.wav	การเดินทางครั้งนี้เนี่ยคุณหมอใช้รถจักรยานยนต์
22-22457-35.wav	ทิ้งท้ายไว้แบบนี้แล้วก็เดินทางกลับไป
22-22457-38.wav	ในพื้นที่ตำบลน้ำพางอำเภอแม่จริมจังหวัดน่าน
22-22459-5.wav	เป็นชาวบ้านหมู่15ตำบลโพธิ์งามอำเภอประจันตคามจังหวัดปราจีนบุรี
22-22418-14.wav	นี่คือภรรยาของนายธวัชชัยแซ่ท้าวหรือเช้งค่ะ
22-22418-1.wav	ชื่อว่านายธวัชชัยแทร่ท้าวหรือเช้งค่ะ
22-22422-29.wav	จึงอยากฝากให้นายเมียนวากัสอาหมัด
22-22422-42.wav	สามารถจับภาพของนายเมียนวากัสอาหมัดไว้ได้
22-22430-10.wav	คดีที่ใช้รถยนต์ไล่ชนรถจักรยานยนต์ของนางอุบลชัยสงค์อายุ47ปี
22-22433-42.wav	คือน้องตาวนายสรัญสำเนียงล้ำอายุ25ปี
22-22442-10.wav	ลูกสาวของนางลำยวนเนี่ยบอกว่าช่วง8โมงเช้าเมื่อวานนี้
22-22442-117.wav	บอกว่าน้องชายเนี่ยตั้งแต่ไปมีครอบครัวก็คือไปอยู่กับนางลำยวนเนี่ยนะนายเต่ยนี้อายุ70นางลำยวนอายุ60นะฮะ
22-22442-119.wav	จากนั้นก็มาอยู่กับนางยวนที่สมุทรสาคร
22-22442-34.wav	ก็คือนางลำยวนผู้ตายกับนายเต่ยสามีใหม่ของเขาเนี่ย
22-22442-13.wav	แล้วก็โทรหาสามีใหม่ของแม่ด้วยชื่อนายมนัสชื่อเล่นชื่อเต่ย
22-22442-37.wav	ตัวนายเตยเองนี่ก็อยู่กับนางยวนมา10ปีแล้วเป็น10ปีแล้ว
22-22442-38.wav	ทุกเช้านายเต่ยเขาจะขับรถกระบะพานางยวนไปขายของ
22-22442-40.wav	ลูกสาวนางยวนเนี่ยเขาก็จะมารับแม่ไปขายของ
22-22442-44.wav	จนกระทั่งคืน31กรกฎาคมเห็นนางยวนยืนอยู่หน้าบ้าน
22-22442-56.wav	นี่คือนายเตยนะฮะสามีของนางยวนเดินออกมาจากบ้าน
22-22442-6.wav	นางลำยวนสังคมอายุ60ปีนะเสียชีวิตในสภาพเปลือยกาย
22-22442-76.wav	ก่อนที่20นาฬิกา15นาทีรถเก๋งของลูกสาวที่ส่งนางยวนถึงบ้านแล้วเนี่ย
22-22445-42.wav	นายพิศาลเฉลยศักดิ์อาจารย์ผู้ฝึกสอนวงดนตรีลูกทุ่งโรงเรียนเทศบาลวัดท้ายตลาด
22-22447-98.wav	นางสาวกรรวีสิทธิชีวภาค
22-22454-13.wav	ชื่อว่านางบุญธรรมศรีชูอายุ88ปีนี่ฮะคุณยายท่านนี้
22-22454-50.wav	นายสันติสุขวิ่งมาจากศาลาแล้วก็เอาครกกับสากเนี่ยทุ่มใส่ศีรษะของผู้ตายเขาอะ
22-22454-52.wav	แล้วก็เห็นคนขับไล่นายสันติสุขลงมาจากรถแล้วรถทัวร์ก็ไป
22-22455-8.wav	กับนายวีระยุทธ์หรือบังซันอายุ40ปี
22-22457-36.wav	คุณหมออนามัยท่านนี้ค่ะก็คือนางสาวศศิธรกันทะ
22-22458-14.wav	และระหว่างนั้นนายอนุชาประทุมมาเป็นเจ้าหน้าที่รักษาความปลอดภัย
22-22458-18.wav	ก็คือนายจิระพันธ์โกยทรัพย์ก่อนที่จะซัดทอดว่ามือปืนคือนายยุทธนากุหลาบม่วง
22-22458-34.wav	ต้องว่าจ้างนายจิระพันธ์และนายยุทธนาไปทำร้ายร่างกายนายอุดม
22-22458-38.wav	และอีกหนึ่งคนที่ยังจับไม่ได้ตอนนี้ก็คือนายยุทธนามือปืนมาดำเนินคดีค่ะ
22-22458-8.wav	ก็คือนายสุริยดิษฐ์จรัสชิตณรงค์นะคะ
22-22459-30.wav	ค่ะกัดชาวบ้านเข้าไปหมดเลยนะครับนายอนันต์ภู่แก้วอายุห้าสิบสี่ปี
22-22459-4.wav	นักข่าวของเราได้รับแจ้งนะคะจากนางสาวดลนภาแซ่อึ้งอายุ30ปี
22-22460-17.wav	หมู่บ้านห้วยหลุงตำบลปากจั่นที่กระบุรีที่จังหวัดระนองครับ
22-22461-10.wav	ส่วนที่เสียชีวิตอยู่ตรงนี้เนี่ยนี่คือนายวิโรจน์ยกแก้วเป็นอดีตน้องเขยนะครับ
22-22461-21.wav	วันนี้ห้าคนกำลังพักผ่อนกันอยู่ที่บ้านได้ยินเสียงของนายวิโรจน์มาตะโกนเอะอะ
22-22461-24.wav	ก่อนที่นายวิโรจน์จะวิ่งไปหลังบ้านแล้วเอามีดพร้าเนี่ยฟันใส่ประตูหลังบ้าน
22-22461-26.wav	จะฆ่ายกครัวเลยจะเผาบ้านทิ้งด้วยระหว่างนั้นเขาเห็นว่านายวิโรจน์เนี่ย
22-22461-31.wav	นายสิทธิชัยยืนยันว่าไม่มีเจตนาจะแทงจนเสียชีวิตนะครับแต่ทำไปเพื่อป้องกันตัวจริงๆ
22-22461-32.wav	เพราะตอนนั้นนายวิโรจน์เนี่ยมีอาการคลุ้มคลั่งจะพังประตูเข้ามาให้ได้
22-22461-34.wav	ใช้เหล็กแทงปาล์มเนี่ยแทงสวนออกไปหนึ่งครั้งเพื่อป้องกันไม่ให้นายวิโรจน์เนี่ยบุกเข้ามาในบ้าน
22-22461-35.wav	ตอนนั้นไม่เห็นด้วยว่านายวิโรจน์เนี่ยยืนอยู่ตรงจุดไหนของประตู
22-22461-37.wav	ก็พาทุกคนเนี่ยวิ่งหลบไปที่บ้านอีกหลังนึงมารู้อีกทีก็อ้าวนายวิโรจน์ตายแล้ว
22-22027-179.wav	นางสาวเสาวลักษณ์ภูรณีเจ้าของร้านบอกว่า
22-22062-34.wav	ก่อนจะสำทับรัฐบาลสหรัฐชุดนายบารักโอบามาก่อนหน้านี้
22-22705-10.wav	และจากการที่เจ้าหน้าที่ได้ตรวจสอบประวัตินะคะก็พบว่าผู้ชายคนเนี้ยคือนายวรัญญูสิทธิรัตนยืนยงอายุ27ปีครับ
22-22696-28.wav	สุนทรการช่างย่านคลอง4อำเภอคลองหลวงจังหวัดปทุมธานีนะครับ
22-22696-24.wav	ครอบครัวนี้เลยครับเป็นของนางสาวกฤษดาสิงห์อุปโปอายุ40ปี
22-22694-19.wav	ไม่มีแม้แต่รอยขีดข่วนนายวัฒนะอาจดวงดีดิฉันชอบนามสกุลและชื่อนี้มาก
22-22686-5.wav	ไปทานกันเลยอยู่ที่จังหวัดพะเยาครับ
22-22686-33.wav	มันอร่อยดีแถมมีประโยชน์อยู่ที่จังหวัดพะเยาแหมที่นี่นะ
22-22684-28.wav	นายฟักก็คือนายสมลักษณ์มอบพิจิตรอายุ30
22-22684-23.wav	คนเจ็บชื่อว่านายป๊อปนะคะนายอนุชาอนุวงศ์สกุลอายุ30
22-22684-16.wav	เขตเทศบาลนครตรังอำเภอเมืองจังหวัดตรัง
22-22684-111.wav	ที่สภ.เมืองตรังจนถึงขั้นเขาย้ายไปทำงานจังหวัดอื่นน่ะคุณผู้ชมอา
22-22684-0.wav	พาไปดูเหตุการณ์นี้ที่จังหวัดตรังปมเหตุมาจากเรื่องชู้สาว
22-22681-67.wav	เดินทางมาสรงน้ำองค์หลวงพ่อพระใส
22-22681-62.wav	ก็ประทับใจคนที่เดินทางไปกราบไหว้ในช่วงสงกรานต์นี้นะคะ
22-22680-27.wav	ด้านนายอัครพงษ์ค่ำคูณอาจารย์ประจำวิทยาลัยนานาชาติ
22-22679-5.wav	ทนายเดชาบอกว่าไอ้กล้องหน้ารถตรงนี้เนี่ย
22-22679-4.wav	ทนายเดชาเคยเป็นทนายในคดีเนี้ยเคยเป็นทนายของคุณแม่
22-22675-9.wav	คนที่ไปประสบเหตุชื่อว่านางสาวมนัสวีร์สิงห์ขรณ์อายุ22ปี
22-22675-1.wav	สาวจังหวัดนนทบุรีบอกว่าขับรถงงๆในดงปืน
22-22673-66.wav	หนึ่งในนั้นคือนายวัชรพลเฉพาะธรรม
22-22673-62.wav	กับจังหวัดอื่นๆนะคะก็จะมีทั้งชายแท้ชายเทียม
22-22673-128.wav	อีกคนคือนายปริญญาบุญสูงเนิน
22-22673-126.wav	ส่วนนายเจษฎาภรณ์เมยขุนทด
22-22673-116.wav	นะคะเดินทางมารายงานตัวแล้วก็สร้างความฮือฮา
22-22671-2.wav	มีนางรำแต่งตัวสวยงามมีกลองยาวให้จังหวะการเดินมีพ่อนาคถือตาลปัตรสะพายบาตร
22-22670-2.wav	สำหรับสถานที่จัดพิธีถวายดอกไม้จันทน์ของภาคประชาชนในแต่ละจังหวัดนะครับ
22-22669-6.wav	บ้านลาบาตำบลแม่ฟ้าหลวงอำเภอแม่ฟ้าหลวงจังหวัดเชียงราย
22-22669-41.wav	ให้กับนายวุฒิพงศ์พุ่มพวงอายุสามสิบเก้าปีเพราะว่าเขาไปขี่รถจักรยานยนต์แล้วรถพลิกคว่ำค่ะ
22-22669-38.wav	ทีนี้นายล่องลมก็เลยตัดสินใจหักหลบเข้าข้างทางแล้วก็ไปชนกับรถที่จอดอยู่เนี่ยพังเสียหาย
22-22669-35.wav	นายล่องลมคนขับรถเทรลเลอร์ก็เปิดเผยบอกว่าได้รับน้ำดื่มจำนวน2800แพ็คจากจังหวัดปทุมธานี
22-22669-33.wav	ส่วนโอ้โหส่วนคนขับรถเทรลเลอร์นะคะคือนายล่องลมกองโตกลางอายุ59ปีได้รับบาดเจ็บเล็กน้อย
22-22669-13.wav	จากการสอบสวนเบื้องต้นก็รู้ว่านายศุภศิลป์กฤษณะโยธินอายุ43ปี
22-22668-72.wav	นางสาวสวรสอ่ะนี่หรือว่าน้องแป้ง
22-22668-28.wav	7หมู่3ตำบลบ้านดู่อำเภอเมืองจังหวัดเชียงราย
22-22668-104.wav	ดูไปสอบปากคำเพิ่มเติมโดยพ่อแม่ของนายโอก็มาเยี่ยมลูกชาย
22-22665-8.wav	ไปติดตรงเนี้ยนะที่อำเภอบางปะอินจังหวัดพระนครศรีอยุธยา
22-22665-15.wav	จังหวัดพระนครศรีอยุธยามาเจอแล้วก็แจ้งเจ้าหน้าที่เข้าช่วยเหลือขึ้นมาบนฝั่งฮะ
22-22664-97.wav	สำหรับประชาชนที่ต้องการเดินทางไปวางดอกไม้จันทน์นะคะ
22-22664-94.wav	พัชรวรินทร์พัชรปภานันท์ข่าวไทยรัฐทีวีรายงานจากจังหวัดขอนแก่นค่ะ
22-22664-43.wav	ซึ่งทั้งสองคนนี้นะคะเดินทางมาจากจังหวัดนครราชสีมา
22-22664-41.wav	ทีมข่าวได้เข้าไปสอบถามนางสำราญคำสัตย์อายุ59ปี
22-22664-29.wav	ก่อนที่จะเดินทางไปชมเมรุลอยรูปนกหัสดีลิงค์เทินบุษบกที่ฌาปนสถานชั่วคราว
22-22664-128.wav	จะมีพิธีฆ่านกหัสดีลิงค์โดยผู้สืบเชื้อสายนางสีดา
22-22661-17.wav	นะคะคุณหมออ๋องเนี่ยนายปดิพัทธ์สันติภาดา
22-22659-21.wav	ยกนายประเสริฐน่ะให้ออกจากริมถนน
22-22656-41.wav	เพราะว่าจริงๆเนี่ยที่มุกดาหารเขาก็มีประกาศจังหวัดออกมาแล้วนะ
22-22656-30.wav	ผู้ว่าราชการจังหวัดมุกดาหารเนี่ยเขาให้ดำเนินคดีแล้วกับคนจัดงาน
22-22652-26.wav	ชุมภูถีอายุ47ปีชาวจังหวัดลำปาง
22-22652-23.wav	อำเภอบางเสาธงจังหวัดสมุทรปราการนะครับ
22-22651-625.wav	อัยการจังหวัดที่นั่นเขาสั่งสอบสวนเพิ่มเติม
22-22648-113.wav	ผู้หญิงคนนี้คือนางสาวปิยะนุชอายุ30ปีนะฮะ
22-22646-47.wav	ทางพี่สาวของผู้เสียชีวิตเนี่ยนะคะนางปราณีคงพลปานอายุ63ปีบอกว่า
22-22646-39.wav	คาดว่าตอนเลื่อนน่ะมันตกรางแล้วก็เลยล้มทับร่างนางวรรณณาจนเสียชีวิตน่ะค่ะ
22-22646-33.wav	คาดว่านางวรรณณาน่าจะมาเปิดประตู
22-22646-28.wav	ยกประตูเหล็กที่ล้มทับร่างนางวรรณณาอยู่
22-22646-13.wav	ปั๊มหัวใจนางวรรณณาวัสุมงคลพจน์อายุ62ปีค่ะ
22-22646-12.wav	เจ้าหน้าที่กู้ภัยสยามรวมใจปู่อินทร์อำเภอนางรองจังหวัดบุรีรัมย์
22-22643-9.wav	คนถ่ายคลิปนี้คือนายสนองอายุ60
22-22643-98.wav	ทั้งฝ่ายอดีตผู้ใหญ่บ้านกับทางฝั่งของนายสนองกับนายสำเนาเนี่ย
22-22643-41.wav	ก็เลยอ๊ะเรียกให้นายคมทวนมานั่งดื่มด้วยกัน
22-22643-35.wav	ผู้เสียหายอีกคนค่ะนายสำเนาอายุห้าสิบเอ็ด
22-22643-23.wav	ตัวนายสนองคนถ่ายคลิปอะแจ้งความที่สภ.โนนสูง
22-22643-11.wav	อดีตผู้ใหญ่บ้านที่ชื่อว่านายคมทวนปลูกชารีอายุ5
22-22642-36.wav	นอกจากการทำตลาดร่วมกับบริษัทท่องเที่ยวเอกชน
22-22642-27.wav	แม้จำนวนนักท่องเที่ยวอินเดียที่มาจัดงานแต่งงานในไทยจะมีสัดส่วนไม่มากจากจำนวนนักท่องเที่ยวอินเดียทั้งหมดที่เข้ามาท่องเที่ยวไทย
22-22642-23.wav	ท่องเที่ยวที่เข้า1ล้านก็
22-22640-3.wav	เนื่องจากว่าตอนเนี้ยพี่เมฆอยู่ที่จังหวัดกระบี่นะคะ
22-22635-68.wav	วิจัยและนวัตกรรมก็คือนายสุวิทย์เมษินทรีย์
22-22635-14.wav	ทั้งหมดเนี่ยเดินทางกลับจากอียิปต์2รายแล้วก็กาตาร์3รายนะครับ
22-22633-6.wav	ผู้เสียชีวิต1คนในที่เกิดเหตุก็คือนางยุเหรียญยุมยวงอายุ50ปี
22-22633-29.wav	ทราบชื่อคือนายปรากฏโทธรรมอายุ62ปีแล้วค่ะ
22-22633-21.wav	งานแต่งน่ะจัดอยู่ที่อำเภอโคกโพธิ์จังหวัดปัตตานีค่ะ
22-22633-19.wav	สอบถามนางสาวเพียรธิราบุตรหลังวัย35ปี
22-22631-28.wav	อำเภอบางบัวทองจังหวัดนนทบุรีนะฮะหลังเกิดเหตุสภ.บางบัวทอง
22-22624-32.wav	ชื่อว่านายสุนายสวิตช์
22-22622-72.wav	นอกจากนี้ยังมีเรื่องเล่าว่ามีนายฮ้อยเลี้ยงควาย
22-22622-3.wav	แต่ว่าทางนายกเทศมนตรีตำบลนางลือจังหวัดชัยนาทเนี่ยเขายอมรับบอกว่าไม่กล้าจริงๆที่จะสั่งลูกน้องให้ไปรื้อ
22-22622-2.wav	จำนวนมากเลยเป็นนับร้อยๆที่จังหวัดชัยนาทแล้วก็เหมือนกับประชาชนที่นั่นเขาก็เลยอยากจะให้ช่วยปรับภูมิทัศน์ให้หน่อย
22-22620-0.wav	จังหวัดศรีสะเกษนะครับพร้อมที่จะรับหน้าที่เป็นเจ้าภาพกีฬาแห่งชาติครั้งต่อไปติดตามพร้อมกับข่าวกีฬาอื่นๆที่น่าสนใจครับ
22-22617-11.wav	นายสุวิทย์โพธิ์แก้ววัย71ปี
22-22614-5.wav	นักเรียนชั้นม.3โรงเรียนแห่งหนึ่งในอำเภอเมืองจังหวัดฉะเชิงเทรา
22-22609-362.wav	แล้วก็นายบุนพลล็อกอายุ21ปีชาวกัมพูชาไว้ได้แล้ว
22-22609-361.wav	ได้ร่วมกันจับกุมตัวนายฮอนเวสนาอายุ22ปี
22-22609-25.wav	แล้วก็ฆ่านายอนันตชัยจริตรัมย์หรือว่าฟอส
22-22609-24.wav	ผู้ต้องหาฆ่านางสาวปวีณานาเมืองรักษ์หรือว่าสปาย
22-22609-23.wav	คดีของนายปัญญายิ่งดังหรือว่าเสี่ยอ้วน
22-22609-218.wav	คือนายโกวันกับลูกชายเนี่ยเขาก็ยืนยันนะ
22-22609-208.wav	แต่ที่นายโกวันกับลูกเนี่ย
22-22609-200.wav	นายภูธรเนี่ยนะคะพาเสี่ยอ้วนเนี่ยหลบหนี
22-22609-181.wav	ตอนนั้นนายโกวันแล้วก็ลูกเนี่ยคิดว่า
22-22609-177.wav	คือนายบอลเนี่ยก็พาเสี่ยอ้วนมาถึงที่บ้านเพราะว่านายบอลเขาหลบหนีไง
22-22609-170.wav	นายโกวันกับนายวินัยเนี่ยเขาเป็นพ่อลูกกันน่ะนะ
22-22609-169.wav	ขอจะเยี่ยมลูกบ้านคือนายโกวันกับนายวินัย
22-22609-168.wav	คือเดินทางมาเนี่ยติดต่อคนนี้นะคะผู้ใหญ่บ้านติดต่อ
22-22609-167.wav	ที่ตำบลสระแก้วอำเภอเมืองสระแก้วก็เดินทางมาเลย
22-22609-166.wav	นายปฏิพัทธ์อักษราพงษ์ครับคนเนี้ยเขาเป็นผู้ใหญ่บ้านหมู่4
22-22609-150.wav	ได้ตัดสินให้นายโกวันและนายวินัย
22-22609-148.wav	แล้วก็นายวินัยศิลปาโนหรือว่าเหน่งสอง
22-22609-147.wav	ก็คือนายโกวันหรือว่าวันศิลปาโน
22-22607-35.wav	ซึ่งก็จะมีการสัญจรไปในจังหวัดต่างๆนะครับอย่างในหัวเมืองกรุงเทพฯนะครับ
22-22607-190.wav	คุณผู้ชมคะไปรู้จักกับสองคนนี้หน่อยละกันนะคะสองนักศึกษานี้คือนายเสืออายุสิบแปดปีและนางสาวสวยอายุสิบแปดปี
22-22607-156.wav	และนางสาวสิริรักษ์เนี่ยก็พาผู้สื่อข่าวของเราเนี่ยไปดูเลยเออ
22-22607-155.wav	เหตุการณ์มันเกิดที่บ้านหลังหนึ่งในจังหวัดปราจีนบุรีนะครับ
22-22604-14.wav	ชื่อว่านางสาวธีฐนัฒิอายุ50ปีอ้างบอกว่า
22-22603-0.wav	ต้องจะพาไปรู้จักกับน้องนิวสัปเหร่อหญิงเพียงคนเดียวที่วัดท่าหลวงจังหวัดพิจิตร
22-22600-19.wav	ล่าสุดนายกิตติศักดิ์กิจพรหมมาหรือว่าน้องเบนซ์อายุ26ปีนี้นะครับ
22-22597-75.wav	โดยนางสาวไพลวรรณสัทธานนท์คณบดีของคณะนะคะ
22-22597-57.wav	ร้อยบาทเท่านั้นคนก็แห่แชร์กันแล้วคนก็จะเดินทางไปตรวจกันเยอะ
22-22597-111.wav	ไม่ยอมตรวจให้กรณีนี้ทางโรงพยาบาลได้มีการตรวจคัดกรองตามขั้นตอนมาก่อนแล้วแล้วพบว่าผู้หญิงคนนี้ไม่ได้มีความเสี่ยงในการติดเชื้อโควิด19เลยนะฮะแพทย์ก็อธิบายให้ฟังไปแล้วแต่ว่าผู้หญิงคนนี้เธอไม่เข้าใจค่ะนะฮะแต่ว่าตอนหลังเนี่ยก็เข้าใจแล้วก็ยอมเดินทางกลับ
22-22596-8.wav	ทีนี้ไปสอบถามนางสาวดาราพรแก้วเกร็ดนะฮะเป็นแฟนของผู้ก่อเหตุ
22-22596-19.wav	ทีนี้เจ้าของบ้านนายธีรศักดิ์ก็เห็นเข้าไปตบหน้าผู้ตายสองทีจนล้มลงไป
22-22596-12.wav	แล้วก็พูดจาเหมือนไม่เข้าหูอะครับทำให้นายธีรศักดิ์เนี่ยไม่พอใจ
22-22596-11.wav	เดินเข้าไปหาเรื่องนายธีรศักดิ์แล้วก็ใช้มือดึงเสื้อของนายธีรศักดิ์
22-22593-10.wav	ที่เสียชีวิตอยู่กลางถนนเนี่ยคือนายไมตรีแซ่ลี้นะครับอายุ29ปีนะฮะ
22-22593-0.wav	เดินทางท่องเที่ยวกันเยอะนะนี่ก็เตือนกันหน่อยก็แล้วกัน
22-22591-137.wav	นายคนเนี้ยจะจ้างรถตุ๊กตุ๊กมาบ่อยมาก
22-22590-25.wav	นางสุนีย์ศิริวัฒนรักษ์คือคนเจ็บอายุ57ปี
22-22590-87.wav	เดี๋ยวรอนางสุนีย์คนเจ็บอาการดีขึ้นจะเรียกมาให้ปากคำ
22-22587-16.wav	ทางฝั่งนายคะนองเขาบอกว่าเขาเป็นคนทำถนนขึ้นมา
22-22587-13.wav	นี่ฮะนายคะนองมือยิงบอกว่า
22-22587-10.wav	ชื่อว่านายคะนองน้อยหลงอายุ50
22-22585-89.wav	วันนี้เนี่ยมีนางรำจากอำเภอวาริชภูมิจังหวัดสกลนคร10คน
22-22585-45.wav	ทนายบอกว่าไอ้ที่อยู่นานเนี้ยมันเป็นขั้นตอนทางเอกสารอืม
22-22585-14.wav	อำเภอดวงหลวงจังหวัดมุกดาหารค่ะครับนี่นะคะก็เป็นรายละเอียดข้อความ
22-22581-8.wav	บอกว่าให้จับนายภูภาคสัญจรดีชาวสุรินทร์อายุยี่สิบแปดปีโดยเพื่อนคนงานบอกว่านายภูภาคนี่แหละ
22-22581-5.wav	mk'ตำรวจพร้อมด้วยทีมกู้ภัยก็เลยรีบเดินทางไปตรวจสอบค่ะเมื่อไปถึงพบนายชัยมาเยอะชาวยะลาอายุยี่สิบห้าปีนะคะ
22-22581-4.wav	ตำรวจสภเมืองชลบุรีได้รับแจ้งเหตุทะเลาะวิวาทและแทงกันจนบาดเจ็บภายในแคมป์คนงานตำบลหนองรีอำเภอเมืองจังหวัดชลบุรี
22-22581-15.wav	ทำให้นายชัยพลาดผลักมีดไปปักคอตัวเอง
22-22581-14.wav	แต่อยู่ดีๆนายชัยก็เข้ามาแย่งมีดแล้วก็ยื้อยุดกันไปมา
22-22581-11.wav	นายภูภาคให้การบอกว่านายชัยอยากยาตั้งแต่ช่วงเย็นแล้ว
22-22579-9.wav	มาจากคนขายหวยที่คำชะโนดจังหวัดอุดรธานี
22-22579-39.wav	ที่นางเรวดีกล่าวอ้างว่าเซ็นชื่อหลังสลาก
22-22579-29.wav	จึงเชื่อได้ว่าเรื่องที่นางเรวดีกล่าวอ้าง
22-22579-1.wav	นั่นก็คือกรณีที่หญิงสาวที่ชื่อว่านางเรวดีนะครับ
22-22577-67.wav	นี่ทางครอบครัวแล้วก็ญาติเนี่ยนะครับพร้อมกับเจ้าหน้าที่ก็มีการย้ายร่างของนายหน่องนะครับ
22-22577-46.wav	ซึ่งภรรยาของนายหน่องนี่นะคะคนนี้ก็ไปดูศพสามีเพื่อเป็นการยืนยันตัวบุคคลนี่นะคะ
22-22577-45.wav	หลังอันนี้ก็คือช่วงเช้าเนี่ยนะคะซึ่งหลังเกิดเหตุเนี่ยนางสาววัฒนิกา
22-22577-385.wav	จังหวัดนครปฐมหรือกำนันนกจากกรณีที่เกี่ยวข้องเนี่ยนะคะ
22-22577-378.wav	แต่ว่าที่แน่ๆเจ้าของพื้นที่คือจังหวัดนครปฐม
22-22577-303.wav	ก็คือพลตำรวจตรีจักรกฤษเครือสุนทรวานิชท่านผู้บังคับการตำรวจภูธรจังหวัดนครปฐมครับ
22-22577-300.wav	อันนี้เป็นนายกอบจ.นครปฐมเป็นลูกชายคนโตของนายไชยาสะสมทรัพย์
22-22577-278.wav	โต๊ะประธานเนี่ยจะมีคนนั่งอยู่10คนนะครับนายหน่องนั้นอยู่ใกล้เวทีในวันที่เกิดเหตุ
22-22577-277.wav	คือมีทั้งระดับแบบนายพันนะฮะดาบตำรวจจ่าสิบตำรวจนั่งอยู่บริเวณนี้ค่ะนะครับ
22-22577-252.wav	บางนายนั้นต้นสังกัดอยู่ในพื้นที่กรุงเทพมหานคร
22-22577-251.wav	สิบกว่านายครับเป็นระดับผู้กำกับหลายนายด้วย
22-22577-250.wav	ส่วนประเด็นที่มีนายตำรวจไปอยู่ในที่เกิดเหตุ
22-22577-193.wav	5นายที่อยู่ในเหตุการณ์เนี่ยมาสอบปากคำนะคะ
22-22577-172.wav	ยังเรียกตำรวจชั้นประทวน3นายอือตำรวจทั้ง3นายที่เป็นชั้นประทวนในสังกัดสภ.เมืองนครปฐมค่ะ
22-22577-156.wav	ค่ะซึ่งตอนนี้นายหน่องก็เสียชีวิตแล้วนะอือจากการถูกวิสามัญ
22-22577-155.wav	ถูกมั้ยใช่ไม่ได้เป็นคนสั่งการให้นายหน่องนั้นไปยิงนายหน่องนั้นยิงด้วยตัวเอง
22-22577-152.wav	หรือว่าติดต่อกับนายเชาว์แก่นสวาททนายความ
22-22577-13.wav	เจ็ดหลังวัดพระแท่นดงรังอำเภอท่ามะกาจังหวัดกาญจนบุรีค่ะ
22-22577-108.wav	ตกลงแล้วกำนันนกเนี่ยมีส่วนรู้เห็นกับนายหน่องรึเปล่า
22-22577-101.wav	ประมาณ10โมงเช้าเนี่ยตำรวจก็คุมตัวเดินทาง
22-22575-5.wav	ตั้งแต่ช่วงบ่ายที่ผ่านมานะคะทางครอบครัวก็ได้เดินทางไปเพื่อเตรียมจัดพิธีรดน้ำศพค่ะซึ่งทางด้านพ่อรองเค้ามูลคดีนะคะได้เปิดใจถึงภรรยาเป็นครั้งสุดท้ายทั้งน้ำตาค่ะคุณผู้ชม
22-22572-252.wav	แต่ก็ตอบไปเหมือนกับนายเสรีสุวรรณภานนท์เลยค่ะบอกว่าอ๋อไม่ต้องมาไม่ต้องมาพบหรอก
22-22572-251.wav	นายสมชายแสวงการก็ยอมรับนะคะว่ามีคนของพรรคเพื่อไทยติดต่อมาพูดคุยเหมือนกัน
22-22570-17.wav	จากสถานศึกษาต่างๆเป็นตัวแทนเดินทางมารับมอบ
22-22569-7.wav	ท้องที่ของอำเภอไพศาลีจังหวัดนครสวรรค์นะครับ
22-22569-54.wav	ที่จะมุ่งหน้าเข้าอำเภอไพศาลีจังหวัดนครสวรรค์จุดเกิดเหตุ
22-22569-112.wav	เขาเดินทางมาจากอำเภอหนองบัวจังหวัดนครสวรรค์มาที่ไพศาลี
22-22569-103.wav	ที่อยู่ในพื้นที่จังหวัดบุรีรัมย์ตอนนี้ส่งหมายเรียกให้มาสอบปากคำแล้ว
22-22567-10.wav	โดยจะขอกลับไปสานงานต่อที่จังหวัดขอนแก่นและร่วมพัฒนาวงการฟุตบอลหญิงต่อไป
22-22566-9.wav	ทั้งหมดเก็บตัวฝึกซ้อมอย่างหนักที่จังหวัดเชียงใหม่ภายหลังจบศึกชิงแชมป์เอเชียที่อุซเบกิสถาน
22-22565-44.wav	ผู้ชายคนนี้ชื่อว่านายกุลพัฒน์อายุ30
22-22562-48.wav	ภาคเหนือกันก่อนนะครับจังหวัดเชียงราย
22-22561-58.wav	จึงเชื่อว่านายคนเนี้ยขับรถไปกินเหล้าพร้อมกับแกล้มไป
22-22559-83.wav	บ้านอยู่ติดกันครับบ้านนึงจัดงานศพให้นางราตรี
22-22559-73.wav	ด้านนายสอนชัยสามีของผู้ตายบอกว่า
22-22559-50.wav	ที่ผู้ตายเขานั่งเลี้ยงหลานชายหลานสาวอยู่อะแล้วโดนนายนนทชัยอยู่ดีคลุ้มคลั่งถือมีดไปแทงอกเลย
22-22559-27.wav	แทงเข้าที่อกด้านซ้ายนางราตรีล้มฟุบไปอยู่กับพื้น
22-22559-17.wav	แต่สุดท้ายหมอมาบอกว่าช่วยเต็มที่แล้วช่วยไม่ได้จริงๆคือนางราตรีเสียชีวิตเพราะว่าถูกแทง
22-22559-13.wav	สุดท้ายเธอก็เสียชีวิตค่ะนายสอนชัยคารและนางสาวรัตนาคาร
22-22558-4.wav	ตำรวจสภ.ปากเกร็ดจังหวัดนนทบุรีครับได้รับแจ้งเหตุว่าพบศพเด็กหญิงนะครับ
22-22557-67.wav	พุ่งเป้าหมายตรงไปที่3จังหวัดชายแดนใต้
22-22557-61.wav	แม้นางสาวแพทองธารชินวัตรในฐานะสะใภ้คนคอน
22-22557-12.wav	4จังหวัดภาคใต้คือพื้นที่ฐานเสียงของพรรคประชาธิปัตย์
22-22556-30.wav	ตรงเข้าไปเอามีดปอกผลไม้ที่วางอยู่ในร้านแทงคอและตัวของนายกิติศักดิ์ล้มลงตายคา
22-22556-20.wav	เบื้องต้นเนี่ยนายเอผู้ต้องหาสารภาพเขาเป็นคนใช้มีดแทงนายกิติศักดิ์ตายจริง
22-22556-16.wav	เขาเอามีดไปแทงนายกิติศักดิ์ผ่องใสหรือว่านายหลวงอายุ39ปีเป็นยามเฝ้าตลาด
22-22556-10.wav	มันเกิดขึ้นแล้วนะฮะนี่ฮะนายคนนี้ครับ
22-22555-50.wav	สนใจโทรไปได้จังหวัดตรังส่งฟรี
22-22555-43.wav	เฉพาะจังหวัดตรังนะถ้าบ้านเราอยู่กรุงเทพฯอ่ะ
22-22554-316.wav	ไปๆมาๆมีอีกคนนึงฮะก็คือนายสุวิทย์ทองประเสริฐ
22-22554-306.wav	นายไพบูลย์ยังไม่หมดนะครับท่านยังบอกอีก
22-22554-293.wav	ส่วนอีกคนที่มีท่าทีชัดเจนไม่เห็นด้วยคือนายไพบูลย์นิติตะวันครับ
22-22554-286.wav	เห็นหมาจรจัดเยี่ยวรดถาดทองคำคือพระพุทธองค์ทรงทำนายว่า
22-22553-3.wav	โดยนายสุรสิทธิ์สิทธิอมรผู้อำนวยการโรงเรียนบึงกาฬเผยว่า
22-22553-1.wav	โรงเรียนบึงกาฬซึ่งเป็นโรงเรียนมัธยมขนาดใหญ่ในตัวจังหวัด
22-22552-61.wav	เนื่องจากมีสิ่งผิดสังเกตหลายอย่างเช่นนายสมานขับรถไม่เป็น
22-22552-40.wav	ขณะที่นายสมโม่งแฟสันเทียะอายุ57ปีน้องชายของผู้เสียชีวิต
22-22552-13.wav	ซึ่งในรถพบศพนายสมานแฟสันเทียะอายุ59ปี
22-22548-47.wav	โอ๋น่าสงสารนะฮะขณะที่นางลัดดากลิ่นมิ่งนะครับ
22-22546-7.wav	สำหรับคุณครูคนเนี้ยชื่อว่านายสรพงศ์เค้ากล้าหรือว่าครูหมีครับ
22-22546-22.wav	วงเล็บหลายคนอยู่ไกลเช่นภูเก็ตกระบี่พังงาเชียงรายเชียงใหม่และอีกหลายจังหวัด
22-22545-22.wav	แต่ช่วงหลังๆอะค่ะตัวนางสาวสุภาพรเองก็ขัดสน
22-22545-19.wav	ผู้เป็นแม่เนี่ยนะคะนางสาวสุภาพรเนี่ยเป็นแคดดี้แล้วเขาก็เช่าบ้านอยู่ก็คือ
22-22545-15.wav	เหตุการณ์เนี่ยมันเกิดขึ้นที่ตำบลพลูตาหลวงอำเภอสัตหีบจังหวัดชลบุรีนะคะ
22-22544-34.wav	เป็นบ้านของนายพิษณุพงษ์เภาเสนเป็นหลาน
22-22544-57.wav	ส่วนน้องชายเจ้าของบ้านค่ะนายธนวัฒน์เนี่ย
22-22542-2.wav	จังหวัดอำนาจเจริญเนี่ยคนขับรถกระบะหลับใน
22-22542-23.wav	เนี่ยนะครับนางพจณีภรรยาผู้เสียชีวิตเล่าให้ฟัง
22-22542-18.wav	ที่ประตูด้านคนขับพบศพของนายวิเชียร
22-22542-13.wav	ที่ตำบลบ้านคำบงอำเภอบ้านผือจังหวัดอุดรธานี
22-22541-1.wav	นายเนวินชิดชอบนายอนุทินชาญวีรกูลหัวหน้าพรรคภูมิใจไทย
22-22540-48.wav	การบริหารส่วนจังหวัดเอ่อได้มีโอกาสได้วางแนวทาง
22-22540-28.wav	แต่ชาวบ้านชัยภูมิทุกหมู่เหล่าต่างเดินทางไปที่สนามโรงเรียนบ้านไผ่ล้อมมืดฟ้ามัวดิน
22-22540-1.wav	บ้านหนองไผ่ล้อมอำเภอแก้งคร้อจังหวัดชัยภูมิเมื่อ40กว่าปีก่อนนะคะ
22-22533-3.wav	อย่างจังหวัดสุโขทัยก็เป็นหนึ่งในเมืองรองนะคะ
22-22531-3.wav	อยู่หมู่ที่5ตำบลสุมเส้าอำเภอเพ็ญจังหวัดอุดรธานีจ้ะ
22-22529-124.wav	จากนี้ไปก็จะรับศพของลูกชายไปประกอบพิธีทางศาสนาที่บ้านเกิดที่อำเภอเชียงคานจังหวัดเลย
22-22529-60.wav	พบว่าผู้ที่เสียชีวิตชื่อนายศตวรรษรอบรู้
22-22528-61.wav	ก็เท่ากับว่าเป็นการไม่รับผิดชอบการตายของอ่านายเอกพงษ์
22-22528-22.wav	ด้านของนายสำเภาคำสุขพ่อของผู้เสียชีวิต
22-22528-16.wav	ซึ่งต่อมานะครับนายเอกพงษ์เนี่ยเสียชีวิตตอนถูกชนนะคุณ
22-22527-9.wav	ผู้เป็นพ่อที่เสียชีวิตชื่อนายบุญใสไพรสินอายุ32ปีนะฮะ
22-22527-8.wav	เหตุสลดนี้เกิดขึ้นบนถนนสกลทวาปีตำบลธาตุเชิงชุมอำเภอเมืองจังหวัดสกลนคร
22-22527-52.wav	นางสมานพงษ์สวาทพี่สาวของนายบุญสัยที่เสียชีวิตบอกว่า
22-22527-47.wav	เพราะว่าพี่สาวของนายบุญใสที่เป็นพ่อที่เสียชีวิตเนี่ย
22-22527-34.wav	ญาติของผู้เสียชีวิตชื่อว่านางสาวสุมาลีทองเรืองนะครับ
22-22527-30.wav	ภรรยานายบุญใสกับลูกชายคนเล็กวัย5เดือนเนี่ยไปเสียชีวิตที่โรงพยาบาล
22-22527-28.wav	เอาไว้ในอ้อมอกแต่ว่านายบุญใสเสียชีวิตที่เกิดเหตุ
22-22527-27.wav	รถจักรยานยนต์ที่ถูกชนนะฮะนายบุญใสเนี่ยตอนที่ถูกชนก็กอดลูกชายวัย2ขวบ
22-22527-22.wav	ถัดมาเป็นพ่อของเด็กชื่อว่านายบุญใสไพรสินอายุ32ปี
22-22526-14.wav	อยู่ที่ถนนโกรกพระทัพทันนะคะไปคุยกับคนร้องเรียนคือนายพรรษา
22-22525-9.wav	พร้อมด้วยผู้จัดงานเดินทางมาชวนน้องๆ
22-22524-22.wav	ที่อ่าเป็นนักท่องเที่ยวที่เดินทางมายังประเทศไทย
22-22524-11.wav	ยอมรับว่ามีตำรวจทั้งหมด4นายนะเกี่ยวข้อง
22-22520-35.wav	ก็ส่งต่อไปที่โรงพยาบาลศูนย์บุรีรัมย์นะทางนายกอบต.ด้วย
22-22517-29.wav	ตัวพี่ชายเนี่ยนายสมจิตรบอกว่าวันเกิดเหตุคือ24ธันวาคม
22-22517-22.wav	วันเนี้ยตำรวจคุมตัวพี่ชายอะค่ะนายสมจิตร
22-22514-36.wav	รักษาการเจ้าอาวาสที่จังหวัดกาญจนบุรีเนี่ยค่ะ
22-22513-16.wav	ดื่มสุราแล้วก็มีปากเสียงกันเป็นประจำนายสุพจน์เพื่อนผู้ตายและพลเป็นคนก่อเหตุ
22-22513-13.wav	ก็อยู่ใกล้ๆที่จุดเกิดเหตุนั่นแหละจากการสอบถามนายเสรีรุ่งโรจน์เจ้าของบ้าน
22-22511-1.wav	ก็มีแฟนๆนะครับเดินทางไปส่ง
22-22511-13.wav	ที่นักเตะไทยไม่มีใครบาดเจ็บก่อนเดินทาง
22-22511-0.wav	ไม่กี่ชั่วโมงที่ผ่านมาก็เดินทางกันไป
22-22509-20.wav	ถนนกีฬากลางตำบลในเมืองอำเภอเมืองจังหวัดนครราชสีมา
22-22508-81.wav	เราลงพื้นที่ไปที่บ้านของนายเอกผู้ตายด้วยนะคะ
22-22508-64.wav	เพราะเอาจริงๆเราก็ไม่รู้ว่านายเอกเนี่ยมาดีไม่ดี
22-22508-41.wav	เบื้องต้นเราได้ข้อมูลมาว่านายเอกเนี่ยเป็นผู้ป่วยด้วยคือเหมือนมีอาการทางจิตเพราะว่าติดยามานาน
22-22505-88.wav	นางจุมพิตาจันทรขจรเนี่ย
22-22502-10.wav	เพราะว่าน้องเดินทางมาจากกรุงเทพฯเออมาพร้อมกับญาติๆ
22-22501-1.wav	เป็นมอเตอร์ไซค์สองคันขับแข่งกันมานะคะบนถนนสายสุวรรณศรขาเข้าอำเภอบ้านนาจังหวัดนครนายก
22-22501-18.wav	ทีเนี้ยคนเห็นเหตุการณ์ก็เลยบอกว่าอ่าคันแรกเนี่ยนะคะก็คือเป็นรถของนายพงศกรส่วนรถอีกคันน่ะค่ะที่ว่าเป็นมอเตอร์ไซค์ที่กะว่าจะมาช่วยเป็นมอเตอร์ไซค์ของนายอลงกตนะคะ
22-22498-20.wav	เขาบอกว่าเป็นนางพญาไพร
22-22493-8.wav	เร่งกันหาร่างนายอาทิตย์เกษมวินิตกุลอายุ40ปีนะครับ
22-22493-23.wav	คือนายจักรพงษ์นะครับคนขับรถกระบะถูกนำตัวไปสอบสวน
22-22493-11.wav	คือถูกรถกระบะอีซูซุสีขาวที่มีนายจักรพงษ์ไพรพิสุทธิ์นะครับ
22-22492-11.wav	นำร่างของคนเจ็บก็คือนางสาวแพรวพรรณเอกกุลอายุ30ปี
22-22488-61.wav	นะครับดังนั้นใครที่อยู่จังหวัดประจวบคีรีขันธ์
22-22488-46.wav	ก็มีจังหวัดกำแพงเพชรนครสวรรค์ฉะเชิงเทรานครนายกปราจีนบุรีสระแก้วปทุมธานีนนทบุรีกรุงเทพมหานครนะครับ
22-22486-16.wav	ทางด้านของภรรยาคนตายชื่อนางเกษรอายุ68
22-22487-44.wav	ถูกรางวัลที่หนึ่งได้ไปเลยหกล้านบาทค่ะนี่คือนายธิดาสนานะคะ
22-22486-15.wav	ชื่อนายสุราษฎร์คงสัตย์อายุ70ปี
22-22485-13.wav	เมื่อวานไปสำรวจตลาดก่อนแล้วก็ไปที่บ้านของนางบุญศรีแสงหยกตระการ
22-22485-11.wav	นางบุญศรีรับสายมั้ยรับสายสิรับสายจากนั้นก็ได้มีการพูดคุยกับนางบุญศรีกัน
22-22484-33.wav	แต่ว่าล่าสุดนายณัฐพลวงษ์รัมย์อาจารย์สาขาภูมิศาสตร์
22-22484-2.wav	รักมากคุณผู้ชมแต่ว่าเมื่อวานนี้เนี่ยเรานำเสนอเรื่องราวที่จังหวัดบุรีรัมย์
22-22484-11.wav	แล้วก็ไปโดนรั้วสังกะสีที่บ้านของนายสัมฤทธิ์บุญเพ็งอายุ65ปี
22-22483-9.wav	ที่ถูกกล่าวหาว่ามีการเรียกรับเงินจากในเป้โดยมีนายต้นนายบอยนะครับ
22-22483-8.wav	ไปเข้าพบพลตำรวจตรีกัมพลลีลาประภาภรณ์ผู้บังคับการตำรวจภูธรจังหวัดชลบุรี
22-22483-86.wav	ในจังหวัดพระนครศรีอยุธยาซึ่งจะเข้าหาบุคคลต่างๆ
22-22483-7.wav	หรือว่าศปอส.จังหวัดชลบุรีน่ะคุมตัวนายเป้ครับผู้ต้องหาในคดีเว็บการพนัน
22-22483-5.wav	ภาพจากกล้องวงจรปิดนะครับที่กองบังคับการตำรวจภูธรจังหวัดชลบุรี
22-22483-33.wav	แล้วนางสาวลัดดาวัลย์น่ะลัดดาวัลย์นี่หลบหนีอยู่ในประเทศนี่แหละครับ
22-22483-27.wav	ส่วนพลเรือน3คนต้นบอยแล้วก็นางสาวลัดดาวัลย์
22-22483-16.wav	เป็นระดับชั้นประทวนแล้วก็รองสารวัตรในสังกัดกองบังคับการตำรวจภูธรจังหวัดชลบุรี
22-22483-158.wav	คุณชูวิทย์อ้างว่านายบอยเป็นผู้เจรจาระหว่างตำรวจและผู้ต้องหา
22-22483-155.wav	ผู้บังคับการตำรวจภูธรจังหวัดชลบุรีจะพูดเองรึเปล่า
22-22483-13.wav	ไปที่ห้องทำงานของท่านผู้บังคับการตำรวจภูธรจังหวัดชลบุรี18นาที
22-22483-124.wav	เมื่อช่วงเช้าที่ผ่านมาครับพลตำรวจตรีธนาวุฒิจงจิระผู้บังคับการกฎหมายและคดีภาค2ซึ่งรักษาราชการแทนผู้บังคับการตำรวจภูธรจังหวัดชลบุรีเข้ากราบพระพุทธโสธรที่หอพระหน้ากองบังคับการตำรวจภูธรจังหวัดชลบุรีแล้วก็ถวายพวงมาลัยสักการะพระพรหมด้วย
22-22483-122.wav	รักษาการผู้บังคับการตำรวจภูธรจังหวัดชลบุรีท่านเข้าทำหน้าที่วันแรกแล้วนี่ฮะนี่ท่านท่านท่านนะครับ
22-22483-101.wav	นางสาวนกเนี่ยเปิดโรงงานมีหน้าที่ฟอกเงินค่ะเพื่อนสาวคนสนิทของนายเป้
22-22483-100.wav	แบบนี้เก็บเอาไว้ฮะนะคะแล้วจะมีอีกคนนึงอยู่ที่ชลบุรีค่ะชื่อว่านางสาวนกนะคะ
22-22479-160.wav	เนี้ยกลับมาทวงหนี้อีกครั้งเลยนะเออและนางรัตนาเนี่ยเปิดเผยว่า
22-22479-152.wav	นี่คือคลิปที่นางสาวรัตนาอายุ33ปีเป็นชาวลาวจากแขวงจำปาสัก
22-22478-5.wav	และผิดพ.ร.บ.ตำรวจส่วนหัวหน้างานสอบสวน3นาย
22-22478-34.wav	นายสงกานต์กำลังจะบอกว่าโก้ใหญ่มาจากไหนทำไมอยู่ดีนัดน.1ได้อย่างนี้หรอคะ
22-22478-293.wav	ชวนวันแจ้งมีชื่อการแจ้งตายค่ะที่จังหวัดสกลนครโดยอ้างว่าเป็นโรคมะเร็ง
22-22478-288.wav	ที่จังหวัดสกลนครแล้วต่อมาหญิงไก่เนี่ย
22-22478-26.wav	คือปลัดอำเภอแม่สะเรียงจังหวัดแม่ฮ่องสอนแล้วจริงๆแล้วตำแหน่งอีกตำแหน่งหนึ่งก็คือ
22-22476-56.wav	บอกว่าตั้งแต่นางต.เต่ามาภายในวัดเนี่ยทุกอย่างเปลี่ยนไปหมดเลย
22-22476-34.wav	กล่าวเนี่ยปัจจุบันมีนางต.เต่าเข้ามาวุ่นวายเรื่องราวภาย
22-22476-27.wav	คืบหน้าและคำชี้แจงก็แล้วกันหลังจากนั้นทีมข่าวเดินทางไป
22-22474-65.wav	ขณะที่นายมานพเครือลิ้นจี่ซึ่งเป็นพ่อของคนเจ็บก็บอกว่า
22-22472-26.wav	บ้านห้วยสักตำบลห้วยสักอำเภอเมืองจังหวัดเชียงราย
22-22468-19.wav	วันนี้เราเดินทางมาที่วัดเถรพลายจังหวัดสุพรรณบุรี
22-22466-9.wav	จะนัดสืบพยานวันที่2นะคะเพื่อขอรื้อฟื้นคดีของนางจอมทรัพย์
22-22466-8.wav	ยังคงรายงานสดมาจากจังหวัดนครพนมครับ
22-22466-5.wav	โดยไม่ต้องเอานายสับวาปีขึ้นไปเบิกความนะครับ
22-22466-46.wav	มีนางทองเรศนั่งซ้อนท้ายหลังขี่ออกมาจากบ้านงานประมาณ20เมตรนะคะ
22-22466-36.wav	ที่ไปเฉี่ยวชนจักรยานของนายเหลือพ่อบำรุงจนเสียชีวิต
22-22466-28.wav	และนายทักษิณไขศรีดาเจ้าของรั้วลวดหนามที่ฝ่ายผู้ร้องอ้างว่า
22-22466-25.wav	คือนางทัศนีย์หาญพยัคฆ์และนางทองเรศวงศ์ศรีชา
22-22466-15.wav	นางจอมทรัพย์ในฐานะผู้ร้องนะคะได้เดินทางมาถึงที่ศาลจังหวัดนครพนม
22-22466-14.wav	การสืบพยานนัดที่2เพื่อขอรื้อฟื้นคดีของนางจอมทรัพย์แสนเมืองโคตรอดีตข้าราชการครูจังหวัดสกลนคร
22-22463-818.wav	คือนางเปิดใจในรายการ3แซ่บว่าคบกันมาเนี่ย20ปีแล้วนะ
22-22463-816.wav	ถือว่านางอยู่ได้เพราะนางเก็บเงินไว้ได้เยอะมาก
22-22463-597.wav	ก็ทำให้มีพื้นที่ประสบอุทกภัย33จังหวัด
22-22463-595.wav	สถานการณ์เนี่ยคลี่คลายแล้ว4จังหวัด
22-22463-587.wav	สถานการณ์เนี่ยคลี่คลายแล้ว2จังหวัด
22-22463-530.wav	แต่ต้องเดินทางกลับบ้านเนี่ยด้วยด้วยรถจักรยานยนต์มอเตอร์ไซค์อันนี้
22-22463-498.wav	เอ้าเราจะเล่าให้ฟังว่านางสาวเอนามสมมุติแล้วกัน
22-22462-46.wav	ของนายเกรียงศักดิ์ที่มีเสียงดังรบกวน
22-22462-43.wav	ยิงนายเกรียงศักดิ์ศรทองลูกจ้างร้านหมูกระทะ
22-22462-12.wav	จนกระทั่งดาบตำรวจนายนี้
22-22461-63.wav	สุดท้ายอ้าวมารู้ก็คือนายวิโรจน์เสียชีวิตแล้ว
22-22461-60.wav	ซึ่งเธอบอกว่าพอนายวิโรจน์ตอนนั้นถูกแทงเนี่ยก็บาดเจ็บนะ
22-22461-58.wav	คือแทงจากประตูเนี่ยแทงสวนออกไปเลยนะมันก็มีรอยที่เป็นรูจากมีดพร้าของนายวิโรจน์นั่นแหละ
22-22461-56.wav	แล้วนายวิโรจน์ก็บุกเข้ามาจะพังประตูเข้ามาให้ได้
22-22461-54.wav	จนศาลท่านเนี่ยสั่งว่านายวิโรจน์เนี่ยห้ามมายุ่งเกี่ยวกับเธอแล้วก็ลูกค่ะ
22-22461-50.wav	แต่ระยะหลังนายวิโรจน์เนี่ยไปติดยาเสพติดแล้วก็ชอบดื่มเหล้าด้วย
22-22461-47.wav	เธอชื่อนางสาวบุปผาทิพย์นะเธอบอกว่าเธอก็อยู่กินกับนายวิโรจน์ผู้ตายเนี่ย
23-23946-6.wav	นี่เลยบันทึกภาพเอาไว้วินาทีที่นายนิธิศอิ่มรถขับรถจักรยานยนต์รับจ้าง
23-23999-45.wav	ชื่อจริงเนี่ยคือนายปิยวัฒน์อุยเจริญ
23-23994-18.wav	อำเภอบางน้ำเปรี้ยวจังหวัดฉะเชิงเทรานะฮะอ่าค่อนข้างเปรี้ยวฮะ
23-23995-36.wav	ผู้ก่อเหตุคนนี้เนี่ยนะคะนายวรพจน์เนี่ยนะเขาเข้าออกคุกมาแล้วหลายรอบค่ะ
23-23995-22.wav	เขาก็ไปเติมน้ำมันให้ไงแต่ว่านายวรพจน์เนี่ย
23-23995-19.wav	ในรถเก๋งสีน้ำเงินนี่แหละพอถามนายวรพจน์
23-23995-12.wav	ชื่อว่านายวรพจน์สหายาอายุ38ปี
23-23992-27.wav	คาดว่าจะเป็นนายโอ๋ชาวบ้านหนองห้าอำเภอเมืองลำปาง
23-23992-10.wav	ทำทีมาซื้อน้ำอัดลมแล้วใช้ขวดนี้แหละตีนางนุสรายศกุณาอายุ56ปี
23-23987-57.wav	ก็สรุปว่าไม่ใช่นะคะแล้วเราก็ยังไปถามเหตุการณ์เนี้ยกับนางสาวพรรณิการ์วานิช โฆษกคณะก้าวหน้าด้วยซึ่งเธอก็ยืนยันตรงกันนะคะว่านายธนาธรเนี่ยไม่ได้อยู่ในรถคันนั้นรถคันนั้นเนี่ยเป็นรถของประชาชนทั่วไปที่มาใช้บริการโรงแรมแต่คุณช่อบอกว่าคณะก้าวหน้าจะฟ้องนะคะจะฟ้องดำเนินคดีทั้งเหตุการณ์ที่จะ
23-23986-72.wav	ผู้บังคับการตำรวจภูธรจังหวัดน่าน
23-23985-51.wav	ครับนายอนุวัฒน์นายสัญชัยนายวิทยาตามแผนผังนี้เลยนะคะ
23-23985-50.wav	ตั้งใจจะไปส่งเลยที่ตำบลศาลเจ้าไก่ต่ออำเภอลาดยาวจังหวัดนครสวรรค์
23-23985-37.wav	นายดิเรกศรีฉ่ำนายอนุวัฒน์ชมสนเป็นสมาชิกในกลุ่มเดินทางมาหา
23-23985-36.wav	มีสมาชิกในกลุ่มประมาณสี่สิบคนนะคะจนนายสัญชัยมุสิกภัณฑ์
23-23985-27.wav	น้องผู้หญิงคนนี้ขอเรียกว่าเป็นนางสาวกรเกศนะ
23-23974-12.wav	สภ.ลำลูกกาก็นำตัวไปดำเนินคดีนะครับชื่อว่านายวัชระสอนชนะอายุ31ปีเป็นชาวเพชรบูรณ์ถูกแจ้งข้อหาไปเยอะเลย6ข้อหาฮะค่ะ
23-23972-76.wav	ส่วนเรื่องทางคดีนะครับพนักงานสอบสวนตอนนี้แจ้งข้อหากับนายคมสันต์นะฮะคุมตัวได้แล้วนะครับ
23-23972-72.wav	ป้าของผู้ตายนะฮะที่บ้านของนายสมภารคนเจ็บนะครับก็อยู่สกลนครเหมือนกันนะฮะ
23-23972-63.wav	สมิงนะครับอยู่ที่อำเภอวานรนิวาสจังหวัดสกลนคร
23-23972-57.wav	ภรรยาของคนเจ็บนะครับภรรยานายสมภารบอกว่าตั้งแต่สามีมาทำงานที่ลพบุรี
23-23972-52.wav	โทรไปจน10นาฬิกาโทรไปอีกรอบหนึ่งนะฮะคนรับสายคือนายคมสันต์ที่เป็นคนก่อเหตุนะครับ
23-23972-32.wav	นี่นายคมสันต์นะฮะแล้วก็ขึ้นรถไป
23-23972-23.wav	ร้อยเมตรนะครับนี่ฮะนายคมสันต์นะครับ
23-23972-19.wav	คนก่อเหตุนายคมสันต์เนี่ยหลังก่อเหตุแล้วขับรถกระบะ
23-23972-15.wav	อีกคนนึงบาดเจ็บสาหัสนะครับชื่อนายสมภารหวังแต้มกลาง
23-23972-12.wav	นายสมิงศรีโยหะอายุ37ปีนะครับ
23-23972-10.wav	ผู้ก่อเหตุชื่อนายคมสันต์โคตรถาอายุ38ปีนะครับ
23-23967-15.wav	พบร่างของนายธัญวิทย์ศรีดวงจันทร์อายุ26ปีเท่านั้นเอง
23-23965-51.wav	ระหว่างนั้นนางสาวณัฐณิธาแฟนสาวอะค่ะ
23-23965-39.wav	แฟนสาวชื่อว่านางสาวณัฐณิธาสุดยาอายุ19ปี
23-23965-27.wav	เหตุสลดนี้นะคะตำรวจสภ.สรรพยาจังหวัดชัยนาท
23-23964-66.wav	ขณะที่ทางด้านของผู้จัดการร้านทองก็คือนางวิมลรัตน์สิริโก
23-23959-12.wav	ว่ายวนๆอยู่รอบเรือตกปลาของนายเกรียงไกรวงษ์จันทร์หรือไต้ก๋งอ๊อฟ
23-23955-18.wav	ซึ่งนายไมเคิลฮีตอุปทูตรักษาการแทนเอกอัครราชทูตสหรัฐ
23-23954-677.wav	ใช่ค่ะหมวดจรูญกับทนายษิทราหรือทนายตั้มอยู่ที่จังหวัดสมุทรสาคร
23-23954-247.wav	ค่ะขอบคุณคุณยุทธยานะคะเราก็มีทีมข่าวตามเจ๊บ้าบิ่นไปด้วยนางรัตนาพร
23-23954-1083.wav	ลาภมิควรได้ที่ศาลจังหวัดกาญจนบุรีในส่วนแพ่งเลยนะครับครับ
23-23951-231.wav	คืออำเภอเมืองและอำเภอบ้านแหลมของจังหวัดเพชรบุรีนะครับ
23-23948-487.wav	จังหวัดฉะเชิงเทรานะครับผมตนจึงเสนอราคาไปที่2000บาทครับ
23-23948-477.wav	นางสาวนฤมลหรือว่าน้องแป้งฮะอายุ20ปีหญิงร่างท้วมที่กินอาหารแล้วไม่จ่ายนะครับผมนะฮะ
23-23948-400.wav	เชิญท่านยุติธรรมจังหวัดนะครับคุณนงนุชกุมศัสตราครับ
23-23948-385.wav	ท่านพมจ.จังหวัดครับค่ะเรียนพี่น้องประชาชนนะคะ
23-23948-375.wav	สำนักงานอัยการคุ้มครองสิทธิจังหวัดและคุ้มครองอ่า
23-23948-209.wav	แต่ล่าสุดอันเนี้ยนะครับที่เท่าที่ทราบมานะฮะสสจ.จังหวัดเขาบอกว่า
23-23948-200.wav	ทางฝั่งของสาธารณสุขจังหวัดเลยให้ข้อมูลมาแล้ว
23-23946-37.wav	จนทราบว่าคนร้ายรายนี้ก็คือนายหลี่คุณเผิงชาวจีน
23-23941-14.wav	พร้อมด้วยนายปรีชาศิลป์ดีอดีตผู้ใหญ่บ้านหนองสังข์
23-23941-13.wav	ซึ่งอยู่ที่ตำบลในเมืองอำเภอเมืองจังหวัดชัยภูมินะครับคือพระมหาบุญสมคุณะวะโรนะฮะ
23-23941-12.wav	ที่จังหวัดชัยภูมินะฮะท่านเจ้าอาวาสวัดหนองสังข์
23-23940-7.wav	เข้าช่วยเหลือนางประภาษีหีบแก้ว
23-23940-22.wav	ร่างของนางประภาษีเปียกน้ำทั้งตัว
23-23940-19.wav	จากนั้นนางประภาษีก็ได้เดินขึ้นบันได
23-23933-515.wav	ก็เดินทางเข้าพบกับพันตำรวจโทพิชัย
23-23933-514.wav	นางสาวศรันยาหวังสุขเจริญน่ะนะคะพร้อมด้วยพี่ปุ้ยพี่พิมลวรรณของเรา
23-23933-424.wav	ฮาน่าทัศนาวลัยนางโพสต์เดือดเลยเล่าเรื่องราวการช่วยแม่ค้า
23-23933-328.wav	นางไปจุดธูปเก้าดอกก่อนที่ปู่อนันตนาคราชแล้วนางก็ล้วงไหปิงปอง
23-23933-240.wav	ส่วนนายชาครินซึ่งเป็นลูกน้องของดาบเนี่ยนะครับ
23-23933-23.wav	โดยล่าสุดนายอนุชาบูรพชัยศรีโฆษก
23-23933-226.wav	เป็นเจ้าหน้าที่ตำรวจสภ.หนึ่งในจังหวัดสมุทรปราการ
23-23933-145.wav	จังหวัด170อำเภอ538ตำบลต้องเตรียมรับมือแล้วนะเขาบอกว่าช่วงที่ผ่านมาเนี่ยโครงการชลประทานเนี่ยได้ติดตามตรวจสอบคือดีอย่างนึงในช่วงแรกช่วงช่วงต้นปีที่ผ่านมาเราค่อนข้างจะแล้งเราแล้งเขาก็มีการไปซ่อมแซมแนวเอ่อตามบริเวณแม่น้ำกำจัดสิ่งกีดขวางทางน้ำเพื่อเตรียมรับมือว่าเอาละปี
23-23929-18.wav	บอกพี่คนนี้ก็คือนางสาวปิยวรรณ
23-23923-8.wav	เจ้าหน้าที่ต้องช่วยกันปลอบใจนางเกาลี่ปิงอายุ36ปี
23-23921-9.wav	ติดต่อขอรับศพนายทองดีอุดบุญ
23-23921-8.wav	คุณผู้ชมนางสุวรรณีบุญมา
23-23921-18.wav	นางสาวศิริพรอุดบุญอายุ32ปีซึ่งเป็นลูกสาวของนายทองดีผู้ตาย
23-23921-17.wav	ในอำเภอโคกสำโรงจังหวัดลพบุรีจุดนี้แหละค่ะเมื่อคืนนี้
23-23918-26.wav	นายพานิชบัวศรนายจำรูญคล้ายสุบรรณและนายบำรุงวงศ์สว่าง
23-23918-25.wav	ตอนนี้ค่ะนักโทษที่ยังเหลืออีก4คนก็คือนายพัชรวุฒิมูลทองสงค์
23-23918-22.wav	นายวีรเชษฐ์เทพชูถูกตำรวจนครชัยศรีจับกุมได้ที่บ้านญาติ
23-23918-20.wav	ส่วนอีก2คนนายไพฑูรย์มีคลองแบ่งถูกตำรวจจับได้ขณะซ่อนตัวในร่องสวน
23-23918-19.wav	นายเอกราชแป้งกลั่นและนายนัถกรมาตรวังแสงที่ญาติพามามอบตัวกับตำรวจเอง
23-23917-58.wav	ส่วนปลัดจังหวัดสุราษฎร์ธานีครับว่าที่ร้อยโทสมชายเรืองจันทร์บอกว่ารายงาน
23-23917-56.wav	ผู้ถูกจับเนี่ยตามประวัติเนี่ยถูกจับมาค้ายารายใหญ่แล้วก็สามสี่ครั้งแล้วถูกจับครับครั้งนี้รู้สึกจะเป็นครั้งที่สี่แล้วครับที่ถูกจับค่ะถ้าฟังนายอำเภอพูดเนี่ยก็หมายถึงว่าไอตอนจับกุมตัวเนี่ยนายสมพงษ์อะดิ้นเหมือนขัดขืน
23-23908-51.wav	ส่วนเรื่องของคดีความนายสมภพคนนี้ถูกตำรวจแจ้งข้อหาขับรถโดยประมาทเป็นเหตุ
23-23908-31.wav	ทีนี้นายสมภพเขาบอกว่าเขาเนี่ยขับแท็กซี่มาชนจริงแต่ไม่ได้ตั้งใจชน
23-23908-30.wav	แล้วนายสมภพนั้นก็หลบหนีไปนะ
23-23908-29.wav	แต่เขาไม่ยอมหยุดฝ่าไฟแดงแล้วไปพุ่งชนรถของนายกนกเข้าอย่างจังจนเขาบาดเจ็บสาหัส
23-23908-28.wav	จังหวะนั้นนายสมภพวิ่งมาทางตรงซึ่งในฝั่งของนายสมภพนั้นคือไฟแดง
23-23908-27.wav	นายกนกกำลังจะเลี้ยวขวาขึ้นไปขึ้นทางด่วนดาวคะนอง
23-23908-24.wav	นายกนกผู้บาดเจ็บเนี่ยก็ขับรถจะไปส่งของ
23-23905-49.wav	แต่นายบุญมีก็บ่ายเบี่ยงอ้างว่าก็ยังไม่มีเงินให้อะ
23-23905-36.wav	ผู้ก่อเหตุคือนายวันชัยหรือว่านายดินอินทพันธุ์
23-23905-18.wav	คือนายบุญมีวิลัยอายุ45ปี
23-23902-35.wav	การควบคุมตัวนายศักรินทร์เป็นเรื่องของตำรวจไม่ใช่ทหาร
23-23902-29.wav	และนายศักรินทร์ยังถูกคุมตัวอยู่ที่มทบ.41
23-23902-26.wav	นะเปิดเผยกรณีการจับกุมตัวนายศักรินทร์คฤหัสถ์
23-23902-22.wav	เดือดนะคะจวกตำรวจโบ้ยเรื่องการจับนายศักรินทร์
23-23902-183.wav	ซูมเมอร์เอ็กซ์สีดำทะเบียนจังหวัดฉะเชิงเทราเนี่ย
23-23901-11.wav	ส่วนป้อมพระจุลจอมเกล้าอำเภอพระสมุทรเจดีย์จังหวัดสมุทรปราการ
23-23900-27.wav	ทีนี้ศพของนายนพดลอะฝังไว้นานมากแล้วอะจะ30ปีแล้วดังนั้นกระดูกอะมันก็ไปตามกาลเวลา
23-23900-15.wav	นำร่างของนายนพดลหนายเทศ
23-23899-56.wav	ผู้ตายก็คือนายธีรพงศ์บุญกันหรือว่านายต้า
23-23899-31.wav	นี่นะฮะนายวีระชัยเสื้อสีแดงนี่คนนี้
23-23899-27.wav	นายวีระชัยหลบหนีไป
23-23899-24.wav	ใช้มีดจ้วงแทงนายธีรพงศ์บุญกันอายุ25ปีนะคะ
23-23898-19.wav	จังหวัดขอนแก่นนี่ครูใหญ่ไงครูใหญ่อรรถพลบัวพัฒน์
23-23895-16.wav	ซึ่งนายชาญเป็นชาวเมียนมาขี่มากับนางสาวจักรยานะคะ
23-23895-13.wav	คุณพิชชากรอายุ18ปีขี่มอเตอร์ไซค์มากับนายภูผา
23-23891-27.wav	ชื่อคุณสไปร์ทนะครับนายรัตนมงคลเลิศทวีวิทย์นี่
23-23888-21.wav	นายพรีมหรือทนายเอ็มได้เดินทางเข้าพบพนักงานสอบสวน
23-23886-72.wav	ซึ่งวันนี้นายอาณัติผู้ก่อเหตุเนี่ยได้มีการนัดผู้สื่อข่าวจะให้สัมภาษณ์
23-23886-70.wav	ส่วนเพื่อนร่วมงานของนางสาวสุวิชาผู้เสียหายเนี่ย
23-23886-68.wav	ก็ทางด้านตำรวจสภ.ปากช่องจะออกหมายเรียกนายอาณัติมาสอบสวน
23-23886-67.wav	ส่วนเรื่องของคดีความที่นางสาวสุวิชาเนี่ยไปแจ้งความไว้อะนะครับ
23-23886-62.wav	เหมือนกับไม่เกรงใจไม่ให้เกียรติกันน่ะทั้งๆที่ภรรยาของนายอาณัติอะ
23-23886-45.wav	ก็คือนายอาณัติฟังแล้วทีนี้นายอาณัติก็รู้สึกว่าเอ๊นางสาวสุวิชาเนี่ยพูดพาดพิงแบบนั้น
23-23886-42.wav	เพราะมันมีคำที่ไม่สุภาพด้วยแต่ทีนี้นางสาวสุวิชาก็บอกว่ากับรุ่นน้องคนนั้นนะ
23-23886-41.wav	ทำให้รุ่นน้องคนหนึ่งไม่พอใจคิดว่าตัวนางสาวสุวิชาเนี่ยพูดประชด
23-23886-39.wav	ตัวของนางสาวสุวิชาเนี่ยก็พูดตอบกลับไปบอกว่า
23-23886-25.wav	จากการสอบสวนนางสาวสุวิชาผู้เสียหาย
23-23886-23.wav	ซึ่งบอกว่าผู้ก่อเหตุคือนายอาณัติกฤติยาหรือว่านัท
23-23886-19.wav	หลังเกิดเหตุนางสาวสุวิชาเมฆฉาหรือว่าบิ๋มอายุ42ปี
23-23885-4.wav	นัดป้นกับหมึกที่จังหวัดระนอง
23-23885-32.wav	ด้านนายมนตรีสุมณฑานักวิชาการประมงชำนาญการ
23-23885-21.wav	ตกเย็นนางสาวศุภานนเดินไปเปิดตู้เย็นอีกครั้ง
23-23881-9.wav	เพิ่งจะสึกมาได้15วันมาสอบสวนครับนายวิชาญให้การกับตำรวจบอกว่า
23-23881-24.wav	แฟนของนายวิชาญทางโทรศัพท์ก็ได้รับคำตอบว่า
23-23881-23.wav	ผู้สื่อข่าวสอบถามนางนงลักษณ์หรือว่านงนามวิเศษอายุ53ปี
23-23879-20.wav	ท่านพรพจน์เพ็ญพาสบอกว่าทางจังหวัดก็ร่วมกับหลายหน่วยงานจัดงานนี้ขึ้นมานะคะ
23-23879-11.wav	ที่นี่เลยค่ะโรงเรียนกาสรกสิวิทย์อำเภอเมืองจังหวัดสระแก้วนะคะ
23-23878-1.wav	ในที่สุดวันนี้ก็เดินทางเข้าพบพันตำรวจเอกศิริวัฒน์ดีพอ
23-23878-0.wav	บลูจิรารัตน์นะคะก็เดินทางไปพบปอท.หลังจากที่เบี้ยวนัดมาแล้ว2ครั้งค่ะ
23-23876-89.wav	ตอนนั้นเขาไม่รู้ตัวด้วยนายสหผลเนี่ยยืนยันว่าไม่ได้ตั้งใจ
23-23876-82.wav	ไปทำแผนสามจุดด้วยกันจุดแรกเนี่ยเป็นหน้าบ้านของนายนรินทรผู้ตาย
23-23876-58.wav	หอพักของนายสหผลคนก่อเหตุด้วย
23-23876-50.wav	นายสหผลวิ่งกลับไปที่ห้องตัวเองที่หอพักนะครับ
23-23876-49.wav	แล้วก็กลายเป็นว่ามีปากเสียงทะเลาะกับนายสหผลอย่างรุนแรง
23-23876-47.wav	จนกระทั่งนายนรินทรที่เป็นพี่ชายของแฟนของนายสหผลเนี่ย
23-23876-40.wav	เนื่องจากนายสหผลเนี่ยระแวงว่าแฟนสาวจะไปมีคนอื่นนะ
23-23876-38.wav	ก่อนเกิดเหตุเมื่อคืนนี้นายสหผลเดินจากหอพักของตัวเองข้ามถนนมาหาแฟนสาวที่บ้าน
23-23876-37.wav	ญาติของนายนรินทรผู้เสียชีวิตเนี่ยบอกว่านายนรินทรเป็นพี่ชายของแฟนสาวของนายสหผลคนก่อเหตุ
23-23876-30.wav	หลังจากก่อเหตุนายสหผลแทงเขาแล้วเนี่ยนะฮะกลับมาที่ห้องพักของตัวเองนะครับ
23-23876-26.wav	คือคนนี้นะครับนายสหผลสืบม่วงไทยอายุ26ปี
23-23876-24.wav	คือคนที่อยู่ในเหตุการณ์บอกว่าคือนายสหผลสืบม่วงไทยอายุ26ปี
23-23876-21.wav	นายนรินทรแดงจีนนะครับอายุ34ปีมีมีดทำครัวยาว30เซนติเมตร
23-23876-169.wav	นายสหผลถูกแจ้งข้อหาฆ่าผู้อื่นโดยเจตนานะครับ
23-23876-156.wav	กับฝั่งของนายสหผลคนก่อเหตุ
23-23876-14.wav	ชื่อนายนรินทรแดงจีนอายุ34ปี
23-23876-127.wav	กลายเป็นว่านายสหผลไม่เข้าใจหาว่าเธอเปลี่ยนไป
23-23873-34.wav	ส่วนฝั่งร้านดอกไม้ฝั่งนายธนาวุฒิเนี่ย
23-23872-49.wav	ก็คือนายคมวัชรแซ่ฟูอายุ55ปี
23-23872-13.wav	บริเวณโรงสีคชเดชอ่าขออภัยโรงสีคงเดชตำบลท่าพุทราอำเภอคลองขลุงจังหวัดกำแพงเพชร
23-23868-5.wav	ชื่อว่านายบุญหลายบัวพันธ์อายุยี่สิบเจ็ดปีควบคุมตัวได้ที่จังหวัดสระแก้ว
23-23868-29.wav	พี่สาวนายบุญหลายยอมรับว่าน้องชายเป็นผู้ก่อเหตุลักพาตัวนางสาวข่ายไปจากห้องพักจริง
23-23867-3.wav	พูดถึงจริงๆแล้วที่ศรีสะเกษมีที่ท่องเที่ยวเยอะ
23-23864-25.wav	ทางด้านของเพื่อนคนตายค่ะนายคำนึงศรีแสวงอายุ54ปี
23-23864-15.wav	พยายามหาร่างของนายอุทิศอุตส่าห์อายุ46ปี
23-23863-7.wav	นี่ฮะนายเอกภพเหลืองประเสริฐผู้ก่อตั้งเพจสายไหมต้องรอดนะฮะ
23-23862-9.wav	นี่คือผู้เสียหายนะนางสาวพรพิมลอายุ25ปี
23-23862-17.wav	ทำพิธีเรียกขวัญให้กับนางสาวพรพิมลเพราะเธอเสียขวัญเป็นอย่างมาก
23-23862-14.wav	ก่อนที่จะหนีออกมาได้อะแล้วก็ทางครอบครัวของนางสาวพรพิมลผู้เสียหาย
23-23856-16.wav	ของนายศักดิ์ตะวันสันเกาะอายุ48ปีที่บริเวณหน้าบ้านแล้วก็ด้านข้าง
23-23856-11.wav	ซึ่งเป็นบ้านของนายศุภชัยรังสรรค์อายุ31ปีเป็นลูกชายของนายอดิศักดิ์
23-23855-27.wav	คือมีคนที่กักตัวตรงเนี้ยค่ะชื่อว่านายบุญลวัฒน์กรุณา
23-23849-29.wav	แต่ว่านายสุพจน์ผู้ต้องหาเขาอ้างแบบนี้ฝ่ายหญิงยินยอมอ้ออ้างว่าผู้หญิงยินยอม
23-23849-23.wav	นายสุพจน์ขับรถตามเลยทีนี้ขับตามปุ๊บจอดรถฉุดผู้เสียหายขึ้นรถเลยค่ะ
23-23849-22.wav	เธอก็เดินหางานทำอยู่ก็เจอนายสุพจน์อีกรอบหนึ่งอืม
23-23849-20.wav	เธอก็รู้ทางแล้วนายสุพจน์ก็ให้ข้อมูลนะตอนแรกเธอก็เดินไปหางานทำ
23-23848-15.wav	ไปพบกับนางโฮมบรมประเทศยายของผู้เสียชีวิต
23-23848-11.wav	งานสวดพระอภิธรรมศพของนายเผด็จบรมประเทศ
23-23847-41.wav	ซึ่งนายจรัญคนนี้ก็ถูกดำเนินคดีนะคะ
23-23847-29.wav	แต่นายจรัญก็ดิ้นรนขัดขืนไม่ให้ความร่วมมือสุดท้ายก็ต้องใช้ยุทธวิธีล็อกคอแบบนี้
23-23847-24.wav	นายจรัญก็ไม่พูดคุยอะไรทั้งนั้นน่ะค่ะ
23-23847-18.wav	แต่ผู้ชายรู้ชื่อภายหลังก็คือนายจรัญการประไพคนเนี้ย
23-23846-56.wav	ส่วนศพของนายบุรินทร์หลังจากนี้จะต้องส่งศพไปชันสูตร
23-23844-22.wav	แล้วก็ผู้บาดเจ็บอีก1รายก็คือนายธีรภัทรขาวเรืองอายุ22ปี
23-23844-21.wav	ผู้เสียชีวิตก็คือนายณัฐวุฒิมุดทรัพย์อายุ20ปีนะครับ
23-23841-682.wav	ตอนนี้หุ่นเซี้ยะมากในวัย57ของนาง
23-23841-463.wav	ใช่ภายหลังนายเหอผู้เป็นสามีก็ปรากฏตัวออกมา
23-23841-266.wav	สงสารนะเออนายสงกราคำแสงอายุ24ปีนะคะ
23-23839-32.wav	แล้วเป็นจังหวะที่ตำรวจนายนึงเสียหลักล้มอืมอ่าวโกก็วิ่งมาฟันเข้าที่แขนซ้ายนะคะ
23-23836-18.wav	ซึ่งล่าสุดผู้ชายคนนี้เดินทางเข้าพบพันตำรวจเอกพิจิตรอังศุภานิช
23-23830-6.wav	กรณีของนายเลิศเกี๋ยงเหมยอายุ66ปีชาวบ้านหมู่1ตำบลน้ำแพร่
23-23828-5.wav	เขาชื่อว่านายแมนนะครับนะวิฑูรย์แสนวังอายุ23ปีแมนเนี่ยนอนสลบอยู่
23-23828-29.wav	ผู้ช่วยผู้ใหญ่บ้านทำพิธีนะนะฮะแล้วก็เดินทางไปทีมข่าวแล้วก็ตามไป
23-23825-2.wav	จังหวัดอยู่นะคะซึ่งพี่บิณฑ์เองเนี่ยย้ำว่าอย่าประมาทกับสถานการณ์น้ำท่วมนะ
23-23841-174.wav	แล้วก็ร่วมกันจับกุมตัวผู้ต้องหาคือนายศาสตร์ธดาบัวทอง
23-23834-4.wav	ก็มาพบกับนางสาวเอมอรจรัสพันธ์อายุ60ปี
23-23824-9.wav	นายชยุตก็ทำร้ายร่างกายนางสมพร
23-23824-7.wav	คาดว่านายชยุตเนี่ยมาติดพันนางสมพรอยู่
23-23824-6.wav	อยู่ดีๆเนี่ยนายชยุตเดินทางมาเหมือนกับจะมาคุยมาเคลียร์ปัญหา
23-23824-65.wav	นายสรศักดิ์พยายามเข้าไปช่วยโดนยิงล้มลงอีกแล้วก็เสียชีวิตนายชยุตก็เลยเข้าไปกอดศพนายสรศักดิ์แล้วก็ตัดสินใจใช้ปืนกระบอกเดียวกันยิงตัวตายหนีความผิด
23-23824-64.wav	ตามมาที่ร้านแล้วก็เห็นนายชยุตกำลังล็อกคอนางสมพรอยู่ก็ได้แต่บอกขอให้คุยกันดีๆแต่สุดท้ายนายชยุตก็ใช้ปืนยิงเข้าที่ศีรษะนางสมพรจนนางสมพรล้มลงเสียชีวิต
23-23824-63.wav	ระหว่างนายชยุตกับนางสมพรเพราะว่าคนที่มาเห็นอีกทีนึงก็คือนายสรศักดิ์เนี่ย
23-23824-61.wav	ก่อนเกิดเหตุนายชยุตอยู่กับครอบครัวนะครับแล้วก็ขับรถออกจากบ้านมาคาดว่าน่าจะตามนางสมพรมาที่ร้าน
23-23824-47.wav	นายชยุตใช้ปืนยิงเลยยิงนางสมพรก่อน
23-23824-43.wav	นายชยุตก็เลยทำร้ายร่างกายนางสมพร
23-23824-40.wav	คาดว่านายชยุตเนี่ยเป็นผู้ชายที่มาติดพันนางสมพรอยู่
23-23824-39.wav	แล้วก็ไปเจอกับนายชยุตมือปืนคนที่ก่อเหตุ
23-23824-30.wav	แล้วก็ทับร่างของนายสรศักดิ์สุคันธพงศ์อายุ41ปี
23-23824-26.wav	ผู้เสียชีวิตทั้ง3รายก็คือคนแรกนายชยุต
23-23823-33.wav	แล้วก็ไปรับแม่ของนายไบรอันเนี่ยมาจากเกาหลี
23-23823-32.wav	เป็นบ้านที่นายไบรอันลีเนี่ยมาเช่าอยู่กับฝ่ายหญิง
23-23823-21.wav	ก็เขียนด้วยลายมือของนางสาวซองฮีปาร์ค
23-23823-17.wav	นายไบรอันเนี่ยสัญชาติเขาได้รับสัญชาตินิวซีแลนด์นะอื้อ
23-23823-16.wav	แล้วก็เจอลูกของผู้ตายคือนายไบรอันลี
23-23823-11.wav	พอไปถึงแล้วเนี่ยก็พบศพนางจุงจาอัน
23-23820-9.wav	ส่วนอีกคนนึงก็คือนายอนันตศักดิ์ไมตรี
23-23819-18.wav	พบศพนายอุดมโพธิ์ศรีอายุ29ปี
23-23819-16.wav	มีนายหมุนโพธิ์ศรีเป็นเจ้าของ
23-23808-15.wav	ลงมาดูคนเจ็บครับคือคาดว่านายทินกรกลัวว่าโดน
23-23808-11.wav	ชื่อว่านางซินมาวินก็ยืนโบก
23-23806-25.wav	ก็ไม่พอใจที่นายจิรวัฒน์ลาออกจากร้านของเขา
23-23805-70.wav	อำเภอสุไหงโก-ลกจังหวัดนราธิวาสไปลบหลู่ศาลเจ้าที่
23-23805-60.wav	มาช่วยนำตัวนายธนายุทธเนี่ยนะคะไปส่งที่วัดเทพประสาทเตาถ่าน
23-23805-44.wav	ผีเดชมีการขีดเส้นตายมีการให้เดดไลน์นายธนายุทธ
23-23805-47.wav	จะทำให้นายธนายุทธเนี่ยเป็นบ้าแล้วจะเอาชีวิตคนในครอบครัวทุกคนที่นายธนายุทธรู้จักอืมอ่า
23-23805-40.wav	ที่นายธนายุทธเนี่ยเอาไปเอามาคืนด้วย
23-23805-37.wav	ก็เลยมาสิงร่างและสั่งให้นายธยาอ่าธนายุทธเนี่ยนะคะ
23-23805-35.wav	ตามเอาชีวิตนายธนายุทธมานานแล้วอ๋อ
23-23805-33.wav	นายยุทธนาขออภัยนายธนายุทธไปลบหลู่
23-23803-59.wav	พนักงานสอบสวนเจ้าของคดีนะครับที่สน.โคกครามยืนยันว่าตอนนี้กำลังรอผลจากแพทย์ที่ตรวจอาการบาดเจ็บของนายอรชุน
23-23801-7.wav	วันนี้ร่วมกันแถลงข่าวการจับกุมนายรีวีปะกาเซ็งอายุ29ปี
23-23801-26.wav	กินข้าวกันหลังจากนั้นใช้ท่อนเหล็กตีศีรษะนายมาแฮแซงจนเสียชีวิตค่ะครับ
23-23801-20.wav	ตำรวจก็เลยได้เบิกตัวนายรีวีปะกาเซ็งมาเพื่อสอบถามนะฮะ
23-23801-18.wav	ทราบว่าช่วงเวลานั้นเนี่ยมีการนัดพบกับนายรีวีปะกาเซ็ง
23-23801-13.wav	ก็คือนายรีวีปะกาเซ็งซึ่งตอนนั้นเขายังไม่รู้ว่าครับเป็นคนฆ่าพี่ชายเขา
23-23800-197.wav	นางนฤมลภิญโญสินวัฒน์รัฐมนตรีช่วยว่าการกระทรวงแรงงานฮะ
23-23799-17.wav	ขบวนบนรถไฟไปประมาณสองกิโลเมตรแล้วนะฮะนายซูรียาตเนี่ยเจ็บตรงไหนบ้างอ่ะ
23-23799-15.wav	ก็ไปพบนายซูรียาตเนี่ยนะครับคลานไปขอความช่วยเหลือจากชาวบ้าน
23-23796-53.wav	นายแพทย์วชิระท่านนายแพทย์สาธารณสุขจังหวัดชัยภูมินะคะ
23-23796-20.wav	ดำเนินคดีกับนายไกรสรกองฉลาดผู้ว่าราชการจังหวัดชัยภูมิฮ่ะครับ
23-23796-17.wav	นายทวีหนันลาหรือพระบิดาที่เชื่อว่าทุกคนจำได้นะคะ
23-23794-5.wav	นายอภิศักดิ์ตันติวรวงศ์รัฐมนตรีว่าการกระทรวงการคลังนะฮะ
23-23791-42.wav	ในเขตรักษาพันธุ์สัตว์ป่าทุ่งใหญ่นเรศวรอำเภอสังขละบุรีจังหวัดกาญจนบุรี
23-23790-2.wav	รุกเขตป่าสงวนนะคะนายวิทยาณวิพันธ์ค่ะ
23-23787-4.wav	ติดตามสถานการณ์ล่าสุดที่จังหวัดพิจิตรนะคะจากคุณสุภานีโฆษภัณฑ์สมโพธิ
23-23787-35.wav	ทางชลประทานได้เฝ้าระวังลุ่มน้ำยมที่รับน้ำจากจังหวัดสุโขทัยพิษณุโลก
23-23787-34.wav	ขณะที่นายสมยศแสงมณีผู้อำนวยการโครงการชลประทานจังหวัดพิจิตรกล่าวว่า
23-23787-19.wav	ด้านนางฉัตรพรราษฎร์ดุษดีผู้ว่าราชการจังหวัดพิจิตรก็กล่าวว่า
23-23783-16.wav	แต่พสกนิกรชาวไทยจากทั่วทุกสารทิศก็ยังคงทยอยเดินทางมาปักหลักที่บริเวณหน้าพระลาน
23-23783-11.wav	แต่พสกนิกรชาวไทยจากทั่วทุกสารทิศก็ทยอยเดินทางมาจับจองบางพื้นที่บริเวณโดยรอบ
23-23781-5.wav	ภายในแปลงนาข้าวบ้านหลักหินตำบลบักดองอำเภอขุนหาญจังหวัดศรีสะเกษ
23-23780-11.wav	นางสาวมาลีกัณฑ์โยท่านเป็นผู้ช่วยผู้ใหญ่บ้าน
23-23779-162.wav	ภายหลังเข้าพบกับนายอาคมเติมพิทยาไพสิฐรัฐมนตรีว่าการกระทรวงคมนาคมบอกว่า
23-23774-30.wav	ก็คือนายณัฐวุฒิหรือว่านายบอลแล้วก็นายอ้ำนะฮะ
23-23773-468.wav	พร้อมเขียนระบุว่าด้วยความปรารถนาดีเห็นซัวท่องเที่ยวรอบโลกอย่างมีความสุข
23-23773-366.wav	ของนายชัยวัฒน์ในช่วงที่คบหากัน
23-23773-289.wav	ซึ่งนายชัยวัฒน์ขจรบุญถาวรหรือว่าเบนซ์เดม่อน
23-23768-7.wav	นายเทอดพงษ์พิมพ์เกตุหรือว่านายหนึ่ง
23-23768-34.wav	แต่ว่านายเทอดพงษ์ลูกชายเนี่ยมาช่วยเธอนะคะ
23-23768-20.wav	เขาก็แจ้งเทศบาลกับเจ้าหน้าที่สำนักงานปศุสัตว์จังหวัด
23-23767-3.wav	ที่วัดสว่างอารมณ์แคแถวตำบลขุนแก้วอำเภอนครชัยศรีจังหวัดนครปฐม
23-23766-24.wav	นะคะแล้วก็นางร้ายสุดเซ็กซี่เมย์พิชญ์นาฏ
23-23766-18.wav	น้องมะนาวศรศิลป์นางร้ายนางเอกสลับเรื่องกันไป
23-23765-0.wav	มีชาวบ้านนะคะไปพบศพชายรักชายอายุ50ปีเป็นช่างเสริมสวยที่ตำบลหนองชากอำเภอบ้านบึงจังหวัดชลบุรี
23-23750-28.wav	นายสุรชัยร่มศรีแล้วก็นางสาว
23-23750-14.wav	นายไทยจิตมหาผู้เห็นเหตุการณ์เล่าให้ฟังนะครับว่ารถเก๋ง
23-23749-5.wav	หลุยส์โมเรฮอนผู้จัดการบริษัทท่องเที่ยวบอกว่า
23-23749-3.wav	ในช่วงที่ผ่านมานะครับมีนักท่องเที่ยวจำนวนมากเข้ามาเที่ยวยังประเทศคิวบาส่วนใหญ่ก็จะมาจากยุโรปแต่หลังจากที่สหรัฐอเมริกาเริ่มผ่อนปรนกฎระเบียบในการเดินทางเข้ามาก็คาดว่านักท่องเที่ยวจากอเมริกาจะไหลทะลักเข้ามาเป็นจำนวนมาก
23-23749-2.wav	อาคารสีโอรสที่อยู่ข้างหลังของผมนั้นก็ถือว่าเป็นจุดหนึ่งที่นักท่องเที่ยวให้ความสำคัญเพราะว่าเออร์เนสต์เฮมิงเวย์ซึ่งเป็นนักเขียนชื่อดังก็มักจะมาพักที่โรงแรมแห่งนี้เวลาที่มาเยือนกรุงฮาวานา
23-23749-27.wav	แต่ถ้าไปเหมือนกับคีย์เวสต์ก็จะเหมือนกับที่ท่องเที่ยวอื่นๆไม่มีเสน่ห์
23-23747-60.wav	นักข่าวก็ไปถามทางด้านผู้อำนวยการกองสวัสดิการสังคมอบต.เจริญสุขจังหวัดบุรีรัมย์
23-23747-25.wav	เป็นทหารสังกัดมทบ.21จังหวัดนครราชสีมา
23-23745-11.wav	เป็นงานเผาศพร่างอันไร้วิญญาณของนางสาวสุพัตราคำปัจฉิมอายุ20ปี
23-23745-113.wav	วันนี้ฮะเดินทางมาร่วมงานฌาปนกิจด้วยนะครับ
23-23743-7.wav	แล้วก็นายอนุชานาคาศัยรัฐมนตรีประจำสำนักนายกรัฐมนตรี
23-23743-5.wav	นายดอนปรมัตถ์วินัยรองนายกรัฐมนตรี
23-23743-55.wav	คือตอนนี้นะฮะทางรองนายกวิษณุ
23-23743-43.wav	พร้อมทั้งจะพิจารณาบุคคลที่จะได้รับการแต่งตั้งให้เป็นโฆษกประจำสำนักนายกรัฐมนตรีคนใหม่ด้วยนะครับ
23-23743-3.wav	นายสุพัฒนพงษ์พันธ์มีเชาว์รองนายกรัฐมนตรี
23-23743-35.wav	ก็คือนายอนุชานาคาศัยรัฐมนตรีประจำสำนักนายกรัฐมนตรีนะครับ
23-23741-8.wav	เหตุการณ์นี้เกิดขึ้นเมื่อ19เมษายนนะครับมีนางสาวอภิสมัยแสงจันทร์เป็นผู้เสียหาย
23-23738-131.wav	ประเทศไทยมันไม่ควรจะเดินทางมาถึงจุดนี้ยากดีมีจนอย่างไง
23-23735-5.wav	คุณผู้ชมถูกทิ้งเกลื่อนเลยนะคะในพื้นที่รอยต่อ2จังหวัด
23-23734-85.wav	ที่แปลงผักในตำบลบ้านม่วงแปลงนี้นั่นเองล่ะครับและตอนนี้ทั้งสองทีมก็เดินทางมาถึงจุดหมายกันด้วยรถปิ๊กอัพอีซูซุ
23-23732-30.wav	จุดชมวิวผามออีแดงอุทยานแห่งชาติเขาพระวิหารอำเภอกันทรลักษ์จังหวัดศรีสะเกษ
23-23726-10.wav	ในพื้นที่ตำบลท่าราดอำเภอวารินชำราบจังหวัดอุบลราชธานีครับ
23-23722-53.wav	คนอะไรก็ไม่รู้เดินทางลัดได้ตลอด
23-23712-39.wav	เริ่มเอะใจเริ่มสงสัยถามที่วัดถามที่โรงพยาบาลจังหวัดพระนคร
23-23712-21.wav	หนุ่มเนี่ยไปมีครอบครัวอยู่จังหวัดพระนครศรีอยุธยา
23-23711-30.wav	อำเภอปราณบุรีจังหวัดประจวบคีรีขันธ์
23-23709-70.wav	ในการนี้จังหวัดภูเก็ตได้มีหนังสือแจ้งให้อำเภอถลาง
23-23700-39.wav	เกิดที่ชุมชนวัดโสมนัสตำบลคลอง3อำเภอคลองหลวงจังหวัดปทุมธานี
23-23695-41.wav	ค่ายอิงคยุทธบริหารที่จังหวัดปัตตานี
23-23695-12.wav	ชุดรักษาความปลอดภัยหมู่บ้านหรือว่าชรบ.ตำบลลำพญาที่จังหวัดยะลานะคะ
23-23670-32.wav	แล้วพี่ตูนเดินทางไปรับรางวัลเองที่เห็นนะครับ
23-23670-30.wav	แล้วก็นายอาทิวราห์คงมาลัยนะครับหรือว่าพี่ตูนบอดี้แลม
23-23665-1.wav	ค่ะที่จังหวัดพะเยานัดเจอกันฮะที่ศาลาประชาคมราชการ
23-23655-26.wav	ก่อนจะเดินทางไปที่กาตาร์ต้าคืนวันที่3มกราคม
23-23653-113.wav	สดชื่นสบายๆไปเขาใหญ่เลยที่โคราชจังหวัดนครราชสีมา
23-23647-34.wav	ทางฝ่ายวินรถจักรยานยนต์นายวิมลคนเนี้ย
23-23643-1.wav	ถูกกลุ่มวัยรุ่นเนี่ยรุมทำร้ายร่างกายจนเสียชีวิตคาสนามหญ้าของโรงเรียนแห่งหนึ่งในพื้นที่จังหวัดขอนแก่นนะคะ
23-23642-19.wav	ขบวนรถนายวิเชียรจันทรโณทัย
23-23641-57.wav	ล่าสุดช่วงบ่ายที่ผ่านมามีตัวแทนจากร้านทองเดินทางมาพบกับเจ้าหน้าที่ตำรวจสน.ราษฎร์บูรณะ
23-23640-14.wav	ในอำเภอขาณุวรลักษบุรีที่จังหวัดกำแพงเพชร
23-23642-13.wav	เหตุการณ์นะเกิดขึ้นขณะที่นาย
23-23633-44.wav	หลายๆจังหวัดมารวมอยู่ที่จังหวัดเชียงใหม่
23-23627-8.wav	อำเภอบางไทรจังหวัดพระนครศรีอยุธยาไม่ได้มามือเปล่า
23-23629-2.wav	ที่วัดทับกระดานจังหวัดสุพรรณบุรีก็จัดงานอย่างยิ่งใหญ่เพื่อรำลึกถึงการจากไปในครั้งนี้นะคะ
23-23627-7.wav	เป็นสามีภรรยากันนะคะเดินทางมาที่อาศรมฤาษีเณรธาตุพุทธคุณ
23-23627-14.wav	เพราะว่าก่อนหน้านี้นะได้เดินทางมากราบไหว้กุมารเจ้าสัวเฮงและองค์พ่อปู่ฤาษีพรหมเมศ
23-23624-6.wav	แต่สุดท้ายนางก็ยอมวิ่งปิดจ๊อปได้อย่างสวยงามกับการเซอร์ไพรส์พี่ตูนที่เส้นชัย